# lat,lng,id,name,building_type,type,url,page_type
# sconosciuta -- bars_cafes
43.882801,11.180311,osm_la_chiusa_43.8828_11.1803,La Chiusa,bar_cafe,bar_cafe,https://raw.githubusercontent.com/pasqualelembo78/huntix-poi/main/italia/toscana/sconosciuta/pages/la_chiusa_43.8828_11.1803.json,custom
43.701955,10.498165,osm_circolo_arci_di_zambra_43.7020_10.4982,Circolo ARCI di Zambra,bar_cafe,bar_cafe,https://raw.githubusercontent.com/pasqualelembo78/huntix-poi/main/italia/toscana/sconosciuta/pages/circolo_arci_di_zambra_43.7020_10.4982.json,custom
43.724452,10.463872,osm_bar_pasticceria_zaccagnini_43.7245_10.4639,Bar Pasticceria Zaccagnini,bar_cafe,bar_cafe,https://raw.githubusercontent.com/pasqualelembo78/huntix-poi/main/italia/toscana/sconosciuta/pages/bar_pasticceria_zaccagnini_43.7245_10.4639.json,custom
42.255905,12.184579,osm_lupin_42.2559_12.1846,Lupin,bar_cafe,bar_cafe,https://raw.githubusercontent.com/pasqualelembo78/huntix-poi/main/italia/toscana/sconosciuta/pages/lupin_42.2559_12.1846.json,custom
43.696478,10.516881,osm_circolo_arci_uliveto_43.6965_10.5169,Circolo Arci Uliveto,bar_cafe,bar_cafe,https://raw.githubusercontent.com/pasqualelembo78/huntix-poi/main/italia/toscana/sconosciuta/pages/circolo_arci_uliveto_43.6965_10.5169.json,custom
43.693105,10.505257,osm_circolo_arci_laiano_43.6931_10.5053,Circolo ARCI Laiano,bar_cafe,bar_cafe,https://raw.githubusercontent.com/pasqualelembo78/huntix-poi/main/italia/toscana/sconosciuta/pages/circolo_arci_laiano_43.6931_10.5053.json,custom
43.072464,12.342657,osm_bar_da_pippo_43.0725_12.3427,Bar da Pippo,bar_cafe,bar_cafe,https://raw.githubusercontent.com/pasqualelembo78/huntix-poi/main/italia/toscana/sconosciuta/pages/bar_da_pippo_43.0725_12.3427.json,custom
43.710676,10.434151,osm_circolo_arci_pisanova_43.7107_10.4342,Circolo ARCI Pisanova,bar_cafe,bar_cafe,https://raw.githubusercontent.com/pasqualelembo78/huntix-poi/main/italia/toscana/sconosciuta/pages/circolo_arci_pisanova_43.7107_10.4342.json,custom
42.302607,12.200126,osm_caff__bar_42.3026_12.2001,Caffè Bar,bar_cafe,bar_cafe,https://raw.githubusercontent.com/pasqualelembo78/huntix-poi/main/italia/toscana/sconosciuta/pages/caff_bar_42.3026_12.2001.json,custom
43.771419,11.261814,osm_i_dolci_di_patrizio_cosi_43.7714_11.2618,I Dolci di Patrizio Cosi,bar_cafe,bar_cafe,https://raw.githubusercontent.com/pasqualelembo78/huntix-poi/main/italia/toscana/sconosciuta/pages/i_dolci_di_patrizio_cosi_43.7714_11.2618.json,custom
43.216282,11.744721,osm_bar_la_stazione_43.2163_11.7447,Bar La Stazione,bar_cafe,bar_cafe,https://raw.githubusercontent.com/pasqualelembo78/huntix-poi/main/italia/toscana/sconosciuta/pages/bar_la_stazione_43.2163_11.7447.json,custom
43.214882,11.744264,osm_sugar_caf__43.2149_11.7443,Sugar Café,bar_cafe,bar_cafe,https://raw.githubusercontent.com/pasqualelembo78/huntix-poi/main/italia/toscana/sconosciuta/pages/sugar_caf_43.2149_11.7443.json,custom
43.214619,11.741803,osm_barrique_43.2146_11.7418,Barrique,bar_cafe,bar_cafe,https://raw.githubusercontent.com/pasqualelembo78/huntix-poi/main/italia/toscana/sconosciuta/pages/barrique_43.2146_11.7418.json,custom
43.217644,11.747354,osm_bar_pasticceria_divina_commedia_43.2176_11.7474,Bar Pasticceria Divina Commedia,bar_cafe,bar_cafe,https://raw.githubusercontent.com/pasqualelembo78/huntix-poi/main/italia/toscana/sconosciuta/pages/bar_pasticceria_divina_commedia_43.2176_11.7474.json,custom
43.223978,11.741159,osm_happy_days_43.2240_11.7412,Happy Days,bar_cafe,bar_cafe,https://raw.githubusercontent.com/pasqualelembo78/huntix-poi/main/italia/toscana/sconosciuta/pages/happy_days_43.2240_11.7412.json,custom
43.701227,10.406556,osm_bar_sport_caff__43.7012_10.4066,Bar Sport Caffè,bar_cafe,bar_cafe,https://raw.githubusercontent.com/pasqualelembo78/huntix-poi/main/italia/toscana/sconosciuta/pages/bar_sport_caff_43.7012_10.4066.json,custom
43.676057,10.529720,osm_circolo_arci_43.6761_10.5297,Circolo Arci,bar_cafe,bar_cafe,https://raw.githubusercontent.com/pasqualelembo78/huntix-poi/main/italia/toscana/sconosciuta/pages/circolo_arci_43.6761_10.5297.json,custom
43.663922,10.634519,osm_caff__ferretti_dal_1929_43.6639_10.6345,Caffè Ferretti dal 1929,bar_cafe,bar_cafe,https://raw.githubusercontent.com/pasqualelembo78/huntix-poi/main/italia/toscana/sconosciuta/pages/caff_ferretti_dal_1929_43.6639_10.6345.json,custom
43.662490,10.634601,osm_il_barrino_43.6625_10.6346,Il Barrino,bar_cafe,bar_cafe,https://raw.githubusercontent.com/pasqualelembo78/huntix-poi/main/italia/toscana/sconosciuta/pages/il_barrino_43.6625_10.6346.json,custom
43.663712,10.634695,osm_bar_l_angolo_43.6637_10.6347,Bar L'angolo,bar_cafe,bar_cafe,https://raw.githubusercontent.com/pasqualelembo78/huntix-poi/main/italia/toscana/sconosciuta/pages/bar_langolo_43.6637_10.6347.json,custom
43.867450,10.252937,osm_san_francesco_131_43.8674_10.2529,San Francesco 131,bar_cafe,bar_cafe,https://raw.githubusercontent.com/pasqualelembo78/huntix-poi/main/italia/toscana/sconosciuta/pages/san_francesco_131_43.8674_10.2529.json,custom
43.123416,12.202552,osm_gina_43.1234_12.2026,Gina,bar_cafe,bar_cafe,https://raw.githubusercontent.com/pasqualelembo78/huntix-poi/main/italia/toscana/sconosciuta/pages/gina_43.1234_12.2026.json,custom
43.211194,11.737162,osm_bar_del_cassero_43.2112_11.7372,Bar del Cassero,bar_cafe,bar_cafe,https://raw.githubusercontent.com/pasqualelembo78/huntix-poi/main/italia/toscana/sconosciuta/pages/bar_del_cassero_43.2112_11.7372.json,custom
43.211975,11.736211,osm_bar_l_angolo_43.2120_11.7362,Bar l'Angolo,bar_cafe,bar_cafe,https://raw.githubusercontent.com/pasqualelembo78/huntix-poi/main/italia/toscana/sconosciuta/pages/bar_langolo_43.2120_11.7362.json,custom
43.719971,10.885118,osm_bar_il_ponte_43.7200_10.8851,Bar Il Ponte,bar_cafe,bar_cafe,https://raw.githubusercontent.com/pasqualelembo78/huntix-poi/main/italia/toscana/sconosciuta/pages/bar_il_ponte_43.7200_10.8851.json,custom
43.716918,10.401970,osm_cecco_rivolta_wine_bar_43.7169_10.4020,Cecco Rivolta wine bar,bar_cafe,bar_cafe,https://raw.githubusercontent.com/pasqualelembo78/huntix-poi/main/italia/toscana/sconosciuta/pages/cecco_rivolta_wine_bar_43.7169_10.4020.json,custom
42.790134,10.822959,osm_bar_pizzeria_la_corte_42.7901_10.8230,Bar Pizzeria La Corte,bar_cafe,bar_cafe,https://raw.githubusercontent.com/pasqualelembo78/huntix-poi/main/italia/toscana/sconosciuta/pages/bar_pizzeria_la_corte_42.7901_10.8230.json,custom
43.719570,10.928844,osm_a_r_c_i__santa_maria_43.7196_10.9288,A.R.C.I. Santa Maria,bar_cafe,bar_cafe,https://raw.githubusercontent.com/pasqualelembo78/huntix-poi/main/italia/toscana/sconosciuta/pages/arci_santa_maria_43.7196_10.9288.json,custom
43.627313,10.294747,osm_pasticceria_gagliardo_43.6273_10.2947,Pasticceria Gagliardo,bar_cafe,bar_cafe,https://raw.githubusercontent.com/pasqualelembo78/huntix-poi/main/italia/toscana/sconosciuta/pages/pasticceria_gagliardo_43.6273_10.2947.json,custom
43.663996,10.663391,osm_caff__la_fornace_43.6640_10.6634,Caffè la fornace,bar_cafe,bar_cafe,https://raw.githubusercontent.com/pasqualelembo78/huntix-poi/main/italia/toscana/sconosciuta/pages/caff_la_fornace_43.6640_10.6634.json,custom
43.506759,10.322090,osm_glamour_43.5068_10.3221,Glamour,bar_cafe,bar_cafe,https://raw.githubusercontent.com/pasqualelembo78/huntix-poi/main/italia/toscana/sconosciuta/pages/glamour_43.5068_10.3221.json,custom
42.909505,12.337386,osm_bar_centrale_42.9095_12.3374,Bar Centrale,bar_cafe,bar_cafe,https://raw.githubusercontent.com/pasqualelembo78/huntix-poi/main/italia/toscana/sconosciuta/pages/bar_centrale_42.9095_12.3374.json,custom
43.620796,10.630396,osm_pasticceria_roxy_bar_43.6208_10.6304,Pasticceria Roxy Bar,bar_cafe,bar_cafe,https://raw.githubusercontent.com/pasqualelembo78/huntix-poi/main/italia/toscana/sconosciuta/pages/pasticceria_roxy_bar_43.6208_10.6304.json,custom
43.107998,12.378373,osm_enibar_43.1080_12.3784,EniBar,bar_cafe,bar_cafe,https://raw.githubusercontent.com/pasqualelembo78/huntix-poi/main/italia/toscana/sconosciuta/pages/enibar_43.1080_12.3784.json,custom
43.554015,10.329953,osm_caff__carducci_43.5540_10.3300,Caffè Carducci,bar_cafe,bar_cafe,https://raw.githubusercontent.com/pasqualelembo78/huntix-poi/main/italia/toscana/sconosciuta/pages/caff_carducci_43.5540_10.3300.json,custom
43.550203,10.327844,osm_bar_papillon_43.5502_10.3278,Bar Papillon,bar_cafe,bar_cafe,https://raw.githubusercontent.com/pasqualelembo78/huntix-poi/main/italia/toscana/sconosciuta/pages/bar_papillon_43.5502_10.3278.json,custom
43.552591,10.317419,osm_caffetteria_43.5526_10.3174,Caffetteria,bar_cafe,bar_cafe,https://raw.githubusercontent.com/pasqualelembo78/huntix-poi/main/italia/toscana/sconosciuta/pages/caffetteria_43.5526_10.3174.json,custom
43.554365,10.308276,osm_caf__in_venezia_43.5544_10.3083,Cafè in Venezia,bar_cafe,bar_cafe,https://raw.githubusercontent.com/pasqualelembo78/huntix-poi/main/italia/toscana/sconosciuta/pages/caf_in_venezia_43.5544_10.3083.json,custom
43.514614,10.316604,osm_adone_43.5146_10.3166,Adone,bar_cafe,bar_cafe,https://raw.githubusercontent.com/pasqualelembo78/huntix-poi/main/italia/toscana/sconosciuta/pages/adone_43.5146_10.3166.json,custom
43.717099,10.401876,osm_the_lounge_cafe_43.7171_10.4019,The Lounge Cafe,bar_cafe,bar_cafe,https://raw.githubusercontent.com/pasqualelembo78/huntix-poi/main/italia/toscana/sconosciuta/pages/the_lounge_cafe_43.7171_10.4019.json,custom
42.805433,10.199245,osm_bar_la_perla_42.8054_10.1992,Bar La Perla,bar_cafe,bar_cafe,https://raw.githubusercontent.com/pasqualelembo78/huntix-poi/main/italia/toscana/sconosciuta/pages/bar_la_perla_42.8054_10.1992.json,custom
42.808329,10.194669,osm_gelateria_bar_la_torre_42.8083_10.1947,Gelateria Bar la Torre,bar_cafe,bar_cafe,https://raw.githubusercontent.com/pasqualelembo78/huntix-poi/main/italia/toscana/sconosciuta/pages/gelateria_bar_la_torre_42.8083_10.1947.json,custom
42.805939,10.197675,osm_il_grammofono_42.8059_10.1977,Il Grammofono,bar_cafe,bar_cafe,https://raw.githubusercontent.com/pasqualelembo78/huntix-poi/main/italia/toscana/sconosciuta/pages/il_grammofono_42.8059_10.1977.json,custom
42.424679,12.107692,osm_andrew_s_pub_42.4247_12.1077,Andrew's pub,bar_cafe,bar_cafe,https://raw.githubusercontent.com/pasqualelembo78/huntix-poi/main/italia/toscana/sconosciuta/pages/andrews_pub_42.4247_12.1077.json,custom
43.169094,10.564896,osm_pasticceria_vesuvio_43.1691_10.5649,Pasticceria Vesuvio,bar_cafe,bar_cafe,https://raw.githubusercontent.com/pasqualelembo78/huntix-poi/main/italia/toscana/sconosciuta/pages/pasticceria_vesuvio_43.1691_10.5649.json,custom
43.554419,10.327398,osm_ex_cinema_aurora_43.5544_10.3274,Ex cinema Aurora,bar_cafe,bar_cafe,https://raw.githubusercontent.com/pasqualelembo78/huntix-poi/main/italia/toscana/sconosciuta/pages/ex_cinema_aurora_43.5544_10.3274.json,custom
43.549605,10.306237,osm_il_punto_43.5496_10.3062,Il Punto,bar_cafe,bar_cafe,https://raw.githubusercontent.com/pasqualelembo78/huntix-poi/main/italia/toscana/sconosciuta/pages/il_punto_43.5496_10.3062.json,custom
43.552935,10.319082,osm_gambrinus_43.5529_10.3191,Gambrinus,bar_cafe,bar_cafe,https://raw.githubusercontent.com/pasqualelembo78/huntix-poi/main/italia/toscana/sconosciuta/pages/gambrinus_43.5529_10.3191.json,custom
43.778655,11.093723,osm_circolo_arci_stella_rossa_43.7787_11.0937,Circolo ARCI Stella Rossa,bar_cafe,bar_cafe,https://raw.githubusercontent.com/pasqualelembo78/huntix-poi/main/italia/toscana/sconosciuta/pages/circolo_arci_stella_rossa_43.7787_11.0937.json,custom
43.781103,11.096905,osm_circolo_la_loggia_43.7811_11.0969,Circolo La Loggia,bar_cafe,bar_cafe,https://raw.githubusercontent.com/pasqualelembo78/huntix-poi/main/italia/toscana/sconosciuta/pages/circolo_la_loggia_43.7811_11.0969.json,custom
43.896359,12.343458,osm_alchimia_43.8964_12.3435,Alchimia,bar_cafe,bar_cafe,https://raw.githubusercontent.com/pasqualelembo78/huntix-poi/main/italia/toscana/sconosciuta/pages/alchimia_43.8964_12.3435.json,custom
43.554315,10.314671,osm_rayanbar_caffetteria_43.5543_10.3147,Rayanbar caffetteria,bar_cafe,bar_cafe,https://raw.githubusercontent.com/pasqualelembo78/huntix-poi/main/italia/toscana/sconosciuta/pages/rayanbar_caffetteria_43.5543_10.3147.json,custom
43.551285,10.329433,osm_chicco_di_caff__43.5513_10.3294,Chicco di Caffè,bar_cafe,bar_cafe,https://raw.githubusercontent.com/pasqualelembo78/huntix-poi/main/italia/toscana/sconosciuta/pages/chicco_di_caff_43.5513_10.3294.json,custom
42.718689,12.114517,osm_caff__del_corso_42.7187_12.1145,Caffè del Corso,bar_cafe,bar_cafe,https://raw.githubusercontent.com/pasqualelembo78/huntix-poi/main/italia/toscana/sconosciuta/pages/caff_del_corso_42.7187_12.1145.json,custom
43.552853,10.914236,osm_baraione_43.5529_10.9142,Baraione,bar_cafe,bar_cafe,https://raw.githubusercontent.com/pasqualelembo78/huntix-poi/main/italia/toscana/sconosciuta/pages/baraione_43.5529_10.9142.json,custom
43.675661,10.551455,osm_pasticceria_salvioli_43.6757_10.5515,Pasticceria Salvioli,bar_cafe,bar_cafe,https://raw.githubusercontent.com/pasqualelembo78/huntix-poi/main/italia/toscana/sconosciuta/pages/pasticceria_salvioli_43.6757_10.5515.json,custom
43.676357,10.550764,osm_pasticceria_lemmi_43.6764_10.5508,Pasticceria Lemmi,bar_cafe,bar_cafe,https://raw.githubusercontent.com/pasqualelembo78/huntix-poi/main/italia/toscana/sconosciuta/pages/pasticceria_lemmi_43.6764_10.5508.json,custom
42.810341,10.363686,osm_villa_mare_42.8103_10.3637,Villa Mare,bar_cafe,bar_cafe,https://raw.githubusercontent.com/pasqualelembo78/huntix-poi/main/italia/toscana/sconosciuta/pages/villa_mare_42.8103_10.3637.json,custom
42.085234,12.218106,osm_caff__del_museo_42.0852_12.2181,Caffè del Museo,bar_cafe,bar_cafe,https://raw.githubusercontent.com/pasqualelembo78/huntix-poi/main/italia/toscana/sconosciuta/pages/caff_del_museo_42.0852_12.2181.json,custom
42.848197,12.476878,osm_bar_cappelli_42.8482_12.4769,Bar Cappelli,bar_cafe,bar_cafe,https://raw.githubusercontent.com/pasqualelembo78/huntix-poi/main/italia/toscana/sconosciuta/pages/bar_cappelli_42.8482_12.4769.json,custom
42.511375,11.774992,osm_eldorado_42.5114_11.7750,Eldorado,bar_cafe,bar_cafe,https://raw.githubusercontent.com/pasqualelembo78/huntix-poi/main/italia/toscana/sconosciuta/pages/eldorado_42.5114_11.7750.json,custom
42.509933,11.770572,osm_luisella_42.5099_11.7706,Luisella,bar_cafe,bar_cafe,https://raw.githubusercontent.com/pasqualelembo78/huntix-poi/main/italia/toscana/sconosciuta/pages/luisella_42.5099_11.7706.json,custom
43.546293,10.304602,osm_corner_43.5463_10.3046,Corner,bar_cafe,bar_cafe,https://raw.githubusercontent.com/pasqualelembo78/huntix-poi/main/italia/toscana/sconosciuta/pages/corner_43.5463_10.3046.json,custom
43.548410,10.327358,osm_vignale_43.5484_10.3274,Vignale,bar_cafe,bar_cafe,https://raw.githubusercontent.com/pasqualelembo78/huntix-poi/main/italia/toscana/sconosciuta/pages/vignale_43.5484_10.3274.json,custom
43.820298,11.141766,osm_pasticceria_ballerini_43.8203_11.1418,Pasticceria Ballerini,bar_cafe,bar_cafe,https://raw.githubusercontent.com/pasqualelembo78/huntix-poi/main/italia/toscana/sconosciuta/pages/pasticceria_ballerini_43.8203_11.1418.json,custom
43.820784,11.137716,osm_caff__dante_43.8208_11.1377,Caffé Dante,bar_cafe,bar_cafe,https://raw.githubusercontent.com/pasqualelembo78/huntix-poi/main/italia/toscana/sconosciuta/pages/caff_dante_43.8208_11.1377.json,custom
43.821752,11.135951,osm_pasticceria_il_biondino_43.8218_11.1360,Pasticceria il Biondino,bar_cafe,bar_cafe,https://raw.githubusercontent.com/pasqualelembo78/huntix-poi/main/italia/toscana/sconosciuta/pages/pasticceria_il_biondino_43.8218_11.1360.json,custom
43.820277,11.133472,osm_snack_bar_l_arcobaleno_43.8203_11.1335,Snack bar l'arcobaleno,bar_cafe,bar_cafe,https://raw.githubusercontent.com/pasqualelembo78/huntix-poi/main/italia/toscana/sconosciuta/pages/snack_bar_larcobaleno_43.8203_11.1335.json,custom
43.905872,10.229732,osm_pezzini_caf__43.9059_10.2297,Pezzini Café,bar_cafe,bar_cafe,https://raw.githubusercontent.com/pasqualelembo78/huntix-poi/main/italia/toscana/sconosciuta/pages/pezzini_caf_43.9059_10.2297.json,custom
43.939229,10.301354,osm_la_stella_43.9392_10.3014,La Stella,bar_cafe,bar_cafe,https://raw.githubusercontent.com/pasqualelembo78/huntix-poi/main/italia/toscana/sconosciuta/pages/la_stella_43.9392_10.3014.json,custom
43.905813,10.262015,osm_bar_il_centro_43.9058_10.2620,Bar Il Centro,bar_cafe,bar_cafe,https://raw.githubusercontent.com/pasqualelembo78/huntix-poi/main/italia/toscana/sconosciuta/pages/bar_il_centro_43.9058_10.2620.json,custom
43.911512,10.222792,osm_bar_atlantic_43.9115_10.2228,Bar Atlantic,bar_cafe,bar_cafe,https://raw.githubusercontent.com/pasqualelembo78/huntix-poi/main/italia/toscana/sconosciuta/pages/bar_atlantic_43.9115_10.2228.json,custom
43.310203,11.130874,osm_circolo_arci_43.3102_11.1309,Circolo ARCI,bar_cafe,bar_cafe,https://raw.githubusercontent.com/pasqualelembo78/huntix-poi/main/italia/toscana/sconosciuta/pages/circolo_arci_43.3102_11.1309.json,custom
42.766334,10.397981,osm_la_farandula_42.7663_10.3980,La Farandula,bar_cafe,bar_cafe,https://raw.githubusercontent.com/pasqualelembo78/huntix-poi/main/italia/toscana/sconosciuta/pages/la_farandula_42.7663_10.3980.json,custom
43.765045,11.258720,osm_high_bar_43.7650_11.2587,High Bar,bar_cafe,bar_cafe,https://raw.githubusercontent.com/pasqualelembo78/huntix-poi/main/italia/toscana/sconosciuta/pages/high_bar_43.7650_11.2587.json,custom
42.764992,10.395550,osm_la_fermata_42.7650_10.3956,la fermata,bar_cafe,bar_cafe,https://raw.githubusercontent.com/pasqualelembo78/huntix-poi/main/italia/toscana/sconosciuta/pages/la_fermata_42.7650_10.3956.json,custom
43.787386,11.220548,osm_bar_dallap__43.7874_11.2205,Bar Dallapé,bar_cafe,bar_cafe,https://raw.githubusercontent.com/pasqualelembo78/huntix-poi/main/italia/toscana/sconosciuta/pages/bar_dallap_43.7874_11.2205.json,custom
43.889799,10.229578,osm_amadeus_43.8898_10.2296,Amadeus,bar_cafe,bar_cafe,https://raw.githubusercontent.com/pasqualelembo78/huntix-poi/main/italia/toscana/sconosciuta/pages/amadeus_43.8898_10.2296.json,custom
43.866287,10.267616,osm_pata_bar_43.8663_10.2676,Pata bar,bar_cafe,bar_cafe,https://raw.githubusercontent.com/pasqualelembo78/huntix-poi/main/italia/toscana/sconosciuta/pages/pata_bar_43.8663_10.2676.json,custom
43.560030,12.105147,osm_bar_tiberino_43.5600_12.1051,Bar Tiberino,bar_cafe,bar_cafe,https://raw.githubusercontent.com/pasqualelembo78/huntix-poi/main/italia/toscana/sconosciuta/pages/bar_tiberino_43.5600_12.1051.json,custom
43.537802,12.055668,osm_jolly_bar_43.5378_12.0557,Jolly Bar,bar_cafe,bar_cafe,https://raw.githubusercontent.com/pasqualelembo78/huntix-poi/main/italia/toscana/sconosciuta/pages/jolly_bar_43.5378_12.0557.json,custom
43.484672,12.111960,osm_osteria_la_vecchia_43.4847_12.1120,Osteria La Vecchia,bar_cafe,bar_cafe,https://raw.githubusercontent.com/pasqualelembo78/huntix-poi/main/italia/toscana/sconosciuta/pages/osteria_la_vecchia_43.4847_12.1120.json,custom
42.295973,12.414426,osm_lochness_pub_42.2960_12.4144,Lochness Pub,bar_cafe,bar_cafe,https://raw.githubusercontent.com/pasqualelembo78/huntix-poi/main/italia/toscana/sconosciuta/pages/lochness_pub_42.2960_12.4144.json,custom
42.299248,12.408098,osm_bar_zeta_42.2992_12.4081,Bar Zeta,bar_cafe,bar_cafe,https://raw.githubusercontent.com/pasqualelembo78/huntix-poi/main/italia/toscana/sconosciuta/pages/bar_zeta_42.2992_12.4081.json,custom
42.296093,12.409940,osm_meraglia_42.2961_12.4099,Meraglia,bar_cafe,bar_cafe,https://raw.githubusercontent.com/pasqualelembo78/huntix-poi/main/italia/toscana/sconosciuta/pages/meraglia_42.2961_12.4099.json,custom
42.298669,12.410358,osm_bar_colonna_42.2987_12.4104,Bar Colonna,bar_cafe,bar_cafe,https://raw.githubusercontent.com/pasqualelembo78/huntix-poi/main/italia/toscana/sconosciuta/pages/bar_colonna_42.2987_12.4104.json,custom
42.292497,12.404996,osm_zenit_42.2925_12.4050,Zenit,bar_cafe,bar_cafe,https://raw.githubusercontent.com/pasqualelembo78/huntix-poi/main/italia/toscana/sconosciuta/pages/zenit_42.2925_12.4050.json,custom
43.160389,10.609244,osm_black_e_white_43.1604_10.6092,Black e White,bar_cafe,bar_cafe,https://raw.githubusercontent.com/pasqualelembo78/huntix-poi/main/italia/toscana/sconosciuta/pages/black_e_white_43.1604_10.6092.json,custom
42.996636,10.515135,osm_bagno_baratti_42.9966_10.5151,bagno baratti,bar_cafe,bar_cafe,https://raw.githubusercontent.com/pasqualelembo78/huntix-poi/main/italia/toscana/sconosciuta/pages/bagno_baratti_42.9966_10.5151.json,custom
43.563833,10.344270,osm_adema_43.5638_10.3443,Adema,bar_cafe,bar_cafe,https://raw.githubusercontent.com/pasqualelembo78/huntix-poi/main/italia/toscana/sconosciuta/pages/adema_43.5638_10.3443.json,custom
43.722335,10.396129,osm_la_torre_43.7223_10.3961,La Torre,bar_cafe,bar_cafe,https://raw.githubusercontent.com/pasqualelembo78/huntix-poi/main/italia/toscana/sconosciuta/pages/la_torre_43.7223_10.3961.json,custom
42.765622,10.398393,osm_da_adol_42.7656_10.3984,da Adol,bar_cafe,bar_cafe,https://raw.githubusercontent.com/pasqualelembo78/huntix-poi/main/italia/toscana/sconosciuta/pages/da_adol_42.7656_10.3984.json,custom
43.841096,10.747827,osm_i_gemelli_43.8411_10.7478,I Gemelli,bar_cafe,bar_cafe,https://raw.githubusercontent.com/pasqualelembo78/huntix-poi/main/italia/toscana/sconosciuta/pages/i_gemelli_43.8411_10.7478.json,custom
43.885017,10.766215,osm_carlotta_e_i_suoi_dolci_43.8850_10.7662,Carlotta e i suoi dolci,bar_cafe,bar_cafe,https://raw.githubusercontent.com/pasqualelembo78/huntix-poi/main/italia/toscana/sconosciuta/pages/carlotta_e_i_suoi_dolci_43.8850_10.7662.json,custom
43.883339,10.770998,osm_caff__biondi_43.8833_10.7710,Caffè Biondi,bar_cafe,bar_cafe,https://raw.githubusercontent.com/pasqualelembo78/huntix-poi/main/italia/toscana/sconosciuta/pages/caff_biondi_43.8833_10.7710.json,custom
42.745576,10.377428,osm_cacciucco_42.7456_10.3774,Cacciucco,bar_cafe,bar_cafe,https://raw.githubusercontent.com/pasqualelembo78/huntix-poi/main/italia/toscana/sconosciuta/pages/cacciucco_42.7456_10.3774.json,custom
42.745523,10.377240,osm_da_peter_42.7455_10.3772,da Peter,bar_cafe,bar_cafe,https://raw.githubusercontent.com/pasqualelembo78/huntix-poi/main/italia/toscana/sconosciuta/pages/da_peter_42.7455_10.3772.json,custom
43.527177,11.564176,osm_caf__la_gare_43.5272_11.5642,Cafè La Gare,bar_cafe,bar_cafe,https://raw.githubusercontent.com/pasqualelembo78/huntix-poi/main/italia/toscana/sconosciuta/pages/caf_la_gare_43.5272_11.5642.json,custom
43.527463,11.563350,osm_lord_byron_43.5275_11.5633,Lord Byron,bar_cafe,bar_cafe,https://raw.githubusercontent.com/pasqualelembo78/huntix-poi/main/italia/toscana/sconosciuta/pages/lord_byron_43.5275_11.5633.json,custom
43.887138,10.769096,osm_l_appaltino_43.8871_10.7691,L'Appaltino,bar_cafe,bar_cafe,https://raw.githubusercontent.com/pasqualelembo78/huntix-poi/main/italia/toscana/sconosciuta/pages/lappaltino_43.8871_10.7691.json,custom
43.886602,10.760207,osm_bar_stadio_43.8866_10.7602,Bar Stadio,bar_cafe,bar_cafe,https://raw.githubusercontent.com/pasqualelembo78/huntix-poi/main/italia/toscana/sconosciuta/pages/bar_stadio_43.8866_10.7602.json,custom
43.752757,11.185762,osm_aurora_43.7528_11.1858,Aurora,bar_cafe,bar_cafe,https://raw.githubusercontent.com/pasqualelembo78/huntix-poi/main/italia/toscana/sconosciuta/pages/aurora_43.7528_11.1858.json,custom
43.759664,11.181077,osm_marisa_43.7597_11.1811,Marisa,bar_cafe,bar_cafe,https://raw.githubusercontent.com/pasqualelembo78/huntix-poi/main/italia/toscana/sconosciuta/pages/marisa_43.7597_11.1811.json,custom
42.549927,11.723573,osm_rokkabar_42.5499_11.7236,Rokkabar,bar_cafe,bar_cafe,https://raw.githubusercontent.com/pasqualelembo78/huntix-poi/main/italia/toscana/sconosciuta/pages/rokkabar_42.5499_11.7236.json,custom
42.428289,12.093739,osm_point_bar_42.4283_12.0937,Point Bar,bar_cafe,bar_cafe,https://raw.githubusercontent.com/pasqualelembo78/huntix-poi/main/italia/toscana/sconosciuta/pages/point_bar_42.4283_12.0937.json,custom
43.702204,11.463976,osm_dot_com_43.7022_11.4640,Dot.Com,bar_cafe,bar_cafe,https://raw.githubusercontent.com/pasqualelembo78/huntix-poi/main/italia/toscana/sconosciuta/pages/dotcom_43.7022_11.4640.json,custom
42.731403,12.134671,osm_bar_zelletta_42.7314_12.1347,Bar Zelletta,bar_cafe,bar_cafe,https://raw.githubusercontent.com/pasqualelembo78/huntix-poi/main/italia/toscana/sconosciuta/pages/bar_zelletta_42.7314_12.1347.json,custom
43.463405,11.879108,osm_greedy_43.4634_11.8791,Greedy,bar_cafe,bar_cafe,https://raw.githubusercontent.com/pasqualelembo78/huntix-poi/main/italia/toscana/sconosciuta/pages/greedy_43.4634_11.8791.json,custom
43.946875,11.909586,osm_bar_nazionale_43.9469_11.9096,bar nazionale,bar_cafe,bar_cafe,https://raw.githubusercontent.com/pasqualelembo78/huntix-poi/main/italia/toscana/sconosciuta/pages/bar_nazionale_43.9469_11.9096.json,custom
43.772860,10.405576,osm_circolo_arci_san_martino_ulmiano_43.7729_10.4056,Circolo ARCI San Martino Ulmiano,bar_cafe,bar_cafe,https://raw.githubusercontent.com/pasqualelembo78/huntix-poi/main/italia/toscana/sconosciuta/pages/circolo_arci_san_martino_ulmiano_43.7729_10.4056.json,custom
43.773004,10.398874,osm_pasticceria_pedini_maria_angela_43.7730_10.3989,Pasticceria Pedini Maria Angela,bar_cafe,bar_cafe,https://raw.githubusercontent.com/pasqualelembo78/huntix-poi/main/italia/toscana/sconosciuta/pages/pasticceria_pedini_maria_angela_43.7730_10.3989.json,custom
43.753110,11.187135,osm_l_aquila_43.7531_11.1871,L'Aquila,bar_cafe,bar_cafe,https://raw.githubusercontent.com/pasqualelembo78/huntix-poi/main/italia/toscana/sconosciuta/pages/laquila_43.7531_11.1871.json,custom
43.755415,11.185827,osm_monatti_43.7554_11.1858,Monatti,bar_cafe,bar_cafe,https://raw.githubusercontent.com/pasqualelembo78/huntix-poi/main/italia/toscana/sconosciuta/pages/monatti_43.7554_11.1858.json,custom
43.947410,11.908166,osm_pacione_43.9474_11.9082,Pacione,bar_cafe,bar_cafe,https://raw.githubusercontent.com/pasqualelembo78/huntix-poi/main/italia/toscana/sconosciuta/pages/pacione_43.9474_11.9082.json,custom
43.947437,11.908525,osm_mero_43.9474_11.9085,Mero,bar_cafe,bar_cafe,https://raw.githubusercontent.com/pasqualelembo78/huntix-poi/main/italia/toscana/sconosciuta/pages/mero_43.9474_11.9085.json,custom
43.946500,11.909797,osm_butterfly_43.9465_11.9098,Butterfly,bar_cafe,bar_cafe,https://raw.githubusercontent.com/pasqualelembo78/huntix-poi/main/italia/toscana/sconosciuta/pages/butterfly_43.9465_11.9098.json,custom
43.946360,11.909872,osm_la_taverna_43.9464_11.9099,La Taverna,bar_cafe,bar_cafe,https://raw.githubusercontent.com/pasqualelembo78/huntix-poi/main/italia/toscana/sconosciuta/pages/la_taverna_43.9464_11.9099.json,custom
43.945807,11.906963,osm_la_fenice_43.9458_11.9070,La Fenice,bar_cafe,bar_cafe,https://raw.githubusercontent.com/pasqualelembo78/huntix-poi/main/italia/toscana/sconosciuta/pages/la_fenice_43.9458_11.9070.json,custom
43.529646,11.892513,osm_cangi_43.5296_11.8925,Cangi,bar_cafe,bar_cafe,https://raw.githubusercontent.com/pasqualelembo78/huntix-poi/main/italia/toscana/sconosciuta/pages/cangi_43.5296_11.8925.json,custom
43.771988,11.214122,osm_tabacchi_43.7720_11.2141,tabacchi,bar_cafe,bar_cafe,https://raw.githubusercontent.com/pasqualelembo78/huntix-poi/main/italia/toscana/sconosciuta/pages/tabacchi_43.7720_11.2141.json,custom
43.758104,11.185313,osm_laquale_43.7581_11.1853,Laquale,bar_cafe,bar_cafe,https://raw.githubusercontent.com/pasqualelembo78/huntix-poi/main/italia/toscana/sconosciuta/pages/laquale_43.7581_11.1853.json,custom
43.700978,10.431676,osm_lilli_in_43.7010_10.4317,Lilli In,bar_cafe,bar_cafe,https://raw.githubusercontent.com/pasqualelembo78/huntix-poi/main/italia/toscana/sconosciuta/pages/lilli_in_43.7010_10.4317.json,custom
43.255342,12.139015,osm_la_taverna_de_ori_43.2553_12.1390,La Taverna de Ori,bar_cafe,bar_cafe,https://raw.githubusercontent.com/pasqualelembo78/huntix-poi/main/italia/toscana/sconosciuta/pages/la_taverna_de_ori_43.2553_12.1390.json,custom
43.785754,11.097006,osm_crystal_pub_43.7858_11.0970,Crystal Pub,bar_cafe,bar_cafe,https://raw.githubusercontent.com/pasqualelembo78/huntix-poi/main/italia/toscana/sconosciuta/pages/crystal_pub_43.7858_11.0970.json,custom
43.613595,10.965387,osm_zally_cafe_43.6136_10.9654,Zally Cafe,bar_cafe,bar_cafe,https://raw.githubusercontent.com/pasqualelembo78/huntix-poi/main/italia/toscana/sconosciuta/pages/zally_cafe_43.6136_10.9654.json,custom
43.901516,11.109490,osm_bar_caffetteria_da_bruno_43.9015_11.1095,Bar Caffetteria da Bruno,bar_cafe,bar_cafe,https://raw.githubusercontent.com/pasqualelembo78/huntix-poi/main/italia/toscana/sconosciuta/pages/bar_caffetteria_da_bruno_43.9015_11.1095.json,custom
43.860035,10.259804,osm_lori_s_43.8600_10.2598,Lori's,bar_cafe,bar_cafe,https://raw.githubusercontent.com/pasqualelembo78/huntix-poi/main/italia/toscana/sconosciuta/pages/loris_43.8600_10.2598.json,custom
43.867493,10.250101,osm_h2n_43.8675_10.2501,H2N,bar_cafe,bar_cafe,https://raw.githubusercontent.com/pasqualelembo78/huntix-poi/main/italia/toscana/sconosciuta/pages/h2n_43.8675_10.2501.json,custom
43.867515,10.250273,osm_caff__garibaldi_43.8675_10.2503,Caffè Garibaldi,bar_cafe,bar_cafe,https://raw.githubusercontent.com/pasqualelembo78/huntix-poi/main/italia/toscana/sconosciuta/pages/caff_garibaldi_43.8675_10.2503.json,custom
43.870204,10.242462,osm_carmencita_43.8702_10.2425,Carmencita,bar_cafe,bar_cafe,https://raw.githubusercontent.com/pasqualelembo78/huntix-poi/main/italia/toscana/sconosciuta/pages/carmencita_43.8702_10.2425.json,custom
43.865995,10.251146,osm_nuovo_caff__argentina_43.8660_10.2511,Nuovo Caffè Argentina,bar_cafe,bar_cafe,https://raw.githubusercontent.com/pasqualelembo78/huntix-poi/main/italia/toscana/sconosciuta/pages/nuovo_caff_argentina_43.8660_10.2511.json,custom
43.879718,10.243144,osm_nilo_s_bar_43.8797_10.2431,Nilo's Bar,bar_cafe,bar_cafe,https://raw.githubusercontent.com/pasqualelembo78/huntix-poi/main/italia/toscana/sconosciuta/pages/nilos_bar_43.8797_10.2431.json,custom
43.756017,11.187667,osm_bar_nuovo_43.7560_11.1877,Bar Nuovo,bar_cafe,bar_cafe,https://raw.githubusercontent.com/pasqualelembo78/huntix-poi/main/italia/toscana/sconosciuta/pages/bar_nuovo_43.7560_11.1877.json,custom
43.756629,11.183891,osm_l_aquila_43.7566_11.1839,L'Aquila,bar_cafe,bar_cafe,https://raw.githubusercontent.com/pasqualelembo78/huntix-poi/main/italia/toscana/sconosciuta/pages/laquila_43.7566_11.1839.json,custom
43.752340,11.185779,osm_humanitas_43.7523_11.1858,Humanitas,bar_cafe,bar_cafe,https://raw.githubusercontent.com/pasqualelembo78/huntix-poi/main/italia/toscana/sconosciuta/pages/humanitas_43.7523_11.1858.json,custom
42.451324,12.480277,osm_ala_d_oro_42.4513_12.4803,ala d'oro,bar_cafe,bar_cafe,https://raw.githubusercontent.com/pasqualelembo78/huntix-poi/main/italia/toscana/sconosciuta/pages/ala_doro_42.4513_12.4803.json,custom
42.417161,12.103320,osm_reverse_42.4172_12.1033,Reverse,bar_cafe,bar_cafe,https://raw.githubusercontent.com/pasqualelembo78/huntix-poi/main/italia/toscana/sconosciuta/pages/reverse_42.4172_12.1033.json,custom
43.719730,10.402238,osm_caff__sant_anna_43.7197_10.4022,Caffè Sant'Anna,bar_cafe,bar_cafe,https://raw.githubusercontent.com/pasqualelembo78/huntix-poi/main/italia/toscana/sconosciuta/pages/caff_santanna_43.7197_10.4022.json,custom
43.233777,10.618461,osm_caffe_della_posta_43.2338_10.6185,Caffe della Posta,bar_cafe,bar_cafe,https://raw.githubusercontent.com/pasqualelembo78/huntix-poi/main/italia/toscana/sconosciuta/pages/caffe_della_posta_43.2338_10.6185.json,custom
43.846497,11.142354,osm_bareostato_43.8465_11.1424,Bareostato,bar_cafe,bar_cafe,https://raw.githubusercontent.com/pasqualelembo78/huntix-poi/main/italia/toscana/sconosciuta/pages/bareostato_43.8465_11.1424.json,custom
42.815913,12.445004,osm_belvedere_42.8159_12.4450,Belvedere,bar_cafe,bar_cafe,https://raw.githubusercontent.com/pasqualelembo78/huntix-poi/main/italia/toscana/sconosciuta/pages/belvedere_42.8159_12.4450.json,custom
43.330961,12.323232,osm_il_borghetto_43.3310_12.3232,il Borghetto,bar_cafe,bar_cafe,https://raw.githubusercontent.com/pasqualelembo78/huntix-poi/main/italia/toscana/sconosciuta/pages/il_borghetto_43.3310_12.3232.json,custom
43.762825,10.441136,osm_salsedo_43.7628_10.4411,Salsedo,bar_cafe,bar_cafe,https://raw.githubusercontent.com/pasqualelembo78/huntix-poi/main/italia/toscana/sconosciuta/pages/salsedo_43.7628_10.4411.json,custom
43.573002,11.869004,osm_dolce_vita_43.5730_11.8690,Dolce Vita,bar_cafe,bar_cafe,https://raw.githubusercontent.com/pasqualelembo78/huntix-poi/main/italia/toscana/sconosciuta/pages/dolce_vita_43.5730_11.8690.json,custom
43.547143,12.177900,osm_red_rock_valley_43.5471_12.1779,Red Rock Valley,bar_cafe,bar_cafe,https://raw.githubusercontent.com/pasqualelembo78/huntix-poi/main/italia/toscana/sconosciuta/pages/red_rock_valley_43.5471_12.1779.json,custom
43.543470,12.061275,osm_bar_la_battaglia_43.5435_12.0613,Bar La Battaglia,bar_cafe,bar_cafe,https://raw.githubusercontent.com/pasqualelembo78/huntix-poi/main/italia/toscana/sconosciuta/pages/bar_la_battaglia_43.5435_12.0613.json,custom
43.803378,11.245167,osm_i_fiorentini_43.8034_11.2452,i fiorentini,bar_cafe,bar_cafe,https://raw.githubusercontent.com/pasqualelembo78/huntix-poi/main/italia/toscana/sconosciuta/pages/i_fiorentini_43.8034_11.2452.json,custom
43.807298,11.243256,osm_le_gore_43.8073_11.2433,Le Gore,bar_cafe,bar_cafe,https://raw.githubusercontent.com/pasqualelembo78/huntix-poi/main/italia/toscana/sconosciuta/pages/le_gore_43.8073_11.2433.json,custom
43.804350,11.242436,osm_circolo_il_campino_43.8043_11.2424,Circolo Il campino,bar_cafe,bar_cafe,https://raw.githubusercontent.com/pasqualelembo78/huntix-poi/main/italia/toscana/sconosciuta/pages/circolo_il_campino_43.8043_11.2424.json,custom
43.806285,11.240770,osm_scaccomatto_43.8063_11.2408,Scaccomatto,bar_cafe,bar_cafe,https://raw.githubusercontent.com/pasqualelembo78/huntix-poi/main/italia/toscana/sconosciuta/pages/scaccomatto_43.8063_11.2408.json,custom
43.807085,11.248832,osm_co_d_a_s__43.8071_11.2488,Co.d.a.s.,bar_cafe,bar_cafe,https://raw.githubusercontent.com/pasqualelembo78/huntix-poi/main/italia/toscana/sconosciuta/pages/codas_43.8071_11.2488.json,custom
43.803693,11.240941,osm_caffe__900_43.8037_11.2409,Caffe' 900,bar_cafe,bar_cafe,https://raw.githubusercontent.com/pasqualelembo78/huntix-poi/main/italia/toscana/sconosciuta/pages/caffe_900_43.8037_11.2409.json,custom
43.804959,11.237666,osm_nike_43.8050_11.2377,Nike,bar_cafe,bar_cafe,https://raw.githubusercontent.com/pasqualelembo78/huntix-poi/main/italia/toscana/sconosciuta/pages/nike_43.8050_11.2377.json,custom
43.792476,11.251472,osm_bar_consigli_43.7925_11.2515,Bar Consigli,bar_cafe,bar_cafe,https://raw.githubusercontent.com/pasqualelembo78/huntix-poi/main/italia/toscana/sconosciuta/pages/bar_consigli_43.7925_11.2515.json,custom
43.791347,11.269747,osm_bar_giardino_43.7913_11.2697,Bar Giardino,bar_cafe,bar_cafe,https://raw.githubusercontent.com/pasqualelembo78/huntix-poi/main/italia/toscana/sconosciuta/pages/bar_giardino_43.7913_11.2697.json,custom
43.787165,11.271759,osm_bar_massi_43.7872_11.2718,Bar Massi,bar_cafe,bar_cafe,https://raw.githubusercontent.com/pasqualelembo78/huntix-poi/main/italia/toscana/sconosciuta/pages/bar_massi_43.7872_11.2718.json,custom
43.786873,11.269706,osm_caff__le_cure_43.7869_11.2697,Caffè Le Cure,bar_cafe,bar_cafe,https://raw.githubusercontent.com/pasqualelembo78/huntix-poi/main/italia/toscana/sconosciuta/pages/caff_le_cure_43.7869_11.2697.json,custom
43.866728,10.243348,osm_bar_eden_43.8667_10.2433,Bar Eden,bar_cafe,bar_cafe,https://raw.githubusercontent.com/pasqualelembo78/huntix-poi/main/italia/toscana/sconosciuta/pages/bar_eden_43.8667_10.2433.json,custom
42.808892,10.193893,osm_slocum_caf__42.8089_10.1939,Slocum Cafè,bar_cafe,bar_cafe,https://raw.githubusercontent.com/pasqualelembo78/huntix-poi/main/italia/toscana/sconosciuta/pages/slocum_caf_42.8089_10.1939.json,custom
43.716665,10.402317,osm_bar_centro_43.7167_10.4023,Bar Centro,bar_cafe,bar_cafe,https://raw.githubusercontent.com/pasqualelembo78/huntix-poi/main/italia/toscana/sconosciuta/pages/bar_centro_43.7167_10.4023.json,custom
43.486520,11.373269,osm_dante_43.4865_11.3733,Dante,bar_cafe,bar_cafe,https://raw.githubusercontent.com/pasqualelembo78/huntix-poi/main/italia/toscana/sconosciuta/pages/dante_43.4865_11.3733.json,custom
42.765682,10.884564,osm_bar_quei_bravi_ragazzi_42.7657_10.8846,Bar Quei Bravi Ragazzi,bar_cafe,bar_cafe,https://raw.githubusercontent.com/pasqualelembo78/huntix-poi/main/italia/toscana/sconosciuta/pages/bar_quei_bravi_ragazzi_42.7657_10.8846.json,custom
42.763509,10.881691,osm_bar_la_fonte_42.7635_10.8817,Bar la Fonte,bar_cafe,bar_cafe,https://raw.githubusercontent.com/pasqualelembo78/huntix-poi/main/italia/toscana/sconosciuta/pages/bar_la_fonte_42.7635_10.8817.json,custom
43.801418,11.232219,osm_mario_43.8014_11.2322,Mario,bar_cafe,bar_cafe,https://raw.githubusercontent.com/pasqualelembo78/huntix-poi/main/italia/toscana/sconosciuta/pages/mario_43.8014_11.2322.json,custom
43.791781,11.247105,osm_caff__pasticceria_caldana_43.7918_11.2471,Caffè Pasticceria Caldana,bar_cafe,bar_cafe,https://raw.githubusercontent.com/pasqualelembo78/huntix-poi/main/italia/toscana/sconosciuta/pages/caff_pasticceria_caldana_43.7918_11.2471.json,custom
43.796022,11.230260,osm_il_gioiello_43.7960_11.2303,Il gioiello,bar_cafe,bar_cafe,https://raw.githubusercontent.com/pasqualelembo78/huntix-poi/main/italia/toscana/sconosciuta/pages/il_gioiello_43.7960_11.2303.json,custom
43.794074,11.244539,osm_giusti_43.7941_11.2445,Giusti,bar_cafe,bar_cafe,https://raw.githubusercontent.com/pasqualelembo78/huntix-poi/main/italia/toscana/sconosciuta/pages/giusti_43.7941_11.2445.json,custom
43.800420,11.236525,osm_da_riki_43.8004_11.2365,Da Riki,bar_cafe,bar_cafe,https://raw.githubusercontent.com/pasqualelembo78/huntix-poi/main/italia/toscana/sconosciuta/pages/da_riki_43.8004_11.2365.json,custom
43.798787,11.241472,osm_baratta_43.7988_11.2415,Baratta,bar_cafe,bar_cafe,https://raw.githubusercontent.com/pasqualelembo78/huntix-poi/main/italia/toscana/sconosciuta/pages/baratta_43.7988_11.2415.json,custom
43.808905,11.233834,osm_ige_bar_43.8089_11.2338,Ige bar,bar_cafe,bar_cafe,https://raw.githubusercontent.com/pasqualelembo78/huntix-poi/main/italia/toscana/sconosciuta/pages/ige_bar_43.8089_11.2338.json,custom
43.783495,11.262942,osm_ruby_bea_43.7835_11.2629,Ruby BEA,bar_cafe,bar_cafe,https://raw.githubusercontent.com/pasqualelembo78/huntix-poi/main/italia/toscana/sconosciuta/pages/ruby_bea_43.7835_11.2629.json,custom
43.782445,11.288089,osm_nero65_43.7824_11.2881,Nero65,bar_cafe,bar_cafe,https://raw.githubusercontent.com/pasqualelembo78/huntix-poi/main/italia/toscana/sconosciuta/pages/nero65_43.7824_11.2881.json,custom
43.786496,11.269124,osm_gelateria_cavini_di_fedi_43.7865_11.2691,Gelateria Cavini Di Fedi,bar_cafe,bar_cafe,https://raw.githubusercontent.com/pasqualelembo78/huntix-poi/main/italia/toscana/sconosciuta/pages/gelateria_cavini_di_fedi_43.7865_11.2691.json,custom
43.680919,10.506527,osm_circolo_arci_43.6809_10.5065,Circolo Arci,bar_cafe,bar_cafe,https://raw.githubusercontent.com/pasqualelembo78/huntix-poi/main/italia/toscana/sconosciuta/pages/circolo_arci_43.6809_10.5065.json,custom
43.076767,11.680813,osm_case_nuove_43.0768_11.6808,Case Nuove,bar_cafe,bar_cafe,https://raw.githubusercontent.com/pasqualelembo78/huntix-poi/main/italia/toscana/sconosciuta/pages/case_nuove_43.0768_11.6808.json,custom
43.389788,11.223964,osm_xxxi_canto_43.3898_11.2240,XXXI Canto,bar_cafe,bar_cafe,https://raw.githubusercontent.com/pasqualelembo78/huntix-poi/main/italia/toscana/sconosciuta/pages/xxxi_canto_43.3898_11.2240.json,custom
43.770920,11.255682,osm_cantinetta_da_verrazzano_43.7709_11.2557,Cantinetta da Verrazzano,bar_cafe,bar_cafe,https://raw.githubusercontent.com/pasqualelembo78/huntix-poi/main/italia/toscana/sconosciuta/pages/cantinetta_da_verrazzano_43.7709_11.2557.json,custom
43.679026,10.848035,osm_caff__centrale_43.6790_10.8480,Caffè Centrale,bar_cafe,bar_cafe,https://raw.githubusercontent.com/pasqualelembo78/huntix-poi/main/italia/toscana/sconosciuta/pages/caff_centrale_43.6790_10.8480.json,custom
43.773008,11.249799,osm_the_fiddler_s_elbow___irish_pub_est__199_43.7730_11.2498,The fiddler's elbow - Irish pub est. 1990,bar_cafe,bar_cafe,https://raw.githubusercontent.com/pasqualelembo78/huntix-poi/main/italia/toscana/sconosciuta/pages/the_fiddlers_elbow_-_irish_pub_est_1990_43.7730_11.2498.json,custom
43.527782,10.617558,osm_gelateria_43.5278_10.6176,Gelateria,bar_cafe,bar_cafe,https://raw.githubusercontent.com/pasqualelembo78/huntix-poi/main/italia/toscana/sconosciuta/pages/gelateria_43.5278_10.6176.json,custom
43.513470,10.315674,osm_marrakesh_43.5135_10.3157,Marrakesh,bar_cafe,bar_cafe,https://raw.githubusercontent.com/pasqualelembo78/huntix-poi/main/italia/toscana/sconosciuta/pages/marrakesh_43.5135_10.3157.json,custom
43.858544,10.248032,osm_bar_palazzetto_43.8585_10.2480,Bar Palazzetto,bar_cafe,bar_cafe,https://raw.githubusercontent.com/pasqualelembo78/huntix-poi/main/italia/toscana/sconosciuta/pages/bar_palazzetto_43.8585_10.2480.json,custom
43.467685,11.878640,osm_caff__del_museo_43.4677_11.8786,Caffè del Museo,bar_cafe,bar_cafe,https://raw.githubusercontent.com/pasqualelembo78/huntix-poi/main/italia/toscana/sconosciuta/pages/caff_del_museo_43.4677_11.8786.json,custom
43.130937,11.016430,osm_il_cantuccio_43.1309_11.0164,Il Cantuccio,bar_cafe,bar_cafe,https://raw.githubusercontent.com/pasqualelembo78/huntix-poi/main/italia/toscana/sconosciuta/pages/il_cantuccio_43.1309_11.0164.json,custom
43.461872,11.878449,osm_caff__dei_famosi_43.4619_11.8784,Caffè dei Famosi,bar_cafe,bar_cafe,https://raw.githubusercontent.com/pasqualelembo78/huntix-poi/main/italia/toscana/sconosciuta/pages/caff_dei_famosi_43.4619_11.8784.json,custom
42.324616,9.539323,osm_cafe_sport_42.3246_9.5393,Cafe Sport,bar_cafe,bar_cafe,https://raw.githubusercontent.com/pasqualelembo78/huntix-poi/main/italia/toscana/sconosciuta/pages/cafe_sport_42.3246_9.5393.json,custom
42.444948,9.507704,osm_l_escale_42.4449_9.5077,L'Escale,bar_cafe,bar_cafe,https://raw.githubusercontent.com/pasqualelembo78/huntix-poi/main/italia/toscana/sconosciuta/pages/lescale_42.4449_9.5077.json,custom
43.677605,11.529395,osm_caff__l_incontro_43.6776_11.5294,Caffè l'incontro,bar_cafe,bar_cafe,https://raw.githubusercontent.com/pasqualelembo78/huntix-poi/main/italia/toscana/sconosciuta/pages/caff_lincontro_43.6776_11.5294.json,custom
43.656946,11.185809,osm_caff__centrale_43.6569_11.1858,Caffè Centrale,bar_cafe,bar_cafe,https://raw.githubusercontent.com/pasqualelembo78/huntix-poi/main/italia/toscana/sconosciuta/pages/caff_centrale_43.6569_11.1858.json,custom
43.658491,11.184992,osm_circolo_arci_43.6585_11.1850,Circolo ARCI,bar_cafe,bar_cafe,https://raw.githubusercontent.com/pasqualelembo78/huntix-poi/main/italia/toscana/sconosciuta/pages/circolo_arci_43.6585_11.1850.json,custom
43.657568,11.185930,osm_circolo_acli_43.6576_11.1859,Circolo ACLI,bar_cafe,bar_cafe,https://raw.githubusercontent.com/pasqualelembo78/huntix-poi/main/italia/toscana/sconosciuta/pages/circolo_acli_43.6576_11.1859.json,custom
43.610526,11.214254,osm_circolo_montigiano_43.6105_11.2143,Circolo Montigiano,bar_cafe,bar_cafe,https://raw.githubusercontent.com/pasqualelembo78/huntix-poi/main/italia/toscana/sconosciuta/pages/circolo_montigiano_43.6105_11.2143.json,custom
43.634890,11.232313,osm_casa_del_popolo_43.6349_11.2323,Casa del Popolo,bar_cafe,bar_cafe,https://raw.githubusercontent.com/pasqualelembo78/huntix-poi/main/italia/toscana/sconosciuta/pages/casa_del_popolo_43.6349_11.2323.json,custom
43.634318,11.233352,osm_briciolo_43.6343_11.2334,Briciolo,bar_cafe,bar_cafe,https://raw.githubusercontent.com/pasqualelembo78/huntix-poi/main/italia/toscana/sconosciuta/pages/briciolo_43.6343_11.2334.json,custom
43.684664,11.130348,osm_circolo_arci_babilonia_43.6847_11.1303,Circolo Arci Babilonia,bar_cafe,bar_cafe,https://raw.githubusercontent.com/pasqualelembo78/huntix-poi/main/italia/toscana/sconosciuta/pages/circolo_arci_babilonia_43.6847_11.1303.json,custom
43.684609,11.128221,osm_bar__gelateria_pimpina_43.6846_11.1282,Bar/ Gelateria Pimpina,bar_cafe,bar_cafe,https://raw.githubusercontent.com/pasqualelembo78/huntix-poi/main/italia/toscana/sconosciuta/pages/bar_gelateria_pimpina_43.6846_11.1282.json,custom
43.626980,11.139741,osm_casa_del_combattente_43.6270_11.1397,Casa del Combattente,bar_cafe,bar_cafe,https://raw.githubusercontent.com/pasqualelembo78/huntix-poi/main/italia/toscana/sconosciuta/pages/casa_del_combattente_43.6270_11.1397.json,custom
43.705366,11.185687,osm_circolo_ricreativo_culturale_43.7054_11.1857,Circolo Ricreativo Culturale,bar_cafe,bar_cafe,https://raw.githubusercontent.com/pasqualelembo78/huntix-poi/main/italia/toscana/sconosciuta/pages/circolo_ricreativo_culturale_43.7054_11.1857.json,custom
43.616945,11.189775,osm_circolo_il_vers__43.6169_11.1898,Circolo il Versò,bar_cafe,bar_cafe,https://raw.githubusercontent.com/pasqualelembo78/huntix-poi/main/italia/toscana/sconosciuta/pages/circolo_il_vers_43.6169_11.1898.json,custom
43.616083,11.191449,osm_circolo_arci_la_ciurma_43.6161_11.1914,Circolo ARCI La Ciurma,bar_cafe,bar_cafe,https://raw.githubusercontent.com/pasqualelembo78/huntix-poi/main/italia/toscana/sconosciuta/pages/circolo_arci_la_ciurma_43.6161_11.1914.json,custom
43.829498,10.496557,osm_l_angolo_43.8295_10.4966,L'Angolo,bar_cafe,bar_cafe,https://raw.githubusercontent.com/pasqualelembo78/huntix-poi/main/italia/toscana/sconosciuta/pages/langolo_43.8295_10.4966.json,custom
42.785712,10.245743,osm_il_postale_42.7857_10.2457,Il Postale,bar_cafe,bar_cafe,https://raw.githubusercontent.com/pasqualelembo78/huntix-poi/main/italia/toscana/sconosciuta/pages/il_postale_42.7857_10.2457.json,custom
43.802762,11.247720,osm_al_capolinea_43.8028_11.2477,al capolinea,bar_cafe,bar_cafe,https://raw.githubusercontent.com/pasqualelembo78/huntix-poi/main/italia/toscana/sconosciuta/pages/al_capolinea_43.8028_11.2477.json,custom
43.807492,11.237771,osm_anry_43.8075_11.2378,Anry,bar_cafe,bar_cafe,https://raw.githubusercontent.com/pasqualelembo78/huntix-poi/main/italia/toscana/sconosciuta/pages/anry_43.8075_11.2378.json,custom
43.406757,10.473146,osm_caffe_chiarurgi_43.4068_10.4731,Caffe Chiarurgi,bar_cafe,bar_cafe,https://raw.githubusercontent.com/pasqualelembo78/huntix-poi/main/italia/toscana/sconosciuta/pages/caffe_chiarurgi_43.4068_10.4731.json,custom
42.966457,11.896475,osm_chiosco_42.9665_11.8965,Chiosco,bar_cafe,bar_cafe,https://raw.githubusercontent.com/pasqualelembo78/huntix-poi/main/italia/toscana/sconosciuta/pages/chiosco_42.9665_11.8965.json,custom
42.198830,9.555626,osm_les_petits_delices_de_clos_42.1988_9.5556,Les petits delices de clos,bar_cafe,bar_cafe,https://raw.githubusercontent.com/pasqualelembo78/huntix-poi/main/italia/toscana/sconosciuta/pages/les_petits_delices_de_clos_42.1988_9.5556.json,custom
43.924776,10.201851,osm_cervetti_43.9248_10.2019,Cervetti,bar_cafe,bar_cafe,https://raw.githubusercontent.com/pasqualelembo78/huntix-poi/main/italia/toscana/sconosciuta/pages/cervetti_43.9248_10.2019.json,custom
43.924523,10.202492,osm_zenzero___non_conventional_bar_43.9245_10.2025,Zenzero - Non conventional bar,bar_cafe,bar_cafe,https://raw.githubusercontent.com/pasqualelembo78/huntix-poi/main/italia/toscana/sconosciuta/pages/zenzero_-_non_conventional_bar_43.9245_10.2025.json,custom
43.926398,10.201151,osm_capriccio_43.9264_10.2012,Capriccio,bar_cafe,bar_cafe,https://raw.githubusercontent.com/pasqualelembo78/huntix-poi/main/italia/toscana/sconosciuta/pages/capriccio_43.9264_10.2012.json,custom
43.465816,11.878823,osm_caff__la_badia_43.4658_11.8788,Caffè la badia,bar_cafe,bar_cafe,https://raw.githubusercontent.com/pasqualelembo78/huntix-poi/main/italia/toscana/sconosciuta/pages/caff_la_badia_43.4658_11.8788.json,custom
43.662079,10.636008,osm_dolcimanie_43.6621_10.6360,Dolcimanie,bar_cafe,bar_cafe,https://raw.githubusercontent.com/pasqualelembo78/huntix-poi/main/italia/toscana/sconosciuta/pages/dolcimanie_43.6621_10.6360.json,custom
43.662722,10.636107,osm_caff__il_duomo_43.6627_10.6361,Caffè il Duomo,bar_cafe,bar_cafe,https://raw.githubusercontent.com/pasqualelembo78/huntix-poi/main/italia/toscana/sconosciuta/pages/caff_il_duomo_43.6627_10.6361.json,custom
43.670722,10.580855,osm_bar_sport_caff__43.6707_10.5809,Bar Sport Caffè,bar_cafe,bar_cafe,https://raw.githubusercontent.com/pasqualelembo78/huntix-poi/main/italia/toscana/sconosciuta/pages/bar_sport_caff_43.6707_10.5809.json,custom
43.669417,10.614279,osm_la_voglia_matta_43.6694_10.6143,La Voglia Matta,bar_cafe,bar_cafe,https://raw.githubusercontent.com/pasqualelembo78/huntix-poi/main/italia/toscana/sconosciuta/pages/la_voglia_matta_43.6694_10.6143.json,custom
43.671603,10.581523,osm_pasticceria_zanobini_43.6716_10.5815,Pasticceria Zanobini,bar_cafe,bar_cafe,https://raw.githubusercontent.com/pasqualelembo78/huntix-poi/main/italia/toscana/sconosciuta/pages/pasticceria_zanobini_43.6716_10.5815.json,custom
43.789304,11.248035,osm_pasticceria_querci_43.7893_11.2480,Pasticceria Querci,bar_cafe,bar_cafe,https://raw.githubusercontent.com/pasqualelembo78/huntix-poi/main/italia/toscana/sconosciuta/pages/pasticceria_querci_43.7893_11.2480.json,custom
43.790109,11.252454,osm_alfio_43.7901_11.2525,Alfio,bar_cafe,bar_cafe,https://raw.githubusercontent.com/pasqualelembo78/huntix-poi/main/italia/toscana/sconosciuta/pages/alfio_43.7901_11.2525.json,custom
43.789410,11.239394,osm_bar_marisa_43.7894_11.2394,Bar Marisa,bar_cafe,bar_cafe,https://raw.githubusercontent.com/pasqualelembo78/huntix-poi/main/italia/toscana/sconosciuta/pages/bar_marisa_43.7894_11.2394.json,custom
43.790994,11.234732,osm_uffa_bar_43.7910_11.2347,Uffa bar,bar_cafe,bar_cafe,https://raw.githubusercontent.com/pasqualelembo78/huntix-poi/main/italia/toscana/sconosciuta/pages/uffa_bar_43.7910_11.2347.json,custom
43.795287,11.240136,osm_beerstro7_43.7953_11.2401,Beerstro7,bar_cafe,bar_cafe,https://raw.githubusercontent.com/pasqualelembo78/huntix-poi/main/italia/toscana/sconosciuta/pages/beerstro7_43.7953_11.2401.json,custom
43.794471,11.245255,osm_la_boutique_43.7945_11.2453,La Boutique,bar_cafe,bar_cafe,https://raw.githubusercontent.com/pasqualelembo78/huntix-poi/main/italia/toscana/sconosciuta/pages/la_boutique_43.7945_11.2453.json,custom
43.790808,11.253915,osm_bellucci_43.7908_11.2539,Bellucci,bar_cafe,bar_cafe,https://raw.githubusercontent.com/pasqualelembo78/huntix-poi/main/italia/toscana/sconosciuta/pages/bellucci_43.7908_11.2539.json,custom
43.794183,11.234784,osm_luana_43.7942_11.2348,Luana,bar_cafe,bar_cafe,https://raw.githubusercontent.com/pasqualelembo78/huntix-poi/main/italia/toscana/sconosciuta/pages/luana_43.7942_11.2348.json,custom
43.794204,11.234276,osm_i__bige_43.7942_11.2343,i' Bige,bar_cafe,bar_cafe,https://raw.githubusercontent.com/pasqualelembo78/huntix-poi/main/italia/toscana/sconosciuta/pages/i_bige_43.7942_11.2343.json,custom
43.790436,11.251866,osm_45_giri_43.7904_11.2519,45 giri,bar_cafe,bar_cafe,https://raw.githubusercontent.com/pasqualelembo78/huntix-poi/main/italia/toscana/sconosciuta/pages/45_giri_43.7904_11.2519.json,custom
43.791815,11.250756,osm_strizzi_bar_43.7918_11.2508,Strizzi Bar,bar_cafe,bar_cafe,https://raw.githubusercontent.com/pasqualelembo78/huntix-poi/main/italia/toscana/sconosciuta/pages/strizzi_bar_43.7918_11.2508.json,custom
43.784802,11.251399,osm_moka_efti___tabaccheria_n__71_43.7848_11.2514,Moka Efti - Tabaccheria n. 71,bar_cafe,bar_cafe,https://raw.githubusercontent.com/pasqualelembo78/huntix-poi/main/italia/toscana/sconosciuta/pages/moka_efti_-_tabaccheria_n_71_43.7848_11.2514.json,custom
43.786489,11.250206,osm_cabrio_43.7865_11.2502,Cabrio,bar_cafe,bar_cafe,https://raw.githubusercontent.com/pasqualelembo78/huntix-poi/main/italia/toscana/sconosciuta/pages/cabrio_43.7865_11.2502.json,custom
43.788020,11.244812,osm_fabbri_43.7880_11.2448,Fabbri,bar_cafe,bar_cafe,https://raw.githubusercontent.com/pasqualelembo78/huntix-poi/main/italia/toscana/sconosciuta/pages/fabbri_43.7880_11.2448.json,custom
43.716631,10.382061,osm_pasticceria_lilli_43.7166_10.3821,Pasticceria Lilli,bar_cafe,bar_cafe,https://raw.githubusercontent.com/pasqualelembo78/huntix-poi/main/italia/toscana/sconosciuta/pages/pasticceria_lilli_43.7166_10.3821.json,custom
43.790362,11.229530,osm_gran_caff__university_43.7904_11.2295,Gran Caffè University,bar_cafe,bar_cafe,https://raw.githubusercontent.com/pasqualelembo78/huntix-poi/main/italia/toscana/sconosciuta/pages/gran_caff_university_43.7904_11.2295.json,custom
42.704061,11.737685,osm_bar_trattoria_pizzeria_42.7041_11.7377,bar trattoria pizzeria,bar_cafe,bar_cafe,https://raw.githubusercontent.com/pasqualelembo78/huntix-poi/main/italia/toscana/sconosciuta/pages/bar_trattoria_pizzeria_42.7041_11.7377.json,custom
43.797755,11.215988,osm_cafe_batik_43.7978_11.2160,Cafe Batik,bar_cafe,bar_cafe,https://raw.githubusercontent.com/pasqualelembo78/huntix-poi/main/italia/toscana/sconosciuta/pages/cafe_batik_43.7978_11.2160.json,custom
43.790144,11.223418,osm_bar_pasticceria_silvano_e_valentino_43.7901_11.2234,Bar pasticceria Silvano e Valentino,bar_cafe,bar_cafe,https://raw.githubusercontent.com/pasqualelembo78/huntix-poi/main/italia/toscana/sconosciuta/pages/bar_pasticceria_silvano_e_valentino_43.7901_11.2234.json,custom
43.791292,11.243156,osm_caff__5_43.7913_11.2432,Caffè 5,bar_cafe,bar_cafe,https://raw.githubusercontent.com/pasqualelembo78/huntix-poi/main/italia/toscana/sconosciuta/pages/caff_5_43.7913_11.2432.json,custom
43.771945,11.254283,osm_caff__gilli_43.7719_11.2543,Caffè Gilli,bar_cafe,bar_cafe,https://raw.githubusercontent.com/pasqualelembo78/huntix-poi/main/italia/toscana/sconosciuta/pages/caff_gilli_43.7719_11.2543.json,custom
43.770175,11.211556,osm_caff__della_federiga_43.7702_11.2116,Caffè della Federiga,bar_cafe,bar_cafe,https://raw.githubusercontent.com/pasqualelembo78/huntix-poi/main/italia/toscana/sconosciuta/pages/caff_della_federiga_43.7702_11.2116.json,custom
43.701866,10.496907,osm_caffetteria_new_york_43.7019_10.4969,Caffetteria New York,bar_cafe,bar_cafe,https://raw.githubusercontent.com/pasqualelembo78/huntix-poi/main/italia/toscana/sconosciuta/pages/caffetteria_new_york_43.7019_10.4969.json,custom
43.787388,11.248895,osm_boombar_43.7874_11.2489,BoomBar,bar_cafe,bar_cafe,https://raw.githubusercontent.com/pasqualelembo78/huntix-poi/main/italia/toscana/sconosciuta/pages/boombar_43.7874_11.2489.json,custom
42.730873,12.135575,osm_bar_tonelli_42.7309_12.1356,Bar Tonelli,bar_cafe,bar_cafe,https://raw.githubusercontent.com/pasqualelembo78/huntix-poi/main/italia/toscana/sconosciuta/pages/bar_tonelli_42.7309_12.1356.json,custom
43.788382,11.236047,osm_gran_bar_43.7884_11.2360,Gran Bar,bar_cafe,bar_cafe,https://raw.githubusercontent.com/pasqualelembo78/huntix-poi/main/italia/toscana/sconosciuta/pages/gran_bar_43.7884_11.2360.json,custom
43.800689,11.238153,osm_alive_43.8007_11.2382,Alive,bar_cafe,bar_cafe,https://raw.githubusercontent.com/pasqualelembo78/huntix-poi/main/italia/toscana/sconosciuta/pages/alive_43.8007_11.2382.json,custom
42.468110,12.393698,osm_bar_etoile_42.4681_12.3937,Bar Etoile,bar_cafe,bar_cafe,https://raw.githubusercontent.com/pasqualelembo78/huntix-poi/main/italia/toscana/sconosciuta/pages/bar_etoile_42.4681_12.3937.json,custom
43.714514,10.399870,osm_lo_spaventapasseri_43.7145_10.3999,Lo Spaventapasseri,bar_cafe,bar_cafe,https://raw.githubusercontent.com/pasqualelembo78/huntix-poi/main/italia/toscana/sconosciuta/pages/lo_spaventapasseri_43.7145_10.3999.json,custom
43.891798,10.222402,osm_pontile_43.8918_10.2224,Pontile,bar_cafe,bar_cafe,https://raw.githubusercontent.com/pasqualelembo78/huntix-poi/main/italia/toscana/sconosciuta/pages/pontile_43.8918_10.2224.json,custom
43.792689,11.214172,osm_il_barco_43.7927_11.2142,Il Barco,bar_cafe,bar_cafe,https://raw.githubusercontent.com/pasqualelembo78/huntix-poi/main/italia/toscana/sconosciuta/pages/il_barco_43.7927_11.2142.json,custom
43.793689,11.215795,osm_brandi_43.7937_11.2158,Brandi,bar_cafe,bar_cafe,https://raw.githubusercontent.com/pasqualelembo78/huntix-poi/main/italia/toscana/sconosciuta/pages/brandi_43.7937_11.2158.json,custom
43.306303,12.326735,osm_caff__centrale_43.3063_12.3267,Caffé Centrale,bar_cafe,bar_cafe,https://raw.githubusercontent.com/pasqualelembo78/huntix-poi/main/italia/toscana/sconosciuta/pages/caff_centrale_43.3063_12.3267.json,custom
43.341354,11.914251,osm_dolci_follie_43.3414_11.9143,Dolci Follie,bar_cafe,bar_cafe,https://raw.githubusercontent.com/pasqualelembo78/huntix-poi/main/italia/toscana/sconosciuta/pages/dolci_follie_43.3414_11.9143.json,custom
43.341990,11.915665,osm_il_drago_43.3420_11.9157,Il Drago,bar_cafe,bar_cafe,https://raw.githubusercontent.com/pasqualelembo78/huntix-poi/main/italia/toscana/sconosciuta/pages/il_drago_43.3420_11.9157.json,custom
43.793852,11.230673,osm_uva_bar_43.7939_11.2307,Uva bar,bar_cafe,bar_cafe,https://raw.githubusercontent.com/pasqualelembo78/huntix-poi/main/italia/toscana/sconosciuta/pages/uva_bar_43.7939_11.2307.json,custom
43.793792,11.230260,osm_ramerino_43.7938_11.2303,Ramerino,bar_cafe,bar_cafe,https://raw.githubusercontent.com/pasqualelembo78/huntix-poi/main/italia/toscana/sconosciuta/pages/ramerino_43.7938_11.2303.json,custom
43.790460,11.229748,osm_molimoli_43.7905_11.2297,Molimoli,bar_cafe,bar_cafe,https://raw.githubusercontent.com/pasqualelembo78/huntix-poi/main/italia/toscana/sconosciuta/pages/molimoli_43.7905_11.2297.json,custom
43.853492,10.363287,osm_caff__centrale_43.8535_10.3633,Caffè Centrale,bar_cafe,bar_cafe,https://raw.githubusercontent.com/pasqualelembo78/huntix-poi/main/italia/toscana/sconosciuta/pages/caff_centrale_43.8535_10.3633.json,custom
43.115041,12.389853,osm_bar_fortebraccio_43.1150_12.3899,Bar Fortebraccio,bar_cafe,bar_cafe,https://raw.githubusercontent.com/pasqualelembo78/huntix-poi/main/italia/toscana/sconosciuta/pages/bar_fortebraccio_43.1150_12.3899.json,custom
43.111996,12.392498,osm_loop_caf__43.1120_12.3925,Loop Café,bar_cafe,bar_cafe,https://raw.githubusercontent.com/pasqualelembo78/huntix-poi/main/italia/toscana/sconosciuta/pages/loop_caf_43.1120_12.3925.json,custom
42.411605,12.099926,osm_mimmo_42.4116_12.0999,Mimmo,bar_cafe,bar_cafe,https://raw.githubusercontent.com/pasqualelembo78/huntix-poi/main/italia/toscana/sconosciuta/pages/mimmo_42.4116_12.0999.json,custom
43.767566,11.203314,osm_caff__caravaggio_43.7676_11.2033,Caffè Caravaggio,bar_cafe,bar_cafe,https://raw.githubusercontent.com/pasqualelembo78/huntix-poi/main/italia/toscana/sconosciuta/pages/caff_caravaggio_43.7676_11.2033.json,custom
43.659414,10.633133,osm_sicaffe_43.6594_10.6331,SiCaffe,bar_cafe,bar_cafe,https://raw.githubusercontent.com/pasqualelembo78/huntix-poi/main/italia/toscana/sconosciuta/pages/sicaffe_43.6594_10.6331.json,custom
43.621632,11.473354,osm_gran_caff__della_stazione_43.6216_11.4734,Gran Caffè della Stazione,bar_cafe,bar_cafe,https://raw.githubusercontent.com/pasqualelembo78/huntix-poi/main/italia/toscana/sconosciuta/pages/gran_caff_della_stazione_43.6216_11.4734.json,custom
42.420924,12.102057,osm_caf__noir_42.4209_12.1021,Cafè Noir,bar_cafe,bar_cafe,https://raw.githubusercontent.com/pasqualelembo78/huntix-poi/main/italia/toscana/sconosciuta/pages/caf_noir_42.4209_12.1021.json,custom
43.835956,10.717531,osm_caff__baraonda_43.8360_10.7175,Caffè Baraonda,bar_cafe,bar_cafe,https://raw.githubusercontent.com/pasqualelembo78/huntix-poi/main/italia/toscana/sconosciuta/pages/caff_baraonda_43.8360_10.7175.json,custom
43.561715,11.172840,osm_circolo_la_rampa_43.5617_11.1728,Circolo La Rampa,bar_cafe,bar_cafe,https://raw.githubusercontent.com/pasqualelembo78/huntix-poi/main/italia/toscana/sconosciuta/pages/circolo_la_rampa_43.5617_11.1728.json,custom
42.989351,10.491398,osm_taverna_di_populonia_42.9894_10.4914,Taverna di Populonia,bar_cafe,bar_cafe,https://raw.githubusercontent.com/pasqualelembo78/huntix-poi/main/italia/toscana/sconosciuta/pages/taverna_di_populonia_42.9894_10.4914.json,custom
42.812748,10.322937,osm_caffe_del_porto_42.8127_10.3229,Caffe del Porto,bar_cafe,bar_cafe,https://raw.githubusercontent.com/pasqualelembo78/huntix-poi/main/italia/toscana/sconosciuta/pages/caffe_del_porto_42.8127_10.3229.json,custom
43.684128,11.252392,osm_casa_del_popolo_43.6841_11.2524,Casa del Popolo,bar_cafe,bar_cafe,https://raw.githubusercontent.com/pasqualelembo78/huntix-poi/main/italia/toscana/sconosciuta/pages/casa_del_popolo_43.6841_11.2524.json,custom
43.724496,11.294534,osm_casa_del_popolo_di_grassina_43.7245_11.2945,Casa del Popolo di Grassina,bar_cafe,bar_cafe,https://raw.githubusercontent.com/pasqualelembo78/huntix-poi/main/italia/toscana/sconosciuta/pages/casa_del_popolo_di_grassina_43.7245_11.2945.json,custom
42.786173,10.245770,osm_lounge_bar_risto_pizza_42.7862_10.2458,Lounge bar Risto Pizza,bar_cafe,bar_cafe,https://raw.githubusercontent.com/pasqualelembo78/huntix-poi/main/italia/toscana/sconosciuta/pages/lounge_bar_risto_pizza_42.7862_10.2458.json,custom
42.789775,10.169147,osm_acropoli_42.7898_10.1691,Acropoli,bar_cafe,bar_cafe,https://raw.githubusercontent.com/pasqualelembo78/huntix-poi/main/italia/toscana/sconosciuta/pages/acropoli_42.7898_10.1691.json,custom
42.789667,10.169426,osm_bar_porta_42.7897_10.1694,Bar Porta,bar_cafe,bar_cafe,https://raw.githubusercontent.com/pasqualelembo78/huntix-poi/main/italia/toscana/sconosciuta/pages/bar_porta_42.7897_10.1694.json,custom
42.880918,11.675518,osm_country_bar_42.8809_11.6755,Country Bar,bar_cafe,bar_cafe,https://raw.githubusercontent.com/pasqualelembo78/huntix-poi/main/italia/toscana/sconosciuta/pages/country_bar_42.8809_11.6755.json,custom
42.334633,11.595287,osm_caff__binario_42.3346_11.5953,Caffè Binario,bar_cafe,bar_cafe,https://raw.githubusercontent.com/pasqualelembo78/huntix-poi/main/italia/toscana/sconosciuta/pages/caff_binario_42.3346_11.5953.json,custom
43.209579,12.009940,osm_galaxia_bar_43.2096_12.0099,Galaxia bar,bar_cafe,bar_cafe,https://raw.githubusercontent.com/pasqualelembo78/huntix-poi/main/italia/toscana/sconosciuta/pages/galaxia_bar_43.2096_12.0099.json,custom
43.906248,10.966394,osm_circolo_badia_43.9062_10.9664,Circolo Badia,bar_cafe,bar_cafe,https://raw.githubusercontent.com/pasqualelembo78/huntix-poi/main/italia/toscana/sconosciuta/pages/circolo_badia_43.9062_10.9664.json,custom
42.372895,9.528455,osm_le_dolce_42.3729_9.5285,Le Dolce,bar_cafe,bar_cafe,https://raw.githubusercontent.com/pasqualelembo78/huntix-poi/main/italia/toscana/sconosciuta/pages/le_dolce_42.3729_9.5285.json,custom
43.820461,11.135352,osm_circolo_ricreativo_rinascita_43.8205_11.1354,Circolo Ricreativo Rinascita,bar_cafe,bar_cafe,https://raw.githubusercontent.com/pasqualelembo78/huntix-poi/main/italia/toscana/sconosciuta/pages/circolo_ricreativo_rinascita_43.8205_11.1354.json,custom
43.764916,11.259909,osm_zoe_bar_43.7649_11.2599,Zoe Bar,bar_cafe,bar_cafe,https://raw.githubusercontent.com/pasqualelembo78/huntix-poi/main/italia/toscana/sconosciuta/pages/zoe_bar_43.7649_11.2599.json,custom
42.858352,10.971516,osm_il_ritro_di_be_42.8584_10.9715,Il Ritro Di Be,bar_cafe,bar_cafe,https://raw.githubusercontent.com/pasqualelembo78/huntix-poi/main/italia/toscana/sconosciuta/pages/il_ritro_di_be_42.8584_10.9715.json,custom
42.023337,11.950199,osm_mozartbar_42.0233_11.9502,Mozartbar,bar_cafe,bar_cafe,https://raw.githubusercontent.com/pasqualelembo78/huntix-poi/main/italia/toscana/sconosciuta/pages/mozartbar_42.0233_11.9502.json,custom
42.468586,12.174132,osm_caff__centrale_42.4686_12.1741,Caffè centrale,bar_cafe,bar_cafe,https://raw.githubusercontent.com/pasqualelembo78/huntix-poi/main/italia/toscana/sconosciuta/pages/caff_centrale_42.4686_12.1741.json,custom
43.553107,11.708035,osm_fox_s_inn_43.5531_11.7080,Fox's Inn,bar_cafe,bar_cafe,https://raw.githubusercontent.com/pasqualelembo78/huntix-poi/main/italia/toscana/sconosciuta/pages/foxs_inn_43.5531_11.7080.json,custom
43.570072,10.856267,osm_bar_alimentari_43.5701_10.8563,Bar Alimentari,bar_cafe,bar_cafe,https://raw.githubusercontent.com/pasqualelembo78/huntix-poi/main/italia/toscana/sconosciuta/pages/bar_alimentari_43.5701_10.8563.json,custom
43.859163,11.084147,osm_po_st__caf__43.8592_11.0841,Po'stò Cafè,bar_cafe,bar_cafe,https://raw.githubusercontent.com/pasqualelembo78/huntix-poi/main/italia/toscana/sconosciuta/pages/post_caf_43.8592_11.0841.json,custom
43.127366,12.375152,osm_bar_a_l_a__43.1274_12.3752,Bar A.L.A.,bar_cafe,bar_cafe,https://raw.githubusercontent.com/pasqualelembo78/huntix-poi/main/italia/toscana/sconosciuta/pages/bar_ala_43.1274_12.3752.json,custom
43.862248,11.108391,osm_ben_nevis_43.8622_11.1084,Ben Nevis,bar_cafe,bar_cafe,https://raw.githubusercontent.com/pasqualelembo78/huntix-poi/main/italia/toscana/sconosciuta/pages/ben_nevis_43.8622_11.1084.json,custom
43.879947,11.099398,osm_guinness_ozne_43.8799_11.0994,Guinness Ozne,bar_cafe,bar_cafe,https://raw.githubusercontent.com/pasqualelembo78/huntix-poi/main/italia/toscana/sconosciuta/pages/guinness_ozne_43.8799_11.0994.json,custom
43.789350,11.239073,osm_caff__giulia_43.7893_11.2391,Caffè Giulia,bar_cafe,bar_cafe,https://raw.githubusercontent.com/pasqualelembo78/huntix-poi/main/italia/toscana/sconosciuta/pages/caff_giulia_43.7893_11.2391.json,custom
43.796098,11.214641,osm_firenze_43.7961_11.2146,Firenze,bar_cafe,bar_cafe,https://raw.githubusercontent.com/pasqualelembo78/huntix-poi/main/italia/toscana/sconosciuta/pages/firenze_43.7961_11.2146.json,custom
43.795760,11.231165,osm_massimo_43.7958_11.2312,Massimo,bar_cafe,bar_cafe,https://raw.githubusercontent.com/pasqualelembo78/huntix-poi/main/italia/toscana/sconosciuta/pages/massimo_43.7958_11.2312.json,custom
43.783043,11.256934,osm_caffe_robiglio_43.7830_11.2569,caffe Robiglio,bar_cafe,bar_cafe,https://raw.githubusercontent.com/pasqualelembo78/huntix-poi/main/italia/toscana/sconosciuta/pages/caffe_robiglio_43.7830_11.2569.json,custom
43.777723,11.258222,osm_gran_caff__san_marco_43.7777_11.2582,Gran Caffè San Marco,bar_cafe,bar_cafe,https://raw.githubusercontent.com/pasqualelembo78/huntix-poi/main/italia/toscana/sconosciuta/pages/gran_caff_san_marco_43.7777_11.2582.json,custom
43.799264,11.708066,osm_capricci_caff__43.7993_11.7081,Capricci Caffè,bar_cafe,bar_cafe,https://raw.githubusercontent.com/pasqualelembo78/huntix-poi/main/italia/toscana/sconosciuta/pages/capricci_caff_43.7993_11.7081.json,custom
43.771103,11.253697,osm_bar_donnini_43.7711_11.2537,Bar Donnini,bar_cafe,bar_cafe,https://raw.githubusercontent.com/pasqualelembo78/huntix-poi/main/italia/toscana/sconosciuta/pages/bar_donnini_43.7711_11.2537.json,custom
43.771488,11.261453,osm_lion_s_fountain_irish_pub_43.7715_11.2615,Lion's Fountain Irish Pub,bar_cafe,bar_cafe,https://raw.githubusercontent.com/pasqualelembo78/huntix-poi/main/italia/toscana/sconosciuta/pages/lions_fountain_irish_pub_43.7715_11.2615.json,custom
42.891011,11.606979,osm_jolly_42.8910_11.6070,Jolly,bar_cafe,bar_cafe,https://raw.githubusercontent.com/pasqualelembo78/huntix-poi/main/italia/toscana/sconosciuta/pages/jolly_42.8910_11.6070.json,custom
43.857832,11.975909,osm_languorino___forno_pasticceria_bar_43.8578_11.9759,Languorino - Forno Pasticceria Bar,bar_cafe,bar_cafe,https://raw.githubusercontent.com/pasqualelembo78/huntix-poi/main/italia/toscana/sconosciuta/pages/languorino_-_forno_pasticceria_bar_43.8578_11.9759.json,custom
43.514648,12.204108,osm_smile_bar_43.5146_12.2041,Smile Bar,bar_cafe,bar_cafe,https://raw.githubusercontent.com/pasqualelembo78/huntix-poi/main/italia/toscana/sconosciuta/pages/smile_bar_43.5146_12.2041.json,custom
43.520323,12.217310,osm_bar_centrale_43.5203_12.2173,Bar Centrale,bar_cafe,bar_cafe,https://raw.githubusercontent.com/pasqualelembo78/huntix-poi/main/italia/toscana/sconosciuta/pages/bar_centrale_43.5203_12.2173.json,custom
43.778636,11.257426,osm_kitsch_deux_43.7786_11.2574,kitsch Deux,bar_cafe,bar_cafe,https://raw.githubusercontent.com/pasqualelembo78/huntix-poi/main/italia/toscana/sconosciuta/pages/kitsch_deux_43.7786_11.2574.json,custom
43.929983,10.918485,osm_ice_caf__43.9300_10.9185,Ice Cafè,bar_cafe,bar_cafe,https://raw.githubusercontent.com/pasqualelembo78/huntix-poi/main/italia/toscana/sconosciuta/pages/ice_caf_43.9300_10.9185.json,custom
43.512299,12.192854,osm_bar_edicola_43.5123_12.1929,Bar Edicola,bar_cafe,bar_cafe,https://raw.githubusercontent.com/pasqualelembo78/huntix-poi/main/italia/toscana/sconosciuta/pages/bar_edicola_43.5123_12.1929.json,custom
43.512523,12.191445,osm_cva_selci_43.5125_12.1914,CVA Selci,bar_cafe,bar_cafe,https://raw.githubusercontent.com/pasqualelembo78/huntix-poi/main/italia/toscana/sconosciuta/pages/cva_selci_43.5125_12.1914.json,custom
42.718517,12.108212,osm_il_sant_andrea_42.7185_12.1082,il Sant'Andrea,bar_cafe,bar_cafe,https://raw.githubusercontent.com/pasqualelembo78/huntix-poi/main/italia/toscana/sconosciuta/pages/il_santandrea_42.7185_12.1082.json,custom
43.464767,11.042561,osm_caffe_combattenti_43.4648_11.0426,Caffe Combattenti,bar_cafe,bar_cafe,https://raw.githubusercontent.com/pasqualelembo78/huntix-poi/main/italia/toscana/sconosciuta/pages/caffe_combattenti_43.4648_11.0426.json,custom
42.685940,11.906082,osm_bar_centrale_42.6859_11.9061,Bar Centrale,bar_cafe,bar_cafe,https://raw.githubusercontent.com/pasqualelembo78/huntix-poi/main/italia/toscana/sconosciuta/pages/bar_centrale_42.6859_11.9061.json,custom
43.167430,11.008701,osm_circolo_arci_43.1674_11.0087,Circolo Arci,bar_cafe,bar_cafe,https://raw.githubusercontent.com/pasqualelembo78/huntix-poi/main/italia/toscana/sconosciuta/pages/circolo_arci_43.1674_11.0087.json,custom
43.770365,11.239755,osm_birreria_rione_43.7704_11.2398,Birreria Rione,bar_cafe,bar_cafe,https://raw.githubusercontent.com/pasqualelembo78/huntix-poi/main/italia/toscana/sconosciuta/pages/birreria_rione_43.7704_11.2398.json,custom
43.873996,12.310664,osm_bar_il_castellaro_43.8740_12.3107,Bar Il Castellaro,bar_cafe,bar_cafe,https://raw.githubusercontent.com/pasqualelembo78/huntix-poi/main/italia/toscana/sconosciuta/pages/bar_il_castellaro_43.8740_12.3107.json,custom
42.766149,10.398398,osm_el_curandero_42.7661_10.3984,El Curandero,bar_cafe,bar_cafe,https://raw.githubusercontent.com/pasqualelembo78/huntix-poi/main/italia/toscana/sconosciuta/pages/el_curandero_42.7661_10.3984.json,custom
43.853581,10.261376,osm_hockey_bar_43.8536_10.2614,Hockey Bar,bar_cafe,bar_cafe,https://raw.githubusercontent.com/pasqualelembo78/huntix-poi/main/italia/toscana/sconosciuta/pages/hockey_bar_43.8536_10.2614.json,custom
43.313147,10.632810,osm_piazetta_43.3131_10.6328,Piazetta,bar_cafe,bar_cafe,https://raw.githubusercontent.com/pasqualelembo78/huntix-poi/main/italia/toscana/sconosciuta/pages/piazetta_43.3131_10.6328.json,custom
43.536189,11.237397,osm_societ__filarmonica_giuseppe_verdi_43.5362_11.2374,Società filarmonica Giuseppe Verdi,bar_cafe,bar_cafe,https://raw.githubusercontent.com/pasqualelembo78/huntix-poi/main/italia/toscana/sconosciuta/pages/societ_filarmonica_giuseppe_verdi_43.5362_11.2374.json,custom
43.794624,11.129250,osm_polisportiva_s_o_r_m_s__43.7946_11.1292,Polisportiva S.O.R.M.S.,bar_cafe,bar_cafe,https://raw.githubusercontent.com/pasqualelembo78/huntix-poi/main/italia/toscana/sconosciuta/pages/polisportiva_sorms_43.7946_11.1292.json,custom
43.142408,11.071536,osm_circolo_arci_43.1424_11.0715,Circolo Arci,bar_cafe,bar_cafe,https://raw.githubusercontent.com/pasqualelembo78/huntix-poi/main/italia/toscana/sconosciuta/pages/circolo_arci_43.1424_11.0715.json,custom
43.563185,12.159837,osm_bar_ghignoni_43.5632_12.1598,Bar Ghignoni,bar_cafe,bar_cafe,https://raw.githubusercontent.com/pasqualelembo78/huntix-poi/main/italia/toscana/sconosciuta/pages/bar_ghignoni_43.5632_12.1598.json,custom
43.549303,12.174506,osm_sissi_pub_43.5493_12.1745,Sissi Pub,bar_cafe,bar_cafe,https://raw.githubusercontent.com/pasqualelembo78/huntix-poi/main/italia/toscana/sconosciuta/pages/sissi_pub_43.5493_12.1745.json,custom
43.488173,12.242313,osm_bar_titta_43.4882_12.2423,Bar Titta,bar_cafe,bar_cafe,https://raw.githubusercontent.com/pasqualelembo78/huntix-poi/main/italia/toscana/sconosciuta/pages/bar_titta_43.4882_12.2423.json,custom
43.511872,12.191656,osm_filarmonicaf__43.5119_12.1917,Filarmonicafé,bar_cafe,bar_cafe,https://raw.githubusercontent.com/pasqualelembo78/huntix-poi/main/italia/toscana/sconosciuta/pages/filarmonicaf_43.5119_12.1917.json,custom
43.405309,10.409676,osm_bar_pasticceria_millevoglie_43.4053_10.4097,Bar Pasticceria Millevoglie,bar_cafe,bar_cafe,https://raw.githubusercontent.com/pasqualelembo78/huntix-poi/main/italia/toscana/sconosciuta/pages/bar_pasticceria_millevoglie_43.4053_10.4097.json,custom
43.404643,10.411533,osm_aria_lounge_bar_43.4046_10.4115,Aria Lounge Bar,bar_cafe,bar_cafe,https://raw.githubusercontent.com/pasqualelembo78/huntix-poi/main/italia/toscana/sconosciuta/pages/aria_lounge_bar_43.4046_10.4115.json,custom
43.402842,10.410487,osm_la_terrazza_miramare_43.4028_10.4105,La Terrazza Miramare,bar_cafe,bar_cafe,https://raw.githubusercontent.com/pasqualelembo78/huntix-poi/main/italia/toscana/sconosciuta/pages/la_terrazza_miramare_43.4028_10.4105.json,custom
43.548647,12.176957,osm_bar_pasticceria_belloni_43.5486_12.1770,Bar Pasticceria Belloni,bar_cafe,bar_cafe,https://raw.githubusercontent.com/pasqualelembo78/huntix-poi/main/italia/toscana/sconosciuta/pages/bar_pasticceria_belloni_43.5486_12.1770.json,custom
42.508992,11.769800,osm_barretto_42.5090_11.7698,Barretto,bar_cafe,bar_cafe,https://raw.githubusercontent.com/pasqualelembo78/huntix-poi/main/italia/toscana/sconosciuta/pages/barretto_42.5090_11.7698.json,custom
43.549164,12.175318,osm_bar_giardino_43.5492_12.1753,Bar Giardino,bar_cafe,bar_cafe,https://raw.githubusercontent.com/pasqualelembo78/huntix-poi/main/italia/toscana/sconosciuta/pages/bar_giardino_43.5492_12.1753.json,custom
43.506251,12.200695,osm_bar_la_sfera_43.5063_12.2007,Bar La sfera,bar_cafe,bar_cafe,https://raw.githubusercontent.com/pasqualelembo78/huntix-poi/main/italia/toscana/sconosciuta/pages/bar_la_sfera_43.5063_12.2007.json,custom
43.099399,10.538936,osm_bar_kimera_43.0994_10.5389,Bar Kimera,bar_cafe,bar_cafe,https://raw.githubusercontent.com/pasqualelembo78/huntix-poi/main/italia/toscana/sconosciuta/pages/bar_kimera_43.0994_10.5389.json,custom
43.220047,12.413098,osm_costarelli_43.2200_12.4131,Costarelli,bar_cafe,bar_cafe,https://raw.githubusercontent.com/pasqualelembo78/huntix-poi/main/italia/toscana/sconosciuta/pages/costarelli_43.2200_12.4131.json,custom
43.674550,10.273263,osm_pasticceria_calise_43.6746_10.2733,Pasticceria Calise,bar_cafe,bar_cafe,https://raw.githubusercontent.com/pasqualelembo78/huntix-poi/main/italia/toscana/sconosciuta/pages/pasticceria_calise_43.6746_10.2733.json,custom
43.108188,12.388711,osm_punto_di_vista_43.1082_12.3887,Punto di Vista,bar_cafe,bar_cafe,https://raw.githubusercontent.com/pasqualelembo78/huntix-poi/main/italia/toscana/sconosciuta/pages/punto_di_vista_43.1082_12.3887.json,custom
43.240658,10.526939,osm_il_gabbiano_43.2407_10.5269,Il Gabbiano,bar_cafe,bar_cafe,https://raw.githubusercontent.com/pasqualelembo78/huntix-poi/main/italia/toscana/sconosciuta/pages/il_gabbiano_43.2407_10.5269.json,custom
43.724658,10.416962,osm_saliscendi_pub_43.7247_10.4170,SaliScendi Pub,bar_cafe,bar_cafe,https://raw.githubusercontent.com/pasqualelembo78/huntix-poi/main/italia/toscana/sconosciuta/pages/saliscendi_pub_43.7247_10.4170.json,custom
42.109894,12.181075,osm_nonno_si_42.1099_12.1811,Nonno Si,bar_cafe,bar_cafe,https://raw.githubusercontent.com/pasqualelembo78/huntix-poi/main/italia/toscana/sconosciuta/pages/nonno_si_42.1099_12.1811.json,custom
43.113839,12.393429,osm_uno_uno_43.1138_12.3934,Uno+Uno,bar_cafe,bar_cafe,https://raw.githubusercontent.com/pasqualelembo78/huntix-poi/main/italia/toscana/sconosciuta/pages/unouno_43.1138_12.3934.json,custom
42.150515,12.125711,osm_bar_monte_42.1505_12.1257,Bar Monte,bar_cafe,bar_cafe,https://raw.githubusercontent.com/pasqualelembo78/huntix-poi/main/italia/toscana/sconosciuta/pages/bar_monte_42.1505_12.1257.json,custom
42.137362,12.102778,osm_special_bar_42.1374_12.1028,Special Bar,bar_cafe,bar_cafe,https://raw.githubusercontent.com/pasqualelembo78/huntix-poi/main/italia/toscana/sconosciuta/pages/special_bar_42.1374_12.1028.json,custom
43.235024,11.559587,osm_menchetti_43.2350_11.5596,Menchetti,bar_cafe,bar_cafe,https://raw.githubusercontent.com/pasqualelembo78/huntix-poi/main/italia/toscana/sconosciuta/pages/menchetti_43.2350_11.5596.json,custom
43.712949,10.409814,osm_circolo_arci_rinascita_43.7129_10.4098,Circolo ARCI Rinascita,bar_cafe,bar_cafe,https://raw.githubusercontent.com/pasqualelembo78/huntix-poi/main/italia/toscana/sconosciuta/pages/circolo_arci_rinascita_43.7129_10.4098.json,custom
43.714858,10.409074,osm_bar_13_ristoro_43.7149_10.4091,Bar 13 ristoro,bar_cafe,bar_cafe,https://raw.githubusercontent.com/pasqualelembo78/huntix-poi/main/italia/toscana/sconosciuta/pages/bar_13_ristoro_43.7149_10.4091.json,custom
43.553186,10.913541,osm_pub_lo_strettoio_43.5532_10.9135,Pub Lo Strettoio,bar_cafe,bar_cafe,https://raw.githubusercontent.com/pasqualelembo78/huntix-poi/main/italia/toscana/sconosciuta/pages/pub_lo_strettoio_43.5532_10.9135.json,custom
43.867756,10.242744,osm_balena_bar_focacceria_43.8678_10.2427,Balena Bar Focacceria,bar_cafe,bar_cafe,https://raw.githubusercontent.com/pasqualelembo78/huntix-poi/main/italia/toscana/sconosciuta/pages/balena_bar_focacceria_43.8678_10.2427.json,custom
43.711660,10.659698,osm_circolo_le_sughere_43.7117_10.6597,Circolo Le Sughere,bar_cafe,bar_cafe,https://raw.githubusercontent.com/pasqualelembo78/huntix-poi/main/italia/toscana/sconosciuta/pages/circolo_le_sughere_43.7117_10.6597.json,custom
43.862130,10.508771,osm_pasticceria_marinella_43.8621_10.5088,Pasticceria Marinella,bar_cafe,bar_cafe,https://raw.githubusercontent.com/pasqualelembo78/huntix-poi/main/italia/toscana/sconosciuta/pages/pasticceria_marinella_43.8621_10.5088.json,custom
42.720054,12.117563,osm_wine_bar_42.7201_12.1176,Wine Bar,bar_cafe,bar_cafe,https://raw.githubusercontent.com/pasqualelembo78/huntix-poi/main/italia/toscana/sconosciuta/pages/wine_bar_42.7201_12.1176.json,custom
43.493534,12.215298,osm_l_altro_bar_43.4935_12.2153,L'altro Bar,bar_cafe,bar_cafe,https://raw.githubusercontent.com/pasqualelembo78/huntix-poi/main/italia/toscana/sconosciuta/pages/laltro_bar_43.4935_12.2153.json,custom
43.499601,12.233837,osm_bar_gioia_by_felix_43.4996_12.2338,Bar Gioia by Felix,bar_cafe,bar_cafe,https://raw.githubusercontent.com/pasqualelembo78/huntix-poi/main/italia/toscana/sconosciuta/pages/bar_gioia_by_felix_43.4996_12.2338.json,custom
43.498147,12.203980,osm_bar_il_cambio_43.4981_12.2040,Bar Il Cambio,bar_cafe,bar_cafe,https://raw.githubusercontent.com/pasqualelembo78/huntix-poi/main/italia/toscana/sconosciuta/pages/bar_il_cambio_43.4981_12.2040.json,custom
43.475298,12.230104,osm_coffee_house_43.4753_12.2301,Coffee House,bar_cafe,bar_cafe,https://raw.githubusercontent.com/pasqualelembo78/huntix-poi/main/italia/toscana/sconosciuta/pages/coffee_house_43.4753_12.2301.json,custom
43.481795,12.220183,osm_bar_caff__sandy_43.4818_12.2202,Bar caffé Sandy,bar_cafe,bar_cafe,https://raw.githubusercontent.com/pasqualelembo78/huntix-poi/main/italia/toscana/sconosciuta/pages/bar_caff_sandy_43.4818_12.2202.json,custom
43.471340,12.228839,osm_bar_nord_43.4713_12.2288,Bar Nord,bar_cafe,bar_cafe,https://raw.githubusercontent.com/pasqualelembo78/huntix-poi/main/italia/toscana/sconosciuta/pages/bar_nord_43.4713_12.2288.json,custom
43.472017,12.231917,osm_bar_43.4720_12.2319,Bar,bar_cafe,bar_cafe,https://raw.githubusercontent.com/pasqualelembo78/huntix-poi/main/italia/toscana/sconosciuta/pages/bar_43.4720_12.2319.json,custom
42.472730,12.276936,osm_circolo_ricreativo_don_novello_nori_42.4727_12.2769,Circolo Ricreativo Don Novello Nori,bar_cafe,bar_cafe,https://raw.githubusercontent.com/pasqualelembo78/huntix-poi/main/italia/toscana/sconosciuta/pages/circolo_ricreativo_don_novello_nori_42.4727_12.2769.json,custom
42.393209,11.204869,osm_gelato_42.3932_11.2049,Gelato,bar_cafe,bar_cafe,https://raw.githubusercontent.com/pasqualelembo78/huntix-poi/main/italia/toscana/sconosciuta/pages/gelato_42.3932_11.2049.json,custom
43.771472,11.264696,osm_bar_plaz_43.7715_11.2647,Bar Plaz,bar_cafe,bar_cafe,https://raw.githubusercontent.com/pasqualelembo78/huntix-poi/main/italia/toscana/sconosciuta/pages/bar_plaz_43.7715_11.2647.json,custom
43.838334,10.504067,osm_caff__t_43.8383_10.5041,Caffé T,bar_cafe,bar_cafe,https://raw.githubusercontent.com/pasqualelembo78/huntix-poi/main/italia/toscana/sconosciuta/pages/caff_t_43.8383_10.5041.json,custom
43.463300,12.239558,osm_bar_43.4633_12.2396,Bar,bar_cafe,bar_cafe,https://raw.githubusercontent.com/pasqualelembo78/huntix-poi/main/italia/toscana/sconosciuta/pages/bar_43.4633_12.2396.json,custom
43.774710,11.252111,osm_irish_pub_43.7747_11.2521,Irish pub,bar_cafe,bar_cafe,https://raw.githubusercontent.com/pasqualelembo78/huntix-poi/main/italia/toscana/sconosciuta/pages/irish_pub_43.7747_11.2521.json,custom
43.774584,11.256695,osm_caff__ricasoli_43.7746_11.2567,Caffé Ricasoli,bar_cafe,bar_cafe,https://raw.githubusercontent.com/pasqualelembo78/huntix-poi/main/italia/toscana/sconosciuta/pages/caff_ricasoli_43.7746_11.2567.json,custom
43.774203,11.257368,osm_shot_cafe_43.7742_11.2574,Shot Cafe,bar_cafe,bar_cafe,https://raw.githubusercontent.com/pasqualelembo78/huntix-poi/main/italia/toscana/sconosciuta/pages/shot_cafe_43.7742_11.2574.json,custom
43.774905,11.259162,osm_caffetteria_sara_43.7749_11.2592,Caffetteria Sara,bar_cafe,bar_cafe,https://raw.githubusercontent.com/pasqualelembo78/huntix-poi/main/italia/toscana/sconosciuta/pages/caffetteria_sara_43.7749_11.2592.json,custom
43.774009,11.263094,osm_latteria_caffelatte_43.7740_11.2631,Latteria Caffelatte,bar_cafe,bar_cafe,https://raw.githubusercontent.com/pasqualelembo78/huntix-poi/main/italia/toscana/sconosciuta/pages/latteria_caffelatte_43.7740_11.2631.json,custom
43.771419,11.262403,osm_john_borno_43.7714_11.2624,John Borno,bar_cafe,bar_cafe,https://raw.githubusercontent.com/pasqualelembo78/huntix-poi/main/italia/toscana/sconosciuta/pages/john_borno_43.7714_11.2624.json,custom
43.771475,11.260067,osm_la_loggia_degli_albizi_43.7715_11.2601,La Loggia degli Albizi,bar_cafe,bar_cafe,https://raw.githubusercontent.com/pasqualelembo78/huntix-poi/main/italia/toscana/sconosciuta/pages/la_loggia_degli_albizi_43.7715_11.2601.json,custom
43.771566,11.259313,osm_i_visacci_43.7716_11.2593,I visacci,bar_cafe,bar_cafe,https://raw.githubusercontent.com/pasqualelembo78/huntix-poi/main/italia/toscana/sconosciuta/pages/i_visacci_43.7716_11.2593.json,custom
43.771551,11.257853,osm_bar_16_43.7716_11.2579,Bar 16,bar_cafe,bar_cafe,https://raw.githubusercontent.com/pasqualelembo78/huntix-poi/main/italia/toscana/sconosciuta/pages/bar_16_43.7716_11.2579.json,custom
43.773503,11.252790,osm_caff__astra_43.7735_11.2528,Caffé Astra,bar_cafe,bar_cafe,https://raw.githubusercontent.com/pasqualelembo78/huntix-poi/main/italia/toscana/sconosciuta/pages/caff_astra_43.7735_11.2528.json,custom
43.450001,12.245038,osm_bar_angolo_del_ristoro_43.4500_12.2450,Bar angolo del ristoro,bar_cafe,bar_cafe,https://raw.githubusercontent.com/pasqualelembo78/huntix-poi/main/italia/toscana/sconosciuta/pages/bar_angolo_del_ristoro_43.4500_12.2450.json,custom
43.756135,11.288572,osm_cotton_bar_43.7561_11.2886,Cotton bar,bar_cafe,bar_cafe,https://raw.githubusercontent.com/pasqualelembo78/huntix-poi/main/italia/toscana/sconosciuta/pages/cotton_bar_43.7561_11.2886.json,custom
43.452306,12.244709,osm_bar_officina_caff__43.4523_12.2447,Bar Officina Caffé,bar_cafe,bar_cafe,https://raw.githubusercontent.com/pasqualelembo78/huntix-poi/main/italia/toscana/sconosciuta/pages/bar_officina_caff_43.4523_12.2447.json,custom
43.469074,12.236151,osm_byron_bar_43.4691_12.2362,Byron Bar,bar_cafe,bar_cafe,https://raw.githubusercontent.com/pasqualelembo78/huntix-poi/main/italia/toscana/sconosciuta/pages/byron_bar_43.4691_12.2362.json,custom
43.421464,11.126763,osm_via_roma_43.4215_11.1268,Via Roma,bar_cafe,bar_cafe,https://raw.githubusercontent.com/pasqualelembo78/huntix-poi/main/italia/toscana/sconosciuta/pages/via_roma_43.4215_11.1268.json,custom
43.416316,11.132586,osm_le_delizie_del_forno_43.4163_11.1326,Le Delizie del Forno,bar_cafe,bar_cafe,https://raw.githubusercontent.com/pasqualelembo78/huntix-poi/main/italia/toscana/sconosciuta/pages/le_delizie_del_forno_43.4163_11.1326.json,custom
43.423174,11.126056,osm_centrale_43.4232_11.1261,Centrale,bar_cafe,bar_cafe,https://raw.githubusercontent.com/pasqualelembo78/huntix-poi/main/italia/toscana/sconosciuta/pages/centrale_43.4232_11.1261.json,custom
43.419475,11.127663,osm_bar_dell_orologio_43.4195_11.1277,Bar dell'Orologio,bar_cafe,bar_cafe,https://raw.githubusercontent.com/pasqualelembo78/huntix-poi/main/italia/toscana/sconosciuta/pages/bar_dellorologio_43.4195_11.1277.json,custom
43.419436,11.099378,osm_bar_le_grazie_43.4194_11.0994,Bar Le Grazie,bar_cafe,bar_cafe,https://raw.githubusercontent.com/pasqualelembo78/huntix-poi/main/italia/toscana/sconosciuta/pages/bar_le_grazie_43.4194_11.0994.json,custom
43.421191,11.116641,osm_caff__santa_caterina_43.4212_11.1166,Caffè Santa Caterina,bar_cafe,bar_cafe,https://raw.githubusercontent.com/pasqualelembo78/huntix-poi/main/italia/toscana/sconosciuta/pages/caff_santa_caterina_43.4212_11.1166.json,custom
43.413807,11.132011,osm_il_barrino_43.4138_11.1320,Il Barrino,bar_cafe,bar_cafe,https://raw.githubusercontent.com/pasqualelembo78/huntix-poi/main/italia/toscana/sconosciuta/pages/il_barrino_43.4138_11.1320.json,custom
43.409858,11.126425,osm_circolo_arci_43.4099_11.1264,Circolo ARCI,bar_cafe,bar_cafe,https://raw.githubusercontent.com/pasqualelembo78/huntix-poi/main/italia/toscana/sconosciuta/pages/circolo_arci_43.4099_11.1264.json,custom
43.404600,11.133843,osm_playgame_43.4046_11.1338,PlayGame,bar_cafe,bar_cafe,https://raw.githubusercontent.com/pasqualelembo78/huntix-poi/main/italia/toscana/sconosciuta/pages/playgame_43.4046_11.1338.json,custom
43.543686,10.328845,osm_queen_victoria_43.5437_10.3288,Queen Victoria,bar_cafe,bar_cafe,https://raw.githubusercontent.com/pasqualelembo78/huntix-poi/main/italia/toscana/sconosciuta/pages/queen_victoria_43.5437_10.3288.json,custom
43.460006,12.246983,osm_coffee_time_43.4600_12.2470,Coffee Time,bar_cafe,bar_cafe,https://raw.githubusercontent.com/pasqualelembo78/huntix-poi/main/italia/toscana/sconosciuta/pages/coffee_time_43.4600_12.2470.json,custom
43.465574,12.247988,osm_bar_futura_43.4656_12.2480,Bar Futura,bar_cafe,bar_cafe,https://raw.githubusercontent.com/pasqualelembo78/huntix-poi/main/italia/toscana/sconosciuta/pages/bar_futura_43.4656_12.2480.json,custom
43.837918,10.743077,osm_blue_sky_43.8379_10.7431,Blue Sky,bar_cafe,bar_cafe,https://raw.githubusercontent.com/pasqualelembo78/huntix-poi/main/italia/toscana/sconosciuta/pages/blue_sky_43.8379_10.7431.json,custom
43.854697,10.754705,osm_le_chicche_43.8547_10.7547,Le Chicche,bar_cafe,bar_cafe,https://raw.githubusercontent.com/pasqualelembo78/huntix-poi/main/italia/toscana/sconosciuta/pages/le_chicche_43.8547_10.7547.json,custom
43.847310,10.756650,osm_il_quadrifoglio_43.8473_10.7567,Il Quadrifoglio,bar_cafe,bar_cafe,https://raw.githubusercontent.com/pasqualelembo78/huntix-poi/main/italia/toscana/sconosciuta/pages/il_quadrifoglio_43.8473_10.7567.json,custom
43.710237,10.780519,osm_caffetteria_giannini_43.7102_10.7805,Caffetteria Giannini,bar_cafe,bar_cafe,https://raw.githubusercontent.com/pasqualelembo78/huntix-poi/main/italia/toscana/sconosciuta/pages/caffetteria_giannini_43.7102_10.7805.json,custom
43.710088,10.781158,osm_vacchetta_43.7101_10.7812,Vacchetta,bar_cafe,bar_cafe,https://raw.githubusercontent.com/pasqualelembo78/huntix-poi/main/italia/toscana/sconosciuta/pages/vacchetta_43.7101_10.7812.json,custom
43.659418,10.632049,osm_tych__bistro_43.6594_10.6320,Tychè Bistro,bar_cafe,bar_cafe,https://raw.githubusercontent.com/pasqualelembo78/huntix-poi/main/italia/toscana/sconosciuta/pages/tych_bistro_43.6594_10.6320.json,custom
43.769626,11.255100,osm_rivoire_43.7696_11.2551,Rivoire,bar_cafe,bar_cafe,https://raw.githubusercontent.com/pasqualelembo78/huntix-poi/main/italia/toscana/sconosciuta/pages/rivoire_43.7696_11.2551.json,custom
43.923793,10.923606,osm_bar_le_mille_voglie_43.9238_10.9236,Bar Le Mille Voglie,bar_cafe,bar_cafe,https://raw.githubusercontent.com/pasqualelembo78/huntix-poi/main/italia/toscana/sconosciuta/pages/bar_le_mille_voglie_43.9238_10.9236.json,custom
43.839445,10.746904,osm_il_punto_43.8394_10.7469,Il punto,bar_cafe,bar_cafe,https://raw.githubusercontent.com/pasqualelembo78/huntix-poi/main/italia/toscana/sconosciuta/pages/il_punto_43.8394_10.7469.json,custom
43.824130,10.742143,osm_quelli_che___il_bar_43.8241_10.7421,Quelli che...il bar,bar_cafe,bar_cafe,https://raw.githubusercontent.com/pasqualelembo78/huntix-poi/main/italia/toscana/sconosciuta/pages/quelli_cheil_bar_43.8241_10.7421.json,custom
43.838779,10.748168,osm_bar_pasticceria_del_ponte_43.8388_10.7482,Bar Pasticceria del Ponte,bar_cafe,bar_cafe,https://raw.githubusercontent.com/pasqualelembo78/huntix-poi/main/italia/toscana/sconosciuta/pages/bar_pasticceria_del_ponte_43.8388_10.7482.json,custom
43.883952,10.298007,osm_il_viandante_43.8840_10.2980,Il Viandante,bar_cafe,bar_cafe,https://raw.githubusercontent.com/pasqualelembo78/huntix-poi/main/italia/toscana/sconosciuta/pages/il_viandante_43.8840_10.2980.json,custom
43.881515,10.318274,osm_bar_betti__tabacchi_43.8815_10.3183,Bar Betti, Tabacchi,bar_cafe,bar_cafe,https://raw.githubusercontent.com/pasqualelembo78/huntix-poi/main/italia/toscana/sconosciuta/pages/bar_betti_tabacchi_43.8815_10.3183.json,custom
43.867731,10.340933,osm_agor__caf__43.8677_10.3409,Agorà Cafè,bar_cafe,bar_cafe,https://raw.githubusercontent.com/pasqualelembo78/huntix-poi/main/italia/toscana/sconosciuta/pages/agor_caf_43.8677_10.3409.json,custom
43.868420,10.341574,osm_tiffany_caff__43.8684_10.3416,Tiffany caffè,bar_cafe,bar_cafe,https://raw.githubusercontent.com/pasqualelembo78/huntix-poi/main/italia/toscana/sconosciuta/pages/tiffany_caff_43.8684_10.3416.json,custom
43.873879,10.340647,osm_gelateria_le_fate_golose_43.8739_10.3406,gelateria le fate golose,bar_cafe,bar_cafe,https://raw.githubusercontent.com/pasqualelembo78/huntix-poi/main/italia/toscana/sconosciuta/pages/gelateria_le_fate_golose_43.8739_10.3406.json,custom
43.873957,10.330106,osm_bar_argentona_43.8740_10.3301,Bar Argentona,bar_cafe,bar_cafe,https://raw.githubusercontent.com/pasqualelembo78/huntix-poi/main/italia/toscana/sconosciuta/pages/bar_argentona_43.8740_10.3301.json,custom
43.870402,10.342025,osm_il_gioiello_43.8704_10.3420,Il Gioiello,bar_cafe,bar_cafe,https://raw.githubusercontent.com/pasqualelembo78/huntix-poi/main/italia/toscana/sconosciuta/pages/il_gioiello_43.8704_10.3420.json,custom
43.925768,10.644473,osm_il_girasole_43.9258_10.6445,Il Girasole,bar_cafe,bar_cafe,https://raw.githubusercontent.com/pasqualelembo78/huntix-poi/main/italia/toscana/sconosciuta/pages/il_girasole_43.9258_10.6445.json,custom
43.900390,10.652763,osm_bar_di_geppetto_43.9004_10.6528,Bar di Geppetto,bar_cafe,bar_cafe,https://raw.githubusercontent.com/pasqualelembo78/huntix-poi/main/italia/toscana/sconosciuta/pages/bar_di_geppetto_43.9004_10.6528.json,custom
43.522466,10.311084,osm_baretto_accademia_43.5225_10.3111,Baretto Accademia,bar_cafe,bar_cafe,https://raw.githubusercontent.com/pasqualelembo78/huntix-poi/main/italia/toscana/sconosciuta/pages/baretto_accademia_43.5225_10.3111.json,custom
43.855135,10.822442,osm_slitti_43.8551_10.8224,Slitti,bar_cafe,bar_cafe,https://raw.githubusercontent.com/pasqualelembo78/huntix-poi/main/italia/toscana/sconosciuta/pages/slitti_43.8551_10.8224.json,custom
43.457798,12.247506,osm_convivio_caff__43.4578_12.2475,Convivio caffé,bar_cafe,bar_cafe,https://raw.githubusercontent.com/pasqualelembo78/huntix-poi/main/italia/toscana/sconosciuta/pages/convivio_caff_43.4578_12.2475.json,custom
43.453900,12.248619,osm_bar_pinocchio_43.4539_12.2486,Bar Pinocchio,bar_cafe,bar_cafe,https://raw.githubusercontent.com/pasqualelembo78/huntix-poi/main/italia/toscana/sconosciuta/pages/bar_pinocchio_43.4539_12.2486.json,custom
43.895463,10.733935,osm_vecchio_bar_43.8955_10.7339,Vecchio Bar,bar_cafe,bar_cafe,https://raw.githubusercontent.com/pasqualelembo78/huntix-poi/main/italia/toscana/sconosciuta/pages/vecchio_bar_43.8955_10.7339.json,custom
43.769930,11.106008,osm_bar_la_posta_43.7699_11.1060,Bar la Posta,bar_cafe,bar_cafe,https://raw.githubusercontent.com/pasqualelembo78/huntix-poi/main/italia/toscana/sconosciuta/pages/bar_la_posta_43.7699_11.1060.json,custom
43.771218,11.105612,osm_circolo_le_cascine_43.7712_11.1056,Circolo le Cascine,bar_cafe,bar_cafe,https://raw.githubusercontent.com/pasqualelembo78/huntix-poi/main/italia/toscana/sconosciuta/pages/circolo_le_cascine_43.7712_11.1056.json,custom
43.447417,12.247924,osm_lady_bar_43.4474_12.2479,Lady Bar,bar_cafe,bar_cafe,https://raw.githubusercontent.com/pasqualelembo78/huntix-poi/main/italia/toscana/sconosciuta/pages/lady_bar_43.4474_12.2479.json,custom
42.463874,12.302999,osm_bar_fiera_42.4639_12.3030,Bar Fiera,bar_cafe,bar_cafe,https://raw.githubusercontent.com/pasqualelembo78/huntix-poi/main/italia/toscana/sconosciuta/pages/bar_fiera_42.4639_12.3030.json,custom
43.789744,11.246304,osm_urban_spirit_43.7897_11.2463,Urban spirit,bar_cafe,bar_cafe,https://raw.githubusercontent.com/pasqualelembo78/huntix-poi/main/italia/toscana/sconosciuta/pages/urban_spirit_43.7897_11.2463.json,custom
43.769873,11.104057,osm_catania_43.7699_11.1041,Catania,bar_cafe,bar_cafe,https://raw.githubusercontent.com/pasqualelembo78/huntix-poi/main/italia/toscana/sconosciuta/pages/catania_43.7699_11.1041.json,custom
43.770169,11.113845,osm_circolo_arci_le_due_strade_43.7702_11.1138,Circolo Arci Le due strade,bar_cafe,bar_cafe,https://raw.githubusercontent.com/pasqualelembo78/huntix-poi/main/italia/toscana/sconosciuta/pages/circolo_arci_le_due_strade_43.7702_11.1138.json,custom
43.789560,11.254091,osm_circolo_mcl_faro_43.7896_11.2541,Circolo MCL Faro,bar_cafe,bar_cafe,https://raw.githubusercontent.com/pasqualelembo78/huntix-poi/main/italia/toscana/sconosciuta/pages/circolo_mcl_faro_43.7896_11.2541.json,custom
43.468751,12.275037,osm_bar_fontecchio_43.4688_12.2750,Bar Fontecchio,bar_cafe,bar_cafe,https://raw.githubusercontent.com/pasqualelembo78/huntix-poi/main/italia/toscana/sconosciuta/pages/bar_fontecchio_43.4688_12.2750.json,custom
43.446859,12.284612,osm_bar_sasso_43.4469_12.2846,Bar Sasso,bar_cafe,bar_cafe,https://raw.githubusercontent.com/pasqualelembo78/huntix-poi/main/italia/toscana/sconosciuta/pages/bar_sasso_43.4469_12.2846.json,custom
43.275456,11.985246,osm_the_lion_s_well_pub_43.2755_11.9852,The Lion's Well Pub,bar_cafe,bar_cafe,https://raw.githubusercontent.com/pasqualelembo78/huntix-poi/main/italia/toscana/sconosciuta/pages/the_lions_well_pub_43.2755_11.9852.json,custom
43.261331,11.976175,osm_extrabar_43.2613_11.9762,ExtraBar,bar_cafe,bar_cafe,https://raw.githubusercontent.com/pasqualelembo78/huntix-poi/main/italia/toscana/sconosciuta/pages/extrabar_43.2613_11.9762.json,custom
42.254876,11.755820,osm_vaniglia_e_caff__42.2549_11.7558,Vaniglia e Caffè,bar_cafe,bar_cafe,https://raw.githubusercontent.com/pasqualelembo78/huntix-poi/main/italia/toscana/sconosciuta/pages/vaniglia_e_caff_42.2549_11.7558.json,custom
42.253369,11.756036,osm_suncity_42.2534_11.7560,Suncity,bar_cafe,bar_cafe,https://raw.githubusercontent.com/pasqualelembo78/huntix-poi/main/italia/toscana/sconosciuta/pages/suncity_42.2534_11.7560.json,custom
42.253501,11.755937,osm_impero_42.2535_11.7559,Impero,bar_cafe,bar_cafe,https://raw.githubusercontent.com/pasqualelembo78/huntix-poi/main/italia/toscana/sconosciuta/pages/impero_42.2535_11.7559.json,custom
43.487805,12.199292,osm_circolo_acli_43.4878_12.1993,Circolo Acli,bar_cafe,bar_cafe,https://raw.githubusercontent.com/pasqualelembo78/huntix-poi/main/italia/toscana/sconosciuta/pages/circolo_acli_43.4878_12.1993.json,custom
43.554688,10.336074,osm_bricco_caf__43.5547_10.3361,Bricco Cafè,bar_cafe,bar_cafe,https://raw.githubusercontent.com/pasqualelembo78/huntix-poi/main/italia/toscana/sconosciuta/pages/bricco_caf_43.5547_10.3361.json,custom
43.571557,10.316502,osm_chalet_3_0_43.5716_10.3165,Chalet 3.0,bar_cafe,bar_cafe,https://raw.githubusercontent.com/pasqualelembo78/huntix-poi/main/italia/toscana/sconosciuta/pages/chalet_30_43.5716_10.3165.json,custom
43.457348,12.240225,osm_caffetteria_del_corso_43.4573_12.2402,Caffetteria del Corso,bar_cafe,bar_cafe,https://raw.githubusercontent.com/pasqualelembo78/huntix-poi/main/italia/toscana/sconosciuta/pages/caffetteria_del_corso_43.4573_12.2402.json,custom
43.457516,12.238208,osm_caff__italia_43.4575_12.2382,Caffé Italia,bar_cafe,bar_cafe,https://raw.githubusercontent.com/pasqualelembo78/huntix-poi/main/italia/toscana/sconosciuta/pages/caff_italia_43.4575_12.2382.json,custom
43.457280,12.238827,osm_caff__cavour_43.4573_12.2388,Caffè Cavour,bar_cafe,bar_cafe,https://raw.githubusercontent.com/pasqualelembo78/huntix-poi/main/italia/toscana/sconosciuta/pages/caff_cavour_43.4573_12.2388.json,custom
43.457308,12.239234,osm_caff__della_posta_43.4573_12.2392,Caffé della Posta,bar_cafe,bar_cafe,https://raw.githubusercontent.com/pasqualelembo78/huntix-poi/main/italia/toscana/sconosciuta/pages/caff_della_posta_43.4573_12.2392.json,custom
43.456758,12.238506,osm_caff__accademia_43.4568_12.2385,Caffé Accademia,bar_cafe,bar_cafe,https://raw.githubusercontent.com/pasqualelembo78/huntix-poi/main/italia/toscana/sconosciuta/pages/caff_accademia_43.4568_12.2385.json,custom
43.458159,12.241995,osm_caff__tassi_43.4582_12.2420,Caffé Tassi,bar_cafe,bar_cafe,https://raw.githubusercontent.com/pasqualelembo78/huntix-poi/main/italia/toscana/sconosciuta/pages/caff_tassi_43.4582_12.2420.json,custom
43.557105,10.340645,osm_il_ventaglio_43.5571_10.3406,Il Ventaglio,bar_cafe,bar_cafe,https://raw.githubusercontent.com/pasqualelembo78/huntix-poi/main/italia/toscana/sconosciuta/pages/il_ventaglio_43.5571_10.3406.json,custom
43.782857,11.287689,osm_trend_caff__american_bar_43.7829_11.2877,Trend Caffè American bar,bar_cafe,bar_cafe,https://raw.githubusercontent.com/pasqualelembo78/huntix-poi/main/italia/toscana/sconosciuta/pages/trend_caff_american_bar_43.7829_11.2877.json,custom
43.505973,12.154522,osm_bar_il_quadrifoglio_43.5060_12.1545,Bar Il Quadrifoglio,bar_cafe,bar_cafe,https://raw.githubusercontent.com/pasqualelembo78/huntix-poi/main/italia/toscana/sconosciuta/pages/bar_il_quadrifoglio_43.5060_12.1545.json,custom
43.522418,10.334846,osm_dolcevita_43.5224_10.3348,Dolcevita,bar_cafe,bar_cafe,https://raw.githubusercontent.com/pasqualelembo78/huntix-poi/main/italia/toscana/sconosciuta/pages/dolcevita_43.5224_10.3348.json,custom
43.509106,12.148228,osm_blue_bar_43.5091_12.1482,Blue Bar,bar_cafe,bar_cafe,https://raw.githubusercontent.com/pasqualelembo78/huntix-poi/main/italia/toscana/sconosciuta/pages/blue_bar_43.5091_12.1482.json,custom
43.509343,12.147868,osm_central_bar_43.5093_12.1479,Central Bar,bar_cafe,bar_cafe,https://raw.githubusercontent.com/pasqualelembo78/huntix-poi/main/italia/toscana/sconosciuta/pages/central_bar_43.5093_12.1479.json,custom
43.509724,12.147538,osm_bar_da_vinicio_43.5097_12.1475,Bar da Vinicio,bar_cafe,bar_cafe,https://raw.githubusercontent.com/pasqualelembo78/huntix-poi/main/italia/toscana/sconosciuta/pages/bar_da_vinicio_43.5097_12.1475.json,custom
43.498435,12.115903,osm_vita_frenetica_43.4984_12.1159,Vita Frenetica,bar_cafe,bar_cafe,https://raw.githubusercontent.com/pasqualelembo78/huntix-poi/main/italia/toscana/sconosciuta/pages/vita_frenetica_43.4984_12.1159.json,custom
43.511807,12.151652,osm_sport_caf__43.5118_12.1517,Sport Café,bar_cafe,bar_cafe,https://raw.githubusercontent.com/pasqualelembo78/huntix-poi/main/italia/toscana/sconosciuta/pages/sport_caf_43.5118_12.1517.json,custom
43.298175,12.349707,osm_bar___tabacchi_43.2982_12.3497,Bar - Tabacchi,bar_cafe,bar_cafe,https://raw.githubusercontent.com/pasqualelembo78/huntix-poi/main/italia/toscana/sconosciuta/pages/bar_-_tabacchi_43.2982_12.3497.json,custom
43.300370,12.341639,osm_calico_jack_tavern_pub_43.3004_12.3416,Calico Jack Tavern pub,bar_cafe,bar_cafe,https://raw.githubusercontent.com/pasqualelembo78/huntix-poi/main/italia/toscana/sconosciuta/pages/calico_jack_tavern_pub_43.3004_12.3416.json,custom
43.302027,12.342525,osm_baraj__43.3020_12.3425,Barajà,bar_cafe,bar_cafe,https://raw.githubusercontent.com/pasqualelembo78/huntix-poi/main/italia/toscana/sconosciuta/pages/baraj_43.3020_12.3425.json,custom
43.304160,12.332557,osm_bauscia_bar_43.3042_12.3326,Bauscia Bar,bar_cafe,bar_cafe,https://raw.githubusercontent.com/pasqualelembo78/huntix-poi/main/italia/toscana/sconosciuta/pages/bauscia_bar_43.3042_12.3326.json,custom
43.305451,12.329031,osm_antico_caff__giardino_43.3055_12.3290,Antico Caffé Giardino,bar_cafe,bar_cafe,https://raw.githubusercontent.com/pasqualelembo78/huntix-poi/main/italia/toscana/sconosciuta/pages/antico_caff_giardino_43.3055_12.3290.json,custom
43.307009,12.334647,osm_bar_italia_43.3070_12.3346,Bar Italia,bar_cafe,bar_cafe,https://raw.githubusercontent.com/pasqualelembo78/huntix-poi/main/italia/toscana/sconosciuta/pages/bar_italia_43.3070_12.3346.json,custom
43.307112,12.329559,osm_la_piattaforma_43.3071_12.3296,La Piattaforma,bar_cafe,bar_cafe,https://raw.githubusercontent.com/pasqualelembo78/huntix-poi/main/italia/toscana/sconosciuta/pages/la_piattaforma_43.3071_12.3296.json,custom
43.567247,10.341129,osm_aeffe_43.5672_10.3411,Aeffe,bar_cafe,bar_cafe,https://raw.githubusercontent.com/pasqualelembo78/huntix-poi/main/italia/toscana/sconosciuta/pages/aeffe_43.5672_10.3411.json,custom
43.576704,10.339830,osm_bon_ton_43.5767_10.3398,Bon Ton,bar_cafe,bar_cafe,https://raw.githubusercontent.com/pasqualelembo78/huntix-poi/main/italia/toscana/sconosciuta/pages/bon_ton_43.5767_10.3398.json,custom
43.569884,10.339908,osm_il_picchianti_43.5699_10.3399,Il Picchianti,bar_cafe,bar_cafe,https://raw.githubusercontent.com/pasqualelembo78/huntix-poi/main/italia/toscana/sconosciuta/pages/il_picchianti_43.5699_10.3399.json,custom
43.559832,10.326598,osm_alf_bar_43.5598_10.3266,Alf Bar,bar_cafe,bar_cafe,https://raw.githubusercontent.com/pasqualelembo78/huntix-poi/main/italia/toscana/sconosciuta/pages/alf_bar_43.5598_10.3266.json,custom
43.411373,12.233401,osm_bar_alimentari_brighigna_43.4114_12.2334,Bar alimentari Brighigna,bar_cafe,bar_cafe,https://raw.githubusercontent.com/pasqualelembo78/huntix-poi/main/italia/toscana/sconosciuta/pages/bar_alimentari_brighigna_43.4114_12.2334.json,custom
43.397775,12.235976,osm_bar_centrale_43.3978_12.2360,Bar Centrale,bar_cafe,bar_cafe,https://raw.githubusercontent.com/pasqualelembo78/huntix-poi/main/italia/toscana/sconosciuta/pages/bar_centrale_43.3978_12.2360.json,custom
43.398995,12.235849,osm_bar_dello_sport_43.3990_12.2358,Bar dello Sport,bar_cafe,bar_cafe,https://raw.githubusercontent.com/pasqualelembo78/huntix-poi/main/italia/toscana/sconosciuta/pages/bar_dello_sport_43.3990_12.2358.json,custom
43.397554,12.236302,osm_farina_del_mio_sacco_43.3976_12.2363,Farina del mio Sacco,bar_cafe,bar_cafe,https://raw.githubusercontent.com/pasqualelembo78/huntix-poi/main/italia/toscana/sconosciuta/pages/farina_del_mio_sacco_43.3976_12.2363.json,custom
43.377974,12.237745,osm_baraonda_43.3780_12.2377,Baraonda,bar_cafe,bar_cafe,https://raw.githubusercontent.com/pasqualelembo78/huntix-poi/main/italia/toscana/sconosciuta/pages/baraonda_43.3780_12.2377.json,custom
43.359732,12.237315,osm_x_bar_43.3597_12.2373,X-Bar,bar_cafe,bar_cafe,https://raw.githubusercontent.com/pasqualelembo78/huntix-poi/main/italia/toscana/sconosciuta/pages/x-bar_43.3597_12.2373.json,custom
43.367048,12.233796,osm_ulian_s_pub_43.3670_12.2338,Ulian's Pub,bar_cafe,bar_cafe,https://raw.githubusercontent.com/pasqualelembo78/huntix-poi/main/italia/toscana/sconosciuta/pages/ulians_pub_43.3670_12.2338.json,custom
43.366552,12.237248,osm_fiorentina_43.3666_12.2372,Fiorentina,bar_cafe,bar_cafe,https://raw.githubusercontent.com/pasqualelembo78/huntix-poi/main/italia/toscana/sconosciuta/pages/fiorentina_43.3666_12.2372.json,custom
43.368389,12.237036,osm_m____il_bar_del_paese_43.3684_12.2370,Mè - Il bar del paese,bar_cafe,bar_cafe,https://raw.githubusercontent.com/pasqualelembo78/huntix-poi/main/italia/toscana/sconosciuta/pages/m_-_il_bar_del_paese_43.3684_12.2370.json,custom
43.908268,11.091855,osm_camelot_pub_43.9083_11.0919,Camelot Pub,bar_cafe,bar_cafe,https://raw.githubusercontent.com/pasqualelembo78/huntix-poi/main/italia/toscana/sconosciuta/pages/camelot_pub_43.9083_11.0919.json,custom
43.864033,10.243531,osm_the_club_43.8640_10.2435,The Club,bar_cafe,bar_cafe,https://raw.githubusercontent.com/pasqualelembo78/huntix-poi/main/italia/toscana/sconosciuta/pages/the_club_43.8640_10.2435.json,custom
43.704726,10.401130,osm_santy_bar_43.7047_10.4011,Santy Bar,bar_cafe,bar_cafe,https://raw.githubusercontent.com/pasqualelembo78/huntix-poi/main/italia/toscana/sconosciuta/pages/santy_bar_43.7047_10.4011.json,custom
43.861976,10.244965,osm_red_lion_43.8620_10.2450,Red Lion,bar_cafe,bar_cafe,https://raw.githubusercontent.com/pasqualelembo78/huntix-poi/main/italia/toscana/sconosciuta/pages/red_lion_43.8620_10.2450.json,custom
43.676064,10.552310,osm_missiva_43.6761_10.5523,Missiva,bar_cafe,bar_cafe,https://raw.githubusercontent.com/pasqualelembo78/huntix-poi/main/italia/toscana/sconosciuta/pages/missiva_43.6761_10.5523.json,custom
43.687123,10.546051,osm_circolo_arci_lugnano_43.6871_10.5461,Circolo ARCI Lugnano,bar_cafe,bar_cafe,https://raw.githubusercontent.com/pasqualelembo78/huntix-poi/main/italia/toscana/sconosciuta/pages/circolo_arci_lugnano_43.6871_10.5461.json,custom
43.684082,10.576658,osm_mood_43.6841_10.5767,Mood,bar_cafe,bar_cafe,https://raw.githubusercontent.com/pasqualelembo78/huntix-poi/main/italia/toscana/sconosciuta/pages/mood_43.6841_10.5767.json,custom
43.571177,12.130219,osm_little_bar_43.5712_12.1302,Little Bar,bar_cafe,bar_cafe,https://raw.githubusercontent.com/pasqualelembo78/huntix-poi/main/italia/toscana/sconosciuta/pages/little_bar_43.5712_12.1302.json,custom
43.662612,10.629815,osm_bar_f_lli_marianelli_43.6626_10.6298,Bar F.lli Marianelli,bar_cafe,bar_cafe,https://raw.githubusercontent.com/pasqualelembo78/huntix-poi/main/italia/toscana/sconosciuta/pages/bar_flli_marianelli_43.6626_10.6298.json,custom
42.759768,11.118115,osm_delice_tea_room_42.7598_11.1181,Delice Tea Room,bar_cafe,bar_cafe,https://raw.githubusercontent.com/pasqualelembo78/huntix-poi/main/italia/toscana/sconosciuta/pages/delice_tea_room_42.7598_11.1181.json,custom
43.571747,12.139513,osm_il_pubbino_43.5717_12.1395,Il Pubbino,bar_cafe,bar_cafe,https://raw.githubusercontent.com/pasqualelembo78/huntix-poi/main/italia/toscana/sconosciuta/pages/il_pubbino_43.5717_12.1395.json,custom
43.570803,12.134387,osm_bar_sport_43.5708_12.1344,Bar Sport,bar_cafe,bar_cafe,https://raw.githubusercontent.com/pasqualelembo78/huntix-poi/main/italia/toscana/sconosciuta/pages/bar_sport_43.5708_12.1344.json,custom
43.569474,12.144551,osm_bar_k2_43.5695_12.1446,Bar K2,bar_cafe,bar_cafe,https://raw.githubusercontent.com/pasqualelembo78/huntix-poi/main/italia/toscana/sconosciuta/pages/bar_k2_43.5695_12.1446.json,custom
43.570249,12.141751,osm_casa_del_caff__43.5702_12.1418,Casa del Caffé,bar_cafe,bar_cafe,https://raw.githubusercontent.com/pasqualelembo78/huntix-poi/main/italia/toscana/sconosciuta/pages/casa_del_caff_43.5702_12.1418.json,custom
43.569421,12.144302,osm_whisky_bar_43.5694_12.1443,Whisky Bar,bar_cafe,bar_cafe,https://raw.githubusercontent.com/pasqualelembo78/huntix-poi/main/italia/toscana/sconosciuta/pages/whisky_bar_43.5694_12.1443.json,custom
43.570667,12.140643,osm_daily_caf__43.5707_12.1406,Daily Cafè,bar_cafe,bar_cafe,https://raw.githubusercontent.com/pasqualelembo78/huntix-poi/main/italia/toscana/sconosciuta/pages/daily_caf_43.5707_12.1406.json,custom
43.569553,12.139167,osm_amadeus_bar_43.5696_12.1392,Amadeus Bar,bar_cafe,bar_cafe,https://raw.githubusercontent.com/pasqualelembo78/huntix-poi/main/italia/toscana/sconosciuta/pages/amadeus_bar_43.5696_12.1392.json,custom
43.572394,12.137698,osm_b_bar_43.5724_12.1377,B bar,bar_cafe,bar_cafe,https://raw.githubusercontent.com/pasqualelembo78/huntix-poi/main/italia/toscana/sconosciuta/pages/b_bar_43.5724_12.1377.json,custom
43.569390,12.126451,osm_bar_santioni_43.5694_12.1265,Bar Santioni,bar_cafe,bar_cafe,https://raw.githubusercontent.com/pasqualelembo78/huntix-poi/main/italia/toscana/sconosciuta/pages/bar_santioni_43.5694_12.1265.json,custom
43.573134,12.134697,osm_spritz_bar_43.5731_12.1347,Spritz Bar,bar_cafe,bar_cafe,https://raw.githubusercontent.com/pasqualelembo78/huntix-poi/main/italia/toscana/sconosciuta/pages/spritz_bar_43.5731_12.1347.json,custom
43.572252,12.137575,osm_lo_scorpione_discoteca_43.5723_12.1376,Lo Scorpione discoteca,bar_cafe,bar_cafe,https://raw.githubusercontent.com/pasqualelembo78/huntix-poi/main/italia/toscana/sconosciuta/pages/lo_scorpione_discoteca_43.5723_12.1376.json,custom
43.571849,12.139694,osm_gerasmo_caff__43.5718_12.1397,Gerasmo Caffé,bar_cafe,bar_cafe,https://raw.githubusercontent.com/pasqualelembo78/huntix-poi/main/italia/toscana/sconosciuta/pages/gerasmo_caff_43.5718_12.1397.json,custom
43.654891,11.300884,osm_casa_del_popolo_43.6549_11.3009,Casa del Popolo,bar_cafe,bar_cafe,https://raw.githubusercontent.com/pasqualelembo78/huntix-poi/main/italia/toscana/sconosciuta/pages/casa_del_popolo_43.6549_11.3009.json,custom
43.878281,11.099678,osm_caff__21_43.8783_11.0997,Caffè 21,bar_cafe,bar_cafe,https://raw.githubusercontent.com/pasqualelembo78/huntix-poi/main/italia/toscana/sconosciuta/pages/caff_21_43.8783_11.0997.json,custom
43.571940,12.140713,osm_bar_amici_miei_43.5719_12.1407,Bar Amici Miei,bar_cafe,bar_cafe,https://raw.githubusercontent.com/pasqualelembo78/huntix-poi/main/italia/toscana/sconosciuta/pages/bar_amici_miei_43.5719_12.1407.json,custom
43.572269,12.139776,osm_bar_43.5723_12.1398,Bar,bar_cafe,bar_cafe,https://raw.githubusercontent.com/pasqualelembo78/huntix-poi/main/italia/toscana/sconosciuta/pages/bar_43.5723_12.1398.json,custom
43.464918,11.880934,osm_caff__dei_costanti_43.4649_11.8809,Caffè dei Costanti,bar_cafe,bar_cafe,https://raw.githubusercontent.com/pasqualelembo78/huntix-poi/main/italia/toscana/sconosciuta/pages/caff_dei_costanti_43.4649_11.8809.json,custom
43.465797,11.884554,osm_la_cascina_del_prato_43.4658_11.8846,La Cascina del Prato,bar_cafe,bar_cafe,https://raw.githubusercontent.com/pasqualelembo78/huntix-poi/main/italia/toscana/sconosciuta/pages/la_cascina_del_prato_43.4658_11.8846.json,custom
43.826446,12.300411,osm_circolo_acli_43.8264_12.3004,Circolo ACLI,bar_cafe,bar_cafe,https://raw.githubusercontent.com/pasqualelembo78/huntix-poi/main/italia/toscana/sconosciuta/pages/circolo_acli_43.8264_12.3004.json,custom
42.758415,11.115732,osm_bar_dei_lavatoi_42.7584_11.1157,Bar dei Lavatoi,bar_cafe,bar_cafe,https://raw.githubusercontent.com/pasqualelembo78/huntix-poi/main/italia/toscana/sconosciuta/pages/bar_dei_lavatoi_42.7584_11.1157.json,custom
43.519341,12.110441,osm_bar_bloom_43.5193_12.1104,Bar Bloom,bar_cafe,bar_cafe,https://raw.githubusercontent.com/pasqualelembo78/huntix-poi/main/italia/toscana/sconosciuta/pages/bar_bloom_43.5193_12.1104.json,custom
43.547308,10.312025,osm_pub_officina_metropolis_43.5473_10.3120,Pub Officina Metropolis,bar_cafe,bar_cafe,https://raw.githubusercontent.com/pasqualelembo78/huntix-poi/main/italia/toscana/sconosciuta/pages/pub_officina_metropolis_43.5473_10.3120.json,custom
42.764350,11.108410,osm_dip_chillout_caf__42.7643_11.1084,Dip Chillout Cafè,bar_cafe,bar_cafe,https://raw.githubusercontent.com/pasqualelembo78/huntix-poi/main/italia/toscana/sconosciuta/pages/dip_chillout_caf_42.7643_11.1084.json,custom
43.473355,11.878853,osm_gambrinvs_43.4734_11.8789,Gambrinvs,bar_cafe,bar_cafe,https://raw.githubusercontent.com/pasqualelembo78/huntix-poi/main/italia/toscana/sconosciuta/pages/gambrinvs_43.4734_11.8789.json,custom
43.462729,12.251812,osm_severi_bar_43.4627_12.2518,Severi Bar,bar_cafe,bar_cafe,https://raw.githubusercontent.com/pasqualelembo78/huntix-poi/main/italia/toscana/sconosciuta/pages/severi_bar_43.4627_12.2518.json,custom
43.029615,12.441013,osm_locomotiva_43.0296_12.4410,Locomotiva,bar_cafe,bar_cafe,https://raw.githubusercontent.com/pasqualelembo78/huntix-poi/main/italia/toscana/sconosciuta/pages/locomotiva_43.0296_12.4410.json,custom
43.877198,11.100956,osm_opificio_jm_43.8772_11.1010,Opificio JM,bar_cafe,bar_cafe,https://raw.githubusercontent.com/pasqualelembo78/huntix-poi/main/italia/toscana/sconosciuta/pages/opificio_jm_43.8772_11.1010.json,custom
43.584400,11.316460,osm_la_birroteca_43.5844_11.3165,La Birroteca,bar_cafe,bar_cafe,https://raw.githubusercontent.com/pasqualelembo78/huntix-poi/main/italia/toscana/sconosciuta/pages/la_birroteca_43.5844_11.3165.json,custom
42.247010,12.215464,osm_happy_hour_42.2470_12.2155,Happy Hour,bar_cafe,bar_cafe,https://raw.githubusercontent.com/pasqualelembo78/huntix-poi/main/italia/toscana/sconosciuta/pages/happy_hour_42.2470_12.2155.json,custom
43.379051,12.180338,osm_bar_lanzi_p__e_m_f__43.3791_12.1803,Bar Lanzi P. e M.F.,bar_cafe,bar_cafe,https://raw.githubusercontent.com/pasqualelembo78/huntix-poi/main/italia/toscana/sconosciuta/pages/bar_lanzi_p_e_mf_43.3791_12.1803.json,custom
43.424661,12.249482,osm_il_bar_etto_43.4247_12.2495,Il Bar_etto,bar_cafe,bar_cafe,https://raw.githubusercontent.com/pasqualelembo78/huntix-poi/main/italia/toscana/sconosciuta/pages/il_baretto_43.4247_12.2495.json,custom
42.241633,12.222578,osm_stratos_caf__42.2416_12.2226,Stratos Café,bar_cafe,bar_cafe,https://raw.githubusercontent.com/pasqualelembo78/huntix-poi/main/italia/toscana/sconosciuta/pages/stratos_caf_42.2416_12.2226.json,custom
43.774966,11.238633,osm_caf__al_comunale_43.7750_11.2386,Cafè al Comunale,bar_cafe,bar_cafe,https://raw.githubusercontent.com/pasqualelembo78/huntix-poi/main/italia/toscana/sconosciuta/pages/caf_al_comunale_43.7750_11.2386.json,custom
43.842936,10.573292,osm_pracchia_43.8429_10.5733,Pracchia,bar_cafe,bar_cafe,https://raw.githubusercontent.com/pasqualelembo78/huntix-poi/main/italia/toscana/sconosciuta/pages/pracchia_43.8429_10.5733.json,custom
42.242230,12.223058,osm_bar_salza_42.2422_12.2231,Bar Salza,bar_cafe,bar_cafe,https://raw.githubusercontent.com/pasqualelembo78/huntix-poi/main/italia/toscana/sconosciuta/pages/bar_salza_42.2422_12.2231.json,custom
43.399872,10.427098,osm_caffetteria_la_caletta_43.3999_10.4271,Caffetteria la Caletta,bar_cafe,bar_cafe,https://raw.githubusercontent.com/pasqualelembo78/huntix-poi/main/italia/toscana/sconosciuta/pages/caffetteria_la_caletta_43.3999_10.4271.json,custom
43.395328,10.426217,osm_fuxybar_43.3953_10.4262,Fuxybar,bar_cafe,bar_cafe,https://raw.githubusercontent.com/pasqualelembo78/huntix-poi/main/italia/toscana/sconosciuta/pages/fuxybar_43.3953_10.4262.json,custom
43.531226,10.303575,osm_giampa_s_bar_43.5312_10.3036,Giampa's Bar,bar_cafe,bar_cafe,https://raw.githubusercontent.com/pasqualelembo78/huntix-poi/main/italia/toscana/sconosciuta/pages/giampas_bar_43.5312_10.3036.json,custom
43.547312,10.330320,osm_circolo_arci_luigi_norfini___pd_colline__43.5473_10.3303,Circolo ARCI Luigi Norfini - PD Colline Coteto,bar_cafe,bar_cafe,https://raw.githubusercontent.com/pasqualelembo78/huntix-poi/main/italia/toscana/sconosciuta/pages/circolo_arci_luigi_norfini_-_pd_colline__43.5473_10.3303.json,custom
43.551445,10.332461,osm_l_angolo_del_caff__43.5514_10.3325,L'angolo del caffè,bar_cafe,bar_cafe,https://raw.githubusercontent.com/pasqualelembo78/huntix-poi/main/italia/toscana/sconosciuta/pages/langolo_del_caff_43.5514_10.3325.json,custom
43.541629,10.325243,osm_bar_tabacchi_la_passione_43.5416_10.3252,Bar Tabacchi La Passione,bar_cafe,bar_cafe,https://raw.githubusercontent.com/pasqualelembo78/huntix-poi/main/italia/toscana/sconosciuta/pages/bar_tabacchi_la_passione_43.5416_10.3252.json,custom
43.537818,10.312633,osm_bar_roma_43.5378_10.3126,Bar Roma,bar_cafe,bar_cafe,https://raw.githubusercontent.com/pasqualelembo78/huntix-poi/main/italia/toscana/sconosciuta/pages/bar_roma_43.5378_10.3126.json,custom
43.804018,11.134149,osm_cavalieri_43.8040_11.1341,Cavalieri,bar_cafe,bar_cafe,https://raw.githubusercontent.com/pasqualelembo78/huntix-poi/main/italia/toscana/sconosciuta/pages/cavalieri_43.8040_11.1341.json,custom
43.575229,12.129479,osm_ciao_bar_43.5752_12.1295,Ciao Bar,bar_cafe,bar_cafe,https://raw.githubusercontent.com/pasqualelembo78/huntix-poi/main/italia/toscana/sconosciuta/pages/ciao_bar_43.5752_12.1295.json,custom
43.573103,12.133366,osm_la_meringa_bar_panetteria_43.5731_12.1334,La Meringa bar Panetteria,bar_cafe,bar_cafe,https://raw.githubusercontent.com/pasqualelembo78/huntix-poi/main/italia/toscana/sconosciuta/pages/la_meringa_bar_panetteria_43.5731_12.1334.json,custom
43.569893,12.135616,osm_bar_la_stazione_43.5699_12.1356,Bar La Stazione,bar_cafe,bar_cafe,https://raw.githubusercontent.com/pasqualelembo78/huntix-poi/main/italia/toscana/sconosciuta/pages/bar_la_stazione_43.5699_12.1356.json,custom
43.566595,12.152225,osm_bar_la_rotonda_43.5666_12.1522,Bar La Rotonda,bar_cafe,bar_cafe,https://raw.githubusercontent.com/pasqualelembo78/huntix-poi/main/italia/toscana/sconosciuta/pages/bar_la_rotonda_43.5666_12.1522.json,custom
43.391041,10.432247,osm_l_indiano_43.3910_10.4322,L'Indiano,bar_cafe,bar_cafe,https://raw.githubusercontent.com/pasqualelembo78/huntix-poi/main/italia/toscana/sconosciuta/pages/lindiano_43.3910_10.4322.json,custom
43.571790,12.038107,osm_bar___alimentari_43.5718_12.0381,Bar - Alimentari,bar_cafe,bar_cafe,https://raw.githubusercontent.com/pasqualelembo78/huntix-poi/main/italia/toscana/sconosciuta/pages/bar_-_alimentari_43.5718_12.0381.json,custom
43.874616,11.101725,osm_caff__retr__43.8746_11.1017,Caffè Retrò,bar_cafe,bar_cafe,https://raw.githubusercontent.com/pasqualelembo78/huntix-poi/main/italia/toscana/sconosciuta/pages/caff_retr_43.8746_11.1017.json,custom
43.550447,10.339919,osm_la_bottega_del_caff__43.5504_10.3399,La bottega del caffè,bar_cafe,bar_cafe,https://raw.githubusercontent.com/pasqualelembo78/huntix-poi/main/italia/toscana/sconosciuta/pages/la_bottega_del_caff_43.5504_10.3399.json,custom
43.551726,10.340290,osm_il_folletto_43.5517_10.3403,Il folletto,bar_cafe,bar_cafe,https://raw.githubusercontent.com/pasqualelembo78/huntix-poi/main/italia/toscana/sconosciuta/pages/il_folletto_43.5517_10.3403.json,custom
43.560060,10.332202,osm_bar_sorgenti_43.5601_10.3322,Bar Sorgenti,bar_cafe,bar_cafe,https://raw.githubusercontent.com/pasqualelembo78/huntix-poi/main/italia/toscana/sconosciuta/pages/bar_sorgenti_43.5601_10.3322.json,custom
43.884553,10.769911,osm_syrah_wine_cafe_43.8846_10.7699,Syrah Wine Cafe,bar_cafe,bar_cafe,https://raw.githubusercontent.com/pasqualelembo78/huntix-poi/main/italia/toscana/sconosciuta/pages/syrah_wine_cafe_43.8846_10.7699.json,custom
43.549380,10.305088,osm_4_mori_43.5494_10.3051,4 Mori,bar_cafe,bar_cafe,https://raw.githubusercontent.com/pasqualelembo78/huntix-poi/main/italia/toscana/sconosciuta/pages/4_mori_43.5494_10.3051.json,custom
43.300413,12.341273,osm_caff__dam__43.3004_12.3413,Caffé DaMé,bar_cafe,bar_cafe,https://raw.githubusercontent.com/pasqualelembo78/huntix-poi/main/italia/toscana/sconosciuta/pages/caff_dam_43.3004_12.3413.json,custom
42.745612,10.378202,osm_contro_vento_42.7456_10.3782,Contro Vento,bar_cafe,bar_cafe,https://raw.githubusercontent.com/pasqualelembo78/huntix-poi/main/italia/toscana/sconosciuta/pages/contro_vento_42.7456_10.3782.json,custom
42.761620,11.113329,osm_bar_gallery_cafe_42.7616_11.1133,Bar Gallery Cafe,bar_cafe,bar_cafe,https://raw.githubusercontent.com/pasqualelembo78/huntix-poi/main/italia/toscana/sconosciuta/pages/bar_gallery_cafe_42.7616_11.1133.json,custom
42.759107,11.113976,osm_13_gobbi_pub_42.7591_11.1140,13 Gobbi Pub,bar_cafe,bar_cafe,https://raw.githubusercontent.com/pasqualelembo78/huntix-poi/main/italia/toscana/sconosciuta/pages/13_gobbi_pub_42.7591_11.1140.json,custom
43.108254,12.389980,osm_caff__della_penna_43.1083_12.3900,Caffé della Penna,bar_cafe,bar_cafe,https://raw.githubusercontent.com/pasqualelembo78/huntix-poi/main/italia/toscana/sconosciuta/pages/caff_della_penna_43.1083_12.3900.json,custom
42.742706,11.869609,osm_franco_marlo_42.7427_11.8696,Franco Marlo,bar_cafe,bar_cafe,https://raw.githubusercontent.com/pasqualelembo78/huntix-poi/main/italia/toscana/sconosciuta/pages/franco_marlo_42.7427_11.8696.json,custom
42.741599,11.864347,osm_bar_oasi_caf__42.7416_11.8643,Bar Oasi Cafè,bar_cafe,bar_cafe,https://raw.githubusercontent.com/pasqualelembo78/huntix-poi/main/italia/toscana/sconosciuta/pages/bar_oasi_caf_42.7416_11.8643.json,custom
42.743752,11.863191,osm_la_pergola_s_n_c__42.7438_11.8632,La Pergola s.n.c.,bar_cafe,bar_cafe,https://raw.githubusercontent.com/pasqualelembo78/huntix-poi/main/italia/toscana/sconosciuta/pages/la_pergola_snc_42.7438_11.8632.json,custom
43.865707,11.115375,osm_ercole_43.8657_11.1154,Ercole,bar_cafe,bar_cafe,https://raw.githubusercontent.com/pasqualelembo78/huntix-poi/main/italia/toscana/sconosciuta/pages/ercole_43.8657_11.1154.json,custom
43.106107,12.362392,osm_bar_massiano_43.1061_12.3624,Bar Massiano,bar_cafe,bar_cafe,https://raw.githubusercontent.com/pasqualelembo78/huntix-poi/main/italia/toscana/sconosciuta/pages/bar_massiano_43.1061_12.3624.json,custom
43.106384,12.361550,osm_menchetti_43.1064_12.3615,Menchetti,bar_cafe,bar_cafe,https://raw.githubusercontent.com/pasqualelembo78/huntix-poi/main/italia/toscana/sconosciuta/pages/menchetti_43.1064_12.3615.json,custom
43.398492,10.425639,osm_la_gelateria_caletta_43.3985_10.4256,La gelateria Caletta,bar_cafe,bar_cafe,https://raw.githubusercontent.com/pasqualelembo78/huntix-poi/main/italia/toscana/sconosciuta/pages/la_gelateria_caletta_43.3985_10.4256.json,custom
43.560614,10.327387,osm_l_angolo_del_caff__43.5606_10.3274,L'Angolo del caffè,bar_cafe,bar_cafe,https://raw.githubusercontent.com/pasqualelembo78/huntix-poi/main/italia/toscana/sconosciuta/pages/langolo_del_caff_43.5606_10.3274.json,custom
43.772597,11.263133,osm_rex_43.7726_11.2631,Rex,bar_cafe,bar_cafe,https://raw.githubusercontent.com/pasqualelembo78/huntix-poi/main/italia/toscana/sconosciuta/pages/rex_43.7726_11.2631.json,custom
43.341281,12.293275,osm_bar_43.3413_12.2933,Bar,bar_cafe,bar_cafe,https://raw.githubusercontent.com/pasqualelembo78/huntix-poi/main/italia/toscana/sconosciuta/pages/bar_43.3413_12.2933.json,custom
43.337604,12.296589,osm_happy_days_43.3376_12.2966,Happy Days,bar_cafe,bar_cafe,https://raw.githubusercontent.com/pasqualelembo78/huntix-poi/main/italia/toscana/sconosciuta/pages/happy_days_43.3376_12.2966.json,custom
43.837073,10.919329,osm_victoria_43.8371_10.9193,Victoria,bar_cafe,bar_cafe,https://raw.githubusercontent.com/pasqualelembo78/huntix-poi/main/italia/toscana/sconosciuta/pages/victoria_43.8371_10.9193.json,custom
42.421472,12.113315,osm_toto_s_pub_ristobirreria_42.4215_12.1133,Toto's Pub Ristobirreria,bar_cafe,bar_cafe,https://raw.githubusercontent.com/pasqualelembo78/huntix-poi/main/italia/toscana/sconosciuta/pages/totos_pub_ristobirreria_42.4215_12.1133.json,custom
43.552052,10.313885,osm_bar_tabacchi_la_repubblica_43.5521_10.3139,Bar Tabacchi La Repubblica,bar_cafe,bar_cafe,https://raw.githubusercontent.com/pasqualelembo78/huntix-poi/main/italia/toscana/sconosciuta/pages/bar_tabacchi_la_repubblica_43.5521_10.3139.json,custom
43.802720,11.133300,osm_tre_ponti_43.8027_11.1333,Tre Ponti,bar_cafe,bar_cafe,https://raw.githubusercontent.com/pasqualelembo78/huntix-poi/main/italia/toscana/sconosciuta/pages/tre_ponti_43.8027_11.1333.json,custom
42.937775,10.506551,osm_nuovo_bar_falcone_42.9378_10.5066,Nuovo Bar Falcone,bar_cafe,bar_cafe,https://raw.githubusercontent.com/pasqualelembo78/huntix-poi/main/italia/toscana/sconosciuta/pages/nuovo_bar_falcone_42.9378_10.5066.json,custom
43.724591,10.950022,osm_la_perla_43.7246_10.9500,La perla,bar_cafe,bar_cafe,https://raw.githubusercontent.com/pasqualelembo78/huntix-poi/main/italia/toscana/sconosciuta/pages/la_perla_43.7246_10.9500.json,custom
43.983607,12.421017,osm_la_taverna_di_malatestino_43.9836_12.4210,La Taverna di Malatestino,bar_cafe,bar_cafe,https://raw.githubusercontent.com/pasqualelembo78/huntix-poi/main/italia/toscana/sconosciuta/pages/la_taverna_di_malatestino_43.9836_12.4210.json,custom
43.885711,11.070744,osm_pasticceria_s__paolo_43.8857_11.0707,Pasticceria S. Paolo,bar_cafe,bar_cafe,https://raw.githubusercontent.com/pasqualelembo78/huntix-poi/main/italia/toscana/sconosciuta/pages/pasticceria_s_paolo_43.8857_11.0707.json,custom
43.884150,11.075392,osm_circolo_ricreativo_arci_san_paolo_43.8841_11.0754,Circolo ricreativo ARCI San Paolo,bar_cafe,bar_cafe,https://raw.githubusercontent.com/pasqualelembo78/huntix-poi/main/italia/toscana/sconosciuta/pages/circolo_ricreativo_arci_san_paolo_43.8841_11.0754.json,custom
43.887350,11.073969,osm_bar_gelateria_quadrifoglio_43.8873_11.0740,Bar Gelateria Quadrifoglio,bar_cafe,bar_cafe,https://raw.githubusercontent.com/pasqualelembo78/huntix-poi/main/italia/toscana/sconosciuta/pages/bar_gelateria_quadrifoglio_43.8873_11.0740.json,custom
43.887529,11.073705,osm_pasticceria_marcucci_43.8875_11.0737,Pasticceria Marcucci,bar_cafe,bar_cafe,https://raw.githubusercontent.com/pasqualelembo78/huntix-poi/main/italia/toscana/sconosciuta/pages/pasticceria_marcucci_43.8875_11.0737.json,custom
43.875769,11.097013,osm_caff__le_mura_43.8758_11.0970,Caffè le Mura,bar_cafe,bar_cafe,https://raw.githubusercontent.com/pasqualelembo78/huntix-poi/main/italia/toscana/sconosciuta/pages/caff_le_mura_43.8758_11.0970.json,custom
43.572242,12.144683,osm_red_line_43.5722_12.1447,Red Line,bar_cafe,bar_cafe,https://raw.githubusercontent.com/pasqualelembo78/huntix-poi/main/italia/toscana/sconosciuta/pages/red_line_43.5722_12.1447.json,custom
43.929535,10.510567,osm_bar_la_cava_43.9295_10.5106,Bar la Cava,bar_cafe,bar_cafe,https://raw.githubusercontent.com/pasqualelembo78/huntix-poi/main/italia/toscana/sconosciuta/pages/bar_la_cava_43.9295_10.5106.json,custom
43.961393,10.508208,osm_guidi_bar_43.9614_10.5082,Guidi Bar,bar_cafe,bar_cafe,https://raw.githubusercontent.com/pasqualelembo78/huntix-poi/main/italia/toscana/sconosciuta/pages/guidi_bar_43.9614_10.5082.json,custom
43.963569,10.510943,osm_bar_pasticceria_bini_43.9636_10.5109,Bar Pasticceria Bini,bar_cafe,bar_cafe,https://raw.githubusercontent.com/pasqualelembo78/huntix-poi/main/italia/toscana/sconosciuta/pages/bar_pasticceria_bini_43.9636_10.5109.json,custom
43.748856,10.363945,osm_pasticceria_leoni_43.7489_10.3639,Pasticceria Leoni,bar_cafe,bar_cafe,https://raw.githubusercontent.com/pasqualelembo78/huntix-poi/main/italia/toscana/sconosciuta/pages/pasticceria_leoni_43.7489_10.3639.json,custom
43.766332,10.340311,osm_pasticceria_daniela_43.7663_10.3403,Pasticceria Daniela,bar_cafe,bar_cafe,https://raw.githubusercontent.com/pasqualelembo78/huntix-poi/main/italia/toscana/sconosciuta/pages/pasticceria_daniela_43.7663_10.3403.json,custom
43.638512,11.987279,osm_bar_43.6385_11.9873,Bar,bar_cafe,bar_cafe,https://raw.githubusercontent.com/pasqualelembo78/huntix-poi/main/italia/toscana/sconosciuta/pages/bar_43.6385_11.9873.json,custom
43.641512,11.987372,osm_gelati_43.6415_11.9874,Gelati,bar_cafe,bar_cafe,https://raw.githubusercontent.com/pasqualelembo78/huntix-poi/main/italia/toscana/sconosciuta/pages/gelati_43.6415_11.9874.json,custom
43.820534,11.120988,osm_hidron_43.8205_11.1210,hidron,bar_cafe,bar_cafe,https://raw.githubusercontent.com/pasqualelembo78/huntix-poi/main/italia/toscana/sconosciuta/pages/hidron_43.8205_11.1210.json,custom
43.820873,11.138313,osm_ballerini_teatro_43.8209_11.1383,Ballerini Teatro,bar_cafe,bar_cafe,https://raw.githubusercontent.com/pasqualelembo78/huntix-poi/main/italia/toscana/sconosciuta/pages/ballerini_teatro_43.8209_11.1383.json,custom
43.838777,10.967542,osm_river_pub_43.8388_10.9675,River Pub,bar_cafe,bar_cafe,https://raw.githubusercontent.com/pasqualelembo78/huntix-poi/main/italia/toscana/sconosciuta/pages/river_pub_43.8388_10.9675.json,custom
43.872183,11.107091,osm_fox_inn_43.8722_11.1071,Fox Inn,bar_cafe,bar_cafe,https://raw.githubusercontent.com/pasqualelembo78/huntix-poi/main/italia/toscana/sconosciuta/pages/fox_inn_43.8722_11.1071.json,custom
43.802093,11.132274,osm_circolo_rinascita_43.8021_11.1323,Circolo Rinascita,bar_cafe,bar_cafe,https://raw.githubusercontent.com/pasqualelembo78/huntix-poi/main/italia/toscana/sconosciuta/pages/circolo_rinascita_43.8021_11.1323.json,custom
43.437991,12.159560,osm_il_poggio_bar_43.4380_12.1596,Il Poggio bar,bar_cafe,bar_cafe,https://raw.githubusercontent.com/pasqualelembo78/huntix-poi/main/italia/toscana/sconosciuta/pages/il_poggio_bar_43.4380_12.1596.json,custom
43.895478,11.100109,osm_dammi_un_bacino_43.8955_11.1001,Dammi un bacino,bar_cafe,bar_cafe,https://raw.githubusercontent.com/pasqualelembo78/huntix-poi/main/italia/toscana/sconosciuta/pages/dammi_un_bacino_43.8955_11.1001.json,custom
43.814518,11.143463,osm_gilda_43.8145_11.1435,Gilda,bar_cafe,bar_cafe,https://raw.githubusercontent.com/pasqualelembo78/huntix-poi/main/italia/toscana/sconosciuta/pages/gilda_43.8145_11.1435.json,custom
43.980363,10.231960,osm_cro_arci_43.9804_10.2320,Cro Arci,bar_cafe,bar_cafe,https://raw.githubusercontent.com/pasqualelembo78/huntix-poi/main/italia/toscana/sconosciuta/pages/cro_arci_43.9804_10.2320.json,custom
43.685975,10.664851,osm_circolo_la_perla_43.6860_10.6649,Circolo La Perla,bar_cafe,bar_cafe,https://raw.githubusercontent.com/pasqualelembo78/huntix-poi/main/italia/toscana/sconosciuta/pages/circolo_la_perla_43.6860_10.6649.json,custom
43.437309,12.162287,osm_oscari_bar_43.4373_12.1623,Oscari Bar,bar_cafe,bar_cafe,https://raw.githubusercontent.com/pasqualelembo78/huntix-poi/main/italia/toscana/sconosciuta/pages/oscari_bar_43.4373_12.1623.json,custom
43.809272,11.138744,osm_circolo_la_fratellanza_43.8093_11.1387,Circolo la Fratellanza,bar_cafe,bar_cafe,https://raw.githubusercontent.com/pasqualelembo78/huntix-poi/main/italia/toscana/sconosciuta/pages/circolo_la_fratellanza_43.8093_11.1387.json,custom
43.691710,10.460765,osm_pasticceria_mannocci_43.6917_10.4608,Pasticceria Mannocci,bar_cafe,bar_cafe,https://raw.githubusercontent.com/pasqualelembo78/huntix-poi/main/italia/toscana/sconosciuta/pages/pasticceria_mannocci_43.6917_10.4608.json,custom
43.110196,12.352374,osm_bar_massiano_43.1102_12.3524,Bar Massiano,bar_cafe,bar_cafe,https://raw.githubusercontent.com/pasqualelembo78/huntix-poi/main/italia/toscana/sconosciuta/pages/bar_massiano_43.1102_12.3524.json,custom
43.374675,12.253323,osm_sibar_43.3747_12.2533,Sibar,bar_cafe,bar_cafe,https://raw.githubusercontent.com/pasqualelembo78/huntix-poi/main/italia/toscana/sconosciuta/pages/sibar_43.3747_12.2533.json,custom
43.684623,10.797907,osm_casa_del_popolo_43.6846_10.7979,Casa del Popolo,bar_cafe,bar_cafe,https://raw.githubusercontent.com/pasqualelembo78/huntix-poi/main/italia/toscana/sconosciuta/pages/casa_del_popolo_43.6846_10.7979.json,custom
43.687337,10.664233,osm_bar_maccanti_43.6873_10.6642,Bar Maccanti,bar_cafe,bar_cafe,https://raw.githubusercontent.com/pasqualelembo78/huntix-poi/main/italia/toscana/sconosciuta/pages/bar_maccanti_43.6873_10.6642.json,custom
43.797685,11.129065,osm_circolo_s_o_r_m_s_43.7977_11.1291,Circolo S.O.R.M.S,bar_cafe,bar_cafe,https://raw.githubusercontent.com/pasqualelembo78/huntix-poi/main/italia/toscana/sconosciuta/pages/circolo_sorms_43.7977_11.1291.json,custom
43.363633,12.326815,osm_aries_cafe_43.3636_12.3268,Aries Cafe,bar_cafe,bar_cafe,https://raw.githubusercontent.com/pasqualelembo78/huntix-poi/main/italia/toscana/sconosciuta/pages/aries_cafe_43.3636_12.3268.json,custom
43.442140,12.437523,osm_bar_43.4421_12.4375,Bar,bar_cafe,bar_cafe,https://raw.githubusercontent.com/pasqualelembo78/huntix-poi/main/italia/toscana/sconosciuta/pages/bar_43.4421_12.4375.json,custom
43.442753,12.437240,osm_bar_tinca_43.4428_12.4372,Bar Tinca,bar_cafe,bar_cafe,https://raw.githubusercontent.com/pasqualelembo78/huntix-poi/main/italia/toscana/sconosciuta/pages/bar_tinca_43.4428_12.4372.json,custom
43.443044,12.437273,osm_covo_di_nordest_bar_43.4430_12.4373,Covo di NordEst bar,bar_cafe,bar_cafe,https://raw.githubusercontent.com/pasqualelembo78/huntix-poi/main/italia/toscana/sconosciuta/pages/covo_di_nordest_bar_43.4430_12.4373.json,custom
43.246332,12.143761,osm_bar_garibaldi_43.2463_12.1438,Bar Garibaldi,bar_cafe,bar_cafe,https://raw.githubusercontent.com/pasqualelembo78/huntix-poi/main/italia/toscana/sconosciuta/pages/bar_garibaldi_43.2463_12.1438.json,custom
43.460862,12.238380,osm_caff__san_giacomo_43.4609_12.2384,Caffé San Giacomo,bar_cafe,bar_cafe,https://raw.githubusercontent.com/pasqualelembo78/huntix-poi/main/italia/toscana/sconosciuta/pages/caff_san_giacomo_43.4609_12.2384.json,custom
43.791655,11.237199,osm_caff__mir__43.7917_11.2372,Caffè Mirò,bar_cafe,bar_cafe,https://raw.githubusercontent.com/pasqualelembo78/huntix-poi/main/italia/toscana/sconosciuta/pages/caff_mir_43.7917_11.2372.json,custom
42.640597,11.983114,osm_oasi_bar_gelateria_42.6406_11.9831,Oasi Bar Gelateria,bar_cafe,bar_cafe,https://raw.githubusercontent.com/pasqualelembo78/huntix-poi/main/italia/toscana/sconosciuta/pages/oasi_bar_gelateria_42.6406_11.9831.json,custom
42.644468,11.986349,osm_giardinetti_42.6445_11.9863,Giardinetti,bar_cafe,bar_cafe,https://raw.githubusercontent.com/pasqualelembo78/huntix-poi/main/italia/toscana/sconosciuta/pages/giardinetti_42.6445_11.9863.json,custom
43.887459,11.100047,osm_l_oasi_dei_golosi_43.8875_11.1000,L'oasi dei golosi,bar_cafe,bar_cafe,https://raw.githubusercontent.com/pasqualelembo78/huntix-poi/main/italia/toscana/sconosciuta/pages/loasi_dei_golosi_43.8875_11.1000.json,custom
43.872129,11.742910,osm_alpen___bar_43.8721_11.7429,Alpen - Bar,bar_cafe,bar_cafe,https://raw.githubusercontent.com/pasqualelembo78/huntix-poi/main/italia/toscana/sconosciuta/pages/alpen_-_bar_43.8721_11.7429.json,custom
42.644222,11.976643,osm_la_pineta_42.6442_11.9766,La Pineta,bar_cafe,bar_cafe,https://raw.githubusercontent.com/pasqualelembo78/huntix-poi/main/italia/toscana/sconosciuta/pages/la_pineta_42.6442_11.9766.json,custom
42.645479,11.984931,osm_la_piazzetta_42.6455_11.9849,La Piazzetta,bar_cafe,bar_cafe,https://raw.githubusercontent.com/pasqualelembo78/huntix-poi/main/italia/toscana/sconosciuta/pages/la_piazzetta_42.6455_11.9849.json,custom
42.643528,11.985601,osm_malaika_blu_bar_42.6435_11.9856,Malaika Blu Bar,bar_cafe,bar_cafe,https://raw.githubusercontent.com/pasqualelembo78/huntix-poi/main/italia/toscana/sconosciuta/pages/malaika_blu_bar_42.6435_11.9856.json,custom
42.643955,11.988014,osm_bar_del_corso_42.6440_11.9880,Bar del Corso,bar_cafe,bar_cafe,https://raw.githubusercontent.com/pasqualelembo78/huntix-poi/main/italia/toscana/sconosciuta/pages/bar_del_corso_42.6440_11.9880.json,custom
42.643017,11.988966,osm_insomnia_cafe__42.6430_11.9890,Insomnia Cafe',bar_cafe,bar_cafe,https://raw.githubusercontent.com/pasqualelembo78/huntix-poi/main/italia/toscana/sconosciuta/pages/insomnia_cafe_42.6430_11.9890.json,custom
42.644763,11.986784,osm_caffellatte_42.6448_11.9868,Caffellatte,bar_cafe,bar_cafe,https://raw.githubusercontent.com/pasqualelembo78/huntix-poi/main/italia/toscana/sconosciuta/pages/caffellatte_42.6448_11.9868.json,custom
42.693035,11.815656,osm_bar_centrale_42.6930_11.8157,Bar Centrale,bar_cafe,bar_cafe,https://raw.githubusercontent.com/pasqualelembo78/huntix-poi/main/italia/toscana/sconosciuta/pages/bar_centrale_42.6930_11.8157.json,custom
43.827027,11.123786,osm_red_noir_43.8270_11.1238,Red Noir,bar_cafe,bar_cafe,https://raw.githubusercontent.com/pasqualelembo78/huntix-poi/main/italia/toscana/sconosciuta/pages/red_noir_43.8270_11.1238.json,custom
43.824879,10.280961,osm_bar_pasticceria_caff__e_delizie_43.8249_10.2810,Bar pasticceria Caffè e delizie,bar_cafe,bar_cafe,https://raw.githubusercontent.com/pasqualelembo78/huntix-poi/main/italia/toscana/sconosciuta/pages/bar_pasticceria_caff_e_delizie_43.8249_10.2810.json,custom
43.826438,10.257264,osm_mamamia_43.8264_10.2573,mamamia,bar_cafe,bar_cafe,https://raw.githubusercontent.com/pasqualelembo78/huntix-poi/main/italia/toscana/sconosciuta/pages/mamamia_43.8264_10.2573.json,custom
42.373886,12.391978,osm_green_bar_42.3739_12.3920,Green Bar,bar_cafe,bar_cafe,https://raw.githubusercontent.com/pasqualelembo78/huntix-poi/main/italia/toscana/sconosciuta/pages/green_bar_42.3739_12.3920.json,custom
43.894737,11.356400,osm_sophia_43.8947_11.3564,Sophia,bar_cafe,bar_cafe,https://raw.githubusercontent.com/pasqualelembo78/huntix-poi/main/italia/toscana/sconosciuta/pages/sophia_43.8947_11.3564.json,custom
42.326197,11.620145,osm_la_piazzetta_42.3262_11.6201,La Piazzetta,bar_cafe,bar_cafe,https://raw.githubusercontent.com/pasqualelembo78/huntix-poi/main/italia/toscana/sconosciuta/pages/la_piazzetta_42.3262_11.6201.json,custom
43.970585,10.540991,osm_caff__celeste_43.9706_10.5410,Caffè Celeste,bar_cafe,bar_cafe,https://raw.githubusercontent.com/pasqualelembo78/huntix-poi/main/italia/toscana/sconosciuta/pages/caff_celeste_43.9706_10.5410.json,custom
43.729687,11.536905,osm_pasticceria___caff____gelateria_saltino_43.7297_11.5369,Pasticceria - Caffè - Gelateria SALTINO,bar_cafe,bar_cafe,https://raw.githubusercontent.com/pasqualelembo78/huntix-poi/main/italia/toscana/sconosciuta/pages/pasticceria_-_caff_-_gelateria_saltino_43.7297_11.5369.json,custom
43.461926,11.885830,osm_mr__bloom_pub_43.4619_11.8858,Mr. Bloom Pub,bar_cafe,bar_cafe,https://raw.githubusercontent.com/pasqualelembo78/huntix-poi/main/italia/toscana/sconosciuta/pages/mr_bloom_pub_43.4619_11.8858.json,custom
43.047707,9.842226,osm_bar_barracuda_43.0477_9.8422,Bar Barracuda,bar_cafe,bar_cafe,https://raw.githubusercontent.com/pasqualelembo78/huntix-poi/main/italia/toscana/sconosciuta/pages/bar_barracuda_43.0477_9.8422.json,custom
43.092465,12.367446,osm_il_dollaro_pub_43.0925_12.3674,Il Dollaro Pub,bar_cafe,bar_cafe,https://raw.githubusercontent.com/pasqualelembo78/huntix-poi/main/italia/toscana/sconosciuta/pages/il_dollaro_pub_43.0925_12.3674.json,custom
43.095469,12.385109,osm_bad_king_pub_pizz__43.0955_12.3851,Bad King pub pizz.,bar_cafe,bar_cafe,https://raw.githubusercontent.com/pasqualelembo78/huntix-poi/main/italia/toscana/sconosciuta/pages/bad_king_pub_pizz_43.0955_12.3851.json,custom
43.813109,11.055293,osm_cavalieri_43.8131_11.0553,Cavalieri,bar_cafe,bar_cafe,https://raw.githubusercontent.com/pasqualelembo78/huntix-poi/main/italia/toscana/sconosciuta/pages/cavalieri_43.8131_11.0553.json,custom
43.812830,11.055379,osm_diamante_43.8128_11.0554,Diamante,bar_cafe,bar_cafe,https://raw.githubusercontent.com/pasqualelembo78/huntix-poi/main/italia/toscana/sconosciuta/pages/diamante_43.8128_11.0554.json,custom
43.721146,11.452688,osm_ladys_bar_43.7211_11.4527,Ladys Bar,bar_cafe,bar_cafe,https://raw.githubusercontent.com/pasqualelembo78/huntix-poi/main/italia/toscana/sconosciuta/pages/ladys_bar_43.7211_11.4527.json,custom
43.833565,11.145322,osm_la_vela_43.8336_11.1453,La vela,bar_cafe,bar_cafe,https://raw.githubusercontent.com/pasqualelembo78/huntix-poi/main/italia/toscana/sconosciuta/pages/la_vela_43.8336_11.1453.json,custom
43.880966,11.100495,osm_wallace_pub_43.8810_11.1005,Wallace Pub,bar_cafe,bar_cafe,https://raw.githubusercontent.com/pasqualelembo78/huntix-poi/main/italia/toscana/sconosciuta/pages/wallace_pub_43.8810_11.1005.json,custom
42.103762,12.173104,osm_caff__stazione_42.1038_12.1731,Caffè Stazione,bar_cafe,bar_cafe,https://raw.githubusercontent.com/pasqualelembo78/huntix-poi/main/italia/toscana/sconosciuta/pages/caff_stazione_42.1038_12.1731.json,custom
43.312997,10.632826,osm_la_fonte_43.3130_10.6328,La Fonte,bar_cafe,bar_cafe,https://raw.githubusercontent.com/pasqualelembo78/huntix-poi/main/italia/toscana/sconosciuta/pages/la_fonte_43.3130_10.6328.json,custom
43.875051,11.041925,osm_circolo_verdi_43.8751_11.0419,Circolo Verdi,bar_cafe,bar_cafe,https://raw.githubusercontent.com/pasqualelembo78/huntix-poi/main/italia/toscana/sconosciuta/pages/circolo_verdi_43.8751_11.0419.json,custom
43.878326,11.054845,osm_la_vita___bella_43.8783_11.0548,La Vita è Bella,bar_cafe,bar_cafe,https://raw.githubusercontent.com/pasqualelembo78/huntix-poi/main/italia/toscana/sconosciuta/pages/la_vita_bella_43.8783_11.0548.json,custom
43.870250,11.053614,osm_barock_43.8702_11.0536,Barock,bar_cafe,bar_cafe,https://raw.githubusercontent.com/pasqualelembo78/huntix-poi/main/italia/toscana/sconosciuta/pages/barock_43.8702_11.0536.json,custom
43.876317,11.059893,osm_la_dolce_vita_43.8763_11.0599,La Dolce Vita,bar_cafe,bar_cafe,https://raw.githubusercontent.com/pasqualelembo78/huntix-poi/main/italia/toscana/sconosciuta/pages/la_dolce_vita_43.8763_11.0599.json,custom
43.911931,10.918563,osm_enea_43.9119_10.9186,Enea,bar_cafe,bar_cafe,https://raw.githubusercontent.com/pasqualelembo78/huntix-poi/main/italia/toscana/sconosciuta/pages/enea_43.9119_10.9186.json,custom
43.911485,10.918719,osm_giannoni_43.9115_10.9187,Giannoni,bar_cafe,bar_cafe,https://raw.githubusercontent.com/pasqualelembo78/huntix-poi/main/italia/toscana/sconosciuta/pages/giannoni_43.9115_10.9187.json,custom
43.503726,12.305920,osm_bar___panini_43.5037_12.3059,Bar - Panini,bar_cafe,bar_cafe,https://raw.githubusercontent.com/pasqualelembo78/huntix-poi/main/italia/toscana/sconosciuta/pages/bar_-_panini_43.5037_12.3059.json,custom
43.503904,12.306501,osm_bar___panini_43.5039_12.3065,Bar - Panini,bar_cafe,bar_cafe,https://raw.githubusercontent.com/pasqualelembo78/huntix-poi/main/italia/toscana/sconosciuta/pages/bar_-_panini_43.5039_12.3065.json,custom
43.199114,12.223573,osm_cafe_di_piazza_montarone_43.1991_12.2236,Cafe di Piazza Montarone,bar_cafe,bar_cafe,https://raw.githubusercontent.com/pasqualelembo78/huntix-poi/main/italia/toscana/sconosciuta/pages/cafe_di_piazza_montarone_43.1991_12.2236.json,custom
42.378285,12.438996,osm_il_barcarolo_42.3783_12.4390,Il Barcarolo,bar_cafe,bar_cafe,https://raw.githubusercontent.com/pasqualelembo78/huntix-poi/main/italia/toscana/sconosciuta/pages/il_barcarolo_42.3783_12.4390.json,custom
43.459841,12.119407,osm_bar_pub_il_pretino_43.4598_12.1194,Bar Pub il Pretino,bar_cafe,bar_cafe,https://raw.githubusercontent.com/pasqualelembo78/huntix-poi/main/italia/toscana/sconosciuta/pages/bar_pub_il_pretino_43.4598_12.1194.json,custom
43.367041,12.267924,osm_portobello_caf__43.3670_12.2679,Portobello Café,bar_cafe,bar_cafe,https://raw.githubusercontent.com/pasqualelembo78/huntix-poi/main/italia/toscana/sconosciuta/pages/portobello_caf_43.3670_12.2679.json,custom
43.869099,10.753486,osm_pasticceria_europa_43.8691_10.7535,Pasticceria Europa,bar_cafe,bar_cafe,https://raw.githubusercontent.com/pasqualelembo78/huntix-poi/main/italia/toscana/sconosciuta/pages/pasticceria_europa_43.8691_10.7535.json,custom
43.880886,11.096034,osm_caf__la_posta_43.8809_11.0960,Cafè La Posta,bar_cafe,bar_cafe,https://raw.githubusercontent.com/pasqualelembo78/huntix-poi/main/italia/toscana/sconosciuta/pages/caf_la_posta_43.8809_11.0960.json,custom
43.049707,10.531958,osm_lago_verde_43.0497_10.5320,Lago verde,bar_cafe,bar_cafe,https://raw.githubusercontent.com/pasqualelembo78/huntix-poi/main/italia/toscana/sconosciuta/pages/lago_verde_43.0497_10.5320.json,custom
43.305730,12.336959,osm_l_arte_del_gusto_43.3057_12.3370,L'arte del Gusto,bar_cafe,bar_cafe,https://raw.githubusercontent.com/pasqualelembo78/huntix-poi/main/italia/toscana/sconosciuta/pages/larte_del_gusto_43.3057_12.3370.json,custom
43.792918,11.246322,osm_fiorentini_caff__43.7929_11.2463,Fiorentini Caffè,bar_cafe,bar_cafe,https://raw.githubusercontent.com/pasqualelembo78/huntix-poi/main/italia/toscana/sconosciuta/pages/fiorentini_caff_43.7929_11.2463.json,custom
42.932347,11.967853,osm_bar_fondovalle_42.9323_11.9679,Bar Fondovalle,bar_cafe,bar_cafe,https://raw.githubusercontent.com/pasqualelembo78/huntix-poi/main/italia/toscana/sconosciuta/pages/bar_fondovalle_42.9323_11.9679.json,custom
43.304425,12.331731,osm_bar_2010_43.3044_12.3317,Bar 2010,bar_cafe,bar_cafe,https://raw.githubusercontent.com/pasqualelembo78/huntix-poi/main/italia/toscana/sconosciuta/pages/bar_2010_43.3044_12.3317.json,custom
43.364936,12.268127,osm_gold_caff__43.3649_12.2681,Gold Caffé,bar_cafe,bar_cafe,https://raw.githubusercontent.com/pasqualelembo78/huntix-poi/main/italia/toscana/sconosciuta/pages/gold_caff_43.3649_12.2681.json,custom
43.869915,11.123743,osm_las_vegas_43.8699_11.1237,Las Vegas,bar_cafe,bar_cafe,https://raw.githubusercontent.com/pasqualelembo78/huntix-poi/main/italia/toscana/sconosciuta/pages/las_vegas_43.8699_11.1237.json,custom
43.688839,11.334321,osm_circolo_sms_quarate_43.6888_11.3343,Circolo SMS Quarate,bar_cafe,bar_cafe,https://raw.githubusercontent.com/pasqualelembo78/huntix-poi/main/italia/toscana/sconosciuta/pages/circolo_sms_quarate_43.6888_11.3343.json,custom
43.870278,10.339680,osm_pasticceria_serena_43.8703_10.3397,pasticceria Serena,bar_cafe,bar_cafe,https://raw.githubusercontent.com/pasqualelembo78/huntix-poi/main/italia/toscana/sconosciuta/pages/pasticceria_serena_43.8703_10.3397.json,custom
43.880313,11.097418,osm_bigonge_bar_43.8803_11.0974,Bigonge Bar,bar_cafe,bar_cafe,https://raw.githubusercontent.com/pasqualelembo78/huntix-poi/main/italia/toscana/sconosciuta/pages/bigonge_bar_43.8803_11.0974.json,custom
43.880365,11.096884,osm_caff__buonamici_43.8804_11.0969,Caffè Buonamici,bar_cafe,bar_cafe,https://raw.githubusercontent.com/pasqualelembo78/huntix-poi/main/italia/toscana/sconosciuta/pages/caff_buonamici_43.8804_11.0969.json,custom
43.769874,11.253676,osm_the_old_stove___irish_pub_43.7699_11.2537,The old stove - Irish Pub,bar_cafe,bar_cafe,https://raw.githubusercontent.com/pasqualelembo78/huntix-poi/main/italia/toscana/sconosciuta/pages/the_old_stove_-_irish_pub_43.7699_11.2537.json,custom
43.783263,11.035150,osm_circolo_di_artimino_43.7833_11.0351,Circolo Di Artimino,bar_cafe,bar_cafe,https://raw.githubusercontent.com/pasqualelembo78/huntix-poi/main/italia/toscana/sconosciuta/pages/circolo_di_artimino_43.7833_11.0351.json,custom
42.419411,11.872917,osm_san_marco_42.4194_11.8729,San Marco,bar_cafe,bar_cafe,https://raw.githubusercontent.com/pasqualelembo78/huntix-poi/main/italia/toscana/sconosciuta/pages/san_marco_42.4194_11.8729.json,custom
42.416972,11.875340,osm_il_rivellino_42.4170_11.8753,Il Rivellino,bar_cafe,bar_cafe,https://raw.githubusercontent.com/pasqualelembo78/huntix-poi/main/italia/toscana/sconosciuta/pages/il_rivellino_42.4170_11.8753.json,custom
43.983359,11.216501,osm_hamericas_43.9834_11.2165,Hamericas,bar_cafe,bar_cafe,https://raw.githubusercontent.com/pasqualelembo78/huntix-poi/main/italia/toscana/sconosciuta/pages/hamericas_43.9834_11.2165.json,custom
43.985124,11.213261,osm_mediceo_43.9851_11.2133,Mediceo,bar_cafe,bar_cafe,https://raw.githubusercontent.com/pasqualelembo78/huntix-poi/main/italia/toscana/sconosciuta/pages/mediceo_43.9851_11.2133.json,custom
43.985042,11.215618,osm_farinella_43.9850_11.2156,Farinella,bar_cafe,bar_cafe,https://raw.githubusercontent.com/pasqualelembo78/huntix-poi/main/italia/toscana/sconosciuta/pages/farinella_43.9850_11.2156.json,custom
43.840930,10.749092,osm_bar_crystal_43.8409_10.7491,Bar Crystal,bar_cafe,bar_cafe,https://raw.githubusercontent.com/pasqualelembo78/huntix-poi/main/italia/toscana/sconosciuta/pages/bar_crystal_43.8409_10.7491.json,custom
43.133574,11.857278,osm_i_tigli_43.1336_11.8573,I Tigli,bar_cafe,bar_cafe,https://raw.githubusercontent.com/pasqualelembo78/huntix-poi/main/italia/toscana/sconosciuta/pages/i_tigli_43.1336_11.8573.json,custom
42.149068,11.937843,osm_a_s_d__tolfa_calcio_42.1491_11.9378,A.S.D. Tolfa Calcio,bar_cafe,bar_cafe,https://raw.githubusercontent.com/pasqualelembo78/huntix-poi/main/italia/toscana/sconosciuta/pages/asd_tolfa_calcio_42.1491_11.9378.json,custom
42.148862,11.938399,osm_bar_blu_moon_42.1489_11.9384,Bar Blu Moon,bar_cafe,bar_cafe,https://raw.githubusercontent.com/pasqualelembo78/huntix-poi/main/italia/toscana/sconosciuta/pages/bar_blu_moon_42.1489_11.9384.json,custom
43.787424,11.397087,osm_croce_azzurra_43.7874_11.3971,Croce Azzurra,bar_cafe,bar_cafe,https://raw.githubusercontent.com/pasqualelembo78/huntix-poi/main/italia/toscana/sconosciuta/pages/croce_azzurra_43.7874_11.3971.json,custom
43.257045,12.381620,osm_bar_43.2570_12.3816,Bar,bar_cafe,bar_cafe,https://raw.githubusercontent.com/pasqualelembo78/huntix-poi/main/italia/toscana/sconosciuta/pages/bar_43.2570_12.3816.json,custom
43.797189,11.148197,osm_sexy_bar_43.7972_11.1482,sexy bar,bar_cafe,bar_cafe,https://raw.githubusercontent.com/pasqualelembo78/huntix-poi/main/italia/toscana/sconosciuta/pages/sexy_bar_43.7972_11.1482.json,custom
43.707169,10.376440,osm_bar_erzeni_43.7072_10.3764,Bar Erzeni,bar_cafe,bar_cafe,https://raw.githubusercontent.com/pasqualelembo78/huntix-poi/main/italia/toscana/sconosciuta/pages/bar_erzeni_43.7072_10.3764.json,custom
43.710493,10.401579,osm_la_fortezza_43.7105_10.4016,La Fortezza,bar_cafe,bar_cafe,https://raw.githubusercontent.com/pasqualelembo78/huntix-poi/main/italia/toscana/sconosciuta/pages/la_fortezza_43.7105_10.4016.json,custom
43.109794,12.387562,osm_joyce_43.1098_12.3876,Joyce,bar_cafe,bar_cafe,https://raw.githubusercontent.com/pasqualelembo78/huntix-poi/main/italia/toscana/sconosciuta/pages/joyce_43.1098_12.3876.json,custom
43.261847,12.392447,osm_bar_katia_43.2618_12.3924,Bar Katia,bar_cafe,bar_cafe,https://raw.githubusercontent.com/pasqualelembo78/huntix-poi/main/italia/toscana/sconosciuta/pages/bar_katia_43.2618_12.3924.json,custom
43.261613,12.392537,osm_bar_maxim_43.2616_12.3925,Bar Maxim,bar_cafe,bar_cafe,https://raw.githubusercontent.com/pasqualelembo78/huntix-poi/main/italia/toscana/sconosciuta/pages/bar_maxim_43.2616_12.3925.json,custom
43.127217,10.643193,osm_bar_roma_43.1272_10.6432,Bar Roma,bar_cafe,bar_cafe,https://raw.githubusercontent.com/pasqualelembo78/huntix-poi/main/italia/toscana/sconosciuta/pages/bar_roma_43.1272_10.6432.json,custom
43.128759,10.644052,osm_bar_sport_43.1288_10.6441,Bar Sport,bar_cafe,bar_cafe,https://raw.githubusercontent.com/pasqualelembo78/huntix-poi/main/italia/toscana/sconosciuta/pages/bar_sport_43.1288_10.6441.json,custom
42.372682,12.402408,osm_doc_music_42.3727_12.4024,DOC Music,bar_cafe,bar_cafe,https://raw.githubusercontent.com/pasqualelembo78/huntix-poi/main/italia/toscana/sconosciuta/pages/doc_music_42.3727_12.4024.json,custom
43.470568,11.879880,osm_polverini_43.4706_11.8799,Polverini,bar_cafe,bar_cafe,https://raw.githubusercontent.com/pasqualelembo78/huntix-poi/main/italia/toscana/sconosciuta/pages/polverini_43.4706_11.8799.json,custom
43.467052,11.881460,osm_bar_duomo_43.4671_11.8815,Bar duomo,bar_cafe,bar_cafe,https://raw.githubusercontent.com/pasqualelembo78/huntix-poi/main/italia/toscana/sconosciuta/pages/bar_duomo_43.4671_11.8815.json,custom
43.209045,11.802909,osm_timory_pub_43.2090_11.8029,Timory Pub,bar_cafe,bar_cafe,https://raw.githubusercontent.com/pasqualelembo78/huntix-poi/main/italia/toscana/sconosciuta/pages/timory_pub_43.2090_11.8029.json,custom
43.932793,10.916182,osm_la_degna_tana_43.9328_10.9162,La Degna Tana,bar_cafe,bar_cafe,https://raw.githubusercontent.com/pasqualelembo78/huntix-poi/main/italia/toscana/sconosciuta/pages/la_degna_tana_43.9328_10.9162.json,custom
43.461896,11.876734,osm_bar_dolceamaro_43.4619_11.8767,Bar Dolceamaro,bar_cafe,bar_cafe,https://raw.githubusercontent.com/pasqualelembo78/huntix-poi/main/italia/toscana/sconosciuta/pages/bar_dolceamaro_43.4619_11.8767.json,custom
43.690747,11.453968,osm_fashion_groove_cafe___43.6907_11.4540,Fashion Groove Cafe ',bar_cafe,bar_cafe,https://raw.githubusercontent.com/pasqualelembo78/huntix-poi/main/italia/toscana/sconosciuta/pages/fashion_groove_cafe__43.6907_11.4540.json,custom
42.887152,11.667244,osm_il_punto_bar_42.8872_11.6672,Il Punto Bar,bar_cafe,bar_cafe,https://raw.githubusercontent.com/pasqualelembo78/huntix-poi/main/italia/toscana/sconosciuta/pages/il_punto_bar_42.8872_11.6672.json,custom
42.963564,10.536656,osm_bar_fiorentina_42.9636_10.5367,Bar Fiorentina,bar_cafe,bar_cafe,https://raw.githubusercontent.com/pasqualelembo78/huntix-poi/main/italia/toscana/sconosciuta/pages/bar_fiorentina_42.9636_10.5367.json,custom
43.882712,10.687230,osm_bar_hibiscus_43.8827_10.6872,Bar Hibiscus,bar_cafe,bar_cafe,https://raw.githubusercontent.com/pasqualelembo78/huntix-poi/main/italia/toscana/sconosciuta/pages/bar_hibiscus_43.8827_10.6872.json,custom
43.644610,11.547534,osm_circolo_m_c_l__43.6446_11.5475,Circolo M.C.L.,bar_cafe,bar_cafe,https://raw.githubusercontent.com/pasqualelembo78/huntix-poi/main/italia/toscana/sconosciuta/pages/circolo_mcl_43.6446_11.5475.json,custom
42.933002,10.511659,osm_bar_salivoli_42.9330_10.5117,Bar Salivoli,bar_cafe,bar_cafe,https://raw.githubusercontent.com/pasqualelembo78/huntix-poi/main/italia/toscana/sconosciuta/pages/bar_salivoli_42.9330_10.5117.json,custom
43.880742,10.778037,osm_bar_nicco_43.8807_10.7780,Bar Nicco,bar_cafe,bar_cafe,https://raw.githubusercontent.com/pasqualelembo78/huntix-poi/main/italia/toscana/sconosciuta/pages/bar_nicco_43.8807_10.7780.json,custom
43.807742,11.238514,osm_laquale_43.8077_11.2385,Laquale,bar_cafe,bar_cafe,https://raw.githubusercontent.com/pasqualelembo78/huntix-poi/main/italia/toscana/sconosciuta/pages/laquale_43.8077_11.2385.json,custom
43.870835,10.341889,osm_glamour_caff__43.8708_10.3419,Glamour Caffè,bar_cafe,bar_cafe,https://raw.githubusercontent.com/pasqualelembo78/huntix-poi/main/italia/toscana/sconosciuta/pages/glamour_caff_43.8708_10.3419.json,custom
43.880479,10.709272,osm_bar_pasticceria_riccomi_43.8805_10.7093,Bar Pasticceria Riccomi,bar_cafe,bar_cafe,https://raw.githubusercontent.com/pasqualelembo78/huntix-poi/main/italia/toscana/sconosciuta/pages/bar_pasticceria_riccomi_43.8805_10.7093.json,custom
43.888731,10.696286,osm_pasticceria_zucchero_43.8887_10.6963,Pasticceria Zucchero,bar_cafe,bar_cafe,https://raw.githubusercontent.com/pasqualelembo78/huntix-poi/main/italia/toscana/sconosciuta/pages/pasticceria_zucchero_43.8887_10.6963.json,custom
43.859264,10.347149,osm_bar_tabacchi_spuntini_43.8593_10.3471,Bar Tabacchi Spuntini,bar_cafe,bar_cafe,https://raw.githubusercontent.com/pasqualelembo78/huntix-poi/main/italia/toscana/sconosciuta/pages/bar_tabacchi_spuntini_43.8593_10.3471.json,custom
43.855510,10.354681,osm_bar_tabacchi_macellarino_43.8555_10.3547,Bar Tabacchi Macellarino,bar_cafe,bar_cafe,https://raw.githubusercontent.com/pasqualelembo78/huntix-poi/main/italia/toscana/sconosciuta/pages/bar_tabacchi_macellarino_43.8555_10.3547.json,custom
43.900701,10.687870,osm_bar_centrale_43.9007_10.6879,Bar Centrale,bar_cafe,bar_cafe,https://raw.githubusercontent.com/pasqualelembo78/huntix-poi/main/italia/toscana/sconosciuta/pages/bar_centrale_43.9007_10.6879.json,custom
43.895975,10.687980,osm_bar_gran_caff__43.8960_10.6880,Bar Gran Caffè,bar_cafe,bar_cafe,https://raw.githubusercontent.com/pasqualelembo78/huntix-poi/main/italia/toscana/sconosciuta/pages/bar_gran_caff_43.8960_10.6880.json,custom
43.910737,10.791996,osm_bar_vannini_43.9107_10.7920,Bar Vannini,bar_cafe,bar_cafe,https://raw.githubusercontent.com/pasqualelembo78/huntix-poi/main/italia/toscana/sconosciuta/pages/bar_vannini_43.9107_10.7920.json,custom
43.909440,10.797848,osm_arci_nievole_43.9094_10.7978,Arci Nievole,bar_cafe,bar_cafe,https://raw.githubusercontent.com/pasqualelembo78/huntix-poi/main/italia/toscana/sconosciuta/pages/arci_nievole_43.9094_10.7978.json,custom
43.864035,10.359200,osm_snack_bar_la_penichella_43.8640_10.3592,Snack Bar la Penichella,bar_cafe,bar_cafe,https://raw.githubusercontent.com/pasqualelembo78/huntix-poi/main/italia/toscana/sconosciuta/pages/snack_bar_la_penichella_43.8640_10.3592.json,custom
43.535895,10.341796,osm_bar_vivaldi_43.5359_10.3418,Bar Vivaldi,bar_cafe,bar_cafe,https://raw.githubusercontent.com/pasqualelembo78/huntix-poi/main/italia/toscana/sconosciuta/pages/bar_vivaldi_43.5359_10.3418.json,custom
43.867242,10.341512,osm_bar_misericordia_43.8672_10.3415,Bar Misericordia,bar_cafe,bar_cafe,https://raw.githubusercontent.com/pasqualelembo78/huntix-poi/main/italia/toscana/sconosciuta/pages/bar_misericordia_43.8672_10.3415.json,custom
43.897368,10.690584,osm_le_iene_caff__43.8974_10.6906,Le Iene Caffè,bar_cafe,bar_cafe,https://raw.githubusercontent.com/pasqualelembo78/huntix-poi/main/italia/toscana/sconosciuta/pages/le_iene_caff_43.8974_10.6906.json,custom
43.100162,12.318498,osm_caff__brama_43.1002_12.3185,Caffé Brama,bar_cafe,bar_cafe,https://raw.githubusercontent.com/pasqualelembo78/huntix-poi/main/italia/toscana/sconosciuta/pages/caff_brama_43.1002_12.3185.json,custom
43.802187,11.237126,osm_scrath_43.8022_11.2371,Scrath,bar_cafe,bar_cafe,https://raw.githubusercontent.com/pasqualelembo78/huntix-poi/main/italia/toscana/sconosciuta/pages/scrath_43.8022_11.2371.json,custom
43.895960,10.318785,osm_caff__zeno_43.8960_10.3188,Caffè Zeno,bar_cafe,bar_cafe,https://raw.githubusercontent.com/pasqualelembo78/huntix-poi/main/italia/toscana/sconosciuta/pages/caff_zeno_43.8960_10.3188.json,custom
43.897414,10.319391,osm_caff__sul_ponte_43.8974_10.3194,Caffè Sul Ponte,bar_cafe,bar_cafe,https://raw.githubusercontent.com/pasqualelembo78/huntix-poi/main/italia/toscana/sconosciuta/pages/caff_sul_ponte_43.8974_10.3194.json,custom
43.898117,10.318409,osm_antico_caff__pasticceria__pizzeria_43.8981_10.3184,Antico Caffè Pasticceria, Pizzeria,bar_cafe,bar_cafe,https://raw.githubusercontent.com/pasqualelembo78/huntix-poi/main/italia/toscana/sconosciuta/pages/antico_caff_pasticceria_pizzeria_43.8981_10.3184.json,custom
43.106091,12.333929,osm_bar_fortuna_43.1061_12.3339,Bar Fortuna,bar_cafe,bar_cafe,https://raw.githubusercontent.com/pasqualelembo78/huntix-poi/main/italia/toscana/sconosciuta/pages/bar_fortuna_43.1061_12.3339.json,custom
43.872556,10.279699,osm_il_luccio_bar_43.8726_10.2797,Il Luccio Bar,bar_cafe,bar_cafe,https://raw.githubusercontent.com/pasqualelembo78/huntix-poi/main/italia/toscana/sconosciuta/pages/il_luccio_bar_43.8726_10.2797.json,custom
43.871997,10.275082,osm_ku_bar_43.8720_10.2751,KU bar,bar_cafe,bar_cafe,https://raw.githubusercontent.com/pasqualelembo78/huntix-poi/main/italia/toscana/sconosciuta/pages/ku_bar_43.8720_10.2751.json,custom
43.892549,10.291826,osm_da_ferro_43.8925_10.2918,Da Ferro,bar_cafe,bar_cafe,https://raw.githubusercontent.com/pasqualelembo78/huntix-poi/main/italia/toscana/sconosciuta/pages/da_ferro_43.8925_10.2918.json,custom
43.891748,10.298242,osm_bar_agostini__tabacchi_43.8917_10.2982,Bar Agostini, Tabacchi,bar_cafe,bar_cafe,https://raw.githubusercontent.com/pasqualelembo78/huntix-poi/main/italia/toscana/sconosciuta/pages/bar_agostini_tabacchi_43.8917_10.2982.json,custom
43.089578,12.455127,osm_bio_bar_43.0896_12.4551,Bio Bar,bar_cafe,bar_cafe,https://raw.githubusercontent.com/pasqualelembo78/huntix-poi/main/italia/toscana/sconosciuta/pages/bio_bar_43.0896_12.4551.json,custom
43.792010,10.714543,osm_bar_gelsa_43.7920_10.7145,Bar Gelsa,bar_cafe,bar_cafe,https://raw.githubusercontent.com/pasqualelembo78/huntix-poi/main/italia/toscana/sconosciuta/pages/bar_gelsa_43.7920_10.7145.json,custom
43.910887,10.272794,osm_bar_coluccini_43.9109_10.2728,Bar Coluccini,bar_cafe,bar_cafe,https://raw.githubusercontent.com/pasqualelembo78/huntix-poi/main/italia/toscana/sconosciuta/pages/bar_coluccini_43.9109_10.2728.json,custom
43.671441,10.573091,osm_caff__tutta_la_vita_43.6714_10.5731,Caffè Tutta la Vita,bar_cafe,bar_cafe,https://raw.githubusercontent.com/pasqualelembo78/huntix-poi/main/italia/toscana/sconosciuta/pages/caff_tutta_la_vita_43.6714_10.5731.json,custom
43.931837,10.967541,osm_circolo_arci_chiesina_montalese_43.9318_10.9675,Circolo ARCI Chiesina Montalese,bar_cafe,bar_cafe,https://raw.githubusercontent.com/pasqualelembo78/huntix-poi/main/italia/toscana/sconosciuta/pages/circolo_arci_chiesina_montalese_43.9318_10.9675.json,custom
43.784233,11.240649,osm_bar_san_jacopino_43.7842_11.2406,Bar San Jacopino,bar_cafe,bar_cafe,https://raw.githubusercontent.com/pasqualelembo78/huntix-poi/main/italia/toscana/sconosciuta/pages/bar_san_jacopino_43.7842_11.2406.json,custom
43.784090,11.239913,osm_the_family_43.7841_11.2399,The family,bar_cafe,bar_cafe,https://raw.githubusercontent.com/pasqualelembo78/huntix-poi/main/italia/toscana/sconosciuta/pages/the_family_43.7841_11.2399.json,custom
43.450819,11.913244,osm_bar_buzzini_43.4508_11.9132,Bar Buzzini,bar_cafe,bar_cafe,https://raw.githubusercontent.com/pasqualelembo78/huntix-poi/main/italia/toscana/sconosciuta/pages/bar_buzzini_43.4508_11.9132.json,custom
43.775152,10.600938,osm_bar_alma_tabacchi_giornali_43.7752_10.6009,bar Alma tabacchi giornali,bar_cafe,bar_cafe,https://raw.githubusercontent.com/pasqualelembo78/huntix-poi/main/italia/toscana/sconosciuta/pages/bar_alma_tabacchi_giornali_43.7752_10.6009.json,custom
43.767276,10.607754,osm_castello_bar_43.7673_10.6078,Castello bar,bar_cafe,bar_cafe,https://raw.githubusercontent.com/pasqualelembo78/huntix-poi/main/italia/toscana/sconosciuta/pages/castello_bar_43.7673_10.6078.json,custom
43.773227,10.603231,osm_giardinetto_bar_43.7732_10.6032,Giardinetto bar,bar_cafe,bar_cafe,https://raw.githubusercontent.com/pasqualelembo78/huntix-poi/main/italia/toscana/sconosciuta/pages/giardinetto_bar_43.7732_10.6032.json,custom
43.781835,11.281996,osm_bar_marisa_43.7818_11.2820,Bar Marisa,bar_cafe,bar_cafe,https://raw.githubusercontent.com/pasqualelembo78/huntix-poi/main/italia/toscana/sconosciuta/pages/bar_marisa_43.7818_11.2820.json,custom
43.525731,10.322860,osm_caff__la_rosa_43.5257_10.3229,Caffè La Rosa,bar_cafe,bar_cafe,https://raw.githubusercontent.com/pasqualelembo78/huntix-poi/main/italia/toscana/sconosciuta/pages/caff_la_rosa_43.5257_10.3229.json,custom
43.884286,10.769780,osm_ju__caf__living_43.8843_10.7698,Juè Cafè Living,bar_cafe,bar_cafe,https://raw.githubusercontent.com/pasqualelembo78/huntix-poi/main/italia/toscana/sconosciuta/pages/ju_caf_living_43.8843_10.7698.json,custom
42.941313,10.836748,osm_bar_da_gigi_42.9413_10.8367,Bar da Gigi,bar_cafe,bar_cafe,https://raw.githubusercontent.com/pasqualelembo78/huntix-poi/main/italia/toscana/sconosciuta/pages/bar_da_gigi_42.9413_10.8367.json,custom
43.203186,12.426295,osm_bar_43.2032_12.4263,Bar,bar_cafe,bar_cafe,https://raw.githubusercontent.com/pasqualelembo78/huntix-poi/main/italia/toscana/sconosciuta/pages/bar_43.2032_12.4263.json,custom
42.671014,12.450502,osm_bar_42.6710_12.4505,Bar,bar_cafe,bar_cafe,https://raw.githubusercontent.com/pasqualelembo78/huntix-poi/main/italia/toscana/sconosciuta/pages/bar_42.6710_12.4505.json,custom
43.946453,12.456462,osm_il_birraio_43.9465_12.4565,Il Birraio,bar_cafe,bar_cafe,https://raw.githubusercontent.com/pasqualelembo78/huntix-poi/main/italia/toscana/sconosciuta/pages/il_birraio_43.9465_12.4565.json,custom
43.947906,12.468912,osm_bar_del_castello_43.9479_12.4689,Bar del Castello,bar_cafe,bar_cafe,https://raw.githubusercontent.com/pasqualelembo78/huntix-poi/main/italia/toscana/sconosciuta/pages/bar_del_castello_43.9479_12.4689.json,custom
43.524036,10.321278,osm_ghiottone_43.5240_10.3213,Ghiottone,bar_cafe,bar_cafe,https://raw.githubusercontent.com/pasqualelembo78/huntix-poi/main/italia/toscana/sconosciuta/pages/ghiottone_43.5240_10.3213.json,custom
43.570168,10.372208,osm_casotti_acquedotto_leopoldino_a_vallin_d_43.5702_10.3722,Casotti Acquedotto Leopoldino a Vallin dell'Aquila,bar_cafe,bar_cafe,https://raw.githubusercontent.com/pasqualelembo78/huntix-poi/main/italia/toscana/sconosciuta/pages/casotti_acquedotto_leopoldino_a_vallin_d_43.5702_10.3722.json,custom
43.570078,10.374229,osm_casotti_e_arcate_dell_acquedotto_leopold_43.5701_10.3742,Casotti e Arcate dell'Acquedotto Leopoldino a Vallin dell'Aq,bar_cafe,bar_cafe,https://raw.githubusercontent.com/pasqualelembo78/huntix-poi/main/italia/toscana/sconosciuta/pages/casotti_e_arcate_dellacquedotto_leopoldi_43.5701_10.3742.json,custom
42.005310,12.480811,osm_bar_abate_42.0053_12.4808,Bar Abate,bar_cafe,bar_cafe,https://raw.githubusercontent.com/pasqualelembo78/huntix-poi/main/italia/toscana/sconosciuta/pages/bar_abate_42.0053_12.4808.json,custom
42.717076,12.112426,osm_bar_hescanas_42.7171_12.1124,Bar Hescanas,bar_cafe,bar_cafe,https://raw.githubusercontent.com/pasqualelembo78/huntix-poi/main/italia/toscana/sconosciuta/pages/bar_hescanas_42.7171_12.1124.json,custom
43.187488,12.451241,osm_bar_pannacci___edicola_43.1875_12.4512,Bar Pannacci - Edicola,bar_cafe,bar_cafe,https://raw.githubusercontent.com/pasqualelembo78/huntix-poi/main/italia/toscana/sconosciuta/pages/bar_pannacci_-_edicola_43.1875_12.4512.json,custom
42.724008,12.126353,osm_bar_della_stazione_42.7240_12.1264,Bar della Stazione,bar_cafe,bar_cafe,https://raw.githubusercontent.com/pasqualelembo78/huntix-poi/main/italia/toscana/sconosciuta/pages/bar_della_stazione_42.7240_12.1264.json,custom
42.722142,12.133032,osm_tony_bar_42.7221_12.1330,Tony Bar,bar_cafe,bar_cafe,https://raw.githubusercontent.com/pasqualelembo78/huntix-poi/main/italia/toscana/sconosciuta/pages/tony_bar_42.7221_12.1330.json,custom
43.865927,11.092871,osm_caff__cristallo_43.8659_11.0929,Caffè Cristallo,bar_cafe,bar_cafe,https://raw.githubusercontent.com/pasqualelembo78/huntix-poi/main/italia/toscana/sconosciuta/pages/caff_cristallo_43.8659_11.0929.json,custom
43.709811,10.398616,osm_caff__gambrinus_43.7098_10.3986,Caffè Gambrinus,bar_cafe,bar_cafe,https://raw.githubusercontent.com/pasqualelembo78/huntix-poi/main/italia/toscana/sconosciuta/pages/caff_gambrinus_43.7098_10.3986.json,custom
43.175689,12.427768,osm_china_s_bar_43.1757_12.4278,China's Bar,bar_cafe,bar_cafe,https://raw.githubusercontent.com/pasqualelembo78/huntix-poi/main/italia/toscana/sconosciuta/pages/chinas_bar_43.1757_12.4278.json,custom
43.176393,12.427020,osm_stellar_caf__43.1764_12.4270,Stellar Café,bar_cafe,bar_cafe,https://raw.githubusercontent.com/pasqualelembo78/huntix-poi/main/italia/toscana/sconosciuta/pages/stellar_caf_43.1764_12.4270.json,custom
43.178762,12.425885,osm_bar_piscine_43.1788_12.4259,Bar Piscine,bar_cafe,bar_cafe,https://raw.githubusercontent.com/pasqualelembo78/huntix-poi/main/italia/toscana/sconosciuta/pages/bar_piscine_43.1788_12.4259.json,custom
43.174852,12.428819,osm_bistrot_sfizi_coffee_43.1749_12.4288,Bistrot Sfizi Coffee,bar_cafe,bar_cafe,https://raw.githubusercontent.com/pasqualelembo78/huntix-poi/main/italia/toscana/sconosciuta/pages/bistrot_sfizi_coffee_43.1749_12.4288.json,custom
43.162034,12.464326,osm_trilogy_pub_43.1620_12.4643,Trilogy pub,bar_cafe,bar_cafe,https://raw.githubusercontent.com/pasqualelembo78/huntix-poi/main/italia/toscana/sconosciuta/pages/trilogy_pub_43.1620_12.4643.json,custom
43.471003,11.848976,osm_art_caf__43.4710_11.8490,Art Café,bar_cafe,bar_cafe,https://raw.githubusercontent.com/pasqualelembo78/huntix-poi/main/italia/toscana/sconosciuta/pages/art_caf_43.4710_11.8490.json,custom
43.406626,10.475606,osm_villa_pertusati_43.4066_10.4756,Villa Pertusati,bar_cafe,bar_cafe,https://raw.githubusercontent.com/pasqualelembo78/huntix-poi/main/italia/toscana/sconosciuta/pages/villa_pertusati_43.4066_10.4756.json,custom
43.732343,11.500540,osm_gust__43.7323_11.5005,Gustò,bar_cafe,bar_cafe,https://raw.githubusercontent.com/pasqualelembo78/huntix-poi/main/italia/toscana/sconosciuta/pages/gust_43.7323_11.5005.json,custom
43.678185,10.528942,osm_bar_nickanton_43.6782_10.5289,Bar Nickanton,bar_cafe,bar_cafe,https://raw.githubusercontent.com/pasqualelembo78/huntix-poi/main/italia/toscana/sconosciuta/pages/bar_nickanton_43.6782_10.5289.json,custom
43.141386,12.463427,osm_bar_tenda_43.1414_12.4634,Bar Tenda,bar_cafe,bar_cafe,https://raw.githubusercontent.com/pasqualelembo78/huntix-poi/main/italia/toscana/sconosciuta/pages/bar_tenda_43.1414_12.4634.json,custom
43.158120,12.491177,osm_bar_centrale_43.1581_12.4912,Bar Centrale,bar_cafe,bar_cafe,https://raw.githubusercontent.com/pasqualelembo78/huntix-poi/main/italia/toscana/sconosciuta/pages/bar_centrale_43.1581_12.4912.json,custom
43.159276,12.492336,osm_cral_pro_loco_colombella_43.1593_12.4923,Cral Pro Loco Colombella,bar_cafe,bar_cafe,https://raw.githubusercontent.com/pasqualelembo78/huntix-poi/main/italia/toscana/sconosciuta/pages/cral_pro_loco_colombella_43.1593_12.4923.json,custom
43.159941,12.492886,osm_blue_bar_43.1599_12.4929,Blue Bar,bar_cafe,bar_cafe,https://raw.githubusercontent.com/pasqualelembo78/huntix-poi/main/italia/toscana/sconosciuta/pages/blue_bar_43.1599_12.4929.json,custom
43.165519,12.499795,osm_bar_43.1655_12.4998,Bar,bar_cafe,bar_cafe,https://raw.githubusercontent.com/pasqualelembo78/huntix-poi/main/italia/toscana/sconosciuta/pages/bar_43.1655_12.4998.json,custom
43.668493,10.274724,osm_seaside_caf__43.6685_10.2747,Seaside Cafè,bar_cafe,bar_cafe,https://raw.githubusercontent.com/pasqualelembo78/huntix-poi/main/italia/toscana/sconosciuta/pages/seaside_caf_43.6685_10.2747.json,custom
43.817792,11.128807,osm_s_m_s__san_martino_43.8178_11.1288,S.m.s. San Martino,bar_cafe,bar_cafe,https://raw.githubusercontent.com/pasqualelembo78/huntix-poi/main/italia/toscana/sconosciuta/pages/sms_san_martino_43.8178_11.1288.json,custom
43.203147,12.076766,osm_joker_bar_43.2031_12.0768,Joker bar,bar_cafe,bar_cafe,https://raw.githubusercontent.com/pasqualelembo78/huntix-poi/main/italia/toscana/sconosciuta/pages/joker_bar_43.2031_12.0768.json,custom
43.487445,12.109149,osm_la_cambusa_pub_43.4874_12.1091,La Cambusa pub,bar_cafe,bar_cafe,https://raw.githubusercontent.com/pasqualelembo78/huntix-poi/main/italia/toscana/sconosciuta/pages/la_cambusa_pub_43.4874_12.1091.json,custom
43.484238,12.076593,osm_duri_s_caf__43.4842_12.0766,Duri's Café,bar_cafe,bar_cafe,https://raw.githubusercontent.com/pasqualelembo78/huntix-poi/main/italia/toscana/sconosciuta/pages/duris_caf_43.4842_12.0766.json,custom
43.854261,10.509268,osm_la_mimosa_43.8543_10.5093,La Mimosa,bar_cafe,bar_cafe,https://raw.githubusercontent.com/pasqualelembo78/huntix-poi/main/italia/toscana/sconosciuta/pages/la_mimosa_43.8543_10.5093.json,custom
43.946956,10.905400,osm_il_corallo_43.9470_10.9054,Il Corallo,bar_cafe,bar_cafe,https://raw.githubusercontent.com/pasqualelembo78/huntix-poi/main/italia/toscana/sconosciuta/pages/il_corallo_43.9470_10.9054.json,custom
43.947446,10.905734,osm_pasticceria_bar_belvedere_43.9474_10.9057,Pasticceria Bar Belvedere,bar_cafe,bar_cafe,https://raw.githubusercontent.com/pasqualelembo78/huntix-poi/main/italia/toscana/sconosciuta/pages/pasticceria_bar_belvedere_43.9474_10.9057.json,custom
43.492759,10.348596,osm_madonnina_montenero_43.4928_10.3486,Madonnina Montenero,bar_cafe,bar_cafe,https://raw.githubusercontent.com/pasqualelembo78/huntix-poi/main/italia/toscana/sconosciuta/pages/madonnina_montenero_43.4928_10.3486.json,custom
43.103504,12.348878,osm_bar_del_ciccio_43.1035_12.3489,Bar del Ciccio,bar_cafe,bar_cafe,https://raw.githubusercontent.com/pasqualelembo78/huntix-poi/main/italia/toscana/sconosciuta/pages/bar_del_ciccio_43.1035_12.3489.json,custom
43.102761,12.352139,osm_bar_giusy_43.1028_12.3521,Bar Giusy,bar_cafe,bar_cafe,https://raw.githubusercontent.com/pasqualelembo78/huntix-poi/main/italia/toscana/sconosciuta/pages/bar_giusy_43.1028_12.3521.json,custom
42.333900,12.306310,osm_new_inedito_bar_42.3339_12.3063,New InEdito Bar,bar_cafe,bar_cafe,https://raw.githubusercontent.com/pasqualelembo78/huntix-poi/main/italia/toscana/sconosciuta/pages/new_inedito_bar_42.3339_12.3063.json,custom
43.466987,11.874783,osm_pinocchio_43.4670_11.8748,Pinocchio,bar_cafe,bar_cafe,https://raw.githubusercontent.com/pasqualelembo78/huntix-poi/main/italia/toscana/sconosciuta/pages/pinocchio_43.4670_11.8748.json,custom
43.904592,10.917973,osm_caff__magnolia_43.9046_10.9180,Caffè Magnolia,bar_cafe,bar_cafe,https://raw.githubusercontent.com/pasqualelembo78/huntix-poi/main/italia/toscana/sconosciuta/pages/caff_magnolia_43.9046_10.9180.json,custom
43.897053,10.917882,osm_la_margherita_43.8971_10.9179,La Margherita,bar_cafe,bar_cafe,https://raw.githubusercontent.com/pasqualelembo78/huntix-poi/main/italia/toscana/sconosciuta/pages/la_margherita_43.8971_10.9179.json,custom
43.883584,10.916677,osm_one_way_43.8836_10.9167,One Way,bar_cafe,bar_cafe,https://raw.githubusercontent.com/pasqualelembo78/huntix-poi/main/italia/toscana/sconosciuta/pages/one_way_43.8836_10.9167.json,custom
43.923728,10.890441,osm_ignudi_43.9237_10.8904,Ignudi,bar_cafe,bar_cafe,https://raw.githubusercontent.com/pasqualelembo78/huntix-poi/main/italia/toscana/sconosciuta/pages/ignudi_43.9237_10.8904.json,custom
43.146873,12.452837,osm_la_leccornia_bar_gelateria_43.1469_12.4528,La Leccornia Bar Gelateria,bar_cafe,bar_cafe,https://raw.githubusercontent.com/pasqualelembo78/huntix-poi/main/italia/toscana/sconosciuta/pages/la_leccornia_bar_gelateria_43.1469_12.4528.json,custom
43.782277,11.276817,osm_gelateria_badiani_43.7823_11.2768,Gelateria Badiani,bar_cafe,bar_cafe,https://raw.githubusercontent.com/pasqualelembo78/huntix-poi/main/italia/toscana/sconosciuta/pages/gelateria_badiani_43.7823_11.2768.json,custom
43.782672,11.601337,osm_chalet_il_valico_43.7827_11.6013,Chalet il Valico,bar_cafe,bar_cafe,https://raw.githubusercontent.com/pasqualelembo78/huntix-poi/main/italia/toscana/sconosciuta/pages/chalet_il_valico_43.7827_11.6013.json,custom
43.542504,12.067171,osm_bar_sport_43.5425_12.0672,Bar Sport,bar_cafe,bar_cafe,https://raw.githubusercontent.com/pasqualelembo78/huntix-poi/main/italia/toscana/sconosciuta/pages/bar_sport_43.5425_12.0672.json,custom
43.541587,12.054179,osm_bar_del_teatro_43.5416_12.0542,Bar del Teatro,bar_cafe,bar_cafe,https://raw.githubusercontent.com/pasqualelembo78/huntix-poi/main/italia/toscana/sconosciuta/pages/bar_del_teatro_43.5416_12.0542.json,custom
43.533770,12.091253,osm_bar_43.5338_12.0913,Bar,bar_cafe,bar_cafe,https://raw.githubusercontent.com/pasqualelembo78/huntix-poi/main/italia/toscana/sconosciuta/pages/bar_43.5338_12.0913.json,custom
43.143933,12.453288,osm_bar_mosa__43.1439_12.4533,Bar Mosa',bar_cafe,bar_cafe,https://raw.githubusercontent.com/pasqualelembo78/huntix-poi/main/italia/toscana/sconosciuta/pages/bar_mosa_43.1439_12.4533.json,custom
42.793542,10.110403,osm_bar_croc_42.7935_10.1104,Bar Croc,bar_cafe,bar_cafe,https://raw.githubusercontent.com/pasqualelembo78/huntix-poi/main/italia/toscana/sconosciuta/pages/bar_croc_42.7935_10.1104.json,custom
42.380600,12.439581,osm_bar_della_stazione_42.3806_12.4396,Bar della Stazione,bar_cafe,bar_cafe,https://raw.githubusercontent.com/pasqualelembo78/huntix-poi/main/italia/toscana/sconosciuta/pages/bar_della_stazione_42.3806_12.4396.json,custom
42.377069,12.442207,osm_centro_anziani_gallese_scalo_42.3771_12.4422,Centro Anziani Gallese Scalo,bar_cafe,bar_cafe,https://raw.githubusercontent.com/pasqualelembo78/huntix-poi/main/italia/toscana/sconosciuta/pages/centro_anziani_gallese_scalo_42.3771_12.4422.json,custom
42.805322,10.199419,osm_bar_roma_42.8053_10.1994,Bar Roma,bar_cafe,bar_cafe,https://raw.githubusercontent.com/pasqualelembo78/huntix-poi/main/italia/toscana/sconosciuta/pages/bar_roma_42.8053_10.1994.json,custom
43.132259,12.444981,osm_bar_giardino_43.1323_12.4450,Bar Giardino,bar_cafe,bar_cafe,https://raw.githubusercontent.com/pasqualelembo78/huntix-poi/main/italia/toscana/sconosciuta/pages/bar_giardino_43.1323_12.4450.json,custom
43.132553,12.445595,osm_bar_nuovaluce_43.1326_12.4456,Bar Nuovaluce,bar_cafe,bar_cafe,https://raw.githubusercontent.com/pasqualelembo78/huntix-poi/main/italia/toscana/sconosciuta/pages/bar_nuovaluce_43.1326_12.4456.json,custom
43.132758,12.442673,osm_circolo_endas_43.1328_12.4427,Circolo Endas,bar_cafe,bar_cafe,https://raw.githubusercontent.com/pasqualelembo78/huntix-poi/main/italia/toscana/sconosciuta/pages/circolo_endas_43.1328_12.4427.json,custom
42.719381,12.110477,osm_palace_cafe_42.7194_12.1105,Palace Cafe,bar_cafe,bar_cafe,https://raw.githubusercontent.com/pasqualelembo78/huntix-poi/main/italia/toscana/sconosciuta/pages/palace_cafe_42.7194_12.1105.json,custom
43.462665,11.846389,osm_coffee_time_43.4627_11.8464,Coffee Time,bar_cafe,bar_cafe,https://raw.githubusercontent.com/pasqualelembo78/huntix-poi/main/italia/toscana/sconosciuta/pages/coffee_time_43.4627_11.8464.json,custom
43.110157,12.447512,osm_sporting_bar_43.1102_12.4475,Sporting Bar,bar_cafe,bar_cafe,https://raw.githubusercontent.com/pasqualelembo78/huntix-poi/main/italia/toscana/sconosciuta/pages/sporting_bar_43.1102_12.4475.json,custom
43.111372,12.448208,osm_ponte_43.1114_12.4482,Ponte,bar_cafe,bar_cafe,https://raw.githubusercontent.com/pasqualelembo78/huntix-poi/main/italia/toscana/sconosciuta/pages/ponte_43.1114_12.4482.json,custom
43.108082,12.466051,osm_bar_43.1081_12.4661,Bar,bar_cafe,bar_cafe,https://raw.githubusercontent.com/pasqualelembo78/huntix-poi/main/italia/toscana/sconosciuta/pages/bar_43.1081_12.4661.json,custom
43.091002,11.781511,osm_le_rime_43.0910_11.7815,Le Rime,bar_cafe,bar_cafe,https://raw.githubusercontent.com/pasqualelembo78/huntix-poi/main/italia/toscana/sconosciuta/pages/le_rime_43.0910_11.7815.json,custom
43.102877,12.493006,osm_pub_43.1029_12.4930,Pub,bar_cafe,bar_cafe,https://raw.githubusercontent.com/pasqualelembo78/huntix-poi/main/italia/toscana/sconosciuta/pages/pub_43.1029_12.4930.json,custom
43.102796,12.492966,osm_bar_43.1028_12.4930,Bar,bar_cafe,bar_cafe,https://raw.githubusercontent.com/pasqualelembo78/huntix-poi/main/italia/toscana/sconosciuta/pages/bar_43.1028_12.4930.json,custom
43.619869,11.470093,osm_phoenix_43.6199_11.4701,Phoenix,bar_cafe,bar_cafe,https://raw.githubusercontent.com/pasqualelembo78/huntix-poi/main/italia/toscana/sconosciuta/pages/phoenix_43.6199_11.4701.json,custom
43.712606,10.401903,osm_caino_43.7126_10.4019,Caino,bar_cafe,bar_cafe,https://raw.githubusercontent.com/pasqualelembo78/huntix-poi/main/italia/toscana/sconosciuta/pages/caino_43.7126_10.4019.json,custom
42.485375,12.452473,osm_bar_42.4854_12.4525,Bar,bar_cafe,bar_cafe,https://raw.githubusercontent.com/pasqualelembo78/huntix-poi/main/italia/toscana/sconosciuta/pages/bar_42.4854_12.4525.json,custom
43.086042,12.481946,osm_bar_43.0860_12.4819,Bar,bar_cafe,bar_cafe,https://raw.githubusercontent.com/pasqualelembo78/huntix-poi/main/italia/toscana/sconosciuta/pages/bar_43.0860_12.4819.json,custom
43.615626,11.470746,osm_acqva_43.6156_11.4707,Acqva,bar_cafe,bar_cafe,https://raw.githubusercontent.com/pasqualelembo78/huntix-poi/main/italia/toscana/sconosciuta/pages/acqva_43.6156_11.4707.json,custom
43.773593,10.423540,osm_circolo_casa_del_popolo_43.7736_10.4235,Circolo Casa del Popolo,bar_cafe,bar_cafe,https://raw.githubusercontent.com/pasqualelembo78/huntix-poi/main/italia/toscana/sconosciuta/pages/circolo_casa_del_popolo_43.7736_10.4235.json,custom
43.799023,11.194999,osm_tenax_43.7990_11.1950,Tenax,bar_cafe,bar_cafe,https://raw.githubusercontent.com/pasqualelembo78/huntix-poi/main/italia/toscana/sconosciuta/pages/tenax_43.7990_11.1950.json,custom
43.572683,12.137251,osm_tacconi_bar_43.5727_12.1373,Tacconi Bar,bar_cafe,bar_cafe,https://raw.githubusercontent.com/pasqualelembo78/huntix-poi/main/italia/toscana/sconosciuta/pages/tacconi_bar_43.5727_12.1373.json,custom
42.855955,12.368427,osm_planet_bar_42.8560_12.3684,Planet Bar,bar_cafe,bar_cafe,https://raw.githubusercontent.com/pasqualelembo78/huntix-poi/main/italia/toscana/sconosciuta/pages/planet_bar_42.8560_12.3684.json,custom
43.096682,12.369972,osm_rock_n_roll_club_43.0967_12.3700,Rock'N'Roll Club,bar_cafe,bar_cafe,https://raw.githubusercontent.com/pasqualelembo78/huntix-poi/main/italia/toscana/sconosciuta/pages/rocknroll_club_43.0967_12.3700.json,custom
43.571233,12.136486,osm_chieli_43.5712_12.1365,Chieli,bar_cafe,bar_cafe,https://raw.githubusercontent.com/pasqualelembo78/huntix-poi/main/italia/toscana/sconosciuta/pages/chieli_43.5712_12.1365.json,custom
42.894284,12.405161,osm_circolo_acli_42.8943_12.4052,Circolo ACLI,bar_cafe,bar_cafe,https://raw.githubusercontent.com/pasqualelembo78/huntix-poi/main/italia/toscana/sconosciuta/pages/circolo_acli_42.8943_12.4052.json,custom
43.549377,10.310144,osm_pasticceria_caffetteria_3_0_43.5494_10.3101,Pasticceria caffetteria 3.0,bar_cafe,bar_cafe,https://raw.githubusercontent.com/pasqualelembo78/huntix-poi/main/italia/toscana/sconosciuta/pages/pasticceria_caffetteria_30_43.5494_10.3101.json,custom
43.547298,10.313567,osm_l_angolo_43.5473_10.3136,L'Angolo,bar_cafe,bar_cafe,https://raw.githubusercontent.com/pasqualelembo78/huntix-poi/main/italia/toscana/sconosciuta/pages/langolo_43.5473_10.3136.json,custom
43.089117,12.457899,osm_mama_bar_43.0891_12.4579,Mama Bar,bar_cafe,bar_cafe,https://raw.githubusercontent.com/pasqualelembo78/huntix-poi/main/italia/toscana/sconosciuta/pages/mama_bar_43.0891_12.4579.json,custom
43.860695,10.489578,osm_tambellini_43.8607_10.4896,Tambellini,bar_cafe,bar_cafe,https://raw.githubusercontent.com/pasqualelembo78/huntix-poi/main/italia/toscana/sconosciuta/pages/tambellini_43.8607_10.4896.json,custom
43.859600,10.498761,osm_bar_da_me_43.8596_10.4988,Bar da me,bar_cafe,bar_cafe,https://raw.githubusercontent.com/pasqualelembo78/huntix-poi/main/italia/toscana/sconosciuta/pages/bar_da_me_43.8596_10.4988.json,custom
43.787862,11.720716,osm_cafe_bar_gelateria_paninoteca_43.7879_11.7207,Cafe Bar Gelateria Paninoteca,bar_cafe,bar_cafe,https://raw.githubusercontent.com/pasqualelembo78/huntix-poi/main/italia/toscana/sconosciuta/pages/cafe_bar_gelateria_paninoteca_43.7879_11.7207.json,custom
43.073884,11.153871,osm_bar_vineria_la_combriccola_43.0739_11.1539,Bar vineria La Combriccola,bar_cafe,bar_cafe,https://raw.githubusercontent.com/pasqualelembo78/huntix-poi/main/italia/toscana/sconosciuta/pages/bar_vineria_la_combriccola_43.0739_11.1539.json,custom
42.361204,12.481393,osm_malillo_42.3612_12.4814,Malillo,bar_cafe,bar_cafe,https://raw.githubusercontent.com/pasqualelembo78/huntix-poi/main/italia/toscana/sconosciuta/pages/malillo_42.3612_12.4814.json,custom
42.361575,12.480906,osm_bar_roma_42.3616_12.4809,Bar Roma,bar_cafe,bar_cafe,https://raw.githubusercontent.com/pasqualelembo78/huntix-poi/main/italia/toscana/sconosciuta/pages/bar_roma_42.3616_12.4809.json,custom
43.027955,10.536526,osm_hu_park_camping_village_albatros_43.0280_10.5365,Hu Park camping Village albatros,bar_cafe,bar_cafe,https://raw.githubusercontent.com/pasqualelembo78/huntix-poi/main/italia/toscana/sconosciuta/pages/hu_park_camping_village_albatros_43.0280_10.5365.json,custom
42.368505,12.471497,osm_caf__noir_bar_42.3685_12.4715,Cafè Noir Bar,bar_cafe,bar_cafe,https://raw.githubusercontent.com/pasqualelembo78/huntix-poi/main/italia/toscana/sconosciuta/pages/caf_noir_bar_42.3685_12.4715.json,custom
43.779321,11.362544,osm_dalle_zie_43.7793_11.3625,Dalle Zie,bar_cafe,bar_cafe,https://raw.githubusercontent.com/pasqualelembo78/huntix-poi/main/italia/toscana/sconosciuta/pages/dalle_zie_43.7793_11.3625.json,custom
42.634473,11.669982,osm_la_mandragola_bar_gelateria_caffetteria_42.6345_11.6700,La Mandragola bar gelateria caffetteria,bar_cafe,bar_cafe,https://raw.githubusercontent.com/pasqualelembo78/huntix-poi/main/italia/toscana/sconosciuta/pages/la_mandragola_bar_gelateria_caffetteria_42.6345_11.6700.json,custom
43.485647,12.221660,osm_la_sosta_bar_43.4856_12.2217,La Sosta Bar,bar_cafe,bar_cafe,https://raw.githubusercontent.com/pasqualelembo78/huntix-poi/main/italia/toscana/sconosciuta/pages/la_sosta_bar_43.4856_12.2217.json,custom
43.757328,10.429104,osm_old_west_43.7573_10.4291,Old West,bar_cafe,bar_cafe,https://raw.githubusercontent.com/pasqualelembo78/huntix-poi/main/italia/toscana/sconosciuta/pages/old_west_43.7573_10.4291.json,custom
43.306408,12.329714,osm_fuori_orario___birreria_43.3064_12.3297,Fuori Orario - birreria,bar_cafe,bar_cafe,https://raw.githubusercontent.com/pasqualelembo78/huntix-poi/main/italia/toscana/sconosciuta/pages/fuori_orario_-_birreria_43.3064_12.3297.json,custom
43.042527,10.638059,osm_bar_cafaggio_43.0425_10.6381,Bar Cafaggio,bar_cafe,bar_cafe,https://raw.githubusercontent.com/pasqualelembo78/huntix-poi/main/italia/toscana/sconosciuta/pages/bar_cafaggio_43.0425_10.6381.json,custom
43.550024,10.325544,osm_sirio_43.5500_10.3255,Sirio,bar_cafe,bar_cafe,https://raw.githubusercontent.com/pasqualelembo78/huntix-poi/main/italia/toscana/sconosciuta/pages/sirio_43.5500_10.3255.json,custom
43.555423,10.303326,osm_saltarelli_43.5554_10.3033,Saltarelli,bar_cafe,bar_cafe,https://raw.githubusercontent.com/pasqualelembo78/huntix-poi/main/italia/toscana/sconosciuta/pages/saltarelli_43.5554_10.3033.json,custom
43.725746,10.402645,osm_pasticceria_panna_e_cioccolato_43.7257_10.4026,Pasticceria Panna e Cioccolato,bar_cafe,bar_cafe,https://raw.githubusercontent.com/pasqualelembo78/huntix-poi/main/italia/toscana/sconosciuta/pages/pasticceria_panna_e_cioccolato_43.7257_10.4026.json,custom
43.717342,10.382210,osm_bar_enrico_43.7173_10.3822,Bar Enrico,bar_cafe,bar_cafe,https://raw.githubusercontent.com/pasqualelembo78/huntix-poi/main/italia/toscana/sconosciuta/pages/bar_enrico_43.7173_10.3822.json,custom
43.116984,12.380665,osm_pizzicheria_elce_43.1170_12.3807,Pizzicheria Elce,bar_cafe,bar_cafe,https://raw.githubusercontent.com/pasqualelembo78/huntix-poi/main/italia/toscana/sconosciuta/pages/pizzicheria_elce_43.1170_12.3807.json,custom
43.643495,10.833439,osm_il_leccio_43.6435_10.8334,Il Leccio,bar_cafe,bar_cafe,https://raw.githubusercontent.com/pasqualelembo78/huntix-poi/main/italia/toscana/sconosciuta/pages/il_leccio_43.6435_10.8334.json,custom
43.647116,10.810085,osm_bar_vando_43.6471_10.8101,Bar Vando,bar_cafe,bar_cafe,https://raw.githubusercontent.com/pasqualelembo78/huntix-poi/main/italia/toscana/sconosciuta/pages/bar_vando_43.6471_10.8101.json,custom
43.639220,10.798198,osm_enjoy_park___parco_santa_barbara_43.6392_10.7982,Enjoy Park - Parco Santa Barbara,bar_cafe,bar_cafe,https://raw.githubusercontent.com/pasqualelembo78/huntix-poi/main/italia/toscana/sconosciuta/pages/enjoy_park_-_parco_santa_barbara_43.6392_10.7982.json,custom
42.339166,9.539513,osm_dubai_42.3392_9.5395,Dubai,bar_cafe,bar_cafe,https://raw.githubusercontent.com/pasqualelembo78/huntix-poi/main/italia/toscana/sconosciuta/pages/dubai_42.3392_9.5395.json,custom
42.374750,9.531255,osm_js_caf__42.3747_9.5313,JS Café,bar_cafe,bar_cafe,https://raw.githubusercontent.com/pasqualelembo78/huntix-poi/main/italia/toscana/sconosciuta/pages/js_caf_42.3747_9.5313.json,custom
42.373370,9.529398,osm_l_ic_ne_caf__42.3734_9.5294,L'Icône Café,bar_cafe,bar_cafe,https://raw.githubusercontent.com/pasqualelembo78/huntix-poi/main/italia/toscana/sconosciuta/pages/licne_caf_42.3734_9.5294.json,custom
43.766546,11.247676,osm_caff__ricchi_43.7665_11.2477,Caffè Ricchi,bar_cafe,bar_cafe,https://raw.githubusercontent.com/pasqualelembo78/huntix-poi/main/italia/toscana/sconosciuta/pages/caff_ricchi_43.7665_11.2477.json,custom
43.064781,12.302504,osm_bar_43.0648_12.3025,Bar,bar_cafe,bar_cafe,https://raw.githubusercontent.com/pasqualelembo78/huntix-poi/main/italia/toscana/sconosciuta/pages/bar_43.0648_12.3025.json,custom
43.982006,12.493677,osm_roxy_43.9820_12.4937,Roxy,bar_cafe,bar_cafe,https://raw.githubusercontent.com/pasqualelembo78/huntix-poi/main/italia/toscana/sconosciuta/pages/roxy_43.9820_12.4937.json,custom
42.874704,11.075894,osm_bar_red_baron_42.8747_11.0759,Bar Red Baron,bar_cafe,bar_cafe,https://raw.githubusercontent.com/pasqualelembo78/huntix-poi/main/italia/toscana/sconosciuta/pages/bar_red_baron_42.8747_11.0759.json,custom
43.918102,10.257359,osm_bar_ettore_43.9181_10.2574,Bar Ettore,bar_cafe,bar_cafe,https://raw.githubusercontent.com/pasqualelembo78/huntix-poi/main/italia/toscana/sconosciuta/pages/bar_ettore_43.9181_10.2574.json,custom
43.917371,10.255729,osm_lo_yogorino__yogurt_e_piadine__43.9174_10.2557,Lo Yogorino (yogurt e piadine),bar_cafe,bar_cafe,https://raw.githubusercontent.com/pasqualelembo78/huntix-poi/main/italia/toscana/sconosciuta/pages/lo_yogorino_yogurt_e_piadine_43.9174_10.2557.json,custom
42.701742,10.992349,osm_delphinus_beach_bar_42.7017_10.9923,Delphinus Beach Bar,bar_cafe,bar_cafe,https://raw.githubusercontent.com/pasqualelembo78/huntix-poi/main/italia/toscana/sconosciuta/pages/delphinus_beach_bar_42.7017_10.9923.json,custom
43.601690,11.412080,osm_casa_del_popolo_43.6017_11.4121,Casa del Popolo,bar_cafe,bar_cafe,https://raw.githubusercontent.com/pasqualelembo78/huntix-poi/main/italia/toscana/sconosciuta/pages/casa_del_popolo_43.6017_11.4121.json,custom
43.112878,12.389398,osm_bar_43.1129_12.3894,Bar,bar_cafe,bar_cafe,https://raw.githubusercontent.com/pasqualelembo78/huntix-poi/main/italia/toscana/sconosciuta/pages/bar_43.1129_12.3894.json,custom
43.717189,10.884196,osm_circolo_m_c_l__43.7172_10.8842,Circolo M.C.L.,bar_cafe,bar_cafe,https://raw.githubusercontent.com/pasqualelembo78/huntix-poi/main/italia/toscana/sconosciuta/pages/circolo_mcl_43.7172_10.8842.json,custom
43.628231,10.291800,osm_bollicine_43.6282_10.2918,Bollicine,bar_cafe,bar_cafe,https://raw.githubusercontent.com/pasqualelembo78/huntix-poi/main/italia/toscana/sconosciuta/pages/bollicine_43.6282_10.2918.json,custom
43.537439,10.334405,osm_bon_ton_43.5374_10.3344,Bon Ton,bar_cafe,bar_cafe,https://raw.githubusercontent.com/pasqualelembo78/huntix-poi/main/italia/toscana/sconosciuta/pages/bon_ton_43.5374_10.3344.json,custom
42.034527,11.861810,osm_gigi_bar_a_mare_42.0345_11.8618,Gigi Bar a mare,bar_cafe,bar_cafe,https://raw.githubusercontent.com/pasqualelembo78/huntix-poi/main/italia/toscana/sconosciuta/pages/gigi_bar_a_mare_42.0345_11.8618.json,custom
42.035152,11.869023,osm_gli_auteri_42.0352_11.8690,Gli Auteri,bar_cafe,bar_cafe,https://raw.githubusercontent.com/pasqualelembo78/huntix-poi/main/italia/toscana/sconosciuta/pages/gli_auteri_42.0352_11.8690.json,custom
43.545036,10.317141,osm_bar_torretta_43.5450_10.3171,Bar Torretta,bar_cafe,bar_cafe,https://raw.githubusercontent.com/pasqualelembo78/huntix-poi/main/italia/toscana/sconosciuta/pages/bar_torretta_43.5450_10.3171.json,custom
43.473970,11.875749,osm_le_cattive_abitudini___caff__pasticceria_43.4740_11.8757,Le Cattive Abitudini - Caffé pasticceria,bar_cafe,bar_cafe,https://raw.githubusercontent.com/pasqualelembo78/huntix-poi/main/italia/toscana/sconosciuta/pages/le_cattive_abitudini_-_caff_pasticceria_43.4740_11.8757.json,custom
43.622460,10.670475,osm_bar_pizzeria_tavola_calda_43.6225_10.6705,Bar Pizzeria Tavola Calda,bar_cafe,bar_cafe,https://raw.githubusercontent.com/pasqualelembo78/huntix-poi/main/italia/toscana/sconosciuta/pages/bar_pizzeria_tavola_calda_43.6225_10.6705.json,custom
43.895376,11.333199,osm_bar_mensa_dei_servi_di_maria_43.8954_11.3332,Bar mensa dei servi di Maria,bar_cafe,bar_cafe,https://raw.githubusercontent.com/pasqualelembo78/huntix-poi/main/italia/toscana/sconosciuta/pages/bar_mensa_dei_servi_di_maria_43.8954_11.3332.json,custom
43.761276,11.267059,osm_luci_43.7613_11.2671,Luci,bar_cafe,bar_cafe,https://raw.githubusercontent.com/pasqualelembo78/huntix-poi/main/italia/toscana/sconosciuta/pages/luci_43.7613_11.2671.json,custom
43.546326,10.304323,osm_la_bua_dell_orate_43.5463_10.3043,La Bua dell'Orate,bar_cafe,bar_cafe,https://raw.githubusercontent.com/pasqualelembo78/huntix-poi/main/italia/toscana/sconosciuta/pages/la_bua_dellorate_43.5463_10.3043.json,custom
43.458621,12.239726,osm_caff__san_francesco___sacrosanto_43.4586_12.2397,Caffé San Francesco - Sacrosanto,bar_cafe,bar_cafe,https://raw.githubusercontent.com/pasqualelembo78/huntix-poi/main/italia/toscana/sconosciuta/pages/caff_san_francesco_-_sacrosanto_43.4586_12.2397.json,custom
43.912386,10.571383,osm_severino_43.9124_10.5714,Severino,bar_cafe,bar_cafe,https://raw.githubusercontent.com/pasqualelembo78/huntix-poi/main/italia/toscana/sconosciuta/pages/severino_43.9124_10.5714.json,custom
43.914717,10.574009,osm_bar_43.9147_10.5740,Bar,bar_cafe,bar_cafe,https://raw.githubusercontent.com/pasqualelembo78/huntix-poi/main/italia/toscana/sconosciuta/pages/bar_43.9147_10.5740.json,custom
43.518440,12.215055,osm_za_bar_43.5184_12.2151,Za Bar,bar_cafe,bar_cafe,https://raw.githubusercontent.com/pasqualelembo78/huntix-poi/main/italia/toscana/sconosciuta/pages/za_bar_43.5184_12.2151.json,custom
43.515280,12.221344,osm_d_g_43.5153_12.2213,D&G,bar_cafe,bar_cafe,https://raw.githubusercontent.com/pasqualelembo78/huntix-poi/main/italia/toscana/sconosciuta/pages/dg_43.5153_12.2213.json,custom
43.767134,11.217852,osm_pasticceria_giorgio_43.7671_11.2179,Pasticceria Giorgio,bar_cafe,bar_cafe,https://raw.githubusercontent.com/pasqualelembo78/huntix-poi/main/italia/toscana/sconosciuta/pages/pasticceria_giorgio_43.7671_11.2179.json,custom
43.605002,10.773713,osm_bar_pasticceria_la_chicca_43.6050_10.7737,Bar Pasticceria La Chicca,bar_cafe,bar_cafe,https://raw.githubusercontent.com/pasqualelembo78/huntix-poi/main/italia/toscana/sconosciuta/pages/bar_pasticceria_la_chicca_43.6050_10.7737.json,custom
43.896380,10.224161,osm_cattan_43.8964_10.2242,Cattan,bar_cafe,bar_cafe,https://raw.githubusercontent.com/pasqualelembo78/huntix-poi/main/italia/toscana/sconosciuta/pages/cattan_43.8964_10.2242.json,custom
43.504772,12.207713,osm_bar_il_coccodrillo___24h_43.5048_12.2077,Bar Il Coccodrillo - 24H,bar_cafe,bar_cafe,https://raw.githubusercontent.com/pasqualelembo78/huntix-poi/main/italia/toscana/sconosciuta/pages/bar_il_coccodrillo_-_24h_43.5048_12.2077.json,custom
43.777604,12.092284,osm_appennino_43.7776_12.0923,Appennino,bar_cafe,bar_cafe,https://raw.githubusercontent.com/pasqualelembo78/huntix-poi/main/italia/toscana/sconosciuta/pages/appennino_43.7776_12.0923.json,custom
43.777976,12.093169,osm_raggio_di_sole_43.7780_12.0932,Raggio di sole,bar_cafe,bar_cafe,https://raw.githubusercontent.com/pasqualelembo78/huntix-poi/main/italia/toscana/sconosciuta/pages/raggio_di_sole_43.7780_12.0932.json,custom
43.402218,10.410125,osm_bagni_miramare_43.4022_10.4101,Bagni Miramare,bar_cafe,bar_cafe,https://raw.githubusercontent.com/pasqualelembo78/huntix-poi/main/italia/toscana/sconosciuta/pages/bagni_miramare_43.4022_10.4101.json,custom
43.403025,10.411749,osm_bagni_ausonia_43.4030_10.4117,Bagni Ausonia,bar_cafe,bar_cafe,https://raw.githubusercontent.com/pasqualelembo78/huntix-poi/main/italia/toscana/sconosciuta/pages/bagni_ausonia_43.4030_10.4117.json,custom
43.402616,10.410490,osm_bagni_lido_43.4026_10.4105,Bagni Lido,bar_cafe,bar_cafe,https://raw.githubusercontent.com/pasqualelembo78/huntix-poi/main/italia/toscana/sconosciuta/pages/bagni_lido_43.4026_10.4105.json,custom
43.744619,11.710096,osm_caff__dei_telai_43.7446_11.7101,Caffè dei Telai,bar_cafe,bar_cafe,https://raw.githubusercontent.com/pasqualelembo78/huntix-poi/main/italia/toscana/sconosciuta/pages/caff_dei_telai_43.7446_11.7101.json,custom
43.742422,11.705187,osm_street_saloon_junior_43.7424_11.7052,Street Saloon Junior,bar_cafe,bar_cafe,https://raw.githubusercontent.com/pasqualelembo78/huntix-poi/main/italia/toscana/sconosciuta/pages/street_saloon_junior_43.7424_11.7052.json,custom
43.744081,11.745885,osm_fabbrica_della_birra_43.7441_11.7459,Fabbrica della Birra,bar_cafe,bar_cafe,https://raw.githubusercontent.com/pasqualelembo78/huntix-poi/main/italia/toscana/sconosciuta/pages/fabbrica_della_birra_43.7441_11.7459.json,custom
43.310712,10.514396,osm_la_stazione_43.3107_10.5144,La Stazione,bar_cafe,bar_cafe,https://raw.githubusercontent.com/pasqualelembo78/huntix-poi/main/italia/toscana/sconosciuta/pages/la_stazione_43.3107_10.5144.json,custom
43.105387,12.372101,osm_bar_cortonese_43.1054_12.3721,Bar Cortonese,bar_cafe,bar_cafe,https://raw.githubusercontent.com/pasqualelembo78/huntix-poi/main/italia/toscana/sconosciuta/pages/bar_cortonese_43.1054_12.3721.json,custom
43.725939,10.512415,osm_circolo_a_c_l_i__43.7259_10.5124,Circolo A.C.L.I.,bar_cafe,bar_cafe,https://raw.githubusercontent.com/pasqualelembo78/huntix-poi/main/italia/toscana/sconosciuta/pages/circolo_acli_43.7259_10.5124.json,custom
43.772454,10.369152,osm_circolo_arci_43.7725_10.3692,Circolo ARCI,bar_cafe,bar_cafe,https://raw.githubusercontent.com/pasqualelembo78/huntix-poi/main/italia/toscana/sconosciuta/pages/circolo_arci_43.7725_10.3692.json,custom
43.713039,10.404984,osm_bar_la_caffetteria_43.7130_10.4050,Bar La caffetteria,bar_cafe,bar_cafe,https://raw.githubusercontent.com/pasqualelembo78/huntix-poi/main/italia/toscana/sconosciuta/pages/bar_la_caffetteria_43.7130_10.4050.json,custom
43.819117,10.414946,osm_keren_caff__43.8191_10.4149,Keren Caffè,bar_cafe,bar_cafe,https://raw.githubusercontent.com/pasqualelembo78/huntix-poi/main/italia/toscana/sconosciuta/pages/keren_caff_43.8191_10.4149.json,custom
43.819336,10.415134,osm_circolo_sportivo_acli_43.8193_10.4151,Circolo Sportivo ACLI,bar_cafe,bar_cafe,https://raw.githubusercontent.com/pasqualelembo78/huntix-poi/main/italia/toscana/sconosciuta/pages/circolo_sportivo_acli_43.8193_10.4151.json,custom
43.971000,10.467977,osm_il_tettuccio_43.9710_10.4680,Il tettuccio,bar_cafe,bar_cafe,https://raw.githubusercontent.com/pasqualelembo78/huntix-poi/main/italia/toscana/sconosciuta/pages/il_tettuccio_43.9710_10.4680.json,custom
43.108710,12.389791,osm_caf__sant_ercolano_43.1087_12.3898,Cafè Sant'Ercolano,bar_cafe,bar_cafe,https://raw.githubusercontent.com/pasqualelembo78/huntix-poi/main/italia/toscana/sconosciuta/pages/caf_santercolano_43.1087_12.3898.json,custom
42.763103,10.881207,osm_porrini_enotheka_bar_42.7631_10.8812,Porrini Enotheka Bar,bar_cafe,bar_cafe,https://raw.githubusercontent.com/pasqualelembo78/huntix-poi/main/italia/toscana/sconosciuta/pages/porrini_enotheka_bar_42.7631_10.8812.json,custom
42.763016,10.880927,osm_the_corner_cocktail_lab_42.7630_10.8809,The Corner Cocktail lab,bar_cafe,bar_cafe,https://raw.githubusercontent.com/pasqualelembo78/huntix-poi/main/italia/toscana/sconosciuta/pages/the_corner_cocktail_lab_42.7630_10.8809.json,custom
42.669193,11.104472,osm_bar_il_parco_42.6692_11.1045,Bar il Parco,bar_cafe,bar_cafe,https://raw.githubusercontent.com/pasqualelembo78/huntix-poi/main/italia/toscana/sconosciuta/pages/bar_il_parco_42.6692_11.1045.json,custom
42.761611,10.880554,osm_cyclo_velico_di_c_p__42.7616_10.8806,Cyclo velico di C.P.,bar_cafe,bar_cafe,https://raw.githubusercontent.com/pasqualelembo78/huntix-poi/main/italia/toscana/sconosciuta/pages/cyclo_velico_di_cp_42.7616_10.8806.json,custom
42.764102,10.882491,osm_aso_42.7641_10.8825,Aso,bar_cafe,bar_cafe,https://raw.githubusercontent.com/pasqualelembo78/huntix-poi/main/italia/toscana/sconosciuta/pages/aso_42.7641_10.8825.json,custom
42.762082,10.879261,osm_temperani_42.7621_10.8793,Temperani,bar_cafe,bar_cafe,https://raw.githubusercontent.com/pasqualelembo78/huntix-poi/main/italia/toscana/sconosciuta/pages/temperani_42.7621_10.8793.json,custom
43.498770,10.721897,osm_pasquino_43.4988_10.7219,Pasquino,bar_cafe,bar_cafe,https://raw.githubusercontent.com/pasqualelembo78/huntix-poi/main/italia/toscana/sconosciuta/pages/pasquino_43.4988_10.7219.json,custom
43.464191,11.042621,osm_caffe_giardino_43.4642_11.0426,Caffe Giardino,bar_cafe,bar_cafe,https://raw.githubusercontent.com/pasqualelembo78/huntix-poi/main/italia/toscana/sconosciuta/pages/caffe_giardino_43.4642_11.0426.json,custom
42.794364,10.344649,osm_bar_ristorante_la_curva_42.7944_10.3446,Bar Ristorante La Curva,bar_cafe,bar_cafe,https://raw.githubusercontent.com/pasqualelembo78/huntix-poi/main/italia/toscana/sconosciuta/pages/bar_ristorante_la_curva_42.7944_10.3446.json,custom
43.062807,12.309783,osm_doc___bar_edicola_ricevitoria_43.0628_12.3098,Doc - Bar edicola ricevitoria,bar_cafe,bar_cafe,https://raw.githubusercontent.com/pasqualelembo78/huntix-poi/main/italia/toscana/sconosciuta/pages/doc_-_bar_edicola_ricevitoria_43.0628_12.3098.json,custom
43.063159,12.310164,osm_bar___pasticceria_43.0632_12.3102,Bar - Pasticceria,bar_cafe,bar_cafe,https://raw.githubusercontent.com/pasqualelembo78/huntix-poi/main/italia/toscana/sconosciuta/pages/bar_-_pasticceria_43.0632_12.3102.json,custom
43.061801,12.306733,osm_bar_43.0618_12.3067,Bar,bar_cafe,bar_cafe,https://raw.githubusercontent.com/pasqualelembo78/huntix-poi/main/italia/toscana/sconosciuta/pages/bar_43.0618_12.3067.json,custom
43.071029,12.316023,osm_break_bar_43.0710_12.3160,Break Bar,bar_cafe,bar_cafe,https://raw.githubusercontent.com/pasqualelembo78/huntix-poi/main/italia/toscana/sconosciuta/pages/break_bar_43.0710_12.3160.json,custom
43.379625,12.498762,osm_bar_mocaiana_43.3796_12.4988,Bar Mocaiana,bar_cafe,bar_cafe,https://raw.githubusercontent.com/pasqualelembo78/huntix-poi/main/italia/toscana/sconosciuta/pages/bar_mocaiana_43.3796_12.4988.json,custom
43.158321,12.492458,osm_st__james_gate_43.1583_12.4925,St. James Gate,bar_cafe,bar_cafe,https://raw.githubusercontent.com/pasqualelembo78/huntix-poi/main/italia/toscana/sconosciuta/pages/st_james_gate_43.1583_12.4925.json,custom
43.334499,12.412649,osm_bar_43.3345_12.4126,Bar,bar_cafe,bar_cafe,https://raw.githubusercontent.com/pasqualelembo78/huntix-poi/main/italia/toscana/sconosciuta/pages/bar_43.3345_12.4126.json,custom
43.334168,12.411444,osm_bar_sonic_43.3342_12.4114,Bar Sonic,bar_cafe,bar_cafe,https://raw.githubusercontent.com/pasqualelembo78/huntix-poi/main/italia/toscana/sconosciuta/pages/bar_sonic_43.3342_12.4114.json,custom
43.286627,12.370576,osm_les_tois_freres_43.2866_12.3706,Les Tois Freres,bar_cafe,bar_cafe,https://raw.githubusercontent.com/pasqualelembo78/huntix-poi/main/italia/toscana/sconosciuta/pages/les_tois_freres_43.2866_12.3706.json,custom
42.759630,11.112193,osm_sol_caff__42.7596_11.1122,Sol caffé,bar_cafe,bar_cafe,https://raw.githubusercontent.com/pasqualelembo78/huntix-poi/main/italia/toscana/sconosciuta/pages/sol_caff_42.7596_11.1122.json,custom
43.059129,12.306849,osm_caffetteria_torri_43.0591_12.3068,Caffetteria Torri,bar_cafe,bar_cafe,https://raw.githubusercontent.com/pasqualelembo78/huntix-poi/main/italia/toscana/sconosciuta/pages/caffetteria_torri_43.0591_12.3068.json,custom
43.059288,12.306527,osm_bar_43.0593_12.3065,Bar,bar_cafe,bar_cafe,https://raw.githubusercontent.com/pasqualelembo78/huntix-poi/main/italia/toscana/sconosciuta/pages/bar_43.0593_12.3065.json,custom
43.091037,12.445533,osm_funny_bar_43.0910_12.4455,Funny Bar,bar_cafe,bar_cafe,https://raw.githubusercontent.com/pasqualelembo78/huntix-poi/main/italia/toscana/sconosciuta/pages/funny_bar_43.0910_12.4455.json,custom
43.719837,10.397449,osm_jamm_bell_cafe_43.7198_10.3974,Jamm Bell Cafe,bar_cafe,bar_cafe,https://raw.githubusercontent.com/pasqualelembo78/huntix-poi/main/italia/toscana/sconosciuta/pages/jamm_bell_cafe_43.7198_10.3974.json,custom
43.719944,10.398462,osm_bar_mod_43.7199_10.3985,Bar Mod,bar_cafe,bar_cafe,https://raw.githubusercontent.com/pasqualelembo78/huntix-poi/main/italia/toscana/sconosciuta/pages/bar_mod_43.7199_10.3985.json,custom
43.861330,11.090995,osm_caff__nero_bollente_43.8613_11.0910,Caffè nero bollente,bar_cafe,bar_cafe,https://raw.githubusercontent.com/pasqualelembo78/huntix-poi/main/italia/toscana/sconosciuta/pages/caff_nero_bollente_43.8613_11.0910.json,custom
42.507059,12.467877,osm_bar_associazione_pro_montoro_42.5071_12.4679,Bar associazione pro Montoro,bar_cafe,bar_cafe,https://raw.githubusercontent.com/pasqualelembo78/huntix-poi/main/italia/toscana/sconosciuta/pages/bar_associazione_pro_montoro_42.5071_12.4679.json,custom
43.348760,11.369292,osm_gipsy_bar_43.3488_11.3693,Gipsy Bar,bar_cafe,bar_cafe,https://raw.githubusercontent.com/pasqualelembo78/huntix-poi/main/italia/toscana/sconosciuta/pages/gipsy_bar_43.3488_11.3693.json,custom
43.316221,12.333655,osm_bar_43.3162_12.3337,Bar,bar_cafe,bar_cafe,https://raw.githubusercontent.com/pasqualelembo78/huntix-poi/main/italia/toscana/sconosciuta/pages/bar_43.3162_12.3337.json,custom
43.250905,12.398625,osm_bar_43.2509_12.3986,Bar,bar_cafe,bar_cafe,https://raw.githubusercontent.com/pasqualelembo78/huntix-poi/main/italia/toscana/sconosciuta/pages/bar_43.2509_12.3986.json,custom
43.245072,12.400533,osm_chilometro_93_43.2451_12.4005,Chilometro 93,bar_cafe,bar_cafe,https://raw.githubusercontent.com/pasqualelembo78/huntix-poi/main/italia/toscana/sconosciuta/pages/chilometro_93_43.2451_12.4005.json,custom
43.086211,12.437846,osm_bar_43.0862_12.4378,Bar,bar_cafe,bar_cafe,https://raw.githubusercontent.com/pasqualelembo78/huntix-poi/main/italia/toscana/sconosciuta/pages/bar_43.0862_12.4378.json,custom
43.086880,12.430735,osm_manu_43.0869_12.4307,Manu,bar_cafe,bar_cafe,https://raw.githubusercontent.com/pasqualelembo78/huntix-poi/main/italia/toscana/sconosciuta/pages/manu_43.0869_12.4307.json,custom
43.031464,10.596706,osm_g___b_43.0315_10.5967,G & B,bar_cafe,bar_cafe,https://raw.githubusercontent.com/pasqualelembo78/huntix-poi/main/italia/toscana/sconosciuta/pages/g_b_43.0315_10.5967.json,custom
42.299490,12.409952,osm_jimmy_bar_42.2995_12.4100,Jimmy Bar,bar_cafe,bar_cafe,https://raw.githubusercontent.com/pasqualelembo78/huntix-poi/main/italia/toscana/sconosciuta/pages/jimmy_bar_42.2995_12.4100.json,custom
43.553311,10.301366,osm_bar_1972_43.5533_10.3014,Bar 1972,bar_cafe,bar_cafe,https://raw.githubusercontent.com/pasqualelembo78/huntix-poi/main/italia/toscana/sconosciuta/pages/bar_1972_43.5533_10.3014.json,custom
43.710708,10.430150,osm_bar_pasticceria_lilli_43.7107_10.4301,Bar Pasticceria Lilli,bar_cafe,bar_cafe,https://raw.githubusercontent.com/pasqualelembo78/huntix-poi/main/italia/toscana/sconosciuta/pages/bar_pasticceria_lilli_43.7107_10.4301.json,custom
43.713961,10.401324,osm_chicchessia_43.7140_10.4013,Chicchessia,bar_cafe,bar_cafe,https://raw.githubusercontent.com/pasqualelembo78/huntix-poi/main/italia/toscana/sconosciuta/pages/chicchessia_43.7140_10.4013.json,custom
43.061996,12.295786,osm_bar_43.0620_12.2958,Bar,bar_cafe,bar_cafe,https://raw.githubusercontent.com/pasqualelembo78/huntix-poi/main/italia/toscana/sconosciuta/pages/bar_43.0620_12.2958.json,custom
43.932921,10.916599,osm_vecchia_praga_43.9329_10.9166,Vecchia Praga,bar_cafe,bar_cafe,https://raw.githubusercontent.com/pasqualelembo78/huntix-poi/main/italia/toscana/sconosciuta/pages/vecchia_praga_43.9329_10.9166.json,custom
43.931018,10.914786,osm_pasticceria_da_carmine_43.9310_10.9148,Pasticceria da Carmine,bar_cafe,bar_cafe,https://raw.githubusercontent.com/pasqualelembo78/huntix-poi/main/italia/toscana/sconosciuta/pages/pasticceria_da_carmine_43.9310_10.9148.json,custom
43.725270,10.419229,osm_bar_rossi_43.7253_10.4192,Bar Rossi,bar_cafe,bar_cafe,https://raw.githubusercontent.com/pasqualelembo78/huntix-poi/main/italia/toscana/sconosciuta/pages/bar_rossi_43.7253_10.4192.json,custom
43.897187,10.318966,osm_macedo_43.8972_10.3190,Macedo,bar_cafe,bar_cafe,https://raw.githubusercontent.com/pasqualelembo78/huntix-poi/main/italia/toscana/sconosciuta/pages/macedo_43.8972_10.3190.json,custom
43.269682,10.543230,osm_le_chicche_di_gasperini_43.2697_10.5432,Le chicche di Gasperini,bar_cafe,bar_cafe,https://raw.githubusercontent.com/pasqualelembo78/huntix-poi/main/italia/toscana/sconosciuta/pages/le_chicche_di_gasperini_43.2697_10.5432.json,custom
42.867843,12.264747,osm_snack_bar_42.8678_12.2647,Snack Bar,bar_cafe,bar_cafe,https://raw.githubusercontent.com/pasqualelembo78/huntix-poi/main/italia/toscana/sconosciuta/pages/snack_bar_42.8678_12.2647.json,custom
42.958053,11.385311,osm_il_villaggio_42.9581_11.3853,Il Villaggio,bar_cafe,bar_cafe,https://raw.githubusercontent.com/pasqualelembo78/huntix-poi/main/italia/toscana/sconosciuta/pages/il_villaggio_42.9581_11.3853.json,custom
43.769485,11.109909,osm_il_bivio_43.7695_11.1099,Il Bivio,bar_cafe,bar_cafe,https://raw.githubusercontent.com/pasqualelembo78/huntix-poi/main/italia/toscana/sconosciuta/pages/il_bivio_43.7695_11.1099.json,custom
43.468756,11.874214,osm_caff__marco_43.4688_11.8742,Caffè Marco,bar_cafe,bar_cafe,https://raw.githubusercontent.com/pasqualelembo78/huntix-poi/main/italia/toscana/sconosciuta/pages/caff_marco_43.4688_11.8742.json,custom
43.856400,11.145252,osm_dulcinea_43.8564_11.1453,Dulcinea,bar_cafe,bar_cafe,https://raw.githubusercontent.com/pasqualelembo78/huntix-poi/main/italia/toscana/sconosciuta/pages/dulcinea_43.8564_11.1453.json,custom
43.860573,11.138552,osm_papillon_43.8606_11.1386,Papillon,bar_cafe,bar_cafe,https://raw.githubusercontent.com/pasqualelembo78/huntix-poi/main/italia/toscana/sconosciuta/pages/papillon_43.8606_11.1386.json,custom
43.711820,10.400761,osm_bar_lumi_43.7118_10.4008,Bar Lumi,bar_cafe,bar_cafe,https://raw.githubusercontent.com/pasqualelembo78/huntix-poi/main/italia/toscana/sconosciuta/pages/bar_lumi_43.7118_10.4008.json,custom
43.474226,11.843321,osm_bar_puccini_43.4742_11.8433,Bar Puccini,bar_cafe,bar_cafe,https://raw.githubusercontent.com/pasqualelembo78/huntix-poi/main/italia/toscana/sconosciuta/pages/bar_puccini_43.4742_11.8433.json,custom
43.475395,11.841014,osm_garden_city_bar_43.4754_11.8410,Garden City Bar,bar_cafe,bar_cafe,https://raw.githubusercontent.com/pasqualelembo78/huntix-poi/main/italia/toscana/sconosciuta/pages/garden_city_bar_43.4754_11.8410.json,custom
43.685900,10.798730,osm_bar_marisa_43.6859_10.7987,Bar Marisa,bar_cafe,bar_cafe,https://raw.githubusercontent.com/pasqualelembo78/huntix-poi/main/italia/toscana/sconosciuta/pages/bar_marisa_43.6859_10.7987.json,custom
43.684760,10.798467,osm_circolo_arci_c_pannocchia_43.6848_10.7985,Circolo Arci C.Pannocchia,bar_cafe,bar_cafe,https://raw.githubusercontent.com/pasqualelembo78/huntix-poi/main/italia/toscana/sconosciuta/pages/circolo_arci_cpannocchia_43.6848_10.7985.json,custom
43.684539,10.793825,osm_pasticceria_l_altro_gateau_43.6845_10.7938,Pasticceria l'altro Gateau,bar_cafe,bar_cafe,https://raw.githubusercontent.com/pasqualelembo78/huntix-poi/main/italia/toscana/sconosciuta/pages/pasticceria_laltro_gateau_43.6845_10.7938.json,custom
43.370508,12.238360,osm_bar_fuego_43.3705_12.2384,Bar Fuego,bar_cafe,bar_cafe,https://raw.githubusercontent.com/pasqualelembo78/huntix-poi/main/italia/toscana/sconosciuta/pages/bar_fuego_43.3705_12.2384.json,custom
43.547648,10.310836,osm_il_folletto_43.5476_10.3108,Il folletto,bar_cafe,bar_cafe,https://raw.githubusercontent.com/pasqualelembo78/huntix-poi/main/italia/toscana/sconosciuta/pages/il_folletto_43.5476_10.3108.json,custom
43.719459,10.416358,osm_speedy_bar_43.7195_10.4164,Speedy Bar,bar_cafe,bar_cafe,https://raw.githubusercontent.com/pasqualelembo78/huntix-poi/main/italia/toscana/sconosciuta/pages/speedy_bar_43.7195_10.4164.json,custom
43.497893,10.344475,osm_caff__dei_bardi_43.4979_10.3445,Caffè dei Bardi,bar_cafe,bar_cafe,https://raw.githubusercontent.com/pasqualelembo78/huntix-poi/main/italia/toscana/sconosciuta/pages/caff_dei_bardi_43.4979_10.3445.json,custom
43.659684,10.664414,osm_amalia_laghi_43.6597_10.6644,Amalia Laghi,bar_cafe,bar_cafe,https://raw.githubusercontent.com/pasqualelembo78/huntix-poi/main/italia/toscana/sconosciuta/pages/amalia_laghi_43.6597_10.6644.json,custom
43.749780,10.468426,osm_circolo_parrocchiale_asciano_43.7498_10.4684,Circolo Parrocchiale Asciano,bar_cafe,bar_cafe,https://raw.githubusercontent.com/pasqualelembo78/huntix-poi/main/italia/toscana/sconosciuta/pages/circolo_parrocchiale_asciano_43.7498_10.4684.json,custom
43.793823,10.267660,osm_struttura_montioni_1___ristorante_bougan_43.7938_10.2677,Struttura Montioni 1 - Ristorante Bouganville,bar_cafe,bar_cafe,https://raw.githubusercontent.com/pasqualelembo78/huntix-poi/main/italia/toscana/sconosciuta/pages/struttura_montioni_1_-_ristorante_bougan_43.7938_10.2677.json,custom
42.781894,11.109221,osm_bar_mario_42.7819_11.1092,Bar Mario,bar_cafe,bar_cafe,https://raw.githubusercontent.com/pasqualelembo78/huntix-poi/main/italia/toscana/sconosciuta/pages/bar_mario_42.7819_11.1092.json,custom
43.485324,12.112385,osm_bar_bianchi_43.4853_12.1124,Bar Bianchi,bar_cafe,bar_cafe,https://raw.githubusercontent.com/pasqualelembo78/huntix-poi/main/italia/toscana/sconosciuta/pages/bar_bianchi_43.4853_12.1124.json,custom
43.110588,12.389794,osm_caff__di_roma___perugia_43.1106_12.3898,Caffè di Roma - Perugia,bar_cafe,bar_cafe,https://raw.githubusercontent.com/pasqualelembo78/huntix-poi/main/italia/toscana/sconosciuta/pages/caff_di_roma_-_perugia_43.1106_12.3898.json,custom
43.805498,10.484819,osm_la_perla_43.8055_10.4848,La Perla,bar_cafe,bar_cafe,https://raw.githubusercontent.com/pasqualelembo78/huntix-poi/main/italia/toscana/sconosciuta/pages/la_perla_43.8055_10.4848.json,custom
43.705174,10.431105,osm_circolo_arci_san_biagio_43.7052_10.4311,Circolo ARCI San Biagio,bar_cafe,bar_cafe,https://raw.githubusercontent.com/pasqualelembo78/huntix-poi/main/italia/toscana/sconosciuta/pages/circolo_arci_san_biagio_43.7052_10.4311.json,custom
43.543704,10.313963,osm_l_e_f__43.5437_10.3140,L.E.F.,bar_cafe,bar_cafe,https://raw.githubusercontent.com/pasqualelembo78/huntix-poi/main/italia/toscana/sconosciuta/pages/lef_43.5437_10.3140.json,custom
43.685697,10.486043,osm_circolo_arci_l_incontro_43.6857_10.4860,Circolo ARCI L'Incontro,bar_cafe,bar_cafe,https://raw.githubusercontent.com/pasqualelembo78/huntix-poi/main/italia/toscana/sconosciuta/pages/circolo_arci_lincontro_43.6857_10.4860.json,custom
43.722632,10.437976,osm_globo_verde_43.7226_10.4380,Globo verde,bar_cafe,bar_cafe,https://raw.githubusercontent.com/pasqualelembo78/huntix-poi/main/italia/toscana/sconosciuta/pages/globo_verde_43.7226_10.4380.json,custom
43.724011,10.402235,osm_sunny_caff__43.7240_10.4022,Sunny Caffè,bar_cafe,bar_cafe,https://raw.githubusercontent.com/pasqualelembo78/huntix-poi/main/italia/toscana/sconosciuta/pages/sunny_caff_43.7240_10.4022.json,custom
43.707794,10.614232,osm_caff__le_bimbe_43.7078_10.6142,Caffè le Bimbe,bar_cafe,bar_cafe,https://raw.githubusercontent.com/pasqualelembo78/huntix-poi/main/italia/toscana/sconosciuta/pages/caff_le_bimbe_43.7078_10.6142.json,custom
43.571788,10.318800,osm_da_vinci_43.5718_10.3188,Da Vinci,bar_cafe,bar_cafe,https://raw.githubusercontent.com/pasqualelembo78/huntix-poi/main/italia/toscana/sconosciuta/pages/da_vinci_43.5718_10.3188.json,custom
42.697440,11.003355,osm_mare_luna_42.6974_11.0034,Mare Luna,bar_cafe,bar_cafe,https://raw.githubusercontent.com/pasqualelembo78/huntix-poi/main/italia/toscana/sconosciuta/pages/mare_luna_42.6974_11.0034.json,custom
42.697051,11.002755,osm_polypus_42.6971_11.0028,Polypus,bar_cafe,bar_cafe,https://raw.githubusercontent.com/pasqualelembo78/huntix-poi/main/italia/toscana/sconosciuta/pages/polypus_42.6971_11.0028.json,custom
43.722321,10.401530,osm_caff__antiche_terme_43.7223_10.4015,Caffè Antiche Terme,bar_cafe,bar_cafe,https://raw.githubusercontent.com/pasqualelembo78/huntix-poi/main/italia/toscana/sconosciuta/pages/caff_antiche_terme_43.7223_10.4015.json,custom
43.124461,12.444102,osm_bar_43.1245_12.4441,Bar,bar_cafe,bar_cafe,https://raw.githubusercontent.com/pasqualelembo78/huntix-poi/main/italia/toscana/sconosciuta/pages/bar_43.1245_12.4441.json,custom
43.716908,10.401563,osm_jungle_pub_bistrot_43.7169_10.4016,Jungle pub bistrot,bar_cafe,bar_cafe,https://raw.githubusercontent.com/pasqualelembo78/huntix-poi/main/italia/toscana/sconosciuta/pages/jungle_pub_bistrot_43.7169_10.4016.json,custom
43.099791,12.364355,osm_bar_43.0998_12.3644,Bar,bar_cafe,bar_cafe,https://raw.githubusercontent.com/pasqualelembo78/huntix-poi/main/italia/toscana/sconosciuta/pages/bar_43.0998_12.3644.json,custom
43.142109,12.203876,osm_bar_43.1421_12.2039,Bar,bar_cafe,bar_cafe,https://raw.githubusercontent.com/pasqualelembo78/huntix-poi/main/italia/toscana/sconosciuta/pages/bar_43.1421_12.2039.json,custom
43.142036,12.205239,osm_sottozero_43.1420_12.2052,Sottozero,bar_cafe,bar_cafe,https://raw.githubusercontent.com/pasqualelembo78/huntix-poi/main/italia/toscana/sconosciuta/pages/sottozero_43.1420_12.2052.json,custom
43.304805,12.237648,osm_bar___alimentari_43.3048_12.2376,Bar - Alimentari,bar_cafe,bar_cafe,https://raw.githubusercontent.com/pasqualelembo78/huntix-poi/main/italia/toscana/sconosciuta/pages/bar_-_alimentari_43.3048_12.2376.json,custom
43.105243,12.375950,osm_bar_43.1052_12.3759,Bar,bar_cafe,bar_cafe,https://raw.githubusercontent.com/pasqualelembo78/huntix-poi/main/italia/toscana/sconosciuta/pages/bar_43.1052_12.3759.json,custom
43.104859,12.375030,osm_caff__del_moro_43.1049_12.3750,Caffé del Moro,bar_cafe,bar_cafe,https://raw.githubusercontent.com/pasqualelembo78/huntix-poi/main/italia/toscana/sconosciuta/pages/caff_del_moro_43.1049_12.3750.json,custom
43.105035,12.377823,osm_nicolini_bar_pasticceria_43.1050_12.3778,Nicolini Bar Pasticceria,bar_cafe,bar_cafe,https://raw.githubusercontent.com/pasqualelembo78/huntix-poi/main/italia/toscana/sconosciuta/pages/nicolini_bar_pasticceria_43.1050_12.3778.json,custom
43.747189,10.464254,osm_spidy_43.7472_10.4643,Spidy,bar_cafe,bar_cafe,https://raw.githubusercontent.com/pasqualelembo78/huntix-poi/main/italia/toscana/sconosciuta/pages/spidy_43.7472_10.4643.json,custom
43.721552,10.419524,osm_enicaf__43.7216_10.4195,EniCafè,bar_cafe,bar_cafe,https://raw.githubusercontent.com/pasqualelembo78/huntix-poi/main/italia/toscana/sconosciuta/pages/enicaf_43.7216_10.4195.json,custom
43.720615,10.421452,osm_bar_jolly_43.7206_10.4215,Bar Jolly,bar_cafe,bar_cafe,https://raw.githubusercontent.com/pasqualelembo78/huntix-poi/main/italia/toscana/sconosciuta/pages/bar_jolly_43.7206_10.4215.json,custom
43.366274,12.223688,osm_bar_breccione_43.3663_12.2237,Bar Breccione,bar_cafe,bar_cafe,https://raw.githubusercontent.com/pasqualelembo78/huntix-poi/main/italia/toscana/sconosciuta/pages/bar_breccione_43.3663_12.2237.json,custom
43.543817,12.113546,osm_bar_43.5438_12.1135,Bar,bar_cafe,bar_cafe,https://raw.githubusercontent.com/pasqualelembo78/huntix-poi/main/italia/toscana/sconosciuta/pages/bar_43.5438_12.1135.json,custom
43.886152,11.087192,osm_circolo_eugenio_curiel__associazione_mel_43.8862_11.0872,Circolo Eugenio Curiel (associazione Meltin-PO),bar_cafe,bar_cafe,https://raw.githubusercontent.com/pasqualelembo78/huntix-poi/main/italia/toscana/sconosciuta/pages/circolo_eugenio_curiel_associazione_melt_43.8862_11.0872.json,custom
43.695670,10.428758,osm_circolo_arci_putignano_43.6957_10.4288,Circolo Arci Putignano,bar_cafe,bar_cafe,https://raw.githubusercontent.com/pasqualelembo78/huntix-poi/main/italia/toscana/sconosciuta/pages/circolo_arci_putignano_43.6957_10.4288.json,custom
43.676823,10.269942,osm_rosa_dei_venti_43.6768_10.2699,Rosa dei venti,bar_cafe,bar_cafe,https://raw.githubusercontent.com/pasqualelembo78/huntix-poi/main/italia/toscana/sconosciuta/pages/rosa_dei_venti_43.6768_10.2699.json,custom
43.090526,12.442034,osm_special_bar_43.0905_12.4420,Special Bar,bar_cafe,bar_cafe,https://raw.githubusercontent.com/pasqualelembo78/huntix-poi/main/italia/toscana/sconosciuta/pages/special_bar_43.0905_12.4420.json,custom
43.880221,10.586419,osm_bar_maril__43.8802_10.5864,Bar Marilù,bar_cafe,bar_cafe,https://raw.githubusercontent.com/pasqualelembo78/huntix-poi/main/italia/toscana/sconosciuta/pages/bar_maril_43.8802_10.5864.json,custom
43.794647,10.267493,osm_struttura_montioni_2___ristorante_osteri_43.7946_10.2675,Struttura Montioni 2 - Ristorante Osteria del Parco,bar_cafe,bar_cafe,https://raw.githubusercontent.com/pasqualelembo78/huntix-poi/main/italia/toscana/sconosciuta/pages/struttura_montioni_2_-_ristorante_osteri_43.7946_10.2675.json,custom
43.910758,10.854192,osm_alessandro_43.9108_10.8542,Alessandro,bar_cafe,bar_cafe,https://raw.githubusercontent.com/pasqualelembo78/huntix-poi/main/italia/toscana/sconosciuta/pages/alessandro_43.9108_10.8542.json,custom
43.670723,10.580199,osm_circolo_operaio_43.6707_10.5802,Circolo Operaio,bar_cafe,bar_cafe,https://raw.githubusercontent.com/pasqualelembo78/huntix-poi/main/italia/toscana/sconosciuta/pages/circolo_operaio_43.6707_10.5802.json,custom
43.663693,10.369624,osm_bacchus_43.6637_10.3696,Bacchus,bar_cafe,bar_cafe,https://raw.githubusercontent.com/pasqualelembo78/huntix-poi/main/italia/toscana/sconosciuta/pages/bacchus_43.6637_10.3696.json,custom
43.709850,10.386074,osm_caff__frassi_43.7098_10.3861,Caffè Frassi,bar_cafe,bar_cafe,https://raw.githubusercontent.com/pasqualelembo78/huntix-poi/main/italia/toscana/sconosciuta/pages/caff_frassi_43.7098_10.3861.json,custom
43.712900,10.400174,osm_caff__drago_43.7129_10.4002,Caffè Drago,bar_cafe,bar_cafe,https://raw.githubusercontent.com/pasqualelembo78/huntix-poi/main/italia/toscana/sconosciuta/pages/caff_drago_43.7129_10.4002.json,custom
43.714199,10.401186,osm_tazza_d_oro_43.7142_10.4012,Tazza d'Oro,bar_cafe,bar_cafe,https://raw.githubusercontent.com/pasqualelembo78/huntix-poi/main/italia/toscana/sconosciuta/pages/tazza_doro_43.7142_10.4012.json,custom
43.726855,10.389694,osm_bar_nedo_43.7269_10.3897,Bar Nedo,bar_cafe,bar_cafe,https://raw.githubusercontent.com/pasqualelembo78/huntix-poi/main/italia/toscana/sconosciuta/pages/bar_nedo_43.7269_10.3897.json,custom
43.714042,10.408416,osm_la_fortezza_43.7140_10.4084,La Fortezza,bar_cafe,bar_cafe,https://raw.githubusercontent.com/pasqualelembo78/huntix-poi/main/italia/toscana/sconosciuta/pages/la_fortezza_43.7140_10.4084.json,custom
43.497796,10.344950,osm_caffetteria_di_montenero_43.4978_10.3450,Caffetteria di Montenero,bar_cafe,bar_cafe,https://raw.githubusercontent.com/pasqualelembo78/huntix-poi/main/italia/toscana/sconosciuta/pages/caffetteria_di_montenero_43.4978_10.3450.json,custom
43.713364,10.405485,osm_leningrad_caf__43.7134_10.4055,Leningrad Café,bar_cafe,bar_cafe,https://raw.githubusercontent.com/pasqualelembo78/huntix-poi/main/italia/toscana/sconosciuta/pages/leningrad_caf_43.7134_10.4055.json,custom
43.390502,10.435686,osm_bar_centro_43.3905_10.4357,Bar Centro,bar_cafe,bar_cafe,https://raw.githubusercontent.com/pasqualelembo78/huntix-poi/main/italia/toscana/sconosciuta/pages/bar_centro_43.3905_10.4357.json,custom
43.497566,10.325118,osm_isolani_43.4976_10.3251,Isolani,bar_cafe,bar_cafe,https://raw.githubusercontent.com/pasqualelembo78/huntix-poi/main/italia/toscana/sconosciuta/pages/isolani_43.4976_10.3251.json,custom
43.517327,10.324695,osm_la_cantina_43.5173_10.3247,La Cantina,bar_cafe,bar_cafe,https://raw.githubusercontent.com/pasqualelembo78/huntix-poi/main/italia/toscana/sconosciuta/pages/la_cantina_43.5173_10.3247.json,custom
43.395632,10.426039,osm_renoir_43.3956_10.4260,Renoir,bar_cafe,bar_cafe,https://raw.githubusercontent.com/pasqualelembo78/huntix-poi/main/italia/toscana/sconosciuta/pages/renoir_43.3956_10.4260.json,custom
43.751212,10.359081,osm_bar_gatto_rosso_43.7512_10.3591,Bar Gatto Rosso,bar_cafe,bar_cafe,https://raw.githubusercontent.com/pasqualelembo78/huntix-poi/main/italia/toscana/sconosciuta/pages/bar_gatto_rosso_43.7512_10.3591.json,custom
43.705334,10.399531,osm_il_baronetto_43.7053_10.3995,Il baronetto,bar_cafe,bar_cafe,https://raw.githubusercontent.com/pasqualelembo78/huntix-poi/main/italia/toscana/sconosciuta/pages/il_baronetto_43.7053_10.3995.json,custom
43.372563,12.207319,osm_bar_serone_43.3726_12.2073,Bar SerOne,bar_cafe,bar_cafe,https://raw.githubusercontent.com/pasqualelembo78/huntix-poi/main/italia/toscana/sconosciuta/pages/bar_serone_43.3726_12.2073.json,custom
43.208614,12.071803,osm_bar_zucchini_43.2086_12.0718,Bar Zucchini,bar_cafe,bar_cafe,https://raw.githubusercontent.com/pasqualelembo78/huntix-poi/main/italia/toscana/sconosciuta/pages/bar_zucchini_43.2086_12.0718.json,custom
43.841842,10.616677,osm_bar_ma_ma_43.8418_10.6167,Bar Ma.Ma,bar_cafe,bar_cafe,https://raw.githubusercontent.com/pasqualelembo78/huntix-poi/main/italia/toscana/sconosciuta/pages/bar_mama_43.8418_10.6167.json,custom
43.668296,12.041604,osm_bar_jepson_43.6683_12.0416,Bar Jepson,bar_cafe,bar_cafe,https://raw.githubusercontent.com/pasqualelembo78/huntix-poi/main/italia/toscana/sconosciuta/pages/bar_jepson_43.6683_12.0416.json,custom
43.669144,12.041935,osm_bar_moderno_43.6691_12.0419,Bar Moderno,bar_cafe,bar_cafe,https://raw.githubusercontent.com/pasqualelembo78/huntix-poi/main/italia/toscana/sconosciuta/pages/bar_moderno_43.6691_12.0419.json,custom
43.669353,12.042069,osm_il_mi_cocco_43.6694_12.0421,Il Mi Cocco,bar_cafe,bar_cafe,https://raw.githubusercontent.com/pasqualelembo78/huntix-poi/main/italia/toscana/sconosciuta/pages/il_mi_cocco_43.6694_12.0421.json,custom
43.126518,12.047591,osm_extra_bar_43.1265_12.0476,Extra Bar,bar_cafe,bar_cafe,https://raw.githubusercontent.com/pasqualelembo78/huntix-poi/main/italia/toscana/sconosciuta/pages/extra_bar_43.1265_12.0476.json,custom
43.159441,12.186919,osm_bar_trasimeno_43.1594_12.1869,Bar Trasimeno,bar_cafe,bar_cafe,https://raw.githubusercontent.com/pasqualelembo78/huntix-poi/main/italia/toscana/sconosciuta/pages/bar_trasimeno_43.1594_12.1869.json,custom
43.381559,11.276224,osm_bomber_bar_43.3816_11.2762,Bomber Bar,bar_cafe,bar_cafe,https://raw.githubusercontent.com/pasqualelembo78/huntix-poi/main/italia/toscana/sconosciuta/pages/bomber_bar_43.3816_11.2762.json,custom
42.296248,12.410559,osm_gravity_smargiassi_42.2962_12.4106,Gravity Smargiassi,bar_cafe,bar_cafe,https://raw.githubusercontent.com/pasqualelembo78/huntix-poi/main/italia/toscana/sconosciuta/pages/gravity_smargiassi_42.2962_12.4106.json,custom
43.882103,10.770785,osm_il_cappellaio_matto_43.8821_10.7708,Il Cappellaio Matto,bar_cafe,bar_cafe,https://raw.githubusercontent.com/pasqualelembo78/huntix-poi/main/italia/toscana/sconosciuta/pages/il_cappellaio_matto_43.8821_10.7708.json,custom
43.835378,10.494350,osm_nelli_43.8354_10.4943,Nelli,bar_cafe,bar_cafe,https://raw.githubusercontent.com/pasqualelembo78/huntix-poi/main/italia/toscana/sconosciuta/pages/nelli_43.8354_10.4943.json,custom
43.842865,10.503186,osm_la_tana_del_boia_43.8429_10.5032,La Tana del Boia,bar_cafe,bar_cafe,https://raw.githubusercontent.com/pasqualelembo78/huntix-poi/main/italia/toscana/sconosciuta/pages/la_tana_del_boia_43.8429_10.5032.json,custom
43.843916,10.502600,osm_gabry_caff__43.8439_10.5026,Gabry Caffè,bar_cafe,bar_cafe,https://raw.githubusercontent.com/pasqualelembo78/huntix-poi/main/italia/toscana/sconosciuta/pages/gabry_caff_43.8439_10.5026.json,custom
43.517670,10.324558,osm_la_piazzetta_43.5177_10.3246,La piazzetta,bar_cafe,bar_cafe,https://raw.githubusercontent.com/pasqualelembo78/huntix-poi/main/italia/toscana/sconosciuta/pages/la_piazzetta_43.5177_10.3246.json,custom
43.817451,12.265606,osm_caff__della_nina_43.8175_12.2656,Caffè della Nina,bar_cafe,bar_cafe,https://raw.githubusercontent.com/pasqualelembo78/huntix-poi/main/italia/toscana/sconosciuta/pages/caff_della_nina_43.8175_12.2656.json,custom
43.776843,11.432348,osm_pasticceria_remo_43.7768_11.4323,Pasticceria Remo,bar_cafe,bar_cafe,https://raw.githubusercontent.com/pasqualelembo78/huntix-poi/main/italia/toscana/sconosciuta/pages/pasticceria_remo_43.7768_11.4323.json,custom
43.795359,11.539569,osm_casa_del_prosciutto_43.7954_11.5396,Casa del prosciutto,bar_cafe,bar_cafe,https://raw.githubusercontent.com/pasqualelembo78/huntix-poi/main/italia/toscana/sconosciuta/pages/casa_del_prosciutto_43.7954_11.5396.json,custom
43.771235,11.429312,osm_ruggini_43.7712_11.4293,Ruggini,bar_cafe,bar_cafe,https://raw.githubusercontent.com/pasqualelembo78/huntix-poi/main/italia/toscana/sconosciuta/pages/ruggini_43.7712_11.4293.json,custom
43.774243,11.438183,osm_bar_della_stazione_43.7742_11.4382,Bar della Stazione,bar_cafe,bar_cafe,https://raw.githubusercontent.com/pasqualelembo78/huntix-poi/main/italia/toscana/sconosciuta/pages/bar_della_stazione_43.7742_11.4382.json,custom
43.774610,11.438523,osm_bar_sonia_43.7746_11.4385,Bar Sonia,bar_cafe,bar_cafe,https://raw.githubusercontent.com/pasqualelembo78/huntix-poi/main/italia/toscana/sconosciuta/pages/bar_sonia_43.7746_11.4385.json,custom
43.774573,11.439761,osm_bar_ruggini_43.7746_11.4398,Bar Ruggini,bar_cafe,bar_cafe,https://raw.githubusercontent.com/pasqualelembo78/huntix-poi/main/italia/toscana/sconosciuta/pages/bar_ruggini_43.7746_11.4398.json,custom
42.779116,12.413348,osm_bar_42.7791_12.4133,Bar,bar_cafe,bar_cafe,https://raw.githubusercontent.com/pasqualelembo78/huntix-poi/main/italia/toscana/sconosciuta/pages/bar_42.7791_12.4133.json,custom
43.841596,10.528680,osm_relo__caff__43.8416_10.5287,Reloò Caffè,bar_cafe,bar_cafe,https://raw.githubusercontent.com/pasqualelembo78/huntix-poi/main/italia/toscana/sconosciuta/pages/relo_caff_43.8416_10.5287.json,custom
43.899281,10.917533,osm_lorena_43.8993_10.9175,Lorena,bar_cafe,bar_cafe,https://raw.githubusercontent.com/pasqualelembo78/huntix-poi/main/italia/toscana/sconosciuta/pages/lorena_43.8993_10.9175.json,custom
43.343391,11.921315,osm_bar_delle_mura_43.3434_11.9213,Bar delle Mura,bar_cafe,bar_cafe,https://raw.githubusercontent.com/pasqualelembo78/huntix-poi/main/italia/toscana/sconosciuta/pages/bar_delle_mura_43.3434_11.9213.json,custom
43.343777,11.921399,osm_bar_duemila_43.3438_11.9214,Bar Duemila,bar_cafe,bar_cafe,https://raw.githubusercontent.com/pasqualelembo78/huntix-poi/main/italia/toscana/sconosciuta/pages/bar_duemila_43.3438_11.9214.json,custom
43.828598,11.129452,osm_bar_giacomelli_simone___c__43.8286_11.1295,Bar Giacomelli Simone & C.,bar_cafe,bar_cafe,https://raw.githubusercontent.com/pasqualelembo78/huntix-poi/main/italia/toscana/sconosciuta/pages/bar_giacomelli_simone_c_43.8286_11.1295.json,custom
43.843317,11.125346,osm_bar_la_bottega_di_gi__43.8433_11.1253,Bar La Bottega di Giò,bar_cafe,bar_cafe,https://raw.githubusercontent.com/pasqualelembo78/huntix-poi/main/italia/toscana/sconosciuta/pages/bar_la_bottega_di_gi_43.8433_11.1253.json,custom
43.861202,11.109973,osm_bar_muretto_43.8612_11.1100,Bar Muretto,bar_cafe,bar_cafe,https://raw.githubusercontent.com/pasqualelembo78/huntix-poi/main/italia/toscana/sconosciuta/pages/bar_muretto_43.8612_11.1100.json,custom
43.837552,11.132273,osm_bar_primavera_43.8376_11.1323,Bar Primavera,bar_cafe,bar_cafe,https://raw.githubusercontent.com/pasqualelembo78/huntix-poi/main/italia/toscana/sconosciuta/pages/bar_primavera_43.8376_11.1323.json,custom
43.825399,11.127729,osm_la_dolceria_43.8254_11.1277,La Dolceria,bar_cafe,bar_cafe,https://raw.githubusercontent.com/pasqualelembo78/huntix-poi/main/italia/toscana/sconosciuta/pages/la_dolceria_43.8254_11.1277.json,custom
43.799213,11.140697,osm_donnino_s_43.7992_11.1407,Donnino'S,bar_cafe,bar_cafe,https://raw.githubusercontent.com/pasqualelembo78/huntix-poi/main/italia/toscana/sconosciuta/pages/donninos_43.7992_11.1407.json,custom
42.950702,12.399451,osm_bar_42.9507_12.3995,Bar,bar_cafe,bar_cafe,https://raw.githubusercontent.com/pasqualelembo78/huntix-poi/main/italia/toscana/sconosciuta/pages/bar_42.9507_12.3995.json,custom
43.159887,12.286670,osm_bar_43.1599_12.2867,Bar,bar_cafe,bar_cafe,https://raw.githubusercontent.com/pasqualelembo78/huntix-poi/main/italia/toscana/sconosciuta/pages/bar_43.1599_12.2867.json,custom
43.463262,11.890661,osm_nero_bar_43.4633_11.8907,Nero Bar,bar_cafe,bar_cafe,https://raw.githubusercontent.com/pasqualelembo78/huntix-poi/main/italia/toscana/sconosciuta/pages/nero_bar_43.4633_11.8907.json,custom
43.111040,12.390271,osm_the_chocolate_bar_43.1110_12.3903,The Chocolate Bar,bar_cafe,bar_cafe,https://raw.githubusercontent.com/pasqualelembo78/huntix-poi/main/italia/toscana/sconosciuta/pages/the_chocolate_bar_43.1110_12.3903.json,custom
43.131982,12.261332,osm_pizza_bar_43.1320_12.2613,Pizza Bar,bar_cafe,bar_cafe,https://raw.githubusercontent.com/pasqualelembo78/huntix-poi/main/italia/toscana/sconosciuta/pages/pizza_bar_43.1320_12.2613.json,custom
43.727196,10.404351,osm_kykeon_43.7272_10.4044,Kykeon,bar_cafe,bar_cafe,https://raw.githubusercontent.com/pasqualelembo78/huntix-poi/main/italia/toscana/sconosciuta/pages/kykeon_43.7272_10.4044.json,custom
43.717920,10.402912,osm_bear_garden_43.7179_10.4029,Bear Garden,bar_cafe,bar_cafe,https://raw.githubusercontent.com/pasqualelembo78/huntix-poi/main/italia/toscana/sconosciuta/pages/bear_garden_43.7179_10.4029.json,custom
42.745029,10.378738,osm_gelateria_l_angolo_42.7450_10.3787,Gelateria l'angolo,bar_cafe,bar_cafe,https://raw.githubusercontent.com/pasqualelembo78/huntix-poi/main/italia/toscana/sconosciuta/pages/gelateria_langolo_42.7450_10.3787.json,custom
43.480229,11.710806,osm_roxy_bar_43.4802_11.7108,Roxy Bar,bar_cafe,bar_cafe,https://raw.githubusercontent.com/pasqualelembo78/huntix-poi/main/italia/toscana/sconosciuta/pages/roxy_bar_43.4802_11.7108.json,custom
43.105178,12.320898,osm_bar_silver_43.1052_12.3209,Bar Silver,bar_cafe,bar_cafe,https://raw.githubusercontent.com/pasqualelembo78/huntix-poi/main/italia/toscana/sconosciuta/pages/bar_silver_43.1052_12.3209.json,custom
43.196346,11.176160,osm_poolbar_43.1963_11.1762,Poolbar,bar_cafe,bar_cafe,https://raw.githubusercontent.com/pasqualelembo78/huntix-poi/main/italia/toscana/sconosciuta/pages/poolbar_43.1963_11.1762.json,custom
43.967313,12.470870,osm_rose___bowl_43.9673_12.4709,Rose & Bowl,bar_cafe,bar_cafe,https://raw.githubusercontent.com/pasqualelembo78/huntix-poi/main/italia/toscana/sconosciuta/pages/rose_bowl_43.9673_12.4709.json,custom
43.452900,11.084112,osm_birreria_di_pietrafitta_43.4529_11.0841,Birreria di Pietrafitta,bar_cafe,bar_cafe,https://raw.githubusercontent.com/pasqualelembo78/huntix-poi/main/italia/toscana/sconosciuta/pages/birreria_di_pietrafitta_43.4529_11.0841.json,custom
42.786870,10.183800,osm_la_dolce_vita_42.7869_10.1838,La Dolce Vita,bar_cafe,bar_cafe,https://raw.githubusercontent.com/pasqualelembo78/huntix-poi/main/italia/toscana/sconosciuta/pages/la_dolce_vita_42.7869_10.1838.json,custom
43.022529,11.026383,osm_circo_l_arte_43.0225_11.0264,Circo l'arte,bar_cafe,bar_cafe,https://raw.githubusercontent.com/pasqualelembo78/huntix-poi/main/italia/toscana/sconosciuta/pages/circo_larte_43.0225_11.0264.json,custom
43.707617,10.429999,osm_gallery_43.7076_10.4300,Gallery,bar_cafe,bar_cafe,https://raw.githubusercontent.com/pasqualelembo78/huntix-poi/main/italia/toscana/sconosciuta/pages/gallery_43.7076_10.4300.json,custom
43.994212,10.852842,osm_my_bar_43.9942_10.8528,My Bar,bar_cafe,bar_cafe,https://raw.githubusercontent.com/pasqualelembo78/huntix-poi/main/italia/toscana/sconosciuta/pages/my_bar_43.9942_10.8528.json,custom
43.117924,12.166748,osm_prima_o_poi_43.1179_12.1667,Prima o Poi,bar_cafe,bar_cafe,https://raw.githubusercontent.com/pasqualelembo78/huntix-poi/main/italia/toscana/sconosciuta/pages/prima_o_poi_43.1179_12.1667.json,custom
43.117527,12.167439,osm_circolo_canottieri_43.1175_12.1674,Circolo Canottieri,bar_cafe,bar_cafe,https://raw.githubusercontent.com/pasqualelembo78/huntix-poi/main/italia/toscana/sconosciuta/pages/circolo_canottieri_43.1175_12.1674.json,custom
43.113649,12.393583,osm_porta_pesa_43.1136_12.3936,Porta Pesa,bar_cafe,bar_cafe,https://raw.githubusercontent.com/pasqualelembo78/huntix-poi/main/italia/toscana/sconosciuta/pages/porta_pesa_43.1136_12.3936.json,custom
43.112734,12.389202,osm_king_s_corner_43.1127_12.3892,King's Corner,bar_cafe,bar_cafe,https://raw.githubusercontent.com/pasqualelembo78/huntix-poi/main/italia/toscana/sconosciuta/pages/kings_corner_43.1127_12.3892.json,custom
43.112701,12.389641,osm_turreno_43.1127_12.3896,Turreno,bar_cafe,bar_cafe,https://raw.githubusercontent.com/pasqualelembo78/huntix-poi/main/italia/toscana/sconosciuta/pages/turreno_43.1127_12.3896.json,custom
42.657206,11.645968,osm_bar_della_taverna_42.6572_11.6460,Bar della Taverna,bar_cafe,bar_cafe,https://raw.githubusercontent.com/pasqualelembo78/huntix-poi/main/italia/toscana/sconosciuta/pages/bar_della_taverna_42.6572_11.6460.json,custom
42.007918,12.102757,osm_ristoro_42.0079_12.1028,Ristoro,bar_cafe,bar_cafe,https://raw.githubusercontent.com/pasqualelembo78/huntix-poi/main/italia/toscana/sconosciuta/pages/ristoro_42.0079_12.1028.json,custom
43.523945,11.566998,osm_rostkafe_43.5239_11.5670,Rostkafe,bar_cafe,bar_cafe,https://raw.githubusercontent.com/pasqualelembo78/huntix-poi/main/italia/toscana/sconosciuta/pages/rostkafe_43.5239_11.5670.json,custom
42.276371,12.025165,osm_paradiso_42.2764_12.0252,Paradiso,bar_cafe,bar_cafe,https://raw.githubusercontent.com/pasqualelembo78/huntix-poi/main/italia/toscana/sconosciuta/pages/paradiso_42.2764_12.0252.json,custom
42.274166,12.026848,osm_etruria_42.2742_12.0268,Etruria,bar_cafe,bar_cafe,https://raw.githubusercontent.com/pasqualelembo78/huntix-poi/main/italia/toscana/sconosciuta/pages/etruria_42.2742_12.0268.json,custom
42.272686,12.027421,osm_bar_del_ponte_42.2727_12.0274,Bar del Ponte,bar_cafe,bar_cafe,https://raw.githubusercontent.com/pasqualelembo78/huntix-poi/main/italia/toscana/sconosciuta/pages/bar_del_ponte_42.2727_12.0274.json,custom
42.272594,12.027904,osm_oasis_42.2726_12.0279,Oasis,bar_cafe,bar_cafe,https://raw.githubusercontent.com/pasqualelembo78/huntix-poi/main/italia/toscana/sconosciuta/pages/oasis_42.2726_12.0279.json,custom
42.271667,12.031061,osm_feeling_caf__42.2717_12.0311,Feeling Café,bar_cafe,bar_cafe,https://raw.githubusercontent.com/pasqualelembo78/huntix-poi/main/italia/toscana/sconosciuta/pages/feeling_caf_42.2717_12.0311.json,custom
42.034364,11.859255,osm_la_sirenetta_42.0344_11.8593,La Sirenetta,bar_cafe,bar_cafe,https://raw.githubusercontent.com/pasqualelembo78/huntix-poi/main/italia/toscana/sconosciuta/pages/la_sirenetta_42.0344_11.8593.json,custom
43.525506,11.565084,osm_caff__corsini_43.5255_11.5651,Caffè Corsini,bar_cafe,bar_cafe,https://raw.githubusercontent.com/pasqualelembo78/huntix-poi/main/italia/toscana/sconosciuta/pages/caff_corsini_43.5255_11.5651.json,custom
43.524559,11.565987,osm_via_roma_7_43.5246_11.5660,Via Roma 7,bar_cafe,bar_cafe,https://raw.githubusercontent.com/pasqualelembo78/huntix-poi/main/italia/toscana/sconosciuta/pages/via_roma_7_43.5246_11.5660.json,custom
43.275219,11.985261,osm_caff__vittoria_43.2752_11.9853,Caffè Vittoria,bar_cafe,bar_cafe,https://raw.githubusercontent.com/pasqualelembo78/huntix-poi/main/italia/toscana/sconosciuta/pages/caff_vittoria_43.2752_11.9853.json,custom
43.649390,10.284460,osm_sunset_43.6494_10.2845,Sunset,bar_cafe,bar_cafe,https://raw.githubusercontent.com/pasqualelembo78/huntix-poi/main/italia/toscana/sconosciuta/pages/sunset_43.6494_10.2845.json,custom
43.627178,10.292352,osm_la_loggia_mare_43.6272_10.2924,La Loggia Mare,bar_cafe,bar_cafe,https://raw.githubusercontent.com/pasqualelembo78/huntix-poi/main/italia/toscana/sconosciuta/pages/la_loggia_mare_43.6272_10.2924.json,custom
43.839459,10.502520,osm_lelemento_43.8395_10.5025,Lelemento,bar_cafe,bar_cafe,https://raw.githubusercontent.com/pasqualelembo78/huntix-poi/main/italia/toscana/sconosciuta/pages/lelemento_43.8395_10.5025.json,custom
43.550570,10.334434,osm_bar_bengasi_43.5506_10.3344,Bar Bengasi,bar_cafe,bar_cafe,https://raw.githubusercontent.com/pasqualelembo78/huntix-poi/main/italia/toscana/sconosciuta/pages/bar_bengasi_43.5506_10.3344.json,custom
43.837399,10.505867,osm_bar_tabacchi_43.8374_10.5059,Bar Tabacchi,bar_cafe,bar_cafe,https://raw.githubusercontent.com/pasqualelembo78/huntix-poi/main/italia/toscana/sconosciuta/pages/bar_tabacchi_43.8374_10.5059.json,custom
43.626266,10.291763,osm_tirrenia_caff__43.6263_10.2918,Tirrenia Caffè,bar_cafe,bar_cafe,https://raw.githubusercontent.com/pasqualelembo78/huntix-poi/main/italia/toscana/sconosciuta/pages/tirrenia_caff_43.6263_10.2918.json,custom
43.551201,10.310174,osm_dollino_43.5512_10.3102,Dollino,bar_cafe,bar_cafe,https://raw.githubusercontent.com/pasqualelembo78/huntix-poi/main/italia/toscana/sconosciuta/pages/dollino_43.5512_10.3102.json,custom
43.560947,10.312520,osm_torretta_43.5609_10.3125,Torretta,bar_cafe,bar_cafe,https://raw.githubusercontent.com/pasqualelembo78/huntix-poi/main/italia/toscana/sconosciuta/pages/torretta_43.5609_10.3125.json,custom
43.552522,10.309886,osm_caffetteria_j_c__43.5525_10.3099,Caffetteria J.C.,bar_cafe,bar_cafe,https://raw.githubusercontent.com/pasqualelembo78/huntix-poi/main/italia/toscana/sconosciuta/pages/caffetteria_jc_43.5525_10.3099.json,custom
43.548830,10.310473,osm_carolina_caff__43.5488_10.3105,Carolina Caffè,bar_cafe,bar_cafe,https://raw.githubusercontent.com/pasqualelembo78/huntix-poi/main/italia/toscana/sconosciuta/pages/carolina_caff_43.5488_10.3105.json,custom
43.553512,10.309026,osm_forum_43.5535_10.3090,Forum,bar_cafe,bar_cafe,https://raw.githubusercontent.com/pasqualelembo78/huntix-poi/main/italia/toscana/sconosciuta/pages/forum_43.5535_10.3090.json,custom
43.553344,10.309327,osm_la_strega_43.5533_10.3093,La Strega,bar_cafe,bar_cafe,https://raw.githubusercontent.com/pasqualelembo78/huntix-poi/main/italia/toscana/sconosciuta/pages/la_strega_43.5533_10.3093.json,custom
43.552651,10.310950,osm_ribello_gallo_43.5527_10.3110,Ribello Gallo,bar_cafe,bar_cafe,https://raw.githubusercontent.com/pasqualelembo78/huntix-poi/main/italia/toscana/sconosciuta/pages/ribello_gallo_43.5527_10.3110.json,custom
43.553191,10.307913,osm_sud_43.5532_10.3079,Sud,bar_cafe,bar_cafe,https://raw.githubusercontent.com/pasqualelembo78/huntix-poi/main/italia/toscana/sconosciuta/pages/sud_43.5532_10.3079.json,custom
43.552884,10.307405,osm_sketch_43.5529_10.3074,Sketch,bar_cafe,bar_cafe,https://raw.githubusercontent.com/pasqualelembo78/huntix-poi/main/italia/toscana/sconosciuta/pages/sketch_43.5529_10.3074.json,custom
43.880950,10.644713,osm_il_cacciatore_43.8810_10.6447,Il Cacciatore,bar_cafe,bar_cafe,https://raw.githubusercontent.com/pasqualelembo78/huntix-poi/main/italia/toscana/sconosciuta/pages/il_cacciatore_43.8810_10.6447.json,custom
43.891368,10.661757,osm_mariani_43.8914_10.6618,Mariani,bar_cafe,bar_cafe,https://raw.githubusercontent.com/pasqualelembo78/huntix-poi/main/italia/toscana/sconosciuta/pages/mariani_43.8914_10.6618.json,custom
43.910265,10.529083,osm_barrito_43.9103_10.5291,Barrito,bar_cafe,bar_cafe,https://raw.githubusercontent.com/pasqualelembo78/huntix-poi/main/italia/toscana/sconosciuta/pages/barrito_43.9103_10.5291.json,custom
43.908451,10.533808,osm_il_barino_43.9085_10.5338,Il Barino,bar_cafe,bar_cafe,https://raw.githubusercontent.com/pasqualelembo78/huntix-poi/main/italia/toscana/sconosciuta/pages/il_barino_43.9085_10.5338.json,custom
43.845622,10.506647,osm_st__bartholomeo_43.8456_10.5066,St. Bartholomeo,bar_cafe,bar_cafe,https://raw.githubusercontent.com/pasqualelembo78/huntix-poi/main/italia/toscana/sconosciuta/pages/st_bartholomeo_43.8456_10.5066.json,custom
43.845695,10.505667,osm_sunflower_43.8457_10.5057,Sunflower,bar_cafe,bar_cafe,https://raw.githubusercontent.com/pasqualelembo78/huntix-poi/main/italia/toscana/sconosciuta/pages/sunflower_43.8457_10.5057.json,custom
43.840780,10.503455,osm_astra_43.8408_10.5035,Astra,bar_cafe,bar_cafe,https://raw.githubusercontent.com/pasqualelembo78/huntix-poi/main/italia/toscana/sconosciuta/pages/astra_43.8408_10.5035.json,custom
43.844539,10.504181,osm_moka_43.8445_10.5042,Moka,bar_cafe,bar_cafe,https://raw.githubusercontent.com/pasqualelembo78/huntix-poi/main/italia/toscana/sconosciuta/pages/moka_43.8445_10.5042.json,custom
43.845761,10.505876,osm_l_emiliana_43.8458_10.5059,L'Emiliana,bar_cafe,bar_cafe,https://raw.githubusercontent.com/pasqualelembo78/huntix-poi/main/italia/toscana/sconosciuta/pages/lemiliana_43.8458_10.5059.json,custom
43.845861,10.505249,osm_lucca_drento_43.8459_10.5052,Lucca drento,bar_cafe,bar_cafe,https://raw.githubusercontent.com/pasqualelembo78/huntix-poi/main/italia/toscana/sconosciuta/pages/lucca_drento_43.8459_10.5052.json,custom
43.306001,12.329232,osm_glamour_43.3060_12.3292,Glamour,bar_cafe,bar_cafe,https://raw.githubusercontent.com/pasqualelembo78/huntix-poi/main/italia/toscana/sconosciuta/pages/glamour_43.3060_12.3292.json,custom
43.931715,10.911788,osm_san_vitale_43.9317_10.9118,San Vitale,bar_cafe,bar_cafe,https://raw.githubusercontent.com/pasqualelembo78/huntix-poi/main/italia/toscana/sconosciuta/pages/san_vitale_43.9317_10.9118.json,custom
43.933223,10.912142,osm_manzoni_43.9332_10.9121,Manzoni,bar_cafe,bar_cafe,https://raw.githubusercontent.com/pasqualelembo78/huntix-poi/main/italia/toscana/sconosciuta/pages/manzoni_43.9332_10.9121.json,custom
43.849237,10.506835,osm_ristocaff__colombo_43.8492_10.5068,RistoCaffè Colombo,bar_cafe,bar_cafe,https://raw.githubusercontent.com/pasqualelembo78/huntix-poi/main/italia/toscana/sconosciuta/pages/ristocaff_colombo_43.8492_10.5068.json,custom
43.470323,11.865537,osm_cin_cin_43.4703_11.8655,Cin Cin,bar_cafe,bar_cafe,https://raw.githubusercontent.com/pasqualelembo78/huntix-poi/main/italia/toscana/sconosciuta/pages/cin_cin_43.4703_11.8655.json,custom
43.437120,11.851210,osm_bar_tris_43.4371_11.8512,Bar Tris,bar_cafe,bar_cafe,https://raw.githubusercontent.com/pasqualelembo78/huntix-poi/main/italia/toscana/sconosciuta/pages/bar_tris_43.4371_11.8512.json,custom
43.907568,12.293373,osm_la_fornace_43.9076_12.2934,La Fornace,bar_cafe,bar_cafe,https://raw.githubusercontent.com/pasqualelembo78/huntix-poi/main/italia/toscana/sconosciuta/pages/la_fornace_43.9076_12.2934.json,custom
42.408832,11.371413,osm_caf__del_mar_42.4088_11.3714,Cafè del Mar,bar_cafe,bar_cafe,https://raw.githubusercontent.com/pasqualelembo78/huntix-poi/main/italia/toscana/sconosciuta/pages/caf_del_mar_42.4088_11.3714.json,custom
43.249549,10.524002,osm_zona_caf__concerto_43.2495_10.5240,zona cafè concerto,bar_cafe,bar_cafe,https://raw.githubusercontent.com/pasqualelembo78/huntix-poi/main/italia/toscana/sconosciuta/pages/zona_caf_concerto_43.2495_10.5240.json,custom
43.939589,10.900861,osm_nubiali_s_43.9396_10.9009,Nubiali's,bar_cafe,bar_cafe,https://raw.githubusercontent.com/pasqualelembo78/huntix-poi/main/italia/toscana/sconosciuta/pages/nubialis_43.9396_10.9009.json,custom
43.944266,10.900341,osm_benigni_43.9443_10.9003,Benigni,bar_cafe,bar_cafe,https://raw.githubusercontent.com/pasqualelembo78/huntix-poi/main/italia/toscana/sconosciuta/pages/benigni_43.9443_10.9003.json,custom
43.571856,10.795232,osm_circolo_acli_43.5719_10.7952,Circolo ACLI,bar_cafe,bar_cafe,https://raw.githubusercontent.com/pasqualelembo78/huntix-poi/main/italia/toscana/sconosciuta/pages/circolo_acli_43.5719_10.7952.json,custom
43.540043,10.700103,osm_bar_la_rosa_43.5400_10.7001,Bar La Rosa,bar_cafe,bar_cafe,https://raw.githubusercontent.com/pasqualelembo78/huntix-poi/main/italia/toscana/sconosciuta/pages/bar_la_rosa_43.5400_10.7001.json,custom
43.543190,10.699522,osm_bar_nuovo_palazzo_43.5432_10.6995,Bar Nuovo Palazzo,bar_cafe,bar_cafe,https://raw.githubusercontent.com/pasqualelembo78/huntix-poi/main/italia/toscana/sconosciuta/pages/bar_nuovo_palazzo_43.5432_10.6995.json,custom
42.863803,12.012973,osm_bar_il_vecchio_battistero_42.8638_12.0130,Bar Il Vecchio Battistero,bar_cafe,bar_cafe,https://raw.githubusercontent.com/pasqualelembo78/huntix-poi/main/italia/toscana/sconosciuta/pages/bar_il_vecchio_battistero_42.8638_12.0130.json,custom
43.923945,10.891011,osm_lp3_43.9239_10.8910,LP3,bar_cafe,bar_cafe,https://raw.githubusercontent.com/pasqualelembo78/huntix-poi/main/italia/toscana/sconosciuta/pages/lp3_43.9239_10.8910.json,custom
43.249135,10.524045,osm_le_esperidi_caf__43.2491_10.5240,Le Esperidi cafè,bar_cafe,bar_cafe,https://raw.githubusercontent.com/pasqualelembo78/huntix-poi/main/italia/toscana/sconosciuta/pages/le_esperidi_caf_43.2491_10.5240.json,custom
43.634870,10.938687,osm_casa_del_popolo_castelnuovo_d_elsa_43.6349_10.9387,Casa del Popolo Castelnuovo d'Elsa,bar_cafe,bar_cafe,https://raw.githubusercontent.com/pasqualelembo78/huntix-poi/main/italia/toscana/sconosciuta/pages/casa_del_popolo_castelnuovo_delsa_43.6349_10.9387.json,custom
43.448829,11.863074,osm_bar_tropical_43.4488_11.8631,Bar Tropical,bar_cafe,bar_cafe,https://raw.githubusercontent.com/pasqualelembo78/huntix-poi/main/italia/toscana/sconosciuta/pages/bar_tropical_43.4488_11.8631.json,custom
43.449152,12.247353,osm_l_angolo_divino_43.4492_12.2474,L'angolo DiVino,bar_cafe,bar_cafe,https://raw.githubusercontent.com/pasqualelembo78/huntix-poi/main/italia/toscana/sconosciuta/pages/langolo_divino_43.4492_12.2474.json,custom
43.531821,10.950331,osm_baruffa_caff__43.5318_10.9503,BarUffa Caffè,bar_cafe,bar_cafe,https://raw.githubusercontent.com/pasqualelembo78/huntix-poi/main/italia/toscana/sconosciuta/pages/baruffa_caff_43.5318_10.9503.json,custom
42.566499,11.169816,osm_arsura_bar_42.5665_11.1698,Arsura Bar,bar_cafe,bar_cafe,https://raw.githubusercontent.com/pasqualelembo78/huntix-poi/main/italia/toscana/sconosciuta/pages/arsura_bar_42.5665_11.1698.json,custom
43.935525,10.912668,osm_in_angolo_43.9355_10.9127,In Angolo,bar_cafe,bar_cafe,https://raw.githubusercontent.com/pasqualelembo78/huntix-poi/main/italia/toscana/sconosciuta/pages/in_angolo_43.9355_10.9127.json,custom
43.783076,11.321452,osm_tre_a_43.7831_11.3215,Tre A,bar_cafe,bar_cafe,https://raw.githubusercontent.com/pasqualelembo78/huntix-poi/main/italia/toscana/sconosciuta/pages/tre_a_43.7831_11.3215.json,custom
43.767178,11.308956,osm_pasticceria_ripa_43.7672_11.3090,Pasticceria Ripa,bar_cafe,bar_cafe,https://raw.githubusercontent.com/pasqualelembo78/huntix-poi/main/italia/toscana/sconosciuta/pages/pasticceria_ripa_43.7672_11.3090.json,custom
43.778938,11.290959,osm_il_grattacielo_43.7789_11.2910,Il Grattacielo,bar_cafe,bar_cafe,https://raw.githubusercontent.com/pasqualelembo78/huntix-poi/main/italia/toscana/sconosciuta/pages/il_grattacielo_43.7789_11.2910.json,custom
42.037775,11.919696,osm_la_toscana_42.0378_11.9197,La Toscana,bar_cafe,bar_cafe,https://raw.githubusercontent.com/pasqualelembo78/huntix-poi/main/italia/toscana/sconosciuta/pages/la_toscana_42.0378_11.9197.json,custom
43.937446,10.305261,osm_bar_l_angolino_43.9374_10.3053,Bar L'Angolino,bar_cafe,bar_cafe,https://raw.githubusercontent.com/pasqualelembo78/huntix-poi/main/italia/toscana/sconosciuta/pages/bar_langolino_43.9374_10.3053.json,custom
43.717157,10.400975,osm_la_volta_43.7172_10.4010,La Volta,bar_cafe,bar_cafe,https://raw.githubusercontent.com/pasqualelembo78/huntix-poi/main/italia/toscana/sconosciuta/pages/la_volta_43.7172_10.4010.json,custom
42.926516,10.755961,osm_gran_caff__della_stazione_42.9265_10.7560,gran caffè della stazione,bar_cafe,bar_cafe,https://raw.githubusercontent.com/pasqualelembo78/huntix-poi/main/italia/toscana/sconosciuta/pages/gran_caff_della_stazione_42.9265_10.7560.json,custom
42.450515,11.248918,osm_bar_ban_ra_42.4505_11.2489,Bar Banèra,bar_cafe,bar_cafe,https://raw.githubusercontent.com/pasqualelembo78/huntix-poi/main/italia/toscana/sconosciuta/pages/bar_banra_42.4505_11.2489.json,custom
42.394251,11.203722,osm_bar_centrale_42.3943_11.2037,Bar Centrale,bar_cafe,bar_cafe,https://raw.githubusercontent.com/pasqualelembo78/huntix-poi/main/italia/toscana/sconosciuta/pages/bar_centrale_42.3943_11.2037.json,custom
42.393373,11.204232,osm_bar_sport_42.3934_11.2042,Bar Sport,bar_cafe,bar_cafe,https://raw.githubusercontent.com/pasqualelembo78/huntix-poi/main/italia/toscana/sconosciuta/pages/bar_sport_42.3934_11.2042.json,custom
42.392121,11.206014,osm_baretto_42.3921_11.2060,Baretto,bar_cafe,bar_cafe,https://raw.githubusercontent.com/pasqualelembo78/huntix-poi/main/italia/toscana/sconosciuta/pages/baretto_42.3921_11.2060.json,custom
42.394701,11.204935,osm_caf__piazzetta_42.3947_11.2049,Cafè Piazzetta,bar_cafe,bar_cafe,https://raw.githubusercontent.com/pasqualelembo78/huntix-poi/main/italia/toscana/sconosciuta/pages/caf_piazzetta_42.3947_11.2049.json,custom
42.442260,11.221498,osm_la_buriana_42.4423_11.2215,La Buriana,bar_cafe,bar_cafe,https://raw.githubusercontent.com/pasqualelembo78/huntix-poi/main/italia/toscana/sconosciuta/pages/la_buriana_42.4423_11.2215.json,custom
42.390352,11.208290,osm_caff__degli_artisti_42.3904_11.2083,caffè degli Artisti,bar_cafe,bar_cafe,https://raw.githubusercontent.com/pasqualelembo78/huntix-poi/main/italia/toscana/sconosciuta/pages/caff_degli_artisti_42.3904_11.2083.json,custom
42.394121,11.204009,osm_bar_roma_42.3941_11.2040,Bar Roma,bar_cafe,bar_cafe,https://raw.githubusercontent.com/pasqualelembo78/huntix-poi/main/italia/toscana/sconosciuta/pages/bar_roma_42.3941_11.2040.json,custom
42.902032,10.782987,osm_bar_h_42.9020_10.7830,Bar H,bar_cafe,bar_cafe,https://raw.githubusercontent.com/pasqualelembo78/huntix-poi/main/italia/toscana/sconosciuta/pages/bar_h_42.9020_10.7830.json,custom
42.415062,11.426388,osm_il_girasole_42.4151_11.4264,Il Girasole,bar_cafe,bar_cafe,https://raw.githubusercontent.com/pasqualelembo78/huntix-poi/main/italia/toscana/sconosciuta/pages/il_girasole_42.4151_11.4264.json,custom
42.414361,11.384272,osm_l_oasi_di_capalbio_42.4144_11.3843,L'Oasi di Capalbio,bar_cafe,bar_cafe,https://raw.githubusercontent.com/pasqualelembo78/huntix-poi/main/italia/toscana/sconosciuta/pages/loasi_di_capalbio_42.4144_11.3843.json,custom
42.713745,10.985017,osm_bar_collo_42.7137_10.9850,Bar Collo,bar_cafe,bar_cafe,https://raw.githubusercontent.com/pasqualelembo78/huntix-poi/main/italia/toscana/sconosciuta/pages/bar_collo_42.7137_10.9850.json,custom
43.841574,10.488297,osm_pasticceria_stella_43.8416_10.4883,Pasticceria Stella,bar_cafe,bar_cafe,https://raw.githubusercontent.com/pasqualelembo78/huntix-poi/main/italia/toscana/sconosciuta/pages/pasticceria_stella_43.8416_10.4883.json,custom
43.858831,10.592102,osm_bar_tabaccheria_centoni_43.8588_10.5921,Bar Tabaccheria Centoni,bar_cafe,bar_cafe,https://raw.githubusercontent.com/pasqualelembo78/huntix-poi/main/italia/toscana/sconosciuta/pages/bar_tabaccheria_centoni_43.8588_10.5921.json,custom
43.073625,12.333845,osm_bar_nico_43.0736_12.3338,Bar Nico,bar_cafe,bar_cafe,https://raw.githubusercontent.com/pasqualelembo78/huntix-poi/main/italia/toscana/sconosciuta/pages/bar_nico_43.0736_12.3338.json,custom
42.033154,11.851580,osm_il_chioschetto_42.0332_11.8516,Il Chioschetto,bar_cafe,bar_cafe,https://raw.githubusercontent.com/pasqualelembo78/huntix-poi/main/italia/toscana/sconosciuta/pages/il_chioschetto_42.0332_11.8516.json,custom
42.863256,12.012896,osm_bar_della_piazza_42.8633_12.0129,Bar della Piazza,bar_cafe,bar_cafe,https://raw.githubusercontent.com/pasqualelembo78/huntix-poi/main/italia/toscana/sconosciuta/pages/bar_della_piazza_42.8633_12.0129.json,custom
43.697718,10.413912,osm_bar_eden_43.6977_10.4139,Bar Eden,bar_cafe,bar_cafe,https://raw.githubusercontent.com/pasqualelembo78/huntix-poi/main/italia/toscana/sconosciuta/pages/bar_eden_43.6977_10.4139.json,custom
43.842069,10.502945,osm_pasticceri_pinelli_43.8421_10.5029,Pasticceri Pinelli,bar_cafe,bar_cafe,https://raw.githubusercontent.com/pasqualelembo78/huntix-poi/main/italia/toscana/sconosciuta/pages/pasticceri_pinelli_43.8421_10.5029.json,custom
42.770929,12.017917,osm_las_vegas_42.7709_12.0179,Las Vegas,bar_cafe,bar_cafe,https://raw.githubusercontent.com/pasqualelembo78/huntix-poi/main/italia/toscana/sconosciuta/pages/las_vegas_42.7709_12.0179.json,custom
43.423360,10.417121,osm_eni_caf__43.4234_10.4171,Eni cafè,bar_cafe,bar_cafe,https://raw.githubusercontent.com/pasqualelembo78/huntix-poi/main/italia/toscana/sconosciuta/pages/eni_caf_43.4234_10.4171.json,custom
43.886975,11.054944,osm_bar_nanni_43.8870_11.0549,Bar Nanni,bar_cafe,bar_cafe,https://raw.githubusercontent.com/pasqualelembo78/huntix-poi/main/italia/toscana/sconosciuta/pages/bar_nanni_43.8870_11.0549.json,custom
43.773175,10.424349,osm_il_conte_43.7732_10.4243,Il Conte,bar_cafe,bar_cafe,https://raw.githubusercontent.com/pasqualelembo78/huntix-poi/main/italia/toscana/sconosciuta/pages/il_conte_43.7732_10.4243.json,custom
43.469617,11.041233,osm_bar_piazetta_43.4696_11.0412,Bar Piazetta,bar_cafe,bar_cafe,https://raw.githubusercontent.com/pasqualelembo78/huntix-poi/main/italia/toscana/sconosciuta/pages/bar_piazetta_43.4696_11.0412.json,custom
43.875202,11.043099,osm_l_appalto_43.8752_11.0431,L'appalto,bar_cafe,bar_cafe,https://raw.githubusercontent.com/pasqualelembo78/huntix-poi/main/italia/toscana/sconosciuta/pages/lappalto_43.8752_11.0431.json,custom
43.916312,10.873279,osm_lukas_43.9163_10.8733,Lukas,bar_cafe,bar_cafe,https://raw.githubusercontent.com/pasqualelembo78/huntix-poi/main/italia/toscana/sconosciuta/pages/lukas_43.9163_10.8733.json,custom
43.860795,10.609595,osm_roal_caf__43.8608_10.6096,Roal Cafè,bar_cafe,bar_cafe,https://raw.githubusercontent.com/pasqualelembo78/huntix-poi/main/italia/toscana/sconosciuta/pages/roal_caf_43.8608_10.6096.json,custom
42.030575,11.844265,osm_capolinaro_42.0306_11.8443,Capolinaro,bar_cafe,bar_cafe,https://raw.githubusercontent.com/pasqualelembo78/huntix-poi/main/italia/toscana/sconosciuta/pages/capolinaro_42.0306_11.8443.json,custom
42.033384,11.837380,osm_maiorca_42.0334_11.8374,Maiorca,bar_cafe,bar_cafe,https://raw.githubusercontent.com/pasqualelembo78/huntix-poi/main/italia/toscana/sconosciuta/pages/maiorca_42.0334_11.8374.json,custom
42.668615,12.337821,osm_bar_della_porta_42.6686_12.3378,Bar Della Porta,bar_cafe,bar_cafe,https://raw.githubusercontent.com/pasqualelembo78/huntix-poi/main/italia/toscana/sconosciuta/pages/bar_della_porta_42.6686_12.3378.json,custom
43.836101,11.106047,osm_bar_mario_43.8361_11.1060,Bar Mario,bar_cafe,bar_cafe,https://raw.githubusercontent.com/pasqualelembo78/huntix-poi/main/italia/toscana/sconosciuta/pages/bar_mario_43.8361_11.1060.json,custom
43.835930,11.105973,osm_bar_san_giorgio_43.8359_11.1060,Bar San Giorgio,bar_cafe,bar_cafe,https://raw.githubusercontent.com/pasqualelembo78/huntix-poi/main/italia/toscana/sconosciuta/pages/bar_san_giorgio_43.8359_11.1060.json,custom
43.546907,10.310520,osm_bar_odeon_43.5469_10.3105,Bar Odeon,bar_cafe,bar_cafe,https://raw.githubusercontent.com/pasqualelembo78/huntix-poi/main/italia/toscana/sconosciuta/pages/bar_odeon_43.5469_10.3105.json,custom
43.549313,10.312377,osm_caffetteria_saffi_43.5493_10.3124,Caffetteria Saffi,bar_cafe,bar_cafe,https://raw.githubusercontent.com/pasqualelembo78/huntix-poi/main/italia/toscana/sconosciuta/pages/caffetteria_saffi_43.5493_10.3124.json,custom
42.337924,12.302205,osm_bar_del_parco_42.3379_12.3022,Bar del Parco,bar_cafe,bar_cafe,https://raw.githubusercontent.com/pasqualelembo78/huntix-poi/main/italia/toscana/sconosciuta/pages/bar_del_parco_42.3379_12.3022.json,custom
43.137463,12.202346,osm_bar_stazione_43.1375_12.2023,Bar Stazione,bar_cafe,bar_cafe,https://raw.githubusercontent.com/pasqualelembo78/huntix-poi/main/italia/toscana/sconosciuta/pages/bar_stazione_43.1375_12.2023.json,custom
43.890571,11.056829,osm_pasticceria_vella_43.8906_11.0568,Pasticceria Vella,bar_cafe,bar_cafe,https://raw.githubusercontent.com/pasqualelembo78/huntix-poi/main/italia/toscana/sconosciuta/pages/pasticceria_vella_43.8906_11.0568.json,custom
43.873557,10.557614,osm_bar_osteria_43.8736_10.5576,Bar Osteria,bar_cafe,bar_cafe,https://raw.githubusercontent.com/pasqualelembo78/huntix-poi/main/italia/toscana/sconosciuta/pages/bar_osteria_43.8736_10.5576.json,custom
43.702490,10.400857,osm_cafe_ippogrilo_43.7025_10.4009,Cafe Ippogrilo,bar_cafe,bar_cafe,https://raw.githubusercontent.com/pasqualelembo78/huntix-poi/main/italia/toscana/sconosciuta/pages/cafe_ippogrilo_43.7025_10.4009.json,custom
43.840333,10.514693,osm_celide_43.8403_10.5147,Celide,bar_cafe,bar_cafe,https://raw.githubusercontent.com/pasqualelembo78/huntix-poi/main/italia/toscana/sconosciuta/pages/celide_43.8403_10.5147.json,custom
43.840608,10.516185,osm_ottavo_nano_43.8406_10.5162,Ottavo Nano,bar_cafe,bar_cafe,https://raw.githubusercontent.com/pasqualelembo78/huntix-poi/main/italia/toscana/sconosciuta/pages/ottavo_nano_43.8406_10.5162.json,custom
43.537160,12.168671,osm_osteriu_bar_43.5372_12.1687,Osteriu Bar,bar_cafe,bar_cafe,https://raw.githubusercontent.com/pasqualelembo78/huntix-poi/main/italia/toscana/sconosciuta/pages/osteriu_bar_43.5372_12.1687.json,custom
42.103114,12.176185,osm_easy_b_42.1031_12.1762,Easy B,bar_cafe,bar_cafe,https://raw.githubusercontent.com/pasqualelembo78/huntix-poi/main/italia/toscana/sconosciuta/pages/easy_b_42.1031_12.1762.json,custom
43.517245,10.316818,osm_oasi_del_porto_43.5172_10.3168,Oasi del porto,bar_cafe,bar_cafe,https://raw.githubusercontent.com/pasqualelembo78/huntix-poi/main/italia/toscana/sconosciuta/pages/oasi_del_porto_43.5172_10.3168.json,custom
42.036437,11.851607,osm_bar_dei_pini_42.0364_11.8516,Bar dei pini,bar_cafe,bar_cafe,https://raw.githubusercontent.com/pasqualelembo78/huntix-poi/main/italia/toscana/sconosciuta/pages/bar_dei_pini_42.0364_11.8516.json,custom
43.091166,12.438391,osm_luca_43.0912_12.4384,Luca,bar_cafe,bar_cafe,https://raw.githubusercontent.com/pasqualelembo78/huntix-poi/main/italia/toscana/sconosciuta/pages/luca_43.0912_12.4384.json,custom
43.090491,12.438624,osm_bar_commercio_43.0905_12.4386,Bar Commercio,bar_cafe,bar_cafe,https://raw.githubusercontent.com/pasqualelembo78/huntix-poi/main/italia/toscana/sconosciuta/pages/bar_commercio_43.0905_12.4386.json,custom
43.932093,10.915152,osm_le_grand_caf__du_globe_43.9321_10.9152,Le Grand Café du Globe,bar_cafe,bar_cafe,https://raw.githubusercontent.com/pasqualelembo78/huntix-poi/main/italia/toscana/sconosciuta/pages/le_grand_caf_du_globe_43.9321_10.9152.json,custom
43.106405,12.368896,osm_antico_caff__43.1064_12.3689,Antico Caffè,bar_cafe,bar_cafe,https://raw.githubusercontent.com/pasqualelembo78/huntix-poi/main/italia/toscana/sconosciuta/pages/antico_caff_43.1064_12.3689.json,custom
42.936413,10.722952,osm_reka_bar_42.9364_10.7230,Reka Bar,bar_cafe,bar_cafe,https://raw.githubusercontent.com/pasqualelembo78/huntix-poi/main/italia/toscana/sconosciuta/pages/reka_bar_42.9364_10.7230.json,custom
43.521747,12.215949,osm_cva_lama_43.5217_12.2159,CVA Lama,bar_cafe,bar_cafe,https://raw.githubusercontent.com/pasqualelembo78/huntix-poi/main/italia/toscana/sconosciuta/pages/cva_lama_43.5217_12.2159.json,custom
43.541843,10.702934,osm_blue_line_bar_43.5418_10.7029,Blue Line Bar,bar_cafe,bar_cafe,https://raw.githubusercontent.com/pasqualelembo78/huntix-poi/main/italia/toscana/sconosciuta/pages/blue_line_bar_43.5418_10.7029.json,custom
43.273411,11.744978,osm_fuori_porta_43.2734_11.7450,Fuori Porta,bar_cafe,bar_cafe,https://raw.githubusercontent.com/pasqualelembo78/huntix-poi/main/italia/toscana/sconosciuta/pages/fuori_porta_43.2734_11.7450.json,custom
43.459992,11.885403,osm_l_alchimista_caff__43.4600_11.8854,L'alchimista Caffè,bar_cafe,bar_cafe,https://raw.githubusercontent.com/pasqualelembo78/huntix-poi/main/italia/toscana/sconosciuta/pages/lalchimista_caff_43.4600_11.8854.json,custom
42.098578,12.161993,osm_giardino_degli_aranci_42.0986_12.1620,Giardino degli Aranci,bar_cafe,bar_cafe,https://raw.githubusercontent.com/pasqualelembo78/huntix-poi/main/italia/toscana/sconosciuta/pages/giardino_degli_aranci_42.0986_12.1620.json,custom
43.649750,11.127199,osm_circolo_arci_san_quirico_in_collina_43.6497_11.1272,Circolo Arci San Quirico in Collina,bar_cafe,bar_cafe,https://raw.githubusercontent.com/pasqualelembo78/huntix-poi/main/italia/toscana/sconosciuta/pages/circolo_arci_san_quirico_in_collina_43.6497_11.1272.json,custom
43.547537,10.721033,osm_ferretti_43.5475_10.7210,Ferretti,bar_cafe,bar_cafe,https://raw.githubusercontent.com/pasqualelembo78/huntix-poi/main/italia/toscana/sconosciuta/pages/ferretti_43.5475_10.7210.json,custom
43.930791,10.900230,osm_caff__41_43.9308_10.9002,Caffè 41,bar_cafe,bar_cafe,https://raw.githubusercontent.com/pasqualelembo78/huntix-poi/main/italia/toscana/sconosciuta/pages/caff_41_43.9308_10.9002.json,custom
43.708684,10.414522,osm_caff__lanteri_43.7087_10.4145,Caffè Lanteri,bar_cafe,bar_cafe,https://raw.githubusercontent.com/pasqualelembo78/huntix-poi/main/italia/toscana/sconosciuta/pages/caff_lanteri_43.7087_10.4145.json,custom
43.804749,11.228558,osm_pasticceria_nobile_43.8047_11.2286,Pasticceria Nobile,bar_cafe,bar_cafe,https://raw.githubusercontent.com/pasqualelembo78/huntix-poi/main/italia/toscana/sconosciuta/pages/pasticceria_nobile_43.8047_11.2286.json,custom
42.418177,12.346393,osm_angoletto_goloso_42.4182_12.3464,Angoletto Goloso,bar_cafe,bar_cafe,https://raw.githubusercontent.com/pasqualelembo78/huntix-poi/main/italia/toscana/sconosciuta/pages/angoletto_goloso_42.4182_12.3464.json,custom
43.798595,11.245557,osm_dafne_caf__43.7986_11.2456,Dafne Cafè,bar_cafe,bar_cafe,https://raw.githubusercontent.com/pasqualelembo78/huntix-poi/main/italia/toscana/sconosciuta/pages/dafne_caf_43.7986_11.2456.json,custom
43.785649,11.452157,osm_bar_gelateria_sottani_43.7856_11.4522,Bar Gelateria Sottani,bar_cafe,bar_cafe,https://raw.githubusercontent.com/pasqualelembo78/huntix-poi/main/italia/toscana/sconosciuta/pages/bar_gelateria_sottani_43.7856_11.4522.json,custom
43.936519,10.505339,osm_bar_micheli_43.9365_10.5053,Bar Micheli,bar_cafe,bar_cafe,https://raw.githubusercontent.com/pasqualelembo78/huntix-poi/main/italia/toscana/sconosciuta/pages/bar_micheli_43.9365_10.5053.json,custom
43.385255,12.253526,osm_foxx_43.3853_12.2535,FOXX,bar_cafe,bar_cafe,https://raw.githubusercontent.com/pasqualelembo78/huntix-poi/main/italia/toscana/sconosciuta/pages/foxx_43.3853_12.2535.json,custom
43.457701,10.369402,osm_via_puccini_diciannove_bar_caff__43.4577_10.3694,Via Puccini Diciannove Bar Caffé,bar_cafe,bar_cafe,https://raw.githubusercontent.com/pasqualelembo78/huntix-poi/main/italia/toscana/sconosciuta/pages/via_puccini_diciannove_bar_caff_43.4577_10.3694.json,custom
43.897404,11.658010,osm_caff__falterona_43.8974_11.6580,Caffè Falterona,bar_cafe,bar_cafe,https://raw.githubusercontent.com/pasqualelembo78/huntix-poi/main/italia/toscana/sconosciuta/pages/caff_falterona_43.8974_11.6580.json,custom
43.076053,12.401673,osm_samarcanda_43.0761_12.4017,Samarcanda,bar_cafe,bar_cafe,https://raw.githubusercontent.com/pasqualelembo78/huntix-poi/main/italia/toscana/sconosciuta/pages/samarcanda_43.0761_12.4017.json,custom
43.454861,11.870695,osm_bar_via_veneto_43.4549_11.8707,Bar Via Veneto,bar_cafe,bar_cafe,https://raw.githubusercontent.com/pasqualelembo78/huntix-poi/main/italia/toscana/sconosciuta/pages/bar_via_veneto_43.4549_11.8707.json,custom
42.319873,9.539827,osm_bar_des_4_chemins_42.3199_9.5398,Bar des 4 Chemins,bar_cafe,bar_cafe,https://raw.githubusercontent.com/pasqualelembo78/huntix-poi/main/italia/toscana/sconosciuta/pages/bar_des_4_chemins_42.3199_9.5398.json,custom
42.254825,9.545715,osm_l_alistru_42.2548_9.5457,L'alistru,bar_cafe,bar_cafe,https://raw.githubusercontent.com/pasqualelembo78/huntix-poi/main/italia/toscana/sconosciuta/pages/lalistru_42.2548_9.5457.json,custom
42.254251,9.545462,osm_boulangerie_patisserie_dolc_elina_42.2543_9.5455,Boulangerie Patisserie Dolc'Elina,bar_cafe,bar_cafe,https://raw.githubusercontent.com/pasqualelembo78/huntix-poi/main/italia/toscana/sconosciuta/pages/boulangerie_patisserie_dolcelina_42.2543_9.5455.json,custom
42.258669,9.546883,osm_bar_l_oasis_42.2587_9.5469,Bar L'Oasis,bar_cafe,bar_cafe,https://raw.githubusercontent.com/pasqualelembo78/huntix-poi/main/italia/toscana/sconosciuta/pages/bar_loasis_42.2587_9.5469.json,custom
43.852864,10.532095,osm_babayaga_bar_43.8529_10.5321,BabaYaga Bar,bar_cafe,bar_cafe,https://raw.githubusercontent.com/pasqualelembo78/huntix-poi/main/italia/toscana/sconosciuta/pages/babayaga_bar_43.8529_10.5321.json,custom
43.676240,10.549826,osm_phankool_43.6762_10.5498,PhanKool,bar_cafe,bar_cafe,https://raw.githubusercontent.com/pasqualelembo78/huntix-poi/main/italia/toscana/sconosciuta/pages/phankool_43.6762_10.5498.json,custom
43.085715,12.364471,osm_pane_al_pane_43.0857_12.3645,Pane al Pane,bar_cafe,bar_cafe,https://raw.githubusercontent.com/pasqualelembo78/huntix-poi/main/italia/toscana/sconosciuta/pages/pane_al_pane_43.0857_12.3645.json,custom
42.380711,12.233547,osm_bar_centrale_42.3807_12.2335,Bar Centrale,bar_cafe,bar_cafe,https://raw.githubusercontent.com/pasqualelembo78/huntix-poi/main/italia/toscana/sconosciuta/pages/bar_centrale_42.3807_12.2335.json,custom
42.380103,12.234085,osm_ferri_42.3801_12.2341,Ferri,bar_cafe,bar_cafe,https://raw.githubusercontent.com/pasqualelembo78/huntix-poi/main/italia/toscana/sconosciuta/pages/ferri_42.3801_12.2341.json,custom
42.380653,12.234645,osm_gelateria_il_baretto_42.3807_12.2346,Gelateria Il Baretto,bar_cafe,bar_cafe,https://raw.githubusercontent.com/pasqualelembo78/huntix-poi/main/italia/toscana/sconosciuta/pages/gelateria_il_baretto_42.3807_12.2346.json,custom
43.697662,10.448419,osm_acli_43.6977_10.4484,ACLI,bar_cafe,bar_cafe,https://raw.githubusercontent.com/pasqualelembo78/huntix-poi/main/italia/toscana/sconosciuta/pages/acli_43.6977_10.4484.json,custom
43.605900,10.969804,osm_bar_al_teatro_43.6059_10.9698,Bar al Teatro,bar_cafe,bar_cafe,https://raw.githubusercontent.com/pasqualelembo78/huntix-poi/main/italia/toscana/sconosciuta/pages/bar_al_teatro_43.6059_10.9698.json,custom
42.785964,10.245579,osm_la_pinta_42.7860_10.2456,La Pinta,bar_cafe,bar_cafe,https://raw.githubusercontent.com/pasqualelembo78/huntix-poi/main/italia/toscana/sconosciuta/pages/la_pinta_42.7860_10.2456.json,custom
43.684056,10.613409,osm_la_pergola_43.6841_10.6134,La Pergola,bar_cafe,bar_cafe,https://raw.githubusercontent.com/pasqualelembo78/huntix-poi/main/italia/toscana/sconosciuta/pages/la_pergola_43.6841_10.6134.json,custom
43.683804,10.615872,osm_baraonda_43.6838_10.6159,Baraonda,bar_cafe,bar_cafe,https://raw.githubusercontent.com/pasqualelembo78/huntix-poi/main/italia/toscana/sconosciuta/pages/baraonda_43.6838_10.6159.json,custom
43.904582,10.688158,osm_bar_sport_43.9046_10.6882,Bar Sport,bar_cafe,bar_cafe,https://raw.githubusercontent.com/pasqualelembo78/huntix-poi/main/italia/toscana/sconosciuta/pages/bar_sport_43.9046_10.6882.json,custom
43.901891,10.688204,osm_caff__d_angolo_43.9019_10.6882,Caffè d'Angolo,bar_cafe,bar_cafe,https://raw.githubusercontent.com/pasqualelembo78/huntix-poi/main/italia/toscana/sconosciuta/pages/caff_dangolo_43.9019_10.6882.json,custom
42.379792,12.237951,osm_pinolo_42.3798_12.2380,Pinolo,bar_cafe,bar_cafe,https://raw.githubusercontent.com/pasqualelembo78/huntix-poi/main/italia/toscana/sconosciuta/pages/pinolo_42.3798_12.2380.json,custom
43.090884,12.436454,osm_alunni_43.0909_12.4365,Alunni,bar_cafe,bar_cafe,https://raw.githubusercontent.com/pasqualelembo78/huntix-poi/main/italia/toscana/sconosciuta/pages/alunni_43.0909_12.4365.json,custom
43.125587,12.436110,osm_thebris_caf__43.1256_12.4361,Thebris Café,bar_cafe,bar_cafe,https://raw.githubusercontent.com/pasqualelembo78/huntix-poi/main/italia/toscana/sconosciuta/pages/thebris_caf_43.1256_12.4361.json,custom
43.725913,10.403472,osm_emma_caf__43.7259_10.4035,Emma cafè,bar_cafe,bar_cafe,https://raw.githubusercontent.com/pasqualelembo78/huntix-poi/main/italia/toscana/sconosciuta/pages/emma_caf_43.7259_10.4035.json,custom
43.717904,10.402683,osm_skyline_43.7179_10.4027,Skyline,bar_cafe,bar_cafe,https://raw.githubusercontent.com/pasqualelembo78/huntix-poi/main/italia/toscana/sconosciuta/pages/skyline_43.7179_10.4027.json,custom
43.712333,10.412462,osm_il_borghetto_43.7123_10.4125,Il borghetto,bar_cafe,bar_cafe,https://raw.githubusercontent.com/pasqualelembo78/huntix-poi/main/italia/toscana/sconosciuta/pages/il_borghetto_43.7123_10.4125.json,custom
43.711337,10.480792,osm_casa_del_popolo_43.7113_10.4808,Casa del Popolo,bar_cafe,bar_cafe,https://raw.githubusercontent.com/pasqualelembo78/huntix-poi/main/italia/toscana/sconosciuta/pages/casa_del_popolo_43.7113_10.4808.json,custom
43.577716,10.755934,osm_circolo_arci_43.5777_10.7559,Circolo ARCI,bar_cafe,bar_cafe,https://raw.githubusercontent.com/pasqualelembo78/huntix-poi/main/italia/toscana/sconosciuta/pages/circolo_arci_43.5777_10.7559.json,custom
42.625983,12.109119,osm_gelateria_maluba_42.6260_12.1091,Gelateria Maluba,bar_cafe,bar_cafe,https://raw.githubusercontent.com/pasqualelembo78/huntix-poi/main/italia/toscana/sconosciuta/pages/gelateria_maluba_42.6260_12.1091.json,custom
43.025666,11.112860,osm_momos_bar_43.0257_11.1129,Momos Bar,bar_cafe,bar_cafe,https://raw.githubusercontent.com/pasqualelembo78/huntix-poi/main/italia/toscana/sconosciuta/pages/momos_bar_43.0257_11.1129.json,custom
43.336151,11.726081,osm_madison_bar_43.3362_11.7261,Madison Bar,bar_cafe,bar_cafe,https://raw.githubusercontent.com/pasqualelembo78/huntix-poi/main/italia/toscana/sconosciuta/pages/madison_bar_43.3362_11.7261.json,custom
43.524729,10.677223,osm_bar_il_glicine_43.5247_10.6772,Bar Il Glicine,bar_cafe,bar_cafe,https://raw.githubusercontent.com/pasqualelembo78/huntix-poi/main/italia/toscana/sconosciuta/pages/bar_il_glicine_43.5247_10.6772.json,custom
43.524650,10.676724,osm_circolo_acli_terricciola_43.5246_10.6767,Circolo ACLI Terricciola,bar_cafe,bar_cafe,https://raw.githubusercontent.com/pasqualelembo78/huntix-poi/main/italia/toscana/sconosciuta/pages/circolo_acli_terricciola_43.5246_10.6767.json,custom
43.768765,11.254759,osm_bar_uffizi_43.7688_11.2548,Bar Uffizi,bar_cafe,bar_cafe,https://raw.githubusercontent.com/pasqualelembo78/huntix-poi/main/italia/toscana/sconosciuta/pages/bar_uffizi_43.7688_11.2548.json,custom
43.768952,11.254293,osm_il_ricettario_43.7690_11.2543,Il ricettario,bar_cafe,bar_cafe,https://raw.githubusercontent.com/pasqualelembo78/huntix-poi/main/italia/toscana/sconosciuta/pages/il_ricettario_43.7690_11.2543.json,custom
43.776954,11.260691,osm_un_caff__43.7770_11.2607,Un caffè,bar_cafe,bar_cafe,https://raw.githubusercontent.com/pasqualelembo78/huntix-poi/main/italia/toscana/sconosciuta/pages/un_caff_43.7770_11.2607.json,custom
43.768380,11.248876,osm_caf__santo_spirito_43.7684_11.2489,Café Santo Spirito,bar_cafe,bar_cafe,https://raw.githubusercontent.com/pasqualelembo78/huntix-poi/main/italia/toscana/sconosciuta/pages/caf_santo_spirito_43.7684_11.2489.json,custom
43.616186,11.190025,osm_quelli_del_bar_43.6162_11.1900,Quelli del Bar,bar_cafe,bar_cafe,https://raw.githubusercontent.com/pasqualelembo78/huntix-poi/main/italia/toscana/sconosciuta/pages/quelli_del_bar_43.6162_11.1900.json,custom
43.547263,11.038249,osm_jam_caf__43.5473_11.0382,Jam Cafè,bar_cafe,bar_cafe,https://raw.githubusercontent.com/pasqualelembo78/huntix-poi/main/italia/toscana/sconosciuta/pages/jam_caf_43.5473_11.0382.json,custom
43.928075,10.918375,osm_bar_nazionale_tabacchi_s_n_c_43.9281_10.9184,Bar Nazionale Tabacchi S.n.c,bar_cafe,bar_cafe,https://raw.githubusercontent.com/pasqualelembo78/huntix-poi/main/italia/toscana/sconosciuta/pages/bar_nazionale_tabacchi_snc_43.9281_10.9184.json,custom
43.929989,10.899510,osm_cilea_43.9300_10.8995,Cilea,bar_cafe,bar_cafe,https://raw.githubusercontent.com/pasqualelembo78/huntix-poi/main/italia/toscana/sconosciuta/pages/cilea_43.9300_10.8995.json,custom
43.935871,12.342758,osm_il_ponte_43.9359_12.3428,Il Ponte,bar_cafe,bar_cafe,https://raw.githubusercontent.com/pasqualelembo78/huntix-poi/main/italia/toscana/sconosciuta/pages/il_ponte_43.9359_12.3428.json,custom
43.535114,12.187192,osm_break_bar___ristorante_43.5351_12.1872,Break Bar - Ristorante,bar_cafe,bar_cafe,https://raw.githubusercontent.com/pasqualelembo78/huntix-poi/main/italia/toscana/sconosciuta/pages/break_bar_-_ristorante_43.5351_12.1872.json,custom
43.920906,10.915546,osm_pepe_oro_43.9209_10.9155,Pepe Oro,bar_cafe,bar_cafe,https://raw.githubusercontent.com/pasqualelembo78/huntix-poi/main/italia/toscana/sconosciuta/pages/pepe_oro_43.9209_10.9155.json,custom
42.709692,11.003580,osm_bar_centrale_42.7097_11.0036,Bar Centrale,bar_cafe,bar_cafe,https://raw.githubusercontent.com/pasqualelembo78/huntix-poi/main/italia/toscana/sconosciuta/pages/bar_centrale_42.7097_11.0036.json,custom
43.713918,10.401505,osm_todos_43.7139_10.4015,Todos,bar_cafe,bar_cafe,https://raw.githubusercontent.com/pasqualelembo78/huntix-poi/main/italia/toscana/sconosciuta/pages/todos_43.7139_10.4015.json,custom
43.548339,10.310372,osm_4_amici_al_bar_43.5483_10.3104,4 Amici al Bar,bar_cafe,bar_cafe,https://raw.githubusercontent.com/pasqualelembo78/huntix-poi/main/italia/toscana/sconosciuta/pages/4_amici_al_bar_43.5483_10.3104.json,custom
43.767259,11.252683,osm_caff__maioli_43.7673_11.2527,Caffè Maioli,bar_cafe,bar_cafe,https://raw.githubusercontent.com/pasqualelembo78/huntix-poi/main/italia/toscana/sconosciuta/pages/caff_maioli_43.7673_11.2527.json,custom
43.461889,11.841138,osm_break_bar_43.4619_11.8411,Break Bar,bar_cafe,bar_cafe,https://raw.githubusercontent.com/pasqualelembo78/huntix-poi/main/italia/toscana/sconosciuta/pages/break_bar_43.4619_11.8411.json,custom
43.545030,10.313065,osm_caff__ricasoli_43.5450_10.3131,Caffé Ricasoli,bar_cafe,bar_cafe,https://raw.githubusercontent.com/pasqualelembo78/huntix-poi/main/italia/toscana/sconosciuta/pages/caff_ricasoli_43.5450_10.3131.json,custom
43.835839,10.500044,osm_caffetteria_ristorantino_43.8358_10.5000,Caffetteria Ristorantino,bar_cafe,bar_cafe,https://raw.githubusercontent.com/pasqualelembo78/huntix-poi/main/italia/toscana/sconosciuta/pages/caffetteria_ristorantino_43.8358_10.5000.json,custom
42.063836,12.373554,osm_harley_caf__42.0638_12.3736,Harley cafè,bar_cafe,bar_cafe,https://raw.githubusercontent.com/pasqualelembo78/huntix-poi/main/italia/toscana/sconosciuta/pages/harley_caf_42.0638_12.3736.json,custom
43.633656,10.287786,osm_orange_beach_43.6337_10.2878,Orange Beach,bar_cafe,bar_cafe,https://raw.githubusercontent.com/pasqualelembo78/huntix-poi/main/italia/toscana/sconosciuta/pages/orange_beach_43.6337_10.2878.json,custom
43.659406,10.280035,osm_la_perla_43.6594_10.2800,La Perla,bar_cafe,bar_cafe,https://raw.githubusercontent.com/pasqualelembo78/huntix-poi/main/italia/toscana/sconosciuta/pages/la_perla_43.6594_10.2800.json,custom
43.292113,10.500629,osm_la_capannina_43.2921_10.5006,La capannina,bar_cafe,bar_cafe,https://raw.githubusercontent.com/pasqualelembo78/huntix-poi/main/italia/toscana/sconosciuta/pages/la_capannina_43.2921_10.5006.json,custom
43.836890,11.961380,osm_piccolo_bar_43.8369_11.9614,Piccolo Bar,bar_cafe,bar_cafe,https://raw.githubusercontent.com/pasqualelembo78/huntix-poi/main/italia/toscana/sconosciuta/pages/piccolo_bar_43.8369_11.9614.json,custom
43.835518,11.961175,osm_da_rudi_43.8355_11.9612,Da Rudi,bar_cafe,bar_cafe,https://raw.githubusercontent.com/pasqualelembo78/huntix-poi/main/italia/toscana/sconosciuta/pages/da_rudi_43.8355_11.9612.json,custom
43.833008,11.958303,osm_nonsolo_bar_43.8330_11.9583,Nonsolo Bar,bar_cafe,bar_cafe,https://raw.githubusercontent.com/pasqualelembo78/huntix-poi/main/italia/toscana/sconosciuta/pages/nonsolo_bar_43.8330_11.9583.json,custom
43.833410,11.958808,osm_kalispera_43.8334_11.9588,Kalispera,bar_cafe,bar_cafe,https://raw.githubusercontent.com/pasqualelembo78/huntix-poi/main/italia/toscana/sconosciuta/pages/kalispera_43.8334_11.9588.json,custom
43.596325,10.665786,osm_bar_il_capricorno_di_gambicorti_fabio_43.5963_10.6658,Bar Il Capricorno di Gambicorti Fabio,bar_cafe,bar_cafe,https://raw.githubusercontent.com/pasqualelembo78/huntix-poi/main/italia/toscana/sconosciuta/pages/bar_il_capricorno_di_gambicorti_fabio_43.5963_10.6658.json,custom
43.663522,10.642003,osm_abbey_road_pub_43.6635_10.6420,Abbey Road Pub,bar_cafe,bar_cafe,https://raw.githubusercontent.com/pasqualelembo78/huntix-poi/main/italia/toscana/sconosciuta/pages/abbey_road_pub_43.6635_10.6420.json,custom
43.209482,12.071442,osm_winebar_43.2095_12.0714,Winebar,bar_cafe,bar_cafe,https://raw.githubusercontent.com/pasqualelembo78/huntix-poi/main/italia/toscana/sconosciuta/pages/winebar_43.2095_12.0714.json,custom
43.714441,10.395980,osm_caffe_la_spina_43.7144_10.3960,Caffe La Spina,bar_cafe,bar_cafe,https://raw.githubusercontent.com/pasqualelembo78/huntix-poi/main/italia/toscana/sconosciuta/pages/caffe_la_spina_43.7144_10.3960.json,custom
43.538922,10.599453,osm_circolo_arci_ceccotti_43.5389_10.5995,Circolo ARCI Ceccotti,bar_cafe,bar_cafe,https://raw.githubusercontent.com/pasqualelembo78/huntix-poi/main/italia/toscana/sconosciuta/pages/circolo_arci_ceccotti_43.5389_10.5995.json,custom
42.635261,12.405572,osm_aquila_d_oro_42.6353_12.4056,Aquila d'Oro,bar_cafe,bar_cafe,https://raw.githubusercontent.com/pasqualelembo78/huntix-poi/main/italia/toscana/sconosciuta/pages/aquila_doro_42.6353_12.4056.json,custom
42.599812,12.436736,osm_spritz_42.5998_12.4367,Spritz,bar_cafe,bar_cafe,https://raw.githubusercontent.com/pasqualelembo78/huntix-poi/main/italia/toscana/sconosciuta/pages/spritz_42.5998_12.4367.json,custom
43.132972,12.452844,osm_bar_mimosa_43.1330_12.4528,Bar mimosa,bar_cafe,bar_cafe,https://raw.githubusercontent.com/pasqualelembo78/huntix-poi/main/italia/toscana/sconosciuta/pages/bar_mimosa_43.1330_12.4528.json,custom
42.090921,11.793447,osm_yogorino_42.0909_11.7934,Yogorino,bar_cafe,bar_cafe,https://raw.githubusercontent.com/pasqualelembo78/huntix-poi/main/italia/toscana/sconosciuta/pages/yogorino_42.0909_11.7934.json,custom
43.501087,12.213612,osm_c_v_a__bocciodromo_43.5011_12.2136,C.V.A. Bocciodromo,bar_cafe,bar_cafe,https://raw.githubusercontent.com/pasqualelembo78/huntix-poi/main/italia/toscana/sconosciuta/pages/cva_bocciodromo_43.5011_12.2136.json,custom
43.842548,10.505209,osm_bar_montecatini_43.8425_10.5052,Bar Montecatini,bar_cafe,bar_cafe,https://raw.githubusercontent.com/pasqualelembo78/huntix-poi/main/italia/toscana/sconosciuta/pages/bar_montecatini_43.8425_10.5052.json,custom
43.842622,10.505195,osm_tessieri_43.8426_10.5052,Tessieri,bar_cafe,bar_cafe,https://raw.githubusercontent.com/pasqualelembo78/huntix-poi/main/italia/toscana/sconosciuta/pages/tessieri_43.8426_10.5052.json,custom
43.770392,11.266040,osm_canto_de_macci_43.7704_11.2660,Canto de Macci,bar_cafe,bar_cafe,https://raw.githubusercontent.com/pasqualelembo78/huntix-poi/main/italia/toscana/sconosciuta/pages/canto_de_macci_43.7704_11.2660.json,custom
43.742323,10.976581,osm_bar_sant__43.7423_10.9766,Bar Santò,bar_cafe,bar_cafe,https://raw.githubusercontent.com/pasqualelembo78/huntix-poi/main/italia/toscana/sconosciuta/pages/bar_sant_43.7423_10.9766.json,custom
43.741416,10.974717,osm_circolo_arci_43.7414_10.9747,Circolo Arci,bar_cafe,bar_cafe,https://raw.githubusercontent.com/pasqualelembo78/huntix-poi/main/italia/toscana/sconosciuta/pages/circolo_arci_43.7414_10.9747.json,custom
43.814010,10.676042,osm_carpe_diem_43.8140_10.6760,Carpe Diem,bar_cafe,bar_cafe,https://raw.githubusercontent.com/pasqualelembo78/huntix-poi/main/italia/toscana/sconosciuta/pages/carpe_diem_43.8140_10.6760.json,custom
42.467000,9.537004,osm_strandbar_bout_du_monde_42.4670_9.5370,Strandbar Bout du Monde,bar_cafe,bar_cafe,https://raw.githubusercontent.com/pasqualelembo78/huntix-poi/main/italia/toscana/sconosciuta/pages/strandbar_bout_du_monde_42.4670_9.5370.json,custom
43.722078,10.395921,osm_el_salvador_43.7221_10.3959,El Salvador,bar_cafe,bar_cafe,https://raw.githubusercontent.com/pasqualelembo78/huntix-poi/main/italia/toscana/sconosciuta/pages/el_salvador_43.7221_10.3959.json,custom
43.104710,12.384532,osm_bar_pellas_43.1047_12.3845,Bar Pellas,bar_cafe,bar_cafe,https://raw.githubusercontent.com/pasqualelembo78/huntix-poi/main/italia/toscana/sconosciuta/pages/bar_pellas_43.1047_12.3845.json,custom
43.721599,10.950916,osm_bar_azeglio_43.7216_10.9509,Bar Azeglio,bar_cafe,bar_cafe,https://raw.githubusercontent.com/pasqualelembo78/huntix-poi/main/italia/toscana/sconosciuta/pages/bar_azeglio_43.7216_10.9509.json,custom
43.720303,10.949492,osm_vinegar_american_bar_43.7203_10.9495,Vinegar American Bar,bar_cafe,bar_cafe,https://raw.githubusercontent.com/pasqualelembo78/huntix-poi/main/italia/toscana/sconosciuta/pages/vinegar_american_bar_43.7203_10.9495.json,custom
43.717417,10.401670,osm_bistrot_vettovaglie_43.7174_10.4017,Bistrot Vettovaglie,bar_cafe,bar_cafe,https://raw.githubusercontent.com/pasqualelembo78/huntix-poi/main/italia/toscana/sconosciuta/pages/bistrot_vettovaglie_43.7174_10.4017.json,custom
43.721840,10.402208,osm_caff__parlascio_43.7218_10.4022,Caffè Parlascio,bar_cafe,bar_cafe,https://raw.githubusercontent.com/pasqualelembo78/huntix-poi/main/italia/toscana/sconosciuta/pages/caff_parlascio_43.7218_10.4022.json,custom
43.720710,10.950924,osm_enoteca_v_incanto_43.7207_10.9509,Enoteca V'Incanto,bar_cafe,bar_cafe,https://raw.githubusercontent.com/pasqualelembo78/huntix-poi/main/italia/toscana/sconosciuta/pages/enoteca_vincanto_43.7207_10.9509.json,custom
43.718178,10.953119,osm_i_chicco_43.7182_10.9531,I'Chicco,bar_cafe,bar_cafe,https://raw.githubusercontent.com/pasqualelembo78/huntix-poi/main/italia/toscana/sconosciuta/pages/ichicco_43.7182_10.9531.json,custom
43.715956,10.948323,osm_dlf_43.7160_10.9483,DLF,bar_cafe,bar_cafe,https://raw.githubusercontent.com/pasqualelembo78/huntix-poi/main/italia/toscana/sconosciuta/pages/dlf_43.7160_10.9483.json,custom
43.081121,12.437050,osm_da_umbro_43.0811_12.4370,Da Umbro,bar_cafe,bar_cafe,https://raw.githubusercontent.com/pasqualelembo78/huntix-poi/main/italia/toscana/sconosciuta/pages/da_umbro_43.0811_12.4370.json,custom
43.647096,12.337317,osm_caff__rinaldi_43.6471_12.3373,Caffé Rinaldi,bar_cafe,bar_cafe,https://raw.githubusercontent.com/pasqualelembo78/huntix-poi/main/italia/toscana/sconosciuta/pages/caff_rinaldi_43.6471_12.3373.json,custom
43.717800,10.402681,osm_camarillo_caff__43.7178_10.4027,Camarillo Caffè,bar_cafe,bar_cafe,https://raw.githubusercontent.com/pasqualelembo78/huntix-poi/main/italia/toscana/sconosciuta/pages/camarillo_caff_43.7178_10.4027.json,custom
43.491552,11.300561,osm_nuvolari_bar_43.4916_11.3006,Nuvolari Bar,bar_cafe,bar_cafe,https://raw.githubusercontent.com/pasqualelembo78/huntix-poi/main/italia/toscana/sconosciuta/pages/nuvolari_bar_43.4916_11.3006.json,custom
42.952790,12.004332,osm_piazza_plebiscito_42.9528_12.0043,Piazza Plebiscito,bar_cafe,bar_cafe,https://raw.githubusercontent.com/pasqualelembo78/huntix-poi/main/italia/toscana/sconosciuta/pages/piazza_plebiscito_42.9528_12.0043.json,custom
43.530183,10.327614,osm_il_bocconcino_43.5302_10.3276,Il Bocconcino,bar_cafe,bar_cafe,https://raw.githubusercontent.com/pasqualelembo78/huntix-poi/main/italia/toscana/sconosciuta/pages/il_bocconcino_43.5302_10.3276.json,custom
43.454801,12.242223,osm_artcaf__43.4548_12.2422,Artcafè,bar_cafe,bar_cafe,https://raw.githubusercontent.com/pasqualelembo78/huntix-poi/main/italia/toscana/sconosciuta/pages/artcaf_43.4548_12.2422.json,custom
42.978894,10.682633,osm_twins_bar_42.9789_10.6826,Twins Bar,bar_cafe,bar_cafe,https://raw.githubusercontent.com/pasqualelembo78/huntix-poi/main/italia/toscana/sconosciuta/pages/twins_bar_42.9789_10.6826.json,custom
43.298672,12.332081,osm_l_opificio_risto_pub_43.2987_12.3321,L'Opificio Risto-Pub,bar_cafe,bar_cafe,https://raw.githubusercontent.com/pasqualelembo78/huntix-poi/main/italia/toscana/sconosciuta/pages/lopificio_risto-pub_43.2987_12.3321.json,custom
43.121305,11.956462,osm_bar_mafalda_43.1213_11.9565,Bar Mafalda,bar_cafe,bar_cafe,https://raw.githubusercontent.com/pasqualelembo78/huntix-poi/main/italia/toscana/sconosciuta/pages/bar_mafalda_43.1213_11.9565.json,custom
43.121100,11.959319,osm_controvento_43.1211_11.9593,Controvento,bar_cafe,bar_cafe,https://raw.githubusercontent.com/pasqualelembo78/huntix-poi/main/italia/toscana/sconosciuta/pages/controvento_43.1211_11.9593.json,custom
42.103161,12.175652,osm_bar_sabazio_42.1032_12.1757,Bar Sabazio,bar_cafe,bar_cafe,https://raw.githubusercontent.com/pasqualelembo78/huntix-poi/main/italia/toscana/sconosciuta/pages/bar_sabazio_42.1032_12.1757.json,custom
42.103468,12.178612,osm_birreria_toro_seduto_42.1035_12.1786,Birreria Toro Seduto,bar_cafe,bar_cafe,https://raw.githubusercontent.com/pasqualelembo78/huntix-poi/main/italia/toscana/sconosciuta/pages/birreria_toro_seduto_42.1035_12.1786.json,custom
43.783036,11.321278,osm_cafe_desiderio_43.7830_11.3213,Cafe Desiderio,bar_cafe,bar_cafe,https://raw.githubusercontent.com/pasqualelembo78/huntix-poi/main/italia/toscana/sconosciuta/pages/cafe_desiderio_43.7830_11.3213.json,custom
43.807561,11.301332,osm_circolo_arci_di_fiesole_43.8076_11.3013,Circolo ARCI di Fiesole,bar_cafe,bar_cafe,https://raw.githubusercontent.com/pasqualelembo78/huntix-poi/main/italia/toscana/sconosciuta/pages/circolo_arci_di_fiesole_43.8076_11.3013.json,custom
42.072713,12.291288,osm_krystall_bar_42.0727_12.2913,Krystall Bar,bar_cafe,bar_cafe,https://raw.githubusercontent.com/pasqualelembo78/huntix-poi/main/italia/toscana/sconosciuta/pages/krystall_bar_42.0727_12.2913.json,custom
43.771781,11.251474,osm_procacci_43.7718_11.2515,Procacci,bar_cafe,bar_cafe,https://raw.githubusercontent.com/pasqualelembo78/huntix-poi/main/italia/toscana/sconosciuta/pages/procacci_43.7718_11.2515.json,custom
42.090351,11.799981,osm_nero_bollente_42.0904_11.8000,Nero Bollente,bar_cafe,bar_cafe,https://raw.githubusercontent.com/pasqualelembo78/huntix-poi/main/italia/toscana/sconosciuta/pages/nero_bollente_42.0904_11.8000.json,custom
42.088649,11.801623,osm_extremebikecaf__42.0886_11.8016,ExtremeBikeCafè,bar_cafe,bar_cafe,https://raw.githubusercontent.com/pasqualelembo78/huntix-poi/main/italia/toscana/sconosciuta/pages/extremebikecaf_42.0886_11.8016.json,custom
42.056799,12.294018,osm_europa_2000_42.0568_12.2940,Europa 2000,bar_cafe,bar_cafe,https://raw.githubusercontent.com/pasqualelembo78/huntix-poi/main/italia/toscana/sconosciuta/pages/europa_2000_42.0568_12.2940.json,custom
43.742407,10.783439,osm_bar_casa_rossa_43.7424_10.7834,Bar Casa Rossa,bar_cafe,bar_cafe,https://raw.githubusercontent.com/pasqualelembo78/huntix-poi/main/italia/toscana/sconosciuta/pages/bar_casa_rossa_43.7424_10.7834.json,custom
42.090366,11.794064,osm_mama_caf__42.0904_11.7941,Mama Cafè,bar_cafe,bar_cafe,https://raw.githubusercontent.com/pasqualelembo78/huntix-poi/main/italia/toscana/sconosciuta/pages/mama_caf_42.0904_11.7941.json,custom
42.090706,12.265652,osm_bar_principe_2_42.0907_12.2657,Bar Principe 2,bar_cafe,bar_cafe,https://raw.githubusercontent.com/pasqualelembo78/huntix-poi/main/italia/toscana/sconosciuta/pages/bar_principe_2_42.0907_12.2657.json,custom
43.484142,12.222507,osm_alberto_s_bar_43.4841_12.2225,Alberto's bar,bar_cafe,bar_cafe,https://raw.githubusercontent.com/pasqualelembo78/huntix-poi/main/italia/toscana/sconosciuta/pages/albertos_bar_43.4841_12.2225.json,custom
43.725470,10.418451,osm_al_caff__99_43.7255_10.4185,Al Caffè 99,bar_cafe,bar_cafe,https://raw.githubusercontent.com/pasqualelembo78/huntix-poi/main/italia/toscana/sconosciuta/pages/al_caff_99_43.7255_10.4185.json,custom
43.769694,11.340927,osm_circolo_arci_il_girone_43.7697_11.3409,Circolo Arci Il Girone,bar_cafe,bar_cafe,https://raw.githubusercontent.com/pasqualelembo78/huntix-poi/main/italia/toscana/sconosciuta/pages/circolo_arci_il_girone_43.7697_11.3409.json,custom
43.550903,10.309924,osm_mokasirs_43.5509_10.3099,MokaSirs,bar_cafe,bar_cafe,https://raw.githubusercontent.com/pasqualelembo78/huntix-poi/main/italia/toscana/sconosciuta/pages/mokasirs_43.5509_10.3099.json,custom
43.552506,10.301132,osm_porto_di_livorno_2000_43.5525_10.3011,Porto di Livorno 2000,bar_cafe,bar_cafe,https://raw.githubusercontent.com/pasqualelembo78/huntix-poi/main/italia/toscana/sconosciuta/pages/porto_di_livorno_2000_43.5525_10.3011.json,custom
43.089583,12.309417,osm_panta_rei_43.0896_12.3094,Panta Rei,bar_cafe,bar_cafe,https://raw.githubusercontent.com/pasqualelembo78/huntix-poi/main/italia/toscana/sconosciuta/pages/panta_rei_43.0896_12.3094.json,custom
43.902552,10.690995,osm_novobar_43.9026_10.6910,Novobar,bar_cafe,bar_cafe,https://raw.githubusercontent.com/pasqualelembo78/huntix-poi/main/italia/toscana/sconosciuta/pages/novobar_43.9026_10.6910.json,custom
42.448088,11.246680,osm_plaza_caf__42.4481_11.2467,Plaza Cafè,bar_cafe,bar_cafe,https://raw.githubusercontent.com/pasqualelembo78/huntix-poi/main/italia/toscana/sconosciuta/pages/plaza_caf_42.4481_11.2467.json,custom
43.710189,10.417786,osm_la_petite_43.7102_10.4178,La Petite,bar_cafe,bar_cafe,https://raw.githubusercontent.com/pasqualelembo78/huntix-poi/main/italia/toscana/sconosciuta/pages/la_petite_43.7102_10.4178.json,custom
43.822601,11.255593,osm_botteghina_della_nonna_nina_43.8226_11.2556,Botteghina della Nonna Nina,bar_cafe,bar_cafe,https://raw.githubusercontent.com/pasqualelembo78/huntix-poi/main/italia/toscana/sconosciuta/pages/botteghina_della_nonna_nina_43.8226_11.2556.json,custom
43.628813,10.292507,osm_tapassian___tapas_y_oyster_bar_43.6288_10.2925,Tapassian - Tapas y oyster bar,bar_cafe,bar_cafe,https://raw.githubusercontent.com/pasqualelembo78/huntix-poi/main/italia/toscana/sconosciuta/pages/tapassian_-_tapas_y_oyster_bar_43.6288_10.2925.json,custom
43.345534,11.502303,osm_la_piazzetta_43.3455_11.5023,La Piazzetta,bar_cafe,bar_cafe,https://raw.githubusercontent.com/pasqualelembo78/huntix-poi/main/italia/toscana/sconosciuta/pages/la_piazzetta_43.3455_11.5023.json,custom
43.077935,12.433605,osm_due_di_picche_43.0779_12.4336,Due di Picche,bar_cafe,bar_cafe,https://raw.githubusercontent.com/pasqualelembo78/huntix-poi/main/italia/toscana/sconosciuta/pages/due_di_picche_43.0779_12.4336.json,custom
43.881774,10.773414,osm_caff__granduca_43.8818_10.7734,Caffè Granduca,bar_cafe,bar_cafe,https://raw.githubusercontent.com/pasqualelembo78/huntix-poi/main/italia/toscana/sconosciuta/pages/caff_granduca_43.8818_10.7734.json,custom
43.879286,10.775530,osm_biscottificio_paradiso_43.8793_10.7755,Biscottificio Paradiso,bar_cafe,bar_cafe,https://raw.githubusercontent.com/pasqualelembo78/huntix-poi/main/italia/toscana/sconosciuta/pages/biscottificio_paradiso_43.8793_10.7755.json,custom
43.882683,10.771247,osm_caff__centrale_montecatini_43.8827_10.7712,Caffè Centrale Montecatini,bar_cafe,bar_cafe,https://raw.githubusercontent.com/pasqualelembo78/huntix-poi/main/italia/toscana/sconosciuta/pages/caff_centrale_montecatini_43.8827_10.7712.json,custom
43.884805,10.750918,osm_mi_bar_43.8848_10.7509,Mi Bar,bar_cafe,bar_cafe,https://raw.githubusercontent.com/pasqualelembo78/huntix-poi/main/italia/toscana/sconosciuta/pages/mi_bar_43.8848_10.7509.json,custom
43.885814,10.754316,osm_bar_sport_43.8858_10.7543,Bar Sport,bar_cafe,bar_cafe,https://raw.githubusercontent.com/pasqualelembo78/huntix-poi/main/italia/toscana/sconosciuta/pages/bar_sport_43.8858_10.7543.json,custom
43.863126,10.787128,osm_bar_valerio_43.8631_10.7871,Bar Valerio,bar_cafe,bar_cafe,https://raw.githubusercontent.com/pasqualelembo78/huntix-poi/main/italia/toscana/sconosciuta/pages/bar_valerio_43.8631_10.7871.json,custom
43.871131,10.760707,osm_murphy_s_43.8711_10.7607,Murphy's,bar_cafe,bar_cafe,https://raw.githubusercontent.com/pasqualelembo78/huntix-poi/main/italia/toscana/sconosciuta/pages/murphys_43.8711_10.7607.json,custom
43.870973,10.757032,osm_la_gaffe_2_43.8710_10.7570,La Gaffe 2,bar_cafe,bar_cafe,https://raw.githubusercontent.com/pasqualelembo78/huntix-poi/main/italia/toscana/sconosciuta/pages/la_gaffe_2_43.8710_10.7570.json,custom
43.871189,10.762847,osm_bar_capriccio_43.8712_10.7628,Bar Capriccio,bar_cafe,bar_cafe,https://raw.githubusercontent.com/pasqualelembo78/huntix-poi/main/italia/toscana/sconosciuta/pages/bar_capriccio_43.8712_10.7628.json,custom
43.868699,10.766629,osm_caff__pasticceria_la_loggia_43.8687_10.7666,Caffè Pasticceria La Loggia,bar_cafe,bar_cafe,https://raw.githubusercontent.com/pasqualelembo78/huntix-poi/main/italia/toscana/sconosciuta/pages/caff_pasticceria_la_loggia_43.8687_10.7666.json,custom
43.864239,10.766875,osm_game_cafe_43.8642_10.7669,Game Cafe,bar_cafe,bar_cafe,https://raw.githubusercontent.com/pasqualelembo78/huntix-poi/main/italia/toscana/sconosciuta/pages/game_cafe_43.8642_10.7669.json,custom
43.844240,10.826903,osm_bar_centrale_43.8442_10.8269,Bar Centrale,bar_cafe,bar_cafe,https://raw.githubusercontent.com/pasqualelembo78/huntix-poi/main/italia/toscana/sconosciuta/pages/bar_centrale_43.8442_10.8269.json,custom
43.702122,10.386688,osm_darsena_caf__43.7021_10.3867,Darsena Cafè,bar_cafe,bar_cafe,https://raw.githubusercontent.com/pasqualelembo78/huntix-poi/main/italia/toscana/sconosciuta/pages/darsena_caf_43.7021_10.3867.json,custom
43.815159,10.895357,osm_sandro_vero_43.8152_10.8954,Sandro Vero,bar_cafe,bar_cafe,https://raw.githubusercontent.com/pasqualelembo78/huntix-poi/main/italia/toscana/sconosciuta/pages/sandro_vero_43.8152_10.8954.json,custom
43.815000,10.894381,osm_bar_verdi_43.8150_10.8944,Bar Verdi,bar_cafe,bar_cafe,https://raw.githubusercontent.com/pasqualelembo78/huntix-poi/main/italia/toscana/sconosciuta/pages/bar_verdi_43.8150_10.8944.json,custom
43.816293,10.896081,osm_caff__masetto_43.8163_10.8961,Caffè Masetto,bar_cafe,bar_cafe,https://raw.githubusercontent.com/pasqualelembo78/huntix-poi/main/italia/toscana/sconosciuta/pages/caff_masetto_43.8163_10.8961.json,custom
43.746245,11.179920,osm_all_estremo_43.7462_11.1799,All'Estremo,bar_cafe,bar_cafe,https://raw.githubusercontent.com/pasqualelembo78/huntix-poi/main/italia/toscana/sconosciuta/pages/allestremo_43.7462_11.1799.json,custom
43.748815,11.183149,osm_7000_caff__43.7488_11.1831,7000 caffé,bar_cafe,bar_cafe,https://raw.githubusercontent.com/pasqualelembo78/huntix-poi/main/italia/toscana/sconosciuta/pages/7000_caff_43.7488_11.1831.json,custom
43.391205,10.432870,osm_cucchiara_43.3912_10.4329,Cucchiara,bar_cafe,bar_cafe,https://raw.githubusercontent.com/pasqualelembo78/huntix-poi/main/italia/toscana/sconosciuta/pages/cucchiara_43.3912_10.4329.json,custom
43.393844,10.432977,osm_bar_jolly_43.3938_10.4330,BAR Jolly,bar_cafe,bar_cafe,https://raw.githubusercontent.com/pasqualelembo78/huntix-poi/main/italia/toscana/sconosciuta/pages/bar_jolly_43.3938_10.4330.json,custom
42.718522,12.111237,osm_caff__del_corso_42.7185_12.1112,Caffè del corso,bar_cafe,bar_cafe,https://raw.githubusercontent.com/pasqualelembo78/huntix-poi/main/italia/toscana/sconosciuta/pages/caff_del_corso_42.7185_12.1112.json,custom
43.392360,10.434192,osm_da_giacomo_43.3924_10.4342,Da Giacomo,bar_cafe,bar_cafe,https://raw.githubusercontent.com/pasqualelembo78/huntix-poi/main/italia/toscana/sconosciuta/pages/da_giacomo_43.3924_10.4342.json,custom
43.931051,10.915805,osm_caffetteria_museo_marino_marini_43.9311_10.9158,Caffetteria Museo Marino Marini,bar_cafe,bar_cafe,https://raw.githubusercontent.com/pasqualelembo78/huntix-poi/main/italia/toscana/sconosciuta/pages/caffetteria_museo_marino_marini_43.9311_10.9158.json,custom
43.928024,10.910308,osm_bar_della_san_giorgio_43.9280_10.9103,Bar della San Giorgio,bar_cafe,bar_cafe,https://raw.githubusercontent.com/pasqualelembo78/huntix-poi/main/italia/toscana/sconosciuta/pages/bar_della_san_giorgio_43.9280_10.9103.json,custom
43.712197,10.399134,osm_house_caf__43.7122_10.3991,House Cafè,bar_cafe,bar_cafe,https://raw.githubusercontent.com/pasqualelembo78/huntix-poi/main/italia/toscana/sconosciuta/pages/house_caf_43.7122_10.3991.json,custom
43.772511,11.257937,osm_gran_caff__cattedrale_43.7725_11.2579,Gran Caffè Cattedrale,bar_cafe,bar_cafe,https://raw.githubusercontent.com/pasqualelembo78/huntix-poi/main/italia/toscana/sconosciuta/pages/gran_caff_cattedrale_43.7725_11.2579.json,custom
43.772778,11.254780,osm_irish_pub_j_j__cathedral_43.7728_11.2548,Irish Pub J.J. Cathedral,bar_cafe,bar_cafe,https://raw.githubusercontent.com/pasqualelembo78/huntix-poi/main/italia/toscana/sconosciuta/pages/irish_pub_jj_cathedral_43.7728_11.2548.json,custom
43.770305,11.257666,osm_snack_bar_la_badia_43.7703_11.2577,Snack Bar La Badia,bar_cafe,bar_cafe,https://raw.githubusercontent.com/pasqualelembo78/huntix-poi/main/italia/toscana/sconosciuta/pages/snack_bar_la_badia_43.7703_11.2577.json,custom
43.769549,11.257387,osm_birreria_43.7695_11.2574,Birreria,bar_cafe,bar_cafe,https://raw.githubusercontent.com/pasqualelembo78/huntix-poi/main/italia/toscana/sconosciuta/pages/birreria_43.7695_11.2574.json,custom
42.423462,12.107028,osm_lux_42.4235_12.1070,Lux,bar_cafe,bar_cafe,https://raw.githubusercontent.com/pasqualelembo78/huntix-poi/main/italia/toscana/sconosciuta/pages/lux_42.4235_12.1070.json,custom
42.831607,11.585824,osm_da_stefano_42.8316_11.5858,Da Stefano,bar_cafe,bar_cafe,https://raw.githubusercontent.com/pasqualelembo78/huntix-poi/main/italia/toscana/sconosciuta/pages/da_stefano_42.8316_11.5858.json,custom
42.831806,11.583803,osm_green_feeling_pub_42.8318_11.5838,Green Feeling Pub,bar_cafe,bar_cafe,https://raw.githubusercontent.com/pasqualelembo78/huntix-poi/main/italia/toscana/sconosciuta/pages/green_feeling_pub_42.8318_11.5838.json,custom
43.621991,10.605232,osm_la_rosa_dei_venti_43.6220_10.6052,La Rosa dei Venti,bar_cafe,bar_cafe,https://raw.githubusercontent.com/pasqualelembo78/huntix-poi/main/italia/toscana/sconosciuta/pages/la_rosa_dei_venti_43.6220_10.6052.json,custom
43.895133,11.067492,osm_pasticceria_filippo_e_giancarlo_43.8951_11.0675,Pasticceria Filippo e Giancarlo,bar_cafe,bar_cafe,https://raw.githubusercontent.com/pasqualelembo78/huntix-poi/main/italia/toscana/sconosciuta/pages/pasticceria_filippo_e_giancarlo_43.8951_11.0675.json,custom
43.546577,10.331427,osm_living_bar_43.5466_10.3314,Living bar,bar_cafe,bar_cafe,https://raw.githubusercontent.com/pasqualelembo78/huntix-poi/main/italia/toscana/sconosciuta/pages/living_bar_43.5466_10.3314.json,custom
43.981409,12.492801,osm_gelateria_la_romana_43.9814_12.4928,Gelateria La Romana,bar_cafe,bar_cafe,https://raw.githubusercontent.com/pasqualelembo78/huntix-poi/main/italia/toscana/sconosciuta/pages/gelateria_la_romana_43.9814_12.4928.json,custom
42.948082,10.685736,osm_pappa_beach_42.9481_10.6857,Pappa Beach,bar_cafe,bar_cafe,https://raw.githubusercontent.com/pasqualelembo78/huntix-poi/main/italia/toscana/sconosciuta/pages/pappa_beach_42.9481_10.6857.json,custom
43.894607,10.926110,osm_bidue_43.8946_10.9261,Bidue,bar_cafe,bar_cafe,https://raw.githubusercontent.com/pasqualelembo78/huntix-poi/main/italia/toscana/sconosciuta/pages/bidue_43.8946_10.9261.json,custom
43.296951,10.615429,osm_tisaneria_43.2970_10.6154,tisaneria,bar_cafe,bar_cafe,https://raw.githubusercontent.com/pasqualelembo78/huntix-poi/main/italia/toscana/sconosciuta/pages/tisaneria_43.2970_10.6154.json,custom
43.777709,11.256540,osm_gaffe_rosano_43.7777_11.2565,Gaffe Rosano,bar_cafe,bar_cafe,https://raw.githubusercontent.com/pasqualelembo78/huntix-poi/main/italia/toscana/sconosciuta/pages/gaffe_rosano_43.7777_11.2565.json,custom
43.886044,11.085401,osm_bar_lo_scalino_43.8860_11.0854,Bar Lo Scalino,bar_cafe,bar_cafe,https://raw.githubusercontent.com/pasqualelembo78/huntix-poi/main/italia/toscana/sconosciuta/pages/bar_lo_scalino_43.8860_11.0854.json,custom
43.888534,11.079611,osm_pasticceria_peruzzi_43.8885_11.0796,Pasticceria Peruzzi,bar_cafe,bar_cafe,https://raw.githubusercontent.com/pasqualelembo78/huntix-poi/main/italia/toscana/sconosciuta/pages/pasticceria_peruzzi_43.8885_11.0796.json,custom
43.887637,11.081646,osm_pasticceria_bettazzi_43.8876_11.0816,Pasticceria Bettazzi,bar_cafe,bar_cafe,https://raw.githubusercontent.com/pasqualelembo78/huntix-poi/main/italia/toscana/sconosciuta/pages/pasticceria_bettazzi_43.8876_11.0816.json,custom
43.884368,11.088720,osm_1a_fermata_gelateria_43.8844_11.0887,1a fermata gelateria,bar_cafe,bar_cafe,https://raw.githubusercontent.com/pasqualelembo78/huntix-poi/main/italia/toscana/sconosciuta/pages/1a_fermata_gelateria_43.8844_11.0887.json,custom
43.883455,11.090455,osm_taro_garden_43.8835_11.0905,Taro garden,bar_cafe,bar_cafe,https://raw.githubusercontent.com/pasqualelembo78/huntix-poi/main/italia/toscana/sconosciuta/pages/taro_garden_43.8835_11.0905.json,custom
43.885257,11.086541,osm_bin_bin_43.8853_11.0865,Bin Bin,bar_cafe,bar_cafe,https://raw.githubusercontent.com/pasqualelembo78/huntix-poi/main/italia/toscana/sconosciuta/pages/bin_bin_43.8853_11.0865.json,custom
43.887968,11.082804,osm_verona_43.8880_11.0828,Verona,bar_cafe,bar_cafe,https://raw.githubusercontent.com/pasqualelembo78/huntix-poi/main/italia/toscana/sconosciuta/pages/verona_43.8880_11.0828.json,custom
43.464991,11.042670,osm_mangius_43.4650_11.0427,Mangius,bar_cafe,bar_cafe,https://raw.githubusercontent.com/pasqualelembo78/huntix-poi/main/italia/toscana/sconosciuta/pages/mangius_43.4650_11.0427.json,custom
43.408529,11.768347,osm_le_fate_ignoranti_43.4085_11.7683,Le Fate Ignoranti,bar_cafe,bar_cafe,https://raw.githubusercontent.com/pasqualelembo78/huntix-poi/main/italia/toscana/sconosciuta/pages/le_fate_ignoranti_43.4085_11.7683.json,custom
42.814925,10.428152,osm_jolly_dal_nostromo_42.8149_10.4282,Jolly Dal Nostromo,bar_cafe,bar_cafe,https://raw.githubusercontent.com/pasqualelembo78/huntix-poi/main/italia/toscana/sconosciuta/pages/jolly_dal_nostromo_42.8149_10.4282.json,custom
43.771643,11.250756,osm_caffe_megara_43.7716_11.2508,Caffe Megara,bar_cafe,bar_cafe,https://raw.githubusercontent.com/pasqualelembo78/huntix-poi/main/italia/toscana/sconosciuta/pages/caffe_megara_43.7716_11.2508.json,custom
42.787446,10.243295,osm_capannina_42.7874_10.2433,Capannina,bar_cafe,bar_cafe,https://raw.githubusercontent.com/pasqualelembo78/huntix-poi/main/italia/toscana/sconosciuta/pages/capannina_42.7874_10.2433.json,custom
43.773593,11.256608,osm_caf__de_la_paix_43.7736_11.2566,Café de la Paix,bar_cafe,bar_cafe,https://raw.githubusercontent.com/pasqualelembo78/huntix-poi/main/italia/toscana/sconosciuta/pages/caf_de_la_paix_43.7736_11.2566.json,custom
43.768463,11.260188,osm_soul_kitchen_43.7685_11.2602,Soul Kitchen,bar_cafe,bar_cafe,https://raw.githubusercontent.com/pasqualelembo78/huntix-poi/main/italia/toscana/sconosciuta/pages/soul_kitchen_43.7685_11.2602.json,custom
43.925956,11.617793,osm_bar_centrale_43.9260_11.6178,Bar Centrale,bar_cafe,bar_cafe,https://raw.githubusercontent.com/pasqualelembo78/huntix-poi/main/italia/toscana/sconosciuta/pages/bar_centrale_43.9260_11.6178.json,custom
43.905265,11.281356,osm_art_caf__43.9053_11.2814,Art Café,bar_cafe,bar_cafe,https://raw.githubusercontent.com/pasqualelembo78/huntix-poi/main/italia/toscana/sconosciuta/pages/art_caf_43.9053_11.2814.json,custom
43.774150,11.254887,osm_dal_barone_43.7741_11.2549,Dal Barone,bar_cafe,bar_cafe,https://raw.githubusercontent.com/pasqualelembo78/huntix-poi/main/italia/toscana/sconosciuta/pages/dal_barone_43.7741_11.2549.json,custom
43.787547,11.234346,osm_caf__doni_43.7875_11.2343,Café Doni,bar_cafe,bar_cafe,https://raw.githubusercontent.com/pasqualelembo78/huntix-poi/main/italia/toscana/sconosciuta/pages/caf_doni_43.7875_11.2343.json,custom
43.772562,11.255889,osm_l_opera_43.7726_11.2559,L'opera,bar_cafe,bar_cafe,https://raw.githubusercontent.com/pasqualelembo78/huntix-poi/main/italia/toscana/sconosciuta/pages/lopera_43.7726_11.2559.json,custom
43.790889,11.225242,osm_il_girassole_43.7909_11.2252,Il Girassole,bar_cafe,bar_cafe,https://raw.githubusercontent.com/pasqualelembo78/huntix-poi/main/italia/toscana/sconosciuta/pages/il_girassole_43.7909_11.2252.json,custom
43.786549,11.238364,osm_caff__garden_43.7865_11.2384,Caffè Garden,bar_cafe,bar_cafe,https://raw.githubusercontent.com/pasqualelembo78/huntix-poi/main/italia/toscana/sconosciuta/pages/caff_garden_43.7865_11.2384.json,custom
43.772551,11.256145,osm_smalzi_43.7726_11.2561,Smalzi,bar_cafe,bar_cafe,https://raw.githubusercontent.com/pasqualelembo78/huntix-poi/main/italia/toscana/sconosciuta/pages/smalzi_43.7726_11.2561.json,custom
43.782646,11.242510,osm_bruciamacchie_43.7826_11.2425,Bruciamacchie,bar_cafe,bar_cafe,https://raw.githubusercontent.com/pasqualelembo78/huntix-poi/main/italia/toscana/sconosciuta/pages/bruciamacchie_43.7826_11.2425.json,custom
42.320723,12.206896,osm_copacabana_42.3207_12.2069,Copacabana,bar_cafe,bar_cafe,https://raw.githubusercontent.com/pasqualelembo78/huntix-poi/main/italia/toscana/sconosciuta/pages/copacabana_42.3207_12.2069.json,custom
43.059904,10.616839,osm_nomina_rosae_43.0599_10.6168,Nomina rosae,bar_cafe,bar_cafe,https://raw.githubusercontent.com/pasqualelembo78/huntix-poi/main/italia/toscana/sconosciuta/pages/nomina_rosae_43.0599_10.6168.json,custom
43.763444,11.261679,osm_fuori_porta_43.7634_11.2617,Fuori Porta,bar_cafe,bar_cafe,https://raw.githubusercontent.com/pasqualelembo78/huntix-poi/main/italia/toscana/sconosciuta/pages/fuori_porta_43.7634_11.2617.json,custom
43.773883,11.257691,osm_bistrot74_43.7739_11.2577,Bistrot74,bar_cafe,bar_cafe,https://raw.githubusercontent.com/pasqualelembo78/huntix-poi/main/italia/toscana/sconosciuta/pages/bistrot74_43.7739_11.2577.json,custom
43.765046,11.264812,osm_easyliving_43.7650_11.2648,Easyliving,bar_cafe,bar_cafe,https://raw.githubusercontent.com/pasqualelembo78/huntix-poi/main/italia/toscana/sconosciuta/pages/easyliving_43.7650_11.2648.json,custom
43.699286,10.584256,osm_caff__del_borgo_43.6993_10.5843,Caffè del Borgo,bar_cafe,bar_cafe,https://raw.githubusercontent.com/pasqualelembo78/huntix-poi/main/italia/toscana/sconosciuta/pages/caff_del_borgo_43.6993_10.5843.json,custom
43.774242,11.250040,osm_shake_caf__43.7742_11.2500,Shake Café,bar_cafe,bar_cafe,https://raw.githubusercontent.com/pasqualelembo78/huntix-poi/main/italia/toscana/sconosciuta/pages/shake_caf_43.7742_11.2500.json,custom
43.715099,10.401623,osm_caff__siena_43.7151_10.4016,Caffè Siena,bar_cafe,bar_cafe,https://raw.githubusercontent.com/pasqualelembo78/huntix-poi/main/italia/toscana/sconosciuta/pages/caff_siena_43.7151_10.4016.json,custom
43.770289,11.261697,osm_viktoria_43.7703_11.2617,Viktoria,bar_cafe,bar_cafe,https://raw.githubusercontent.com/pasqualelembo78/huntix-poi/main/italia/toscana/sconosciuta/pages/viktoria_43.7703_11.2617.json,custom
42.786545,11.508491,osm_bar_la_rocca_42.7865_11.5085,Bar La Rocca,bar_cafe,bar_cafe,https://raw.githubusercontent.com/pasqualelembo78/huntix-poi/main/italia/toscana/sconosciuta/pages/bar_la_rocca_42.7865_11.5085.json,custom
43.770961,11.256522,osm_mayday_43.7710_11.2565,Mayday,bar_cafe,bar_cafe,https://raw.githubusercontent.com/pasqualelembo78/huntix-poi/main/italia/toscana/sconosciuta/pages/mayday_43.7710_11.2565.json,custom
42.391234,11.496377,osm_kraken_42.3912_11.4964,Kraken,bar_cafe,bar_cafe,https://raw.githubusercontent.com/pasqualelembo78/huntix-poi/main/italia/toscana/sconosciuta/pages/kraken_42.3912_11.4964.json,custom
43.768072,11.249793,osm_l_osteria_in_bottega_43.7681_11.2498,L'Osteria in Bottega,bar_cafe,bar_cafe,https://raw.githubusercontent.com/pasqualelembo78/huntix-poi/main/italia/toscana/sconosciuta/pages/losteria_in_bottega_43.7681_11.2498.json,custom
43.934527,10.918238,osm_caff__della_robbia_43.9345_10.9182,Caffè Della Robbia,bar_cafe,bar_cafe,https://raw.githubusercontent.com/pasqualelembo78/huntix-poi/main/italia/toscana/sconosciuta/pages/caff_della_robbia_43.9345_10.9182.json,custom
43.935333,10.919933,osm_caff__san_lorenzo_43.9353_10.9199,Caffè San Lorenzo,bar_cafe,bar_cafe,https://raw.githubusercontent.com/pasqualelembo78/huntix-poi/main/italia/toscana/sconosciuta/pages/caff_san_lorenzo_43.9353_10.9199.json,custom
42.251838,11.756050,osm_bar_diana_42.2518_11.7561,Bar Diana,bar_cafe,bar_cafe,https://raw.githubusercontent.com/pasqualelembo78/huntix-poi/main/italia/toscana/sconosciuta/pages/bar_diana_42.2518_11.7561.json,custom
43.769517,11.257439,osm_san_firenze_43.7695_11.2574,San Firenze,bar_cafe,bar_cafe,https://raw.githubusercontent.com/pasqualelembo78/huntix-poi/main/italia/toscana/sconosciuta/pages/san_firenze_43.7695_11.2574.json,custom
42.249450,11.752343,osm_bar_aurelia_42.2494_11.7523,Bar Aurelia,bar_cafe,bar_cafe,https://raw.githubusercontent.com/pasqualelembo78/huntix-poi/main/italia/toscana/sconosciuta/pages/bar_aurelia_42.2494_11.7523.json,custom
42.257047,12.176242,osm_sapori_e_delizie_42.2570_12.1762,Sapori e Delizie,bar_cafe,bar_cafe,https://raw.githubusercontent.com/pasqualelembo78/huntix-poi/main/italia/toscana/sconosciuta/pages/sapori_e_delizie_42.2570_12.1762.json,custom
43.766915,11.250903,osm_ditta_artigianale_43.7669_11.2509,Ditta Artigianale,bar_cafe,bar_cafe,https://raw.githubusercontent.com/pasqualelembo78/huntix-poi/main/italia/toscana/sconosciuta/pages/ditta_artigianale_43.7669_11.2509.json,custom
43.183972,12.146640,osm_sualzo_43.1840_12.1466,Sualzo,bar_cafe,bar_cafe,https://raw.githubusercontent.com/pasqualelembo78/huntix-poi/main/italia/toscana/sconosciuta/pages/sualzo_43.1840_12.1466.json,custom
43.184591,12.136828,osm_mary_lebane_43.1846_12.1368,Mary Lebane,bar_cafe,bar_cafe,https://raw.githubusercontent.com/pasqualelembo78/huntix-poi/main/italia/toscana/sconosciuta/pages/mary_lebane_43.1846_12.1368.json,custom
43.184983,12.136159,osm_gran_caf__43.1850_12.1362,Gran Café,bar_cafe,bar_cafe,https://raw.githubusercontent.com/pasqualelembo78/huntix-poi/main/italia/toscana/sconosciuta/pages/gran_caf_43.1850_12.1362.json,custom
43.184134,12.136073,osm_il_chiosco_sul_lago_43.1841_12.1361,Il chiosco sul lago,bar_cafe,bar_cafe,https://raw.githubusercontent.com/pasqualelembo78/huntix-poi/main/italia/toscana/sconosciuta/pages/il_chiosco_sul_lago_43.1841_12.1361.json,custom
43.184377,12.135996,osm_la_dolce_vita_43.1844_12.1360,La dolce vita,bar_cafe,bar_cafe,https://raw.githubusercontent.com/pasqualelembo78/huntix-poi/main/italia/toscana/sconosciuta/pages/la_dolce_vita_43.1844_12.1360.json,custom
42.761641,10.303106,osm_bar_bados_42.7616_10.3031,Bar Bados,bar_cafe,bar_cafe,https://raw.githubusercontent.com/pasqualelembo78/huntix-poi/main/italia/toscana/sconosciuta/pages/bar_bados_42.7616_10.3031.json,custom
43.676120,10.273518,osm_eiscafe_venezia_43.6761_10.2735,Eiscafe Venezia,bar_cafe,bar_cafe,https://raw.githubusercontent.com/pasqualelembo78/huntix-poi/main/italia/toscana/sconosciuta/pages/eiscafe_venezia_43.6761_10.2735.json,custom
43.316613,11.330552,osm_antico_tagliere_43.3166_11.3306,Antico Tagliere,bar_cafe,bar_cafe,https://raw.githubusercontent.com/pasqualelembo78/huntix-poi/main/italia/toscana/sconosciuta/pages/antico_tagliere_43.3166_11.3306.json,custom
43.128214,12.286156,osm_orange_caff__bar_43.1282_12.2862,Orange Caffè Bar,bar_cafe,bar_cafe,https://raw.githubusercontent.com/pasqualelembo78/huntix-poi/main/italia/toscana/sconosciuta/pages/orange_caff_bar_43.1282_12.2862.json,custom
42.871855,11.537645,osm_gelateria_e_caff__il_centrale_42.8719_11.5376,Gelateria e Caffé Il Centrale,bar_cafe,bar_cafe,https://raw.githubusercontent.com/pasqualelembo78/huntix-poi/main/italia/toscana/sconosciuta/pages/gelateria_e_caff_il_centrale_42.8719_11.5376.json,custom
42.871801,11.538705,osm_bar_il_concerto_42.8718_11.5387,Bar Il Concerto,bar_cafe,bar_cafe,https://raw.githubusercontent.com/pasqualelembo78/huntix-poi/main/italia/toscana/sconosciuta/pages/bar_il_concerto_42.8718_11.5387.json,custom
43.926862,10.898682,osm_lorianna_43.9269_10.8987,Lorianna,bar_cafe,bar_cafe,https://raw.githubusercontent.com/pasqualelembo78/huntix-poi/main/italia/toscana/sconosciuta/pages/lorianna_43.9269_10.8987.json,custom
43.845017,10.514961,osm_casermetta_san_salvatore_43.8450_10.5150,Casermetta San Salvatore,bar_cafe,bar_cafe,https://raw.githubusercontent.com/pasqualelembo78/huntix-poi/main/italia/toscana/sconosciuta/pages/casermetta_san_salvatore_43.8450_10.5150.json,custom
42.097476,12.162182,osm_art_caf__42.0975_12.1622,Art Cafè,bar_cafe,bar_cafe,https://raw.githubusercontent.com/pasqualelembo78/huntix-poi/main/italia/toscana/sconosciuta/pages/art_caf_42.0975_12.1622.json,custom
42.925725,10.541680,osm_tuareg_caf__42.9257_10.5417,Tuareg Cafè,bar_cafe,bar_cafe,https://raw.githubusercontent.com/pasqualelembo78/huntix-poi/main/italia/toscana/sconosciuta/pages/tuareg_caf_42.9257_10.5417.json,custom
43.284529,11.963526,osm_bar_43.2845_11.9635,bar,bar_cafe,bar_cafe,https://raw.githubusercontent.com/pasqualelembo78/huntix-poi/main/italia/toscana/sconosciuta/pages/bar_43.2845_11.9635.json,custom
43.454047,11.869272,osm_bar_kollo_43.4540_11.8693,Bar Kollo,bar_cafe,bar_cafe,https://raw.githubusercontent.com/pasqualelembo78/huntix-poi/main/italia/toscana/sconosciuta/pages/bar_kollo_43.4540_11.8693.json,custom
43.994319,10.228281,osm_la_parigina_43.9943_10.2283,La Parigina,bar_cafe,bar_cafe,https://raw.githubusercontent.com/pasqualelembo78/huntix-poi/main/italia/toscana/sconosciuta/pages/la_parigina_43.9943_10.2283.json,custom
43.957617,10.232201,osm_vinoteca_naturale_43.9576_10.2322,Vinoteca Naturale,bar_cafe,bar_cafe,https://raw.githubusercontent.com/pasqualelembo78/huntix-poi/main/italia/toscana/sconosciuta/pages/vinoteca_naturale_43.9576_10.2322.json,custom
43.197294,11.078602,osm_circolo_unitario_arci_acli_43.1973_11.0786,Circolo Unitario ARCI/ACLI,bar_cafe,bar_cafe,https://raw.githubusercontent.com/pasqualelembo78/huntix-poi/main/italia/toscana/sconosciuta/pages/circolo_unitario_arciacli_43.1973_11.0786.json,custom
42.889562,10.791535,osm_ristobar_puntone_42.8896_10.7915,RistoBar Puntone,bar_cafe,bar_cafe,https://raw.githubusercontent.com/pasqualelembo78/huntix-poi/main/italia/toscana/sconosciuta/pages/ristobar_puntone_42.8896_10.7915.json,custom
42.154675,12.248738,osm_bar_del_golfo_42.1547_12.2487,Bar del Golfo,bar_cafe,bar_cafe,https://raw.githubusercontent.com/pasqualelembo78/huntix-poi/main/italia/toscana/sconosciuta/pages/bar_del_golfo_42.1547_12.2487.json,custom
43.776956,11.255995,osm_coccole_cioccolato_43.7770_11.2560,Coccole Cioccolato,bar_cafe,bar_cafe,https://raw.githubusercontent.com/pasqualelembo78/huntix-poi/main/italia/toscana/sconosciuta/pages/coccole_cioccolato_43.7770_11.2560.json,custom
42.326451,12.239949,osm_dolci_tentazioni_42.3265_12.2399,Dolci Tentazioni,bar_cafe,bar_cafe,https://raw.githubusercontent.com/pasqualelembo78/huntix-poi/main/italia/toscana/sconosciuta/pages/dolci_tentazioni_42.3265_12.2399.json,custom
42.327912,12.238116,osm_dal_1921_42.3279_12.2381,dal 1921,bar_cafe,bar_cafe,https://raw.githubusercontent.com/pasqualelembo78/huntix-poi/main/italia/toscana/sconosciuta/pages/dal_1921_42.3279_12.2381.json,custom
42.327781,12.237648,osm_la_rocca_42.3278_12.2376,La Rocca,bar_cafe,bar_cafe,https://raw.githubusercontent.com/pasqualelembo78/huntix-poi/main/italia/toscana/sconosciuta/pages/la_rocca_42.3278_12.2376.json,custom
42.081800,12.232056,osm_pepe_nero_42.0818_12.2321,Pepe Nero,bar_cafe,bar_cafe,https://raw.githubusercontent.com/pasqualelembo78/huntix-poi/main/italia/toscana/sconosciuta/pages/pepe_nero_42.0818_12.2321.json,custom
43.772522,11.249322,osm_caffe_dei_fossi_43.7725_11.2493,Caffe dei Fossi,bar_cafe,bar_cafe,https://raw.githubusercontent.com/pasqualelembo78/huntix-poi/main/italia/toscana/sconosciuta/pages/caffe_dei_fossi_43.7725_11.2493.json,custom
42.764008,10.881171,osm_torrefazione_fiorella_2_42.7640_10.8812,Torrefazione Fiorella 2,bar_cafe,bar_cafe,https://raw.githubusercontent.com/pasqualelembo78/huntix-poi/main/italia/toscana/sconosciuta/pages/torrefazione_fiorella_2_42.7640_10.8812.json,custom
43.470827,11.863981,osm_happy_dog_43.4708_11.8640,Happy Dog,bar_cafe,bar_cafe,https://raw.githubusercontent.com/pasqualelembo78/huntix-poi/main/italia/toscana/sconosciuta/pages/happy_dog_43.4708_11.8640.json,custom
43.868278,10.244745,osm_laboratorio_del_gelato_43.8683_10.2447,Laboratorio del Gelato,bar_cafe,bar_cafe,https://raw.githubusercontent.com/pasqualelembo78/huntix-poi/main/italia/toscana/sconosciuta/pages/laboratorio_del_gelato_43.8683_10.2447.json,custom
43.459265,11.884566,osm_non_solo_caff__43.4593_11.8846,non solo caffé,bar_cafe,bar_cafe,https://raw.githubusercontent.com/pasqualelembo78/huntix-poi/main/italia/toscana/sconosciuta/pages/non_solo_caff_43.4593_11.8846.json,custom
43.460659,11.882355,osm_bar_kiss_43.4607_11.8824,Bar Kiss,bar_cafe,bar_cafe,https://raw.githubusercontent.com/pasqualelembo78/huntix-poi/main/italia/toscana/sconosciuta/pages/bar_kiss_43.4607_11.8824.json,custom
43.786085,11.253720,osm_pasticceria_caff__marzocco_43.7861_11.2537,Pasticceria Caffè Marzocco,bar_cafe,bar_cafe,https://raw.githubusercontent.com/pasqualelembo78/huntix-poi/main/italia/toscana/sconosciuta/pages/pasticceria_caff_marzocco_43.7861_11.2537.json,custom
43.776282,11.258230,osm_bistrot_wine___food_43.7763_11.2582,Bistrot Wine & Food,bar_cafe,bar_cafe,https://raw.githubusercontent.com/pasqualelembo78/huntix-poi/main/italia/toscana/sconosciuta/pages/bistrot_wine_food_43.7763_11.2582.json,custom
43.295707,10.496814,osm_gran_cafe_43.2957_10.4968,Gran Cafe,bar_cafe,bar_cafe,https://raw.githubusercontent.com/pasqualelembo78/huntix-poi/main/italia/toscana/sconosciuta/pages/gran_cafe_43.2957_10.4968.json,custom
42.373070,12.402253,osm_bar_centrale_42.3731_12.4023,Bar Centrale,bar_cafe,bar_cafe,https://raw.githubusercontent.com/pasqualelembo78/huntix-poi/main/italia/toscana/sconosciuta/pages/bar_centrale_42.3731_12.4023.json,custom
42.448664,11.248393,osm_bar_italia_42.4487_11.2484,Bar Italia,bar_cafe,bar_cafe,https://raw.githubusercontent.com/pasqualelembo78/huntix-poi/main/italia/toscana/sconosciuta/pages/bar_italia_42.4487_11.2484.json,custom
42.565058,11.169798,osm_bar_centrale_42.5651_11.1698,Bar Centrale,bar_cafe,bar_cafe,https://raw.githubusercontent.com/pasqualelembo78/huntix-poi/main/italia/toscana/sconosciuta/pages/bar_centrale_42.5651_11.1698.json,custom
42.240682,12.227801,osm_bar_42.2407_12.2278,Bar,bar_cafe,bar_cafe,https://raw.githubusercontent.com/pasqualelembo78/huntix-poi/main/italia/toscana/sconosciuta/pages/bar_42.2407_12.2278.json,custom
43.296273,10.495777,osm_orange_road_43.2963_10.4958,Orange Road,bar_cafe,bar_cafe,https://raw.githubusercontent.com/pasqualelembo78/huntix-poi/main/italia/toscana/sconosciuta/pages/orange_road_43.2963_10.4958.json,custom
42.029959,12.468006,osm_panificio_bar_42.0300_12.4680,Panificio Bar,bar_cafe,bar_cafe,https://raw.githubusercontent.com/pasqualelembo78/huntix-poi/main/italia/toscana/sconosciuta/pages/panificio_bar_42.0300_12.4680.json,custom
43.299696,10.493671,osm_kosmos_43.2997_10.4937,Kosmos,bar_cafe,bar_cafe,https://raw.githubusercontent.com/pasqualelembo78/huntix-poi/main/italia/toscana/sconosciuta/pages/kosmos_43.2997_10.4937.json,custom
43.303243,10.486890,osm_bar_il_porticciolo___il_bar_del_porto_43.3032_10.4869,Bar Il Porticciolo - il bar del porto,bar_cafe,bar_cafe,https://raw.githubusercontent.com/pasqualelembo78/huntix-poi/main/italia/toscana/sconosciuta/pages/bar_il_porticciolo_-_il_bar_del_porto_43.3032_10.4869.json,custom
43.303265,10.487013,osm_il_gelato_del_porto_43.3033_10.4870,Il Gelato del Porto,bar_cafe,bar_cafe,https://raw.githubusercontent.com/pasqualelembo78/huntix-poi/main/italia/toscana/sconosciuta/pages/il_gelato_del_porto_43.3033_10.4870.json,custom
43.300941,10.491275,osm_ii__risorgimento_43.3009_10.4913,II° Risorgimento,bar_cafe,bar_cafe,https://raw.githubusercontent.com/pasqualelembo78/huntix-poi/main/italia/toscana/sconosciuta/pages/ii_risorgimento_43.3009_10.4913.json,custom
42.108316,12.183818,osm_movida_beach_42.1083_12.1838,Movida Beach,bar_cafe,bar_cafe,https://raw.githubusercontent.com/pasqualelembo78/huntix-poi/main/italia/toscana/sconosciuta/pages/movida_beach_42.1083_12.1838.json,custom
43.775585,11.249973,osm_mccaf__43.7756_11.2500,McCafé,bar_cafe,bar_cafe,https://raw.githubusercontent.com/pasqualelembo78/huntix-poi/main/italia/toscana/sconosciuta/pages/mccaf_43.7756_11.2500.json,custom
43.573238,12.137311,osm_fontanell_43.5732_12.1373,fontanell,bar_cafe,bar_cafe,https://raw.githubusercontent.com/pasqualelembo78/huntix-poi/main/italia/toscana/sconosciuta/pages/fontanell_43.5732_12.1373.json,custom
43.773871,11.250170,osm_coco_fresh_tea___juice_43.7739_11.2502,CoCo Fresh Tea & Juice,bar_cafe,bar_cafe,https://raw.githubusercontent.com/pasqualelembo78/huntix-poi/main/italia/toscana/sconosciuta/pages/coco_fresh_tea_juice_43.7739_11.2502.json,custom
43.934624,10.898392,osm_crudelia_43.9346_10.8984,Crudelia,bar_cafe,bar_cafe,https://raw.githubusercontent.com/pasqualelembo78/huntix-poi/main/italia/toscana/sconosciuta/pages/crudelia_43.9346_10.8984.json,custom
43.877254,11.104881,osm_caff__europa_43.8773_11.1049,Caffé Europa,bar_cafe,bar_cafe,https://raw.githubusercontent.com/pasqualelembo78/huntix-poi/main/italia/toscana/sconosciuta/pages/caff_europa_43.8773_11.1049.json,custom
43.880429,11.099927,osm_nando_s_43.8804_11.0999,Nando's,bar_cafe,bar_cafe,https://raw.githubusercontent.com/pasqualelembo78/huntix-poi/main/italia/toscana/sconosciuta/pages/nandos_43.8804_11.0999.json,custom
43.880635,11.102178,osm_oronero_caff__pasticceria_43.8806_11.1022,Oronero Caffè Pasticceria,bar_cafe,bar_cafe,https://raw.githubusercontent.com/pasqualelembo78/huntix-poi/main/italia/toscana/sconosciuta/pages/oronero_caff_pasticceria_43.8806_11.1022.json,custom
43.877544,11.102219,osm_vittoria_43.8775_11.1022,Vittoria,bar_cafe,bar_cafe,https://raw.githubusercontent.com/pasqualelembo78/huntix-poi/main/italia/toscana/sconosciuta/pages/vittoria_43.8775_11.1022.json,custom
43.881357,11.098814,osm_fumo___caff__43.8814_11.0988,Fumo & Caffé,bar_cafe,bar_cafe,https://raw.githubusercontent.com/pasqualelembo78/huntix-poi/main/italia/toscana/sconosciuta/pages/fumo_caff_43.8814_11.0988.json,custom
43.878972,10.796532,osm_circolo_a_r_c_i_caffetteria_di_piazza_43.8790_10.7965,Circolo A.R.C.I Caffetteria di Piazza,bar_cafe,bar_cafe,https://raw.githubusercontent.com/pasqualelembo78/huntix-poi/main/italia/toscana/sconosciuta/pages/circolo_arci_caffetteria_di_piazza_43.8790_10.7965.json,custom
43.765697,11.244498,osm_tabacchi_43.7657_11.2445,Tabacchi,bar_cafe,bar_cafe,https://raw.githubusercontent.com/pasqualelembo78/huntix-poi/main/italia/toscana/sconosciuta/pages/tabacchi_43.7657_11.2445.json,custom
43.770207,11.257534,osm_il_toscanaccio_43.7702_11.2575,Il Toscanaccio,bar_cafe,bar_cafe,https://raw.githubusercontent.com/pasqualelembo78/huntix-poi/main/italia/toscana/sconosciuta/pages/il_toscanaccio_43.7702_11.2575.json,custom
43.457020,11.888482,osm_mac_pinguino_caf__43.4570_11.8885,Mac Pinguino Café,bar_cafe,bar_cafe,https://raw.githubusercontent.com/pasqualelembo78/huntix-poi/main/italia/toscana/sconosciuta/pages/mac_pinguino_caf_43.4570_11.8885.json,custom
43.462010,12.237772,osm_min__caf__43.4620_12.2378,Minú Café,bar_cafe,bar_cafe,https://raw.githubusercontent.com/pasqualelembo78/huntix-poi/main/italia/toscana/sconosciuta/pages/min_caf_43.4620_12.2378.json,custom
43.774793,11.252341,osm_news_cafe_43.7748_11.2523,News Cafe,bar_cafe,bar_cafe,https://raw.githubusercontent.com/pasqualelembo78/huntix-poi/main/italia/toscana/sconosciuta/pages/news_cafe_43.7748_11.2523.json,custom
43.973767,12.485163,osm_cappuccino_43.9738_12.4852,Cappuccino,bar_cafe,bar_cafe,https://raw.githubusercontent.com/pasqualelembo78/huntix-poi/main/italia/toscana/sconosciuta/pages/cappuccino_43.9738_12.4852.json,custom
43.666415,12.411817,osm_st__mary_ne___cofee_43.6664_12.4118,St. Mary Ne & Cofee,bar_cafe,bar_cafe,https://raw.githubusercontent.com/pasqualelembo78/huntix-poi/main/italia/toscana/sconosciuta/pages/st_mary_ne_cofee_43.6664_12.4118.json,custom
43.665492,12.411479,osm_caff__centrale_43.6655_12.4115,Caffé Centrale,bar_cafe,bar_cafe,https://raw.githubusercontent.com/pasqualelembo78/huntix-poi/main/italia/toscana/sconosciuta/pages/caff_centrale_43.6655_12.4115.json,custom
43.665198,12.410494,osm_da_franco_43.6652_12.4105,Da Franco,bar_cafe,bar_cafe,https://raw.githubusercontent.com/pasqualelembo78/huntix-poi/main/italia/toscana/sconosciuta/pages/da_franco_43.6652_12.4105.json,custom
43.665395,12.411018,osm_caff__del_corso_43.6654_12.4110,Caffé del Corso,bar_cafe,bar_cafe,https://raw.githubusercontent.com/pasqualelembo78/huntix-poi/main/italia/toscana/sconosciuta/pages/caff_del_corso_43.6654_12.4110.json,custom
43.665361,12.411508,osm_bar_mariella_43.6654_12.4115,Bar Mariella,bar_cafe,bar_cafe,https://raw.githubusercontent.com/pasqualelembo78/huntix-poi/main/italia/toscana/sconosciuta/pages/bar_mariella_43.6654_12.4115.json,custom
43.110556,12.389777,osm_via_della_rupe_43.1106_12.3898,Via della Rupe,bar_cafe,bar_cafe,https://raw.githubusercontent.com/pasqualelembo78/huntix-poi/main/italia/toscana/sconosciuta/pages/via_della_rupe_43.1106_12.3898.json,custom
43.767467,11.240040,osm_aurora_43.7675_11.2400,Aurora,bar_cafe,bar_cafe,https://raw.githubusercontent.com/pasqualelembo78/huntix-poi/main/italia/toscana/sconosciuta/pages/aurora_43.7675_11.2400.json,custom
43.466828,11.042993,osm_bar_boboli_via_43.4668_11.0430,Bar Boboli Via,bar_cafe,bar_cafe,https://raw.githubusercontent.com/pasqualelembo78/huntix-poi/main/italia/toscana/sconosciuta/pages/bar_boboli_via_43.4668_11.0430.json,custom
43.777921,11.252875,osm_mostodolce_43.7779_11.2529,Mostodolce,bar_cafe,bar_cafe,https://raw.githubusercontent.com/pasqualelembo78/huntix-poi/main/italia/toscana/sconosciuta/pages/mostodolce_43.7779_11.2529.json,custom
43.063284,11.321268,osm_bar_ristorante_da_sandra_e_barbara_43.0633_11.3213,Bar Ristorante da Sandra e Barbara,bar_cafe,bar_cafe,https://raw.githubusercontent.com/pasqualelembo78/huntix-poi/main/italia/toscana/sconosciuta/pages/bar_ristorante_da_sandra_e_barbara_43.0633_11.3213.json,custom
43.128922,12.268952,osm_mondo_shopping_43.1289_12.2690,Mondo Shopping,bar_cafe,bar_cafe,https://raw.githubusercontent.com/pasqualelembo78/huntix-poi/main/italia/toscana/sconosciuta/pages/mondo_shopping_43.1289_12.2690.json,custom
42.922223,10.766209,osm_bar_martin_s_42.9222_10.7662,Bar Martin's,bar_cafe,bar_cafe,https://raw.githubusercontent.com/pasqualelembo78/huntix-poi/main/italia/toscana/sconosciuta/pages/bar_martins_42.9222_10.7662.json,custom
43.979082,12.408634,osm_beccari_43.9791_12.4086,Beccari,bar_cafe,bar_cafe,https://raw.githubusercontent.com/pasqualelembo78/huntix-poi/main/italia/toscana/sconosciuta/pages/beccari_43.9791_12.4086.json,custom
43.770920,11.255103,osm_bar_san_michele_43.7709_11.2551,Bar San Michele,bar_cafe,bar_cafe,https://raw.githubusercontent.com/pasqualelembo78/huntix-poi/main/italia/toscana/sconosciuta/pages/bar_san_michele_43.7709_11.2551.json,custom
43.906336,12.240299,osm_bar_pizzeria_bem_43.9063_12.2403,Bar pizzeria BEM,bar_cafe,bar_cafe,https://raw.githubusercontent.com/pasqualelembo78/huntix-poi/main/italia/toscana/sconosciuta/pages/bar_pizzeria_bem_43.9063_12.2403.json,custom
42.020353,11.951814,osm_chiosco_franco_42.0204_11.9518,Chiosco Franco,bar_cafe,bar_cafe,https://raw.githubusercontent.com/pasqualelembo78/huntix-poi/main/italia/toscana/sconosciuta/pages/chiosco_franco_42.0204_11.9518.json,custom
42.089491,11.807222,osm_king_edward_gastropub_42.0895_11.8072,King Edward GastroPub,bar_cafe,bar_cafe,https://raw.githubusercontent.com/pasqualelembo78/huntix-poi/main/italia/toscana/sconosciuta/pages/king_edward_gastropub_42.0895_11.8072.json,custom
42.090235,11.802880,osm_bar_arcobaleno_42.0902_11.8029,Bar Arcobaleno,bar_cafe,bar_cafe,https://raw.githubusercontent.com/pasqualelembo78/huntix-poi/main/italia/toscana/sconosciuta/pages/bar_arcobaleno_42.0902_11.8029.json,custom
43.114739,12.388240,osm_happy_43.1147_12.3882,Happy,bar_cafe,bar_cafe,https://raw.githubusercontent.com/pasqualelembo78/huntix-poi/main/italia/toscana/sconosciuta/pages/happy_43.1147_12.3882.json,custom
42.097673,11.796987,osm_bar_orte_42.0977_11.7970,Bar Orte,bar_cafe,bar_cafe,https://raw.githubusercontent.com/pasqualelembo78/huntix-poi/main/italia/toscana/sconosciuta/pages/bar_orte_42.0977_11.7970.json,custom
42.093223,11.799066,osm_dolce_amaro_42.0932_11.7991,Dolce Amaro,bar_cafe,bar_cafe,https://raw.githubusercontent.com/pasqualelembo78/huntix-poi/main/italia/toscana/sconosciuta/pages/dolce_amaro_42.0932_11.7991.json,custom
42.092649,11.799436,osm_angolo_caff__42.0926_11.7994,Angolo Caffè,bar_cafe,bar_cafe,https://raw.githubusercontent.com/pasqualelembo78/huntix-poi/main/italia/toscana/sconosciuta/pages/angolo_caff_42.0926_11.7994.json,custom
42.257730,12.168661,osm_zanzibar_42.2577_12.1687,Zanzibar,bar_cafe,bar_cafe,https://raw.githubusercontent.com/pasqualelembo78/huntix-poi/main/italia/toscana/sconosciuta/pages/zanzibar_42.2577_12.1687.json,custom
42.256868,12.177184,osm_for_di_porta_42.2569_12.1772,For Di Porta,bar_cafe,bar_cafe,https://raw.githubusercontent.com/pasqualelembo78/huntix-poi/main/italia/toscana/sconosciuta/pages/for_di_porta_42.2569_12.1772.json,custom
42.256861,12.176766,osm_caff__del_molo_42.2569_12.1768,Caffè del Molo,bar_cafe,bar_cafe,https://raw.githubusercontent.com/pasqualelembo78/huntix-poi/main/italia/toscana/sconosciuta/pages/caff_del_molo_42.2569_12.1768.json,custom
43.772159,11.093717,osm_bar21_43.7722_11.0937,Bar21,bar_cafe,bar_cafe,https://raw.githubusercontent.com/pasqualelembo78/huntix-poi/main/italia/toscana/sconosciuta/pages/bar21_43.7722_11.0937.json,custom
43.770999,11.106833,osm_caff__letterario_43.7710_11.1068,Caffé Letterario,bar_cafe,bar_cafe,https://raw.githubusercontent.com/pasqualelembo78/huntix-poi/main/italia/toscana/sconosciuta/pages/caff_letterario_43.7710_11.1068.json,custom
43.112636,12.390132,osm_shamrock_irish_pub_43.1126_12.3901,Shamrock Irish Pub,bar_cafe,bar_cafe,https://raw.githubusercontent.com/pasqualelembo78/huntix-poi/main/italia/toscana/sconosciuta/pages/shamrock_irish_pub_43.1126_12.3901.json,custom
43.104915,12.392771,osm_borgo_206_43.1049_12.3928,Borgo 206,bar_cafe,bar_cafe,https://raw.githubusercontent.com/pasqualelembo78/huntix-poi/main/italia/toscana/sconosciuta/pages/borgo_206_43.1049_12.3928.json,custom
43.536324,12.094825,osm_posta_43.5363_12.0948,posta,bar_cafe,bar_cafe,https://raw.githubusercontent.com/pasqualelembo78/huntix-poi/main/italia/toscana/sconosciuta/pages/posta_43.5363_12.0948.json,custom
43.714349,10.402902,osm_la_tazza_d_oro_43.7143_10.4029,La Tazza d'Oro,bar_cafe,bar_cafe,https://raw.githubusercontent.com/pasqualelembo78/huntix-poi/main/italia/toscana/sconosciuta/pages/la_tazza_doro_43.7143_10.4029.json,custom
43.841575,10.659573,osm_bar_pizzeria_da_mauro_43.8416_10.6596,Bar/Pizzeria Da Mauro,bar_cafe,bar_cafe,https://raw.githubusercontent.com/pasqualelembo78/huntix-poi/main/italia/toscana/sconosciuta/pages/barpizzeria_da_mauro_43.8416_10.6596.json,custom
43.933806,10.916943,osm_caff__michi_43.9338_10.9169,Caffè Michi,bar_cafe,bar_cafe,https://raw.githubusercontent.com/pasqualelembo78/huntix-poi/main/italia/toscana/sconosciuta/pages/caff_michi_43.9338_10.9169.json,custom
43.932494,10.917118,osm_vinile_beer_food_43.9325_10.9171,Vinile Beer&Food,bar_cafe,bar_cafe,https://raw.githubusercontent.com/pasqualelembo78/huntix-poi/main/italia/toscana/sconosciuta/pages/vinile_beerfood_43.9325_10.9171.json,custom
43.933546,10.916293,osm_caff__dell_angelo_43.9335_10.9163,Caffè dell'Angelo,bar_cafe,bar_cafe,https://raw.githubusercontent.com/pasqualelembo78/huntix-poi/main/italia/toscana/sconosciuta/pages/caff_dellangelo_43.9335_10.9163.json,custom
43.087588,12.437636,osm_bar_h_43.0876_12.4376,Bar H,bar_cafe,bar_cafe,https://raw.githubusercontent.com/pasqualelembo78/huntix-poi/main/italia/toscana/sconosciuta/pages/bar_h_43.0876_12.4376.json,custom
43.090401,12.437531,osm_agor__caf__43.0904_12.4375,Agorà Cafè,bar_cafe,bar_cafe,https://raw.githubusercontent.com/pasqualelembo78/huntix-poi/main/italia/toscana/sconosciuta/pages/agor_caf_43.0904_12.4375.json,custom
43.090181,12.442918,osm_bar_rendez_vous_43.0902_12.4429,Bar Rendez-vous,bar_cafe,bar_cafe,https://raw.githubusercontent.com/pasqualelembo78/huntix-poi/main/italia/toscana/sconosciuta/pages/bar_rendez-vous_43.0902_12.4429.json,custom
43.737844,10.401159,osm_circolo_i_passi_43.7378_10.4012,Circolo I Passi,bar_cafe,bar_cafe,https://raw.githubusercontent.com/pasqualelembo78/huntix-poi/main/italia/toscana/sconosciuta/pages/circolo_i_passi_43.7378_10.4012.json,custom
43.927420,10.906633,osm_kimera_43.9274_10.9066,Kimera,bar_cafe,bar_cafe,https://raw.githubusercontent.com/pasqualelembo78/huntix-poi/main/italia/toscana/sconosciuta/pages/kimera_43.9274_10.9066.json,custom
43.778265,11.253335,osm_bar_fibbi_43.7783_11.2533,Bar Fibbi,bar_cafe,bar_cafe,https://raw.githubusercontent.com/pasqualelembo78/huntix-poi/main/italia/toscana/sconosciuta/pages/bar_fibbi_43.7783_11.2533.json,custom
42.098265,11.788866,osm_navy_bar_42.0983_11.7889,Navy Bar,bar_cafe,bar_cafe,https://raw.githubusercontent.com/pasqualelembo78/huntix-poi/main/italia/toscana/sconosciuta/pages/navy_bar_42.0983_11.7889.json,custom
42.840993,12.353236,osm_giardino_estivo_la_torraccia_42.8410_12.3532,Giardino estivo La Torraccia,bar_cafe,bar_cafe,https://raw.githubusercontent.com/pasqualelembo78/huntix-poi/main/italia/toscana/sconosciuta/pages/giardino_estivo_la_torraccia_42.8410_12.3532.json,custom
43.770024,11.256809,osm_vini_e_vecchi_sapori_43.7700_11.2568,Vini e Vecchi Sapori,bar_cafe,bar_cafe,https://raw.githubusercontent.com/pasqualelembo78/huntix-poi/main/italia/toscana/sconosciuta/pages/vini_e_vecchi_sapori_43.7700_11.2568.json,custom
43.769879,11.258189,osm_namia_43.7699_11.2582,Namia,bar_cafe,bar_cafe,https://raw.githubusercontent.com/pasqualelembo78/huntix-poi/main/italia/toscana/sconosciuta/pages/namia_43.7699_11.2582.json,custom
43.548507,11.040941,osm_garibaldi_11_speakeasy_43.5485_11.0409,Garibaldi 11 Speakeasy,bar_cafe,bar_cafe,https://raw.githubusercontent.com/pasqualelembo78/huntix-poi/main/italia/toscana/sconosciuta/pages/garibaldi_11_speakeasy_43.5485_11.0409.json,custom
43.859702,11.164497,osm_cartabianca_caf__43.8597_11.1645,Cartabianca Café,bar_cafe,bar_cafe,https://raw.githubusercontent.com/pasqualelembo78/huntix-poi/main/italia/toscana/sconosciuta/pages/cartabianca_caf_43.8597_11.1645.json,custom
43.859889,11.164290,osm_college_caff__43.8599_11.1643,College Caffè,bar_cafe,bar_cafe,https://raw.githubusercontent.com/pasqualelembo78/huntix-poi/main/italia/toscana/sconosciuta/pages/college_caff_43.8599_11.1643.json,custom
42.780925,12.404177,osm_il_fondaccio_42.7809_12.4042,Il Fondaccio,bar_cafe,bar_cafe,https://raw.githubusercontent.com/pasqualelembo78/huntix-poi/main/italia/toscana/sconosciuta/pages/il_fondaccio_42.7809_12.4042.json,custom
43.884448,10.767858,osm_bistro_del_corso_43.8844_10.7679,Bistro Del Corso,bar_cafe,bar_cafe,https://raw.githubusercontent.com/pasqualelembo78/huntix-poi/main/italia/toscana/sconosciuta/pages/bistro_del_corso_43.8844_10.7679.json,custom
43.675230,10.528393,osm_circolo_acli_43.6752_10.5284,Circolo ACLI,bar_cafe,bar_cafe,https://raw.githubusercontent.com/pasqualelembo78/huntix-poi/main/italia/toscana/sconosciuta/pages/circolo_acli_43.6752_10.5284.json,custom
43.817298,12.265062,osm_la_dolce_vita_43.8173_12.2651,La Dolce Vita,bar_cafe,bar_cafe,https://raw.githubusercontent.com/pasqualelembo78/huntix-poi/main/italia/toscana/sconosciuta/pages/la_dolce_vita_43.8173_12.2651.json,custom
43.450887,11.865860,osm_bar_sabrina_43.4509_11.8659,Bar Sabrina,bar_cafe,bar_cafe,https://raw.githubusercontent.com/pasqualelembo78/huntix-poi/main/italia/toscana/sconosciuta/pages/bar_sabrina_43.4509_11.8659.json,custom
43.450112,11.864310,osm_caff_90_43.4501_11.8643,Caffé90,bar_cafe,bar_cafe,https://raw.githubusercontent.com/pasqualelembo78/huntix-poi/main/italia/toscana/sconosciuta/pages/caff90_43.4501_11.8643.json,custom
43.451085,11.865573,osm_aperibar_43.4511_11.8656,AperiBar,bar_cafe,bar_cafe,https://raw.githubusercontent.com/pasqualelembo78/huntix-poi/main/italia/toscana/sconosciuta/pages/aperibar_43.4511_11.8656.json,custom
43.776983,11.252752,osm_lo_sverso_43.7770_11.2528,Lo Sverso,bar_cafe,bar_cafe,https://raw.githubusercontent.com/pasqualelembo78/huntix-poi/main/italia/toscana/sconosciuta/pages/lo_sverso_43.7770_11.2528.json,custom
43.771552,11.255411,osm_coronas_caf__43.7716_11.2554,Coronas Café,bar_cafe,bar_cafe,https://raw.githubusercontent.com/pasqualelembo78/huntix-poi/main/italia/toscana/sconosciuta/pages/coronas_caf_43.7716_11.2554.json,custom
43.769233,11.245598,osm_n_f_43.7692_11.2456,NøF,bar_cafe,bar_cafe,https://raw.githubusercontent.com/pasqualelembo78/huntix-poi/main/italia/toscana/sconosciuta/pages/nf_43.7692_11.2456.json,custom
43.765778,11.239026,osm_tasso_43.7658_11.2390,Tasso,bar_cafe,bar_cafe,https://raw.githubusercontent.com/pasqualelembo78/huntix-poi/main/italia/toscana/sconosciuta/pages/tasso_43.7658_11.2390.json,custom
43.932741,10.914442,osm_bang_43.9327_10.9144,Bang,bar_cafe,bar_cafe,https://raw.githubusercontent.com/pasqualelembo78/huntix-poi/main/italia/toscana/sconosciuta/pages/bang_43.9327_10.9144.json,custom
43.932948,10.914775,osm_on_the_street_43.9329_10.9148,On the street,bar_cafe,bar_cafe,https://raw.githubusercontent.com/pasqualelembo78/huntix-poi/main/italia/toscana/sconosciuta/pages/on_the_street_43.9329_10.9148.json,custom
43.934097,10.919662,osm_pasticceria_banci_43.9341_10.9197,Pasticceria Banci,bar_cafe,bar_cafe,https://raw.githubusercontent.com/pasqualelembo78/huntix-poi/main/italia/toscana/sconosciuta/pages/pasticceria_banci_43.9341_10.9197.json,custom
43.933421,10.914805,osm_magno_gaudio_43.9334_10.9148,Magno Gaudio,bar_cafe,bar_cafe,https://raw.githubusercontent.com/pasqualelembo78/huntix-poi/main/italia/toscana/sconosciuta/pages/magno_gaudio_43.9334_10.9148.json,custom
43.935393,10.912991,osm_bahira_43.9354_10.9130,Bahira,bar_cafe,bar_cafe,https://raw.githubusercontent.com/pasqualelembo78/huntix-poi/main/italia/toscana/sconosciuta/pages/bahira_43.9354_10.9130.json,custom
43.930755,10.920636,osm_torrefazione_caff__etruria_43.9308_10.9206,Torrefazione Caffè Etruria,bar_cafe,bar_cafe,https://raw.githubusercontent.com/pasqualelembo78/huntix-poi/main/italia/toscana/sconosciuta/pages/torrefazione_caff_etruria_43.9308_10.9206.json,custom
43.928294,10.918667,osm_gran_caff__da_vinci_43.9283_10.9187,Gran Caffè Da Vinci,bar_cafe,bar_cafe,https://raw.githubusercontent.com/pasqualelembo78/huntix-poi/main/italia/toscana/sconosciuta/pages/gran_caff_da_vinci_43.9283_10.9187.json,custom
43.935789,10.912891,osm_snack_bar_cino_43.9358_10.9129,Snack Bar Cino,bar_cafe,bar_cafe,https://raw.githubusercontent.com/pasqualelembo78/huntix-poi/main/italia/toscana/sconosciuta/pages/snack_bar_cino_43.9358_10.9129.json,custom
43.929607,10.904931,osm_pinolo_ii_43.9296_10.9049,Pinolo II,bar_cafe,bar_cafe,https://raw.githubusercontent.com/pasqualelembo78/huntix-poi/main/italia/toscana/sconosciuta/pages/pinolo_ii_43.9296_10.9049.json,custom
43.929006,10.914821,osm_bar_giada_43.9290_10.9148,Bar Giada,bar_cafe,bar_cafe,https://raw.githubusercontent.com/pasqualelembo78/huntix-poi/main/italia/toscana/sconosciuta/pages/bar_giada_43.9290_10.9148.json,custom
43.029257,12.099680,osm_del_gallo_43.0293_12.0997,Del Gallo,bar_cafe,bar_cafe,https://raw.githubusercontent.com/pasqualelembo78/huntix-poi/main/italia/toscana/sconosciuta/pages/del_gallo_43.0293_12.0997.json,custom
43.029122,12.099692,osm_caff__della_piazza_43.0291_12.0997,Caffé della Piazza,bar_cafe,bar_cafe,https://raw.githubusercontent.com/pasqualelembo78/huntix-poi/main/italia/toscana/sconosciuta/pages/caff_della_piazza_43.0291_12.0997.json,custom
43.769718,11.264237,osm_opera_book_cafe_43.7697_11.2642,Opera Book Cafe,bar_cafe,bar_cafe,https://raw.githubusercontent.com/pasqualelembo78/huntix-poi/main/italia/toscana/sconosciuta/pages/opera_book_cafe_43.7697_11.2642.json,custom
43.458014,11.889530,osm_bar_ristoro_43.4580_11.8895,Bar Ristoro,bar_cafe,bar_cafe,https://raw.githubusercontent.com/pasqualelembo78/huntix-poi/main/italia/toscana/sconosciuta/pages/bar_ristoro_43.4580_11.8895.json,custom
43.659069,10.437706,osm_bar_1926_43.6591_10.4377,Bar 1926,bar_cafe,bar_cafe,https://raw.githubusercontent.com/pasqualelembo78/huntix-poi/main/italia/toscana/sconosciuta/pages/bar_1926_43.6591_10.4377.json,custom
43.687708,10.431880,osm_caff__mir__43.6877_10.4319,Caffè Mirò,bar_cafe,bar_cafe,https://raw.githubusercontent.com/pasqualelembo78/huntix-poi/main/italia/toscana/sconosciuta/pages/caff_mir_43.6877_10.4319.json,custom
43.494280,10.510203,osm_bar_caffellatte_43.4943_10.5102,Bar Caffellatte,bar_cafe,bar_cafe,https://raw.githubusercontent.com/pasqualelembo78/huntix-poi/main/italia/toscana/sconosciuta/pages/bar_caffellatte_43.4943_10.5102.json,custom
43.494041,10.511172,osm_pro_loco_43.4940_10.5112,Pro Loco,bar_cafe,bar_cafe,https://raw.githubusercontent.com/pasqualelembo78/huntix-poi/main/italia/toscana/sconosciuta/pages/pro_loco_43.4940_10.5112.json,custom
43.437217,10.488834,osm_la_diga_43.4372_10.4888,La Diga,bar_cafe,bar_cafe,https://raw.githubusercontent.com/pasqualelembo78/huntix-poi/main/italia/toscana/sconosciuta/pages/la_diga_43.4372_10.4888.json,custom
43.781623,11.270261,osm_bottega_di_pasticceria_43.7816_11.2703,Bottega di pasticceria,bar_cafe,bar_cafe,https://raw.githubusercontent.com/pasqualelembo78/huntix-poi/main/italia/toscana/sconosciuta/pages/bottega_di_pasticceria_43.7816_11.2703.json,custom
43.599903,10.375246,osm_i_contadini_43.5999_10.3752,I Contadini,bar_cafe,bar_cafe,https://raw.githubusercontent.com/pasqualelembo78/huntix-poi/main/italia/toscana/sconosciuta/pages/i_contadini_43.5999_10.3752.json,custom
43.776534,11.246121,osm_bar_maja_43.7765_11.2461,Bar Maja,bar_cafe,bar_cafe,https://raw.githubusercontent.com/pasqualelembo78/huntix-poi/main/italia/toscana/sconosciuta/pages/bar_maja_43.7765_11.2461.json,custom
43.368608,12.236863,osm_il_bar_43.3686_12.2369,il Bar,bar_cafe,bar_cafe,https://raw.githubusercontent.com/pasqualelembo78/huntix-poi/main/italia/toscana/sconosciuta/pages/il_bar_43.3686_12.2369.json,custom
43.744846,10.769474,osm_bar_cappiano_43.7448_10.7695,Bar Cappiano,bar_cafe,bar_cafe,https://raw.githubusercontent.com/pasqualelembo78/huntix-poi/main/italia/toscana/sconosciuta/pages/bar_cappiano_43.7448_10.7695.json,custom
43.596119,10.474935,osm_bar_pasticceria_mami_43.5961_10.4749,Bar pasticceria Mami,bar_cafe,bar_cafe,https://raw.githubusercontent.com/pasqualelembo78/huntix-poi/main/italia/toscana/sconosciuta/pages/bar_pasticceria_mami_43.5961_10.4749.json,custom
43.719742,10.399216,osm_caff__dei_cavalieri_43.7197_10.3992,Caffè dei Cavalieri,bar_cafe,bar_cafe,https://raw.githubusercontent.com/pasqualelembo78/huntix-poi/main/italia/toscana/sconosciuta/pages/caff_dei_cavalieri_43.7197_10.3992.json,custom
43.767802,11.251368,osm_caffe_le_torri_43.7678_11.2514,Caffe Le Torri,bar_cafe,bar_cafe,https://raw.githubusercontent.com/pasqualelembo78/huntix-poi/main/italia/toscana/sconosciuta/pages/caffe_le_torri_43.7678_11.2514.json,custom
43.774654,11.284091,osm_green_store_pub___la_guerrina_43.7747_11.2841,Green Store Pub - La Guerrina,bar_cafe,bar_cafe,https://raw.githubusercontent.com/pasqualelembo78/huntix-poi/main/italia/toscana/sconosciuta/pages/green_store_pub_-_la_guerrina_43.7747_11.2841.json,custom
43.771748,11.246818,osm__zio_bistro_43.7717_11.2468,Òzio Bistro,bar_cafe,bar_cafe,https://raw.githubusercontent.com/pasqualelembo78/huntix-poi/main/italia/toscana/sconosciuta/pages/zio_bistro_43.7717_11.2468.json,custom
42.246126,11.750391,osm_baricentro_42.2461_11.7504,Baricentro,bar_cafe,bar_cafe,https://raw.githubusercontent.com/pasqualelembo78/huntix-poi/main/italia/toscana/sconosciuta/pages/baricentro_42.2461_11.7504.json,custom
43.267096,11.973560,osm_bar_i_girasoli_43.2671_11.9736,Bar i Girasoli,bar_cafe,bar_cafe,https://raw.githubusercontent.com/pasqualelembo78/huntix-poi/main/italia/toscana/sconosciuta/pages/bar_i_girasoli_43.2671_11.9736.json,custom
43.829652,11.482432,osm_circolo_arci_montebonello_43.8297_11.4824,Circolo Arci Montebonello,bar_cafe,bar_cafe,https://raw.githubusercontent.com/pasqualelembo78/huntix-poi/main/italia/toscana/sconosciuta/pages/circolo_arci_montebonello_43.8297_11.4824.json,custom
43.771183,11.248252,osm_artbar_43.7712_11.2483,ArtBar,bar_cafe,bar_cafe,https://raw.githubusercontent.com/pasqualelembo78/huntix-poi/main/italia/toscana/sconosciuta/pages/artbar_43.7712_11.2483.json,custom
43.344572,10.753435,osm_la_baracchina_43.3446_10.7534,La Baracchina,bar_cafe,bar_cafe,https://raw.githubusercontent.com/pasqualelembo78/huntix-poi/main/italia/toscana/sconosciuta/pages/la_baracchina_43.3446_10.7534.json,custom
42.203916,12.400267,osm_bar_sala_giochi_la_piazzetta_42.2039_12.4003,Bar Sala Giochi La Piazzetta,bar_cafe,bar_cafe,https://raw.githubusercontent.com/pasqualelembo78/huntix-poi/main/italia/toscana/sconosciuta/pages/bar_sala_giochi_la_piazzetta_42.2039_12.4003.json,custom
43.771514,11.256724,osm_shake_cafe___juice_bar_43.7715_11.2567,shake cafe & juice bar,bar_cafe,bar_cafe,https://raw.githubusercontent.com/pasqualelembo78/huntix-poi/main/italia/toscana/sconosciuta/pages/shake_cafe_juice_bar_43.7715_11.2567.json,custom
43.785019,11.263662,osm_braumeister_43.7850_11.2637,Braumeister,bar_cafe,bar_cafe,https://raw.githubusercontent.com/pasqualelembo78/huntix-poi/main/italia/toscana/sconosciuta/pages/braumeister_43.7850_11.2637.json,custom
43.571618,12.130158,osm_drinkx_43.5716_12.1302,Drinkx,bar_cafe,bar_cafe,https://raw.githubusercontent.com/pasqualelembo78/huntix-poi/main/italia/toscana/sconosciuta/pages/drinkx_43.5716_12.1302.json,custom
42.062087,12.327177,osm_station_bar_42.0621_12.3272,Station Bar,bar_cafe,bar_cafe,https://raw.githubusercontent.com/pasqualelembo78/huntix-poi/main/italia/toscana/sconosciuta/pages/station_bar_42.0621_12.3272.json,custom
43.996707,11.911697,osm_forno_caffetteria_fantini_43.9967_11.9117,Forno Caffetteria Fantini,bar_cafe,bar_cafe,https://raw.githubusercontent.com/pasqualelembo78/huntix-poi/main/italia/toscana/sconosciuta/pages/forno_caffetteria_fantini_43.9967_11.9117.json,custom
43.623672,10.529069,osm_bar_il_sole_43.6237_10.5291,Bar Il Sole,bar_cafe,bar_cafe,https://raw.githubusercontent.com/pasqualelembo78/huntix-poi/main/italia/toscana/sconosciuta/pages/bar_il_sole_43.6237_10.5291.json,custom
42.301757,12.413990,osm_pane_e_pomodoro_2_42.3018_12.4140,Pane e Pomodoro 2,bar_cafe,bar_cafe,https://raw.githubusercontent.com/pasqualelembo78/huntix-poi/main/italia/toscana/sconosciuta/pages/pane_e_pomodoro_2_42.3018_12.4140.json,custom
43.813799,11.018636,osm_caff__pontormo_43.8138_11.0186,Caffè Pontormo,bar_cafe,bar_cafe,https://raw.githubusercontent.com/pasqualelembo78/huntix-poi/main/italia/toscana/sconosciuta/pages/caff_pontormo_43.8138_11.0186.json,custom
43.526943,10.616924,osm_terme_di_casciana_43.5269_10.6169,Terme di Casciana,bar_cafe,bar_cafe,https://raw.githubusercontent.com/pasqualelembo78/huntix-poi/main/italia/toscana/sconosciuta/pages/terme_di_casciana_43.5269_10.6169.json,custom
43.310657,10.517034,osm_roma_43.3107_10.5170,Roma,bar_cafe,bar_cafe,https://raw.githubusercontent.com/pasqualelembo78/huntix-poi/main/italia/toscana/sconosciuta/pages/roma_43.3107_10.5170.json,custom
43.773368,11.413189,osm_stony_s_43.7734_11.4132,Stony's,bar_cafe,bar_cafe,https://raw.githubusercontent.com/pasqualelembo78/huntix-poi/main/italia/toscana/sconosciuta/pages/stonys_43.7734_11.4132.json,custom
42.417128,12.105396,osm_gelateria_polozzi_42.4171_12.1054,Gelateria Polozzi,bar_cafe,bar_cafe,https://raw.githubusercontent.com/pasqualelembo78/huntix-poi/main/italia/toscana/sconosciuta/pages/gelateria_polozzi_42.4171_12.1054.json,custom
43.537771,10.952527,osm_emozioni_wine_bar_43.5378_10.9525,Emozioni Wine-Bar,bar_cafe,bar_cafe,https://raw.githubusercontent.com/pasqualelembo78/huntix-poi/main/italia/toscana/sconosciuta/pages/emozioni_wine-bar_43.5378_10.9525.json,custom
42.996318,10.539651,osm_cafe_boomerang_42.9963_10.5397,Cafe Boomerang,bar_cafe,bar_cafe,https://raw.githubusercontent.com/pasqualelembo78/huntix-poi/main/italia/toscana/sconosciuta/pages/cafe_boomerang_42.9963_10.5397.json,custom
43.728351,10.934734,osm_i__circolo_43.7284_10.9347,I' Circolo,bar_cafe,bar_cafe,https://raw.githubusercontent.com/pasqualelembo78/huntix-poi/main/italia/toscana/sconosciuta/pages/i_circolo_43.7284_10.9347.json,custom
43.727165,10.944205,osm_circolo_il_gabbiano_43.7272_10.9442,Circolo il Gabbiano,bar_cafe,bar_cafe,https://raw.githubusercontent.com/pasqualelembo78/huntix-poi/main/italia/toscana/sconosciuta/pages/circolo_il_gabbiano_43.7272_10.9442.json,custom
43.850818,10.668415,osm_chiardicrema_43.8508_10.6684,Chiardicrema,bar_cafe,bar_cafe,https://raw.githubusercontent.com/pasqualelembo78/huntix-poi/main/italia/toscana/sconosciuta/pages/chiardicrema_43.8508_10.6684.json,custom
43.849473,10.264409,osm_bar_airone_43.8495_10.2644,Bar Airone,bar_cafe,bar_cafe,https://raw.githubusercontent.com/pasqualelembo78/huntix-poi/main/italia/toscana/sconosciuta/pages/bar_airone_43.8495_10.2644.json,custom
42.948700,10.927923,osm_bar_alimentari_pausa_caff__42.9487_10.9279,Bar Alimentari Pausa Caffè,bar_cafe,bar_cafe,https://raw.githubusercontent.com/pasqualelembo78/huntix-poi/main/italia/toscana/sconosciuta/pages/bar_alimentari_pausa_caff_42.9487_10.9279.json,custom
42.719342,12.109907,osm_valvola_42.7193_12.1099,Valvola,bar_cafe,bar_cafe,https://raw.githubusercontent.com/pasqualelembo78/huntix-poi/main/italia/toscana/sconosciuta/pages/valvola_42.7193_12.1099.json,custom
43.050337,10.888210,osm_caff__le_logge_43.0503_10.8882,Caffè Le Logge,bar_cafe,bar_cafe,https://raw.githubusercontent.com/pasqualelembo78/huntix-poi/main/italia/toscana/sconosciuta/pages/caff_le_logge_43.0503_10.8882.json,custom
43.051442,10.888338,osm_pasticceria_petrai_43.0514_10.8883,Pasticceria Petrai,bar_cafe,bar_cafe,https://raw.githubusercontent.com/pasqualelembo78/huntix-poi/main/italia/toscana/sconosciuta/pages/pasticceria_petrai_43.0514_10.8883.json,custom
43.755107,11.173533,osm_the_florence_gate_43.7551_11.1735,the Florence gate,bar_cafe,bar_cafe,https://raw.githubusercontent.com/pasqualelembo78/huntix-poi/main/italia/toscana/sconosciuta/pages/the_florence_gate_43.7551_11.1735.json,custom
43.177306,10.539106,osm_yogo_scioc_43.1773_10.5391,YOGO Scioc,bar_cafe,bar_cafe,https://raw.githubusercontent.com/pasqualelembo78/huntix-poi/main/italia/toscana/sconosciuta/pages/yogo_scioc_43.1773_10.5391.json,custom
43.177613,10.538742,osm_bar_galeria_43.1776_10.5387,Bar Galeria,bar_cafe,bar_cafe,https://raw.githubusercontent.com/pasqualelembo78/huntix-poi/main/italia/toscana/sconosciuta/pages/bar_galeria_43.1776_10.5387.json,custom
43.337367,10.829902,osm_il_cerreto_43.3374_10.8299,Il Cerreto,bar_cafe,bar_cafe,https://raw.githubusercontent.com/pasqualelembo78/huntix-poi/main/italia/toscana/sconosciuta/pages/il_cerreto_43.3374_10.8299.json,custom
42.927427,10.528752,osm_baraonda_caff__42.9274_10.5288,Baraonda Caffè,bar_cafe,bar_cafe,https://raw.githubusercontent.com/pasqualelembo78/huntix-poi/main/italia/toscana/sconosciuta/pages/baraonda_caff_42.9274_10.5288.json,custom
42.762547,10.237560,osm_mach_1_airport_lounge_bar_42.7625_10.2376,Mach 1 Airport Lounge Bar,bar_cafe,bar_cafe,https://raw.githubusercontent.com/pasqualelembo78/huntix-poi/main/italia/toscana/sconosciuta/pages/mach_1_airport_lounge_bar_42.7625_10.2376.json,custom
42.764848,10.309323,osm_orti_di_mare_42.7648_10.3093,Orti di mare,bar_cafe,bar_cafe,https://raw.githubusercontent.com/pasqualelembo78/huntix-poi/main/italia/toscana/sconosciuta/pages/orti_di_mare_42.7648_10.3093.json,custom
43.717692,10.399574,osm_bar_macchi_43.7177_10.3996,Bar Macchi,bar_cafe,bar_cafe,https://raw.githubusercontent.com/pasqualelembo78/huntix-poi/main/italia/toscana/sconosciuta/pages/bar_macchi_43.7177_10.3996.json,custom
43.055169,12.218853,osm_bar_dello_sport_43.0552_12.2189,Bar dello Sport,bar_cafe,bar_cafe,https://raw.githubusercontent.com/pasqualelembo78/huntix-poi/main/italia/toscana/sconosciuta/pages/bar_dello_sport_43.0552_12.2189.json,custom
43.079068,10.678421,osm_il_gallo_golosone_43.0791_10.6784,il Gallo Golosone,bar_cafe,bar_cafe,https://raw.githubusercontent.com/pasqualelembo78/huntix-poi/main/italia/toscana/sconosciuta/pages/il_gallo_golosone_43.0791_10.6784.json,custom
43.768033,11.251646,osm_picteau_lounge___hotel_lungarno_43.7680_11.2516,Picteau Lounge - Hotel Lungarno,bar_cafe,bar_cafe,https://raw.githubusercontent.com/pasqualelembo78/huntix-poi/main/italia/toscana/sconosciuta/pages/picteau_lounge_-_hotel_lungarno_43.7680_11.2516.json,custom
42.439332,11.213522,osm_bar_il_giardino_42.4393_11.2135,Bar il Giardino,bar_cafe,bar_cafe,https://raw.githubusercontent.com/pasqualelembo78/huntix-poi/main/italia/toscana/sconosciuta/pages/bar_il_giardino_42.4393_11.2135.json,custom
42.323283,12.050835,osm_big_mama_s_caf__42.3233_12.0508,Big Mama's Cafè,bar_cafe,bar_cafe,https://raw.githubusercontent.com/pasqualelembo78/huntix-poi/main/italia/toscana/sconosciuta/pages/big_mamas_caf_42.3233_12.0508.json,custom
43.586035,11.314905,osm_caff__s__anna_43.5860_11.3149,Caffè S. Anna,bar_cafe,bar_cafe,https://raw.githubusercontent.com/pasqualelembo78/huntix-poi/main/italia/toscana/sconosciuta/pages/caff_s_anna_43.5860_11.3149.json,custom
42.103381,12.179725,osm_pura_vida_42.1034_12.1797,Pura Vida,bar_cafe,bar_cafe,https://raw.githubusercontent.com/pasqualelembo78/huntix-poi/main/italia/toscana/sconosciuta/pages/pura_vida_42.1034_12.1797.json,custom
42.697123,11.001786,osm_iceland_42.6971_11.0018,Iceland,bar_cafe,bar_cafe,https://raw.githubusercontent.com/pasqualelembo78/huntix-poi/main/italia/toscana/sconosciuta/pages/iceland_42.6971_11.0018.json,custom
43.852800,10.526930,osm_studio_5_caff__43.8528_10.5269,Studio 5 Caffè,bar_cafe,bar_cafe,https://raw.githubusercontent.com/pasqualelembo78/huntix-poi/main/italia/toscana/sconosciuta/pages/studio_5_caff_43.8528_10.5269.json,custom
43.312138,10.518031,osm_birraria_doppio_malto_43.3121_10.5180,Birraria Doppio Malto,bar_cafe,bar_cafe,https://raw.githubusercontent.com/pasqualelembo78/huntix-poi/main/italia/toscana/sconosciuta/pages/birraria_doppio_malto_43.3121_10.5180.json,custom
42.146619,12.496922,osm_bar_sam_42.1466_12.4969,Bar Sam,bar_cafe,bar_cafe,https://raw.githubusercontent.com/pasqualelembo78/huntix-poi/main/italia/toscana/sconosciuta/pages/bar_sam_42.1466_12.4969.json,custom
43.293899,10.727155,osm_circolo_anspi_43.2939_10.7272,Circolo ANSPI,bar_cafe,bar_cafe,https://raw.githubusercontent.com/pasqualelembo78/huntix-poi/main/italia/toscana/sconosciuta/pages/circolo_anspi_43.2939_10.7272.json,custom
43.185663,10.803050,osm_acli_lustignano_43.1857_10.8031,Acli Lustignano,bar_cafe,bar_cafe,https://raw.githubusercontent.com/pasqualelembo78/huntix-poi/main/italia/toscana/sconosciuta/pages/acli_lustignano_43.1857_10.8031.json,custom
42.720183,12.118035,osm_il_forno_del_2000_42.7202_12.1180,il forno del 2000,bar_cafe,bar_cafe,https://raw.githubusercontent.com/pasqualelembo78/huntix-poi/main/italia/toscana/sconosciuta/pages/il_forno_del_2000_42.7202_12.1180.json,custom
43.032300,12.442020,osm_bar_dello_sport_43.0323_12.4420,Bar dello Sport,bar_cafe,bar_cafe,https://raw.githubusercontent.com/pasqualelembo78/huntix-poi/main/italia/toscana/sconosciuta/pages/bar_dello_sport_43.0323_12.4420.json,custom
43.721687,10.411850,osm_la_sfera_43.7217_10.4119,La Sfera,bar_cafe,bar_cafe,https://raw.githubusercontent.com/pasqualelembo78/huntix-poi/main/italia/toscana/sconosciuta/pages/la_sfera_43.7217_10.4119.json,custom
43.420876,11.114379,osm_mario_barone_43.4209_11.1144,Mario Barone,bar_cafe,bar_cafe,https://raw.githubusercontent.com/pasqualelembo78/huntix-poi/main/italia/toscana/sconosciuta/pages/mario_barone_43.4209_11.1144.json,custom
43.297415,10.493847,osm_onda_blu_43.2974_10.4938,Onda Blu,bar_cafe,bar_cafe,https://raw.githubusercontent.com/pasqualelembo78/huntix-poi/main/italia/toscana/sconosciuta/pages/onda_blu_43.2974_10.4938.json,custom
43.599676,10.294668,osm_piccolo_birrificio_clandestino_on_the_be_43.5997_10.2947,Piccolo birrificio clandestino on the beach,bar_cafe,bar_cafe,https://raw.githubusercontent.com/pasqualelembo78/huntix-poi/main/italia/toscana/sconosciuta/pages/piccolo_birrificio_clandestino_on_the_be_43.5997_10.2947.json,custom
43.550993,10.309578,osm_bar_sole_43.5510_10.3096,Bar Sole,bar_cafe,bar_cafe,https://raw.githubusercontent.com/pasqualelembo78/huntix-poi/main/italia/toscana/sconosciuta/pages/bar_sole_43.5510_10.3096.json,custom
43.252560,11.817845,osm_bar_dei_filarmonici_43.2526_11.8178,Bar dei filarmonici,bar_cafe,bar_cafe,https://raw.githubusercontent.com/pasqualelembo78/huntix-poi/main/italia/toscana/sconosciuta/pages/bar_dei_filarmonici_43.2526_11.8178.json,custom
43.706575,10.408235,osm_lando_43.7066_10.4082,Lando,bar_cafe,bar_cafe,https://raw.githubusercontent.com/pasqualelembo78/huntix-poi/main/italia/toscana/sconosciuta/pages/lando_43.7066_10.4082.json,custom
43.983485,11.216578,osm_lindt_43.9835_11.2166,Lindt,bar_cafe,bar_cafe,https://raw.githubusercontent.com/pasqualelembo78/huntix-poi/main/italia/toscana/sconosciuta/pages/lindt_43.9835_11.2166.json,custom
43.983692,11.218057,osm_lemonbar_43.9837_11.2181,Lemonbar,bar_cafe,bar_cafe,https://raw.githubusercontent.com/pasqualelembo78/huntix-poi/main/italia/toscana/sconosciuta/pages/lemonbar_43.9837_11.2181.json,custom
42.905173,10.993310,osm_caff__e_drogheria_42.9052_10.9933,Caffè e Drogheria,bar_cafe,bar_cafe,https://raw.githubusercontent.com/pasqualelembo78/huntix-poi/main/italia/toscana/sconosciuta/pages/caff_e_drogheria_42.9052_10.9933.json,custom
42.905118,10.991544,osm_circolo_arci_42.9051_10.9915,Circolo ARCI,bar_cafe,bar_cafe,https://raw.githubusercontent.com/pasqualelembo78/huntix-poi/main/italia/toscana/sconosciuta/pages/circolo_arci_42.9051_10.9915.json,custom
42.279365,12.228142,osm_festival_bar_42.2794_12.2281,Festival Bar,bar_cafe,bar_cafe,https://raw.githubusercontent.com/pasqualelembo78/huntix-poi/main/italia/toscana/sconosciuta/pages/festival_bar_42.2794_12.2281.json,custom
42.288667,12.214078,osm_espressamente_saso_42.2887_12.2141,Espressamente Saso,bar_cafe,bar_cafe,https://raw.githubusercontent.com/pasqualelembo78/huntix-poi/main/italia/toscana/sconosciuta/pages/espressamente_saso_42.2887_12.2141.json,custom
42.290344,12.217109,osm_american_bar_42.2903_12.2171,American Bar,bar_cafe,bar_cafe,https://raw.githubusercontent.com/pasqualelembo78/huntix-poi/main/italia/toscana/sconosciuta/pages/american_bar_42.2903_12.2171.json,custom
43.551386,10.331682,osm_caff__risorgimento_43.5514_10.3317,Caffè Risorgimento,bar_cafe,bar_cafe,https://raw.githubusercontent.com/pasqualelembo78/huntix-poi/main/italia/toscana/sconosciuta/pages/caff_risorgimento_43.5514_10.3317.json,custom
43.800105,11.707093,osm_ospitale_dei_brilli_43.8001_11.7071,Ospitale dei Brilli,bar_cafe,bar_cafe,https://raw.githubusercontent.com/pasqualelembo78/huntix-poi/main/italia/toscana/sconosciuta/pages/ospitale_dei_brilli_43.8001_11.7071.json,custom
43.798569,11.709054,osm_bar_roma_43.7986_11.7091,Bar Roma,bar_cafe,bar_cafe,https://raw.githubusercontent.com/pasqualelembo78/huntix-poi/main/italia/toscana/sconosciuta/pages/bar_roma_43.7986_11.7091.json,custom
43.801030,11.706660,osm_bar_il_ciclone_43.8010_11.7067,Bar Il Ciclone,bar_cafe,bar_cafe,https://raw.githubusercontent.com/pasqualelembo78/huntix-poi/main/italia/toscana/sconosciuta/pages/bar_il_ciclone_43.8010_11.7067.json,custom
42.327082,12.238855,osm_bar_fida_42.3271_12.2389,Bar Fida,bar_cafe,bar_cafe,https://raw.githubusercontent.com/pasqualelembo78/huntix-poi/main/italia/toscana/sconosciuta/pages/bar_fida_42.3271_12.2389.json,custom
42.323810,12.243086,osm_bar_san_marco_42.3238_12.2431,Bar San Marco,bar_cafe,bar_cafe,https://raw.githubusercontent.com/pasqualelembo78/huntix-poi/main/italia/toscana/sconosciuta/pages/bar_san_marco_42.3238_12.2431.json,custom
42.321539,12.233334,osm_dolcilandia_42.3215_12.2333,Dolcilandia,bar_cafe,bar_cafe,https://raw.githubusercontent.com/pasqualelembo78/huntix-poi/main/italia/toscana/sconosciuta/pages/dolcilandia_42.3215_12.2333.json,custom
43.467772,11.851311,osm_alo__caff__43.4678_11.8513,Alo' Caffé,bar_cafe,bar_cafe,https://raw.githubusercontent.com/pasqualelembo78/huntix-poi/main/italia/toscana/sconosciuta/pages/alo_caff_43.4678_11.8513.json,custom
42.895318,10.927407,osm_barraccio_42.8953_10.9274,Barraccio,bar_cafe,bar_cafe,https://raw.githubusercontent.com/pasqualelembo78/huntix-poi/main/italia/toscana/sconosciuta/pages/barraccio_42.8953_10.9274.json,custom
43.543920,10.526764,osm_bar_miami_43.5439_10.5268,Bar Miami,bar_cafe,bar_cafe,https://raw.githubusercontent.com/pasqualelembo78/huntix-poi/main/italia/toscana/sconosciuta/pages/bar_miami_43.5439_10.5268.json,custom
43.536702,10.534123,osm_circolo_arci_lorenzana_43.5367_10.5341,circolo ARCI Lorenzana,bar_cafe,bar_cafe,https://raw.githubusercontent.com/pasqualelembo78/huntix-poi/main/italia/toscana/sconosciuta/pages/circolo_arci_lorenzana_43.5367_10.5341.json,custom
43.471742,12.227903,osm_foxx_bar___menchetti_43.4717_12.2279,Foxx bar - Menchetti,bar_cafe,bar_cafe,https://raw.githubusercontent.com/pasqualelembo78/huntix-poi/main/italia/toscana/sconosciuta/pages/foxx_bar_-_menchetti_43.4717_12.2279.json,custom
42.448843,11.250125,osm_il_binarietto_42.4488_11.2501,il Binarietto,bar_cafe,bar_cafe,https://raw.githubusercontent.com/pasqualelembo78/huntix-poi/main/italia/toscana/sconosciuta/pages/il_binarietto_42.4488_11.2501.json,custom
42.770246,10.841395,osm_cafe_beach_camping_maremma_sanssouci_42.7702_10.8414,Cafe Beach Camping Maremma Sanssouci,bar_cafe,bar_cafe,https://raw.githubusercontent.com/pasqualelembo78/huntix-poi/main/italia/toscana/sconosciuta/pages/cafe_beach_camping_maremma_sanssouci_42.7702_10.8414.json,custom
42.368414,12.126864,osm_sunday_bar_42.3684_12.1269,Sunday Bar,bar_cafe,bar_cafe,https://raw.githubusercontent.com/pasqualelembo78/huntix-poi/main/italia/toscana/sconosciuta/pages/sunday_bar_42.3684_12.1269.json,custom
42.438768,12.408495,osm_co_ba_r_42.4388_12.4085,co.ba.r,bar_cafe,bar_cafe,https://raw.githubusercontent.com/pasqualelembo78/huntix-poi/main/italia/toscana/sconosciuta/pages/cobar_42.4388_12.4085.json,custom
43.109806,12.389397,osm_il_parterre_43.1098_12.3894,il Parterre,bar_cafe,bar_cafe,https://raw.githubusercontent.com/pasqualelembo78/huntix-poi/main/italia/toscana/sconosciuta/pages/il_parterre_43.1098_12.3894.json,custom
43.443090,10.449426,osm_circolo_arci_castelnuovo_della_misericor_43.4431_10.4494,Circolo ARCI Castelnuovo della Misericordia,bar_cafe,bar_cafe,https://raw.githubusercontent.com/pasqualelembo78/huntix-poi/main/italia/toscana/sconosciuta/pages/circolo_arci_castelnuovo_della_misericor_43.4431_10.4494.json,custom
43.438430,11.893710,osm_la_commendina_43.4384_11.8937,La Commendina,bar_cafe,bar_cafe,https://raw.githubusercontent.com/pasqualelembo78/huntix-poi/main/italia/toscana/sconosciuta/pages/la_commendina_43.4384_11.8937.json,custom
43.305320,12.332581,osm_il_locale_43.3053_12.3326,Il Locale,bar_cafe,bar_cafe,https://raw.githubusercontent.com/pasqualelembo78/huntix-poi/main/italia/toscana/sconosciuta/pages/il_locale_43.3053_12.3326.json,custom
43.674588,10.876321,osm_bar___alimentari___paninoteca_giannoni_43.6746_10.8763,Bar - Alimentari - Paninoteca Giannoni,bar_cafe,bar_cafe,https://raw.githubusercontent.com/pasqualelembo78/huntix-poi/main/italia/toscana/sconosciuta/pages/bar_-_alimentari_-_paninoteca_giannoni_43.6746_10.8763.json,custom
43.814742,10.675489,osm_bar_spaghetteria_la_loggia_43.8147_10.6755,Bar Spaghetteria La Loggia,bar_cafe,bar_cafe,https://raw.githubusercontent.com/pasqualelembo78/huntix-poi/main/italia/toscana/sconosciuta/pages/bar_spaghetteria_la_loggia_43.8147_10.6755.json,custom
43.459007,12.235630,osm_sushi_bar_43.4590_12.2356,Sushi Bar,bar_cafe,bar_cafe,https://raw.githubusercontent.com/pasqualelembo78/huntix-poi/main/italia/toscana/sconosciuta/pages/sushi_bar_43.4590_12.2356.json,custom
43.702605,10.397788,osm_circolo_arci_alberone_43.7026_10.3978,Circolo Arci Alberone,bar_cafe,bar_cafe,https://raw.githubusercontent.com/pasqualelembo78/huntix-poi/main/italia/toscana/sconosciuta/pages/circolo_arci_alberone_43.7026_10.3978.json,custom
43.551662,10.504618,osm_bar_sport_43.5517_10.5046,Bar Sport,bar_cafe,bar_cafe,https://raw.githubusercontent.com/pasqualelembo78/huntix-poi/main/italia/toscana/sconosciuta/pages/bar_sport_43.5517_10.5046.json,custom
43.544694,10.499243,osm_circolo_acli_luciana_43.5447_10.4992,Circolo ACLI Luciana,bar_cafe,bar_cafe,https://raw.githubusercontent.com/pasqualelembo78/huntix-poi/main/italia/toscana/sconosciuta/pages/circolo_acli_luciana_43.5447_10.4992.json,custom
42.103823,12.177165,osm_bar_del_castello_42.1038_12.1772,Bar Del Castello,bar_cafe,bar_cafe,https://raw.githubusercontent.com/pasqualelembo78/huntix-poi/main/italia/toscana/sconosciuta/pages/bar_del_castello_42.1038_12.1772.json,custom
42.103747,12.175808,osm_bar_trattoria_paninoteca___modi_42.1037_12.1758,Bar Trattoria Paninoteca - Modi,bar_cafe,bar_cafe,https://raw.githubusercontent.com/pasqualelembo78/huntix-poi/main/italia/toscana/sconosciuta/pages/bar_trattoria_paninoteca_-_modi_42.1037_12.1758.json,custom
43.471999,11.857753,osm_gio_di_bar_43.4720_11.8578,Gio.Di Bar,bar_cafe,bar_cafe,https://raw.githubusercontent.com/pasqualelembo78/huntix-poi/main/italia/toscana/sconosciuta/pages/giodi_bar_43.4720_11.8578.json,custom
42.998274,10.516572,osm_al_polpo_marino_42.9983_10.5166,Al Polpo Marino,bar_cafe,bar_cafe,https://raw.githubusercontent.com/pasqualelembo78/huntix-poi/main/italia/toscana/sconosciuta/pages/al_polpo_marino_42.9983_10.5166.json,custom
42.715471,11.300287,osm_la_piazza_42.7155_11.3003,La Piazza,bar_cafe,bar_cafe,https://raw.githubusercontent.com/pasqualelembo78/huntix-poi/main/italia/toscana/sconosciuta/pages/la_piazza_42.7155_11.3003.json,custom
42.790892,11.363337,osm_merenderia_barcinello_42.7909_11.3633,Merenderia Barcinello,bar_cafe,bar_cafe,https://raw.githubusercontent.com/pasqualelembo78/huntix-poi/main/italia/toscana/sconosciuta/pages/merenderia_barcinello_42.7909_11.3633.json,custom
43.700732,11.309603,osm_tommasina_43.7007_11.3096,Tommasina,bar_cafe,bar_cafe,https://raw.githubusercontent.com/pasqualelembo78/huntix-poi/main/italia/toscana/sconosciuta/pages/tommasina_43.7007_11.3096.json,custom
43.515759,12.355949,osm_bar_della_cima_43.5158_12.3559,Bar della Cima,bar_cafe,bar_cafe,https://raw.githubusercontent.com/pasqualelembo78/huntix-poi/main/italia/toscana/sconosciuta/pages/bar_della_cima_43.5158_12.3559.json,custom
43.777164,11.251934,osm_livio_43.7772_11.2519,Livio,bar_cafe,bar_cafe,https://raw.githubusercontent.com/pasqualelembo78/huntix-poi/main/italia/toscana/sconosciuta/pages/livio_43.7772_11.2519.json,custom
43.771190,11.247394,osm_antica_osteria_1_rosso_43.7712_11.2474,Antica Osteria 1 Rosso,bar_cafe,bar_cafe,https://raw.githubusercontent.com/pasqualelembo78/huntix-poi/main/italia/toscana/sconosciuta/pages/antica_osteria_1_rosso_43.7712_11.2474.json,custom
43.255411,12.141057,osm_i_giardini_43.2554_12.1411,I Giardini,bar_cafe,bar_cafe,https://raw.githubusercontent.com/pasqualelembo78/huntix-poi/main/italia/toscana/sconosciuta/pages/i_giardini_43.2554_12.1411.json,custom
42.461540,11.637117,osm_terme_di_vulci_42.4615_11.6371,Terme di Vulci,bar_cafe,bar_cafe,https://raw.githubusercontent.com/pasqualelembo78/huntix-poi/main/italia/toscana/sconosciuta/pages/terme_di_vulci_42.4615_11.6371.json,custom
43.572018,12.127868,osm_moove_43.5720_12.1279,Moove,bar_cafe,bar_cafe,https://raw.githubusercontent.com/pasqualelembo78/huntix-poi/main/italia/toscana/sconosciuta/pages/moove_43.5720_12.1279.json,custom
43.575936,12.131413,osm_biancolatte_43.5759_12.1314,Biancolatte,bar_cafe,bar_cafe,https://raw.githubusercontent.com/pasqualelembo78/huntix-poi/main/italia/toscana/sconosciuta/pages/biancolatte_43.5759_12.1314.json,custom
43.810013,10.984982,osm_bar_lenzi_valerio_43.8100_10.9850,Bar Lenzi Valerio,bar_cafe,bar_cafe,https://raw.githubusercontent.com/pasqualelembo78/huntix-poi/main/italia/toscana/sconosciuta/pages/bar_lenzi_valerio_43.8100_10.9850.json,custom
43.774900,11.242911,osm_dome_43.7749_11.2429,Dome,bar_cafe,bar_cafe,https://raw.githubusercontent.com/pasqualelembo78/huntix-poi/main/italia/toscana/sconosciuta/pages/dome_43.7749_11.2429.json,custom
43.772274,11.252145,osm_uncle_jimmy_s_43.7723_11.2521,Uncle Jimmy's,bar_cafe,bar_cafe,https://raw.githubusercontent.com/pasqualelembo78/huntix-poi/main/italia/toscana/sconosciuta/pages/uncle_jimmys_43.7723_11.2521.json,custom
43.399065,11.306620,osm_bar_la_capannina_43.3991_11.3066,Bar La Capannina,bar_cafe,bar_cafe,https://raw.githubusercontent.com/pasqualelembo78/huntix-poi/main/italia/toscana/sconosciuta/pages/bar_la_capannina_43.3991_11.3066.json,custom
43.154164,11.086876,osm_bar_trattoria_pizzeria_bellavista_43.1542_11.0869,Bar Trattoria Pizzeria Bellavista,bar_cafe,bar_cafe,https://raw.githubusercontent.com/pasqualelembo78/huntix-poi/main/italia/toscana/sconosciuta/pages/bar_trattoria_pizzeria_bellavista_43.1542_11.0869.json,custom
43.287565,11.602858,osm_pub_ristorante_sapori_in_torre_43.2876_11.6029,Pub-Ristorante Sapori in Torre,bar_cafe,bar_cafe,https://raw.githubusercontent.com/pasqualelembo78/huntix-poi/main/italia/toscana/sconosciuta/pages/pub-ristorante_sapori_in_torre_43.2876_11.6029.json,custom
43.771961,11.246474,osm_sei_divino_enoteca__43.7720_11.2465,Sei Divino Enoteca!,bar_cafe,bar_cafe,https://raw.githubusercontent.com/pasqualelembo78/huntix-poi/main/italia/toscana/sconosciuta/pages/sei_divino_enoteca_43.7720_11.2465.json,custom
43.771712,11.253484,osm_bialetti_43.7717_11.2535,Bialetti,bar_cafe,bar_cafe,https://raw.githubusercontent.com/pasqualelembo78/huntix-poi/main/italia/toscana/sconosciuta/pages/bialetti_43.7717_11.2535.json,custom
42.021254,12.375022,osm_il_cappellaio_matto_42.0213_12.3750,Il Cappellaio Matto,bar_cafe,bar_cafe,https://raw.githubusercontent.com/pasqualelembo78/huntix-poi/main/italia/toscana/sconosciuta/pages/il_cappellaio_matto_42.0213_12.3750.json,custom
43.211754,11.785526,osm_bar_la_fenice_43.2118_11.7855,Bar La fenice,bar_cafe,bar_cafe,https://raw.githubusercontent.com/pasqualelembo78/huntix-poi/main/italia/toscana/sconosciuta/pages/bar_la_fenice_43.2118_11.7855.json,custom
43.212348,11.781740,osm_circolo_arci_43.2123_11.7817,circolo arci,bar_cafe,bar_cafe,https://raw.githubusercontent.com/pasqualelembo78/huntix-poi/main/italia/toscana/sconosciuta/pages/circolo_arci_43.2123_11.7817.json,custom
43.717765,10.397521,osm_spread_43.7178_10.3975,Spread,bar_cafe,bar_cafe,https://raw.githubusercontent.com/pasqualelembo78/huntix-poi/main/italia/toscana/sconosciuta/pages/spread_43.7178_10.3975.json,custom
42.099559,12.176732,osm_caff__incontri_42.0996_12.1767,Caffè Incontri,bar_cafe,bar_cafe,https://raw.githubusercontent.com/pasqualelembo78/huntix-poi/main/italia/toscana/sconosciuta/pages/caff_incontri_42.0996_12.1767.json,custom
42.097650,12.178678,osm_la_fiorita_42.0976_12.1787,La Fiorita,bar_cafe,bar_cafe,https://raw.githubusercontent.com/pasqualelembo78/huntix-poi/main/italia/toscana/sconosciuta/pages/la_fiorita_42.0976_12.1787.json,custom
43.878377,10.730880,osm_la_mescita_43.8784_10.7309,La Mescita,bar_cafe,bar_cafe,https://raw.githubusercontent.com/pasqualelembo78/huntix-poi/main/italia/toscana/sconosciuta/pages/la_mescita_43.8784_10.7309.json,custom
43.644560,10.613644,osm_circolo_arci_santa_lucia_43.6446_10.6136,Circolo Arci Santa Lucia,bar_cafe,bar_cafe,https://raw.githubusercontent.com/pasqualelembo78/huntix-poi/main/italia/toscana/sconosciuta/pages/circolo_arci_santa_lucia_43.6446_10.6136.json,custom
42.076440,12.210871,osm_bar_da_gianni_42.0764_12.2109,Bar da Gianni,bar_cafe,bar_cafe,https://raw.githubusercontent.com/pasqualelembo78/huntix-poi/main/italia/toscana/sconosciuta/pages/bar_da_gianni_42.0764_12.2109.json,custom
43.472653,10.332797,osm_precisamente_a_calafuria_43.4727_10.3328,Precisamente a Calafuria,bar_cafe,bar_cafe,https://raw.githubusercontent.com/pasqualelembo78/huntix-poi/main/italia/toscana/sconosciuta/pages/precisamente_a_calafuria_43.4727_10.3328.json,custom
43.676674,10.547443,osm_bar_la_grotta_43.6767_10.5474,Bar La Grotta,bar_cafe,bar_cafe,https://raw.githubusercontent.com/pasqualelembo78/huntix-poi/main/italia/toscana/sconosciuta/pages/bar_la_grotta_43.6767_10.5474.json,custom
43.675467,10.546534,osm_blue_diamond_43.6755_10.5465,Blue Diamond,bar_cafe,bar_cafe,https://raw.githubusercontent.com/pasqualelembo78/huntix-poi/main/italia/toscana/sconosciuta/pages/blue_diamond_43.6755_10.5465.json,custom
42.223233,12.178523,osm_rosa_di_rosa_42.2232_12.1785,Rosa Di Rosa,bar_cafe,bar_cafe,https://raw.githubusercontent.com/pasqualelembo78/huntix-poi/main/italia/toscana/sconosciuta/pages/rosa_di_rosa_42.2232_12.1785.json,custom
43.667260,10.572582,osm_bar_il_laghetto_43.6673_10.5726,Bar il Laghetto,bar_cafe,bar_cafe,https://raw.githubusercontent.com/pasqualelembo78/huntix-poi/main/italia/toscana/sconosciuta/pages/bar_il_laghetto_43.6673_10.5726.json,custom
43.548354,12.177506,osm_caff__municipio_43.5484_12.1775,Caffé Municipio,bar_cafe,bar_cafe,https://raw.githubusercontent.com/pasqualelembo78/huntix-poi/main/italia/toscana/sconosciuta/pages/caff_municipio_43.5484_12.1775.json,custom
42.222377,12.189891,osm_blob_caf__42.2224_12.1899,Blob Café,bar_cafe,bar_cafe,https://raw.githubusercontent.com/pasqualelembo78/huntix-poi/main/italia/toscana/sconosciuta/pages/blob_caf_42.2224_12.1899.json,custom
43.878955,10.258552,osm_bar_sabrina_43.8790_10.2586,Bar Sabrina,bar_cafe,bar_cafe,https://raw.githubusercontent.com/pasqualelembo78/huntix-poi/main/italia/toscana/sconosciuta/pages/bar_sabrina_43.8790_10.2586.json,custom
43.112913,12.380505,osm_bar_kappa_43.1129_12.3805,Bar Kappa,bar_cafe,bar_cafe,https://raw.githubusercontent.com/pasqualelembo78/huntix-poi/main/italia/toscana/sconosciuta/pages/bar_kappa_43.1129_12.3805.json,custom
42.239472,12.334948,osm_black_magic_caf__42.2395_12.3349,Black Magic Café,bar_cafe,bar_cafe,https://raw.githubusercontent.com/pasqualelembo78/huntix-poi/main/italia/toscana/sconosciuta/pages/black_magic_caf_42.2395_12.3349.json,custom
42.243414,12.343867,osm_big_jack_42.2434_12.3439,Big Jack,bar_cafe,bar_cafe,https://raw.githubusercontent.com/pasqualelembo78/huntix-poi/main/italia/toscana/sconosciuta/pages/big_jack_42.2434_12.3439.json,custom
43.820667,11.197289,osm_i_cussino_43.8207_11.1973,I'Cussino,bar_cafe,bar_cafe,https://raw.githubusercontent.com/pasqualelembo78/huntix-poi/main/italia/toscana/sconosciuta/pages/icussino_43.8207_11.1973.json,custom
42.242442,12.346500,osm_le_streghe_42.2424_12.3465,Le Streghe,bar_cafe,bar_cafe,https://raw.githubusercontent.com/pasqualelembo78/huntix-poi/main/italia/toscana/sconosciuta/pages/le_streghe_42.2424_12.3465.json,custom
43.716763,10.950091,osm_station_pub_43.7168_10.9501,Station Pub,bar_cafe,bar_cafe,https://raw.githubusercontent.com/pasqualelembo78/huntix-poi/main/italia/toscana/sconosciuta/pages/station_pub_43.7168_10.9501.json,custom
43.875871,10.255375,osm_piccola_galleria_39_43.8759_10.2554,Piccola Galleria 39,bar_cafe,bar_cafe,https://raw.githubusercontent.com/pasqualelembo78/huntix-poi/main/italia/toscana/sconosciuta/pages/piccola_galleria_39_43.8759_10.2554.json,custom
43.114102,12.400884,osm_caffettino_43.1141_12.4009,Caffettino,bar_cafe,bar_cafe,https://raw.githubusercontent.com/pasqualelembo78/huntix-poi/main/italia/toscana/sconosciuta/pages/caffettino_43.1141_12.4009.json,custom
42.534819,11.336389,osm_bar_tamoil_42.5348_11.3364,Bar Tamoil,bar_cafe,bar_cafe,https://raw.githubusercontent.com/pasqualelembo78/huntix-poi/main/italia/toscana/sconosciuta/pages/bar_tamoil_42.5348_11.3364.json,custom
43.858980,11.175421,osm_bar_la_siesta_43.8590_11.1754,Bar la siesta,bar_cafe,bar_cafe,https://raw.githubusercontent.com/pasqualelembo78/huntix-poi/main/italia/toscana/sconosciuta/pages/bar_la_siesta_43.8590_11.1754.json,custom
43.774877,11.253142,osm_nobile_bistr__43.7749_11.2531,Nobile Bistrò,bar_cafe,bar_cafe,https://raw.githubusercontent.com/pasqualelembo78/huntix-poi/main/italia/toscana/sconosciuta/pages/nobile_bistr_43.7749_11.2531.json,custom
43.806888,11.296240,osm_bar_citta__di_fiesole_43.8069_11.2962,Bar Citta’ di Fiesole,bar_cafe,bar_cafe,https://raw.githubusercontent.com/pasqualelembo78/huntix-poi/main/italia/toscana/sconosciuta/pages/bar_citta_di_fiesole_43.8069_11.2962.json,custom
43.865322,10.245236,osm_bar_lungocanale_43.8653_10.2452,Bar Lungocanale,bar_cafe,bar_cafe,https://raw.githubusercontent.com/pasqualelembo78/huntix-poi/main/italia/toscana/sconosciuta/pages/bar_lungocanale_43.8653_10.2452.json,custom
43.870962,10.240792,osm_cafe_fappani_43.8710_10.2408,Cafe Fappani,bar_cafe,bar_cafe,https://raw.githubusercontent.com/pasqualelembo78/huntix-poi/main/italia/toscana/sconosciuta/pages/cafe_fappani_43.8710_10.2408.json,custom
43.873170,10.239533,osm_bar_viel_43.8732_10.2395,Bar Viel,bar_cafe,bar_cafe,https://raw.githubusercontent.com/pasqualelembo78/huntix-poi/main/italia/toscana/sconosciuta/pages/bar_viel_43.8732_10.2395.json,custom
43.879701,10.254489,osm_bar_le_farfalle_43.8797_10.2545,Bar Le Farfalle,bar_cafe,bar_cafe,https://raw.githubusercontent.com/pasqualelembo78/huntix-poi/main/italia/toscana/sconosciuta/pages/bar_le_farfalle_43.8797_10.2545.json,custom
43.879954,10.252738,osm_bar_la_rosa_43.8800_10.2527,Bar La Rosa,bar_cafe,bar_cafe,https://raw.githubusercontent.com/pasqualelembo78/huntix-poi/main/italia/toscana/sconosciuta/pages/bar_la_rosa_43.8800_10.2527.json,custom
43.869099,10.241960,osm_birreria_lungomare_43.8691_10.2420,Birreria Lungomare,bar_cafe,bar_cafe,https://raw.githubusercontent.com/pasqualelembo78/huntix-poi/main/italia/toscana/sconosciuta/pages/birreria_lungomare_43.8691_10.2420.json,custom
43.872875,10.239697,osm_bar_la_fiorentina_43.8729_10.2397,Bar La Fiorentina,bar_cafe,bar_cafe,https://raw.githubusercontent.com/pasqualelembo78/huntix-poi/main/italia/toscana/sconosciuta/pages/bar_la_fiorentina_43.8729_10.2397.json,custom
43.867982,10.272292,osm_bar_gulliver_43.8680_10.2723,Bar gulliver,bar_cafe,bar_cafe,https://raw.githubusercontent.com/pasqualelembo78/huntix-poi/main/italia/toscana/sconosciuta/pages/bar_gulliver_43.8680_10.2723.json,custom
43.109926,12.388411,osm_rataplan_43.1099_12.3884,Rataplan,bar_cafe,bar_cafe,https://raw.githubusercontent.com/pasqualelembo78/huntix-poi/main/italia/toscana/sconosciuta/pages/rataplan_43.1099_12.3884.json,custom
42.634735,11.671879,osm_sicche_enoteca_42.6347_11.6719,Sicche Enoteca,bar_cafe,bar_cafe,https://raw.githubusercontent.com/pasqualelembo78/huntix-poi/main/italia/toscana/sconosciuta/pages/sicche_enoteca_42.6347_11.6719.json,custom
43.619050,11.471693,osm_covo_de_ricci_43.6191_11.4717,Covo de'Ricci,bar_cafe,bar_cafe,https://raw.githubusercontent.com/pasqualelembo78/huntix-poi/main/italia/toscana/sconosciuta/pages/covo_dericci_43.6191_11.4717.json,custom
42.411853,12.110210,osm_bar_della_stazione_42.4119_12.1102,Bar della Stazione,bar_cafe,bar_cafe,https://raw.githubusercontent.com/pasqualelembo78/huntix-poi/main/italia/toscana/sconosciuta/pages/bar_della_stazione_42.4119_12.1102.json,custom
42.411220,12.109697,osm_glitter_cafe_42.4112_12.1097,Glitter Cafe,bar_cafe,bar_cafe,https://raw.githubusercontent.com/pasqualelembo78/huntix-poi/main/italia/toscana/sconosciuta/pages/glitter_cafe_42.4112_12.1097.json,custom
42.409862,12.109032,osm_coffee_break_bar_42.4099_12.1090,Coffee Break Bar,bar_cafe,bar_cafe,https://raw.githubusercontent.com/pasqualelembo78/huntix-poi/main/italia/toscana/sconosciuta/pages/coffee_break_bar_42.4099_12.1090.json,custom
42.410070,12.109796,osm_nath_caff__42.4101_12.1098,Nath Caffè,bar_cafe,bar_cafe,https://raw.githubusercontent.com/pasqualelembo78/huntix-poi/main/italia/toscana/sconosciuta/pages/nath_caff_42.4101_12.1098.json,custom
42.412411,12.109957,osm_grandori_porta_romana_42.4124_12.1100,Grandori Porta Romana,bar_cafe,bar_cafe,https://raw.githubusercontent.com/pasqualelembo78/huntix-poi/main/italia/toscana/sconosciuta/pages/grandori_porta_romana_42.4124_12.1100.json,custom
42.414427,12.109678,osm_red_rose_lounge_bar_42.4144_12.1097,Red Rose Lounge Bar,bar_cafe,bar_cafe,https://raw.githubusercontent.com/pasqualelembo78/huntix-poi/main/italia/toscana/sconosciuta/pages/red_rose_lounge_bar_42.4144_12.1097.json,custom
42.414598,12.109348,osm_bar_san_sisto_42.4146_12.1093,Bar San Sisto,bar_cafe,bar_cafe,https://raw.githubusercontent.com/pasqualelembo78/huntix-poi/main/italia/toscana/sconosciuta/pages/bar_san_sisto_42.4146_12.1093.json,custom
42.414972,12.113390,osm_bar_oslavia_42.4150_12.1134,Bar Oslavia,bar_cafe,bar_cafe,https://raw.githubusercontent.com/pasqualelembo78/huntix-poi/main/italia/toscana/sconosciuta/pages/bar_oslavia_42.4150_12.1134.json,custom
42.412109,12.113558,osm_caffetteria_tentazioni_42.4121_12.1136,Caffetteria Tentazioni,bar_cafe,bar_cafe,https://raw.githubusercontent.com/pasqualelembo78/huntix-poi/main/italia/toscana/sconosciuta/pages/caffetteria_tentazioni_42.4121_12.1136.json,custom
42.427859,12.098482,osm_bar_colorado_42.4279_12.0985,Bar Colorado,bar_cafe,bar_cafe,https://raw.githubusercontent.com/pasqualelembo78/huntix-poi/main/italia/toscana/sconosciuta/pages/bar_colorado_42.4279_12.0985.json,custom
42.426834,12.102242,osm_orange_caff__42.4268_12.1022,Orange Caffé,bar_cafe,bar_cafe,https://raw.githubusercontent.com/pasqualelembo78/huntix-poi/main/italia/toscana/sconosciuta/pages/orange_caff_42.4268_12.1022.json,custom
42.424007,12.105149,osm_brown_brown_42.4240_12.1051,Brown&Brown,bar_cafe,bar_cafe,https://raw.githubusercontent.com/pasqualelembo78/huntix-poi/main/italia/toscana/sconosciuta/pages/brownbrown_42.4240_12.1051.json,custom
42.425156,12.104679,osm_gallery_caff__42.4252_12.1047,Gallery Caffé,bar_cafe,bar_cafe,https://raw.githubusercontent.com/pasqualelembo78/huntix-poi/main/italia/toscana/sconosciuta/pages/gallery_caff_42.4252_12.1047.json,custom
43.469664,11.870113,osm_bar_ristorante_memmo_43.4697_11.8701,Bar Ristorante Memmo,bar_cafe,bar_cafe,https://raw.githubusercontent.com/pasqualelembo78/huntix-poi/main/italia/toscana/sconosciuta/pages/bar_ristorante_memmo_43.4697_11.8701.json,custom
42.411210,12.101095,osm_ewacaf__42.4112_12.1011,EwaCafè,bar_cafe,bar_cafe,https://raw.githubusercontent.com/pasqualelembo78/huntix-poi/main/italia/toscana/sconosciuta/pages/ewacaf_42.4112_12.1011.json,custom
42.433496,12.096494,osm_hype_viterbo_42.4335_12.0965,Hype Viterbo,bar_cafe,bar_cafe,https://raw.githubusercontent.com/pasqualelembo78/huntix-poi/main/italia/toscana/sconosciuta/pages/hype_viterbo_42.4335_12.0965.json,custom
43.769108,11.285663,osm_jazz_bistrot_43.7691_11.2857,Jazz Bistrot,bar_cafe,bar_cafe,https://raw.githubusercontent.com/pasqualelembo78/huntix-poi/main/italia/toscana/sconosciuta/pages/jazz_bistrot_43.7691_11.2857.json,custom
42.091097,11.793071,osm_gigi_bar_2_0_42.0911_11.7931,Gigi Bar 2.0,bar_cafe,bar_cafe,https://raw.githubusercontent.com/pasqualelembo78/huntix-poi/main/italia/toscana/sconosciuta/pages/gigi_bar_20_42.0911_11.7931.json,custom
42.091875,11.794695,osm_italia_42.0919_11.7947,Italia,bar_cafe,bar_cafe,https://raw.githubusercontent.com/pasqualelembo78/huntix-poi/main/italia/toscana/sconosciuta/pages/italia_42.0919_11.7947.json,custom
42.092715,11.791559,osm_caff__dei_portici_42.0927_11.7916,Caffé dei Portici,bar_cafe,bar_cafe,https://raw.githubusercontent.com/pasqualelembo78/huntix-poi/main/italia/toscana/sconosciuta/pages/caff_dei_portici_42.0927_11.7916.json,custom
43.096664,12.388895,osm_non_solo_caff__43.0967_12.3889,Non solo caffé,bar_cafe,bar_cafe,https://raw.githubusercontent.com/pasqualelembo78/huntix-poi/main/italia/toscana/sconosciuta/pages/non_solo_caff_43.0967_12.3889.json,custom
43.102060,12.378274,osm_bar_dafne_43.1021_12.3783,Bar Dafne,bar_cafe,bar_cafe,https://raw.githubusercontent.com/pasqualelembo78/huntix-poi/main/italia/toscana/sconosciuta/pages/bar_dafne_43.1021_12.3783.json,custom
42.447564,12.099782,osm_terre_di_faul_42.4476_12.0998,Terre Di Faul,bar_cafe,bar_cafe,https://raw.githubusercontent.com/pasqualelembo78/huntix-poi/main/italia/toscana/sconosciuta/pages/terre_di_faul_42.4476_12.0998.json,custom
42.216770,12.420752,osm_ogni_maledetta_domenica_42.2168_12.4208,Ogni maledetta Domenica,bar_cafe,bar_cafe,https://raw.githubusercontent.com/pasqualelembo78/huntix-poi/main/italia/toscana/sconosciuta/pages/ogni_maledetta_domenica_42.2168_12.4208.json,custom
42.437455,12.109680,osm_fluid_bar_42.4375_12.1097,Fluid Bar,bar_cafe,bar_cafe,https://raw.githubusercontent.com/pasqualelembo78/huntix-poi/main/italia/toscana/sconosciuta/pages/fluid_bar_42.4375_12.1097.json,custom
43.727354,10.397813,osm_crema_e_cioccolato_43.7274_10.3978,Crema e Cioccolato,bar_cafe,bar_cafe,https://raw.githubusercontent.com/pasqualelembo78/huntix-poi/main/italia/toscana/sconosciuta/pages/crema_e_cioccolato_43.7274_10.3978.json,custom
43.421905,11.974852,osm_sara___mary_43.4219_11.9749,Sara & Mary,bar_cafe,bar_cafe,https://raw.githubusercontent.com/pasqualelembo78/huntix-poi/main/italia/toscana/sconosciuta/pages/sara_mary_43.4219_11.9749.json,custom
42.535142,11.340235,osm_bar_la_sosta_42.5351_11.3402,Bar La Sosta,bar_cafe,bar_cafe,https://raw.githubusercontent.com/pasqualelembo78/huntix-poi/main/italia/toscana/sconosciuta/pages/bar_la_sosta_42.5351_11.3402.json,custom
42.428846,12.111684,osm_ellera_caff__42.4288_12.1117,ellera caffè,bar_cafe,bar_cafe,https://raw.githubusercontent.com/pasqualelembo78/huntix-poi/main/italia/toscana/sconosciuta/pages/ellera_caff_42.4288_12.1117.json,custom
43.836357,11.198008,osm_granbar_43.8364_11.1980,Granbar,bar_cafe,bar_cafe,https://raw.githubusercontent.com/pasqualelembo78/huntix-poi/main/italia/toscana/sconosciuta/pages/granbar_43.8364_11.1980.json,custom
43.833532,11.201914,osm_caff__ginori_43.8335_11.2019,Caffè Ginori,bar_cafe,bar_cafe,https://raw.githubusercontent.com/pasqualelembo78/huntix-poi/main/italia/toscana/sconosciuta/pages/caff_ginori_43.8335_11.2019.json,custom
42.425286,12.107372,osm_bar_selvaggini_42.4253_12.1074,Bar Selvaggini,bar_cafe,bar_cafe,https://raw.githubusercontent.com/pasqualelembo78/huntix-poi/main/italia/toscana/sconosciuta/pages/bar_selvaggini_42.4253_12.1074.json,custom
42.417744,12.119310,osm_caff__bagaglino_42.4177_12.1193,Caffè Bagaglino,bar_cafe,bar_cafe,https://raw.githubusercontent.com/pasqualelembo78/huntix-poi/main/italia/toscana/sconosciuta/pages/caff_bagaglino_42.4177_12.1193.json,custom
42.414868,12.121452,osm_napoleon_42.4149_12.1215,Napoleon,bar_cafe,bar_cafe,https://raw.githubusercontent.com/pasqualelembo78/huntix-poi/main/italia/toscana/sconosciuta/pages/napoleon_42.4149_12.1215.json,custom
43.895309,11.321609,osm_fantasilandia_caf__43.8953_11.3216,Fantasilandia cafè,bar_cafe,bar_cafe,https://raw.githubusercontent.com/pasqualelembo78/huntix-poi/main/italia/toscana/sconosciuta/pages/fantasilandia_caf_43.8953_11.3216.json,custom
43.895199,11.322238,osm_circolo_arci_bivigliano_43.8952_11.3222,Circolo ARCI Bivigliano,bar_cafe,bar_cafe,https://raw.githubusercontent.com/pasqualelembo78/huntix-poi/main/italia/toscana/sconosciuta/pages/circolo_arci_bivigliano_43.8952_11.3222.json,custom
43.709563,11.215863,osm_bar_gelateria_le_tavarnuzze_43.7096_11.2159,Bar Gelateria Le Tavarnuzze,bar_cafe,bar_cafe,https://raw.githubusercontent.com/pasqualelembo78/huntix-poi/main/italia/toscana/sconosciuta/pages/bar_gelateria_le_tavarnuzze_43.7096_11.2159.json,custom
43.704482,11.184216,osm_bar_paci_43.7045_11.1842,Bar Paci,bar_cafe,bar_cafe,https://raw.githubusercontent.com/pasqualelembo78/huntix-poi/main/italia/toscana/sconosciuta/pages/bar_paci_43.7045_11.1842.json,custom
42.376359,12.057200,osm_tuscia_terme_42.3764_12.0572,Tuscia Terme,bar_cafe,bar_cafe,https://raw.githubusercontent.com/pasqualelembo78/huntix-poi/main/italia/toscana/sconosciuta/pages/tuscia_terme_42.3764_12.0572.json,custom
42.805128,10.199243,osm_caf__palmo___boccia_42.8051_10.1992,Cafè Palmo & Boccia,bar_cafe,bar_cafe,https://raw.githubusercontent.com/pasqualelembo78/huntix-poi/main/italia/toscana/sconosciuta/pages/caf_palmo_boccia_42.8051_10.1992.json,custom
42.345502,12.357313,osm_biblioteca_comunale_san_valentino_42.3455_12.3573,Biblioteca comunale San Valentino,bar_cafe,bar_cafe,https://raw.githubusercontent.com/pasqualelembo78/huntix-poi/main/italia/toscana/sconosciuta/pages/biblioteca_comunale_san_valentino_42.3455_12.3573.json,custom
43.676230,10.431398,osm_moltobene_43.6762_10.4314,Moltobene,bar_cafe,bar_cafe,https://raw.githubusercontent.com/pasqualelembo78/huntix-poi/main/italia/toscana/sconosciuta/pages/moltobene_43.6762_10.4314.json,custom
43.763868,11.270111,osm_joyce_pub_43.7639_11.2701,Joyce Pub,bar_cafe,bar_cafe,https://raw.githubusercontent.com/pasqualelembo78/huntix-poi/main/italia/toscana/sconosciuta/pages/joyce_pub_43.7639_11.2701.json,custom
43.668752,10.541384,osm_break_bar_43.6688_10.5414,Break Bar,bar_cafe,bar_cafe,https://raw.githubusercontent.com/pasqualelembo78/huntix-poi/main/italia/toscana/sconosciuta/pages/break_bar_43.6688_10.5414.json,custom
42.885239,10.784736,osm_bar_l_imp_sto_42.8852_10.7847,Bar l'impòsto,bar_cafe,bar_cafe,https://raw.githubusercontent.com/pasqualelembo78/huntix-poi/main/italia/toscana/sconosciuta/pages/bar_limpsto_42.8852_10.7847.json,custom
43.160318,10.609430,osm_l_angolo_di_giosu__43.1603_10.6094,L'angolo di Giosuè,bar_cafe,bar_cafe,https://raw.githubusercontent.com/pasqualelembo78/huntix-poi/main/italia/toscana/sconosciuta/pages/langolo_di_giosu_43.1603_10.6094.json,custom
42.418529,12.108220,osm_gran_caff__savi_42.4185_12.1082,Gran Caffè Savi,bar_cafe,bar_cafe,https://raw.githubusercontent.com/pasqualelembo78/huntix-poi/main/italia/toscana/sconosciuta/pages/gran_caff_savi_42.4185_12.1082.json,custom
43.814014,10.503891,osm_pasticceria_bar_sottopoggio_43.8140_10.5039,Pasticceria Bar Sottopoggio,bar_cafe,bar_cafe,https://raw.githubusercontent.com/pasqualelembo78/huntix-poi/main/italia/toscana/sconosciuta/pages/pasticceria_bar_sottopoggio_43.8140_10.5039.json,custom
43.459447,11.835980,osm_caff__river_43.4594_11.8360,Caffè River,bar_cafe,bar_cafe,https://raw.githubusercontent.com/pasqualelembo78/huntix-poi/main/italia/toscana/sconosciuta/pages/caff_river_43.4594_11.8360.json,custom
43.719639,10.403322,osm_katerina_43.7196_10.4033,Katerina,bar_cafe,bar_cafe,https://raw.githubusercontent.com/pasqualelembo78/huntix-poi/main/italia/toscana/sconosciuta/pages/katerina_43.7196_10.4033.json,custom
43.864351,12.208184,osm_gran_bar_43.8644_12.2082,Gran bar,bar_cafe,bar_cafe,https://raw.githubusercontent.com/pasqualelembo78/huntix-poi/main/italia/toscana/sconosciuta/pages/gran_bar_43.8644_12.2082.json,custom
43.863855,12.208569,osm_civico_3__zero_43.8639_12.2086,Civico 3. zero,bar_cafe,bar_cafe,https://raw.githubusercontent.com/pasqualelembo78/huntix-poi/main/italia/toscana/sconosciuta/pages/civico_3_zero_43.8639_12.2086.json,custom
42.538123,12.031187,osm_bar_corso_42.5381_12.0312,Bar Corso,bar_cafe,bar_cafe,https://raw.githubusercontent.com/pasqualelembo78/huntix-poi/main/italia/toscana/sconosciuta/pages/bar_corso_42.5381_12.0312.json,custom
42.141568,12.378715,osm_pane__amore_42.1416_12.3787,Pane, amore,bar_cafe,bar_cafe,https://raw.githubusercontent.com/pasqualelembo78/huntix-poi/main/italia/toscana/sconosciuta/pages/pane_amore_42.1416_12.3787.json,custom
42.141917,12.378551,osm_bar_del_pellgrino_42.1419_12.3786,Bar del pellgrino,bar_cafe,bar_cafe,https://raw.githubusercontent.com/pasqualelembo78/huntix-poi/main/italia/toscana/sconosciuta/pages/bar_del_pellgrino_42.1419_12.3786.json,custom
42.002603,12.382564,osm_bar_e_gelateria_42.0026_12.3826,Bar e gelateria,bar_cafe,bar_cafe,https://raw.githubusercontent.com/pasqualelembo78/huntix-poi/main/italia/toscana/sconosciuta/pages/bar_e_gelateria_42.0026_12.3826.json,custom
42.813454,10.320621,osm_la_bottega_42.8135_10.3206,La Bottega,bar_cafe,bar_cafe,https://raw.githubusercontent.com/pasqualelembo78/huntix-poi/main/italia/toscana/sconosciuta/pages/la_bottega_42.8135_10.3206.json,custom
42.156142,12.244919,osm_il_girasole_42.1561_12.2449,Il Girasole,bar_cafe,bar_cafe,https://raw.githubusercontent.com/pasqualelembo78/huntix-poi/main/italia/toscana/sconosciuta/pages/il_girasole_42.1561_12.2449.json,custom
43.454380,12.244490,osm_le_petit_bistrot_43.4544_12.2445,Le Petit Bistrot,bar_cafe,bar_cafe,https://raw.githubusercontent.com/pasqualelembo78/huntix-poi/main/italia/toscana/sconosciuta/pages/le_petit_bistrot_43.4544_12.2445.json,custom
43.769576,11.055165,osm_cicolo_naldi_43.7696_11.0552,Cicolo Naldi,bar_cafe,bar_cafe,https://raw.githubusercontent.com/pasqualelembo78/huntix-poi/main/italia/toscana/sconosciuta/pages/cicolo_naldi_43.7696_11.0552.json,custom
43.693648,11.809855,osm_bar_gelateria_edi_43.6936_11.8099,Bar Gelateria Edi,bar_cafe,bar_cafe,https://raw.githubusercontent.com/pasqualelembo78/huntix-poi/main/italia/toscana/sconosciuta/pages/bar_gelateria_edi_43.6936_11.8099.json,custom
42.416568,12.107804,osm_love_me_tender_42.4166_12.1078,Love me Tender,bar_cafe,bar_cafe,https://raw.githubusercontent.com/pasqualelembo78/huntix-poi/main/italia/toscana/sconosciuta/pages/love_me_tender_42.4166_12.1078.json,custom
43.933429,10.932534,osm_punto_43.9334_10.9325,Punto,bar_cafe,bar_cafe,https://raw.githubusercontent.com/pasqualelembo78/huntix-poi/main/italia/toscana/sconosciuta/pages/punto_43.9334_10.9325.json,custom
43.954713,10.901597,osm_circolo_ricreativo_arci_puccini_43.9547_10.9016,Circolo Ricreativo Arci Puccini,bar_cafe,bar_cafe,https://raw.githubusercontent.com/pasqualelembo78/huntix-poi/main/italia/toscana/sconosciuta/pages/circolo_ricreativo_arci_puccini_43.9547_10.9016.json,custom
43.976310,10.889120,osm_caff__del_tempo_43.9763_10.8891,Caffè del tempo,bar_cafe,bar_cafe,https://raw.githubusercontent.com/pasqualelembo78/huntix-poi/main/italia/toscana/sconosciuta/pages/caff_del_tempo_43.9763_10.8891.json,custom
43.935221,10.906731,osm_caff__degli_angeli_43.9352_10.9067,Caffè Degli Angeli,bar_cafe,bar_cafe,https://raw.githubusercontent.com/pasqualelembo78/huntix-poi/main/italia/toscana/sconosciuta/pages/caff_degli_angeli_43.9352_10.9067.json,custom
43.770055,11.261271,osm_fuk_cocktail_43.7701_11.2613,Fuk Cocktail,bar_cafe,bar_cafe,https://raw.githubusercontent.com/pasqualelembo78/huntix-poi/main/italia/toscana/sconosciuta/pages/fuk_cocktail_43.7701_11.2613.json,custom
43.770449,11.250776,osm_da_florence_43.7704_11.2508,Da Florence,bar_cafe,bar_cafe,https://raw.githubusercontent.com/pasqualelembo78/huntix-poi/main/italia/toscana/sconosciuta/pages/da_florence_43.7704_11.2508.json,custom
43.750189,11.934626,osm_bar_circolo_della_vallesanta_43.7502_11.9346,Bar circolo della Vallesanta,bar_cafe,bar_cafe,https://raw.githubusercontent.com/pasqualelembo78/huntix-poi/main/italia/toscana/sconosciuta/pages/bar_circolo_della_vallesanta_43.7502_11.9346.json,custom
43.914802,11.004437,osm_la_tana_del_luppolo_43.9148_11.0044,La Tana del Luppolo,bar_cafe,bar_cafe,https://raw.githubusercontent.com/pasqualelembo78/huntix-poi/main/italia/toscana/sconosciuta/pages/la_tana_del_luppolo_43.9148_11.0044.json,custom
43.932905,10.918001,osm_the_dumb_43.9329_10.9180,The dUMb,bar_cafe,bar_cafe,https://raw.githubusercontent.com/pasqualelembo78/huntix-poi/main/italia/toscana/sconosciuta/pages/the_dumb_43.9329_10.9180.json,custom
43.930381,10.908702,osm_barotto_43.9304_10.9087,Barotto,bar_cafe,bar_cafe,https://raw.githubusercontent.com/pasqualelembo78/huntix-poi/main/italia/toscana/sconosciuta/pages/barotto_43.9304_10.9087.json,custom
42.250946,11.758784,osm_crazy_bar_42.2509_11.7588,Crazy Bar,bar_cafe,bar_cafe,https://raw.githubusercontent.com/pasqualelembo78/huntix-poi/main/italia/toscana/sconosciuta/pages/crazy_bar_42.2509_11.7588.json,custom
43.153902,12.342554,osm_family_caf__di_bottini_lucia___c__43.1539_12.3426,Family Cafè Di Bottini Lucia & C.,bar_cafe,bar_cafe,https://raw.githubusercontent.com/pasqualelembo78/huntix-poi/main/italia/toscana/sconosciuta/pages/family_caf_di_bottini_lucia_c_43.1539_12.3426.json,custom
43.770153,11.254469,osm_bar_43.7702_11.2545,Bar,bar_cafe,bar_cafe,https://raw.githubusercontent.com/pasqualelembo78/huntix-poi/main/italia/toscana/sconosciuta/pages/bar_43.7702_11.2545.json,custom
43.435519,11.306477,osm_societ__orchestrale_43.4355_11.3065,Società orchestrale,bar_cafe,bar_cafe,https://raw.githubusercontent.com/pasqualelembo78/huntix-poi/main/italia/toscana/sconosciuta/pages/societ_orchestrale_43.4355_11.3065.json,custom
42.831184,11.586179,osm_club_dell_olmo_42.8312_11.5862,Club dell'Olmo,bar_cafe,bar_cafe,https://raw.githubusercontent.com/pasqualelembo78/huntix-poi/main/italia/toscana/sconosciuta/pages/club_dellolmo_42.8312_11.5862.json,custom
43.975508,10.916742,osm_circolo_arci_43.9755_10.9167,Circolo Arci,bar_cafe,bar_cafe,https://raw.githubusercontent.com/pasqualelembo78/huntix-poi/main/italia/toscana/sconosciuta/pages/circolo_arci_43.9755_10.9167.json,custom
43.980621,10.887374,osm_circolo_arci_san_felice_43.9806_10.8874,Circolo Arci San Felice,bar_cafe,bar_cafe,https://raw.githubusercontent.com/pasqualelembo78/huntix-poi/main/italia/toscana/sconosciuta/pages/circolo_arci_san_felice_43.9806_10.8874.json,custom
43.942871,10.897350,osm_circolo_arci_ponte_alle_tavole_43.9429_10.8973,Circolo Arci Ponte alle Tavole,bar_cafe,bar_cafe,https://raw.githubusercontent.com/pasqualelembo78/huntix-poi/main/italia/toscana/sconosciuta/pages/circolo_arci_ponte_alle_tavole_43.9429_10.8973.json,custom
43.878604,10.775540,osm_tigelleria_emiliana_da_nonna_tina_43.8786_10.7755,Tigelleria Emiliana Da Nonna Tina,bar_cafe,bar_cafe,https://raw.githubusercontent.com/pasqualelembo78/huntix-poi/main/italia/toscana/sconosciuta/pages/tigelleria_emiliana_da_nonna_tina_43.8786_10.7755.json,custom
43.884442,10.775114,osm_pizzeria_da_simone_43.8844_10.7751,Pizzeria da Simone,bar_cafe,bar_cafe,https://raw.githubusercontent.com/pasqualelembo78/huntix-poi/main/italia/toscana/sconosciuta/pages/pizzeria_da_simone_43.8844_10.7751.json,custom
43.771464,11.258477,osm_la_milkeria_43.7715_11.2585,La Milkeria,bar_cafe,bar_cafe,https://raw.githubusercontent.com/pasqualelembo78/huntix-poi/main/italia/toscana/sconosciuta/pages/la_milkeria_43.7715_11.2585.json,custom
43.955273,12.404565,osm_vision_bar_43.9553_12.4046,Vision Bar,bar_cafe,bar_cafe,https://raw.githubusercontent.com/pasqualelembo78/huntix-poi/main/italia/toscana/sconosciuta/pages/vision_bar_43.9553_12.4046.json,custom
43.934613,12.345129,osm_caff__maddalena_43.9346_12.3451,Caffè Maddalena,bar_cafe,bar_cafe,https://raw.githubusercontent.com/pasqualelembo78/huntix-poi/main/italia/toscana/sconosciuta/pages/caff_maddalena_43.9346_12.3451.json,custom
43.784446,12.032439,osm_bar_gabelli_43.7844_12.0324,Bar Gabelli,bar_cafe,bar_cafe,https://raw.githubusercontent.com/pasqualelembo78/huntix-poi/main/italia/toscana/sconosciuta/pages/bar_gabelli_43.7844_12.0324.json,custom
43.463615,11.879007,osm_le_golosit__43.4636_11.8790,Le Golosità,bar_cafe,bar_cafe,https://raw.githubusercontent.com/pasqualelembo78/huntix-poi/main/italia/toscana/sconosciuta/pages/le_golosit_43.4636_11.8790.json,custom
43.658222,11.257615,osm_faggi_43.6582_11.2576,Faggi,bar_cafe,bar_cafe,https://raw.githubusercontent.com/pasqualelembo78/huntix-poi/main/italia/toscana/sconosciuta/pages/faggi_43.6582_11.2576.json,custom
43.486800,11.375506,osm_enoteca_43.4868_11.3755,Enoteca,bar_cafe,bar_cafe,https://raw.githubusercontent.com/pasqualelembo78/huntix-poi/main/italia/toscana/sconosciuta/pages/enoteca_43.4868_11.3755.json,custom
43.937310,10.907426,osm_bar_gaia_43.9373_10.9074,Bar Gaia,bar_cafe,bar_cafe,https://raw.githubusercontent.com/pasqualelembo78/huntix-poi/main/italia/toscana/sconosciuta/pages/bar_gaia_43.9373_10.9074.json,custom
43.939643,10.907163,osm_stardust_caf__43.9396_10.9072,Stardust Café,bar_cafe,bar_cafe,https://raw.githubusercontent.com/pasqualelembo78/huntix-poi/main/italia/toscana/sconosciuta/pages/stardust_caf_43.9396_10.9072.json,custom
43.842716,10.503867,osm_i_gelati_di_piero_43.8427_10.5039,i Gelati di Piero,bar_cafe,bar_cafe,https://raw.githubusercontent.com/pasqualelembo78/huntix-poi/main/italia/toscana/sconosciuta/pages/i_gelati_di_piero_43.8427_10.5039.json,custom
43.860357,11.566641,osm_la_piazzetta_43.8604_11.5666,La Piazzetta,bar_cafe,bar_cafe,https://raw.githubusercontent.com/pasqualelembo78/huntix-poi/main/italia/toscana/sconosciuta/pages/la_piazzetta_43.8604_11.5666.json,custom
43.860911,11.566745,osm_bar_il_ponte_43.8609_11.5667,Bar Il Ponte,bar_cafe,bar_cafe,https://raw.githubusercontent.com/pasqualelembo78/huntix-poi/main/italia/toscana/sconosciuta/pages/bar_il_ponte_43.8609_11.5667.json,custom
43.781256,11.596957,osm_bar_carletti_43.7813_11.5970,Bar carletti,bar_cafe,bar_cafe,https://raw.githubusercontent.com/pasqualelembo78/huntix-poi/main/italia/toscana/sconosciuta/pages/bar_carletti_43.7813_11.5970.json,custom
43.781171,11.596693,osm_rooms__restaurant_43.7812_11.5967,Rooms, restaurant,bar_cafe,bar_cafe,https://raw.githubusercontent.com/pasqualelembo78/huntix-poi/main/italia/toscana/sconosciuta/pages/rooms_restaurant_43.7812_11.5967.json,custom
43.457571,11.877452,osm_bar_500_43.4576_11.8775,Bar 500,bar_cafe,bar_cafe,https://raw.githubusercontent.com/pasqualelembo78/huntix-poi/main/italia/toscana/sconosciuta/pages/bar_500_43.4576_11.8775.json,custom
43.458897,11.875482,osm_bar_magi_43.4589_11.8755,Bar Magi,bar_cafe,bar_cafe,https://raw.githubusercontent.com/pasqualelembo78/huntix-poi/main/italia/toscana/sconosciuta/pages/bar_magi_43.4589_11.8755.json,custom
43.770876,11.252324,osm_odeon_bistro_43.7709_11.2523,Odeon Bistro,bar_cafe,bar_cafe,https://raw.githubusercontent.com/pasqualelembo78/huntix-poi/main/italia/toscana/sconosciuta/pages/odeon_bistro_43.7709_11.2523.json,custom
43.513704,10.317194,osm_chalet_della_rotonda_43.5137_10.3172,Chalet della rotonda,bar_cafe,bar_cafe,https://raw.githubusercontent.com/pasqualelembo78/huntix-poi/main/italia/toscana/sconosciuta/pages/chalet_della_rotonda_43.5137_10.3172.json,custom
43.774353,11.250485,osm_paradiso_43.7744_11.2505,Paradiso,bar_cafe,bar_cafe,https://raw.githubusercontent.com/pasqualelembo78/huntix-poi/main/italia/toscana/sconosciuta/pages/paradiso_43.7744_11.2505.json,custom
43.764947,11.247925,osm_caff__bianchi_43.7649_11.2479,Caffè Bianchi,bar_cafe,bar_cafe,https://raw.githubusercontent.com/pasqualelembo78/huntix-poi/main/italia/toscana/sconosciuta/pages/caff_bianchi_43.7649_11.2479.json,custom
43.609733,11.163755,osm_segafreddo_43.6097_11.1638,Segafreddo,bar_cafe,bar_cafe,https://raw.githubusercontent.com/pasqualelembo78/huntix-poi/main/italia/toscana/sconosciuta/pages/segafreddo_43.6097_11.1638.json,custom
43.058274,11.827405,osm_garden_s_bar_43.0583_11.8274,Garden's bar,bar_cafe,bar_cafe,https://raw.githubusercontent.com/pasqualelembo78/huntix-poi/main/italia/toscana/sconosciuta/pages/gardens_bar_43.0583_11.8274.json,custom
43.543810,10.313904,osm_bar_biondi_43.5438_10.3139,Bar Biondi,bar_cafe,bar_cafe,https://raw.githubusercontent.com/pasqualelembo78/huntix-poi/main/italia/toscana/sconosciuta/pages/bar_biondi_43.5438_10.3139.json,custom
43.771938,11.240932,osm_circolo_uisp_rondinella_del_torrino_43.7719_11.2409,Circolo UISP Rondinella del Torrino,bar_cafe,bar_cafe,https://raw.githubusercontent.com/pasqualelembo78/huntix-poi/main/italia/toscana/sconosciuta/pages/circolo_uisp_rondinella_del_torrino_43.7719_11.2409.json,custom
43.577963,10.312241,osm_il_varco_43.5780_10.3122,Il Varco,bar_cafe,bar_cafe,https://raw.githubusercontent.com/pasqualelembo78/huntix-poi/main/italia/toscana/sconosciuta/pages/il_varco_43.5780_10.3122.json,custom
42.710986,11.000939,osm_poolside_bar_42.7110_11.0009,Poolside Bar,bar_cafe,bar_cafe,https://raw.githubusercontent.com/pasqualelembo78/huntix-poi/main/italia/toscana/sconosciuta/pages/poolside_bar_42.7110_11.0009.json,custom
43.433515,11.400317,osm_bar_al_castello_di_ama_43.4335_11.4003,Bar al Castello di Ama,bar_cafe,bar_cafe,https://raw.githubusercontent.com/pasqualelembo78/huntix-poi/main/italia/toscana/sconosciuta/pages/bar_al_castello_di_ama_43.4335_11.4003.json,custom
43.110033,12.390182,osm_living_caf__43.1100_12.3902,Living Café,bar_cafe,bar_cafe,https://raw.githubusercontent.com/pasqualelembo78/huntix-poi/main/italia/toscana/sconosciuta/pages/living_caf_43.1100_12.3902.json,custom
42.093689,11.791905,osm_la_fontana_42.0937_11.7919,La Fontana,bar_cafe,bar_cafe,https://raw.githubusercontent.com/pasqualelembo78/huntix-poi/main/italia/toscana/sconosciuta/pages/la_fontana_42.0937_11.7919.json,custom
43.449334,11.863251,osm_ciardi_43.4493_11.8633,Ciardi,bar_cafe,bar_cafe,https://raw.githubusercontent.com/pasqualelembo78/huntix-poi/main/italia/toscana/sconosciuta/pages/ciardi_43.4493_11.8633.json,custom
42.087078,11.798393,osm_il_salotto_42.0871_11.7984,Il Salotto,bar_cafe,bar_cafe,https://raw.githubusercontent.com/pasqualelembo78/huntix-poi/main/italia/toscana/sconosciuta/pages/il_salotto_42.0871_11.7984.json,custom
42.913087,10.771139,osm_bar_hotel_pineta_42.9131_10.7711,Bar Hotel Pineta,bar_cafe,bar_cafe,https://raw.githubusercontent.com/pasqualelembo78/huntix-poi/main/italia/toscana/sconosciuta/pages/bar_hotel_pineta_42.9131_10.7711.json,custom
42.500033,12.312083,osm_my_chef_42.5000_12.3121,My Chef,bar_cafe,bar_cafe,https://raw.githubusercontent.com/pasqualelembo78/huntix-poi/main/italia/toscana/sconosciuta/pages/my_chef_42.5000_12.3121.json,custom
43.027507,11.080400,osm_on_the_road_43.0275_11.0804,On The Road,bar_cafe,bar_cafe,https://raw.githubusercontent.com/pasqualelembo78/huntix-poi/main/italia/toscana/sconosciuta/pages/on_the_road_43.0275_11.0804.json,custom
43.398987,10.496070,osm_bar_le_badie_43.3990_10.4961,Bar Le Badie,bar_cafe,bar_cafe,https://raw.githubusercontent.com/pasqualelembo78/huntix-poi/main/italia/toscana/sconosciuta/pages/bar_le_badie_43.3990_10.4961.json,custom
43.774332,11.253226,osm_la_corte_del_konnubio_43.7743_11.2532,La corte del Konnubio,bar_cafe,bar_cafe,https://raw.githubusercontent.com/pasqualelembo78/huntix-poi/main/italia/toscana/sconosciuta/pages/la_corte_del_konnubio_43.7743_11.2532.json,custom
43.297103,10.494734,osm_bagni_rina_43.2971_10.4947,Bagni Rina,bar_cafe,bar_cafe,https://raw.githubusercontent.com/pasqualelembo78/huntix-poi/main/italia/toscana/sconosciuta/pages/bagni_rina_43.2971_10.4947.json,custom
43.777156,11.255914,osm_caf__il_solli_43.7772_11.2559,Café Il Solli,bar_cafe,bar_cafe,https://raw.githubusercontent.com/pasqualelembo78/huntix-poi/main/italia/toscana/sconosciuta/pages/caf_il_solli_43.7772_11.2559.json,custom
43.784088,10.925363,osm_i_golosoni_43.7841_10.9254,I Golosoni,bar_cafe,bar_cafe,https://raw.githubusercontent.com/pasqualelembo78/huntix-poi/main/italia/toscana/sconosciuta/pages/i_golosoni_43.7841_10.9254.json,custom
43.783798,11.273163,osm_antigua_pasticeria_paladini_43.7838_11.2732,Antigua Pasticeria Paladini,bar_cafe,bar_cafe,https://raw.githubusercontent.com/pasqualelembo78/huntix-poi/main/italia/toscana/sconosciuta/pages/antigua_pasticeria_paladini_43.7838_11.2732.json,custom
43.775370,11.253307,osm_lion_caf__43.7754_11.2533,Lion Café,bar_cafe,bar_cafe,https://raw.githubusercontent.com/pasqualelembo78/huntix-poi/main/italia/toscana/sconosciuta/pages/lion_caf_43.7754_11.2533.json,custom
43.775230,11.254727,osm_caf__ag_r__43.7752_11.2547,Café Agórá,bar_cafe,bar_cafe,https://raw.githubusercontent.com/pasqualelembo78/huntix-poi/main/italia/toscana/sconosciuta/pages/caf_agr_43.7752_11.2547.json,custom
43.768265,11.261526,osm_fermino_43.7683_11.2615,Fermino,bar_cafe,bar_cafe,https://raw.githubusercontent.com/pasqualelembo78/huntix-poi/main/italia/toscana/sconosciuta/pages/fermino_43.7683_11.2615.json,custom
43.768065,11.260554,osm_quelo_43.7681_11.2606,Quelo,bar_cafe,bar_cafe,https://raw.githubusercontent.com/pasqualelembo78/huntix-poi/main/italia/toscana/sconosciuta/pages/quelo_43.7681_11.2606.json,custom
43.718522,10.402001,osm_carraia_tel_nicchio_43.7185_10.4020,Carraia Tel Nicchio,bar_cafe,bar_cafe,https://raw.githubusercontent.com/pasqualelembo78/huntix-poi/main/italia/toscana/sconosciuta/pages/carraia_tel_nicchio_43.7185_10.4020.json,custom
43.617822,11.471891,osm_saida_43.6178_11.4719,Saida,bar_cafe,bar_cafe,https://raw.githubusercontent.com/pasqualelembo78/huntix-poi/main/italia/toscana/sconosciuta/pages/saida_43.6178_11.4719.json,custom
42.369771,9.511423,osm_aroma_cafe_42.3698_9.5114,Aroma Cafe,bar_cafe,bar_cafe,https://raw.githubusercontent.com/pasqualelembo78/huntix-poi/main/italia/toscana/sconosciuta/pages/aroma_cafe_42.3698_9.5114.json,custom
43.138690,12.007779,osm_bar_jolly_caff__43.1387_12.0078,Bar Jolly Caffè,bar_cafe,bar_cafe,https://raw.githubusercontent.com/pasqualelembo78/huntix-poi/main/italia/toscana/sconosciuta/pages/bar_jolly_caff_43.1387_12.0078.json,custom
43.617435,11.472970,osm_pasticceria_fabbrini_43.6174_11.4730,Pasticceria Fabbrini,bar_cafe,bar_cafe,https://raw.githubusercontent.com/pasqualelembo78/huntix-poi/main/italia/toscana/sconosciuta/pages/pasticceria_fabbrini_43.6174_11.4730.json,custom
43.765271,11.244390,osm_caff__mi_piace_43.7653_11.2444,Caffé Mi Piace,bar_cafe,bar_cafe,https://raw.githubusercontent.com/pasqualelembo78/huntix-poi/main/italia/toscana/sconosciuta/pages/caff_mi_piace_43.7653_11.2444.json,custom
43.770264,11.241817,osm_caff__surace_43.7703_11.2418,Caffé Surace,bar_cafe,bar_cafe,https://raw.githubusercontent.com/pasqualelembo78/huntix-poi/main/italia/toscana/sconosciuta/pages/caff_surace_43.7703_11.2418.json,custom
43.770363,11.242334,osm_blacklodge_43.7704_11.2423,Blacklodge,bar_cafe,bar_cafe,https://raw.githubusercontent.com/pasqualelembo78/huntix-poi/main/italia/toscana/sconosciuta/pages/blacklodge_43.7704_11.2423.json,custom
43.934881,11.419966,osm_circolo_bianco_rosso_43.9349_11.4200,Circolo Bianco Rosso,bar_cafe,bar_cafe,https://raw.githubusercontent.com/pasqualelembo78/huntix-poi/main/italia/toscana/sconosciuta/pages/circolo_bianco_rosso_43.9349_11.4200.json,custom
43.618745,11.471795,osm_pretty_43.6187_11.4718,Pretty,bar_cafe,bar_cafe,https://raw.githubusercontent.com/pasqualelembo78/huntix-poi/main/italia/toscana/sconosciuta/pages/pretty_43.6187_11.4718.json,custom
43.617719,11.471950,osm_tap_room_birrificio_calibro_22_43.6177_11.4719,Tap Room Birrificio Calibro 22,bar_cafe,bar_cafe,https://raw.githubusercontent.com/pasqualelembo78/huntix-poi/main/italia/toscana/sconosciuta/pages/tap_room_birrificio_calibro_22_43.6177_11.4719.json,custom
43.456871,12.237166,osm_angolo_41_43.4569_12.2372,Angolo 41,bar_cafe,bar_cafe,https://raw.githubusercontent.com/pasqualelembo78/huntix-poi/main/italia/toscana/sconosciuta/pages/angolo_41_43.4569_12.2372.json,custom
43.467649,11.884248,osm_il_chiosco_del_prato_43.4676_11.8842,Il chiosco del prato,bar_cafe,bar_cafe,https://raw.githubusercontent.com/pasqualelembo78/huntix-poi/main/italia/toscana/sconosciuta/pages/il_chiosco_del_prato_43.4676_11.8842.json,custom
43.936163,12.447475,osm_spingarda_43.9362_12.4475,Spingarda,bar_cafe,bar_cafe,https://raw.githubusercontent.com/pasqualelembo78/huntix-poi/main/italia/toscana/sconosciuta/pages/spingarda_43.9362_12.4475.json,custom
43.937061,12.446417,osm_bar_palazzo_43.9371_12.4464,Bar Palazzo,bar_cafe,bar_cafe,https://raw.githubusercontent.com/pasqualelembo78/huntix-poi/main/italia/toscana/sconosciuta/pages/bar_palazzo_43.9371_12.4464.json,custom
43.175929,11.558338,osm_licia_gorelli_43.1759_11.5583,Licia Gorelli,bar_cafe,bar_cafe,https://raw.githubusercontent.com/pasqualelembo78/huntix-poi/main/italia/toscana/sconosciuta/pages/licia_gorelli_43.1759_11.5583.json,custom
43.841908,12.358609,osm_new_piper_43.8419_12.3586,New Piper,bar_cafe,bar_cafe,https://raw.githubusercontent.com/pasqualelembo78/huntix-poi/main/italia/toscana/sconosciuta/pages/new_piper_43.8419_12.3586.json,custom
43.840304,12.359367,osm_caff__incontro_43.8403_12.3594,Caffè Incontro,bar_cafe,bar_cafe,https://raw.githubusercontent.com/pasqualelembo78/huntix-poi/main/italia/toscana/sconosciuta/pages/caff_incontro_43.8403_12.3594.json,custom
43.620485,11.552983,osm_enoteca_la_torre_43.6205_11.5530,Enoteca La Torre,bar_cafe,bar_cafe,https://raw.githubusercontent.com/pasqualelembo78/huntix-poi/main/italia/toscana/sconosciuta/pages/enoteca_la_torre_43.6205_11.5530.json,custom
43.691668,10.831692,osm_estr__caff__43.6917_10.8317,Estrò Caffè,bar_cafe,bar_cafe,https://raw.githubusercontent.com/pasqualelembo78/huntix-poi/main/italia/toscana/sconosciuta/pages/estr_caff_43.6917_10.8317.json,custom
43.619177,11.470769,osm_caff__dell_corso_43.6192_11.4708,Caffé dell Corso,bar_cafe,bar_cafe,https://raw.githubusercontent.com/pasqualelembo78/huntix-poi/main/italia/toscana/sconosciuta/pages/caff_dell_corso_43.6192_11.4708.json,custom
43.656226,11.450101,osm_bar_lucciola_43.6562_11.4501,Bar Lucciola,bar_cafe,bar_cafe,https://raw.githubusercontent.com/pasqualelembo78/huntix-poi/main/italia/toscana/sconosciuta/pages/bar_lucciola_43.6562_11.4501.json,custom
43.847216,10.507515,osm_bio_room_43.8472_10.5075,Bio Room,bar_cafe,bar_cafe,https://raw.githubusercontent.com/pasqualelembo78/huntix-poi/main/italia/toscana/sconosciuta/pages/bio_room_43.8472_10.5075.json,custom
43.006581,11.616238,osm_bar_l_appalto_43.0066_11.6162,Bar L'appalto,bar_cafe,bar_cafe,https://raw.githubusercontent.com/pasqualelembo78/huntix-poi/main/italia/toscana/sconosciuta/pages/bar_lappalto_43.0066_11.6162.json,custom
43.210559,12.008287,osm_ristobar_quaglia_43.2106_12.0083,Ristobar Quaglia,bar_cafe,bar_cafe,https://raw.githubusercontent.com/pasqualelembo78/huntix-poi/main/italia/toscana/sconosciuta/pages/ristobar_quaglia_43.2106_12.0083.json,custom
43.631351,10.298291,osm_caff__mingo_43.6314_10.2983,Caffè Mingo,bar_cafe,bar_cafe,https://raw.githubusercontent.com/pasqualelembo78/huntix-poi/main/italia/toscana/sconosciuta/pages/caff_mingo_43.6314_10.2983.json,custom
43.113856,12.390575,osm_il_birraio_43.1139_12.3906,Il Birraio,bar_cafe,bar_cafe,https://raw.githubusercontent.com/pasqualelembo78/huntix-poi/main/italia/toscana/sconosciuta/pages/il_birraio_43.1139_12.3906.json,custom
43.627818,10.291383,osm_caff__in_piazza_43.6278_10.2914,Caffè in Piazza,bar_cafe,bar_cafe,https://raw.githubusercontent.com/pasqualelembo78/huntix-poi/main/italia/toscana/sconosciuta/pages/caff_in_piazza_43.6278_10.2914.json,custom
43.626230,10.292367,osm_enoteca_farmacia_dei_sani_43.6262_10.2924,Enoteca Farmacia dei Sani,bar_cafe,bar_cafe,https://raw.githubusercontent.com/pasqualelembo78/huntix-poi/main/italia/toscana/sconosciuta/pages/enoteca_farmacia_dei_sani_43.6262_10.2924.json,custom
43.627657,10.292002,osm_dolce_vita_43.6277_10.2920,Dolce vita,bar_cafe,bar_cafe,https://raw.githubusercontent.com/pasqualelembo78/huntix-poi/main/italia/toscana/sconosciuta/pages/dolce_vita_43.6277_10.2920.json,custom
43.627577,10.290884,osm_pura_vida_43.6276_10.2909,pura vida,bar_cafe,bar_cafe,https://raw.githubusercontent.com/pasqualelembo78/huntix-poi/main/italia/toscana/sconosciuta/pages/pura_vida_43.6276_10.2909.json,custom
43.209718,10.904969,osm_bar_sport_43.2097_10.9050,Bar Sport,bar_cafe,bar_cafe,https://raw.githubusercontent.com/pasqualelembo78/huntix-poi/main/italia/toscana/sconosciuta/pages/bar_sport_43.2097_10.9050.json,custom
42.814885,10.427815,osm_il_bar_sotto_il_mare_42.8149_10.4278,Il bar sotto il mare,bar_cafe,bar_cafe,https://raw.githubusercontent.com/pasqualelembo78/huntix-poi/main/italia/toscana/sconosciuta/pages/il_bar_sotto_il_mare_42.8149_10.4278.json,custom
43.784459,11.371813,osm_circolo_arci_murri_43.7845_11.3718,Circolo ARCI murri,bar_cafe,bar_cafe,https://raw.githubusercontent.com/pasqualelembo78/huntix-poi/main/italia/toscana/sconosciuta/pages/circolo_arci_murri_43.7845_11.3718.json,custom
43.781477,11.308339,osm_bar_latteria_ponte_a_mensola_43.7815_11.3083,Bar Latteria Ponte A Mensola,bar_cafe,bar_cafe,https://raw.githubusercontent.com/pasqualelembo78/huntix-poi/main/italia/toscana/sconosciuta/pages/bar_latteria_ponte_a_mensola_43.7815_11.3083.json,custom
43.781515,11.308449,osm_circolo_arci_43.7815_11.3084,Circolo ARCI,bar_cafe,bar_cafe,https://raw.githubusercontent.com/pasqualelembo78/huntix-poi/main/italia/toscana/sconosciuta/pages/circolo_arci_43.7815_11.3084.json,custom
43.767561,11.252382,osm_albero_43.7676_11.2524,Albero,bar_cafe,bar_cafe,https://raw.githubusercontent.com/pasqualelembo78/huntix-poi/main/italia/toscana/sconosciuta/pages/albero_43.7676_11.2524.json,custom
43.780792,11.596206,osm_consumi_43.7808_11.5962,Consumi,bar_cafe,bar_cafe,https://raw.githubusercontent.com/pasqualelembo78/huntix-poi/main/italia/toscana/sconosciuta/pages/consumi_43.7808_11.5962.json,custom
43.784938,11.502624,osm_circolo_arci_diacceto_43.7849_11.5026,Circolo ARCI Diacceto,bar_cafe,bar_cafe,https://raw.githubusercontent.com/pasqualelembo78/huntix-poi/main/italia/toscana/sconosciuta/pages/circolo_arci_diacceto_43.7849_11.5026.json,custom
43.793178,11.820363,osm_bar_foresteria_43.7932_11.8204,Bar Foresteria,bar_cafe,bar_cafe,https://raw.githubusercontent.com/pasqualelembo78/huntix-poi/main/italia/toscana/sconosciuta/pages/bar_foresteria_43.7932_11.8204.json,custom
42.896366,11.767661,osm_al_tocco_wine_bar_42.8964_11.7677,Al Tocco Wine Bar,bar_cafe,bar_cafe,https://raw.githubusercontent.com/pasqualelembo78/huntix-poi/main/italia/toscana/sconosciuta/pages/al_tocco_wine_bar_42.8964_11.7677.json,custom
43.004456,10.850122,osm_safar__43.0045_10.8501,Safarà,bar_cafe,bar_cafe,https://raw.githubusercontent.com/pasqualelembo78/huntix-poi/main/italia/toscana/sconosciuta/pages/safar_43.0045_10.8501.json,custom
43.304512,12.330603,osm_golden_saloon_43.3045_12.3306,Golden Saloon,bar_cafe,bar_cafe,https://raw.githubusercontent.com/pasqualelembo78/huntix-poi/main/italia/toscana/sconosciuta/pages/golden_saloon_43.3045_12.3306.json,custom
42.688264,11.335566,osm_caff__dell__arco_42.6883_11.3356,Caffè Dell' Arco,bar_cafe,bar_cafe,https://raw.githubusercontent.com/pasqualelembo78/huntix-poi/main/italia/toscana/sconosciuta/pages/caff_dell_arco_42.6883_11.3356.json,custom
42.688559,11.335477,osm_bar_la_posta_42.6886_11.3355,Bar la Posta,bar_cafe,bar_cafe,https://raw.githubusercontent.com/pasqualelembo78/huntix-poi/main/italia/toscana/sconosciuta/pages/bar_la_posta_42.6886_11.3355.json,custom
42.688338,11.334948,osm_il_rifrullino_42.6883_11.3349,il Rifrullino,bar_cafe,bar_cafe,https://raw.githubusercontent.com/pasqualelembo78/huntix-poi/main/italia/toscana/sconosciuta/pages/il_rifrullino_42.6883_11.3349.json,custom
43.713389,10.400381,osm_caffetteria_corso_italia_67_43.7134_10.4004,Caffetteria Corso Italia 67,bar_cafe,bar_cafe,https://raw.githubusercontent.com/pasqualelembo78/huntix-poi/main/italia/toscana/sconosciuta/pages/caffetteria_corso_italia_67_43.7134_10.4004.json,custom
43.026878,10.538648,osm_cocktail_bar_43.0269_10.5386,Cocktail Bar,bar_cafe,bar_cafe,https://raw.githubusercontent.com/pasqualelembo78/huntix-poi/main/italia/toscana/sconosciuta/pages/cocktail_bar_43.0269_10.5386.json,custom
43.843393,10.489993,osm_open24cafe_43.8434_10.4900,open24cafe,bar_cafe,bar_cafe,https://raw.githubusercontent.com/pasqualelembo78/huntix-poi/main/italia/toscana/sconosciuta/pages/open24cafe_43.8434_10.4900.json,custom
43.839702,10.502528,osm_caff__giurlani_43.8397_10.5025,Caffè Giurlani,bar_cafe,bar_cafe,https://raw.githubusercontent.com/pasqualelembo78/huntix-poi/main/italia/toscana/sconosciuta/pages/caff_giurlani_43.8397_10.5025.json,custom
42.954097,10.634761,osm_bar_bagnoskiuma_42.9541_10.6348,Bar Bagnoskiuma,bar_cafe,bar_cafe,https://raw.githubusercontent.com/pasqualelembo78/huntix-poi/main/italia/toscana/sconosciuta/pages/bar_bagnoskiuma_42.9541_10.6348.json,custom
43.548473,10.328762,osm_il_punto_ponce_43.5485_10.3288,Il punto ponce,bar_cafe,bar_cafe,https://raw.githubusercontent.com/pasqualelembo78/huntix-poi/main/italia/toscana/sconosciuta/pages/il_punto_ponce_43.5485_10.3288.json,custom
43.531111,10.310918,osm_jazz_caf__43.5311_10.3109,Jazz Cafè,bar_cafe,bar_cafe,https://raw.githubusercontent.com/pasqualelembo78/huntix-poi/main/italia/toscana/sconosciuta/pages/jazz_caf_43.5311_10.3109.json,custom
42.765883,10.397267,osm_zero_sei_42.7659_10.3973,Zero Sei,bar_cafe,bar_cafe,https://raw.githubusercontent.com/pasqualelembo78/huntix-poi/main/italia/toscana/sconosciuta/pages/zero_sei_42.7659_10.3973.json,custom
43.768135,11.249652,osm_pizzino_43.7681_11.2497,Pizzino,bar_cafe,bar_cafe,https://raw.githubusercontent.com/pasqualelembo78/huntix-poi/main/italia/toscana/sconosciuta/pages/pizzino_43.7681_11.2497.json,custom
43.419248,12.247477,osm_cva_santa_lucia_43.4192_12.2475,CVA Santa Lucia,bar_cafe,bar_cafe,https://raw.githubusercontent.com/pasqualelembo78/huntix-poi/main/italia/toscana/sconosciuta/pages/cva_santa_lucia_43.4192_12.2475.json,custom
43.461439,11.888553,osm_il_nostro_bar_43.4614_11.8886,Il Nostro Bar,bar_cafe,bar_cafe,https://raw.githubusercontent.com/pasqualelembo78/huntix-poi/main/italia/toscana/sconosciuta/pages/il_nostro_bar_43.4614_11.8886.json,custom
43.770494,11.255121,osm_hot_pot_43.7705_11.2551,Hot Pot,bar_cafe,bar_cafe,https://raw.githubusercontent.com/pasqualelembo78/huntix-poi/main/italia/toscana/sconosciuta/pages/hot_pot_43.7705_11.2551.json,custom
43.767033,11.252248,osm_pane_e_olio_43.7670_11.2522,Pane e Olio,bar_cafe,bar_cafe,https://raw.githubusercontent.com/pasqualelembo78/huntix-poi/main/italia/toscana/sconosciuta/pages/pane_e_olio_43.7670_11.2522.json,custom
43.401688,10.860506,osm_l__incontro_43.4017_10.8605,L' Incontro,bar_cafe,bar_cafe,https://raw.githubusercontent.com/pasqualelembo78/huntix-poi/main/italia/toscana/sconosciuta/pages/l_incontro_43.4017_10.8605.json,custom
43.658368,11.187801,osm_caffe_franchi_43.6584_11.1878,Caffe Franchi,bar_cafe,bar_cafe,https://raw.githubusercontent.com/pasqualelembo78/huntix-poi/main/italia/toscana/sconosciuta/pages/caffe_franchi_43.6584_11.1878.json,custom
43.770932,11.262067,osm_bamboo_43.7709_11.2621,Bamboo,bar_cafe,bar_cafe,https://raw.githubusercontent.com/pasqualelembo78/huntix-poi/main/italia/toscana/sconosciuta/pages/bamboo_43.7709_11.2621.json,custom
43.771643,11.255237,osm_venchi_43.7716_11.2552,Venchi,bar_cafe,bar_cafe,https://raw.githubusercontent.com/pasqualelembo78/huntix-poi/main/italia/toscana/sconosciuta/pages/venchi_43.7716_11.2552.json,custom
43.774434,11.256428,osm_dei_pucci_43.7744_11.2564,Dei Pucci,bar_cafe,bar_cafe,https://raw.githubusercontent.com/pasqualelembo78/huntix-poi/main/italia/toscana/sconosciuta/pages/dei_pucci_43.7744_11.2564.json,custom
43.773539,11.256168,osm_don_nino_43.7735_11.2562,Don Nino,bar_cafe,bar_cafe,https://raw.githubusercontent.com/pasqualelembo78/huntix-poi/main/italia/toscana/sconosciuta/pages/don_nino_43.7735_11.2562.json,custom
43.772559,11.257200,osm_lampredotto_43.7726_11.2572,Lampredotto,bar_cafe,bar_cafe,https://raw.githubusercontent.com/pasqualelembo78/huntix-poi/main/italia/toscana/sconosciuta/pages/lampredotto_43.7726_11.2572.json,custom
43.769962,11.257903,osm_i__margartiaio_43.7700_11.2579,I' Margartiaio,bar_cafe,bar_cafe,https://raw.githubusercontent.com/pasqualelembo78/huntix-poi/main/italia/toscana/sconosciuta/pages/i_margartiaio_43.7700_11.2579.json,custom
43.772366,11.255261,osm_pizza__43.7724_11.2553,PizzA',bar_cafe,bar_cafe,https://raw.githubusercontent.com/pasqualelembo78/huntix-poi/main/italia/toscana/sconosciuta/pages/pizza_43.7724_11.2553.json,custom
43.770240,11.255912,osm_caff__condotta_43.7702_11.2559,Caffè Condotta,bar_cafe,bar_cafe,https://raw.githubusercontent.com/pasqualelembo78/huntix-poi/main/italia/toscana/sconosciuta/pages/caff_condotta_43.7702_11.2559.json,custom
43.770250,11.255207,osm_caff__fiorenza_43.7703_11.2552,Caffè Fiorenza,bar_cafe,bar_cafe,https://raw.githubusercontent.com/pasqualelembo78/huntix-poi/main/italia/toscana/sconosciuta/pages/caff_fiorenza_43.7703_11.2552.json,custom
43.770249,11.257599,osm_la_badia_43.7702_11.2576,La Badia,bar_cafe,bar_cafe,https://raw.githubusercontent.com/pasqualelembo78/huntix-poi/main/italia/toscana/sconosciuta/pages/la_badia_43.7702_11.2576.json,custom
43.772536,11.257773,osm_la_cattedrale_43.7725_11.2578,La Cattedrale,bar_cafe,bar_cafe,https://raw.githubusercontent.com/pasqualelembo78/huntix-poi/main/italia/toscana/sconosciuta/pages/la_cattedrale_43.7725_11.2578.json,custom
43.772472,11.258384,osm_queen_s_43.7725_11.2584,Queen's,bar_cafe,bar_cafe,https://raw.githubusercontent.com/pasqualelembo78/huntix-poi/main/italia/toscana/sconosciuta/pages/queens_43.7725_11.2584.json,custom
43.771654,11.261649,osm_lion_s_fountain_43.7717_11.2616,Lion's Fountain,bar_cafe,bar_cafe,https://raw.githubusercontent.com/pasqualelembo78/huntix-poi/main/italia/toscana/sconosciuta/pages/lions_fountain_43.7717_11.2616.json,custom
43.657428,11.184303,osm_caffe_43.6574_11.1843,Caffe,bar_cafe,bar_cafe,https://raw.githubusercontent.com/pasqualelembo78/huntix-poi/main/italia/toscana/sconosciuta/pages/caffe_43.6574_11.1843.json,custom
43.656478,11.183924,osm_vinile_caff__43.6565_11.1839,Vinile Caffè,bar_cafe,bar_cafe,https://raw.githubusercontent.com/pasqualelembo78/huntix-poi/main/italia/toscana/sconosciuta/pages/vinile_caff_43.6565_11.1839.json,custom
43.774530,11.256489,osm_bar_sei_pucci_43.7745_11.2565,Bar sei Pucci,bar_cafe,bar_cafe,https://raw.githubusercontent.com/pasqualelembo78/huntix-poi/main/italia/toscana/sconosciuta/pages/bar_sei_pucci_43.7745_11.2565.json,custom
42.813985,10.326459,osm_panelba_42.8140_10.3265,Panelba,bar_cafe,bar_cafe,https://raw.githubusercontent.com/pasqualelembo78/huntix-poi/main/italia/toscana/sconosciuta/pages/panelba_42.8140_10.3265.json,custom
42.943777,10.835121,osm_bar_pasticceria_lo_smeraldo_42.9438_10.8351,Bar Pasticceria Lo Smeraldo,bar_cafe,bar_cafe,https://raw.githubusercontent.com/pasqualelembo78/huntix-poi/main/italia/toscana/sconosciuta/pages/bar_pasticceria_lo_smeraldo_42.9438_10.8351.json,custom
43.923577,10.913217,osm_atlantic_43.9236_10.9132,Atlantic,bar_cafe,bar_cafe,https://raw.githubusercontent.com/pasqualelembo78/huntix-poi/main/italia/toscana/sconosciuta/pages/atlantic_43.9236_10.9132.json,custom
43.535665,11.235565,osm_bar_pieri_43.5357_11.2356,Bar Pieri,bar_cafe,bar_cafe,https://raw.githubusercontent.com/pasqualelembo78/huntix-poi/main/italia/toscana/sconosciuta/pages/bar_pieri_43.5357_11.2356.json,custom
42.373028,12.401158,osm_bar_alla_rocca_42.3730_12.4012,Bar Alla Rocca,bar_cafe,bar_cafe,https://raw.githubusercontent.com/pasqualelembo78/huntix-poi/main/italia/toscana/sconosciuta/pages/bar_alla_rocca_42.3730_12.4012.json,custom
42.371917,12.402800,osm_join_caf__42.3719_12.4028,Join Cafè,bar_cafe,bar_cafe,https://raw.githubusercontent.com/pasqualelembo78/huntix-poi/main/italia/toscana/sconosciuta/pages/join_caf_42.3719_12.4028.json,custom
43.776752,11.279716,osm_caff__dogali_43.7768_11.2797,Caffè Dogali,bar_cafe,bar_cafe,https://raw.githubusercontent.com/pasqualelembo78/huntix-poi/main/italia/toscana/sconosciuta/pages/caff_dogali_43.7768_11.2797.json,custom
43.091826,12.444439,osm_charme_caf__43.0918_12.4444,Charme Café,bar_cafe,bar_cafe,https://raw.githubusercontent.com/pasqualelembo78/huntix-poi/main/italia/toscana/sconosciuta/pages/charme_caf_43.0918_12.4444.json,custom
43.091414,12.444702,osm_norcineria_43.0914_12.4447,Norcineria,bar_cafe,bar_cafe,https://raw.githubusercontent.com/pasqualelembo78/huntix-poi/main/italia/toscana/sconosciuta/pages/norcineria_43.0914_12.4447.json,custom
43.584224,11.624349,osm_mocambo_bar_43.5842_11.6243,Mocambo Bar,bar_cafe,bar_cafe,https://raw.githubusercontent.com/pasqualelembo78/huntix-poi/main/italia/toscana/sconosciuta/pages/mocambo_bar_43.5842_11.6243.json,custom
43.839699,10.481290,osm_i_ragazzi_del_moka_43.8397_10.4813,I Ragazzi del Moka,bar_cafe,bar_cafe,https://raw.githubusercontent.com/pasqualelembo78/huntix-poi/main/italia/toscana/sconosciuta/pages/i_ragazzi_del_moka_43.8397_10.4813.json,custom
43.717310,10.400915,osm_boston_27_43.7173_10.4009,Boston 27,bar_cafe,bar_cafe,https://raw.githubusercontent.com/pasqualelembo78/huntix-poi/main/italia/toscana/sconosciuta/pages/boston_27_43.7173_10.4009.json,custom
43.380846,12.235571,osm_cva_fabbrecce_43.3808_12.2356,CVA Fabbrecce,bar_cafe,bar_cafe,https://raw.githubusercontent.com/pasqualelembo78/huntix-poi/main/italia/toscana/sconosciuta/pages/cva_fabbrecce_43.3808_12.2356.json,custom
43.463450,11.848997,osm_chicco_caff__43.4634_11.8490,Chicco Caffé,bar_cafe,bar_cafe,https://raw.githubusercontent.com/pasqualelembo78/huntix-poi/main/italia/toscana/sconosciuta/pages/chicco_caff_43.4634_11.8490.json,custom
43.828509,10.645908,osm_l_aperitivo_43.8285_10.6459,L'Aperitivo,bar_cafe,bar_cafe,https://raw.githubusercontent.com/pasqualelembo78/huntix-poi/main/italia/toscana/sconosciuta/pages/laperitivo_43.8285_10.6459.json,custom
42.445403,9.512021,osm_cyber_base_emploi___p_m_de_folelli_42.4454_9.5120,Cyber Base Emploi - P@M de Folelli,bar_cafe,bar_cafe,https://raw.githubusercontent.com/pasqualelembo78/huntix-poi/main/italia/toscana/sconosciuta/pages/cyber_base_emploi_-_pm_de_folelli_42.4454_9.5120.json,custom
43.688236,10.792177,osm_b66_43.6882_10.7922,B66,bar_cafe,bar_cafe,https://raw.githubusercontent.com/pasqualelembo78/huntix-poi/main/italia/toscana/sconosciuta/pages/b66_43.6882_10.7922.json,custom
43.771456,11.257464,osm_cucciolo_43.7715_11.2575,Cucciolo,bar_cafe,bar_cafe,https://raw.githubusercontent.com/pasqualelembo78/huntix-poi/main/italia/toscana/sconosciuta/pages/cucciolo_43.7715_11.2575.json,custom
43.843042,10.491761,osm_brothers_bar_43.8430_10.4918,Brothers Bar,bar_cafe,bar_cafe,https://raw.githubusercontent.com/pasqualelembo78/huntix-poi/main/italia/toscana/sconosciuta/pages/brothers_bar_43.8430_10.4918.json,custom
42.091963,11.790772,osm_bar_camalli_42.0920_11.7908,Bar Camalli,bar_cafe,bar_cafe,https://raw.githubusercontent.com/pasqualelembo78/huntix-poi/main/italia/toscana/sconosciuta/pages/bar_camalli_42.0920_11.7908.json,custom
42.244883,12.158692,osm_the_station_caf__42.2449_12.1587,The Station Cafè,bar_cafe,bar_cafe,https://raw.githubusercontent.com/pasqualelembo78/huntix-poi/main/italia/toscana/sconosciuta/pages/the_station_caf_42.2449_12.1587.json,custom
42.245329,12.157401,osm_bar_della_stazione_42.2453_12.1574,Bar Della Stazione,bar_cafe,bar_cafe,https://raw.githubusercontent.com/pasqualelembo78/huntix-poi/main/italia/toscana/sconosciuta/pages/bar_della_stazione_42.2453_12.1574.json,custom
43.658289,10.936237,osm_casa_del_popolo_di_sant_andrea_43.6583_10.9362,Casa del Popolo di Sant'Andrea,bar_cafe,bar_cafe,https://raw.githubusercontent.com/pasqualelembo78/huntix-poi/main/italia/toscana/sconosciuta/pages/casa_del_popolo_di_santandrea_43.6583_10.9362.json,custom
43.656036,10.940955,osm_casa_del_popolo_di_fontanella_43.6560_10.9410,Casa del Popolo di Fontanella,bar_cafe,bar_cafe,https://raw.githubusercontent.com/pasqualelembo78/huntix-poi/main/italia/toscana/sconosciuta/pages/casa_del_popolo_di_fontanella_43.6560_10.9410.json,custom
43.748494,10.462224,osm_pasticceria_bar_salsedo_43.7485_10.4622,Pasticceria Bar Salsedo,bar_cafe,bar_cafe,https://raw.githubusercontent.com/pasqualelembo78/huntix-poi/main/italia/toscana/sconosciuta/pages/pasticceria_bar_salsedo_43.7485_10.4622.json,custom
43.773019,11.268583,osm_caff__bistrot_19_26_43.7730_11.2686,Caffè Bistrot 19.26,bar_cafe,bar_cafe,https://raw.githubusercontent.com/pasqualelembo78/huntix-poi/main/italia/toscana/sconosciuta/pages/caff_bistrot_1926_43.7730_11.2686.json,custom
43.687384,10.431133,osm_caffe_royal_43.6874_10.4311,Caffe Royal,bar_cafe,bar_cafe,https://raw.githubusercontent.com/pasqualelembo78/huntix-poi/main/italia/toscana/sconosciuta/pages/caffe_royal_43.6874_10.4311.json,custom
43.716632,10.402081,osm_baribaldi_43.7166_10.4021,Baribaldi,bar_cafe,bar_cafe,https://raw.githubusercontent.com/pasqualelembo78/huntix-poi/main/italia/toscana/sconosciuta/pages/baribaldi_43.7166_10.4021.json,custom
43.716504,10.402026,osm_ir_poncino_43.7165_10.4020,Ir Poncino,bar_cafe,bar_cafe,https://raw.githubusercontent.com/pasqualelembo78/huntix-poi/main/italia/toscana/sconosciuta/pages/ir_poncino_43.7165_10.4020.json,custom
43.717097,10.401941,osm_pozzo_dei_miracoli_43.7171_10.4019,Pozzo Dei Miracoli,bar_cafe,bar_cafe,https://raw.githubusercontent.com/pasqualelembo78/huntix-poi/main/italia/toscana/sconosciuta/pages/pozzo_dei_miracoli_43.7171_10.4019.json,custom
43.521655,12.217270,osm_santamaria_pub_e_pizzeria_43.5217_12.2173,SantaMaria Pub e Pizzeria,bar_cafe,bar_cafe,https://raw.githubusercontent.com/pasqualelembo78/huntix-poi/main/italia/toscana/sconosciuta/pages/santamaria_pub_e_pizzeria_43.5217_12.2173.json,custom
42.258058,12.173063,osm_bar_valleverde_42.2581_12.1731,Bar Valleverde,bar_cafe,bar_cafe,https://raw.githubusercontent.com/pasqualelembo78/huntix-poi/main/italia/toscana/sconosciuta/pages/bar_valleverde_42.2581_12.1731.json,custom
43.115219,12.385187,osm_110_caf__43.1152_12.3852,110 Cafè,bar_cafe,bar_cafe,https://raw.githubusercontent.com/pasqualelembo78/huntix-poi/main/italia/toscana/sconosciuta/pages/110_caf_43.1152_12.3852.json,custom
43.455992,11.871718,osm_bar_europa_43.4560_11.8717,Bar Europa,bar_cafe,bar_cafe,https://raw.githubusercontent.com/pasqualelembo78/huntix-poi/main/italia/toscana/sconosciuta/pages/bar_europa_43.4560_11.8717.json,custom
43.459777,11.876686,osm_bar_europa_43.4598_11.8767,Bar Europa,bar_cafe,bar_cafe,https://raw.githubusercontent.com/pasqualelembo78/huntix-poi/main/italia/toscana/sconosciuta/pages/bar_europa_43.4598_11.8767.json,custom
42.258182,12.170995,osm_bar_il_grillo_42.2582_12.1710,Bar Il Grillo,bar_cafe,bar_cafe,https://raw.githubusercontent.com/pasqualelembo78/huntix-poi/main/italia/toscana/sconosciuta/pages/bar_il_grillo_42.2582_12.1710.json,custom
43.774344,11.250810,osm_50_rosso_43.7743_11.2508,50 Rosso,bar_cafe,bar_cafe,https://raw.githubusercontent.com/pasqualelembo78/huntix-poi/main/italia/toscana/sconosciuta/pages/50_rosso_43.7743_11.2508.json,custom
43.076047,12.401461,osm_mezzetti_43.0760_12.4015,Mezzetti,bar_cafe,bar_cafe,https://raw.githubusercontent.com/pasqualelembo78/huntix-poi/main/italia/toscana/sconosciuta/pages/mezzetti_43.0760_12.4015.json,custom
43.464649,11.875664,osm_bar_le_coccinelle_43.4646_11.8757,Bar Le Coccinelle,bar_cafe,bar_cafe,https://raw.githubusercontent.com/pasqualelembo78/huntix-poi/main/italia/toscana/sconosciuta/pages/bar_le_coccinelle_43.4646_11.8757.json,custom
43.780579,11.252522,osm_bar_sauro_43.7806_11.2525,Bar Sauro,bar_cafe,bar_cafe,https://raw.githubusercontent.com/pasqualelembo78/huntix-poi/main/italia/toscana/sconosciuta/pages/bar_sauro_43.7806_11.2525.json,custom
42.811990,11.972839,osm_bar_42.8120_11.9728,Bar,bar_cafe,bar_cafe,https://raw.githubusercontent.com/pasqualelembo78/huntix-poi/main/italia/toscana/sconosciuta/pages/bar_42.8120_11.9728.json,custom
43.776071,11.254171,osm_coffee___kitchen_43.7761_11.2542,Coffee & Kitchen,bar_cafe,bar_cafe,https://raw.githubusercontent.com/pasqualelembo78/huntix-poi/main/italia/toscana/sconosciuta/pages/coffee_kitchen_43.7761_11.2542.json,custom
43.765322,11.272223,osm_il_tempio_43.7653_11.2722,il tempio,bar_cafe,bar_cafe,https://raw.githubusercontent.com/pasqualelembo78/huntix-poi/main/italia/toscana/sconosciuta/pages/il_tempio_43.7653_11.2722.json,custom
43.776235,11.252011,osm_venus_phone_center_43.7762_11.2520,Venus Phone Center,bar_cafe,bar_cafe,https://raw.githubusercontent.com/pasqualelembo78/huntix-poi/main/italia/toscana/sconosciuta/pages/venus_phone_center_43.7762_11.2520.json,custom
43.775635,11.252231,osm_bar_gala_43.7756_11.2522,Bar Gala,bar_cafe,bar_cafe,https://raw.githubusercontent.com/pasqualelembo78/huntix-poi/main/italia/toscana/sconosciuta/pages/bar_gala_43.7756_11.2522.json,custom
43.775954,11.252177,osm_brother_s_net_43.7760_11.2522,Brother's Net,bar_cafe,bar_cafe,https://raw.githubusercontent.com/pasqualelembo78/huntix-poi/main/italia/toscana/sconosciuta/pages/brothers_net_43.7760_11.2522.json,custom
43.768980,11.255454,osm_caffetteria_bartolini_43.7690_11.2555,Caffetteria Bartolini,bar_cafe,bar_cafe,https://raw.githubusercontent.com/pasqualelembo78/huntix-poi/main/italia/toscana/sconosciuta/pages/caffetteria_bartolini_43.7690_11.2555.json,custom
43.774471,11.252987,osm_l_atlante_43.7745_11.2530,L'Atlante,bar_cafe,bar_cafe,https://raw.githubusercontent.com/pasqualelembo78/huntix-poi/main/italia/toscana/sconosciuta/pages/latlante_43.7745_11.2530.json,custom
43.774090,11.253107,osm_vintage_bar_43.7741_11.2531,Vintage Bar,bar_cafe,bar_cafe,https://raw.githubusercontent.com/pasqualelembo78/huntix-poi/main/italia/toscana/sconosciuta/pages/vintage_bar_43.7741_11.2531.json,custom
43.774862,11.264696,osm_caff__michelangelo_43.7749_11.2647,Caffè Michelangelo,bar_cafe,bar_cafe,https://raw.githubusercontent.com/pasqualelembo78/huntix-poi/main/italia/toscana/sconosciuta/pages/caff_michelangelo_43.7749_11.2647.json,custom
42.216900,12.420840,osm_rock_bar_42.2169_12.4208,Rock Bar,bar_cafe,bar_cafe,https://raw.githubusercontent.com/pasqualelembo78/huntix-poi/main/italia/toscana/sconosciuta/pages/rock_bar_42.2169_12.4208.json,custom
43.832041,10.306450,osm_butterfly_43.8320_10.3065,Butterfly,bar_cafe,bar_cafe,https://raw.githubusercontent.com/pasqualelembo78/huntix-poi/main/italia/toscana/sconosciuta/pages/butterfly_43.8320_10.3065.json,custom
43.720240,10.404156,osm_l_etrusco_43.7202_10.4042,L'Etrusco,bar_cafe,bar_cafe,https://raw.githubusercontent.com/pasqualelembo78/huntix-poi/main/italia/toscana/sconosciuta/pages/letrusco_43.7202_10.4042.json,custom
43.770519,11.253668,osm_caff__la_posta_43.7705_11.2537,Caffè La Posta,bar_cafe,bar_cafe,https://raw.githubusercontent.com/pasqualelembo78/huntix-poi/main/italia/toscana/sconosciuta/pages/caff_la_posta_43.7705_11.2537.json,custom
42.893591,11.537840,osm_babylon_42.8936_11.5378,Babylon,bar_cafe,bar_cafe,https://raw.githubusercontent.com/pasqualelembo78/huntix-poi/main/italia/toscana/sconosciuta/pages/babylon_42.8936_11.5378.json,custom
43.774229,11.262040,osm_caffetteria_la_pergola_43.7742_11.2620,Caffetteria La Pergola,bar_cafe,bar_cafe,https://raw.githubusercontent.com/pasqualelembo78/huntix-poi/main/italia/toscana/sconosciuta/pages/caffetteria_la_pergola_43.7742_11.2620.json,custom
43.774549,11.262057,osm_cadillac_caf__43.7745_11.2621,Cadillac Cafè,bar_cafe,bar_cafe,https://raw.githubusercontent.com/pasqualelembo78/huntix-poi/main/italia/toscana/sconosciuta/pages/cadillac_caf_43.7745_11.2621.json,custom
43.774422,11.262578,osm_tabacchi_43.7744_11.2626,tabacchi,bar_cafe,bar_cafe,https://raw.githubusercontent.com/pasqualelembo78/huntix-poi/main/italia/toscana/sconosciuta/pages/tabacchi_43.7744_11.2626.json,custom
43.776301,11.265780,osm_caff__de__pinti_43.7763_11.2658,Caffè de' Pinti,bar_cafe,bar_cafe,https://raw.githubusercontent.com/pasqualelembo78/huntix-poi/main/italia/toscana/sconosciuta/pages/caff_de_pinti_43.7763_11.2658.json,custom
43.774511,11.269926,osm_bar_d_azeglio_43.7745_11.2699,Bar D'Azeglio,bar_cafe,bar_cafe,https://raw.githubusercontent.com/pasqualelembo78/huntix-poi/main/italia/toscana/sconosciuta/pages/bar_dazeglio_43.7745_11.2699.json,custom
43.783478,11.276131,osm_caff__marconi_43.7835_11.2761,Caffè Marconi,bar_cafe,bar_cafe,https://raw.githubusercontent.com/pasqualelembo78/huntix-poi/main/italia/toscana/sconosciuta/pages/caff_marconi_43.7835_11.2761.json,custom
43.782860,11.274235,osm_cabaret_43.7829_11.2742,Cabaret,bar_cafe,bar_cafe,https://raw.githubusercontent.com/pasqualelembo78/huntix-poi/main/italia/toscana/sconosciuta/pages/cabaret_43.7829_11.2742.json,custom
43.783990,11.266263,osm_chapeau_43.7840_11.2663,Chapeau,bar_cafe,bar_cafe,https://raw.githubusercontent.com/pasqualelembo78/huntix-poi/main/italia/toscana/sconosciuta/pages/chapeau_43.7840_11.2663.json,custom
43.783657,11.265136,osm_panico_43.7837_11.2651,Panico,bar_cafe,bar_cafe,https://raw.githubusercontent.com/pasqualelembo78/huntix-poi/main/italia/toscana/sconosciuta/pages/panico_43.7837_11.2651.json,custom
43.763098,11.278672,osm_oz___colonial_goods_43.7631_11.2787,OZ - Colonial Goods,bar_cafe,bar_cafe,https://raw.githubusercontent.com/pasqualelembo78/huntix-poi/main/italia/toscana/sconosciuta/pages/oz_-_colonial_goods_43.7631_11.2787.json,custom
43.763440,11.272220,osm_crociani_43.7634_11.2722,Crociani,bar_cafe,bar_cafe,https://raw.githubusercontent.com/pasqualelembo78/huntix-poi/main/italia/toscana/sconosciuta/pages/crociani_43.7634_11.2722.json,custom
43.763199,11.274078,osm_bar_bargioni_43.7632_11.2741,Bar Bargioni,bar_cafe,bar_cafe,https://raw.githubusercontent.com/pasqualelembo78/huntix-poi/main/italia/toscana/sconosciuta/pages/bar_bargioni_43.7632_11.2741.json,custom
43.781181,11.260960,osm_caff__cavour_43.7812_11.2610,Caffè Cavour,bar_cafe,bar_cafe,https://raw.githubusercontent.com/pasqualelembo78/huntix-poi/main/italia/toscana/sconosciuta/pages/caff_cavour_43.7812_11.2610.json,custom
43.779173,11.255496,osm_caff__noir_43.7792_11.2555,Caffè Noir,bar_cafe,bar_cafe,https://raw.githubusercontent.com/pasqualelembo78/huntix-poi/main/italia/toscana/sconosciuta/pages/caff_noir_43.7792_11.2555.json,custom
43.767773,11.221410,osm_bar_dolce_aroma_43.7678_11.2214,Bar Dolce Aroma,bar_cafe,bar_cafe,https://raw.githubusercontent.com/pasqualelembo78/huntix-poi/main/italia/toscana/sconosciuta/pages/bar_dolce_aroma_43.7678_11.2214.json,custom
43.770885,11.221059,osm_caff__diamante_43.7709_11.2211,Caffè Diamante,bar_cafe,bar_cafe,https://raw.githubusercontent.com/pasqualelembo78/huntix-poi/main/italia/toscana/sconosciuta/pages/caff_diamante_43.7709_11.2211.json,custom
43.770577,11.221515,osm_la_fabbrica_del_pane_43.7706_11.2215,La Fabbrica del Pane,bar_cafe,bar_cafe,https://raw.githubusercontent.com/pasqualelembo78/huntix-poi/main/italia/toscana/sconosciuta/pages/la_fabbrica_del_pane_43.7706_11.2215.json,custom
43.770139,11.218181,osm_cava_giove_43.7701_11.2182,Cava Giove,bar_cafe,bar_cafe,https://raw.githubusercontent.com/pasqualelembo78/huntix-poi/main/italia/toscana/sconosciuta/pages/cava_giove_43.7701_11.2182.json,custom
43.770730,11.239574,osm_lo_schiaccia_vino_43.7707_11.2396,lo schiaccia vino,bar_cafe,bar_cafe,https://raw.githubusercontent.com/pasqualelembo78/huntix-poi/main/italia/toscana/sconosciuta/pages/lo_schiaccia_vino_43.7707_11.2396.json,custom
43.771497,11.235149,osm_pasticceria_pegaso_43.7715_11.2351,Pasticceria Pegaso,bar_cafe,bar_cafe,https://raw.githubusercontent.com/pasqualelembo78/huntix-poi/main/italia/toscana/sconosciuta/pages/pasticceria_pegaso_43.7715_11.2351.json,custom
43.416004,11.458857,osm_l_eroica_43.4160_11.4589,L'eroica,bar_cafe,bar_cafe,https://raw.githubusercontent.com/pasqualelembo78/huntix-poi/main/italia/toscana/sconosciuta/pages/leroica_43.4160_11.4589.json,custom
43.773726,11.233009,osm_bar_alessia_43.7737_11.2330,Bar Alessia,bar_cafe,bar_cafe,https://raw.githubusercontent.com/pasqualelembo78/huntix-poi/main/italia/toscana/sconosciuta/pages/bar_alessia_43.7737_11.2330.json,custom
43.773447,11.233885,osm_pasticceria_conti_e_figlio_43.7734_11.2339,Pasticceria Conti e Figlio,bar_cafe,bar_cafe,https://raw.githubusercontent.com/pasqualelembo78/huntix-poi/main/italia/toscana/sconosciuta/pages/pasticceria_conti_e_figlio_43.7734_11.2339.json,custom
43.772056,11.285963,osm_chi_pi_bar_43.7721_11.2860,Chi Pi Bar,bar_cafe,bar_cafe,https://raw.githubusercontent.com/pasqualelembo78/huntix-poi/main/italia/toscana/sconosciuta/pages/chi_pi_bar_43.7721_11.2860.json,custom
43.773469,11.295885,osm_cavini_43.7735_11.2959,Cavini,bar_cafe,bar_cafe,https://raw.githubusercontent.com/pasqualelembo78/huntix-poi/main/italia/toscana/sconosciuta/pages/cavini_43.7735_11.2959.json,custom
43.772509,11.284008,osm_bacci_43.7725_11.2840,Bacci,bar_cafe,bar_cafe,https://raw.githubusercontent.com/pasqualelembo78/huntix-poi/main/italia/toscana/sconosciuta/pages/bacci_43.7725_11.2840.json,custom
43.774393,11.286039,osm_bar_de_amicis_43.7744_11.2860,Bar De Amicis,bar_cafe,bar_cafe,https://raw.githubusercontent.com/pasqualelembo78/huntix-poi/main/italia/toscana/sconosciuta/pages/bar_de_amicis_43.7744_11.2860.json,custom
43.718897,10.947820,osm_cristal_43.7189_10.9478,Cristal,bar_cafe,bar_cafe,https://raw.githubusercontent.com/pasqualelembo78/huntix-poi/main/italia/toscana/sconosciuta/pages/cristal_43.7189_10.9478.json,custom
43.772445,11.257937,osm_dini_caff__43.7724_11.2579,Dini Caffè,bar_cafe,bar_cafe,https://raw.githubusercontent.com/pasqualelembo78/huntix-poi/main/italia/toscana/sconosciuta/pages/dini_caff_43.7724_11.2579.json,custom
43.783518,11.284663,osm_caff__moma_43.7835_11.2847,Caffè Moma,bar_cafe,bar_cafe,https://raw.githubusercontent.com/pasqualelembo78/huntix-poi/main/italia/toscana/sconosciuta/pages/caff_moma_43.7835_11.2847.json,custom
43.769490,11.298253,osm_bar_atlantic_43.7695_11.2983,Bar Atlantic,bar_cafe,bar_cafe,https://raw.githubusercontent.com/pasqualelembo78/huntix-poi/main/italia/toscana/sconosciuta/pages/bar_atlantic_43.7695_11.2983.json,custom
43.767868,11.238888,osm_i_sici_43.7679_11.2389,I Sici,bar_cafe,bar_cafe,https://raw.githubusercontent.com/pasqualelembo78/huntix-poi/main/italia/toscana/sconosciuta/pages/i_sici_43.7679_11.2389.json,custom
43.771544,11.259468,osm_reverse_43.7715_11.2595,Reverse,bar_cafe,bar_cafe,https://raw.githubusercontent.com/pasqualelembo78/huntix-poi/main/italia/toscana/sconosciuta/pages/reverse_43.7715_11.2595.json,custom
43.464477,11.881514,osm_dirty_rat_43.4645_11.8815,Dirty Rat,bar_cafe,bar_cafe,https://raw.githubusercontent.com/pasqualelembo78/huntix-poi/main/italia/toscana/sconosciuta/pages/dirty_rat_43.4645_11.8815.json,custom
43.464733,11.880756,osm_div__43.4647_11.8808,Divò,bar_cafe,bar_cafe,https://raw.githubusercontent.com/pasqualelembo78/huntix-poi/main/italia/toscana/sconosciuta/pages/div_43.4647_11.8808.json,custom
43.774897,11.258877,osm_bonaugo_43.7749_11.2589,Bonaugo,bar_cafe,bar_cafe,https://raw.githubusercontent.com/pasqualelembo78/huntix-poi/main/italia/toscana/sconosciuta/pages/bonaugo_43.7749_11.2589.json,custom
43.772162,11.256356,osm_ben_caff__43.7722_11.2564,Ben Caffè,bar_cafe,bar_cafe,https://raw.githubusercontent.com/pasqualelembo78/huntix-poi/main/italia/toscana/sconosciuta/pages/ben_caff_43.7722_11.2564.json,custom
43.772583,11.249325,osm_caffeteria_ottaviani_43.7726_11.2493,Caffeteria Ottaviani,bar_cafe,bar_cafe,https://raw.githubusercontent.com/pasqualelembo78/huntix-poi/main/italia/toscana/sconosciuta/pages/caffeteria_ottaviani_43.7726_11.2493.json,custom
43.791339,11.248133,osm_internet___phone_43.7913_11.2481,Internet & phone,bar_cafe,bar_cafe,https://raw.githubusercontent.com/pasqualelembo78/huntix-poi/main/italia/toscana/sconosciuta/pages/internet_phone_43.7913_11.2481.json,custom
43.699370,10.953993,osm_sofia_43.6994_10.9540,Sofia,bar_cafe,bar_cafe,https://raw.githubusercontent.com/pasqualelembo78/huntix-poi/main/italia/toscana/sconosciuta/pages/sofia_43.6994_10.9540.json,custom
43.816748,11.446688,osm_la_bottega_di_monterifrassine_43.8167_11.4467,La Bottega di Monterifrassine,bar_cafe,bar_cafe,https://raw.githubusercontent.com/pasqualelembo78/huntix-poi/main/italia/toscana/sconosciuta/pages/la_bottega_di_monterifrassine_43.8167_11.4467.json,custom
42.538016,12.031169,osm_caff__centrale_42.5380_12.0312,Caffè Centrale,bar_cafe,bar_cafe,https://raw.githubusercontent.com/pasqualelembo78/huntix-poi/main/italia/toscana/sconosciuta/pages/caff_centrale_42.5380_12.0312.json,custom
43.509696,10.318999,osm_baretto_tre_ponti_43.5097_10.3190,Baretto tre ponti,bar_cafe,bar_cafe,https://raw.githubusercontent.com/pasqualelembo78/huntix-poi/main/italia/toscana/sconosciuta/pages/baretto_tre_ponti_43.5097_10.3190.json,custom
42.217976,11.708906,osm_cin_cin_bar_42.2180_11.7089,Cin Cin Bar,bar_cafe,bar_cafe,https://raw.githubusercontent.com/pasqualelembo78/huntix-poi/main/italia/toscana/sconosciuta/pages/cin_cin_bar_42.2180_11.7089.json,custom
43.875639,11.321856,osm_bar_alimentari_bonini_43.8756_11.3219,Bar Alimentari Bonini,bar_cafe,bar_cafe,https://raw.githubusercontent.com/pasqualelembo78/huntix-poi/main/italia/toscana/sconosciuta/pages/bar_alimentari_bonini_43.8756_11.3219.json,custom
43.876099,11.321781,osm_circolo_arci_lecaselline_43.8761_11.3218,Circolo Arci LeCaselline,bar_cafe,bar_cafe,https://raw.githubusercontent.com/pasqualelembo78/huntix-poi/main/italia/toscana/sconosciuta/pages/circolo_arci_lecaselline_43.8761_11.3218.json,custom
43.768758,11.260294,osm_raviolo___raviolo_43.7688_11.2603,Raviolo & Raviolo,bar_cafe,bar_cafe,https://raw.githubusercontent.com/pasqualelembo78/huntix-poi/main/italia/toscana/sconosciuta/pages/raviolo_raviolo_43.7688_11.2603.json,custom
43.840673,10.617688,osm_pasticceria_toschi_43.8407_10.6177,Pasticceria Toschi,bar_cafe,bar_cafe,https://raw.githubusercontent.com/pasqualelembo78/huntix-poi/main/italia/toscana/sconosciuta/pages/pasticceria_toschi_43.8407_10.6177.json,custom
43.728722,10.807447,osm_movimento_cristiano_lavoratori_43.7287_10.8074,Movimento Cristiano Lavoratori,bar_cafe,bar_cafe,https://raw.githubusercontent.com/pasqualelembo78/huntix-poi/main/italia/toscana/sconosciuta/pages/movimento_cristiano_lavoratori_43.7287_10.8074.json,custom
43.680022,10.855683,osm_caff__buonaparte_43.6800_10.8557,Caffè Buonaparte,bar_cafe,bar_cafe,https://raw.githubusercontent.com/pasqualelembo78/huntix-poi/main/italia/toscana/sconosciuta/pages/caff_buonaparte_43.6800_10.8557.json,custom
43.775216,11.221414,osm_moka_flor_43.7752_11.2214,Moka flor,bar_cafe,bar_cafe,https://raw.githubusercontent.com/pasqualelembo78/huntix-poi/main/italia/toscana/sconosciuta/pages/moka_flor_43.7752_11.2214.json,custom
43.502119,11.004932,osm_circolo_arci_43.5021_11.0049,Circolo Arci,bar_cafe,bar_cafe,https://raw.githubusercontent.com/pasqualelembo78/huntix-poi/main/italia/toscana/sconosciuta/pages/circolo_arci_43.5021_11.0049.json,custom
43.350520,11.249382,osm_punto_sosta_la_villa_43.3505_11.2494,Punto Sosta La Villa,bar_cafe,bar_cafe,https://raw.githubusercontent.com/pasqualelembo78/huntix-poi/main/italia/toscana/sconosciuta/pages/punto_sosta_la_villa_43.3505_11.2494.json,custom
42.453646,11.421641,osm_barcaccia_42.4536_11.4216,BarCaccia,bar_cafe,bar_cafe,https://raw.githubusercontent.com/pasqualelembo78/huntix-poi/main/italia/toscana/sconosciuta/pages/barcaccia_42.4536_11.4216.json,custom
42.454552,11.419899,osm_magenta_7_42.4546_11.4199,Magenta 7,bar_cafe,bar_cafe,https://raw.githubusercontent.com/pasqualelembo78/huntix-poi/main/italia/toscana/sconosciuta/pages/magenta_7_42.4546_11.4199.json,custom
42.439584,11.117415,osm_bar_il_buco_42.4396_11.1174,Bar il Buco,bar_cafe,bar_cafe,https://raw.githubusercontent.com/pasqualelembo78/huntix-poi/main/italia/toscana/sconosciuta/pages/bar_il_buco_42.4396_11.1174.json,custom
42.685391,11.906747,osm_l_angolo_della_pizza_42.6854_11.9067,L'angolo della Pizza,bar_cafe,bar_cafe,https://raw.githubusercontent.com/pasqualelembo78/huntix-poi/main/italia/toscana/sconosciuta/pages/langolo_della_pizza_42.6854_11.9067.json,custom
43.306163,12.329254,osm_bar_traversini_43.3062_12.3293,Bar Traversini,bar_cafe,bar_cafe,https://raw.githubusercontent.com/pasqualelembo78/huntix-poi/main/italia/toscana/sconosciuta/pages/bar_traversini_43.3062_12.3293.json,custom
42.417165,12.105128,osm_centrale_42.4172_12.1051,Centrale,bar_cafe,bar_cafe,https://raw.githubusercontent.com/pasqualelembo78/huntix-poi/main/italia/toscana/sconosciuta/pages/centrale_42.4172_12.1051.json,custom
43.577671,11.246266,osm_divino_43.5777_11.2463,Divino,bar_cafe,bar_cafe,https://raw.githubusercontent.com/pasqualelembo78/huntix-poi/main/italia/toscana/sconosciuta/pages/divino_43.5777_11.2463.json,custom
43.547852,11.040213,osm_bar_italia_43.5479_11.0402,Bar Italia,bar_cafe,bar_cafe,https://raw.githubusercontent.com/pasqualelembo78/huntix-poi/main/italia/toscana/sconosciuta/pages/bar_italia_43.5479_11.0402.json,custom
43.765115,11.265411,osm_easy_living_kiosko_43.7651_11.2654,Easy living kiosko,bar_cafe,bar_cafe,https://raw.githubusercontent.com/pasqualelembo78/huntix-poi/main/italia/toscana/sconosciuta/pages/easy_living_kiosko_43.7651_11.2654.json,custom
43.934669,10.910124,osm_montuliveto_43.9347_10.9101,Montuliveto,bar_cafe,bar_cafe,https://raw.githubusercontent.com/pasqualelembo78/huntix-poi/main/italia/toscana/sconosciuta/pages/montuliveto_43.9347_10.9101.json,custom
42.621148,11.490756,osm_bar_il_glicine_42.6211_11.4908,Bar Il Glicine,bar_cafe,bar_cafe,https://raw.githubusercontent.com/pasqualelembo78/huntix-poi/main/italia/toscana/sconosciuta/pages/bar_il_glicine_42.6211_11.4908.json,custom
43.833851,10.505482,osm_gelato_mania_43.8339_10.5055,Gelato Mania,bar_cafe,bar_cafe,https://raw.githubusercontent.com/pasqualelembo78/huntix-poi/main/italia/toscana/sconosciuta/pages/gelato_mania_43.8339_10.5055.json,custom
43.780431,12.335638,osm_caffe_turismo_43.7804_12.3356,Caffe Turismo,bar_cafe,bar_cafe,https://raw.githubusercontent.com/pasqualelembo78/huntix-poi/main/italia/toscana/sconosciuta/pages/caffe_turismo_43.7804_12.3356.json,custom
42.090641,11.792073,osm_minimarket_42.0906_11.7921,Minimarket,bar_cafe,bar_cafe,https://raw.githubusercontent.com/pasqualelembo78/huntix-poi/main/italia/toscana/sconosciuta/pages/minimarket_42.0906_11.7921.json,custom
43.466243,12.245895,osm_bar_delle_alpi_43.4662_12.2459,Bar delle Alpi,bar_cafe,bar_cafe,https://raw.githubusercontent.com/pasqualelembo78/huntix-poi/main/italia/toscana/sconosciuta/pages/bar_delle_alpi_43.4662_12.2459.json,custom
42.943672,10.824951,osm_km_48_42.9437_10.8250,Km 48,bar_cafe,bar_cafe,https://raw.githubusercontent.com/pasqualelembo78/huntix-poi/main/italia/toscana/sconosciuta/pages/km_48_42.9437_10.8250.json,custom
43.555221,11.595610,osm_i_lupo_43.5552_11.5956,I'Lupo,bar_cafe,bar_cafe,https://raw.githubusercontent.com/pasqualelembo78/huntix-poi/main/italia/toscana/sconosciuta/pages/ilupo_43.5552_11.5956.json,custom
43.717360,10.456584,osm_circolo_arci_43.7174_10.4566,Circolo ARCI,bar_cafe,bar_cafe,https://raw.githubusercontent.com/pasqualelembo78/huntix-poi/main/italia/toscana/sconosciuta/pages/circolo_arci_43.7174_10.4566.json,custom
42.804106,10.735871,osm_bamboo_bar_42.8041_10.7359,Bamboo Bar,bar_cafe,bar_cafe,https://raw.githubusercontent.com/pasqualelembo78/huntix-poi/main/italia/toscana/sconosciuta/pages/bamboo_bar_42.8041_10.7359.json,custom
42.804531,10.736648,osm_wasabi_lounge_42.8045_10.7366,Wasabi Lounge,bar_cafe,bar_cafe,https://raw.githubusercontent.com/pasqualelembo78/huntix-poi/main/italia/toscana/sconosciuta/pages/wasabi_lounge_42.8045_10.7366.json,custom
43.432667,11.067844,osm_punto_di_ristoro_sulla_via_francigena_43.4327_11.0678,Punto di Ristoro sulla Via Francigena,bar_cafe,bar_cafe,https://raw.githubusercontent.com/pasqualelembo78/huntix-poi/main/italia/toscana/sconosciuta/pages/punto_di_ristoro_sulla_via_francigena_43.4327_11.0678.json,custom
42.727346,10.375511,osm_cocktail___snack_bar_villa_miramare_42.7273_10.3755,Cocktail & Snack Bar Villa Miramare,bar_cafe,bar_cafe,https://raw.githubusercontent.com/pasqualelembo78/huntix-poi/main/italia/toscana/sconosciuta/pages/cocktail_snack_bar_villa_miramare_42.7273_10.3755.json,custom
43.049089,9.844768,osm_il_saracino_43.0491_9.8448,Il Saracino,bar_cafe,bar_cafe,https://raw.githubusercontent.com/pasqualelembo78/huntix-poi/main/italia/toscana/sconosciuta/pages/il_saracino_43.0491_9.8448.json,custom
43.769316,11.259335,osm_icecream_43.7693_11.2593,IceCream,bar_cafe,bar_cafe,https://raw.githubusercontent.com/pasqualelembo78/huntix-poi/main/italia/toscana/sconosciuta/pages/icecream_43.7693_11.2593.json,custom
42.295288,11.634296,osm_bikini_bar_42.2953_11.6343,Bikini Bar,bar_cafe,bar_cafe,https://raw.githubusercontent.com/pasqualelembo78/huntix-poi/main/italia/toscana/sconosciuta/pages/bikini_bar_42.2953_11.6343.json,custom
43.767202,11.253215,osm_o_caf__43.7672_11.2532,O’cafè,bar_cafe,bar_cafe,https://raw.githubusercontent.com/pasqualelembo78/huntix-poi/main/italia/toscana/sconosciuta/pages/ocaf_43.7672_11.2532.json,custom
43.771166,11.251754,osm_giacosa_43.7712_11.2518,giacosa,bar_cafe,bar_cafe,https://raw.githubusercontent.com/pasqualelembo78/huntix-poi/main/italia/toscana/sconosciuta/pages/giacosa_43.7712_11.2518.json,custom
43.467062,11.043829,osm_divinum_enoteca_43.4671_11.0438,Divinum enoteca,bar_cafe,bar_cafe,https://raw.githubusercontent.com/pasqualelembo78/huntix-poi/main/italia/toscana/sconosciuta/pages/divinum_enoteca_43.4671_11.0438.json,custom
43.573168,10.333449,osm_lanterna_caff__43.5732_10.3334,Lanterna caffè,bar_cafe,bar_cafe,https://raw.githubusercontent.com/pasqualelembo78/huntix-poi/main/italia/toscana/sconosciuta/pages/lanterna_caff_43.5732_10.3334.json,custom
43.578006,10.340647,osm_bar_paradise_43.5780_10.3406,Bar paradise,bar_cafe,bar_cafe,https://raw.githubusercontent.com/pasqualelembo78/huntix-poi/main/italia/toscana/sconosciuta/pages/bar_paradise_43.5780_10.3406.json,custom
42.554144,11.134543,osm_bar_il_porto_42.5541_11.1345,Bar il Porto,bar_cafe,bar_cafe,https://raw.githubusercontent.com/pasqualelembo78/huntix-poi/main/italia/toscana/sconosciuta/pages/bar_il_porto_42.5541_11.1345.json,custom
43.249298,11.818083,osm_bar_il_mulino_43.2493_11.8181,Bar Il Mulino,bar_cafe,bar_cafe,https://raw.githubusercontent.com/pasqualelembo78/huntix-poi/main/italia/toscana/sconosciuta/pages/bar_il_mulino_43.2493_11.8181.json,custom
43.545640,10.313367,osm_palcoscenico_bar_43.5456_10.3134,Palcoscenico bar,bar_cafe,bar_cafe,https://raw.githubusercontent.com/pasqualelembo78/huntix-poi/main/italia/toscana/sconosciuta/pages/palcoscenico_bar_43.5456_10.3134.json,custom
42.994617,10.513540,osm_sun_beach_bar_42.9946_10.5135,Sun beach bar,bar_cafe,bar_cafe,https://raw.githubusercontent.com/pasqualelembo78/huntix-poi/main/italia/toscana/sconosciuta/pages/sun_beach_bar_42.9946_10.5135.json,custom
43.868818,10.260267,osm_bar_l_onda_43.8688_10.2603,bar l'onda,bar_cafe,bar_cafe,https://raw.githubusercontent.com/pasqualelembo78/huntix-poi/main/italia/toscana/sconosciuta/pages/bar_londa_43.8688_10.2603.json,custom
43.467194,11.043507,osm_caffetteria_dell__olmo_43.4672_11.0435,Caffetteria Dell' Olmo,bar_cafe,bar_cafe,https://raw.githubusercontent.com/pasqualelembo78/huntix-poi/main/italia/toscana/sconosciuta/pages/caffetteria_dell_olmo_43.4672_11.0435.json,custom
43.644232,10.285580,osm_l_alba_big_fish_43.6442_10.2856,L'Alba Big Fish,bar_cafe,bar_cafe,https://raw.githubusercontent.com/pasqualelembo78/huntix-poi/main/italia/toscana/sconosciuta/pages/lalba_big_fish_43.6442_10.2856.json,custom
43.715148,10.405499,osm_scalo_roncioni_music_lounge_43.7151_10.4055,Scalo Roncioni Music Lounge,bar_cafe,bar_cafe,https://raw.githubusercontent.com/pasqualelembo78/huntix-poi/main/italia/toscana/sconosciuta/pages/scalo_roncioni_music_lounge_43.7151_10.4055.json,custom
42.011153,12.489181,osm_snack_bar_montebello_42.0112_12.4892,Snack Bar Montebello,bar_cafe,bar_cafe,https://raw.githubusercontent.com/pasqualelembo78/huntix-poi/main/italia/toscana/sconosciuta/pages/snack_bar_montebello_42.0112_12.4892.json,custom
43.464026,11.881991,osm_my_way_bar_43.4640_11.8820,My way Bar,bar_cafe,bar_cafe,https://raw.githubusercontent.com/pasqualelembo78/huntix-poi/main/italia/toscana/sconosciuta/pages/my_way_bar_43.4640_11.8820.json,custom
43.783372,11.218808,osm_parc_bistr__43.7834_11.2188,Parc Bistrò,bar_cafe,bar_cafe,https://raw.githubusercontent.com/pasqualelembo78/huntix-poi/main/italia/toscana/sconosciuta/pages/parc_bistr_43.7834_11.2188.json,custom
43.461615,11.118792,osm_birrificio_26_nero_43.4616_11.1188,Birrificio 26 Nero,bar_cafe,bar_cafe,https://raw.githubusercontent.com/pasqualelembo78/huntix-poi/main/italia/toscana/sconosciuta/pages/birrificio_26_nero_43.4616_11.1188.json,custom
43.773283,11.216246,osm_bar_camera_caff__43.7733_11.2162,Bar Camera Caffè,bar_cafe,bar_cafe,https://raw.githubusercontent.com/pasqualelembo78/huntix-poi/main/italia/toscana/sconosciuta/pages/bar_camera_caff_43.7733_11.2162.json,custom
43.773777,11.254700,osm_sapori___dintorni_conad_43.7738_11.2547,Sapori & Dintorni Conad,bar_cafe,bar_cafe,https://raw.githubusercontent.com/pasqualelembo78/huntix-poi/main/italia/toscana/sconosciuta/pages/sapori_dintorni_conad_43.7738_11.2547.json,custom
43.573051,12.138821,osm_bar_di_via_marconi_43.5731_12.1388,Bar di Via Marconi,bar_cafe,bar_cafe,https://raw.githubusercontent.com/pasqualelembo78/huntix-poi/main/italia/toscana/sconosciuta/pages/bar_di_via_marconi_43.5731_12.1388.json,custom
43.176738,10.539732,osm_frullando_43.1767_10.5397,Frullando,bar_cafe,bar_cafe,https://raw.githubusercontent.com/pasqualelembo78/huntix-poi/main/italia/toscana/sconosciuta/pages/frullando_43.1767_10.5397.json,custom
43.464146,11.876805,osm_tanger_43.4641_11.8768,Tanger,bar_cafe,bar_cafe,https://raw.githubusercontent.com/pasqualelembo78/huntix-poi/main/italia/toscana/sconosciuta/pages/tanger_43.4641_11.8768.json,custom
43.840073,10.515199,osm_la_cafetteria_bar_43.8401_10.5152,La Cafetteria Bar,bar_cafe,bar_cafe,https://raw.githubusercontent.com/pasqualelembo78/huntix-poi/main/italia/toscana/sconosciuta/pages/la_cafetteria_bar_43.8401_10.5152.json,custom
43.142588,11.122954,osm_bar_pizzeria_il_palazzetto_43.1426_11.1230,Bar Pizzeria Il Palazzetto,bar_cafe,bar_cafe,https://raw.githubusercontent.com/pasqualelembo78/huntix-poi/main/italia/toscana/sconosciuta/pages/bar_pizzeria_il_palazzetto_43.1426_11.1230.json,custom
43.357309,11.841404,osm_la_bottega_di_frassineto_43.3573_11.8414,La bottega di Frassineto,bar_cafe,bar_cafe,https://raw.githubusercontent.com/pasqualelembo78/huntix-poi/main/italia/toscana/sconosciuta/pages/la_bottega_di_frassineto_43.3573_11.8414.json,custom
42.210682,12.479155,osm_bar_della_stazione_42.2107_12.4792,Bar della Stazione,bar_cafe,bar_cafe,https://raw.githubusercontent.com/pasqualelembo78/huntix-poi/main/italia/toscana/sconosciuta/pages/bar_della_stazione_42.2107_12.4792.json,custom
42.210622,12.479510,osm_roxy_bar_42.2106_12.4795,Roxy Bar,bar_cafe,bar_cafe,https://raw.githubusercontent.com/pasqualelembo78/huntix-poi/main/italia/toscana/sconosciuta/pages/roxy_bar_42.2106_12.4795.json,custom
42.802457,10.361075,osm_beach_bar_42.8025_10.3611,Beach Bar,bar_cafe,bar_cafe,https://raw.githubusercontent.com/pasqualelembo78/huntix-poi/main/italia/toscana/sconosciuta/pages/beach_bar_42.8025_10.3611.json,custom
43.568317,12.150389,osm_le_briganti_43.5683_12.1504,Le Briganti,bar_cafe,bar_cafe,https://raw.githubusercontent.com/pasqualelembo78/huntix-poi/main/italia/toscana/sconosciuta/pages/le_briganti_43.5683_12.1504.json,custom
42.416359,12.105100,osm_san_leonardo_42.4164_12.1051,San Leonardo,bar_cafe,bar_cafe,https://raw.githubusercontent.com/pasqualelembo78/huntix-poi/main/italia/toscana/sconosciuta/pages/san_leonardo_42.4164_12.1051.json,custom
43.539620,10.793159,osm_campani_43.5396_10.7932,Campani,bar_cafe,bar_cafe,https://raw.githubusercontent.com/pasqualelembo78/huntix-poi/main/italia/toscana/sconosciuta/pages/campani_43.5396_10.7932.json,custom
43.883604,11.349477,osm_caf__salumeria_franco_43.8836_11.3495,Café Salumeria Franco,bar_cafe,bar_cafe,https://raw.githubusercontent.com/pasqualelembo78/huntix-poi/main/italia/toscana/sconosciuta/pages/caf_salumeria_franco_43.8836_11.3495.json,custom
43.725813,10.397992,osm_senduicce_cafe_43.7258_10.3980,Senduicce Cafe,bar_cafe,bar_cafe,https://raw.githubusercontent.com/pasqualelembo78/huntix-poi/main/italia/toscana/sconosciuta/pages/senduicce_cafe_43.7258_10.3980.json,custom
43.725248,10.397763,osm_matilde_caf__43.7252_10.3978,Matilde cafè,bar_cafe,bar_cafe,https://raw.githubusercontent.com/pasqualelembo78/huntix-poi/main/italia/toscana/sconosciuta/pages/matilde_caf_43.7252_10.3978.json,custom
43.761736,11.310660,osm_societ__ricreativa_mutuo_soccorso_nave_a_43.7617_11.3107,Società Ricreativa Mutuo Soccorso Nave a Rovezzano,bar_cafe,bar_cafe,https://raw.githubusercontent.com/pasqualelembo78/huntix-poi/main/italia/toscana/sconosciuta/pages/societ_ricreativa_mutuo_soccorso_nave_a__43.7617_11.3107.json,custom
43.535061,11.461724,osm_circolo_arci_43.5351_11.4617,Circolo ARCI,bar_cafe,bar_cafe,https://raw.githubusercontent.com/pasqualelembo78/huntix-poi/main/italia/toscana/sconosciuta/pages/circolo_arci_43.5351_11.4617.json,custom
43.541722,11.453904,osm_cirolo_arci_43.5417_11.4539,Cirolo ARCI,bar_cafe,bar_cafe,https://raw.githubusercontent.com/pasqualelembo78/huntix-poi/main/italia/toscana/sconosciuta/pages/cirolo_arci_43.5417_11.4539.json,custom
43.807699,11.235132,osm_circolo_ricreativo_le_tre_pietre_43.8077_11.2351,Circolo Ricreativo Le Tre Pietre,bar_cafe,bar_cafe,https://raw.githubusercontent.com/pasqualelembo78/huntix-poi/main/italia/toscana/sconosciuta/pages/circolo_ricreativo_le_tre_pietre_43.8077_11.2351.json,custom
43.810452,11.233867,osm_bar_pasticceria_il_pino_43.8105_11.2339,Bar Pasticceria Il Pino,bar_cafe,bar_cafe,https://raw.githubusercontent.com/pasqualelembo78/huntix-poi/main/italia/toscana/sconosciuta/pages/bar_pasticceria_il_pino_43.8105_11.2339.json,custom
43.461908,11.880691,osm_stilnovo_43.4619_11.8807,Stilnovo,bar_cafe,bar_cafe,https://raw.githubusercontent.com/pasqualelembo78/huntix-poi/main/italia/toscana/sconosciuta/pages/stilnovo_43.4619_11.8807.json,custom
43.460914,11.879492,osm_tinto_bar_43.4609_11.8795,Tinto Bar,bar_cafe,bar_cafe,https://raw.githubusercontent.com/pasqualelembo78/huntix-poi/main/italia/toscana/sconosciuta/pages/tinto_bar_43.4609_11.8795.json,custom
43.772166,11.255021,osm_la_congrega_43.7722_11.2550,La Congrega,bar_cafe,bar_cafe,https://raw.githubusercontent.com/pasqualelembo78/huntix-poi/main/italia/toscana/sconosciuta/pages/la_congrega_43.7722_11.2550.json,custom
42.765421,10.397115,osm_casella_42.7654_10.3971,Casella,bar_cafe,bar_cafe,https://raw.githubusercontent.com/pasqualelembo78/huntix-poi/main/italia/toscana/sconosciuta/pages/casella_42.7654_10.3971.json,custom
43.933313,11.465061,osm_la_bottega_di_sghio_43.9333_11.4651,La bottega di Sghio,bar_cafe,bar_cafe,https://raw.githubusercontent.com/pasqualelembo78/huntix-poi/main/italia/toscana/sconosciuta/pages/la_bottega_di_sghio_43.9333_11.4651.json,custom
43.777103,11.269424,osm_bar_donatello_43.7771_11.2694,Bar Donatello,bar_cafe,bar_cafe,https://raw.githubusercontent.com/pasqualelembo78/huntix-poi/main/italia/toscana/sconosciuta/pages/bar_donatello_43.7771_11.2694.json,custom
42.393629,11.495019,osm_eden_bar_42.3936_11.4950,Eden bar,bar_cafe,bar_cafe,https://raw.githubusercontent.com/pasqualelembo78/huntix-poi/main/italia/toscana/sconosciuta/pages/eden_bar_42.3936_11.4950.json,custom
43.776446,11.275470,osm_antico_caff__43.7764_11.2755,Antico Caffè,bar_cafe,bar_cafe,https://raw.githubusercontent.com/pasqualelembo78/huntix-poi/main/italia/toscana/sconosciuta/pages/antico_caff_43.7764_11.2755.json,custom
43.795260,11.240636,osm_pin_up_caf__43.7953_11.2406,Pin Up Cafè,bar_cafe,bar_cafe,https://raw.githubusercontent.com/pasqualelembo78/huntix-poi/main/italia/toscana/sconosciuta/pages/pin_up_caf_43.7953_11.2406.json,custom
43.460921,11.881850,osm_millemolliche_43.4609_11.8819,Millemolliche,bar_cafe,bar_cafe,https://raw.githubusercontent.com/pasqualelembo78/huntix-poi/main/italia/toscana/sconosciuta/pages/millemolliche_43.4609_11.8819.json,custom
43.085996,11.548877,osm_pasticceria_ticci_43.0860_11.5489,Pasticceria Ticci,bar_cafe,bar_cafe,https://raw.githubusercontent.com/pasqualelembo78/huntix-poi/main/italia/toscana/sconosciuta/pages/pasticceria_ticci_43.0860_11.5489.json,custom
43.796522,11.239949,osm_caff__pasticceria_serafini_43.7965_11.2399,Caffè Pasticceria Serafini,bar_cafe,bar_cafe,https://raw.githubusercontent.com/pasqualelembo78/huntix-poi/main/italia/toscana/sconosciuta/pages/caff_pasticceria_serafini_43.7965_11.2399.json,custom
43.797525,11.239587,osm_quell_altre_bistrot_43.7975_11.2396,Quell'Altre Bistrot,bar_cafe,bar_cafe,https://raw.githubusercontent.com/pasqualelembo78/huntix-poi/main/italia/toscana/sconosciuta/pages/quellaltre_bistrot_43.7975_11.2396.json,custom
43.798947,11.239796,osm_spritzeria_fiorentina_43.7989_11.2398,Spritzeria Fiorentina,bar_cafe,bar_cafe,https://raw.githubusercontent.com/pasqualelembo78/huntix-poi/main/italia/toscana/sconosciuta/pages/spritzeria_fiorentina_43.7989_11.2398.json,custom
43.806933,11.239466,osm_i_dolci_di_marco_43.8069_11.2395,I Dolci di Marco,bar_cafe,bar_cafe,https://raw.githubusercontent.com/pasqualelembo78/huntix-poi/main/italia/toscana/sconosciuta/pages/i_dolci_di_marco_43.8069_11.2395.json,custom
43.780889,11.243731,osm_rusty_bar_43.7809_11.2437,Rusty Bar,bar_cafe,bar_cafe,https://raw.githubusercontent.com/pasqualelembo78/huntix-poi/main/italia/toscana/sconosciuta/pages/rusty_bar_43.7809_11.2437.json,custom
43.779665,11.244525,osm_ninfa_bar_43.7797_11.2445,Ninfa Bar,bar_cafe,bar_cafe,https://raw.githubusercontent.com/pasqualelembo78/huntix-poi/main/italia/toscana/sconosciuta/pages/ninfa_bar_43.7797_11.2445.json,custom
42.880913,11.677611,osm_bar_degli_ortefossi_42.8809_11.6776,Bar degli Ortefossi,bar_cafe,bar_cafe,https://raw.githubusercontent.com/pasqualelembo78/huntix-poi/main/italia/toscana/sconosciuta/pages/bar_degli_ortefossi_42.8809_11.6776.json,custom
42.881296,11.677582,osm_bar_dei_tigli_42.8813_11.6776,Bar dei Tigli,bar_cafe,bar_cafe,https://raw.githubusercontent.com/pasqualelembo78/huntix-poi/main/italia/toscana/sconosciuta/pages/bar_dei_tigli_42.8813_11.6776.json,custom
43.714206,10.400725,osm_winnie_43.7142_10.4007,Winnie,bar_cafe,bar_cafe,https://raw.githubusercontent.com/pasqualelembo78/huntix-poi/main/italia/toscana/sconosciuta/pages/winnie_43.7142_10.4007.json,custom
43.685274,10.554050,osm_circolo_s__andrea_43.6853_10.5541,Circolo S. Andrea,bar_cafe,bar_cafe,https://raw.githubusercontent.com/pasqualelembo78/huntix-poi/main/italia/toscana/sconosciuta/pages/circolo_s_andrea_43.6853_10.5541.json,custom
43.420177,11.127868,osm_bianco_rosso_43.4202_11.1279,Bianco Rosso,bar_cafe,bar_cafe,https://raw.githubusercontent.com/pasqualelembo78/huntix-poi/main/italia/toscana/sconosciuta/pages/bianco_rosso_43.4202_11.1279.json,custom
43.801997,11.200092,osm_buoni___belli_43.8020_11.2001,Buoni & Belli,bar_cafe,bar_cafe,https://raw.githubusercontent.com/pasqualelembo78/huntix-poi/main/italia/toscana/sconosciuta/pages/buoni_belli_43.8020_11.2001.json,custom
43.694564,11.817309,osm_birreria_bifrons_43.6946_11.8173,Birreria Bifrons,bar_cafe,bar_cafe,https://raw.githubusercontent.com/pasqualelembo78/huntix-poi/main/italia/toscana/sconosciuta/pages/birreria_bifrons_43.6946_11.8173.json,custom
43.417446,11.130427,osm_bar_colle_43.4174_11.1304,Bar Colle,bar_cafe,bar_cafe,https://raw.githubusercontent.com/pasqualelembo78/huntix-poi/main/italia/toscana/sconosciuta/pages/bar_colle_43.4174_11.1304.json,custom
43.598131,10.735250,osm_dar__giannini_1880_43.5981_10.7353,Dar' Giannini 1880,bar_cafe,bar_cafe,https://raw.githubusercontent.com/pasqualelembo78/huntix-poi/main/italia/toscana/sconosciuta/pages/dar_giannini_1880_43.5981_10.7353.json,custom
43.717760,10.402088,osm_bocconcino_43.7178_10.4021,Bocconcino,bar_cafe,bar_cafe,https://raw.githubusercontent.com/pasqualelembo78/huntix-poi/main/italia/toscana/sconosciuta/pages/bocconcino_43.7178_10.4021.json,custom
42.319621,12.056422,osm_times_bar_42.3196_12.0564,Times Bar,bar_cafe,bar_cafe,https://raw.githubusercontent.com/pasqualelembo78/huntix-poi/main/italia/toscana/sconosciuta/pages/times_bar_42.3196_12.0564.json,custom
42.316908,12.061316,osm_villa_caf__42.3169_12.0613,VilLa Cafè,bar_cafe,bar_cafe,https://raw.githubusercontent.com/pasqualelembo78/huntix-poi/main/italia/toscana/sconosciuta/pages/villa_caf_42.3169_12.0613.json,custom
43.693260,10.842429,osm_bar_pasticceria_benvenuti_43.6933_10.8424,Bar Pasticceria Benvenuti,bar_cafe,bar_cafe,https://raw.githubusercontent.com/pasqualelembo78/huntix-poi/main/italia/toscana/sconosciuta/pages/bar_pasticceria_benvenuti_43.6933_10.8424.json,custom
43.729305,10.808567,osm_bar_pasticceria_ippolito_43.7293_10.8086,Bar Pasticceria Ippolito,bar_cafe,bar_cafe,https://raw.githubusercontent.com/pasqualelembo78/huntix-poi/main/italia/toscana/sconosciuta/pages/bar_pasticceria_ippolito_43.7293_10.8086.json,custom
43.389773,11.223643,osm_la_bottega_del_castello_43.3898_11.2236,La Bottega del Castello,bar_cafe,bar_cafe,https://raw.githubusercontent.com/pasqualelembo78/huntix-poi/main/italia/toscana/sconosciuta/pages/la_bottega_del_castello_43.3898_11.2236.json,custom
43.953860,11.387008,osm_passaguai_43.9539_11.3870,Passaguai,bar_cafe,bar_cafe,https://raw.githubusercontent.com/pasqualelembo78/huntix-poi/main/italia/toscana/sconosciuta/pages/passaguai_43.9539_11.3870.json,custom
42.094361,11.790428,osm_saraudi_s_bar_42.0944_11.7904,Saraudi’s Bar,bar_cafe,bar_cafe,https://raw.githubusercontent.com/pasqualelembo78/huntix-poi/main/italia/toscana/sconosciuta/pages/saraudis_bar_42.0944_11.7904.json,custom
43.543145,10.313443,osm_botanic_43.5431_10.3134,Botanic,bar_cafe,bar_cafe,https://raw.githubusercontent.com/pasqualelembo78/huntix-poi/main/italia/toscana/sconosciuta/pages/botanic_43.5431_10.3134.json,custom
43.711118,10.399027,osm_openpi_43.7111_10.3990,OpenPI,bar_cafe,bar_cafe,https://raw.githubusercontent.com/pasqualelembo78/huntix-poi/main/italia/toscana/sconosciuta/pages/openpi_43.7111_10.3990.json,custom
43.851111,11.053437,osm_bar_andrea_43.8511_11.0534,Bar Andrea,bar_cafe,bar_cafe,https://raw.githubusercontent.com/pasqualelembo78/huntix-poi/main/italia/toscana/sconosciuta/pages/bar_andrea_43.8511_11.0534.json,custom
43.848580,11.059335,osm_rave_caf__43.8486_11.0593,Rave cafè,bar_cafe,bar_cafe,https://raw.githubusercontent.com/pasqualelembo78/huntix-poi/main/italia/toscana/sconosciuta/pages/rave_caf_43.8486_11.0593.json,custom
43.789926,11.268031,osm_panineria_la_faentina_43.7899_11.2680,Panineria La Faentina,bar_cafe,bar_cafe,https://raw.githubusercontent.com/pasqualelembo78/huntix-poi/main/italia/toscana/sconosciuta/pages/panineria_la_faentina_43.7899_11.2680.json,custom
43.721458,10.397286,osm_bar_costa_43.7215_10.3973,Bar Costa,bar_cafe,bar_cafe,https://raw.githubusercontent.com/pasqualelembo78/huntix-poi/main/italia/toscana/sconosciuta/pages/bar_costa_43.7215_10.3973.json,custom
43.778610,11.257404,osm_kitsch_43.7786_11.2574,Kitsch,bar_cafe,bar_cafe,https://raw.githubusercontent.com/pasqualelembo78/huntix-poi/main/italia/toscana/sconosciuta/pages/kitsch_43.7786_11.2574.json,custom
42.872738,11.071258,osm_bar_pizzeria_interno_44_42.8727_11.0713,Bar Pizzeria Interno 44,bar_cafe,bar_cafe,https://raw.githubusercontent.com/pasqualelembo78/huntix-poi/main/italia/toscana/sconosciuta/pages/bar_pizzeria_interno_44_42.8727_11.0713.json,custom
43.752848,11.245420,osm_il_poggio_43.7528_11.2454,Il Poggio,bar_cafe,bar_cafe,https://raw.githubusercontent.com/pasqualelembo78/huntix-poi/main/italia/toscana/sconosciuta/pages/il_poggio_43.7528_11.2454.json,custom
43.733298,11.218569,osm_la_gora_43.7333_11.2186,La Gora,bar_cafe,bar_cafe,https://raw.githubusercontent.com/pasqualelembo78/huntix-poi/main/italia/toscana/sconosciuta/pages/la_gora_43.7333_11.2186.json,custom
42.979955,10.683391,osm_bar_il_cipresso_42.9800_10.6834,Bar Il Cipresso,bar_cafe,bar_cafe,https://raw.githubusercontent.com/pasqualelembo78/huntix-poi/main/italia/toscana/sconosciuta/pages/bar_il_cipresso_42.9800_10.6834.json,custom
43.045510,10.888853,osm_snack_bar_le_monacelle_43.0455_10.8889,Snack Bar Le Monacelle,bar_cafe,bar_cafe,https://raw.githubusercontent.com/pasqualelembo78/huntix-poi/main/italia/toscana/sconosciuta/pages/snack_bar_le_monacelle_43.0455_10.8889.json,custom
43.050854,10.893734,osm_la_piazzetta_snack_bar_43.0509_10.8937,la piazzetta snack bar,bar_cafe,bar_cafe,https://raw.githubusercontent.com/pasqualelembo78/huntix-poi/main/italia/toscana/sconosciuta/pages/la_piazzetta_snack_bar_43.0509_10.8937.json,custom
43.049619,10.895920,osm_sweet_brea_43.0496_10.8959,Sweet Brea,bar_cafe,bar_cafe,https://raw.githubusercontent.com/pasqualelembo78/huntix-poi/main/italia/toscana/sconosciuta/pages/sweet_brea_43.0496_10.8959.json,custom
42.362717,12.481345,osm_monkeys_bar_42.3627_12.4813,Monkeys Bar,bar_cafe,bar_cafe,https://raw.githubusercontent.com/pasqualelembo78/huntix-poi/main/italia/toscana/sconosciuta/pages/monkeys_bar_42.3627_12.4813.json,custom
43.588436,10.476578,osm_bar_italia_43.5884_10.4766,Bar Italia,bar_cafe,bar_cafe,https://raw.githubusercontent.com/pasqualelembo78/huntix-poi/main/italia/toscana/sconosciuta/pages/bar_italia_43.5884_10.4766.json,custom
43.894571,11.030757,osm_il_malandrino_43.8946_11.0308,Il Malandrino,bar_cafe,bar_cafe,https://raw.githubusercontent.com/pasqualelembo78/huntix-poi/main/italia/toscana/sconosciuta/pages/il_malandrino_43.8946_11.0308.json,custom
43.033775,10.595497,osm_enoteca_da_furio_43.0338_10.5955,Enoteca da Furio,bar_cafe,bar_cafe,https://raw.githubusercontent.com/pasqualelembo78/huntix-poi/main/italia/toscana/sconosciuta/pages/enoteca_da_furio_43.0338_10.5955.json,custom
43.028753,10.601709,osm_blubar_43.0288_10.6017,BluBar,bar_cafe,bar_cafe,https://raw.githubusercontent.com/pasqualelembo78/huntix-poi/main/italia/toscana/sconosciuta/pages/blubar_43.0288_10.6017.json,custom
43.026059,10.609184,osm_ristobar_dolcecaff__43.0261_10.6092,ristobar dolcecaffè,bar_cafe,bar_cafe,https://raw.githubusercontent.com/pasqualelembo78/huntix-poi/main/italia/toscana/sconosciuta/pages/ristobar_dolcecaff_43.0261_10.6092.json,custom
43.024828,10.600909,osm_angolo_caf__43.0248_10.6009,Angolo cafè,bar_cafe,bar_cafe,https://raw.githubusercontent.com/pasqualelembo78/huntix-poi/main/italia/toscana/sconosciuta/pages/angolo_caf_43.0248_10.6009.json,custom
43.029990,10.602303,osm_il_clan_43.0300_10.6023,il Clan,bar_cafe,bar_cafe,https://raw.githubusercontent.com/pasqualelembo78/huntix-poi/main/italia/toscana/sconosciuta/pages/il_clan_43.0300_10.6023.json,custom
43.019076,10.596702,osm_gran_caff__carnaby_street_43.0191_10.5967,Gran Caffè Carnaby Street,bar_cafe,bar_cafe,https://raw.githubusercontent.com/pasqualelembo78/huntix-poi/main/italia/toscana/sconosciuta/pages/gran_caff_carnaby_street_43.0191_10.5967.json,custom
43.766996,11.188175,osm_i__gallo_43.7670_11.1882,I' Gallo,bar_cafe,bar_cafe,https://raw.githubusercontent.com/pasqualelembo78/huntix-poi/main/italia/toscana/sconosciuta/pages/i_gallo_43.7670_11.1882.json,custom
43.767336,11.190020,osm_the_bomb_43.7673_11.1900,The Bomb,bar_cafe,bar_cafe,https://raw.githubusercontent.com/pasqualelembo78/huntix-poi/main/italia/toscana/sconosciuta/pages/the_bomb_43.7673_11.1900.json,custom
43.764573,11.210081,osm_pasticceria_conti_43.7646_11.2101,Pasticceria Conti,bar_cafe,bar_cafe,https://raw.githubusercontent.com/pasqualelembo78/huntix-poi/main/italia/toscana/sconosciuta/pages/pasticceria_conti_43.7646_11.2101.json,custom
43.831184,11.287726,osm_antica_salumeria_da_tremoto_43.8312_11.2877,Antica Salumeria da Tremoto,bar_cafe,bar_cafe,https://raw.githubusercontent.com/pasqualelembo78/huntix-poi/main/italia/toscana/sconosciuta/pages/antica_salumeria_da_tremoto_43.8312_11.2877.json,custom
43.831937,10.516685,osm_piccolo_bar_43.8319_10.5167,Piccolo bar,bar_cafe,bar_cafe,https://raw.githubusercontent.com/pasqualelembo78/huntix-poi/main/italia/toscana/sconosciuta/pages/piccolo_bar_43.8319_10.5167.json,custom
43.953814,11.910147,osm_hangar_caf__43.9538_11.9101,Hangar Cafè,bar_cafe,bar_cafe,https://raw.githubusercontent.com/pasqualelembo78/huntix-poi/main/italia/toscana/sconosciuta/pages/hangar_caf_43.9538_11.9101.json,custom
43.620538,10.633828,osm_circolo_toniolo_43.6205_10.6338,Circolo Toniolo,bar_cafe,bar_cafe,https://raw.githubusercontent.com/pasqualelembo78/huntix-poi/main/italia/toscana/sconosciuta/pages/circolo_toniolo_43.6205_10.6338.json,custom
43.891632,10.661694,osm_torrefazione_new_york_43.8916_10.6617,Torrefazione New York,bar_cafe,bar_cafe,https://raw.githubusercontent.com/pasqualelembo78/huntix-poi/main/italia/toscana/sconosciuta/pages/torrefazione_new_york_43.8916_10.6617.json,custom
43.722448,10.413443,osm_bar_caprice_43.7224_10.4134,Bar Caprice,bar_cafe,bar_cafe,https://raw.githubusercontent.com/pasqualelembo78/huntix-poi/main/italia/toscana/sconosciuta/pages/bar_caprice_43.7224_10.4134.json,custom
43.252670,11.817604,osm_caff__costa_di_san_rocco_43.2527_11.8176,Caffè Costa di San Rocco,bar_cafe,bar_cafe,https://raw.githubusercontent.com/pasqualelembo78/huntix-poi/main/italia/toscana/sconosciuta/pages/caff_costa_di_san_rocco_43.2527_11.8176.json,custom
42.923429,10.527756,osm_bar_falesia_42.9234_10.5278,Bar Falesia,bar_cafe,bar_cafe,https://raw.githubusercontent.com/pasqualelembo78/huntix-poi/main/italia/toscana/sconosciuta/pages/bar_falesia_42.9234_10.5278.json,custom
42.921283,10.529811,osm_barrino_42.9213_10.5298,Barrino,bar_cafe,bar_cafe,https://raw.githubusercontent.com/pasqualelembo78/huntix-poi/main/italia/toscana/sconosciuta/pages/barrino_42.9213_10.5298.json,custom
43.546652,11.857129,osm_gelateria_la_pazienza_43.5467_11.8571,Gelateria La Pazienza,bar_cafe,bar_cafe,https://raw.githubusercontent.com/pasqualelembo78/huntix-poi/main/italia/toscana/sconosciuta/pages/gelateria_la_pazienza_43.5467_11.8571.json,custom
43.550348,10.314564,osm_nero_caf__43.5503_10.3146,Nero cafè,bar_cafe,bar_cafe,https://raw.githubusercontent.com/pasqualelembo78/huntix-poi/main/italia/toscana/sconosciuta/pages/nero_caf_43.5503_10.3146.json,custom
43.759979,11.241661,osm_caff__porta_romana_43.7600_11.2417,Caffè Porta Romana,bar_cafe,bar_cafe,https://raw.githubusercontent.com/pasqualelembo78/huntix-poi/main/italia/toscana/sconosciuta/pages/caff_porta_romana_43.7600_11.2417.json,custom
43.760491,11.241365,osm_caff__petrarca_43.7605_11.2414,Caffè Petrarca,bar_cafe,bar_cafe,https://raw.githubusercontent.com/pasqualelembo78/huntix-poi/main/italia/toscana/sconosciuta/pages/caff_petrarca_43.7605_11.2414.json,custom
43.766515,11.240448,osm_il_giglio_43.7665_11.2404,Il Giglio,bar_cafe,bar_cafe,https://raw.githubusercontent.com/pasqualelembo78/huntix-poi/main/italia/toscana/sconosciuta/pages/il_giglio_43.7665_11.2404.json,custom
43.737088,11.228116,osm_dini_caff__43.7371_11.2281,Dini Caffè,bar_cafe,bar_cafe,https://raw.githubusercontent.com/pasqualelembo78/huntix-poi/main/italia/toscana/sconosciuta/pages/dini_caff_43.7371_11.2281.json,custom
43.737509,11.224573,osm_caramello_fondente_43.7375_11.2246,Caramello Fondente,bar_cafe,bar_cafe,https://raw.githubusercontent.com/pasqualelembo78/huntix-poi/main/italia/toscana/sconosciuta/pages/caramello_fondente_43.7375_11.2246.json,custom
43.735937,11.224608,osm_ruggini_43.7359_11.2246,Ruggini,bar_cafe,bar_cafe,https://raw.githubusercontent.com/pasqualelembo78/huntix-poi/main/italia/toscana/sconosciuta/pages/ruggini_43.7359_11.2246.json,custom
43.776021,11.245052,osm_le_sorelline_43.7760_11.2451,Le Sorelline,bar_cafe,bar_cafe,https://raw.githubusercontent.com/pasqualelembo78/huntix-poi/main/italia/toscana/sconosciuta/pages/le_sorelline_43.7760_11.2451.json,custom
43.774158,11.247420,osm_il_cerino_43.7742_11.2474,Il Cerino,bar_cafe,bar_cafe,https://raw.githubusercontent.com/pasqualelembo78/huntix-poi/main/italia/toscana/sconosciuta/pages/il_cerino_43.7742_11.2474.json,custom
43.774991,11.246240,osm_tino_caff__43.7750_11.2462,Tino Caffè,bar_cafe,bar_cafe,https://raw.githubusercontent.com/pasqualelembo78/huntix-poi/main/italia/toscana/sconosciuta/pages/tino_caff_43.7750_11.2462.json,custom
43.775167,11.246271,osm_pasticceria_43.7752_11.2463,Pasticceria,bar_cafe,bar_cafe,https://raw.githubusercontent.com/pasqualelembo78/huntix-poi/main/italia/toscana/sconosciuta/pages/pasticceria_43.7752_11.2463.json,custom
43.773313,11.248607,osm_la_cantinetta_43.7733_11.2486,La Cantinetta,bar_cafe,bar_cafe,https://raw.githubusercontent.com/pasqualelembo78/huntix-poi/main/italia/toscana/sconosciuta/pages/la_cantinetta_43.7733_11.2486.json,custom
43.774946,11.243629,osm_caff__palazzuolo_43.7749_11.2436,Caffè Palazzuolo,bar_cafe,bar_cafe,https://raw.githubusercontent.com/pasqualelembo78/huntix-poi/main/italia/toscana/sconosciuta/pages/caff_palazzuolo_43.7749_11.2436.json,custom
43.776717,11.240851,osm_crociani_43.7767_11.2409,Crociani,bar_cafe,bar_cafe,https://raw.githubusercontent.com/pasqualelembo78/huntix-poi/main/italia/toscana/sconosciuta/pages/crociani_43.7767_11.2409.json,custom
43.772403,11.275402,osm_bar_oberdan_43.7724_11.2754,Bar Oberdan,bar_cafe,bar_cafe,https://raw.githubusercontent.com/pasqualelembo78/huntix-poi/main/italia/toscana/sconosciuta/pages/bar_oberdan_43.7724_11.2754.json,custom
43.770729,11.271755,osm_bar_caff__antico_beccaria_43.7707_11.2718,Bar Caffè Antico Beccaria,bar_cafe,bar_cafe,https://raw.githubusercontent.com/pasqualelembo78/huntix-poi/main/italia/toscana/sconosciuta/pages/bar_caff_antico_beccaria_43.7707_11.2718.json,custom
43.769938,11.278720,osm_bar_l_etrusco_43.7699_11.2787,Bar L'Etrusco,bar_cafe,bar_cafe,https://raw.githubusercontent.com/pasqualelembo78/huntix-poi/main/italia/toscana/sconosciuta/pages/bar_letrusco_43.7699_11.2787.json,custom
43.772617,11.272912,osm_caff__bellavista_43.7726_11.2729,Caffè Bellavista,bar_cafe,bar_cafe,https://raw.githubusercontent.com/pasqualelembo78/huntix-poi/main/italia/toscana/sconosciuta/pages/caff_bellavista_43.7726_11.2729.json,custom
43.771519,11.274086,osm_caff__la_sosta_43.7715_11.2741,Caffè La Sosta,bar_cafe,bar_cafe,https://raw.githubusercontent.com/pasqualelembo78/huntix-poi/main/italia/toscana/sconosciuta/pages/caff_la_sosta_43.7715_11.2741.json,custom
43.770635,11.272094,osm_serafini_43.7706_11.2721,Serafini,bar_cafe,bar_cafe,https://raw.githubusercontent.com/pasqualelembo78/huntix-poi/main/italia/toscana/sconosciuta/pages/serafini_43.7706_11.2721.json,custom
43.772429,11.248993,osm_caff__dei_fossi_43.7724_11.2490,Caffè dei Fossi,bar_cafe,bar_cafe,https://raw.githubusercontent.com/pasqualelembo78/huntix-poi/main/italia/toscana/sconosciuta/pages/caff_dei_fossi_43.7724_11.2490.json,custom
43.771632,11.246975,osm_leone_43.7716_11.2470,Leone,bar_cafe,bar_cafe,https://raw.githubusercontent.com/pasqualelembo78/huntix-poi/main/italia/toscana/sconosciuta/pages/leone_43.7716_11.2470.json,custom
43.786258,11.229336,osm_bar_pasticceria_giulia_43.7863_11.2293,Bar Pasticceria Giulia,bar_cafe,bar_cafe,https://raw.githubusercontent.com/pasqualelembo78/huntix-poi/main/italia/toscana/sconosciuta/pages/bar_pasticceria_giulia_43.7863_11.2293.json,custom
43.778097,11.239540,osm_leopolda_43.7781_11.2395,Leopolda,bar_cafe,bar_cafe,https://raw.githubusercontent.com/pasqualelembo78/huntix-poi/main/italia/toscana/sconosciuta/pages/leopolda_43.7781_11.2395.json,custom
43.782889,11.236122,osm_rorobar_43.7829_11.2361,Rorobar,bar_cafe,bar_cafe,https://raw.githubusercontent.com/pasqualelembo78/huntix-poi/main/italia/toscana/sconosciuta/pages/rorobar_43.7829_11.2361.json,custom
43.779456,11.238434,osm_american_bar_nettuno_43.7795_11.2384,American bar Nettuno,bar_cafe,bar_cafe,https://raw.githubusercontent.com/pasqualelembo78/huntix-poi/main/italia/toscana/sconosciuta/pages/american_bar_nettuno_43.7795_11.2384.json,custom
43.784050,11.231684,osm_le_delizie_di_j___g_43.7840_11.2317,Le Delizie di J & G,bar_cafe,bar_cafe,https://raw.githubusercontent.com/pasqualelembo78/huntix-poi/main/italia/toscana/sconosciuta/pages/le_delizie_di_j_g_43.7840_11.2317.json,custom
43.785290,11.229446,osm_bar_giulia_43.7853_11.2294,Bar Giulia,bar_cafe,bar_cafe,https://raw.githubusercontent.com/pasqualelembo78/huntix-poi/main/italia/toscana/sconosciuta/pages/bar_giulia_43.7853_11.2294.json,custom
43.782355,11.235049,osm_fibbi_43.7824_11.2350,Fibbi,bar_cafe,bar_cafe,https://raw.githubusercontent.com/pasqualelembo78/huntix-poi/main/italia/toscana/sconosciuta/pages/fibbi_43.7824_11.2350.json,custom
43.787451,11.228038,osm_gloss_caf__43.7875_11.2280,Gloss Café,bar_cafe,bar_cafe,https://raw.githubusercontent.com/pasqualelembo78/huntix-poi/main/italia/toscana/sconosciuta/pages/gloss_caf_43.7875_11.2280.json,custom
43.783707,11.232320,osm_frullati_bar_caff__43.7837_11.2323,Frullati Bar Caffé,bar_cafe,bar_cafe,https://raw.githubusercontent.com/pasqualelembo78/huntix-poi/main/italia/toscana/sconosciuta/pages/frullati_bar_caff_43.7837_11.2323.json,custom
43.780272,11.239190,osm_bar_alba_43.7803_11.2392,Bar Alba,bar_cafe,bar_cafe,https://raw.githubusercontent.com/pasqualelembo78/huntix-poi/main/italia/toscana/sconosciuta/pages/bar_alba_43.7803_11.2392.json,custom
43.778696,11.238938,osm_caffeteria_coffee_store_43.7787_11.2389,Caffeteria Coffee Store,bar_cafe,bar_cafe,https://raw.githubusercontent.com/pasqualelembo78/huntix-poi/main/italia/toscana/sconosciuta/pages/caffeteria_coffee_store_43.7787_11.2389.json,custom
43.779972,11.280200,osm_conti_43.7800_11.2802,Conti,bar_cafe,bar_cafe,https://raw.githubusercontent.com/pasqualelembo78/huntix-poi/main/italia/toscana/sconosciuta/pages/conti_43.7800_11.2802.json,custom
43.781796,11.286691,osm_caff__maratona_43.7818_11.2867,Caffè Maratona,bar_cafe,bar_cafe,https://raw.githubusercontent.com/pasqualelembo78/huntix-poi/main/italia/toscana/sconosciuta/pages/caff_maratona_43.7818_11.2867.json,custom
43.778746,11.288153,osm_bar_fortuna_43.7787_11.2882,Bar Fortuna,bar_cafe,bar_cafe,https://raw.githubusercontent.com/pasqualelembo78/huntix-poi/main/italia/toscana/sconosciuta/pages/bar_fortuna_43.7787_11.2882.json,custom
43.783024,11.240239,osm_pasticceria_excalibur_43.7830_11.2402,Pasticceria Excalibur,bar_cafe,bar_cafe,https://raw.githubusercontent.com/pasqualelembo78/huntix-poi/main/italia/toscana/sconosciuta/pages/pasticceria_excalibur_43.7830_11.2402.json,custom
43.782437,11.238560,osm_olimpia_43.7824_11.2386,Olimpia,bar_cafe,bar_cafe,https://raw.githubusercontent.com/pasqualelembo78/huntix-poi/main/italia/toscana/sconosciuta/pages/olimpia_43.7824_11.2386.json,custom
43.788219,11.234072,osm_dazzi_43.7882_11.2341,Dazzi,bar_cafe,bar_cafe,https://raw.githubusercontent.com/pasqualelembo78/huntix-poi/main/italia/toscana/sconosciuta/pages/dazzi_43.7882_11.2341.json,custom
43.216414,11.752913,osm_loscuro_caffetteria_torrefazione_43.2164_11.7529,Loscuro caffetteria torrefazione,bar_cafe,bar_cafe,https://raw.githubusercontent.com/pasqualelembo78/huntix-poi/main/italia/toscana/sconosciuta/pages/loscuro_caffetteria_torrefazione_43.2164_11.7529.json,custom
43.842730,10.548705,osm_achille_43.8427_10.5487,Achille,bar_cafe,bar_cafe,https://raw.githubusercontent.com/pasqualelembo78/huntix-poi/main/italia/toscana/sconosciuta/pages/achille_43.8427_10.5487.json,custom
43.839818,10.603928,osm_atlantic_43.8398_10.6039,Atlantic,bar_cafe,bar_cafe,https://raw.githubusercontent.com/pasqualelembo78/huntix-poi/main/italia/toscana/sconosciuta/pages/atlantic_43.8398_10.6039.json,custom
43.987587,10.149129,osm_bar_tazzini_43.9876_10.1491,Bar Tazzini,bar_cafe,bar_cafe,https://raw.githubusercontent.com/pasqualelembo78/huntix-poi/main/italia/toscana/sconosciuta/pages/bar_tazzini_43.9876_10.1491.json,custom
43.716257,10.394852,osm_fortezza_43.7163_10.3949,Fortezza,bar_cafe,bar_cafe,https://raw.githubusercontent.com/pasqualelembo78/huntix-poi/main/italia/toscana/sconosciuta/pages/fortezza_43.7163_10.3949.json,custom
43.816001,11.054097,osm_circolo_ambra_43.8160_11.0541,Circolo Ambra,bar_cafe,bar_cafe,https://raw.githubusercontent.com/pasqualelembo78/huntix-poi/main/italia/toscana/sconosciuta/pages/circolo_ambra_43.8160_11.0541.json,custom
43.535722,11.562752,osm_gallery_43.5357_11.5628,Gallery,bar_cafe,bar_cafe,https://raw.githubusercontent.com/pasqualelembo78/huntix-poi/main/italia/toscana/sconosciuta/pages/gallery_43.5357_11.5628.json,custom
42.566840,12.169955,osm_bar_spritz_42.5668_12.1700,Bar Spritz,bar_cafe,bar_cafe,https://raw.githubusercontent.com/pasqualelembo78/huntix-poi/main/italia/toscana/sconosciuta/pages/bar_spritz_42.5668_12.1700.json,custom
42.071891,12.291283,osm_juke_box_pub_42.0719_12.2913,Juke box pub,bar_cafe,bar_cafe,https://raw.githubusercontent.com/pasqualelembo78/huntix-poi/main/italia/toscana/sconosciuta/pages/juke_box_pub_42.0719_12.2913.json,custom
43.779533,11.212724,osm_il_giglio_43.7795_11.2127,Il Giglio,bar_cafe,bar_cafe,https://raw.githubusercontent.com/pasqualelembo78/huntix-poi/main/italia/toscana/sconosciuta/pages/il_giglio_43.7795_11.2127.json,custom
43.079043,11.018679,osm_bar_il_gabellino_43.0790_11.0187,Bar Il Gabellino,bar_cafe,bar_cafe,https://raw.githubusercontent.com/pasqualelembo78/huntix-poi/main/italia/toscana/sconosciuta/pages/bar_il_gabellino_43.0790_11.0187.json,custom
42.757013,10.396728,osm_il_grottino_del_pirata_42.7570_10.3967,Il grottino del Pirata,bar_cafe,bar_cafe,https://raw.githubusercontent.com/pasqualelembo78/huntix-poi/main/italia/toscana/sconosciuta/pages/il_grottino_del_pirata_42.7570_10.3967.json,custom
43.468100,11.042624,osm_caff__delle_erbe_43.4681_11.0426,Caffè delle Erbe,bar_cafe,bar_cafe,https://raw.githubusercontent.com/pasqualelembo78/huntix-poi/main/italia/toscana/sconosciuta/pages/caff_delle_erbe_43.4681_11.0426.json,custom
42.799311,10.265407,osm_hotel_hermitage_bar_42.7993_10.2654,Hotel Hermitage Bar,bar_cafe,bar_cafe,https://raw.githubusercontent.com/pasqualelembo78/huntix-poi/main/italia/toscana/sconosciuta/pages/hotel_hermitage_bar_42.7993_10.2654.json,custom
42.801108,10.268220,osm_hotel_biodola_bar_42.8011_10.2682,Hotel Biodola Bar,bar_cafe,bar_cafe,https://raw.githubusercontent.com/pasqualelembo78/huntix-poi/main/italia/toscana/sconosciuta/pages/hotel_biodola_bar_42.8011_10.2682.json,custom
42.814639,10.330020,osm_caf__tonnina_42.8146_10.3300,Café Tonnina,bar_cafe,bar_cafe,https://raw.githubusercontent.com/pasqualelembo78/huntix-poi/main/italia/toscana/sconosciuta/pages/caf_tonnina_42.8146_10.3300.json,custom
42.785552,10.167019,osm_bar_della_cabinovia_42.7856_10.1670,Bar della Cabinovia,bar_cafe,bar_cafe,https://raw.githubusercontent.com/pasqualelembo78/huntix-poi/main/italia/toscana/sconosciuta/pages/bar_della_cabinovia_42.7856_10.1670.json,custom
43.245978,11.222407,osm_circolo_arci_43.2460_11.2224,Circolo Arci,bar_cafe,bar_cafe,https://raw.githubusercontent.com/pasqualelembo78/huntix-poi/main/italia/toscana/sconosciuta/pages/circolo_arci_43.2460_11.2224.json,custom
43.676275,10.552613,osm_il_duka_43.6763_10.5526,Il Duka,bar_cafe,bar_cafe,https://raw.githubusercontent.com/pasqualelembo78/huntix-poi/main/italia/toscana/sconosciuta/pages/il_duka_43.6763_10.5526.json,custom
43.736169,10.484630,osm_circolo_arci_la_pergola_43.7362_10.4846,Circolo ARCI La Pergola,bar_cafe,bar_cafe,https://raw.githubusercontent.com/pasqualelembo78/huntix-poi/main/italia/toscana/sconosciuta/pages/circolo_arci_la_pergola_43.7362_10.4846.json,custom
43.714039,10.401104,osm_geco_43.7140_10.4011,Geco,bar_cafe,bar_cafe,https://raw.githubusercontent.com/pasqualelembo78/huntix-poi/main/italia/toscana/sconosciuta/pages/geco_43.7140_10.4011.json,custom
43.147217,10.855991,osm_bar_trattoria_che_c___c______43.1472_10.8560,Bar Trattoria Che c'è c'è...,bar_cafe,bar_cafe,https://raw.githubusercontent.com/pasqualelembo78/huntix-poi/main/italia/toscana/sconosciuta/pages/bar_trattoria_che_c_c_43.1472_10.8560.json,custom
43.100836,10.537850,osm_molo_20_43.1008_10.5379,Molo 20,bar_cafe,bar_cafe,https://raw.githubusercontent.com/pasqualelembo78/huntix-poi/main/italia/toscana/sconosciuta/pages/molo_20_43.1008_10.5379.json,custom
43.160381,10.608951,osm_enoteca_il_borgo_43.1604_10.6090,Enoteca il Borgo,bar_cafe,bar_cafe,https://raw.githubusercontent.com/pasqualelembo78/huntix-poi/main/italia/toscana/sconosciuta/pages/enoteca_il_borgo_43.1604_10.6090.json,custom
43.552923,10.712143,osm_mal__43.5529_10.7121,Malù,bar_cafe,bar_cafe,https://raw.githubusercontent.com/pasqualelembo78/huntix-poi/main/italia/toscana/sconosciuta/pages/mal_43.5529_10.7121.json,custom
43.363918,12.327087,osm_l_infernaccio_43.3639_12.3271,L'Infernaccio,bar_cafe,bar_cafe,https://raw.githubusercontent.com/pasqualelembo78/huntix-poi/main/italia/toscana/sconosciuta/pages/linfernaccio_43.3639_12.3271.json,custom
42.889458,10.791286,osm_mistral_bar_42.8895_10.7913,Mistral Bar,bar_cafe,bar_cafe,https://raw.githubusercontent.com/pasqualelembo78/huntix-poi/main/italia/toscana/sconosciuta/pages/mistral_bar_42.8895_10.7913.json,custom
42.886116,10.785670,osm_zen_42.8861_10.7857,Zen,bar_cafe,bar_cafe,https://raw.githubusercontent.com/pasqualelembo78/huntix-poi/main/italia/toscana/sconosciuta/pages/zen_42.8861_10.7857.json,custom
42.884681,10.784461,osm_marina_club_42.8847_10.7845,Marina Club,bar_cafe,bar_cafe,https://raw.githubusercontent.com/pasqualelembo78/huntix-poi/main/italia/toscana/sconosciuta/pages/marina_club_42.8847_10.7845.json,custom
43.696156,10.448757,osm_bar_gala_43.6962_10.4488,Bar Gala,bar_cafe,bar_cafe,https://raw.githubusercontent.com/pasqualelembo78/huntix-poi/main/italia/toscana/sconosciuta/pages/bar_gala_43.6962_10.4488.json,custom
43.689782,10.474853,osm_pasticceria_scarpellini_43.6898_10.4749,Pasticceria Scarpellini,bar_cafe,bar_cafe,https://raw.githubusercontent.com/pasqualelembo78/huntix-poi/main/italia/toscana/sconosciuta/pages/pasticceria_scarpellini_43.6898_10.4749.json,custom
42.770717,10.853020,osm_pov_nta_wine___food_coffee_42.7707_10.8530,Povènta Wine & Food Coffee,bar_cafe,bar_cafe,https://raw.githubusercontent.com/pasqualelembo78/huntix-poi/main/italia/toscana/sconosciuta/pages/povnta_wine_food_coffee_42.7707_10.8530.json,custom
42.670537,12.216136,osm_bar_vinci_caff__42.6705_12.2161,Bar Vinci Caffè,bar_cafe,bar_cafe,https://raw.githubusercontent.com/pasqualelembo78/huntix-poi/main/italia/toscana/sconosciuta/pages/bar_vinci_caff_42.6705_12.2161.json,custom
42.743484,10.234713,osm_garden_beach_42.7435_10.2347,Garden Beach,bar_cafe,bar_cafe,https://raw.githubusercontent.com/pasqualelembo78/huntix-poi/main/italia/toscana/sconosciuta/pages/garden_beach_42.7435_10.2347.json,custom
42.814655,10.324557,osm_royal_cafe_42.8147_10.3246,Royal Cafe,bar_cafe,bar_cafe,https://raw.githubusercontent.com/pasqualelembo78/huntix-poi/main/italia/toscana/sconosciuta/pages/royal_cafe_42.8147_10.3246.json,custom
42.404765,11.092590,osm_bar_cala_piccola_42.4048_11.0926,Bar Cala Piccola,bar_cafe,bar_cafe,https://raw.githubusercontent.com/pasqualelembo78/huntix-poi/main/italia/toscana/sconosciuta/pages/bar_cala_piccola_42.4048_11.0926.json,custom
42.866908,10.419703,osm_il_chioschetto_42.8669_10.4197,Il Chioschetto,bar_cafe,bar_cafe,https://raw.githubusercontent.com/pasqualelembo78/huntix-poi/main/italia/toscana/sconosciuta/pages/il_chioschetto_42.8669_10.4197.json,custom
43.793176,12.003842,osm_ristorante_bar_dei_cacciatori_43.7932_12.0038,Ristorante Bar dei Cacciatori,bar_cafe,bar_cafe,https://raw.githubusercontent.com/pasqualelembo78/huntix-poi/main/italia/toscana/sconosciuta/pages/ristorante_bar_dei_cacciatori_43.7932_12.0038.json,custom
43.861548,10.482135,osm_dolce_amaro_caff__43.8615_10.4821,Dolce Amaro Caffè,bar_cafe,bar_cafe,https://raw.githubusercontent.com/pasqualelembo78/huntix-poi/main/italia/toscana/sconosciuta/pages/dolce_amaro_caff_43.8615_10.4821.json,custom
43.776730,11.839300,osm_bar_birreria_43.7767_11.8393,Bar birreria,bar_cafe,bar_cafe,https://raw.githubusercontent.com/pasqualelembo78/huntix-poi/main/italia/toscana/sconosciuta/pages/bar_birreria_43.7767_11.8393.json,custom
42.706958,11.135446,osm_bar_neroazzurro_42.7070_11.1354,Bar Neroazzurro,bar_cafe,bar_cafe,https://raw.githubusercontent.com/pasqualelembo78/huntix-poi/main/italia/toscana/sconosciuta/pages/bar_neroazzurro_42.7070_11.1354.json,custom
42.080598,12.400613,osm_bar_san_lorenzo_42.0806_12.4006,Bar San Lorenzo,bar_cafe,bar_cafe,https://raw.githubusercontent.com/pasqualelembo78/huntix-poi/main/italia/toscana/sconosciuta/pages/bar_san_lorenzo_42.0806_12.4006.json,custom
43.672977,10.274523,osm_circolo_don_bosco_43.6730_10.2745,Circolo Don Bosco,bar_cafe,bar_cafe,https://raw.githubusercontent.com/pasqualelembo78/huntix-poi/main/italia/toscana/sconosciuta/pages/circolo_don_bosco_43.6730_10.2745.json,custom
43.773263,11.440107,osm_la_bottega_del_caff__43.7733_11.4401,La Bottega del Caffè,bar_cafe,bar_cafe,https://raw.githubusercontent.com/pasqualelembo78/huntix-poi/main/italia/toscana/sconosciuta/pages/la_bottega_del_caff_43.7733_11.4401.json,custom
43.772708,11.437620,osm_lady_bar_43.7727_11.4376,Lady Bar,bar_cafe,bar_cafe,https://raw.githubusercontent.com/pasqualelembo78/huntix-poi/main/italia/toscana/sconosciuta/pages/lady_bar_43.7727_11.4376.json,custom
43.545842,11.041617,osm_agor__caff__43.5458_11.0416,Agorà Caffè,bar_cafe,bar_cafe,https://raw.githubusercontent.com/pasqualelembo78/huntix-poi/main/italia/toscana/sconosciuta/pages/agor_caff_43.5458_11.0416.json,custom
42.778013,12.408260,osm_bar_tabacchi_mokambo_42.7780_12.4083,Bar Tabacchi Mokambo,bar_cafe,bar_cafe,https://raw.githubusercontent.com/pasqualelembo78/huntix-poi/main/italia/toscana/sconosciuta/pages/bar_tabacchi_mokambo_42.7780_12.4083.json,custom
43.412054,11.112264,osm_le_lellere_43.4121_11.1123,Le Lellere,bar_cafe,bar_cafe,https://raw.githubusercontent.com/pasqualelembo78/huntix-poi/main/italia/toscana/sconosciuta/pages/le_lellere_43.4121_11.1123.json,custom
42.989022,11.867345,osm_bar_piccolo_42.9890_11.8673,Bar Piccolo,bar_cafe,bar_cafe,https://raw.githubusercontent.com/pasqualelembo78/huntix-poi/main/italia/toscana/sconosciuta/pages/bar_piccolo_42.9890_11.8673.json,custom
42.907682,10.851536,osm_caffetteria_tentazione_42.9077_10.8515,Caffetteria Tentazione,bar_cafe,bar_cafe,https://raw.githubusercontent.com/pasqualelembo78/huntix-poi/main/italia/toscana/sconosciuta/pages/caffetteria_tentazione_42.9077_10.8515.json,custom
43.545818,10.305015,osm_in_borgo_caff__43.5458_10.3050,In Borgo caffè,bar_cafe,bar_cafe,https://raw.githubusercontent.com/pasqualelembo78/huntix-poi/main/italia/toscana/sconosciuta/pages/in_borgo_caff_43.5458_10.3050.json,custom
43.771401,11.437166,osm_bar_tre_enne_43.7714_11.4372,Bar Tre Enne,bar_cafe,bar_cafe,https://raw.githubusercontent.com/pasqualelembo78/huntix-poi/main/italia/toscana/sconosciuta/pages/bar_tre_enne_43.7714_11.4372.json,custom
43.842303,10.553204,osm_cafe_fata_mata_43.8423_10.5532,Cafe Fata Mata,bar_cafe,bar_cafe,https://raw.githubusercontent.com/pasqualelembo78/huntix-poi/main/italia/toscana/sconosciuta/pages/cafe_fata_mata_43.8423_10.5532.json,custom
43.870152,10.534412,osm_bar_incontro_43.8702_10.5344,Bar Incontro,bar_cafe,bar_cafe,https://raw.githubusercontent.com/pasqualelembo78/huntix-poi/main/italia/toscana/sconosciuta/pages/bar_incontro_43.8702_10.5344.json,custom
43.782978,11.791613,osm_moggiona_il_percorso_del_lupo_43.7830_11.7916,Moggiona Il percorso del lupo,bar_cafe,bar_cafe,https://raw.githubusercontent.com/pasqualelembo78/huntix-poi/main/italia/toscana/sconosciuta/pages/moggiona_il_percorso_del_lupo_43.7830_11.7916.json,custom
43.709123,10.385445,osm_dolcemente_by_night_43.7091_10.3854,Dolcemente by night,bar_cafe,bar_cafe,https://raw.githubusercontent.com/pasqualelembo78/huntix-poi/main/italia/toscana/sconosciuta/pages/dolcemente_by_night_43.7091_10.3854.json,custom
43.309012,10.518471,osm_bar_caff_latte_43.3090_10.5185,Bar Caffèlatte,bar_cafe,bar_cafe,https://raw.githubusercontent.com/pasqualelembo78/huntix-poi/main/italia/toscana/sconosciuta/pages/bar_cafflatte_43.3090_10.5185.json,custom
42.926131,10.529371,osm_twentycaffe_42.9261_10.5294,Twentycaffe,bar_cafe,bar_cafe,https://raw.githubusercontent.com/pasqualelembo78/huntix-poi/main/italia/toscana/sconosciuta/pages/twentycaffe_42.9261_10.5294.json,custom
43.245961,10.524523,osm_bagno_venere_43.2460_10.5245,Bagno Venere,bar_cafe,bar_cafe,https://raw.githubusercontent.com/pasqualelembo78/huntix-poi/main/italia/toscana/sconosciuta/pages/bagno_venere_43.2460_10.5245.json,custom
42.789154,10.942538,osm_bar_42.7892_10.9425,Bar,bar_cafe,bar_cafe,https://raw.githubusercontent.com/pasqualelembo78/huntix-poi/main/italia/toscana/sconosciuta/pages/bar_42.7892_10.9425.json,custom
43.550330,11.584236,osm_cassia_vetus_43.5503_11.5842,Cassia Vetus,bar_cafe,bar_cafe,https://raw.githubusercontent.com/pasqualelembo78/huntix-poi/main/italia/toscana/sconosciuta/pages/cassia_vetus_43.5503_11.5842.json,custom
43.549531,10.588237,osm_circolo_sportivo_43.5495_10.5882,Circolo Sportivo,bar_cafe,bar_cafe,https://raw.githubusercontent.com/pasqualelembo78/huntix-poi/main/italia/toscana/sconosciuta/pages/circolo_sportivo_43.5495_10.5882.json,custom
42.720982,10.976855,osm_pineta_beach_42.7210_10.9769,Pineta Beach,bar_cafe,bar_cafe,https://raw.githubusercontent.com/pasqualelembo78/huntix-poi/main/italia/toscana/sconosciuta/pages/pineta_beach_42.7210_10.9769.json,custom
42.415136,12.103424,osm_bar_del_duomo_42.4151_12.1034,Bar del Duomo,bar_cafe,bar_cafe,https://raw.githubusercontent.com/pasqualelembo78/huntix-poi/main/italia/toscana/sconosciuta/pages/bar_del_duomo_42.4151_12.1034.json,custom
43.714233,10.402519,osm_volta_pagina_43.7142_10.4025,Volta Pagina,bar_cafe,bar_cafe,https://raw.githubusercontent.com/pasqualelembo78/huntix-poi/main/italia/toscana/sconosciuta/pages/volta_pagina_43.7142_10.4025.json,custom
42.716431,10.412967,osm_remaiolo_bar_42.7164_10.4130,Remaiolo Bar,bar_cafe,bar_cafe,https://raw.githubusercontent.com/pasqualelembo78/huntix-poi/main/italia/toscana/sconosciuta/pages/remaiolo_bar_42.7164_10.4130.json,custom
43.568168,11.612478,osm_sandy_43.5682_11.6125,Sandy,bar_cafe,bar_cafe,https://raw.githubusercontent.com/pasqualelembo78/huntix-poi/main/italia/toscana/sconosciuta/pages/sandy_43.5682_11.6125.json,custom
43.565686,11.537506,osm_i_love_gelato_43.5657_11.5375,I Love Gelato,bar_cafe,bar_cafe,https://raw.githubusercontent.com/pasqualelembo78/huntix-poi/main/italia/toscana/sconosciuta/pages/i_love_gelato_43.5657_11.5375.json,custom
42.360502,10.919085,osm_l_acciuga_42.3605_10.9191,L'acciuga,bar_cafe,bar_cafe,https://raw.githubusercontent.com/pasqualelembo78/huntix-poi/main/italia/toscana/sconosciuta/pages/lacciuga_42.3605_10.9191.json,custom
43.551428,11.585461,osm_centrale_43.5514_11.5855,Centrale,bar_cafe,bar_cafe,https://raw.githubusercontent.com/pasqualelembo78/huntix-poi/main/italia/toscana/sconosciuta/pages/centrale_43.5514_11.5855.json,custom
43.551369,11.585367,osm_la_fraschetta_43.5514_11.5854,La Fraschetta,bar_cafe,bar_cafe,https://raw.githubusercontent.com/pasqualelembo78/huntix-poi/main/italia/toscana/sconosciuta/pages/la_fraschetta_43.5514_11.5854.json,custom
43.551064,11.585520,osm_prima_o_poi_43.5511_11.5855,Prima o Poi,bar_cafe,bar_cafe,https://raw.githubusercontent.com/pasqualelembo78/huntix-poi/main/italia/toscana/sconosciuta/pages/prima_o_poi_43.5511_11.5855.json,custom
43.550985,11.585340,osm_savini_43.5510_11.5853,Savini,bar_cafe,bar_cafe,https://raw.githubusercontent.com/pasqualelembo78/huntix-poi/main/italia/toscana/sconosciuta/pages/savini_43.5510_11.5853.json,custom
43.551033,11.585439,osm_copie_43.5510_11.5854,Copie,bar_cafe,bar_cafe,https://raw.githubusercontent.com/pasqualelembo78/huntix-poi/main/italia/toscana/sconosciuta/pages/copie_43.5510_11.5854.json,custom
43.697345,11.159764,osm_circolo_arci_la_romola_43.6973_11.1598,Circolo ARCI La Romola,bar_cafe,bar_cafe,https://raw.githubusercontent.com/pasqualelembo78/huntix-poi/main/italia/toscana/sconosciuta/pages/circolo_arci_la_romola_43.6973_11.1598.json,custom
43.792508,11.247929,osm_bar_rullo_43.7925_11.2479,Bar Rullo,bar_cafe,bar_cafe,https://raw.githubusercontent.com/pasqualelembo78/huntix-poi/main/italia/toscana/sconosciuta/pages/bar_rullo_43.7925_11.2479.json,custom
43.792509,11.247921,osm_insolito_bar_43.7925_11.2479,Insolito bar,bar_cafe,bar_cafe,https://raw.githubusercontent.com/pasqualelembo78/huntix-poi/main/italia/toscana/sconosciuta/pages/insolito_bar_43.7925_11.2479.json,custom
43.716868,10.403636,osm_la_gallina_nera_43.7169_10.4036,La Gallina Nera,bar_cafe,bar_cafe,https://raw.githubusercontent.com/pasqualelembo78/huntix-poi/main/italia/toscana/sconosciuta/pages/la_gallina_nera_43.7169_10.4036.json,custom
43.778837,11.293337,osm_il_bersagliere_43.7788_11.2933,Il Bersagliere,bar_cafe,bar_cafe,https://raw.githubusercontent.com/pasqualelembo78/huntix-poi/main/italia/toscana/sconosciuta/pages/il_bersagliere_43.7788_11.2933.json,custom
43.766059,11.244722,osm_djaria_american_bar_43.7661_11.2447,Djaria American Bar,bar_cafe,bar_cafe,https://raw.githubusercontent.com/pasqualelembo78/huntix-poi/main/italia/toscana/sconosciuta/pages/djaria_american_bar_43.7661_11.2447.json,custom
43.622277,11.555995,osm_gelateria_caffetteria_turismo_43.6223_11.5560,Gelateria Caffetteria Turismo,bar_cafe,bar_cafe,https://raw.githubusercontent.com/pasqualelembo78/huntix-poi/main/italia/toscana/sconosciuta/pages/gelateria_caffetteria_turismo_43.6223_11.5560.json,custom
43.712582,10.396844,osm_mirella_43.7126_10.3968,Mirella,bar_cafe,bar_cafe,https://raw.githubusercontent.com/pasqualelembo78/huntix-poi/main/italia/toscana/sconosciuta/pages/mirella_43.7126_10.3968.json,custom
43.845834,10.505293,osm_caff__biscotteria_santa_zita_43.8458_10.5053,Caffè Biscotteria Santa Zita,bar_cafe,bar_cafe,https://raw.githubusercontent.com/pasqualelembo78/huntix-poi/main/italia/toscana/sconosciuta/pages/caff_biscotteria_santa_zita_43.8458_10.5053.json,custom
43.847204,10.507589,osm_pasticceria_momus_cafe_43.8472_10.5076,Pasticceria Momus Cafe,bar_cafe,bar_cafe,https://raw.githubusercontent.com/pasqualelembo78/huntix-poi/main/italia/toscana/sconosciuta/pages/pasticceria_momus_cafe_43.8472_10.5076.json,custom
43.766855,11.259716,osm_rivarno_43.7669_11.2597,Rivarno,bar_cafe,bar_cafe,https://raw.githubusercontent.com/pasqualelembo78/huntix-poi/main/italia/toscana/sconosciuta/pages/rivarno_43.7669_11.2597.json,custom
43.932270,10.903941,osm_lo_squalo_43.9323_10.9039,Lo squalo,bar_cafe,bar_cafe,https://raw.githubusercontent.com/pasqualelembo78/huntix-poi/main/italia/toscana/sconosciuta/pages/lo_squalo_43.9323_10.9039.json,custom
43.342645,11.922478,osm_bar_maro__43.3426_11.9225,Bar Maro',bar_cafe,bar_cafe,https://raw.githubusercontent.com/pasqualelembo78/huntix-poi/main/italia/toscana/sconosciuta/pages/bar_maro_43.3426_11.9225.json,custom
43.768181,11.258507,osm_starbene_gluten_free_gold_43.7682_11.2585,Starbene Gluten Free Gold,bar_cafe,bar_cafe,https://raw.githubusercontent.com/pasqualelembo78/huntix-poi/main/italia/toscana/sconosciuta/pages/starbene_gluten_free_gold_43.7682_11.2585.json,custom
43.542581,10.335400,osm_taproom_clandestino_43.5426_10.3354,Taproom CLANDESTINO,bar_cafe,bar_cafe,https://raw.githubusercontent.com/pasqualelembo78/huntix-poi/main/italia/toscana/sconosciuta/pages/taproom_clandestino_43.5426_10.3354.json,custom
42.896659,11.767629,osm_bar_acli_42.8967_11.7676,Bar Acli,bar_cafe,bar_cafe,https://raw.githubusercontent.com/pasqualelembo78/huntix-poi/main/italia/toscana/sconosciuta/pages/bar_acli_42.8967_11.7676.json,custom
42.757016,11.828879,osm_circolo_acli_il_buco_42.7570_11.8289,Circolo Acli Il Buco,bar_cafe,bar_cafe,https://raw.githubusercontent.com/pasqualelembo78/huntix-poi/main/italia/toscana/sconosciuta/pages/circolo_acli_il_buco_42.7570_11.8289.json,custom
42.322279,12.054242,osm_bar_caffeteria_jolly_blu_42.3223_12.0542,Bar Caffeteria Jolly Blu,bar_cafe,bar_cafe,https://raw.githubusercontent.com/pasqualelembo78/huntix-poi/main/italia/toscana/sconosciuta/pages/bar_caffeteria_jolly_blu_42.3223_12.0542.json,custom
42.318588,12.059295,osm_bar_la_fontana_42.3186_12.0593,Bar la Fontana,bar_cafe,bar_cafe,https://raw.githubusercontent.com/pasqualelembo78/huntix-poi/main/italia/toscana/sconosciuta/pages/bar_la_fontana_42.3186_12.0593.json,custom
42.319767,12.055990,osm_cafe_bersagliere_42.3198_12.0560,Cafe Bersagliere,bar_cafe,bar_cafe,https://raw.githubusercontent.com/pasqualelembo78/huntix-poi/main/italia/toscana/sconosciuta/pages/cafe_bersagliere_42.3198_12.0560.json,custom
42.320906,12.053686,osm_bar_caffe_e_caffe_42.3209_12.0537,Bar caffe e caffe,bar_cafe,bar_cafe,https://raw.githubusercontent.com/pasqualelembo78/huntix-poi/main/italia/toscana/sconosciuta/pages/bar_caffe_e_caffe_42.3209_12.0537.json,custom
42.548133,12.033004,osm_bar_pasticceria_dolceloc_42.5481_12.0330,Bar Pasticceria Dolceloc,bar_cafe,bar_cafe,https://raw.githubusercontent.com/pasqualelembo78/huntix-poi/main/italia/toscana/sconosciuta/pages/bar_pasticceria_dolceloc_42.5481_12.0330.json,custom
43.507335,10.326956,osm_la_deliziosa_43.5073_10.3270,La deliziosa,bar_cafe,bar_cafe,https://raw.githubusercontent.com/pasqualelembo78/huntix-poi/main/italia/toscana/sconosciuta/pages/la_deliziosa_43.5073_10.3270.json,custom
43.779986,10.392321,osm_bar_sipsia_43.7800_10.3923,Bar Sipsia,bar_cafe,bar_cafe,https://raw.githubusercontent.com/pasqualelembo78/huntix-poi/main/italia/toscana/sconosciuta/pages/bar_sipsia_43.7800_10.3923.json,custom
43.896906,10.537990,osm_atlantic_43.8969_10.5380,Atlantic,bar_cafe,bar_cafe,https://raw.githubusercontent.com/pasqualelembo78/huntix-poi/main/italia/toscana/sconosciuta/pages/atlantic_43.8969_10.5380.json,custom
43.210439,10.904395,osm_circolo_acli_43.2104_10.9044,Circolo Acli,bar_cafe,bar_cafe,https://raw.githubusercontent.com/pasqualelembo78/huntix-poi/main/italia/toscana/sconosciuta/pages/circolo_acli_43.2104_10.9044.json,custom
43.208077,10.906218,osm_circolo_arci_43.2081_10.9062,Circolo Arci,bar_cafe,bar_cafe,https://raw.githubusercontent.com/pasqualelembo78/huntix-poi/main/italia/toscana/sconosciuta/pages/circolo_arci_43.2081_10.9062.json,custom
43.722538,10.400508,osm_verso_la_torre_43.7225_10.4005,Verso La Torre,bar_cafe,bar_cafe,https://raw.githubusercontent.com/pasqualelembo78/huntix-poi/main/italia/toscana/sconosciuta/pages/verso_la_torre_43.7225_10.4005.json,custom
43.465009,11.883054,osm_taste_43.4650_11.8831,Taste,bar_cafe,bar_cafe,https://raw.githubusercontent.com/pasqualelembo78/huntix-poi/main/italia/toscana/sconosciuta/pages/taste_43.4650_11.8831.json,custom
42.286278,12.219039,osm_caffeteria_la_mossa_42.2863_12.2190,Caffeteria La Mossa,bar_cafe,bar_cafe,https://raw.githubusercontent.com/pasqualelembo78/huntix-poi/main/italia/toscana/sconosciuta/pages/caffeteria_la_mossa_42.2863_12.2190.json,custom
42.290622,12.216547,osm_bar_bellatreccia_42.2906_12.2165,Bar Bellatreccia,bar_cafe,bar_cafe,https://raw.githubusercontent.com/pasqualelembo78/huntix-poi/main/italia/toscana/sconosciuta/pages/bar_bellatreccia_42.2906_12.2165.json,custom
42.291828,12.217011,osm_fontana_grande_42.2918_12.2170,Fontana Grande,bar_cafe,bar_cafe,https://raw.githubusercontent.com/pasqualelembo78/huntix-poi/main/italia/toscana/sconosciuta/pages/fontana_grande_42.2918_12.2170.json,custom
43.522863,11.866826,osm_bar_euro_2002_43.5229_11.8668,Bar EURO 2002,bar_cafe,bar_cafe,https://raw.githubusercontent.com/pasqualelembo78/huntix-poi/main/italia/toscana/sconosciuta/pages/bar_euro_2002_43.5229_11.8668.json,custom
43.762799,10.441405,osm_circolo_2_0_43.7628_10.4414,Circolo 2.0,bar_cafe,bar_cafe,https://raw.githubusercontent.com/pasqualelembo78/huntix-poi/main/italia/toscana/sconosciuta/pages/circolo_20_43.7628_10.4414.json,custom
43.375467,11.868601,osm_pasticceria_bar_sadotti_43.3755_11.8686,Pasticceria Bar Sadotti,bar_cafe,bar_cafe,https://raw.githubusercontent.com/pasqualelembo78/huntix-poi/main/italia/toscana/sconosciuta/pages/pasticceria_bar_sadotti_43.3755_11.8686.json,custom
42.875725,12.043155,osm_dolce_e_salato_42.8757_12.0432,Dolce e Salato,bar_cafe,bar_cafe,https://raw.githubusercontent.com/pasqualelembo78/huntix-poi/main/italia/toscana/sconosciuta/pages/dolce_e_salato_42.8757_12.0432.json,custom
42.743055,12.072973,osm_stop_e_go_42.7431_12.0730,Stop e Go,bar_cafe,bar_cafe,https://raw.githubusercontent.com/pasqualelembo78/huntix-poi/main/italia/toscana/sconosciuta/pages/stop_e_go_42.7431_12.0730.json,custom
43.901759,10.690889,osm_osteria_bar_firenze_43.9018_10.6909,Osteria bar Firenze,bar_cafe,bar_cafe,https://raw.githubusercontent.com/pasqualelembo78/huntix-poi/main/italia/toscana/sconosciuta/pages/osteria_bar_firenze_43.9018_10.6909.json,custom
43.549728,12.173905,osm_le_piscine_43.5497_12.1739,Le Piscine,bar_cafe,bar_cafe,https://raw.githubusercontent.com/pasqualelembo78/huntix-poi/main/italia/toscana/sconosciuta/pages/le_piscine_43.5497_12.1739.json,custom
43.727827,10.392823,osm_profumi_e_sapori_di_toscana_43.7278_10.3928,Profumi e Sapori di Toscana,bar_cafe,bar_cafe,https://raw.githubusercontent.com/pasqualelembo78/huntix-poi/main/italia/toscana/sconosciuta/pages/profumi_e_sapori_di_toscana_43.7278_10.3928.json,custom
43.842598,11.184895,osm_bar_vannino_43.8426_11.1849,Bar Vannino,bar_cafe,bar_cafe,https://raw.githubusercontent.com/pasqualelembo78/huntix-poi/main/italia/toscana/sconosciuta/pages/bar_vannino_43.8426_11.1849.json,custom
43.850097,10.507179,osm_il_barometro_43.8501_10.5072,Il BarOmetro,bar_cafe,bar_cafe,https://raw.githubusercontent.com/pasqualelembo78/huntix-poi/main/italia/toscana/sconosciuta/pages/il_barometro_43.8501_10.5072.json,custom
43.849873,10.501160,osm_zebar_43.8499_10.5012,Zebar,bar_cafe,bar_cafe,https://raw.githubusercontent.com/pasqualelembo78/huntix-poi/main/italia/toscana/sconosciuta/pages/zebar_43.8499_10.5012.json,custom
43.848507,10.504792,osm_samy_bar_43.8485_10.5048,Samy Bar,bar_cafe,bar_cafe,https://raw.githubusercontent.com/pasqualelembo78/huntix-poi/main/italia/toscana/sconosciuta/pages/samy_bar_43.8485_10.5048.json,custom
43.836564,10.503952,osm_bar_tabacchi_la_passerella_43.8366_10.5040,Bar Tabacchi La Passerella,bar_cafe,bar_cafe,https://raw.githubusercontent.com/pasqualelembo78/huntix-poi/main/italia/toscana/sconosciuta/pages/bar_tabacchi_la_passerella_43.8366_10.5040.json,custom
43.848747,10.496518,osm_caff__de_la_paix_43.8487_10.4965,Caffé de la Paix,bar_cafe,bar_cafe,https://raw.githubusercontent.com/pasqualelembo78/huntix-poi/main/italia/toscana/sconosciuta/pages/caff_de_la_paix_43.8487_10.4965.json,custom
43.992076,11.235864,osm_caff__ribot_43.9921_11.2359,Caffè Ribot,bar_cafe,bar_cafe,https://raw.githubusercontent.com/pasqualelembo78/huntix-poi/main/italia/toscana/sconosciuta/pages/caff_ribot_43.9921_11.2359.json,custom
42.895960,11.517138,osm_da_begname_42.8960_11.5171,da Begname,bar_cafe,bar_cafe,https://raw.githubusercontent.com/pasqualelembo78/huntix-poi/main/italia/toscana/sconosciuta/pages/da_begname_42.8960_11.5171.json,custom
43.710625,10.619599,osm_agor__43.7106_10.6196,Agorà,bar_cafe,bar_cafe,https://raw.githubusercontent.com/pasqualelembo78/huntix-poi/main/italia/toscana/sconosciuta/pages/agor_43.7106_10.6196.json,custom
43.714826,10.619050,osm_cuore_di_zucchero_43.7148_10.6190,Cuore di Zucchero,bar_cafe,bar_cafe,https://raw.githubusercontent.com/pasqualelembo78/huntix-poi/main/italia/toscana/sconosciuta/pages/cuore_di_zucchero_43.7148_10.6190.json,custom
43.684660,10.576054,osm_circolo_a_c_l_i__43.6847_10.5761,Circolo A.C.L.I.,bar_cafe,bar_cafe,https://raw.githubusercontent.com/pasqualelembo78/huntix-poi/main/italia/toscana/sconosciuta/pages/circolo_acli_43.6847_10.5761.json,custom
43.709487,10.625495,osm_da_alex_43.7095_10.6255,Da Alex,bar_cafe,bar_cafe,https://raw.githubusercontent.com/pasqualelembo78/huntix-poi/main/italia/toscana/sconosciuta/pages/da_alex_43.7095_10.6255.json,custom
43.726996,10.617263,osm_civico109_43.7270_10.6173,civico109,bar_cafe,bar_cafe,https://raw.githubusercontent.com/pasqualelembo78/huntix-poi/main/italia/toscana/sconosciuta/pages/civico109_43.7270_10.6173.json,custom
43.708576,10.400343,osm_bijou_43.7086_10.4003,Bijou,bar_cafe,bar_cafe,https://raw.githubusercontent.com/pasqualelembo78/huntix-poi/main/italia/toscana/sconosciuta/pages/bijou_43.7086_10.4003.json,custom
43.318305,11.925457,osm_circolo_acli_di_montecchio_43.3183_11.9255,Circolo ACLI di Montecchio,bar_cafe,bar_cafe,https://raw.githubusercontent.com/pasqualelembo78/huntix-poi/main/italia/toscana/sconosciuta/pages/circolo_acli_di_montecchio_43.3183_11.9255.json,custom
43.550138,10.311437,osm_bar_torretta_43.5501_10.3114,Bar Torretta,bar_cafe,bar_cafe,https://raw.githubusercontent.com/pasqualelembo78/huntix-poi/main/italia/toscana/sconosciuta/pages/bar_torretta_43.5501_10.3114.json,custom
43.550631,10.311105,osm_bar_giglio_43.5506_10.3111,Bar Giglio,bar_cafe,bar_cafe,https://raw.githubusercontent.com/pasqualelembo78/huntix-poi/main/italia/toscana/sconosciuta/pages/bar_giglio_43.5506_10.3111.json,custom
43.550311,10.310557,osm_locanda_livornese_43.5503_10.3106,Locanda livornese,bar_cafe,bar_cafe,https://raw.githubusercontent.com/pasqualelembo78/huntix-poi/main/italia/toscana/sconosciuta/pages/locanda_livornese_43.5503_10.3106.json,custom
43.550687,10.312531,osm_bar_70_43.5507_10.3125,Bar 70,bar_cafe,bar_cafe,https://raw.githubusercontent.com/pasqualelembo78/huntix-poi/main/italia/toscana/sconosciuta/pages/bar_70_43.5507_10.3125.json,custom
43.551259,10.313530,osm_ex_viktor_43.5513_10.3135,Ex Viktor,bar_cafe,bar_cafe,https://raw.githubusercontent.com/pasqualelembo78/huntix-poi/main/italia/toscana/sconosciuta/pages/ex_viktor_43.5513_10.3135.json,custom
43.551097,10.313319,osm_caff__ghidoni_43.5511_10.3133,Caffè Ghidoni,bar_cafe,bar_cafe,https://raw.githubusercontent.com/pasqualelembo78/huntix-poi/main/italia/toscana/sconosciuta/pages/caff_ghidoni_43.5511_10.3133.json,custom
43.727164,10.586538,osm_illy_43.7272_10.5865,Illy,bar_cafe,bar_cafe,https://raw.githubusercontent.com/pasqualelembo78/huntix-poi/main/italia/toscana/sconosciuta/pages/illy_43.7272_10.5865.json,custom
43.726893,10.586425,osm_bar_pratali_43.7269_10.5864,Bar Pratali,bar_cafe,bar_cafe,https://raw.githubusercontent.com/pasqualelembo78/huntix-poi/main/italia/toscana/sconosciuta/pages/bar_pratali_43.7269_10.5864.json,custom
43.863854,10.508477,osm_pane___marmellata_43.8639_10.5085,Pane & Marmellata,bar_cafe,bar_cafe,https://raw.githubusercontent.com/pasqualelembo78/huntix-poi/main/italia/toscana/sconosciuta/pages/pane_marmellata_43.8639_10.5085.json,custom
43.048690,10.893734,osm_caffetteria_43.0487_10.8937,caffetteria,bar_cafe,bar_cafe,https://raw.githubusercontent.com/pasqualelembo78/huntix-poi/main/italia/toscana/sconosciuta/pages/caffetteria_43.0487_10.8937.json,custom
43.698935,10.691207,osm_luna_rossa_43.6989_10.6912,Luna Rossa,bar_cafe,bar_cafe,https://raw.githubusercontent.com/pasqualelembo78/huntix-poi/main/italia/toscana/sconosciuta/pages/luna_rossa_43.6989_10.6912.json,custom
43.698467,10.691843,osm_circolo_acli_la_rocca_43.6985_10.6918,Circolo Acli La Rocca,bar_cafe,bar_cafe,https://raw.githubusercontent.com/pasqualelembo78/huntix-poi/main/italia/toscana/sconosciuta/pages/circolo_acli_la_rocca_43.6985_10.6918.json,custom
42.137981,12.381334,osm_husky_caff__42.1380_12.3813,Husky Caffè,bar_cafe,bar_cafe,https://raw.githubusercontent.com/pasqualelembo78/huntix-poi/main/italia/toscana/sconosciuta/pages/husky_caff_42.1380_12.3813.json,custom
42.089051,12.271888,osm_new_agency_42.0891_12.2719,New agency,bar_cafe,bar_cafe,https://raw.githubusercontent.com/pasqualelembo78/huntix-poi/main/italia/toscana/sconosciuta/pages/new_agency_42.0891_12.2719.json,custom
43.697983,11.466858,osm_circolo_arci_43.6980_11.4669,Circolo ARCI,bar_cafe,bar_cafe,https://raw.githubusercontent.com/pasqualelembo78/huntix-poi/main/italia/toscana/sconosciuta/pages/circolo_arci_43.6980_11.4669.json,custom
43.712139,11.518496,osm_agnoletti_43.7121_11.5185,Agnoletti,bar_cafe,bar_cafe,https://raw.githubusercontent.com/pasqualelembo78/huntix-poi/main/italia/toscana/sconosciuta/pages/agnoletti_43.7121_11.5185.json,custom
43.831870,10.498586,osm_atlantic_43.8319_10.4986,Atlantic,bar_cafe,bar_cafe,https://raw.githubusercontent.com/pasqualelembo78/huntix-poi/main/italia/toscana/sconosciuta/pages/atlantic_43.8319_10.4986.json,custom
43.723995,10.391925,osm_cuor_di_pisa_43.7240_10.3919,Cuor di Pisa,bar_cafe,bar_cafe,https://raw.githubusercontent.com/pasqualelembo78/huntix-poi/main/italia/toscana/sconosciuta/pages/cuor_di_pisa_43.7240_10.3919.json,custom
42.932189,10.520384,osm_bar_stella_42.9322_10.5204,Bar Stella,bar_cafe,bar_cafe,https://raw.githubusercontent.com/pasqualelembo78/huntix-poi/main/italia/toscana/sconosciuta/pages/bar_stella_42.9322_10.5204.json,custom
42.922536,10.526894,osm_caff__nanni_42.9225_10.5269,Caffè Nanni,bar_cafe,bar_cafe,https://raw.githubusercontent.com/pasqualelembo78/huntix-poi/main/italia/toscana/sconosciuta/pages/caff_nanni_42.9225_10.5269.json,custom
43.506824,10.757280,osm_circolo_endas_43.5068_10.7573,Circolo Endas,bar_cafe,bar_cafe,https://raw.githubusercontent.com/pasqualelembo78/huntix-poi/main/italia/toscana/sconosciuta/pages/circolo_endas_43.5068_10.7573.json,custom
43.507400,10.758110,osm_caff__la_cisterna_43.5074_10.7581,Caffè la Cisterna,bar_cafe,bar_cafe,https://raw.githubusercontent.com/pasqualelembo78/huntix-poi/main/italia/toscana/sconosciuta/pages/caff_la_cisterna_43.5074_10.7581.json,custom
42.769384,10.887115,osm_l_ozio_42.7694_10.8871,L'Ozio,bar_cafe,bar_cafe,https://raw.githubusercontent.com/pasqualelembo78/huntix-poi/main/italia/toscana/sconosciuta/pages/lozio_42.7694_10.8871.json,custom
43.704842,10.411782,osm_pollshop_profumeria_tabacchi_bar_43.7048_10.4118,Pollshop PROFUMERIA TABACCHI BAR,bar_cafe,bar_cafe,https://raw.githubusercontent.com/pasqualelembo78/huntix-poi/main/italia/toscana/sconosciuta/pages/pollshop_profumeria_tabacchi_bar_43.7048_10.4118.json,custom
43.707338,10.405566,osm_il_barrino_43.7073_10.4056,Il Barrino,bar_cafe,bar_cafe,https://raw.githubusercontent.com/pasqualelembo78/huntix-poi/main/italia/toscana/sconosciuta/pages/il_barrino_43.7073_10.4056.json,custom
43.780960,10.403006,osm_casa_del_popolo_43.7810_10.4030,Casa del Popolo,bar_cafe,bar_cafe,https://raw.githubusercontent.com/pasqualelembo78/huntix-poi/main/italia/toscana/sconosciuta/pages/casa_del_popolo_43.7810_10.4030.json,custom
42.765078,10.881492,osm_manitoba_42.7651_10.8815,Manitoba,bar_cafe,bar_cafe,https://raw.githubusercontent.com/pasqualelembo78/huntix-poi/main/italia/toscana/sconosciuta/pages/manitoba_42.7651_10.8815.json,custom
43.781611,11.446067,osm_bar_il_fossato_43.7816_11.4461,Bar Il Fossato,bar_cafe,bar_cafe,https://raw.githubusercontent.com/pasqualelembo78/huntix-poi/main/italia/toscana/sconosciuta/pages/bar_il_fossato_43.7816_11.4461.json,custom
42.954541,10.624719,osm_kiosco_beach_42.9545_10.6247,Kiosco Beach,bar_cafe,bar_cafe,https://raw.githubusercontent.com/pasqualelembo78/huntix-poi/main/italia/toscana/sconosciuta/pages/kiosco_beach_42.9545_10.6247.json,custom
43.569374,11.652548,osm_bar_il_bruco_43.5694_11.6525,Bar Il Bruco,bar_cafe,bar_cafe,https://raw.githubusercontent.com/pasqualelembo78/huntix-poi/main/italia/toscana/sconosciuta/pages/bar_il_bruco_43.5694_11.6525.json,custom
43.595716,11.683212,osm_bar_alimentari_righeschi_43.5957_11.6832,Bar Alimentari Righeschi,bar_cafe,bar_cafe,https://raw.githubusercontent.com/pasqualelembo78/huntix-poi/main/italia/toscana/sconosciuta/pages/bar_alimentari_righeschi_43.5957_11.6832.json,custom
43.132998,11.482394,osm_bar_pasticceria_gelateria_900_43.1330_11.4824,Bar pasticceria gelateria 900,bar_cafe,bar_cafe,https://raw.githubusercontent.com/pasqualelembo78/huntix-poi/main/italia/toscana/sconosciuta/pages/bar_pasticceria_gelateria_900_43.1330_11.4824.json,custom
43.731765,10.768037,osm_serena_43.7318_10.7680,Serena,bar_cafe,bar_cafe,https://raw.githubusercontent.com/pasqualelembo78/huntix-poi/main/italia/toscana/sconosciuta/pages/serena_43.7318_10.7680.json,custom
43.698595,10.745436,osm_bar_centrale_43.6986_10.7454,Bar Centrale,bar_cafe,bar_cafe,https://raw.githubusercontent.com/pasqualelembo78/huntix-poi/main/italia/toscana/sconosciuta/pages/bar_centrale_43.6986_10.7454.json,custom
42.916506,10.948352,osm_bar_alimentari_42.9165_10.9484,Bar alimentari,bar_cafe,bar_cafe,https://raw.githubusercontent.com/pasqualelembo78/huntix-poi/main/italia/toscana/sconosciuta/pages/bar_alimentari_42.9165_10.9484.json,custom
43.553380,10.307189,osm_piano_b_43.5534_10.3072,Piano B,bar_cafe,bar_cafe,https://raw.githubusercontent.com/pasqualelembo78/huntix-poi/main/italia/toscana/sconosciuta/pages/piano_b_43.5534_10.3072.json,custom
43.718149,10.389253,osm_bar_stop_and_go_pisa_43.7181_10.3893,Bar Stop and Go Pisa,bar_cafe,bar_cafe,https://raw.githubusercontent.com/pasqualelembo78/huntix-poi/main/italia/toscana/sconosciuta/pages/bar_stop_and_go_pisa_43.7181_10.3893.json,custom
43.145940,10.855746,osm_civico_77_bistrot_43.1459_10.8557,Civico 77 bistrot,bar_cafe,bar_cafe,https://raw.githubusercontent.com/pasqualelembo78/huntix-poi/main/italia/toscana/sconosciuta/pages/civico_77_bistrot_43.1459_10.8557.json,custom
43.551593,10.311858,osm_caff__grande_43.5516_10.3119,Caffè Grande,bar_cafe,bar_cafe,https://raw.githubusercontent.com/pasqualelembo78/huntix-poi/main/italia/toscana/sconosciuta/pages/caff_grande_43.5516_10.3119.json,custom
43.551190,10.310739,osm_incateratte_in_citt__43.5512_10.3107,InCateratte in città,bar_cafe,bar_cafe,https://raw.githubusercontent.com/pasqualelembo78/huntix-poi/main/italia/toscana/sconosciuta/pages/incateratte_in_citt_43.5512_10.3107.json,custom
43.551414,10.311368,osm_real_caff__43.5514_10.3114,Real caffè,bar_cafe,bar_cafe,https://raw.githubusercontent.com/pasqualelembo78/huntix-poi/main/italia/toscana/sconosciuta/pages/real_caff_43.5514_10.3114.json,custom
43.848229,10.468792,osm_eurocaffetteria_43.8482_10.4688,Eurocaffetteria,bar_cafe,bar_cafe,https://raw.githubusercontent.com/pasqualelembo78/huntix-poi/main/italia/toscana/sconosciuta/pages/eurocaffetteria_43.8482_10.4688.json,custom
43.550518,10.309710,osm_caffetteria_piazza_grande_43.5505_10.3097,Caffetteria Piazza Grande,bar_cafe,bar_cafe,https://raw.githubusercontent.com/pasqualelembo78/huntix-poi/main/italia/toscana/sconosciuta/pages/caffetteria_piazza_grande_43.5505_10.3097.json,custom
43.550192,10.307897,osm_bar_campari_43.5502_10.3079,Bar Campari,bar_cafe,bar_cafe,https://raw.githubusercontent.com/pasqualelembo78/huntix-poi/main/italia/toscana/sconosciuta/pages/bar_campari_43.5502_10.3079.json,custom
43.958936,10.765023,osm_cafe_route_663__gelateria__bar__43.9589_10.7650,Cafe Route 663 (Gelateria, Bar),bar_cafe,bar_cafe,https://raw.githubusercontent.com/pasqualelembo78/huntix-poi/main/italia/toscana/sconosciuta/pages/cafe_route_663_gelateria_bar_43.9589_10.7650.json,custom
43.702364,10.460858,osm_circolo_arci_43.7024_10.4609,Circolo ARCI,bar_cafe,bar_cafe,https://raw.githubusercontent.com/pasqualelembo78/huntix-poi/main/italia/toscana/sconosciuta/pages/circolo_arci_43.7024_10.4609.json,custom
43.783012,11.321163,osm_bar_vida_43.7830_11.3212,Bar Vida,bar_cafe,bar_cafe,https://raw.githubusercontent.com/pasqualelembo78/huntix-poi/main/italia/toscana/sconosciuta/pages/bar_vida_43.7830_11.3212.json,custom
43.549485,10.305879,osm_caff__mori_43.5495_10.3059,Caffè Mori,bar_cafe,bar_cafe,https://raw.githubusercontent.com/pasqualelembo78/huntix-poi/main/italia/toscana/sconosciuta/pages/caff_mori_43.5495_10.3059.json,custom
43.549717,10.305858,osm_la_fortezza_43.5497_10.3059,La fortezza,bar_cafe,bar_cafe,https://raw.githubusercontent.com/pasqualelembo78/huntix-poi/main/italia/toscana/sconosciuta/pages/la_fortezza_43.5497_10.3059.json,custom
43.550280,10.305793,osm_bar_montegrappa_43.5503_10.3058,Bar Montegrappa,bar_cafe,bar_cafe,https://raw.githubusercontent.com/pasqualelembo78/huntix-poi/main/italia/toscana/sconosciuta/pages/bar_montegrappa_43.5503_10.3058.json,custom
43.863582,10.338788,osm_librocicletta_43.8636_10.3388,Librocicletta,bar_cafe,bar_cafe,https://raw.githubusercontent.com/pasqualelembo78/huntix-poi/main/italia/toscana/sconosciuta/pages/librocicletta_43.8636_10.3388.json,custom
43.704311,10.371458,osm_circolo_il_cavallino_rosso_43.7043_10.3715,Circolo il Cavallino Rosso,bar_cafe,bar_cafe,https://raw.githubusercontent.com/pasqualelembo78/huntix-poi/main/italia/toscana/sconosciuta/pages/circolo_il_cavallino_rosso_43.7043_10.3715.json,custom
43.688286,10.366584,osm_circolo_arci_la_vettola_43.6883_10.3666,Circolo ARCI la Vettola,bar_cafe,bar_cafe,https://raw.githubusercontent.com/pasqualelembo78/huntix-poi/main/italia/toscana/sconosciuta/pages/circolo_arci_la_vettola_43.6883_10.3666.json,custom
43.506972,10.326977,osm_magr__43.5070_10.3270,Magrì,bar_cafe,bar_cafe,https://raw.githubusercontent.com/pasqualelembo78/huntix-poi/main/italia/toscana/sconosciuta/pages/magr_43.5070_10.3270.json,custom
43.706016,10.452318,osm_circolo_arci_garzella_43.7060_10.4523,Circolo Arci Garzella,bar_cafe,bar_cafe,https://raw.githubusercontent.com/pasqualelembo78/huntix-poi/main/italia/toscana/sconosciuta/pages/circolo_arci_garzella_43.7060_10.4523.json,custom
43.538227,12.055065,osm_boutique_del_cappuccino_43.5382_12.0551,Boutique del cappuccino,bar_cafe,bar_cafe,https://raw.githubusercontent.com/pasqualelembo78/huntix-poi/main/italia/toscana/sconosciuta/pages/boutique_del_cappuccino_43.5382_12.0551.json,custom
43.545101,10.310641,osm_parchino_bistrot_43.5451_10.3106,Parchino bistrot,bar_cafe,bar_cafe,https://raw.githubusercontent.com/pasqualelembo78/huntix-poi/main/italia/toscana/sconosciuta/pages/parchino_bistrot_43.5451_10.3106.json,custom
43.599504,10.294552,osm_zanobini_1989_43.5995_10.2946,Zanobini 1989,bar_cafe,bar_cafe,https://raw.githubusercontent.com/pasqualelembo78/huntix-poi/main/italia/toscana/sconosciuta/pages/zanobini_1989_43.5995_10.2946.json,custom
43.549405,10.337783,osm_la_torre_di_mezzo_43.5494_10.3378,La torre di mezzo,bar_cafe,bar_cafe,https://raw.githubusercontent.com/pasqualelembo78/huntix-poi/main/italia/toscana/sconosciuta/pages/la_torre_di_mezzo_43.5494_10.3378.json,custom
43.551780,10.308881,osm_antica_caffetteria_minerva_43.5518_10.3089,Antica caffetteria Minerva,bar_cafe,bar_cafe,https://raw.githubusercontent.com/pasqualelembo78/huntix-poi/main/italia/toscana/sconosciuta/pages/antica_caffetteria_minerva_43.5518_10.3089.json,custom
43.551449,10.310548,osm_caff__greco_43.5514_10.3105,Caffè Greco,bar_cafe,bar_cafe,https://raw.githubusercontent.com/pasqualelembo78/huntix-poi/main/italia/toscana/sconosciuta/pages/caff_greco_43.5514_10.3105.json,custom
43.748597,11.532751,osm_bar_gigino_43.7486_11.5328,Bar Gigino,bar_cafe,bar_cafe,https://raw.githubusercontent.com/pasqualelembo78/huntix-poi/main/italia/toscana/sconosciuta/pages/bar_gigino_43.7486_11.5328.json,custom
42.771895,11.106588,osm_aria_caff__bike_bar_42.7719_11.1066,Aria Caffè bike bar,bar_cafe,bar_cafe,https://raw.githubusercontent.com/pasqualelembo78/huntix-poi/main/italia/toscana/sconosciuta/pages/aria_caff_bike_bar_42.7719_11.1066.json,custom
43.679864,10.849431,osm_bar_cantini_43.6799_10.8494,Bar Cantini,bar_cafe,bar_cafe,https://raw.githubusercontent.com/pasqualelembo78/huntix-poi/main/italia/toscana/sconosciuta/pages/bar_cantini_43.6799_10.8494.json,custom
43.365718,10.440670,osm_bar_del_centro_surf_vada_43.3657_10.4407,Bar del Centro Surf Vada,bar_cafe,bar_cafe,https://raw.githubusercontent.com/pasqualelembo78/huntix-poi/main/italia/toscana/sconosciuta/pages/bar_del_centro_surf_vada_43.3657_10.4407.json,custom
43.936071,12.446717,osm_caff__del_titano_43.9361_12.4467,Caffè del Titano,bar_cafe,bar_cafe,https://raw.githubusercontent.com/pasqualelembo78/huntix-poi/main/italia/toscana/sconosciuta/pages/caff_del_titano_43.9361_12.4467.json,custom
42.745049,10.378648,osm_caffe_della_corte_42.7450_10.3786,Caffe Della Corte,bar_cafe,bar_cafe,https://raw.githubusercontent.com/pasqualelembo78/huntix-poi/main/italia/toscana/sconosciuta/pages/caffe_della_corte_42.7450_10.3786.json,custom
42.712319,12.105552,osm_snack_bar_dell__arcone_42.7123_12.1056,Snack bar dell' Arcone,bar_cafe,bar_cafe,https://raw.githubusercontent.com/pasqualelembo78/huntix-poi/main/italia/toscana/sconosciuta/pages/snack_bar_dell_arcone_42.7123_12.1056.json,custom
43.339857,11.923162,osm_punto_ristoro_liceo_43.3399_11.9232,Punto ristoro liceo,bar_cafe,bar_cafe,https://raw.githubusercontent.com/pasqualelembo78/huntix-poi/main/italia/toscana/sconosciuta/pages/punto_ristoro_liceo_43.3399_11.9232.json,custom
42.742154,11.872496,osm_bar_snack_la_pantera_42.7422_11.8725,Bar Snack La Pantera,bar_cafe,bar_cafe,https://raw.githubusercontent.com/pasqualelembo78/huntix-poi/main/italia/toscana/sconosciuta/pages/bar_snack_la_pantera_42.7422_11.8725.json,custom
43.765923,10.343906,osm_lady_caf__43.7659_10.3439,Lady Cafè,bar_cafe,bar_cafe,https://raw.githubusercontent.com/pasqualelembo78/huntix-poi/main/italia/toscana/sconosciuta/pages/lady_caf_43.7659_10.3439.json,custom
43.660311,10.681207,osm_circolo_arci_il_botteghino_43.6603_10.6812,Circolo ARCI Il Botteghino,bar_cafe,bar_cafe,https://raw.githubusercontent.com/pasqualelembo78/huntix-poi/main/italia/toscana/sconosciuta/pages/circolo_arci_il_botteghino_43.6603_10.6812.json,custom
43.698703,11.897820,osm_bar_il_pino_43.6987_11.8978,Bar Il Pino,bar_cafe,bar_cafe,https://raw.githubusercontent.com/pasqualelembo78/huntix-poi/main/italia/toscana/sconosciuta/pages/bar_il_pino_43.6987_11.8978.json,custom
42.766068,11.117761,osm_bar_cristall_42.7661_11.1178,Bar Cristall,bar_cafe,bar_cafe,https://raw.githubusercontent.com/pasqualelembo78/huntix-poi/main/italia/toscana/sconosciuta/pages/bar_cristall_42.7661_11.1178.json,custom
43.772941,10.368063,osm_circolo_edmondo_de_amicis_43.7729_10.3681,Circolo Edmondo de Amicis,bar_cafe,bar_cafe,https://raw.githubusercontent.com/pasqualelembo78/huntix-poi/main/italia/toscana/sconosciuta/pages/circolo_edmondo_de_amicis_43.7729_10.3681.json,custom
43.313992,10.522464,osm_minas_43.3140_10.5225,Minas,bar_cafe,bar_cafe,https://raw.githubusercontent.com/pasqualelembo78/huntix-poi/main/italia/toscana/sconosciuta/pages/minas_43.3140_10.5225.json,custom
43.087800,12.450049,osm_contesto_43.0878_12.4500,Contesto,bar_cafe,bar_cafe,https://raw.githubusercontent.com/pasqualelembo78/huntix-poi/main/italia/toscana/sconosciuta/pages/contesto_43.0878_12.4500.json,custom
43.579666,10.698605,osm_la_fila_43.5797_10.6986,La Fila,bar_cafe,bar_cafe,https://raw.githubusercontent.com/pasqualelembo78/huntix-poi/main/italia/toscana/sconosciuta/pages/la_fila_43.5797_10.6986.json,custom
43.590624,10.671035,osm_fenix_bar_43.5906_10.6710,Fenix Bar,bar_cafe,bar_cafe,https://raw.githubusercontent.com/pasqualelembo78/huntix-poi/main/italia/toscana/sconosciuta/pages/fenix_bar_43.5906_10.6710.json,custom
43.932111,10.930594,osm_giulia_43.9321_10.9306,Giulia,bar_cafe,bar_cafe,https://raw.githubusercontent.com/pasqualelembo78/huntix-poi/main/italia/toscana/sconosciuta/pages/giulia_43.9321_10.9306.json,custom
43.766864,11.251674,osm_maioli_43.7669_11.2517,Maioli,bar_cafe,bar_cafe,https://raw.githubusercontent.com/pasqualelembo78/huntix-poi/main/italia/toscana/sconosciuta/pages/maioli_43.7669_11.2517.json,custom
43.407484,11.210591,osm_circolo_arci_43.4075_11.2106,Circolo ARCI,bar_cafe,bar_cafe,https://raw.githubusercontent.com/pasqualelembo78/huntix-poi/main/italia/toscana/sconosciuta/pages/circolo_arci_43.4075_11.2106.json,custom
42.625649,12.229851,osm_autogrill_42.6256_12.2299,Autogrill,bar_cafe,bar_cafe,https://raw.githubusercontent.com/pasqualelembo78/huntix-poi/main/italia/toscana/sconosciuta/pages/autogrill_42.6256_12.2299.json,custom
42.777743,11.104164,osm_sweet_kiss_42.7777_11.1042,Sweet Kiss,bar_cafe,bar_cafe,https://raw.githubusercontent.com/pasqualelembo78/huntix-poi/main/italia/toscana/sconosciuta/pages/sweet_kiss_42.7777_11.1042.json,custom
42.775216,11.104477,osm_on_the_road_caf__42.7752_11.1045,On The Road Cafè,bar_cafe,bar_cafe,https://raw.githubusercontent.com/pasqualelembo78/huntix-poi/main/italia/toscana/sconosciuta/pages/on_the_road_caf_42.7752_11.1045.json,custom
43.667417,10.638473,osm_bar_la_passarella_43.6674_10.6385,Bar La Passarella,bar_cafe,bar_cafe,https://raw.githubusercontent.com/pasqualelembo78/huntix-poi/main/italia/toscana/sconosciuta/pages/bar_la_passarella_43.6674_10.6385.json,custom
43.544607,10.327877,osm_bar_atlantic_43.5446_10.3279,Bar Atlantic,bar_cafe,bar_cafe,https://raw.githubusercontent.com/pasqualelembo78/huntix-poi/main/italia/toscana/sconosciuta/pages/bar_atlantic_43.5446_10.3279.json,custom
43.122004,10.545606,osm_eni_caf__43.1220_10.5456,eni café,bar_cafe,bar_cafe,https://raw.githubusercontent.com/pasqualelembo78/huntix-poi/main/italia/toscana/sconosciuta/pages/eni_caf_43.1220_10.5456.json,custom
43.183054,12.137476,osm_da_armando_43.1831_12.1375,Da Armando,bar_cafe,bar_cafe,https://raw.githubusercontent.com/pasqualelembo78/huntix-poi/main/italia/toscana/sconosciuta/pages/da_armando_43.1831_12.1375.json,custom
43.847098,10.507659,osm_l_aurora_43.8471_10.5077,L‘aurora,bar_cafe,bar_cafe,https://raw.githubusercontent.com/pasqualelembo78/huntix-poi/main/italia/toscana/sconosciuta/pages/laurora_43.8471_10.5077.json,custom
43.845934,10.505057,osm_san_frediano_43.8459_10.5051,San Frediano,bar_cafe,bar_cafe,https://raw.githubusercontent.com/pasqualelembo78/huntix-poi/main/italia/toscana/sconosciuta/pages/san_frediano_43.8459_10.5051.json,custom
43.844932,10.506369,osm_disimpegno_43.8449_10.5064,Disimpegno,bar_cafe,bar_cafe,https://raw.githubusercontent.com/pasqualelembo78/huntix-poi/main/italia/toscana/sconosciuta/pages/disimpegno_43.8449_10.5064.json,custom
43.842003,10.500855,osm_il_mago_43.8420_10.5009,Il Mago,bar_cafe,bar_cafe,https://raw.githubusercontent.com/pasqualelembo78/huntix-poi/main/italia/toscana/sconosciuta/pages/il_mago_43.8420_10.5009.json,custom
43.984396,11.131138,osm_circolo_arci_usella_43.9844_11.1311,Circolo ARCI Usella,bar_cafe,bar_cafe,https://raw.githubusercontent.com/pasqualelembo78/huntix-poi/main/italia/toscana/sconosciuta/pages/circolo_arci_usella_43.9844_11.1311.json,custom
43.764423,10.440489,osm_torrefazione_drupa_43.7644_10.4405,Torrefazione Drupa,bar_cafe,bar_cafe,https://raw.githubusercontent.com/pasqualelembo78/huntix-poi/main/italia/toscana/sconosciuta/pages/torrefazione_drupa_43.7644_10.4405.json,custom
43.785474,11.225367,osm_l_osteria_del_5__43.7855_11.2254,L'osteria del 5°,bar_cafe,bar_cafe,https://raw.githubusercontent.com/pasqualelembo78/huntix-poi/main/italia/toscana/sconosciuta/pages/losteria_del_5_43.7855_11.2254.json,custom
43.781315,11.255913,osm_caf__le_volte_43.7813_11.2559,Café le volte,bar_cafe,bar_cafe,https://raw.githubusercontent.com/pasqualelembo78/huntix-poi/main/italia/toscana/sconosciuta/pages/caf_le_volte_43.7813_11.2559.json,custom
43.844577,10.505843,osm_bar_del_sole_43.8446_10.5058,Bar del Sole,bar_cafe,bar_cafe,https://raw.githubusercontent.com/pasqualelembo78/huntix-poi/main/italia/toscana/sconosciuta/pages/bar_del_sole_43.8446_10.5058.json,custom
43.851646,10.506822,osm_l_antico_borgo_43.8516_10.5068,L‘Antico Borgo,bar_cafe,bar_cafe,https://raw.githubusercontent.com/pasqualelembo78/huntix-poi/main/italia/toscana/sconosciuta/pages/lantico_borgo_43.8516_10.5068.json,custom
43.781146,11.284835,osm_light_43.7811_11.2848,Light,bar_cafe,bar_cafe,https://raw.githubusercontent.com/pasqualelembo78/huntix-poi/main/italia/toscana/sconosciuta/pages/light_43.7811_11.2848.json,custom
43.523545,11.567332,osm_dolcenero_43.5235_11.5673,Dolcenero,bar_cafe,bar_cafe,https://raw.githubusercontent.com/pasqualelembo78/huntix-poi/main/italia/toscana/sconosciuta/pages/dolcenero_43.5235_11.5673.json,custom
43.841723,10.503941,osm_des_arts_43.8417_10.5039,des Arts,bar_cafe,bar_cafe,https://raw.githubusercontent.com/pasqualelembo78/huntix-poi/main/italia/toscana/sconosciuta/pages/des_arts_43.8417_10.5039.json,custom
43.845194,10.510724,osm_bar_mara_meo_43.8452_10.5107,Bar Mara Meo,bar_cafe,bar_cafe,https://raw.githubusercontent.com/pasqualelembo78/huntix-poi/main/italia/toscana/sconosciuta/pages/bar_mara_meo_43.8452_10.5107.json,custom
43.839892,10.502029,osm_km0_43.8399_10.5020,km0,bar_cafe,bar_cafe,https://raw.githubusercontent.com/pasqualelembo78/huntix-poi/main/italia/toscana/sconosciuta/pages/km0_43.8399_10.5020.json,custom
43.773545,11.252184,osm_snack_bar_43.7735_11.2522,Snack Bar,bar_cafe,bar_cafe,https://raw.githubusercontent.com/pasqualelembo78/huntix-poi/main/italia/toscana/sconosciuta/pages/snack_bar_43.7735_11.2522.json,custom
43.773511,11.252609,osm_caf__astra_al_duomo_43.7735_11.2526,Café Astra al Duomo,bar_cafe,bar_cafe,https://raw.githubusercontent.com/pasqualelembo78/huntix-poi/main/italia/toscana/sconosciuta/pages/caf_astra_al_duomo_43.7735_11.2526.json,custom
42.514419,11.242401,osm_girabombo_42.5144_11.2424,Girabombo,bar_cafe,bar_cafe,https://raw.githubusercontent.com/pasqualelembo78/huntix-poi/main/italia/toscana/sconosciuta/pages/girabombo_42.5144_11.2424.json,custom
43.774168,11.245246,osm_il_cantuccio_43.7742_11.2452,Il Cantuccio,bar_cafe,bar_cafe,https://raw.githubusercontent.com/pasqualelembo78/huntix-poi/main/italia/toscana/sconosciuta/pages/il_cantuccio_43.7742_11.2452.json,custom
43.106480,10.541166,osm_eni_caf__43.1065_10.5412,Eni café,bar_cafe,bar_cafe,https://raw.githubusercontent.com/pasqualelembo78/huntix-poi/main/italia/toscana/sconosciuta/pages/eni_caf_43.1065_10.5412.json,custom
42.806866,10.141749,osm_summer_bar_42.8069_10.1417,Summer Bar,bar_cafe,bar_cafe,https://raw.githubusercontent.com/pasqualelembo78/huntix-poi/main/italia/toscana/sconosciuta/pages/summer_bar_42.8069_10.1417.json,custom
42.800715,11.084285,osm_bar_tosco_caf__42.8007_11.0843,Bar Tosco Cafè,bar_cafe,bar_cafe,https://raw.githubusercontent.com/pasqualelembo78/huntix-poi/main/italia/toscana/sconosciuta/pages/bar_tosco_caf_42.8007_11.0843.json,custom
43.764918,11.239661,osm_conventino_43.7649_11.2397,Conventino,bar_cafe,bar_cafe,https://raw.githubusercontent.com/pasqualelembo78/huntix-poi/main/italia/toscana/sconosciuta/pages/conventino_43.7649_11.2397.json,custom
42.103930,12.167092,osm_civico_36_42.1039_12.1671,Civico 36,bar_cafe,bar_cafe,https://raw.githubusercontent.com/pasqualelembo78/huntix-poi/main/italia/toscana/sconosciuta/pages/civico_36_42.1039_12.1671.json,custom
43.772351,11.249101,osm_a_casa_ca_fe_43.7724_11.2491,A casa Ca Fe,bar_cafe,bar_cafe,https://raw.githubusercontent.com/pasqualelembo78/huntix-poi/main/italia/toscana/sconosciuta/pages/a_casa_ca_fe_43.7724_11.2491.json,custom
43.772563,11.257158,osm_flos_bubble_tea_43.7726_11.2572,Flos Bubble Tea,bar_cafe,bar_cafe,https://raw.githubusercontent.com/pasqualelembo78/huntix-poi/main/italia/toscana/sconosciuta/pages/flos_bubble_tea_43.7726_11.2572.json,custom
42.742633,10.235962,osm_baobab_42.7426_10.2360,Baobab,bar_cafe,bar_cafe,https://raw.githubusercontent.com/pasqualelembo78/huntix-poi/main/italia/toscana/sconosciuta/pages/baobab_42.7426_10.2360.json,custom
43.217886,10.813378,osm_bar_il_bersagliere_43.2179_10.8134,Bar Il Bersagliere,bar_cafe,bar_cafe,https://raw.githubusercontent.com/pasqualelembo78/huntix-poi/main/italia/toscana/sconosciuta/pages/bar_il_bersagliere_43.2179_10.8134.json,custom
43.729765,10.399911,osm_bar_pasticceria_valente_43.7298_10.3999,Bar Pasticceria Valente,bar_cafe,bar_cafe,https://raw.githubusercontent.com/pasqualelembo78/huntix-poi/main/italia/toscana/sconosciuta/pages/bar_pasticceria_valente_43.7298_10.3999.json,custom
43.388301,11.498378,osm_circolo_acli_43.3883_11.4984,Circolo Acli,bar_cafe,bar_cafe,https://raw.githubusercontent.com/pasqualelembo78/huntix-poi/main/italia/toscana/sconosciuta/pages/circolo_acli_43.3883_11.4984.json,custom
43.720929,11.455217,osm_circolo_arci_san_clemente_43.7209_11.4552,Circolo ARCI San Clemente,bar_cafe,bar_cafe,https://raw.githubusercontent.com/pasqualelembo78/huntix-poi/main/italia/toscana/sconosciuta/pages/circolo_arci_san_clemente_43.7209_11.4552.json,custom
43.722973,11.454408,osm_circolo_arci_rignano_sull_arno_43.7230_11.4544,Circolo ARCI Rignano sull'Arno,bar_cafe,bar_cafe,https://raw.githubusercontent.com/pasqualelembo78/huntix-poi/main/italia/toscana/sconosciuta/pages/circolo_arci_rignano_sullarno_43.7230_11.4544.json,custom
43.719450,10.402088,osm_pasticceria_da_tripoli_43.7194_10.4021,Pasticceria da Tripoli,bar_cafe,bar_cafe,https://raw.githubusercontent.com/pasqualelembo78/huntix-poi/main/italia/toscana/sconosciuta/pages/pasticceria_da_tripoli_43.7194_10.4021.json,custom
43.866020,10.247021,osm_barbana_caf__43.8660_10.2470,Barbana cafè,bar_cafe,bar_cafe,https://raw.githubusercontent.com/pasqualelembo78/huntix-poi/main/italia/toscana/sconosciuta/pages/barbana_caf_43.8660_10.2470.json,custom
43.866845,10.253820,osm_garnish_43.8668_10.2538,Garnish,bar_cafe,bar_cafe,https://raw.githubusercontent.com/pasqualelembo78/huntix-poi/main/italia/toscana/sconosciuta/pages/garnish_43.8668_10.2538.json,custom
43.988108,11.099002,osm_bar_trono_43.9881_11.0990,Bar Trono,bar_cafe,bar_cafe,https://raw.githubusercontent.com/pasqualelembo78/huntix-poi/main/italia/toscana/sconosciuta/pages/bar_trono_43.9881_11.0990.json,custom
43.821635,11.134693,osm_campi_chic_caffe_43.8216_11.1347,Campi Chic Caffe,bar_cafe,bar_cafe,https://raw.githubusercontent.com/pasqualelembo78/huntix-poi/main/italia/toscana/sconosciuta/pages/campi_chic_caffe_43.8216_11.1347.json,custom
43.580585,11.303100,osm_circolo_arci_montefioralle_43.5806_11.3031,Circolo arci Montefioralle,bar_cafe,bar_cafe,https://raw.githubusercontent.com/pasqualelembo78/huntix-poi/main/italia/toscana/sconosciuta/pages/circolo_arci_montefioralle_43.5806_11.3031.json,custom
43.647387,12.336598,osm_la_vinofficina_43.6474_12.3366,La Vinofficina,bar_cafe,bar_cafe,https://raw.githubusercontent.com/pasqualelembo78/huntix-poi/main/italia/toscana/sconosciuta/pages/la_vinofficina_43.6474_12.3366.json,custom
43.646851,12.336638,osm_bar_pasticceria_pieve_d_ico_43.6469_12.3366,Bar Pasticceria Pieve d'Ico,bar_cafe,bar_cafe,https://raw.githubusercontent.com/pasqualelembo78/huntix-poi/main/italia/toscana/sconosciuta/pages/bar_pasticceria_pieve_dico_43.6469_12.3366.json,custom
43.338979,11.735547,osm_pasticceria_arte_dolce_43.3390_11.7355,Pasticceria Arte Dolce,bar_cafe,bar_cafe,https://raw.githubusercontent.com/pasqualelembo78/huntix-poi/main/italia/toscana/sconosciuta/pages/pasticceria_arte_dolce_43.3390_11.7355.json,custom
43.976953,11.777009,osm_il_caff__43.9770_11.7770,Il Caffè,bar_cafe,bar_cafe,https://raw.githubusercontent.com/pasqualelembo78/huntix-poi/main/italia/toscana/sconosciuta/pages/il_caff_43.9770_11.7770.json,custom
43.646134,12.335079,osm_mood_43.6461_12.3351,Mood,bar_cafe,bar_cafe,https://raw.githubusercontent.com/pasqualelembo78/huntix-poi/main/italia/toscana/sconosciuta/pages/mood_43.6461_12.3351.json,custom
43.160381,10.608375,osm_agripub_casa_dell_orzo_43.1604_10.6084,Agripub Casa dell'Orzo,bar_cafe,bar_cafe,https://raw.githubusercontent.com/pasqualelembo78/huntix-poi/main/italia/toscana/sconosciuta/pages/agripub_casa_dellorzo_43.1604_10.6084.json,custom
43.687660,10.624312,osm_time_out_43.6877_10.6243,Time-out,bar_cafe,bar_cafe,https://raw.githubusercontent.com/pasqualelembo78/huntix-poi/main/italia/toscana/sconosciuta/pages/time-out_43.6877_10.6243.json,custom
43.700159,10.621051,osm_black_line_43.7002_10.6211,Black Line,bar_cafe,bar_cafe,https://raw.githubusercontent.com/pasqualelembo78/huntix-poi/main/italia/toscana/sconosciuta/pages/black_line_43.7002_10.6211.json,custom
43.338749,10.458441,osm_bar_la_rada_etrusca_43.3387_10.4584,bar la rada etrusca,bar_cafe,bar_cafe,https://raw.githubusercontent.com/pasqualelembo78/huntix-poi/main/italia/toscana/sconosciuta/pages/bar_la_rada_etrusca_43.3387_10.4584.json,custom
43.336053,10.456566,osm_tesorino_43.3361_10.4566,tesorino,bar_cafe,bar_cafe,https://raw.githubusercontent.com/pasqualelembo78/huntix-poi/main/italia/toscana/sconosciuta/pages/tesorino_43.3361_10.4566.json,custom
43.737726,11.008346,osm_pit_stop_43.7377_11.0083,PIT-STOP,bar_cafe,bar_cafe,https://raw.githubusercontent.com/pasqualelembo78/huntix-poi/main/italia/toscana/sconosciuta/pages/pit-stop_43.7377_11.0083.json,custom
43.622849,10.527113,osm_maman_43.6228_10.5271,Maman,bar_cafe,bar_cafe,https://raw.githubusercontent.com/pasqualelembo78/huntix-poi/main/italia/toscana/sconosciuta/pages/maman_43.6228_10.5271.json,custom
42.774748,11.105040,osm_pasticceria_siciliana_42.7747_11.1050,Pasticceria Siciliana,bar_cafe,bar_cafe,https://raw.githubusercontent.com/pasqualelembo78/huntix-poi/main/italia/toscana/sconosciuta/pages/pasticceria_siciliana_42.7747_11.1050.json,custom
43.629696,10.624629,osm_melagodo_caf__43.6297_10.6246,Melagodo Cafè,bar_cafe,bar_cafe,https://raw.githubusercontent.com/pasqualelembo78/huntix-poi/main/italia/toscana/sconosciuta/pages/melagodo_caf_43.6297_10.6246.json,custom
43.841519,10.518569,osm_bar_puccioni_43.8415_10.5186,Bar Puccioni,bar_cafe,bar_cafe,https://raw.githubusercontent.com/pasqualelembo78/huntix-poi/main/italia/toscana/sconosciuta/pages/bar_puccioni_43.8415_10.5186.json,custom
43.869445,10.248957,osm_drunken_sailor_43.8694_10.2490,Drunken Sailor,bar_cafe,bar_cafe,https://raw.githubusercontent.com/pasqualelembo78/huntix-poi/main/italia/toscana/sconosciuta/pages/drunken_sailor_43.8694_10.2490.json,custom
43.925812,11.617716,osm_caff__garibaldi_43.9258_11.6177,Caffè Garibaldi,bar_cafe,bar_cafe,https://raw.githubusercontent.com/pasqualelembo78/huntix-poi/main/italia/toscana/sconosciuta/pages/caff_garibaldi_43.9258_11.6177.json,custom
42.989698,10.491881,osm_cocktail_bar_42.9897_10.4919,Cocktail Bar,bar_cafe,bar_cafe,https://raw.githubusercontent.com/pasqualelembo78/huntix-poi/main/italia/toscana/sconosciuta/pages/cocktail_bar_42.9897_10.4919.json,custom
43.814725,10.674218,osm_la_dogana_43.8147_10.6742,La Dogana,bar_cafe,bar_cafe,https://raw.githubusercontent.com/pasqualelembo78/huntix-poi/main/italia/toscana/sconosciuta/pages/la_dogana_43.8147_10.6742.json,custom
43.837770,10.619569,osm_bonbon_43.8378_10.6196,Bonbon,bar_cafe,bar_cafe,https://raw.githubusercontent.com/pasqualelembo78/huntix-poi/main/italia/toscana/sconosciuta/pages/bonbon_43.8378_10.6196.json,custom
43.813148,10.676523,osm_gelateria_franca_di_francesco_43.8131_10.6765,Gelateria Franca di Francesco,bar_cafe,bar_cafe,https://raw.githubusercontent.com/pasqualelembo78/huntix-poi/main/italia/toscana/sconosciuta/pages/gelateria_franca_di_francesco_43.8131_10.6765.json,custom
43.710629,10.833270,osm_bar___pizza___alimentari_43.7106_10.8333,Bar - Pizza - Alimentari,bar_cafe,bar_cafe,https://raw.githubusercontent.com/pasqualelembo78/huntix-poi/main/italia/toscana/sconosciuta/pages/bar_-_pizza_-_alimentari_43.7106_10.8333.json,custom
43.775753,10.716851,osm_il_mondiale_43.7758_10.7169,Il Mondiale,bar_cafe,bar_cafe,https://raw.githubusercontent.com/pasqualelembo78/huntix-poi/main/italia/toscana/sconosciuta/pages/il_mondiale_43.7758_10.7169.json,custom
43.775827,10.716769,osm_circolo_arci_43.7758_10.7168,Circolo ARCI,bar_cafe,bar_cafe,https://raw.githubusercontent.com/pasqualelembo78/huntix-poi/main/italia/toscana/sconosciuta/pages/circolo_arci_43.7758_10.7168.json,custom
42.860096,10.420992,osm_cafe_mokambo_42.8601_10.4210,Cafe Mokambo,bar_cafe,bar_cafe,https://raw.githubusercontent.com/pasqualelembo78/huntix-poi/main/italia/toscana/sconosciuta/pages/cafe_mokambo_42.8601_10.4210.json,custom
43.549986,10.312628,osm_oil_bar_43.5500_10.3126,Oil bar,bar_cafe,bar_cafe,https://raw.githubusercontent.com/pasqualelembo78/huntix-poi/main/italia/toscana/sconosciuta/pages/oil_bar_43.5500_10.3126.json,custom
42.982655,12.419385,osm_circolo_ricreativo_deruta_42.9827_12.4194,Circolo Ricreativo Deruta,bar_cafe,bar_cafe,https://raw.githubusercontent.com/pasqualelembo78/huntix-poi/main/italia/toscana/sconosciuta/pages/circolo_ricreativo_deruta_42.9827_12.4194.json,custom
43.096383,12.382100,osm_bar_quintana_43.0964_12.3821,Bar Quintana,bar_cafe,bar_cafe,https://raw.githubusercontent.com/pasqualelembo78/huntix-poi/main/italia/toscana/sconosciuta/pages/bar_quintana_43.0964_12.3821.json,custom
43.550055,10.312366,osm_caff__mercato_43.5501_10.3124,Caffè mercato,bar_cafe,bar_cafe,https://raw.githubusercontent.com/pasqualelembo78/huntix-poi/main/italia/toscana/sconosciuta/pages/caff_mercato_43.5501_10.3124.json,custom
43.768343,11.256641,osm_caffetteria_del_grano_43.7683_11.2566,Caffetteria del grano,bar_cafe,bar_cafe,https://raw.githubusercontent.com/pasqualelembo78/huntix-poi/main/italia/toscana/sconosciuta/pages/caffetteria_del_grano_43.7683_11.2566.json,custom
42.647326,11.904177,osm_havana_42.6473_11.9042,Havana,bar_cafe,bar_cafe,https://raw.githubusercontent.com/pasqualelembo78/huntix-poi/main/italia/toscana/sconosciuta/pages/havana_42.6473_11.9042.json,custom
43.187551,10.543385,osm_la_fornace_43.1876_10.5434,La fornace,bar_cafe,bar_cafe,https://raw.githubusercontent.com/pasqualelembo78/huntix-poi/main/italia/toscana/sconosciuta/pages/la_fornace_43.1876_10.5434.json,custom
42.748522,10.120788,osm_pomonts_42.7485_10.1208,Pomonts,bar_cafe,bar_cafe,https://raw.githubusercontent.com/pasqualelembo78/huntix-poi/main/italia/toscana/sconosciuta/pages/pomonts_42.7485_10.1208.json,custom
42.745279,10.375986,osm_cici_bobo_42.7453_10.3760,CiCi BoBo,bar_cafe,bar_cafe,https://raw.githubusercontent.com/pasqualelembo78/huntix-poi/main/italia/toscana/sconosciuta/pages/cici_bobo_42.7453_10.3760.json,custom
43.399356,10.427777,osm_da_quei_ragazzi_43.3994_10.4278,Da quei ragazzi,bar_cafe,bar_cafe,https://raw.githubusercontent.com/pasqualelembo78/huntix-poi/main/italia/toscana/sconosciuta/pages/da_quei_ragazzi_43.3994_10.4278.json,custom
43.398519,10.425543,osm_il_garagolo_43.3985_10.4255,Il Garagolo,bar_cafe,bar_cafe,https://raw.githubusercontent.com/pasqualelembo78/huntix-poi/main/italia/toscana/sconosciuta/pages/il_garagolo_43.3985_10.4255.json,custom
43.548673,10.303488,osm_quo_vadis__43.5487_10.3035,Quo vadis?,bar_cafe,bar_cafe,https://raw.githubusercontent.com/pasqualelembo78/huntix-poi/main/italia/toscana/sconosciuta/pages/quo_vadis_43.5487_10.3035.json,custom
42.368934,12.124733,osm_fuori_porta_42.3689_12.1247,Fuori Porta,bar_cafe,bar_cafe,https://raw.githubusercontent.com/pasqualelembo78/huntix-poi/main/italia/toscana/sconosciuta/pages/fuori_porta_42.3689_12.1247.json,custom
43.465551,11.042593,osm_armando_e_marcella_43.4656_11.0426,Armando e Marcella,bar_cafe,bar_cafe,https://raw.githubusercontent.com/pasqualelembo78/huntix-poi/main/italia/toscana/sconosciuta/pages/armando_e_marcella_43.4656_11.0426.json,custom
42.141659,12.380356,osm_all_angolo_42.1417_12.3804,All'Angolo,bar_cafe,bar_cafe,https://raw.githubusercontent.com/pasqualelembo78/huntix-poi/main/italia/toscana/sconosciuta/pages/allangolo_42.1417_12.3804.json,custom
42.537119,12.031549,osm_giusti_pasticceria_42.5371_12.0315,Giusti Pasticceria,bar_cafe,bar_cafe,https://raw.githubusercontent.com/pasqualelembo78/huntix-poi/main/italia/toscana/sconosciuta/pages/giusti_pasticceria_42.5371_12.0315.json,custom
42.331709,12.085544,osm_bar_calevi_42.3317_12.0855,Bar Calevi,bar_cafe,bar_cafe,https://raw.githubusercontent.com/pasqualelembo78/huntix-poi/main/italia/toscana/sconosciuta/pages/bar_calevi_42.3317_12.0855.json,custom
43.284650,11.963708,osm_parny_a__13_43.2847_11.9637,Parny a' 13,bar_cafe,bar_cafe,https://raw.githubusercontent.com/pasqualelembo78/huntix-poi/main/italia/toscana/sconosciuta/pages/parny_a_13_43.2847_11.9637.json,custom
43.268086,10.706567,osm_bar_alimentari_la_gabella_43.2681_10.7066,bar alimentari La Gabella,bar_cafe,bar_cafe,https://raw.githubusercontent.com/pasqualelembo78/huntix-poi/main/italia/toscana/sconosciuta/pages/bar_alimentari_la_gabella_43.2681_10.7066.json,custom
43.344201,10.582617,osm_caff__osteria_per_bacco_43.3442_10.5826,Caffè Osteria Per Bacco,bar_cafe,bar_cafe,https://raw.githubusercontent.com/pasqualelembo78/huntix-poi/main/italia/toscana/sconosciuta/pages/caff_osteria_per_bacco_43.3442_10.5826.json,custom
42.706436,11.134022,osm_bellini_s_bar_42.7064_11.1340,Bellini's Bar,bar_cafe,bar_cafe,https://raw.githubusercontent.com/pasqualelembo78/huntix-poi/main/italia/toscana/sconosciuta/pages/bellinis_bar_42.7064_11.1340.json,custom
43.104239,12.393096,osm_little_sicily_43.1042_12.3931,Little Sicily,bar_cafe,bar_cafe,https://raw.githubusercontent.com/pasqualelembo78/huntix-poi/main/italia/toscana/sconosciuta/pages/little_sicily_43.1042_12.3931.json,custom
43.768555,11.195556,osm_caff__bugiardini_43.7686_11.1956,Caffè Bugiardini,bar_cafe,bar_cafe,https://raw.githubusercontent.com/pasqualelembo78/huntix-poi/main/italia/toscana/sconosciuta/pages/caff_bugiardini_43.7686_11.1956.json,custom
43.100721,10.538639,osm_pasticceria_caff__lagalleria_43.1007_10.5386,Pasticceria Caffè LaGalleria,bar_cafe,bar_cafe,https://raw.githubusercontent.com/pasqualelembo78/huntix-poi/main/italia/toscana/sconosciuta/pages/pasticceria_caff_lagalleria_43.1007_10.5386.json,custom
43.538781,10.328007,osm_bar_ughi_43.5388_10.3280,Bar Ughi,bar_cafe,bar_cafe,https://raw.githubusercontent.com/pasqualelembo78/huntix-poi/main/italia/toscana/sconosciuta/pages/bar_ughi_43.5388_10.3280.json,custom
43.538496,10.328238,osm_l_angolo_di_mina_43.5385_10.3282,L'angolo di Mina,bar_cafe,bar_cafe,https://raw.githubusercontent.com/pasqualelembo78/huntix-poi/main/italia/toscana/sconosciuta/pages/langolo_di_mina_43.5385_10.3282.json,custom
43.537984,10.328775,osm_caffetteria_toscana_43.5380_10.3288,Caffetteria Toscana,bar_cafe,bar_cafe,https://raw.githubusercontent.com/pasqualelembo78/huntix-poi/main/italia/toscana/sconosciuta/pages/caffetteria_toscana_43.5380_10.3288.json,custom
43.076575,10.678567,osm_bar_trattoria_la_sugheraia_43.0766_10.6786,Bar Trattoria La Sugheraia,bar_cafe,bar_cafe,https://raw.githubusercontent.com/pasqualelembo78/huntix-poi/main/italia/toscana/sconosciuta/pages/bar_trattoria_la_sugheraia_43.0766_10.6786.json,custom
43.959717,11.380082,osm_bar_della_stazione_43.9597_11.3801,Bar Della Stazione,bar_cafe,bar_cafe,https://raw.githubusercontent.com/pasqualelembo78/huntix-poi/main/italia/toscana/sconosciuta/pages/bar_della_stazione_43.9597_11.3801.json,custom
43.777500,11.258744,osm_il_david_43.7775_11.2587,Il David,bar_cafe,bar_cafe,https://raw.githubusercontent.com/pasqualelembo78/huntix-poi/main/italia/toscana/sconosciuta/pages/il_david_43.7775_11.2587.json,custom
43.777472,11.258807,osm_accademia_caf__43.7775_11.2588,Accademia Café,bar_cafe,bar_cafe,https://raw.githubusercontent.com/pasqualelembo78/huntix-poi/main/italia/toscana/sconosciuta/pages/accademia_caf_43.7775_11.2588.json,custom
43.544467,11.327130,osm_chianti_mixology_43.5445_11.3271,CHIANTI MIXOLOGY,bar_cafe,bar_cafe,https://raw.githubusercontent.com/pasqualelembo78/huntix-poi/main/italia/toscana/sconosciuta/pages/chianti_mixology_43.5445_11.3271.json,custom
43.842585,10.509316,osm_fuori_controllo_43.8426_10.5093,Fuori Controllo,bar_cafe,bar_cafe,https://raw.githubusercontent.com/pasqualelembo78/huntix-poi/main/italia/toscana/sconosciuta/pages/fuori_controllo_43.8426_10.5093.json,custom
43.840387,10.502450,osm_caff__del_teatro_43.8404_10.5024,Caffè del teatro,bar_cafe,bar_cafe,https://raw.githubusercontent.com/pasqualelembo78/huntix-poi/main/italia/toscana/sconosciuta/pages/caff_del_teatro_43.8404_10.5024.json,custom
43.664629,10.628989,osm_basile_43.6646_10.6290,Basile,bar_cafe,bar_cafe,https://raw.githubusercontent.com/pasqualelembo78/huntix-poi/main/italia/toscana/sconosciuta/pages/basile_43.6646_10.6290.json,custom
43.842374,10.498314,osm_bar_caff__nero_43.8424_10.4983,Bar Caffè Nero,bar_cafe,bar_cafe,https://raw.githubusercontent.com/pasqualelembo78/huntix-poi/main/italia/toscana/sconosciuta/pages/bar_caff_nero_43.8424_10.4983.json,custom
43.682055,10.517429,osm_caffetteria_la_posta_43.6821_10.5174,Caffetteria La Posta,bar_cafe,bar_cafe,https://raw.githubusercontent.com/pasqualelembo78/huntix-poi/main/italia/toscana/sconosciuta/pages/caffetteria_la_posta_43.6821_10.5174.json,custom
43.450960,12.237067,osm_la_dolce_vita_43.4510_12.2371,La dolce vita,bar_cafe,bar_cafe,https://raw.githubusercontent.com/pasqualelembo78/huntix-poi/main/italia/toscana/sconosciuta/pages/la_dolce_vita_43.4510_12.2371.json,custom
42.815455,10.329658,osm_teatro_42.8155_10.3297,Teatro,bar_cafe,bar_cafe,https://raw.githubusercontent.com/pasqualelembo78/huntix-poi/main/italia/toscana/sconosciuta/pages/teatro_42.8155_10.3297.json,custom
42.814415,10.322614,osm_casa_del_panino_et_vino_42.8144_10.3226,Casa del panino et vino,bar_cafe,bar_cafe,https://raw.githubusercontent.com/pasqualelembo78/huntix-poi/main/italia/toscana/sconosciuta/pages/casa_del_panino_et_vino_42.8144_10.3226.json,custom
42.759445,10.112982,osm_bar_olivo_42.7594_10.1130,Bar Olivo,bar_cafe,bar_cafe,https://raw.githubusercontent.com/pasqualelembo78/huntix-poi/main/italia/toscana/sconosciuta/pages/bar_olivo_42.7594_10.1130.json,custom
42.970067,11.035409,osm_bar_sorriso_42.9701_11.0354,Bar Sorriso,bar_cafe,bar_cafe,https://raw.githubusercontent.com/pasqualelembo78/huntix-poi/main/italia/toscana/sconosciuta/pages/bar_sorriso_42.9701_11.0354.json,custom
42.744579,10.379330,osm_salon_le_piccole_ore_42.7446_10.3793,Salon Le piccole ore,bar_cafe,bar_cafe,https://raw.githubusercontent.com/pasqualelembo78/huntix-poi/main/italia/toscana/sconosciuta/pages/salon_le_piccole_ore_42.7446_10.3793.json,custom
43.081531,12.426230,osm_circolo_arci_balanzano_43.0815_12.4262,Circolo ARCI Balanzano,bar_cafe,bar_cafe,https://raw.githubusercontent.com/pasqualelembo78/huntix-poi/main/italia/toscana/sconosciuta/pages/circolo_arci_balanzano_43.0815_12.4262.json,custom
43.169631,10.565007,osm_il_chicco_d_oro_43.1696_10.5650,Il Chicco d'Oro,bar_cafe,bar_cafe,https://raw.githubusercontent.com/pasqualelembo78/huntix-poi/main/italia/toscana/sconosciuta/pages/il_chicco_doro_43.1696_10.5650.json,custom
42.921890,10.526554,osm_ginko_wine___cocktail_bar_42.9219_10.5266,Ginko Wine & Cocktail Bar,bar_cafe,bar_cafe,https://raw.githubusercontent.com/pasqualelembo78/huntix-poi/main/italia/toscana/sconosciuta/pages/ginko_wine_cocktail_bar_42.9219_10.5266.json,custom
42.386848,11.208531,osm_riva_del_marchese_42.3868_11.2085,Riva del Marchese,bar_cafe,bar_cafe,https://raw.githubusercontent.com/pasqualelembo78/huntix-poi/main/italia/toscana/sconosciuta/pages/riva_del_marchese_42.3868_11.2085.json,custom
43.663765,10.645623,osm_bar_note_di_caff__43.6638_10.6456,Bar Note di Caffé,bar_cafe,bar_cafe,https://raw.githubusercontent.com/pasqualelembo78/huntix-poi/main/italia/toscana/sconosciuta/pages/bar_note_di_caff_43.6638_10.6456.json,custom
43.681906,10.518262,osm_fashion_caf__43.6819_10.5183,Fashion Cafè,bar_cafe,bar_cafe,https://raw.githubusercontent.com/pasqualelembo78/huntix-poi/main/italia/toscana/sconosciuta/pages/fashion_caf_43.6819_10.5183.json,custom
43.718255,12.221370,osm_bar_tabacchi_43.7183_12.2214,Bar tabacchi,bar_cafe,bar_cafe,https://raw.githubusercontent.com/pasqualelembo78/huntix-poi/main/italia/toscana/sconosciuta/pages/bar_tabacchi_43.7183_12.2214.json,custom
43.712749,12.200106,osm_bar_alimentari_43.7127_12.2001,Bar alimentari,bar_cafe,bar_cafe,https://raw.githubusercontent.com/pasqualelembo78/huntix-poi/main/italia/toscana/sconosciuta/pages/bar_alimentari_43.7127_12.2001.json,custom
42.801155,10.364566,osm_bar_rosselba_42.8012_10.3646,Bar Rosselba,bar_cafe,bar_cafe,https://raw.githubusercontent.com/pasqualelembo78/huntix-poi/main/italia/toscana/sconosciuta/pages/bar_rosselba_42.8012_10.3646.json,custom
43.934300,12.436550,osm_bar_del_posto_43.9343_12.4365,Bar del Posto,bar_cafe,bar_cafe,https://raw.githubusercontent.com/pasqualelembo78/huntix-poi/main/italia/toscana/sconosciuta/pages/bar_del_posto_43.9343_12.4365.json,custom
43.797948,11.244653,osm_caffetteria_sabrina_43.7979_11.2447,Caffetteria Sabrina,bar_cafe,bar_cafe,https://raw.githubusercontent.com/pasqualelembo78/huntix-poi/main/italia/toscana/sconosciuta/pages/caffetteria_sabrina_43.7979_11.2447.json,custom
43.766785,11.248064,osm_i_raddi_di_santo_spirito_43.7668_11.2481,I'Raddi di Santo Spirito,bar_cafe,bar_cafe,https://raw.githubusercontent.com/pasqualelembo78/huntix-poi/main/italia/toscana/sconosciuta/pages/iraddi_di_santo_spirito_43.7668_11.2481.json,custom
43.779623,11.254458,osm_dolce_salato_43.7796_11.2545,Dolce Salato,bar_cafe,bar_cafe,https://raw.githubusercontent.com/pasqualelembo78/huntix-poi/main/italia/toscana/sconosciuta/pages/dolce_salato_43.7796_11.2545.json,custom
43.777272,11.253229,osm_l_angolo_43.7773_11.2532,L'angolo,bar_cafe,bar_cafe,https://raw.githubusercontent.com/pasqualelembo78/huntix-poi/main/italia/toscana/sconosciuta/pages/langolo_43.7773_11.2532.json,custom
43.799439,11.243609,osm_ross_43.7994_11.2436,ROSS,bar_cafe,bar_cafe,https://raw.githubusercontent.com/pasqualelembo78/huntix-poi/main/italia/toscana/sconosciuta/pages/ross_43.7994_11.2436.json,custom
43.789069,11.248407,osm_caff__vieusseux_43.7891_11.2484,Caffè Vieusseux,bar_cafe,bar_cafe,https://raw.githubusercontent.com/pasqualelembo78/huntix-poi/main/italia/toscana/sconosciuta/pages/caff_vieusseux_43.7891_11.2484.json,custom
43.792748,11.236362,osm_manzoni_43.7927_11.2364,Manzoni,bar_cafe,bar_cafe,https://raw.githubusercontent.com/pasqualelembo78/huntix-poi/main/italia/toscana/sconosciuta/pages/manzoni_43.7927_11.2364.json,custom
43.776303,11.250802,osm_miya_43.7763_11.2508,Miya,bar_cafe,bar_cafe,https://raw.githubusercontent.com/pasqualelembo78/huntix-poi/main/italia/toscana/sconosciuta/pages/miya_43.7763_11.2508.json,custom
42.408228,11.371301,osm_caff__station_42.4082_11.3713,Caffè Station,bar_cafe,bar_cafe,https://raw.githubusercontent.com/pasqualelembo78/huntix-poi/main/italia/toscana/sconosciuta/pages/caff_station_42.4082_11.3713.json,custom
43.394512,10.452735,osm_l_arca_bar_pasticceria_43.3945_10.4527,L'arca bar pasticceria,bar_cafe,bar_cafe,https://raw.githubusercontent.com/pasqualelembo78/huntix-poi/main/italia/toscana/sconosciuta/pages/larca_bar_pasticceria_43.3945_10.4527.json,custom
43.727007,10.891590,osm_piccola_libreria_di_pagnana_43.7270_10.8916,Piccola Libreria di Pagnana,bar_cafe,bar_cafe,https://raw.githubusercontent.com/pasqualelembo78/huntix-poi/main/italia/toscana/sconosciuta/pages/piccola_libreria_di_pagnana_43.7270_10.8916.json,custom
43.762773,11.263240,osm_al_giardino_delle_rose_43.7628_11.2632,Al Giardino delle Rose,bar_cafe,bar_cafe,https://raw.githubusercontent.com/pasqualelembo78/huntix-poi/main/italia/toscana/sconosciuta/pages/al_giardino_delle_rose_43.7628_11.2632.json,custom
43.775080,11.264746,osm_i_cugini_43.7751_11.2647,I Cugini,bar_cafe,bar_cafe,https://raw.githubusercontent.com/pasqualelembo78/huntix-poi/main/italia/toscana/sconosciuta/pages/i_cugini_43.7751_11.2647.json,custom
43.782555,11.253352,osm_rooftop_bar_43.7826_11.2534,Rooftop bar,bar_cafe,bar_cafe,https://raw.githubusercontent.com/pasqualelembo78/huntix-poi/main/italia/toscana/sconosciuta/pages/rooftop_bar_43.7826_11.2534.json,custom
43.778337,11.250723,osm_cafe__royal_43.7783_11.2507,Cafe' Royal,bar_cafe,bar_cafe,https://raw.githubusercontent.com/pasqualelembo78/huntix-poi/main/italia/toscana/sconosciuta/pages/cafe_royal_43.7783_11.2507.json,custom
42.417265,11.872258,osm_caff__del_duomo_42.4173_11.8723,Caffè del Duomo,bar_cafe,bar_cafe,https://raw.githubusercontent.com/pasqualelembo78/huntix-poi/main/italia/toscana/sconosciuta/pages/caff_del_duomo_42.4173_11.8723.json,custom
43.780727,11.252161,osm_val__43.7807_11.2522,valù,bar_cafe,bar_cafe,https://raw.githubusercontent.com/pasqualelembo78/huntix-poi/main/italia/toscana/sconosciuta/pages/val_43.7807_11.2522.json,custom
42.810205,10.308532,osm_pane___olio_42.8102_10.3085,Pane & Olio,bar_cafe,bar_cafe,https://raw.githubusercontent.com/pasqualelembo78/huntix-poi/main/italia/toscana/sconosciuta/pages/pane_olio_42.8102_10.3085.json,custom
43.862239,11.091664,osm_scaccomatto_43.8622_11.0917,scaccomatto,bar_cafe,bar_cafe,https://raw.githubusercontent.com/pasqualelembo78/huntix-poi/main/italia/toscana/sconosciuta/pages/scaccomatto_43.8622_11.0917.json,custom
43.862523,11.092103,osm_dolce_vita_55_43.8625_11.0921,dolce vita 55,bar_cafe,bar_cafe,https://raw.githubusercontent.com/pasqualelembo78/huntix-poi/main/italia/toscana/sconosciuta/pages/dolce_vita_55_43.8625_11.0921.json,custom
43.778110,11.250919,osm_ostello_bello_43.7781_11.2509,Ostello Bello,bar_cafe,bar_cafe,https://raw.githubusercontent.com/pasqualelembo78/huntix-poi/main/italia/toscana/sconosciuta/pages/ostello_bello_43.7781_11.2509.json,custom
43.874939,10.238429,osm_libreria_lungomare_43.8749_10.2384,Libreria Lungomare,bar_cafe,bar_cafe,https://raw.githubusercontent.com/pasqualelembo78/huntix-poi/main/italia/toscana/sconosciuta/pages/libreria_lungomare_43.8749_10.2384.json,custom
43.662633,10.634621,osm_canova_caff__43.6626_10.6346,Canova Caffè,bar_cafe,bar_cafe,https://raw.githubusercontent.com/pasqualelembo78/huntix-poi/main/italia/toscana/sconosciuta/pages/canova_caff_43.6626_10.6346.json,custom
42.871168,11.540593,osm_il_bagatto_42.8712_11.5406,Il Bagatto,bar_cafe,bar_cafe,https://raw.githubusercontent.com/pasqualelembo78/huntix-poi/main/italia/toscana/sconosciuta/pages/il_bagatto_42.8712_11.5406.json,custom
42.893327,11.537757,osm_corsini_42.8933_11.5378,Corsini,bar_cafe,bar_cafe,https://raw.githubusercontent.com/pasqualelembo78/huntix-poi/main/italia/toscana/sconosciuta/pages/corsini_42.8933_11.5378.json,custom
43.877137,11.094177,osm_squisio_43.8771_11.0942,Squisio,bar_cafe,bar_cafe,https://raw.githubusercontent.com/pasqualelembo78/huntix-poi/main/italia/toscana/sconosciuta/pages/squisio_43.8771_11.0942.json,custom
43.878521,11.095414,osm_cul_de_sac_43.8785_11.0954,Cul de sac,bar_cafe,bar_cafe,https://raw.githubusercontent.com/pasqualelembo78/huntix-poi/main/italia/toscana/sconosciuta/pages/cul_de_sac_43.8785_11.0954.json,custom
43.879138,11.099816,osm_mosto_di_malto_43.8791_11.0998,Mosto di malto,bar_cafe,bar_cafe,https://raw.githubusercontent.com/pasqualelembo78/huntix-poi/main/italia/toscana/sconosciuta/pages/mosto_di_malto_43.8791_11.0998.json,custom
42.813754,10.401595,osm_bar_di_sotto_42.8138_10.4016,Bar di Sotto,bar_cafe,bar_cafe,https://raw.githubusercontent.com/pasqualelembo78/huntix-poi/main/italia/toscana/sconosciuta/pages/bar_di_sotto_42.8138_10.4016.json,custom
42.627471,12.113293,osm_bar_la_piazzetta_42.6275_12.1133,Bar La Piazzetta,bar_cafe,bar_cafe,https://raw.githubusercontent.com/pasqualelembo78/huntix-poi/main/italia/toscana/sconosciuta/pages/bar_la_piazzetta_42.6275_12.1133.json,custom
42.627584,12.113851,osm_wine_bar_42.6276_12.1139,Wine bar,bar_cafe,bar_cafe,https://raw.githubusercontent.com/pasqualelembo78/huntix-poi/main/italia/toscana/sconosciuta/pages/wine_bar_42.6276_12.1139.json,custom
42.813317,10.322345,osm_terzo_tempo_42.8133_10.3223,Terzo Tempo,bar_cafe,bar_cafe,https://raw.githubusercontent.com/pasqualelembo78/huntix-poi/main/italia/toscana/sconosciuta/pages/terzo_tempo_42.8133_10.3223.json,custom
43.319013,11.331944,osm_sclavi_1949_43.3190_11.3319,Sclavi 1949,bar_cafe,bar_cafe,https://raw.githubusercontent.com/pasqualelembo78/huntix-poi/main/italia/toscana/sconosciuta/pages/sclavi_1949_43.3190_11.3319.json,custom
42.247970,12.068262,osm_libri_bradi_42.2480_12.0683,Libri Bradi,bar_cafe,bar_cafe,https://raw.githubusercontent.com/pasqualelembo78/huntix-poi/main/italia/toscana/sconosciuta/pages/libri_bradi_42.2480_12.0683.json,custom
42.746389,10.950178,osm_infinity_wall_42.7464_10.9502,infinity wall,bar_cafe,bar_cafe,https://raw.githubusercontent.com/pasqualelembo78/huntix-poi/main/italia/toscana/sconosciuta/pages/infinity_wall_42.7464_10.9502.json,custom
43.621396,10.867369,osm_i__leccio_43.6214_10.8674,I' Leccio,bar_cafe,bar_cafe,https://raw.githubusercontent.com/pasqualelembo78/huntix-poi/main/italia/toscana/sconosciuta/pages/i_leccio_43.6214_10.8674.json,custom
43.664116,10.277297,osm_tiffany_43.6641_10.2773,Tiffany,bar_cafe,bar_cafe,https://raw.githubusercontent.com/pasqualelembo78/huntix-poi/main/italia/toscana/sconosciuta/pages/tiffany_43.6641_10.2773.json,custom
43.662542,10.278213,osm_la_perla_43.6625_10.2782,La Perla,bar_cafe,bar_cafe,https://raw.githubusercontent.com/pasqualelembo78/huntix-poi/main/italia/toscana/sconosciuta/pages/la_perla_43.6625_10.2782.json,custom
43.662063,10.278502,osm_la_cambusa_43.6621_10.2785,La Cambusa,bar_cafe,bar_cafe,https://raw.githubusercontent.com/pasqualelembo78/huntix-poi/main/italia/toscana/sconosciuta/pages/la_cambusa_43.6621_10.2785.json,custom
43.968982,10.959331,osm_circolo_arci_le_pozze_43.9690_10.9593,Circolo ARCI Le Pozze,bar_cafe,bar_cafe,https://raw.githubusercontent.com/pasqualelembo78/huntix-poi/main/italia/toscana/sconosciuta/pages/circolo_arci_le_pozze_43.9690_10.9593.json,custom
43.810895,10.402112,osm_la_casita_43.8109_10.4021,La Casita,bar_cafe,bar_cafe,https://raw.githubusercontent.com/pasqualelembo78/huntix-poi/main/italia/toscana/sconosciuta/pages/la_casita_43.8109_10.4021.json,custom
43.766950,11.281183,osm_boulangerie_43.7670_11.2812,Boulangerie,bar_cafe,bar_cafe,https://raw.githubusercontent.com/pasqualelembo78/huntix-poi/main/italia/toscana/sconosciuta/pages/boulangerie_43.7670_11.2812.json,custom
43.792467,11.269923,osm_fico_43.7925_11.2699,Fico,bar_cafe,bar_cafe,https://raw.githubusercontent.com/pasqualelembo78/huntix-poi/main/italia/toscana/sconosciuta/pages/fico_43.7925_11.2699.json,custom
43.465001,11.884438,osm_vasari_caf__43.4650_11.8844,Vasari Cafè,bar_cafe,bar_cafe,https://raw.githubusercontent.com/pasqualelembo78/huntix-poi/main/italia/toscana/sconosciuta/pages/vasari_caf_43.4650_11.8844.json,custom
42.970754,11.035359,osm_la_primavera_42.9708_11.0354,La Primavera,bar_cafe,bar_cafe,https://raw.githubusercontent.com/pasqualelembo78/huntix-poi/main/italia/toscana/sconosciuta/pages/la_primavera_42.9708_11.0354.json,custom
42.368904,12.125957,osm_caff__dello_sport_42.3689_12.1260,Caffé dello Sport,bar_cafe,bar_cafe,https://raw.githubusercontent.com/pasqualelembo78/huntix-poi/main/italia/toscana/sconosciuta/pages/caff_dello_sport_42.3689_12.1260.json,custom
42.410706,12.109125,osm_glitter_caf__42.4107_12.1091,Glitter café,bar_cafe,bar_cafe,https://raw.githubusercontent.com/pasqualelembo78/huntix-poi/main/italia/toscana/sconosciuta/pages/glitter_caf_42.4107_12.1091.json,custom
43.680537,10.332246,osm_bar_e_commestibili_43.6805_10.3322,Bar e Commestibili,bar_cafe,bar_cafe,https://raw.githubusercontent.com/pasqualelembo78/huntix-poi/main/italia/toscana/sconosciuta/pages/bar_e_commestibili_43.6805_10.3322.json,custom
43.750182,11.236282,osm_pasticceria_gelateria_fabiani_43.7502_11.2363,Pasticceria Gelateria Fabiani,bar_cafe,bar_cafe,https://raw.githubusercontent.com/pasqualelembo78/huntix-poi/main/italia/toscana/sconosciuta/pages/pasticceria_gelateria_fabiani_43.7502_11.2363.json,custom
43.769424,11.245242,osm_mad_43.7694_11.2452,Mad,bar_cafe,bar_cafe,https://raw.githubusercontent.com/pasqualelembo78/huntix-poi/main/italia/toscana/sconosciuta/pages/mad_43.7694_11.2452.json,custom
43.769331,11.245124,osm_le_nuvole_43.7693_11.2451,Le Nuvole,bar_cafe,bar_cafe,https://raw.githubusercontent.com/pasqualelembo78/huntix-poi/main/italia/toscana/sconosciuta/pages/le_nuvole_43.7693_11.2451.json,custom
43.766035,11.246892,osm_langolino_43.7660_11.2469,Langolino,bar_cafe,bar_cafe,https://raw.githubusercontent.com/pasqualelembo78/huntix-poi/main/italia/toscana/sconosciuta/pages/langolino_43.7660_11.2469.json,custom
42.019604,12.393234,osm_little_free_library_42.0196_12.3932,Little Free Library,bar_cafe,bar_cafe,https://raw.githubusercontent.com/pasqualelembo78/huntix-poi/main/italia/toscana/sconosciuta/pages/little_free_library_42.0196_12.3932.json,custom
43.749769,11.235804,osm_panificio_pasticceria_sarti_43.7498_11.2358,Panificio Pasticceria Sarti,bar_cafe,bar_cafe,https://raw.githubusercontent.com/pasqualelembo78/huntix-poi/main/italia/toscana/sconosciuta/pages/panificio_pasticceria_sarti_43.7498_11.2358.json,custom
43.776688,11.251764,osm_i_lampredotto_43.7767_11.2518,I'Lampredotto,bar_cafe,bar_cafe,https://raw.githubusercontent.com/pasqualelembo78/huntix-poi/main/italia/toscana/sconosciuta/pages/ilampredotto_43.7767_11.2518.json,custom
43.776630,11.251794,osm_sabatino_43.7766_11.2518,Sabatino,bar_cafe,bar_cafe,https://raw.githubusercontent.com/pasqualelembo78/huntix-poi/main/italia/toscana/sconosciuta/pages/sabatino_43.7766_11.2518.json,custom
43.776497,11.251748,osm_trattoria_antichi_cancelli_43.7765_11.2517,Trattoria Antichi Cancelli,bar_cafe,bar_cafe,https://raw.githubusercontent.com/pasqualelembo78/huntix-poi/main/italia/toscana/sconosciuta/pages/trattoria_antichi_cancelli_43.7765_11.2517.json,custom
43.775522,11.252324,osm_trattoria_katti_43.7755_11.2523,Trattoria Katti,bar_cafe,bar_cafe,https://raw.githubusercontent.com/pasqualelembo78/huntix-poi/main/italia/toscana/sconosciuta/pages/trattoria_katti_43.7755_11.2523.json,custom
43.466358,11.042471,osm_baccanino_43.4664_11.0425,Baccanino,bar_cafe,bar_cafe,https://raw.githubusercontent.com/pasqualelembo78/huntix-poi/main/italia/toscana/sconosciuta/pages/baccanino_43.4664_11.0425.json,custom
43.468563,11.042625,osm_gustavo_mescita_vini_43.4686_11.0426,Gustavo Mescita Vini,bar_cafe,bar_cafe,https://raw.githubusercontent.com/pasqualelembo78/huntix-poi/main/italia/toscana/sconosciuta/pages/gustavo_mescita_vini_43.4686_11.0426.json,custom
43.464051,11.042618,osm_trattoria_rigoletto_43.4641_11.0426,Trattoria Rigoletto,bar_cafe,bar_cafe,https://raw.githubusercontent.com/pasqualelembo78/huntix-poi/main/italia/toscana/sconosciuta/pages/trattoria_rigoletto_43.4641_11.0426.json,custom
43.464129,11.042618,osm_d_j_vu_43.4641_11.0426,Déjàvu,bar_cafe,bar_cafe,https://raw.githubusercontent.com/pasqualelembo78/huntix-poi/main/italia/toscana/sconosciuta/pages/djvu_43.4641_11.0426.json,custom
43.468704,11.287637,osm_i_templari_43.4687_11.2876,I Templari,bar_cafe,bar_cafe,https://raw.githubusercontent.com/pasqualelembo78/huntix-poi/main/italia/toscana/sconosciuta/pages/i_templari_43.4687_11.2876.json,custom
43.763702,11.172092,osm_casa_del_popolo_43.7637_11.1721,Casa del Popolo,bar_cafe,bar_cafe,https://raw.githubusercontent.com/pasqualelembo78/huntix-poi/main/italia/toscana/sconosciuta/pages/casa_del_popolo_43.7637_11.1721.json,custom
43.944682,10.930148,osm_circolo_arci_le_fornaci_43.9447_10.9301,Circolo ARCI Le Fornaci,bar_cafe,bar_cafe,https://raw.githubusercontent.com/pasqualelembo78/huntix-poi/main/italia/toscana/sconosciuta/pages/circolo_arci_le_fornaci_43.9447_10.9301.json,custom
43.927719,10.923440,osm_circolo_arci_la_fortezza_43.9277_10.9234,Circolo ARCI La Fortezza,bar_cafe,bar_cafe,https://raw.githubusercontent.com/pasqualelembo78/huntix-poi/main/italia/toscana/sconosciuta/pages/circolo_arci_la_fortezza_43.9277_10.9234.json,custom
43.848947,10.472088,osm_lele_43.8489_10.4721,Lele,bar_cafe,bar_cafe,https://raw.githubusercontent.com/pasqualelembo78/huntix-poi/main/italia/toscana/sconosciuta/pages/lele_43.8489_10.4721.json,custom
43.712228,10.399735,osm_ars_43.7122_10.3997,ARS,bar_cafe,bar_cafe,https://raw.githubusercontent.com/pasqualelembo78/huntix-poi/main/italia/toscana/sconosciuta/pages/ars_43.7122_10.3997.json,custom
43.724006,12.408859,osm_the_alley_lounge_caf__43.7240_12.4089,The Alley Lounge Cafè,bar_cafe,bar_cafe,https://raw.githubusercontent.com/pasqualelembo78/huntix-poi/main/italia/toscana/sconosciuta/pages/the_alley_lounge_caf_43.7240_12.4089.json,custom
43.724575,12.414315,osm_piazza_caff__43.7246_12.4143,Piazza Caffè,bar_cafe,bar_cafe,https://raw.githubusercontent.com/pasqualelembo78/huntix-poi/main/italia/toscana/sconosciuta/pages/piazza_caff_43.7246_12.4143.json,custom
42.111040,9.550973,osm_strand_treibholz_corsika_42.1110_9.5510,Strand Treibholz Corsika,bar_cafe,bar_cafe,https://raw.githubusercontent.com/pasqualelembo78/huntix-poi/main/italia/toscana/sconosciuta/pages/strand_treibholz_corsika_42.1110_9.5510.json,custom
43.781678,10.583226,osm_circolo_combattenti_e_reduci_43.7817_10.5832,Circolo Combattenti e Reduci,bar_cafe,bar_cafe,https://raw.githubusercontent.com/pasqualelembo78/huntix-poi/main/italia/toscana/sconosciuta/pages/circolo_combattenti_e_reduci_43.7817_10.5832.json,custom
43.790597,11.198231,osm_la_casina_43.7906_11.1982,La Casina,bar_cafe,bar_cafe,https://raw.githubusercontent.com/pasqualelembo78/huntix-poi/main/italia/toscana/sconosciuta/pages/la_casina_43.7906_11.1982.json,custom
43.770038,11.123214,osm_menchetti_43.7700_11.1232,Menchetti,bar_cafe,bar_cafe,https://raw.githubusercontent.com/pasqualelembo78/huntix-poi/main/italia/toscana/sconosciuta/pages/menchetti_43.7700_11.1232.json,custom
43.998788,12.430787,osm_little_free_library_43.9988_12.4308,Little Free Library,bar_cafe,bar_cafe,https://raw.githubusercontent.com/pasqualelembo78/huntix-poi/main/italia/toscana/sconosciuta/pages/little_free_library_43.9988_12.4308.json,custom
43.669903,10.584793,osm_mim__43.6699_10.5848,Mimì,bar_cafe,bar_cafe,https://raw.githubusercontent.com/pasqualelembo78/huntix-poi/main/italia/toscana/sconosciuta/pages/mim_43.6699_10.5848.json,custom
43.763628,10.441463,osm_shelley_43.7636_10.4415,Shelley,bar_cafe,bar_cafe,https://raw.githubusercontent.com/pasqualelembo78/huntix-poi/main/italia/toscana/sconosciuta/pages/shelley_43.7636_10.4415.json,custom
43.792718,11.229498,osm_college_house_43.7927_11.2295,College House,bar_cafe,bar_cafe,https://raw.githubusercontent.com/pasqualelembo78/huntix-poi/main/italia/toscana/sconosciuta/pages/college_house_43.7927_11.2295.json,custom
43.546298,10.325233,osm_la_caffetteria_43.5463_10.3252,La caffetteria,bar_cafe,bar_cafe,https://raw.githubusercontent.com/pasqualelembo78/huntix-poi/main/italia/toscana/sconosciuta/pages/la_caffetteria_43.5463_10.3252.json,custom
43.409756,11.157001,osm_bocconbacco_43.4098_11.1570,Bocconbacco,bar_cafe,bar_cafe,https://raw.githubusercontent.com/pasqualelembo78/huntix-poi/main/italia/toscana/sconosciuta/pages/bocconbacco_43.4098_11.1570.json,custom
43.537691,10.326033,osm_bar_celona_43.5377_10.3260,Bar celona,bar_cafe,bar_cafe,https://raw.githubusercontent.com/pasqualelembo78/huntix-poi/main/italia/toscana/sconosciuta/pages/bar_celona_43.5377_10.3260.json,custom
43.705755,10.443331,osm_bar_hermes_43.7058_10.4433,Bar Hermes,bar_cafe,bar_cafe,https://raw.githubusercontent.com/pasqualelembo78/huntix-poi/main/italia/toscana/sconosciuta/pages/bar_hermes_43.7058_10.4433.json,custom
43.706468,10.408379,osm_do_cri__43.7065_10.4084,Do.Cri.,bar_cafe,bar_cafe,https://raw.githubusercontent.com/pasqualelembo78/huntix-poi/main/italia/toscana/sconosciuta/pages/docri_43.7065_10.4084.json,custom
43.542888,10.307608,osm_coffee_time_43.5429_10.3076,Coffee time,bar_cafe,bar_cafe,https://raw.githubusercontent.com/pasqualelembo78/huntix-poi/main/italia/toscana/sconosciuta/pages/coffee_time_43.5429_10.3076.json,custom
42.862272,11.822625,osm_bar_zamperini_marisa_42.8623_11.8226,Bar Zamperini Marisa,bar_cafe,bar_cafe,https://raw.githubusercontent.com/pasqualelembo78/huntix-poi/main/italia/toscana/sconosciuta/pages/bar_zamperini_marisa_42.8623_11.8226.json,custom
43.662746,10.542051,osm_circolo_arci_43.6627_10.5421,Circolo ARCI,bar_cafe,bar_cafe,https://raw.githubusercontent.com/pasqualelembo78/huntix-poi/main/italia/toscana/sconosciuta/pages/circolo_arci_43.6627_10.5421.json,custom
43.773511,11.250708,osm_vini_e_delizie_43.7735_11.2507,Vini e Delizie,bar_cafe,bar_cafe,https://raw.githubusercontent.com/pasqualelembo78/huntix-poi/main/italia/toscana/sconosciuta/pages/vini_e_delizie_43.7735_11.2507.json,custom
43.654258,10.557961,osm_mizar_bar_43.6543_10.5580,Mizar Bar,bar_cafe,bar_cafe,https://raw.githubusercontent.com/pasqualelembo78/huntix-poi/main/italia/toscana/sconosciuta/pages/mizar_bar_43.6543_10.5580.json,custom
43.606353,10.540303,osm_l_istrione_43.6064_10.5403,L'Istrione,bar_cafe,bar_cafe,https://raw.githubusercontent.com/pasqualelembo78/huntix-poi/main/italia/toscana/sconosciuta/pages/listrione_43.6064_10.5403.json,custom
43.100113,12.389581,osm_bimbobar_43.1001_12.3896,Bimbobar,bar_cafe,bar_cafe,https://raw.githubusercontent.com/pasqualelembo78/huntix-poi/main/italia/toscana/sconosciuta/pages/bimbobar_43.1001_12.3896.json,custom
43.514089,10.314868,osm_bagni_lido_43.5141_10.3149,Bagni Lido,bar_cafe,bar_cafe,https://raw.githubusercontent.com/pasqualelembo78/huntix-poi/main/italia/toscana/sconosciuta/pages/bagni_lido_43.5141_10.3149.json,custom
43.101520,12.380095,osm_caff__vulcano_43.1015_12.3801,Caffè Vulcano,bar_cafe,bar_cafe,https://raw.githubusercontent.com/pasqualelembo78/huntix-poi/main/italia/toscana/sconosciuta/pages/caff_vulcano_43.1015_12.3801.json,custom
43.649213,10.645172,osm_revive_43.6492_10.6452,Revive,bar_cafe,bar_cafe,https://raw.githubusercontent.com/pasqualelembo78/huntix-poi/main/italia/toscana/sconosciuta/pages/revive_43.6492_10.6452.json,custom
43.533070,10.302779,osm_rooftop_mascagni_restaurant_bar_43.5331_10.3028,Rooftop Mascagni restaurant-bar,bar_cafe,bar_cafe,https://raw.githubusercontent.com/pasqualelembo78/huntix-poi/main/italia/toscana/sconosciuta/pages/rooftop_mascagni_restaurant-bar_43.5331_10.3028.json,custom
43.223310,12.325553,osm_la_botteghina_43.2233_12.3256,La Botteghina,bar_cafe,bar_cafe,https://raw.githubusercontent.com/pasqualelembo78/huntix-poi/main/italia/toscana/sconosciuta/pages/la_botteghina_43.2233_12.3256.json,custom
43.581535,10.302873,osm_cruise_cafe_43.5815_10.3029,Cruise cafe,bar_cafe,bar_cafe,https://raw.githubusercontent.com/pasqualelembo78/huntix-poi/main/italia/toscana/sconosciuta/pages/cruise_cafe_43.5815_10.3029.json,custom
43.676534,10.551428,osm_il_forno_43.6765_10.5514,Il Forno,bar_cafe,bar_cafe,https://raw.githubusercontent.com/pasqualelembo78/huntix-poi/main/italia/toscana/sconosciuta/pages/il_forno_43.6765_10.5514.json,custom
43.675443,10.557623,osm_dolcemente_43.6754_10.5576,Dolcemente,bar_cafe,bar_cafe,https://raw.githubusercontent.com/pasqualelembo78/huntix-poi/main/italia/toscana/sconosciuta/pages/dolcemente_43.6754_10.5576.json,custom
43.259773,11.974504,osm_cristallo_caff__43.2598_11.9745,Cristallo Caffè,bar_cafe,bar_cafe,https://raw.githubusercontent.com/pasqualelembo78/huntix-poi/main/italia/toscana/sconosciuta/pages/cristallo_caff_43.2598_11.9745.json,custom
43.259320,11.973658,osm_angolo_caff__menchetti_point_43.2593_11.9737,Angolo Caffè Menchetti Point,bar_cafe,bar_cafe,https://raw.githubusercontent.com/pasqualelembo78/huntix-poi/main/italia/toscana/sconosciuta/pages/angolo_caff_menchetti_point_43.2593_11.9737.json,custom
43.737521,11.475861,osm_circolo_s_ellero_43.7375_11.4759,Circolo S.Ellero,bar_cafe,bar_cafe,https://raw.githubusercontent.com/pasqualelembo78/huntix-poi/main/italia/toscana/sconosciuta/pages/circolo_sellero_43.7375_11.4759.json,custom
43.259725,11.974489,osm_cristallo_caff__43.2597_11.9745,Cristallo Caffè,bar_cafe,bar_cafe,https://raw.githubusercontent.com/pasqualelembo78/huntix-poi/main/italia/toscana/sconosciuta/pages/cristallo_caff_43.2597_11.9745.json,custom
43.460642,11.877479,osm_caff__michelangelo_43.4606_11.8775,Caffè Michelangelo,bar_cafe,bar_cafe,https://raw.githubusercontent.com/pasqualelembo78/huntix-poi/main/italia/toscana/sconosciuta/pages/caff_michelangelo_43.4606_11.8775.json,custom
43.717727,10.945074,osm_followme_caf__loungebar_43.7177_10.9451,FollowMe Cafè LoungeBar,bar_cafe,bar_cafe,https://raw.githubusercontent.com/pasqualelembo78/huntix-poi/main/italia/toscana/sconosciuta/pages/followme_caf_loungebar_43.7177_10.9451.json,custom
43.470929,11.872309,osm_l_angolo_43.4709_11.8723,L'angolo,bar_cafe,bar_cafe,https://raw.githubusercontent.com/pasqualelembo78/huntix-poi/main/italia/toscana/sconosciuta/pages/langolo_43.4709_11.8723.json,custom
43.714753,11.053310,osm_pasticceria_le_ginestre_43.7148_11.0533,Pasticceria le Ginestre,bar_cafe,bar_cafe,https://raw.githubusercontent.com/pasqualelembo78/huntix-poi/main/italia/toscana/sconosciuta/pages/pasticceria_le_ginestre_43.7148_11.0533.json,custom
42.739426,11.110468,osm_bar_tabacchi_il_casalone_42.7394_11.1105,Bar Tabacchi Il Casalone,bar_cafe,bar_cafe,https://raw.githubusercontent.com/pasqualelembo78/huntix-poi/main/italia/toscana/sconosciuta/pages/bar_tabacchi_il_casalone_42.7394_11.1105.json,custom
43.570591,12.134958,osm_tiffany_43.5706_12.1350,Tiffany,bar_cafe,bar_cafe,https://raw.githubusercontent.com/pasqualelembo78/huntix-poi/main/italia/toscana/sconosciuta/pages/tiffany_43.5706_12.1350.json,custom
43.526549,10.337939,osm_caff__macchiato_43.5265_10.3379,Caffè macchiato,bar_cafe,bar_cafe,https://raw.githubusercontent.com/pasqualelembo78/huntix-poi/main/italia/toscana/sconosciuta/pages/caff_macchiato_43.5265_10.3379.json,custom
43.528325,11.763769,osm_tabacchi_43.5283_11.7638,Tabacchi,bar_cafe,bar_cafe,https://raw.githubusercontent.com/pasqualelembo78/huntix-poi/main/italia/toscana/sconosciuta/pages/tabacchi_43.5283_11.7638.json,custom
42.624654,12.296002,osm_v_bar_42.6247_12.2960,V Bar,bar_cafe,bar_cafe,https://raw.githubusercontent.com/pasqualelembo78/huntix-poi/main/italia/toscana/sconosciuta/pages/v_bar_42.6247_12.2960.json,custom
42.737927,11.055941,osm_coyote_bar_42.7379_11.0559,Coyote Bar,bar_cafe,bar_cafe,https://raw.githubusercontent.com/pasqualelembo78/huntix-poi/main/italia/toscana/sconosciuta/pages/coyote_bar_42.7379_11.0559.json,custom
42.658392,12.350528,osm_circolo_di_toscolano_42.6584_12.3505,Circolo di Toscolano,bar_cafe,bar_cafe,https://raw.githubusercontent.com/pasqualelembo78/huntix-poi/main/italia/toscana/sconosciuta/pages/circolo_di_toscolano_42.6584_12.3505.json,custom
42.708788,12.343610,osm_circolo_morre_42.7088_12.3436,Circolo Morre,bar_cafe,bar_cafe,https://raw.githubusercontent.com/pasqualelembo78/huntix-poi/main/italia/toscana/sconosciuta/pages/circolo_morre_42.7088_12.3436.json,custom
43.684278,10.504881,osm_circolo_arci_abetone_43.6843_10.5049,Circolo ARCI Abetone,bar_cafe,bar_cafe,https://raw.githubusercontent.com/pasqualelembo78/huntix-poi/main/italia/toscana/sconosciuta/pages/circolo_arci_abetone_43.6843_10.5049.json,custom
43.565818,11.529550,osm_pasticceria_semplici_andrea_43.5658_11.5295,Pasticceria Semplici Andrea,bar_cafe,bar_cafe,https://raw.githubusercontent.com/pasqualelembo78/huntix-poi/main/italia/toscana/sconosciuta/pages/pasticceria_semplici_andrea_43.5658_11.5295.json,custom
43.730306,10.807512,osm_caff__costagli_43.7303_10.8075,Caffé Costagli,bar_cafe,bar_cafe,https://raw.githubusercontent.com/pasqualelembo78/huntix-poi/main/italia/toscana/sconosciuta/pages/caff_costagli_43.7303_10.8075.json,custom
42.091154,11.798235,osm_caff__bistrot_42.0912_11.7982,Caffè Bistrot,bar_cafe,bar_cafe,https://raw.githubusercontent.com/pasqualelembo78/huntix-poi/main/italia/toscana/sconosciuta/pages/caff_bistrot_42.0912_11.7982.json,custom
43.387867,11.194374,osm_circolo_arci_43.3879_11.1944,Circolo ARCI,bar_cafe,bar_cafe,https://raw.githubusercontent.com/pasqualelembo78/huntix-poi/main/italia/toscana/sconosciuta/pages/circolo_arci_43.3879_11.1944.json,custom
42.697605,11.003636,osm_la_bottega_del_buttero_42.6976_11.0036,La Bottega del Buttero,bar_cafe,bar_cafe,https://raw.githubusercontent.com/pasqualelembo78/huntix-poi/main/italia/toscana/sconosciuta/pages/la_bottega_del_buttero_42.6976_11.0036.json,custom
43.717928,10.398349,osm_saporito_43.7179_10.3983,Saporito,bar_cafe,bar_cafe,https://raw.githubusercontent.com/pasqualelembo78/huntix-poi/main/italia/toscana/sconosciuta/pages/saporito_43.7179_10.3983.json,custom
42.737833,10.951506,osm_fuorirotta_42.7378_10.9515,Fuorirotta,bar_cafe,bar_cafe,https://raw.githubusercontent.com/pasqualelembo78/huntix-poi/main/italia/toscana/sconosciuta/pages/fuorirotta_42.7378_10.9515.json,custom
43.689995,10.757637,osm_pasticceria_dolcevita_43.6900_10.7576,Pasticceria Dolcevita,bar_cafe,bar_cafe,https://raw.githubusercontent.com/pasqualelembo78/huntix-poi/main/italia/toscana/sconosciuta/pages/pasticceria_dolcevita_43.6900_10.7576.json,custom
43.824587,10.538092,osm_da_alfredo_43.8246_10.5381,Da Alfredo,bar_cafe,bar_cafe,https://raw.githubusercontent.com/pasqualelembo78/huntix-poi/main/italia/toscana/sconosciuta/pages/da_alfredo_43.8246_10.5381.json,custom
42.540463,12.033238,osm_bar_victoria_42.5405_12.0332,Bar Victoria,bar_cafe,bar_cafe,https://raw.githubusercontent.com/pasqualelembo78/huntix-poi/main/italia/toscana/sconosciuta/pages/bar_victoria_42.5405_12.0332.json,custom
43.093148,12.357852,osm_caff__zero_43.0931_12.3579,Caffè Zero,bar_cafe,bar_cafe,https://raw.githubusercontent.com/pasqualelembo78/huntix-poi/main/italia/toscana/sconosciuta/pages/caff_zero_43.0931_12.3579.json,custom
43.549441,10.305734,osm_l_e_f__43.5494_10.3057,L.E.F.,bar_cafe,bar_cafe,https://raw.githubusercontent.com/pasqualelembo78/huntix-poi/main/italia/toscana/sconosciuta/pages/lef_43.5494_10.3057.json,custom
42.440786,12.088165,osm_bar_77_42.4408_12.0882,Bar 77,bar_cafe,bar_cafe,https://raw.githubusercontent.com/pasqualelembo78/huntix-poi/main/italia/toscana/sconosciuta/pages/bar_77_42.4408_12.0882.json,custom
42.338958,12.068183,osm_punto_sosta_pellegrini_42.3390_12.0682,Punto sosta pellegrini,bar_cafe,bar_cafe,https://raw.githubusercontent.com/pasqualelembo78/huntix-poi/main/italia/toscana/sconosciuta/pages/punto_sosta_pellegrini_42.3390_12.0682.json,custom
42.240526,12.228495,osm_dolcissima_42.2405_12.2285,Dolcissima,bar_cafe,bar_cafe,https://raw.githubusercontent.com/pasqualelembo78/huntix-poi/main/italia/toscana/sconosciuta/pages/dolcissima_42.2405_12.2285.json,custom
42.983099,10.684055,osm_riolandia_42.9831_10.6841,Riolandia,bar_cafe,bar_cafe,https://raw.githubusercontent.com/pasqualelembo78/huntix-poi/main/italia/toscana/sconosciuta/pages/riolandia_42.9831_10.6841.json,custom
43.846045,10.505375,osm_caff__santa_zita_43.8460_10.5054,Caffè Santa Zita,bar_cafe,bar_cafe,https://raw.githubusercontent.com/pasqualelembo78/huntix-poi/main/italia/toscana/sconosciuta/pages/caff_santa_zita_43.8460_10.5054.json,custom
42.680505,11.712179,osm_papo_bar_42.6805_11.7122,Papo Bar,bar_cafe,bar_cafe,https://raw.githubusercontent.com/pasqualelembo78/huntix-poi/main/italia/toscana/sconosciuta/pages/papo_bar_42.6805_11.7122.json,custom
43.674612,10.474693,osm_diverso_43.6746_10.4747,Diverso,bar_cafe,bar_cafe,https://raw.githubusercontent.com/pasqualelembo78/huntix-poi/main/italia/toscana/sconosciuta/pages/diverso_43.6746_10.4747.json,custom
43.068854,10.538024,osm_bar_white_43.0689_10.5380,Bar white,bar_cafe,bar_cafe,https://raw.githubusercontent.com/pasqualelembo78/huntix-poi/main/italia/toscana/sconosciuta/pages/bar_white_43.0689_10.5380.json,custom
43.527424,11.760186,osm_strawberry_43.5274_11.7602,Strawberry,bar_cafe,bar_cafe,https://raw.githubusercontent.com/pasqualelembo78/huntix-poi/main/italia/toscana/sconosciuta/pages/strawberry_43.5274_11.7602.json,custom
43.406645,10.473232,osm_caff__carducci_43.4066_10.4732,Caffè Carducci,bar_cafe,bar_cafe,https://raw.githubusercontent.com/pasqualelembo78/huntix-poi/main/italia/toscana/sconosciuta/pages/caff_carducci_43.4066_10.4732.json,custom
42.263418,9.548807,osm_maison_straboni_42.2634_9.5488,Maison Straboni,bar_cafe,bar_cafe,https://raw.githubusercontent.com/pasqualelembo78/huntix-poi/main/italia/toscana/sconosciuta/pages/maison_straboni_42.2634_9.5488.json,custom
43.696215,10.449380,osm_circolo_arci_la_pagoda_43.6962_10.4494,Circolo ARCI La Pagoda,bar_cafe,bar_cafe,https://raw.githubusercontent.com/pasqualelembo78/huntix-poi/main/italia/toscana/sconosciuta/pages/circolo_arci_la_pagoda_43.6962_10.4494.json,custom
43.840276,10.482818,osm_tiffany_coffee_and_pastries_43.8403_10.4828,Tiffany coffee and pastries,bar_cafe,bar_cafe,https://raw.githubusercontent.com/pasqualelembo78/huntix-poi/main/italia/toscana/sconosciuta/pages/tiffany_coffee_and_pastries_43.8403_10.4828.json,custom
43.748955,10.466521,osm_la_faeta_43.7490_10.4665,La Faeta,bar_cafe,bar_cafe,https://raw.githubusercontent.com/pasqualelembo78/huntix-poi/main/italia/toscana/sconosciuta/pages/la_faeta_43.7490_10.4665.json,custom
43.115688,12.388138,osm_delicatessen_43.1157_12.3881,Delicatessen,bar_cafe,bar_cafe,https://raw.githubusercontent.com/pasqualelembo78/huntix-poi/main/italia/toscana/sconosciuta/pages/delicatessen_43.1157_12.3881.json,custom
43.179243,10.544221,osm_lume_43.1792_10.5442,Lume,bar_cafe,bar_cafe,https://raw.githubusercontent.com/pasqualelembo78/huntix-poi/main/italia/toscana/sconosciuta/pages/lume_43.1792_10.5442.json,custom
43.179005,10.544943,osm_dr__dove_43.1790_10.5449,Dr. Dove,bar_cafe,bar_cafe,https://raw.githubusercontent.com/pasqualelembo78/huntix-poi/main/italia/toscana/sconosciuta/pages/dr_dove_43.1790_10.5449.json,custom
43.560629,12.101957,osm_shadow_bar_43.5606_12.1020,Shadow Bar,bar_cafe,bar_cafe,https://raw.githubusercontent.com/pasqualelembo78/huntix-poi/main/italia/toscana/sconosciuta/pages/shadow_bar_43.5606_12.1020.json,custom
42.813196,10.322468,osm_le_spuntino_42.8132_10.3225,Le Spuntino,bar_cafe,bar_cafe,https://raw.githubusercontent.com/pasqualelembo78/huntix-poi/main/italia/toscana/sconosciuta/pages/le_spuntino_42.8132_10.3225.json,custom
42.813721,10.323278,osm_bar_picadilly_42.8137_10.3233,Bar Picadilly,bar_cafe,bar_cafe,https://raw.githubusercontent.com/pasqualelembo78/huntix-poi/main/italia/toscana/sconosciuta/pages/bar_picadilly_42.8137_10.3233.json,custom
43.233009,11.929877,osm_bar_montecchio_43.2330_11.9299,Bar Montecchio,bar_cafe,bar_cafe,https://raw.githubusercontent.com/pasqualelembo78/huntix-poi/main/italia/toscana/sconosciuta/pages/bar_montecchio_43.2330_11.9299.json,custom
42.814067,10.332803,osm_berbene_bar_enoteca_42.8141_10.3328,BerBene Bar Enoteca,bar_cafe,bar_cafe,https://raw.githubusercontent.com/pasqualelembo78/huntix-poi/main/italia/toscana/sconosciuta/pages/berbene_bar_enoteca_42.8141_10.3328.json,custom
43.552333,10.315625,osm_bar_21_43.5523_10.3156,Bar 21,bar_cafe,bar_cafe,https://raw.githubusercontent.com/pasqualelembo78/huntix-poi/main/italia/toscana/sconosciuta/pages/bar_21_43.5523_10.3156.json,custom
43.261118,11.971744,osm_bar_la_stazione_43.2611_11.9717,Bar la Stazione,bar_cafe,bar_cafe,https://raw.githubusercontent.com/pasqualelembo78/huntix-poi/main/italia/toscana/sconosciuta/pages/bar_la_stazione_43.2611_11.9717.json,custom
43.273255,11.984014,osm_viaguelfa74_43.2733_11.9840,ViaGuelfa74,bar_cafe,bar_cafe,https://raw.githubusercontent.com/pasqualelembo78/huntix-poi/main/italia/toscana/sconosciuta/pages/viaguelfa74_43.2733_11.9840.json,custom
42.814480,10.331365,osm_la_gran_guardia_caff__42.8145_10.3314,La Gran Guardia Caffè,bar_cafe,bar_cafe,https://raw.githubusercontent.com/pasqualelembo78/huntix-poi/main/italia/toscana/sconosciuta/pages/la_gran_guardia_caff_42.8145_10.3314.json,custom
43.458082,10.368308,osm_birrificio_ortigrandi_43.4581_10.3683,Birrificio ortigrandi,bar_cafe,bar_cafe,https://raw.githubusercontent.com/pasqualelembo78/huntix-poi/main/italia/toscana/sconosciuta/pages/birrificio_ortigrandi_43.4581_10.3683.json,custom
43.671178,10.582811,osm_bar_l_incanto_43.6712_10.5828,Bar L'Incanto,bar_cafe,bar_cafe,https://raw.githubusercontent.com/pasqualelembo78/huntix-poi/main/italia/toscana/sconosciuta/pages/bar_lincanto_43.6712_10.5828.json,custom
43.773773,11.242361,osm_gamberini_43.7738_11.2424,Gamberini,bar_cafe,bar_cafe,https://raw.githubusercontent.com/pasqualelembo78/huntix-poi/main/italia/toscana/sconosciuta/pages/gamberini_43.7738_11.2424.json,custom
42.091318,11.791894,osm_gilbert_42.0913_11.7919,Gilbert,bar_cafe,bar_cafe,https://raw.githubusercontent.com/pasqualelembo78/huntix-poi/main/italia/toscana/sconosciuta/pages/gilbert_42.0913_11.7919.json,custom
43.891494,10.936565,osm_il_castello_43.8915_10.9366,Il Castello,bar_cafe,bar_cafe,https://raw.githubusercontent.com/pasqualelembo78/huntix-poi/main/italia/toscana/sconosciuta/pages/il_castello_43.8915_10.9366.json,custom
43.482387,10.441289,osm_circolo_acli_43.4824_10.4413,Circolo ACLI,bar_cafe,bar_cafe,https://raw.githubusercontent.com/pasqualelembo78/huntix-poi/main/italia/toscana/sconosciuta/pages/circolo_acli_43.4824_10.4413.json,custom
43.910389,10.526518,osm_caff__c_ndoria_43.9104_10.5265,Caffé Cèndoria,bar_cafe,bar_cafe,https://raw.githubusercontent.com/pasqualelembo78/huntix-poi/main/italia/toscana/sconosciuta/pages/caff_cndoria_43.9104_10.5265.json,custom
43.545872,10.304997,osm_red_hop_43.5459_10.3050,Red hop,bar_cafe,bar_cafe,https://raw.githubusercontent.com/pasqualelembo78/huntix-poi/main/italia/toscana/sconosciuta/pages/red_hop_43.5459_10.3050.json,custom
43.669016,12.042073,osm_il_patio_43.6690_12.0421,Il Patio,bar_cafe,bar_cafe,https://raw.githubusercontent.com/pasqualelembo78/huntix-poi/main/italia/toscana/sconosciuta/pages/il_patio_43.6690_12.0421.json,custom
42.682022,11.713979,osm_sor_caff__42.6820_11.7140,Sor Caffé,bar_cafe,bar_cafe,https://raw.githubusercontent.com/pasqualelembo78/huntix-poi/main/italia/toscana/sconosciuta/pages/sor_caff_42.6820_11.7140.json,custom
43.548368,10.309268,osm_manal__43.5484_10.3093,Manalù,bar_cafe,bar_cafe,https://raw.githubusercontent.com/pasqualelembo78/huntix-poi/main/italia/toscana/sconosciuta/pages/manal_43.5484_10.3093.json,custom
43.259789,11.982181,osm_caff__darwin_43.2598_11.9822,Caffè Darwin,bar_cafe,bar_cafe,https://raw.githubusercontent.com/pasqualelembo78/huntix-poi/main/italia/toscana/sconosciuta/pages/caff_darwin_43.2598_11.9822.json,custom
43.763306,11.257067,osm_kaffeehaus_43.7633_11.2571,Kaffeehaus,bar_cafe,bar_cafe,https://raw.githubusercontent.com/pasqualelembo78/huntix-poi/main/italia/toscana/sconosciuta/pages/kaffeehaus_43.7633_11.2571.json,custom
43.553515,10.309614,osm_the_hovel___ludopub_43.5535_10.3096,The Hovel - Ludopub,bar_cafe,bar_cafe,https://raw.githubusercontent.com/pasqualelembo78/huntix-poi/main/italia/toscana/sconosciuta/pages/the_hovel_-_ludopub_43.5535_10.3096.json,custom
42.331961,12.264458,osm_bar_cristofari_42.3320_12.2645,Bar Cristofari,bar_cafe,bar_cafe,https://raw.githubusercontent.com/pasqualelembo78/huntix-poi/main/italia/toscana/sconosciuta/pages/bar_cristofari_42.3320_12.2645.json,custom
43.742929,10.989921,osm_caff__romagnoli_43.7429_10.9899,Caffè Romagnoli,bar_cafe,bar_cafe,https://raw.githubusercontent.com/pasqualelembo78/huntix-poi/main/italia/toscana/sconosciuta/pages/caff_romagnoli_43.7429_10.9899.json,custom
43.735716,11.015510,osm_circolo_mcl_capraia_43.7357_11.0155,Circolo MCL Capraia,bar_cafe,bar_cafe,https://raw.githubusercontent.com/pasqualelembo78/huntix-poi/main/italia/toscana/sconosciuta/pages/circolo_mcl_capraia_43.7357_11.0155.json,custom
42.545154,12.416085,osm_sister_act_42.5452_12.4161,Sister Act,bar_cafe,bar_cafe,https://raw.githubusercontent.com/pasqualelembo78/huntix-poi/main/italia/toscana/sconosciuta/pages/sister_act_42.5452_12.4161.json,custom
42.128563,12.130444,osm_la_gatta_ghiotta_42.1286_12.1304,La Gatta Ghiotta,bar_cafe,bar_cafe,https://raw.githubusercontent.com/pasqualelembo78/huntix-poi/main/italia/toscana/sconosciuta/pages/la_gatta_ghiotta_42.1286_12.1304.json,custom
43.102191,12.310266,osm_mirage_43.1022_12.3103,Mirage,bar_cafe,bar_cafe,https://raw.githubusercontent.com/pasqualelembo78/huntix-poi/main/italia/toscana/sconosciuta/pages/mirage_43.1022_12.3103.json,custom
43.723784,10.515248,osm_passa_parola_43.7238_10.5152,Passa Parola,bar_cafe,bar_cafe,https://raw.githubusercontent.com/pasqualelembo78/huntix-poi/main/italia/toscana/sconosciuta/pages/passa_parola_43.7238_10.5152.json,custom
43.544068,10.302220,osm_starbucks_43.5441_10.3022,Starbucks,bar_cafe,bar_cafe,https://raw.githubusercontent.com/pasqualelembo78/huntix-poi/main/italia/toscana/sconosciuta/pages/starbucks_43.5441_10.3022.json,custom
43.957241,10.231536,osm_a_duomo_43.9572_10.2315,A duomo,bar_cafe,bar_cafe,https://raw.githubusercontent.com/pasqualelembo78/huntix-poi/main/italia/toscana/sconosciuta/pages/a_duomo_43.9572_10.2315.json,custom
43.959006,10.229067,osm_ammodo_43.9590_10.2291,Ammodo,bar_cafe,bar_cafe,https://raw.githubusercontent.com/pasqualelembo78/huntix-poi/main/italia/toscana/sconosciuta/pages/ammodo_43.9590_10.2291.json,custom
43.955276,10.234117,osm_la_pinseria_43.9553_10.2341,La pinseria,bar_cafe,bar_cafe,https://raw.githubusercontent.com/pasqualelembo78/huntix-poi/main/italia/toscana/sconosciuta/pages/la_pinseria_43.9553_10.2341.json,custom
43.957469,10.230715,osm_sushi_jazz_43.9575_10.2307,Sushi Jazz,bar_cafe,bar_cafe,https://raw.githubusercontent.com/pasqualelembo78/huntix-poi/main/italia/toscana/sconosciuta/pages/sushi_jazz_43.9575_10.2307.json,custom
43.957561,10.232087,osm_caffe_al_teatro_43.9576_10.2321,Caffe Al Teatro,bar_cafe,bar_cafe,https://raw.githubusercontent.com/pasqualelembo78/huntix-poi/main/italia/toscana/sconosciuta/pages/caffe_al_teatro_43.9576_10.2321.json,custom
43.956700,10.231064,osm_gato_nero_43.9567_10.2311,Gato nero,bar_cafe,bar_cafe,https://raw.githubusercontent.com/pasqualelembo78/huntix-poi/main/italia/toscana/sconosciuta/pages/gato_nero_43.9567_10.2311.json,custom
43.841996,10.503919,osm_san_giusto_43.8420_10.5039,San Giusto,bar_cafe,bar_cafe,https://raw.githubusercontent.com/pasqualelembo78/huntix-poi/main/italia/toscana/sconosciuta/pages/san_giusto_43.8420_10.5039.json,custom
43.780490,11.279967,osm_la_boutique_del_sud_43.7805_11.2800,La Boutique del Sud,bar_cafe,bar_cafe,https://raw.githubusercontent.com/pasqualelembo78/huntix-poi/main/italia/toscana/sconosciuta/pages/la_boutique_del_sud_43.7805_11.2800.json,custom
43.767332,11.241809,osm_gi_ro__san_frediano_43.7673_11.2418,Gi.Ro. San Frediano,bar_cafe,bar_cafe,https://raw.githubusercontent.com/pasqualelembo78/huntix-poi/main/italia/toscana/sconosciuta/pages/giro_san_frediano_43.7673_11.2418.json,custom
43.856620,10.519343,osm_biscuit_84_43.8566_10.5193,Biscuit 84,bar_cafe,bar_cafe,https://raw.githubusercontent.com/pasqualelembo78/huntix-poi/main/italia/toscana/sconosciuta/pages/biscuit_84_43.8566_10.5193.json,custom
43.515763,10.324975,osm_rosso_rubino_43.5158_10.3250,Rosso rubino,bar_cafe,bar_cafe,https://raw.githubusercontent.com/pasqualelembo78/huntix-poi/main/italia/toscana/sconosciuta/pages/rosso_rubino_43.5158_10.3250.json,custom
43.769976,11.253681,osm_nosh_43.7700_11.2537,Nosh,bar_cafe,bar_cafe,https://raw.githubusercontent.com/pasqualelembo78/huntix-poi/main/italia/toscana/sconosciuta/pages/nosh_43.7700_11.2537.json,custom
43.464493,11.883953,osm_l_indigeno_43.4645_11.8840,L’Indigeno,bar_cafe,bar_cafe,https://raw.githubusercontent.com/pasqualelembo78/huntix-poi/main/italia/toscana/sconosciuta/pages/lindigeno_43.4645_11.8840.json,custom
43.044193,11.814240,osm_le_fonti_43.0442_11.8142,Le Fonti,bar_cafe,bar_cafe,https://raw.githubusercontent.com/pasqualelembo78/huntix-poi/main/italia/toscana/sconosciuta/pages/le_fonti_43.0442_11.8142.json,custom
43.042667,11.815309,osm_caff__pasqui_43.0427_11.8153,Caffè Pasqui,bar_cafe,bar_cafe,https://raw.githubusercontent.com/pasqualelembo78/huntix-poi/main/italia/toscana/sconosciuta/pages/caff_pasqui_43.0427_11.8153.json,custom
43.052082,11.821839,osm_jolly_caff__43.0521_11.8218,Jolly Caffè,bar_cafe,bar_cafe,https://raw.githubusercontent.com/pasqualelembo78/huntix-poi/main/italia/toscana/sconosciuta/pages/jolly_caff_43.0521_11.8218.json,custom
43.125940,12.044534,osm_non_solo_pane_43.1259_12.0445,Non solo pane,bar_cafe,bar_cafe,https://raw.githubusercontent.com/pasqualelembo78/huntix-poi/main/italia/toscana/sconosciuta/pages/non_solo_pane_43.1259_12.0445.json,custom
43.875242,10.245724,osm_bar_l_oasi_43.8752_10.2457,Bar L'Oasi,bar_cafe,bar_cafe,https://raw.githubusercontent.com/pasqualelembo78/huntix-poi/main/italia/toscana/sconosciuta/pages/bar_loasi_43.8752_10.2457.json,custom
43.873914,10.250564,osm_bar_angio__43.8739_10.2506,Bar Angio',bar_cafe,bar_cafe,https://raw.githubusercontent.com/pasqualelembo78/huntix-poi/main/italia/toscana/sconosciuta/pages/bar_angio_43.8739_10.2506.json,custom
43.927003,10.200649,osm_margherita_43.9270_10.2006,Margherita,bar_cafe,bar_cafe,https://raw.githubusercontent.com/pasqualelembo78/huntix-poi/main/italia/toscana/sconosciuta/pages/margherita_43.9270_10.2006.json,custom
43.294666,11.392974,osm_bar_l_angolo_43.2947_11.3930,Bar L'Angolo,bar_cafe,bar_cafe,https://raw.githubusercontent.com/pasqualelembo78/huntix-poi/main/italia/toscana/sconosciuta/pages/bar_langolo_43.2947_11.3930.json,custom
42.761381,10.887951,osm_bar_pineta_42.7614_10.8880,Bar Pineta,bar_cafe,bar_cafe,https://raw.githubusercontent.com/pasqualelembo78/huntix-poi/main/italia/toscana/sconosciuta/pages/bar_pineta_42.7614_10.8880.json,custom
43.687736,10.658331,osm_circolo_acli_43.6877_10.6583,Circolo ACLI,bar_cafe,bar_cafe,https://raw.githubusercontent.com/pasqualelembo78/huntix-poi/main/italia/toscana/sconosciuta/pages/circolo_acli_43.6877_10.6583.json,custom
43.711331,10.372049,osm_bimbo_bar_43.7113_10.3720,Bimbo Bar,bar_cafe,bar_cafe,https://raw.githubusercontent.com/pasqualelembo78/huntix-poi/main/italia/toscana/sconosciuta/pages/bimbo_bar_43.7113_10.3720.json,custom
43.937987,10.916389,osm_bar_atlantic_43.9380_10.9164,Bar Atlantic,bar_cafe,bar_cafe,https://raw.githubusercontent.com/pasqualelembo78/huntix-poi/main/italia/toscana/sconosciuta/pages/bar_atlantic_43.9380_10.9164.json,custom
42.975791,10.815592,osm_bar_il_leccio_42.9758_10.8156,Bar Il Leccio,bar_cafe,bar_cafe,https://raw.githubusercontent.com/pasqualelembo78/huntix-poi/main/italia/toscana/sconosciuta/pages/bar_il_leccio_42.9758_10.8156.json,custom
43.932758,10.917219,osm_vitium_43.9328_10.9172,Vitium,bar_cafe,bar_cafe,https://raw.githubusercontent.com/pasqualelembo78/huntix-poi/main/italia/toscana/sconosciuta/pages/vitium_43.9328_10.9172.json,custom
43.933899,10.916061,osm_spirito_43.9339_10.9161,Spirito,bar_cafe,bar_cafe,https://raw.githubusercontent.com/pasqualelembo78/huntix-poi/main/italia/toscana/sconosciuta/pages/spirito_43.9339_10.9161.json,custom
43.018073,12.477197,osm_bar_colle_43.0181_12.4772,Bar Colle,bar_cafe,bar_cafe,https://raw.githubusercontent.com/pasqualelembo78/huntix-poi/main/italia/toscana/sconosciuta/pages/bar_colle_43.0181_12.4772.json,custom
43.773512,11.252965,osm_starbucks_43.7735_11.2530,Starbucks,bar_cafe,bar_cafe,https://raw.githubusercontent.com/pasqualelembo78/huntix-poi/main/italia/toscana/sconosciuta/pages/starbucks_43.7735_11.2530.json,custom
43.775578,11.249527,osm_starbucks_43.7756_11.2495,Starbucks,bar_cafe,bar_cafe,https://raw.githubusercontent.com/pasqualelembo78/huntix-poi/main/italia/toscana/sconosciuta/pages/starbucks_43.7756_11.2495.json,custom
43.056435,11.822678,osm_bar_pasticceria_amiata_43.0564_11.8227,Bar Pasticceria Amiata,bar_cafe,bar_cafe,https://raw.githubusercontent.com/pasqualelembo78/huntix-poi/main/italia/toscana/sconosciuta/pages/bar_pasticceria_amiata_43.0564_11.8227.json,custom
42.778135,12.402969,osm_caff__ristorante_della_consolazione_42.7781_12.4030,Caffè Ristorante della Consolazione,bar_cafe,bar_cafe,https://raw.githubusercontent.com/pasqualelembo78/huntix-poi/main/italia/toscana/sconosciuta/pages/caff_ristorante_della_consolazione_42.7781_12.4030.json,custom
43.009824,12.429776,osm_la_vecchia_torre_43.0098_12.4298,La Vecchia Torre,bar_cafe,bar_cafe,https://raw.githubusercontent.com/pasqualelembo78/huntix-poi/main/italia/toscana/sconosciuta/pages/la_vecchia_torre_43.0098_12.4298.json,custom
43.757068,11.294076,osm_caff__europa_43.7571_11.2941,Caffè Europa,bar_cafe,bar_cafe,https://raw.githubusercontent.com/pasqualelembo78/huntix-poi/main/italia/toscana/sconosciuta/pages/caff_europa_43.7571_11.2941.json,custom
43.540835,10.320768,osm_bar_redi_43.5408_10.3208,Bar Redi,bar_cafe,bar_cafe,https://raw.githubusercontent.com/pasqualelembo78/huntix-poi/main/italia/toscana/sconosciuta/pages/bar_redi_43.5408_10.3208.json,custom
43.539754,10.316470,osm_dollino_marradi_43.5398_10.3165,Dollino Marradi,bar_cafe,bar_cafe,https://raw.githubusercontent.com/pasqualelembo78/huntix-poi/main/italia/toscana/sconosciuta/pages/dollino_marradi_43.5398_10.3165.json,custom
42.634095,11.668045,osm_caff__degli_archi_42.6341_11.6680,Caffè degli archi,bar_cafe,bar_cafe,https://raw.githubusercontent.com/pasqualelembo78/huntix-poi/main/italia/toscana/sconosciuta/pages/caff_degli_archi_42.6341_11.6680.json,custom
42.905386,11.926623,osm_icm_42.9054_11.9266,ICM,bar_cafe,bar_cafe,https://raw.githubusercontent.com/pasqualelembo78/huntix-poi/main/italia/toscana/sconosciuta/pages/icm_42.9054_11.9266.json,custom
42.588614,11.518050,osm_bar_cippi_42.5886_11.5180,Bar Cippi,bar_cafe,bar_cafe,https://raw.githubusercontent.com/pasqualelembo78/huntix-poi/main/italia/toscana/sconosciuta/pages/bar_cippi_42.5886_11.5180.json,custom
43.934104,12.448770,osm_bar_guaita_43.9341_12.4488,Bar Guaita,bar_cafe,bar_cafe,https://raw.githubusercontent.com/pasqualelembo78/huntix-poi/main/italia/toscana/sconosciuta/pages/bar_guaita_43.9341_12.4488.json,custom
43.934435,12.449170,osm_birrificio_abusivo_43.9344_12.4492,Birrificio Abusivo,bar_cafe,bar_cafe,https://raw.githubusercontent.com/pasqualelembo78/huntix-poi/main/italia/toscana/sconosciuta/pages/birrificio_abusivo_43.9344_12.4492.json,custom
43.934081,12.449082,osm_baccanera_43.9341_12.4491,Baccanera,bar_cafe,bar_cafe,https://raw.githubusercontent.com/pasqualelembo78/huntix-poi/main/italia/toscana/sconosciuta/pages/baccanera_43.9341_12.4491.json,custom
43.885674,10.249452,osm_buria_bar_43.8857_10.2495,Buria Bar,bar_cafe,bar_cafe,https://raw.githubusercontent.com/pasqualelembo78/huntix-poi/main/italia/toscana/sconosciuta/pages/buria_bar_43.8857_10.2495.json,custom
43.833428,10.494939,osm_blanco_ristocaff__43.8334_10.4949,Blanco Ristocaffé,bar_cafe,bar_cafe,https://raw.githubusercontent.com/pasqualelembo78/huntix-poi/main/italia/toscana/sconosciuta/pages/blanco_ristocaff_43.8334_10.4949.json,custom
43.833137,10.494232,osm_bar_europa_43.8331_10.4942,Bar Europa,bar_cafe,bar_cafe,https://raw.githubusercontent.com/pasqualelembo78/huntix-poi/main/italia/toscana/sconosciuta/pages/bar_europa_43.8331_10.4942.json,custom
42.675519,11.549140,osm_bar_centrale_42.6755_11.5491,Bar Centrale,bar_cafe,bar_cafe,https://raw.githubusercontent.com/pasqualelembo78/huntix-poi/main/italia/toscana/sconosciuta/pages/bar_centrale_42.6755_11.5491.json,custom
43.693625,10.837046,osm_circolo_arci_43.6936_10.8370,Circolo Arci,bar_cafe,bar_cafe,https://raw.githubusercontent.com/pasqualelembo78/huntix-poi/main/italia/toscana/sconosciuta/pages/circolo_arci_43.6936_10.8370.json,custom
42.920190,12.392649,osm_alibu_42.9202_12.3926,Alibu,bar_cafe,bar_cafe,https://raw.githubusercontent.com/pasqualelembo78/huntix-poi/main/italia/toscana/sconosciuta/pages/alibu_42.9202_12.3926.json,custom
43.756839,11.296726,osm_rimani_43.7568_11.2967,Rimani,bar_cafe,bar_cafe,https://raw.githubusercontent.com/pasqualelembo78/huntix-poi/main/italia/toscana/sconosciuta/pages/rimani_43.7568_11.2967.json,custom
43.776578,11.298350,osm_badal__43.7766_11.2983,Badalà,bar_cafe,bar_cafe,https://raw.githubusercontent.com/pasqualelembo78/huntix-poi/main/italia/toscana/sconosciuta/pages/badal_43.7766_11.2983.json,custom
43.543811,10.328451,osm_dam__43.5438_10.3285,Damè,bar_cafe,bar_cafe,https://raw.githubusercontent.com/pasqualelembo78/huntix-poi/main/italia/toscana/sconosciuta/pages/dam_43.5438_10.3285.json,custom
43.866747,10.832177,osm_l_affresco_43.8667_10.8322,L'Affresco,bar_cafe,bar_cafe,https://raw.githubusercontent.com/pasqualelembo78/huntix-poi/main/italia/toscana/sconosciuta/pages/laffresco_43.8667_10.8322.json,custom
43.558633,10.332246,osm_bar_acquario_43.5586_10.3322,Bar acquario,bar_cafe,bar_cafe,https://raw.githubusercontent.com/pasqualelembo78/huntix-poi/main/italia/toscana/sconosciuta/pages/bar_acquario_43.5586_10.3322.json,custom
43.365557,10.600564,osm_bar_da_libero_43.3656_10.6006,Bar da Libero,bar_cafe,bar_cafe,https://raw.githubusercontent.com/pasqualelembo78/huntix-poi/main/italia/toscana/sconosciuta/pages/bar_da_libero_43.3656_10.6006.json,custom
43.769726,11.261207,osm_cat_caf__firenze___your_purryfect_happy__43.7697_11.2612,Cat Café Firenze - Your purryfect happy experience,bar_cafe,bar_cafe,https://raw.githubusercontent.com/pasqualelembo78/huntix-poi/main/italia/toscana/sconosciuta/pages/cat_caf_firenze_-_your_purryfect_happy_e_43.7697_11.2612.json,custom
43.759705,10.437241,osm_bibliocabina_43.7597_10.4372,Bibliocabina,bar_cafe,bar_cafe,https://raw.githubusercontent.com/pasqualelembo78/huntix-poi/main/italia/toscana/sconosciuta/pages/bibliocabina_43.7597_10.4372.json,custom
43.170671,11.782462,osm_bar_tremori_43.1707_11.7825,Bar Tremori,bar_cafe,bar_cafe,https://raw.githubusercontent.com/pasqualelembo78/huntix-poi/main/italia/toscana/sconosciuta/pages/bar_tremori_43.1707_11.7825.json,custom
43.771055,11.248425,osm_vigna_nuova_43.7711_11.2484,Vigna Nuova,bar_cafe,bar_cafe,https://raw.githubusercontent.com/pasqualelembo78/huntix-poi/main/italia/toscana/sconosciuta/pages/vigna_nuova_43.7711_11.2484.json,custom
43.649333,10.744127,osm_casa_del_popolo_arci_di_marti_43.6493_10.7441,Casa del Popolo ARCI di Marti,bar_cafe,bar_cafe,https://raw.githubusercontent.com/pasqualelembo78/huntix-poi/main/italia/toscana/sconosciuta/pages/casa_del_popolo_arci_di_marti_43.6493_10.7441.json,custom
43.665470,10.633938,osm_black_silk_43.6655_10.6339,Black Silk,bar_cafe,bar_cafe,https://raw.githubusercontent.com/pasqualelembo78/huntix-poi/main/italia/toscana/sconosciuta/pages/black_silk_43.6655_10.6339.json,custom
43.694121,11.816147,osm_bar_turismo_43.6941_11.8161,Bar Turismo,bar_cafe,bar_cafe,https://raw.githubusercontent.com/pasqualelembo78/huntix-poi/main/italia/toscana/sconosciuta/pages/bar_turismo_43.6941_11.8161.json,custom
43.695993,10.482819,osm_circolo_arci_il_risorgimento_43.6960_10.4828,Circolo ARCI Il Risorgimento,bar_cafe,bar_cafe,https://raw.githubusercontent.com/pasqualelembo78/huntix-poi/main/italia/toscana/sconosciuta/pages/circolo_arci_il_risorgimento_43.6960_10.4828.json,custom
43.642658,10.628143,osm_bar_il_pino_43.6427_10.6281,Bar il Pino,bar_cafe,bar_cafe,https://raw.githubusercontent.com/pasqualelembo78/huntix-poi/main/italia/toscana/sconosciuta/pages/bar_il_pino_43.6427_10.6281.json,custom
43.723921,10.495722,osm_bar_caffetteria_del_carlo_43.7239_10.4957,Bar Caffetteria Del Carlo,bar_cafe,bar_cafe,https://raw.githubusercontent.com/pasqualelembo78/huntix-poi/main/italia/toscana/sconosciuta/pages/bar_caffetteria_del_carlo_43.7239_10.4957.json,custom
43.314848,10.539915,osm_bar_il_poggio_43.3148_10.5399,Bar il Poggio,bar_cafe,bar_cafe,https://raw.githubusercontent.com/pasqualelembo78/huntix-poi/main/italia/toscana/sconosciuta/pages/bar_il_poggio_43.3148_10.5399.json,custom
43.758694,11.319114,osm_bar_il_giglio_43.7587_11.3191,Bar Il giglio,bar_cafe,bar_cafe,https://raw.githubusercontent.com/pasqualelembo78/huntix-poi/main/italia/toscana/sconosciuta/pages/bar_il_giglio_43.7587_11.3191.json,custom
43.757766,11.319559,osm_bar_maglia_viola_43.7578_11.3196,Bar Maglia viola,bar_cafe,bar_cafe,https://raw.githubusercontent.com/pasqualelembo78/huntix-poi/main/italia/toscana/sconosciuta/pages/bar_maglia_viola_43.7578_11.3196.json,custom
43.786285,11.261437,osm_bar_dei_fiori_43.7863_11.2614,Bar dei fiori,bar_cafe,bar_cafe,https://raw.githubusercontent.com/pasqualelembo78/huntix-poi/main/italia/toscana/sconosciuta/pages/bar_dei_fiori_43.7863_11.2614.json,custom
43.758450,11.231868,osm_la_birr_aia_di_marignolle_43.7584_11.2319,La Birr’aia di Marignolle,bar_cafe,bar_cafe,https://raw.githubusercontent.com/pasqualelembo78/huntix-poi/main/italia/toscana/sconosciuta/pages/la_birraia_di_marignolle_43.7584_11.2319.json,custom
43.770466,11.270269,osm_pasticceria_dolci_e_dolcezze_43.7705_11.2703,Pasticceria Dolci e Dolcezze,bar_cafe,bar_cafe,https://raw.githubusercontent.com/pasqualelembo78/huntix-poi/main/italia/toscana/sconosciuta/pages/pasticceria_dolci_e_dolcezze_43.7705_11.2703.json,custom
42.442107,12.103722,osm_enercaf__42.4421_12.1037,enercafè,bar_cafe,bar_cafe,https://raw.githubusercontent.com/pasqualelembo78/huntix-poi/main/italia/toscana/sconosciuta/pages/enercaf_42.4421_12.1037.json,custom
42.123661,11.769458,osm_sushi_daily_42.1237_11.7695,Sushi Daily,bar_cafe,bar_cafe,https://raw.githubusercontent.com/pasqualelembo78/huntix-poi/main/italia/toscana/sconosciuta/pages/sushi_daily_42.1237_11.7695.json,custom
42.877785,12.403607,osm_bar_dell_ospedale_42.8778_12.4036,Bar dell'ospedale,bar_cafe,bar_cafe,https://raw.githubusercontent.com/pasqualelembo78/huntix-poi/main/italia/toscana/sconosciuta/pages/bar_dellospedale_42.8778_12.4036.json,custom
43.764200,11.179635,osm_bar_marina_43.7642_11.1796,Bar Marina,bar_cafe,bar_cafe,https://raw.githubusercontent.com/pasqualelembo78/huntix-poi/main/italia/toscana/sconosciuta/pages/bar_marina_43.7642_11.1796.json,custom
42.761426,10.888340,osm_pasticceria_giuliani_42.7614_10.8883,Pasticceria Giuliani,bar_cafe,bar_cafe,https://raw.githubusercontent.com/pasqualelembo78/huntix-poi/main/italia/toscana/sconosciuta/pages/pasticceria_giuliani_42.7614_10.8883.json,custom
42.764376,10.881574,osm_pasticceria_talanti_42.7644_10.8816,Pasticceria Talanti,bar_cafe,bar_cafe,https://raw.githubusercontent.com/pasqualelembo78/huntix-poi/main/italia/toscana/sconosciuta/pages/pasticceria_talanti_42.7644_10.8816.json,custom
43.840445,10.573113,osm_forino_43.8404_10.5731,Forino,bar_cafe,bar_cafe,https://raw.githubusercontent.com/pasqualelembo78/huntix-poi/main/italia/toscana/sconosciuta/pages/forino_43.8404_10.5731.json,custom
43.841498,10.573171,osm_bar_grazia_43.8415_10.5732,Bar Grazia,bar_cafe,bar_cafe,https://raw.githubusercontent.com/pasqualelembo78/huntix-poi/main/italia/toscana/sconosciuta/pages/bar_grazia_43.8415_10.5732.json,custom
43.806950,11.293322,osm_ferro_battuto_43.8070_11.2933,Ferro Battuto,bar_cafe,bar_cafe,https://raw.githubusercontent.com/pasqualelembo78/huntix-poi/main/italia/toscana/sconosciuta/pages/ferro_battuto_43.8070_11.2933.json,custom
43.709859,10.400108,osm_caffetteria_bonaini_43.7099_10.4001,Caffetteria Bonaini,bar_cafe,bar_cafe,https://raw.githubusercontent.com/pasqualelembo78/huntix-poi/main/italia/toscana/sconosciuta/pages/caffetteria_bonaini_43.7099_10.4001.json,custom
43.544952,10.956698,osm_pi__bar_43.5450_10.9567,Più Bar,bar_cafe,bar_cafe,https://raw.githubusercontent.com/pasqualelembo78/huntix-poi/main/italia/toscana/sconosciuta/pages/pi_bar_43.5450_10.9567.json,custom
42.157617,12.236743,osm_oltre_bar_42.1576_12.2367,Oltre Bar,bar_cafe,bar_cafe,https://raw.githubusercontent.com/pasqualelembo78/huntix-poi/main/italia/toscana/sconosciuta/pages/oltre_bar_42.1576_12.2367.json,custom
42.922283,12.393836,osm_bar_nuovo_mondo_42.9223_12.3938,Bar Nuovo Mondo,bar_cafe,bar_cafe,https://raw.githubusercontent.com/pasqualelembo78/huntix-poi/main/italia/toscana/sconosciuta/pages/bar_nuovo_mondo_42.9223_12.3938.json,custom
42.759982,10.110395,osm_il_posto_delle_fragole_42.7600_10.1104,Il posto delle fragole,bar_cafe,bar_cafe,https://raw.githubusercontent.com/pasqualelembo78/huntix-poi/main/italia/toscana/sconosciuta/pages/il_posto_delle_fragole_42.7600_10.1104.json,custom
43.110667,12.392634,osm_lo_chalet_43.1107_12.3926,Lo Chalet,bar_cafe,bar_cafe,https://raw.githubusercontent.com/pasqualelembo78/huntix-poi/main/italia/toscana/sconosciuta/pages/lo_chalet_43.1107_12.3926.json,custom
43.664626,10.650592,osm_bar_amici_miei_43.6646_10.6506,Bar Amici Miei,bar_cafe,bar_cafe,https://raw.githubusercontent.com/pasqualelembo78/huntix-poi/main/italia/toscana/sconosciuta/pages/bar_amici_miei_43.6646_10.6506.json,custom
43.111826,12.388689,osm_caff__del_banco_43.1118_12.3887,Caffè del Banco,bar_cafe,bar_cafe,https://raw.githubusercontent.com/pasqualelembo78/huntix-poi/main/italia/toscana/sconosciuta/pages/caff_del_banco_43.1118_12.3887.json,custom
43.424049,10.874864,osm_locanda_prato_d_era_43.4240_10.8749,Locanda Prato D'Era,bar_cafe,bar_cafe,https://raw.githubusercontent.com/pasqualelembo78/huntix-poi/main/italia/toscana/sconosciuta/pages/locanda_prato_dera_43.4240_10.8749.json,custom
43.547232,10.721231,osm_gelso_d_oro_peccioli_43.5472_10.7212,Gelso d'Oro Peccioli,bar_cafe,bar_cafe,https://raw.githubusercontent.com/pasqualelembo78/huntix-poi/main/italia/toscana/sconosciuta/pages/gelso_doro_peccioli_43.5472_10.7212.json,custom
42.778536,12.410439,osm_factory_tapas_bar_42.7785_12.4104,Factory Tapas bar,bar_cafe,bar_cafe,https://raw.githubusercontent.com/pasqualelembo78/huntix-poi/main/italia/toscana/sconosciuta/pages/factory_tapas_bar_42.7785_12.4104.json,custom
43.731564,11.021557,osm_circolo_ricreativo_culturale_arci_il_pro_43.7316_11.0216,Circolo Ricreativo Culturale ARCI Il Progresso APS,bar_cafe,bar_cafe,https://raw.githubusercontent.com/pasqualelembo78/huntix-poi/main/italia/toscana/sconosciuta/pages/circolo_ricreativo_culturale_arci_il_pro_43.7316_11.0216.json,custom
43.683030,11.536760,osm_doppiopasso_43.6830_11.5368,Doppiopasso,bar_cafe,bar_cafe,https://raw.githubusercontent.com/pasqualelembo78/huntix-poi/main/italia/toscana/sconosciuta/pages/doppiopasso_43.6830_11.5368.json,custom
42.782122,11.110775,osm_risto_bar_regio_quarto_42.7821_11.1108,Risto Bar Regio Quarto,bar_cafe,bar_cafe,https://raw.githubusercontent.com/pasqualelembo78/huntix-poi/main/italia/toscana/sconosciuta/pages/risto_bar_regio_quarto_42.7821_11.1108.json,custom
42.780079,11.178125,osm_bar_le_stiacciole_42.7801_11.1781,Bar Le Stiacciole,bar_cafe,bar_cafe,https://raw.githubusercontent.com/pasqualelembo78/huntix-poi/main/italia/toscana/sconosciuta/pages/bar_le_stiacciole_42.7801_11.1781.json,custom
43.111418,12.388448,osm_tea_perugia_43.1114_12.3884,Tea Perugia,bar_cafe,bar_cafe,https://raw.githubusercontent.com/pasqualelembo78/huntix-poi/main/italia/toscana/sconosciuta/pages/tea_perugia_43.1114_12.3884.json,custom
42.742725,10.237287,osm_mir__wine_bar_42.7427_10.2373,mirò wine bar,bar_cafe,bar_cafe,https://raw.githubusercontent.com/pasqualelembo78/huntix-poi/main/italia/toscana/sconosciuta/pages/mir_wine_bar_42.7427_10.2373.json,custom
43.770551,11.261570,osm_casa_toscana_43.7706_11.2616,Casa Toscana,bar_cafe,bar_cafe,https://raw.githubusercontent.com/pasqualelembo78/huntix-poi/main/italia/toscana/sconosciuta/pages/casa_toscana_43.7706_11.2616.json,custom
43.105662,12.434252,osm_la_rotonda_43.1057_12.4343,La rotonda,bar_cafe,bar_cafe,https://raw.githubusercontent.com/pasqualelembo78/huntix-poi/main/italia/toscana/sconosciuta/pages/la_rotonda_43.1057_12.4343.json,custom
43.214567,12.009482,osm_circolo_combattenti_43.2146_12.0095,Circolo Combattenti,bar_cafe,bar_cafe,https://raw.githubusercontent.com/pasqualelembo78/huntix-poi/main/italia/toscana/sconosciuta/pages/circolo_combattenti_43.2146_12.0095.json,custom
42.156085,12.246262,osm_obcz_42.1561_12.2463,OBCZ,bar_cafe,bar_cafe,https://raw.githubusercontent.com/pasqualelembo78/huntix-poi/main/italia/toscana/sconosciuta/pages/obcz_42.1561_12.2463.json,custom
43.100309,12.385353,osm_obcz_43.1003_12.3854,OBCZ,bar_cafe,bar_cafe,https://raw.githubusercontent.com/pasqualelembo78/huntix-poi/main/italia/toscana/sconosciuta/pages/obcz_43.1003_12.3854.json,custom
43.100205,12.389290,osm_obcz_43.1002_12.3893,OBCZ,bar_cafe,bar_cafe,https://raw.githubusercontent.com/pasqualelembo78/huntix-poi/main/italia/toscana/sconosciuta/pages/obcz_43.1002_12.3893.json,custom
43.109160,12.367263,osm_obcz_43.1092_12.3673,OBCZ,bar_cafe,bar_cafe,https://raw.githubusercontent.com/pasqualelembo78/huntix-poi/main/italia/toscana/sconosciuta/pages/obcz_43.1092_12.3673.json,custom
43.112271,12.390577,osm_la_moglie_ubriaca_43.1123_12.3906,La moglie ubriaca,bar_cafe,bar_cafe,https://raw.githubusercontent.com/pasqualelembo78/huntix-poi/main/italia/toscana/sconosciuta/pages/la_moglie_ubriaca_43.1123_12.3906.json,custom
43.096199,12.370383,osm_rev__43.0962_12.3704,Revò,bar_cafe,bar_cafe,https://raw.githubusercontent.com/pasqualelembo78/huntix-poi/main/italia/toscana/sconosciuta/pages/rev_43.0962_12.3704.json,custom
43.381062,12.225505,osm_bar_ristorante_canoscio_43.3811_12.2255,Bar Ristorante Canoscio,bar_cafe,bar_cafe,https://raw.githubusercontent.com/pasqualelembo78/huntix-poi/main/italia/toscana/sconosciuta/pages/bar_ristorante_canoscio_43.3811_12.2255.json,custom
43.857819,10.582417,osm_bar_tabaccheria_colibr__43.8578_10.5824,Bar Tabaccheria Colibrì,bar_cafe,bar_cafe,https://raw.githubusercontent.com/pasqualelembo78/huntix-poi/main/italia/toscana/sconosciuta/pages/bar_tabaccheria_colibr_43.8578_10.5824.json,custom
42.815342,10.427026,osm_crema_cioccolato_42.8153_10.4270,Crema&Cioccolato,bar_cafe,bar_cafe,https://raw.githubusercontent.com/pasqualelembo78/huntix-poi/main/italia/toscana/sconosciuta/pages/cremacioccolato_42.8153_10.4270.json,custom
43.874302,10.246069,osm_caf__maker__43.8743_10.2461,Cafè Makerè,bar_cafe,bar_cafe,https://raw.githubusercontent.com/pasqualelembo78/huntix-poi/main/italia/toscana/sconosciuta/pages/caf_maker_43.8743_10.2461.json,custom
43.103741,12.313560,osm_siesta_43.1037_12.3136,Siesta,bar_cafe,bar_cafe,https://raw.githubusercontent.com/pasqualelembo78/huntix-poi/main/italia/toscana/sconosciuta/pages/siesta_43.1037_12.3136.json,custom
43.297017,10.874170,osm_bar_la_burraia_43.2970_10.8742,Bar La Burraia,bar_cafe,bar_cafe,https://raw.githubusercontent.com/pasqualelembo78/huntix-poi/main/italia/toscana/sconosciuta/pages/bar_la_burraia_43.2970_10.8742.json,custom
42.262709,9.546815,osm_u_caff__42.2627_9.5468,U Caffè,bar_cafe,bar_cafe,https://raw.githubusercontent.com/pasqualelembo78/huntix-poi/main/italia/toscana/sconosciuta/pages/u_caff_42.2627_9.5468.json,custom
43.473087,12.226886,osm_il_castellano_43.4731_12.2269,Il Castellano,bar_cafe,bar_cafe,https://raw.githubusercontent.com/pasqualelembo78/huntix-poi/main/italia/toscana/sconosciuta/pages/il_castellano_43.4731_12.2269.json,custom
43.972271,10.154754,osm_pizzeria_millevoglie_43.9723_10.1548,Pizzeria Millevoglie,bar_cafe,bar_cafe,https://raw.githubusercontent.com/pasqualelembo78/huntix-poi/main/italia/toscana/sconosciuta/pages/pizzeria_millevoglie_43.9723_10.1548.json,custom
43.274181,11.987706,osm_enoteca_wine_bar_enotria_43.2742_11.9877,Enoteca Wine Bar Enotria,bar_cafe,bar_cafe,https://raw.githubusercontent.com/pasqualelembo78/huntix-poi/main/italia/toscana/sconosciuta/pages/enoteca_wine_bar_enotria_43.2742_11.9877.json,custom
43.566862,11.528646,osm_cany_43.5669_11.5286,Cany,bar_cafe,bar_cafe,https://raw.githubusercontent.com/pasqualelembo78/huntix-poi/main/italia/toscana/sconosciuta/pages/cany_43.5669_11.5286.json,custom
43.772257,11.262266,osm_o_hara_pub_43.7723_11.2623,O’Hara Pub,bar_cafe,bar_cafe,https://raw.githubusercontent.com/pasqualelembo78/huntix-poi/main/italia/toscana/sconosciuta/pages/ohara_pub_43.7723_11.2623.json,custom
43.775692,11.249418,osm_machi_machi_43.7757_11.2494,Machi machi,bar_cafe,bar_cafe,https://raw.githubusercontent.com/pasqualelembo78/huntix-poi/main/italia/toscana/sconosciuta/pages/machi_machi_43.7757_11.2494.json,custom
42.719457,12.110154,osm_barcaro_42.7195_12.1102,Barcaro,bar_cafe,bar_cafe,https://raw.githubusercontent.com/pasqualelembo78/huntix-poi/main/italia/toscana/sconosciuta/pages/barcaro_42.7195_12.1102.json,custom
43.097624,12.387917,osm_tripaldi_43.0976_12.3879,Tripaldi,bar_cafe,bar_cafe,https://raw.githubusercontent.com/pasqualelembo78/huntix-poi/main/italia/toscana/sconosciuta/pages/tripaldi_43.0976_12.3879.json,custom
43.112612,12.385506,osm_om__43.1126_12.3855,omá,bar_cafe,bar_cafe,https://raw.githubusercontent.com/pasqualelembo78/huntix-poi/main/italia/toscana/sconosciuta/pages/om_43.1126_12.3855.json,custom
42.447559,9.541135,osm_bar___cocktails_42.4476_9.5411,Bar à Cocktails,bar_cafe,bar_cafe,https://raw.githubusercontent.com/pasqualelembo78/huntix-poi/main/italia/toscana/sconosciuta/pages/bar_cocktails_42.4476_9.5411.json,custom
43.798307,11.242604,osm_pasticcieria_anna_43.7983_11.2426,Pasticcieria Anna,bar_cafe,bar_cafe,https://raw.githubusercontent.com/pasqualelembo78/huntix-poi/main/italia/toscana/sconosciuta/pages/pasticcieria_anna_43.7983_11.2426.json,custom
42.830532,10.773367,osm_casetta_civinini_42.8305_10.7734,Casetta Civinini,bar_cafe,bar_cafe,https://raw.githubusercontent.com/pasqualelembo78/huntix-poi/main/italia/toscana/sconosciuta/pages/casetta_civinini_42.8305_10.7734.json,custom
43.695030,11.808528,osm_menchetti_43.6950_11.8085,Menchetti,bar_cafe,bar_cafe,https://raw.githubusercontent.com/pasqualelembo78/huntix-poi/main/italia/toscana/sconosciuta/pages/menchetti_43.6950_11.8085.json,custom
43.769770,11.243480,osm_mysterium_cocktail_bar_43.7698_11.2435,Mysterium cocktail bar,bar_cafe,bar_cafe,https://raw.githubusercontent.com/pasqualelembo78/huntix-poi/main/italia/toscana/sconosciuta/pages/mysterium_cocktail_bar_43.7698_11.2435.json,custom
43.675477,10.690660,osm_circolo_arci_43.6755_10.6907,Circolo ARCI,bar_cafe,bar_cafe,https://raw.githubusercontent.com/pasqualelembo78/huntix-poi/main/italia/toscana/sconosciuta/pages/circolo_arci_43.6755_10.6907.json,custom
43.769688,11.261188,osm_cat_caff__firenze_43.7697_11.2612,Cat Caffè Firenze,bar_cafe,bar_cafe,https://raw.githubusercontent.com/pasqualelembo78/huntix-poi/main/italia/toscana/sconosciuta/pages/cat_caff_firenze_43.7697_11.2612.json,custom
43.763199,11.274109,osm_caff__bargioni_43.7632_11.2741,Caffè Bargioni,bar_cafe,bar_cafe,https://raw.githubusercontent.com/pasqualelembo78/huntix-poi/main/italia/toscana/sconosciuta/pages/caff_bargioni_43.7632_11.2741.json,custom
43.046465,11.814324,osm_rivoli_bar_43.0465_11.8143,Rivoli Bar,bar_cafe,bar_cafe,https://raw.githubusercontent.com/pasqualelembo78/huntix-poi/main/italia/toscana/sconosciuta/pages/rivoli_bar_43.0465_11.8143.json,custom
43.713403,10.404572,osm_arcadia_43.7134_10.4046,Arcadia,bar_cafe,bar_cafe,https://raw.githubusercontent.com/pasqualelembo78/huntix-poi/main/italia/toscana/sconosciuta/pages/arcadia_43.7134_10.4046.json,custom
43.792930,11.229693,osm_don_fefe_san_donato_43.7929_11.2297,Don Fefe San Donato,bar_cafe,bar_cafe,https://raw.githubusercontent.com/pasqualelembo78/huntix-poi/main/italia/toscana/sconosciuta/pages/don_fefe_san_donato_43.7929_11.2297.json,custom
42.781284,12.407298,osm_pianegiani_42.7813_12.4073,Pianegiani,bar_cafe,bar_cafe,https://raw.githubusercontent.com/pasqualelembo78/huntix-poi/main/italia/toscana/sconosciuta/pages/pianegiani_42.7813_12.4073.json,custom
42.726926,10.972840,osm_gleg_42.7269_10.9728,GLEG,bar_cafe,bar_cafe,https://raw.githubusercontent.com/pasqualelembo78/huntix-poi/main/italia/toscana/sconosciuta/pages/gleg_42.7269_10.9728.json,custom
43.900793,10.531395,osm_bruton_beer_garden_43.9008_10.5314,Bruton Beer Garden,bar_cafe,bar_cafe,https://raw.githubusercontent.com/pasqualelembo78/huntix-poi/main/italia/toscana/sconosciuta/pages/bruton_beer_garden_43.9008_10.5314.json,custom
43.809262,10.523055,osm_bar_corte_caff__43.8093_10.5231,Bar Corte Caffè,bar_cafe,bar_cafe,https://raw.githubusercontent.com/pasqualelembo78/huntix-poi/main/italia/toscana/sconosciuta/pages/bar_corte_caff_43.8093_10.5231.json,custom
42.745797,10.376727,osm_anfiteatro_42.7458_10.3767,Anfiteatro,bar_cafe,bar_cafe,https://raw.githubusercontent.com/pasqualelembo78/huntix-poi/main/italia/toscana/sconosciuta/pages/anfiteatro_42.7458_10.3767.json,custom
43.840458,10.489573,osm_bar_gelateria_da_palmiro_43.8405_10.4896,Bar Gelateria Da Palmiro,bar_cafe,bar_cafe,https://raw.githubusercontent.com/pasqualelembo78/huntix-poi/main/italia/toscana/sconosciuta/pages/bar_gelateria_da_palmiro_43.8405_10.4896.json,custom
43.252037,11.817753,osm_extra_bar_43.2520_11.8178,Extra Bar,bar_cafe,bar_cafe,https://raw.githubusercontent.com/pasqualelembo78/huntix-poi/main/italia/toscana/sconosciuta/pages/extra_bar_43.2520_11.8178.json,custom
43.251243,11.817831,osm_bistro_61_43.2512_11.8178,Bistro 61,bar_cafe,bar_cafe,https://raw.githubusercontent.com/pasqualelembo78/huntix-poi/main/italia/toscana/sconosciuta/pages/bistro_61_43.2512_11.8178.json,custom
43.718608,10.390847,osm_bar_musci_43.7186_10.3908,Bar Musci,bar_cafe,bar_cafe,https://raw.githubusercontent.com/pasqualelembo78/huntix-poi/main/italia/toscana/sconosciuta/pages/bar_musci_43.7186_10.3908.json,custom
43.362706,10.812812,osm_bar_jolly_43.3627_10.8128,Bar Jolly,bar_cafe,bar_cafe,https://raw.githubusercontent.com/pasqualelembo78/huntix-poi/main/italia/toscana/sconosciuta/pages/bar_jolly_43.3627_10.8128.json,custom
43.696650,10.447476,osm_bar_bianca_43.6967_10.4475,Bar Bianca,bar_cafe,bar_cafe,https://raw.githubusercontent.com/pasqualelembo78/huntix-poi/main/italia/toscana/sconosciuta/pages/bar_bianca_43.6967_10.4475.json,custom
43.539318,10.302080,osm_caffetteria_coffee_time_da_paola_43.5393_10.3021,Caffetteria Coffee Time da Paola,bar_cafe,bar_cafe,https://raw.githubusercontent.com/pasqualelembo78/huntix-poi/main/italia/toscana/sconosciuta/pages/caffetteria_coffee_time_da_paola_43.5393_10.3021.json,custom
42.913655,12.348414,osm_civico_375_42.9137_12.3484,Civico 375,bar_cafe,bar_cafe,https://raw.githubusercontent.com/pasqualelembo78/huntix-poi/main/italia/toscana/sconosciuta/pages/civico_375_42.9137_12.3484.json,custom
43.906013,12.421206,osm_bar_castello_43.9060_12.4212,Bar Castello,bar_cafe,bar_cafe,https://raw.githubusercontent.com/pasqualelembo78/huntix-poi/main/italia/toscana/sconosciuta/pages/bar_castello_43.9060_12.4212.json,custom
43.544820,10.302672,osm_amodo_43.5448_10.3027,AMODO,bar_cafe,bar_cafe,https://raw.githubusercontent.com/pasqualelembo78/huntix-poi/main/italia/toscana/sconosciuta/pages/amodo_43.5448_10.3027.json,custom
43.542644,10.314744,osm_ciquadro_43.5426_10.3147,Ciquadro,bar_cafe,bar_cafe,https://raw.githubusercontent.com/pasqualelembo78/huntix-poi/main/italia/toscana/sconosciuta/pages/ciquadro_43.5426_10.3147.json,custom
43.542832,10.314593,osm_metropoli_bar_43.5428_10.3146,Metropoli bar,bar_cafe,bar_cafe,https://raw.githubusercontent.com/pasqualelembo78/huntix-poi/main/italia/toscana/sconosciuta/pages/metropoli_bar_43.5428_10.3146.json,custom
43.939718,12.446795,osm_le_logge_caffe_43.9397_12.4468,Le Logge Caffe,bar_cafe,bar_cafe,https://raw.githubusercontent.com/pasqualelembo78/huntix-poi/main/italia/toscana/sconosciuta/pages/le_logge_caffe_43.9397_12.4468.json,custom
43.876124,11.291405,osm_osvaldo_e_manuela_43.8761_11.2914,Osvaldo e Manuela,bar_cafe,bar_cafe,https://raw.githubusercontent.com/pasqualelembo78/huntix-poi/main/italia/toscana/sconosciuta/pages/osvaldo_e_manuela_43.8761_11.2914.json,custom
42.300881,12.093028,osm_bar_reina_42.3009_12.0930,Bar Reina,bar_cafe,bar_cafe,https://raw.githubusercontent.com/pasqualelembo78/huntix-poi/main/italia/toscana/sconosciuta/pages/bar_reina_42.3009_12.0930.json,custom
43.866292,10.246839,osm_bar_da_ciccio_43.8663_10.2468,Bar da Ciccio,bar_cafe,bar_cafe,https://raw.githubusercontent.com/pasqualelembo78/huntix-poi/main/italia/toscana/sconosciuta/pages/bar_da_ciccio_43.8663_10.2468.json,custom
43.872160,10.248758,osm_caf__o_sole_mio_43.8722_10.2488,Café O Sole Mio,bar_cafe,bar_cafe,https://raw.githubusercontent.com/pasqualelembo78/huntix-poi/main/italia/toscana/sconosciuta/pages/caf_o_sole_mio_43.8722_10.2488.json,custom
43.958964,10.169234,osm_principe_43.9590_10.1692,Principe,bar_cafe,bar_cafe,https://raw.githubusercontent.com/pasqualelembo78/huntix-poi/main/italia/toscana/sconosciuta/pages/principe_43.9590_10.1692.json,custom
43.886465,10.769947,osm_piccolo_bar_43.8865_10.7699,Piccolo Bar,bar_cafe,bar_cafe,https://raw.githubusercontent.com/pasqualelembo78/huntix-poi/main/italia/toscana/sconosciuta/pages/piccolo_bar_43.8865_10.7699.json,custom
43.764264,11.262686,osm_unione_ricreativa_dei_lavoratori_di_san__43.7643_11.2627,Unione ricreativa dei lavoratori di San Niccolò,bar_cafe,bar_cafe,https://raw.githubusercontent.com/pasqualelembo78/huntix-poi/main/italia/toscana/sconosciuta/pages/unione_ricreativa_dei_lavoratori_di_san__43.7643_11.2627.json,custom
43.759195,11.230267,osm_la_birr_aia_di_marignolle_43.7592_11.2303,La Birr'aia di Marignolle,bar_cafe,bar_cafe,https://raw.githubusercontent.com/pasqualelembo78/huntix-poi/main/italia/toscana/sconosciuta/pages/la_birraia_di_marignolle_43.7592_11.2303.json,custom
43.536183,10.319186,osm_bar_s__agostino_43.5362_10.3192,Bar S. Agostino,bar_cafe,bar_cafe,https://raw.githubusercontent.com/pasqualelembo78/huntix-poi/main/italia/toscana/sconosciuta/pages/bar_s_agostino_43.5362_10.3192.json,custom
43.773182,11.244479,osm_bianco_firenze_43.7732_11.2445,Bianco Firenze,bar_cafe,bar_cafe,https://raw.githubusercontent.com/pasqualelembo78/huntix-poi/main/italia/toscana/sconosciuta/pages/bianco_firenze_43.7732_11.2445.json,custom
43.775923,11.247614,osm_pausa_caff__43.7759_11.2476,Pausa caffè,bar_cafe,bar_cafe,https://raw.githubusercontent.com/pasqualelembo78/huntix-poi/main/italia/toscana/sconosciuta/pages/pausa_caff_43.7759_11.2476.json,custom
43.772020,11.262888,osm_libreria_bookstage_43.7720_11.2629,Libreria Bookstage,bar_cafe,bar_cafe,https://raw.githubusercontent.com/pasqualelembo78/huntix-poi/main/italia/toscana/sconosciuta/pages/libreria_bookstage_43.7720_11.2629.json,custom
43.765381,11.248598,osm_pitti_pub_43.7654_11.2486,Pitti Pub,bar_cafe,bar_cafe,https://raw.githubusercontent.com/pasqualelembo78/huntix-poi/main/italia/toscana/sconosciuta/pages/pitti_pub_43.7654_11.2486.json,custom
43.708096,10.407164,osm_yassine_43.7081_10.4072,Yassine,bar_cafe,bar_cafe,https://raw.githubusercontent.com/pasqualelembo78/huntix-poi/main/italia/toscana/sconosciuta/pages/yassine_43.7081_10.4072.json,custom
43.783984,11.278566,osm_raaro_43.7840_11.2786,Raaro,bar_cafe,bar_cafe,https://raw.githubusercontent.com/pasqualelembo78/huntix-poi/main/italia/toscana/sconosciuta/pages/raaro_43.7840_11.2786.json,custom
43.813933,11.057445,osm_sushi_bar_43.8139_11.0574,Sushi Bar,bar_cafe,bar_cafe,https://raw.githubusercontent.com/pasqualelembo78/huntix-poi/main/italia/toscana/sconosciuta/pages/sushi_bar_43.8139_11.0574.json,custom
43.771539,11.256978,osm_starbucks_43.7715_11.2570,Starbucks,bar_cafe,bar_cafe,https://raw.githubusercontent.com/pasqualelembo78/huntix-poi/main/italia/toscana/sconosciuta/pages/starbucks_43.7715_11.2570.json,custom
43.776975,11.252647,osm_panicale_43.7770_11.2526,PanicAle,bar_cafe,bar_cafe,https://raw.githubusercontent.com/pasqualelembo78/huntix-poi/main/italia/toscana/sconosciuta/pages/panicale_43.7770_11.2526.json,custom
43.303791,12.339547,osm_euro_bar_43.3038_12.3395,Euro Bar,bar_cafe,bar_cafe,https://raw.githubusercontent.com/pasqualelembo78/huntix-poi/main/italia/toscana/sconosciuta/pages/euro_bar_43.3038_12.3395.json,custom
43.303439,12.340206,osm_lucaff__43.3034_12.3402,Lucaffé,bar_cafe,bar_cafe,https://raw.githubusercontent.com/pasqualelembo78/huntix-poi/main/italia/toscana/sconosciuta/pages/lucaff_43.3034_12.3402.json,custom
43.436448,12.434080,osm_bar_il_boschetto_43.4364_12.4341,Bar Il Boschetto,bar_cafe,bar_cafe,https://raw.githubusercontent.com/pasqualelembo78/huntix-poi/main/italia/toscana/sconosciuta/pages/bar_il_boschetto_43.4364_12.4341.json,custom
43.906858,11.281205,osm_il_cantuccio_43.9069_11.2812,Il Cantuccio,bar_cafe,bar_cafe,https://raw.githubusercontent.com/pasqualelembo78/huntix-poi/main/italia/toscana/sconosciuta/pages/il_cantuccio_43.9069_11.2812.json,custom
42.876154,12.017240,osm_sarni_42.8762_12.0172,Sarni,bar_cafe,bar_cafe,https://raw.githubusercontent.com/pasqualelembo78/huntix-poi/main/italia/toscana/sconosciuta/pages/sarni_42.8762_12.0172.json,custom
42.430737,11.139788,osm_bar_lolita_42.4307_11.1398,Bar Lolita,bar_cafe,bar_cafe,https://raw.githubusercontent.com/pasqualelembo78/huntix-poi/main/italia/toscana/sconosciuta/pages/bar_lolita_42.4307_11.1398.json,custom
42.649518,12.283077,osm_bar_42.6495_12.2831,Bar,bar_cafe,bar_cafe,https://raw.githubusercontent.com/pasqualelembo78/huntix-poi/main/italia/toscana/sconosciuta/pages/bar_42.6495_12.2831.json,custom
43.861294,11.299082,osm_caff__bistrot_demidoff_43.8613_11.2991,Caffè Bistrot Demidoff,bar_cafe,bar_cafe,https://raw.githubusercontent.com/pasqualelembo78/huntix-poi/main/italia/toscana/sconosciuta/pages/caff_bistrot_demidoff_43.8613_11.2991.json,custom
43.765595,11.247584,osm_barbarossa_43.7656_11.2476,Barbarossa,bar_cafe,bar_cafe,https://raw.githubusercontent.com/pasqualelembo78/huntix-poi/main/italia/toscana/sconosciuta/pages/barbarossa_43.7656_11.2476.json,custom
43.710312,10.420497,osm_kandinsky_43.7103_10.4205,Kandinsky,bar_cafe,bar_cafe,https://raw.githubusercontent.com/pasqualelembo78/huntix-poi/main/italia/toscana/sconosciuta/pages/kandinsky_43.7103_10.4205.json,custom
43.707576,10.429788,osm_corner_caf__43.7076_10.4298,Corner Cafè,bar_cafe,bar_cafe,https://raw.githubusercontent.com/pasqualelembo78/huntix-poi/main/italia/toscana/sconosciuta/pages/corner_caf_43.7076_10.4298.json,custom
43.790333,11.228531,osm_c_house_coffee_shop_milano_43.7903_11.2285,C house coffee shop milano,bar_cafe,bar_cafe,https://raw.githubusercontent.com/pasqualelembo78/huntix-poi/main/italia/toscana/sconosciuta/pages/c_house_coffee_shop_milano_43.7903_11.2285.json,custom
43.768135,11.260846,osm_piccolo_cafe_43.7681_11.2608,Piccolo Cafe,bar_cafe,bar_cafe,https://raw.githubusercontent.com/pasqualelembo78/huntix-poi/main/italia/toscana/sconosciuta/pages/piccolo_cafe_43.7681_11.2608.json,custom
43.820651,10.881360,osm_papeka_43.8207_10.8814,Papeka,bar_cafe,bar_cafe,https://raw.githubusercontent.com/pasqualelembo78/huntix-poi/main/italia/toscana/sconosciuta/pages/papeka_43.8207_10.8814.json,custom
43.541849,10.324851,osm_circolo_arci_petrarca_43.5418_10.3249,Circolo ARCI Petrarca,bar_cafe,bar_cafe,https://raw.githubusercontent.com/pasqualelembo78/huntix-poi/main/italia/toscana/sconosciuta/pages/circolo_arci_petrarca_43.5418_10.3249.json,custom
43.769307,11.245233,osm_old_river_pub_43.7693_11.2452,Old River Pub,bar_cafe,bar_cafe,https://raw.githubusercontent.com/pasqualelembo78/huntix-poi/main/italia/toscana/sconosciuta/pages/old_river_pub_43.7693_11.2452.json,custom
43.770183,11.256583,osm_25_in_condotta_43.7702_11.2566,25 in Condotta,bar_cafe,bar_cafe,https://raw.githubusercontent.com/pasqualelembo78/huntix-poi/main/italia/toscana/sconosciuta/pages/25_in_condotta_43.7702_11.2566.json,custom
43.772058,11.249703,osm_caff__essse_43.7721_11.2497,Caffé Essse,bar_cafe,bar_cafe,https://raw.githubusercontent.com/pasqualelembo78/huntix-poi/main/italia/toscana/sconosciuta/pages/caff_essse_43.7721_11.2497.json,custom
43.547131,10.310845,osm_tin__caff__e__43.5471_10.3108,Tinà caffè e…,bar_cafe,bar_cafe,https://raw.githubusercontent.com/pasqualelembo78/huntix-poi/main/italia/toscana/sconosciuta/pages/tin_caff_e_43.5471_10.3108.json,custom
43.777120,11.257461,osm_shake_caf__43.7771_11.2575,Shake Café,bar_cafe,bar_cafe,https://raw.githubusercontent.com/pasqualelembo78/huntix-poi/main/italia/toscana/sconosciuta/pages/shake_caf_43.7771_11.2575.json,custom
43.524581,10.324922,osm_idem_caff__43.5246_10.3249,Idem caffè,bar_cafe,bar_cafe,https://raw.githubusercontent.com/pasqualelembo78/huntix-poi/main/italia/toscana/sconosciuta/pages/idem_caff_43.5246_10.3249.json,custom
43.763936,11.270175,osm_ditta_artigianale_43.7639_11.2702,Ditta Artigianale,bar_cafe,bar_cafe,https://raw.githubusercontent.com/pasqualelembo78/huntix-poi/main/italia/toscana/sconosciuta/pages/ditta_artigianale_43.7639_11.2702.json,custom
43.769269,11.245885,osm_la_cit__43.7693_11.2459,La Cité,bar_cafe,bar_cafe,https://raw.githubusercontent.com/pasqualelembo78/huntix-poi/main/italia/toscana/sconosciuta/pages/la_cit_43.7693_11.2459.json,custom
42.754619,11.763658,osm_maccal__42.7546_11.7637,Maccalè,bar_cafe,bar_cafe,https://raw.githubusercontent.com/pasqualelembo78/huntix-poi/main/italia/toscana/sconosciuta/pages/maccal_42.7546_11.7637.json,custom
43.776074,11.248302,osm_gallery_caf__43.7761_11.2483,Gallery café,bar_cafe,bar_cafe,https://raw.githubusercontent.com/pasqualelembo78/huntix-poi/main/italia/toscana/sconosciuta/pages/gallery_caf_43.7761_11.2483.json,custom
43.812666,10.677684,osm_il_buon_caff__43.8127_10.6777,Il Buon Caffé,bar_cafe,bar_cafe,https://raw.githubusercontent.com/pasqualelembo78/huntix-poi/main/italia/toscana/sconosciuta/pages/il_buon_caff_43.8127_10.6777.json,custom
43.814316,10.675557,osm_pasticceria_paolo_montanelli_43.8143_10.6756,Pasticceria Paolo Montanelli,bar_cafe,bar_cafe,https://raw.githubusercontent.com/pasqualelembo78/huntix-poi/main/italia/toscana/sconosciuta/pages/pasticceria_paolo_montanelli_43.8143_10.6756.json,custom
43.514291,10.876366,osm_antico_borgo_43.5143_10.8764,Antico Borgo,bar_cafe,bar_cafe,https://raw.githubusercontent.com/pasqualelembo78/huntix-poi/main/italia/toscana/sconosciuta/pages/antico_borgo_43.5143_10.8764.json,custom
43.726523,10.809977,osm_bar_del_ponte_43.7265_10.8100,Bar del Ponte,bar_cafe,bar_cafe,https://raw.githubusercontent.com/pasqualelembo78/huntix-poi/main/italia/toscana/sconosciuta/pages/bar_del_ponte_43.7265_10.8100.json,custom
43.805256,10.688862,osm_pasticceria_la_gioconda_43.8053_10.6889,Pasticceria La Gioconda,bar_cafe,bar_cafe,https://raw.githubusercontent.com/pasqualelembo78/huntix-poi/main/italia/toscana/sconosciuta/pages/pasticceria_la_gioconda_43.8053_10.6889.json,custom
43.729719,10.807632,osm_circolo_arci_nobile_contrada_sant_andrea_43.7297_10.8076,Circolo ARCI Nobile Contrada Sant'Andrea,bar_cafe,bar_cafe,https://raw.githubusercontent.com/pasqualelembo78/huntix-poi/main/italia/toscana/sconosciuta/pages/circolo_arci_nobile_contrada_santandrea_43.7297_10.8076.json,custom
43.502104,11.004430,osm_sosta_del_pellegrino_43.5021_11.0044,Sosta del Pellegrino,bar_cafe,bar_cafe,https://raw.githubusercontent.com/pasqualelembo78/huntix-poi/main/italia/toscana/sconosciuta/pages/sosta_del_pellegrino_43.5021_11.0044.json,custom
43.556308,10.316783,osm_ciao_43.5563_10.3168,Ciao,bar_cafe,bar_cafe,https://raw.githubusercontent.com/pasqualelembo78/huntix-poi/main/italia/toscana/sconosciuta/pages/ciao_43.5563_10.3168.json,custom
43.758047,11.182511,osm_lounge_bar_43.7580_11.1825,Lounge bar,bar_cafe,bar_cafe,https://raw.githubusercontent.com/pasqualelembo78/huntix-poi/main/italia/toscana/sconosciuta/pages/lounge_bar_43.7580_11.1825.json,custom
43.715777,10.936103,osm_bar_oasi_43.7158_10.9361,Bar Oasi,bar_cafe,bar_cafe,https://raw.githubusercontent.com/pasqualelembo78/huntix-poi/main/italia/toscana/sconosciuta/pages/bar_oasi_43.7158_10.9361.json,custom
43.831473,11.308450,osm_bar_luciano_43.8315_11.3085,Bar Luciano,bar_cafe,bar_cafe,https://raw.githubusercontent.com/pasqualelembo78/huntix-poi/main/italia/toscana/sconosciuta/pages/bar_luciano_43.8315_11.3085.json,custom
43.777763,11.254332,osm_mama_bar_43.7778_11.2543,Mama Bar,bar_cafe,bar_cafe,https://raw.githubusercontent.com/pasqualelembo78/huntix-poi/main/italia/toscana/sconosciuta/pages/mama_bar_43.7778_11.2543.json,custom
43.885378,10.766861,osm_pasticceria_sweet_43.8854_10.7669,Pasticceria Sweet,bar_cafe,bar_cafe,https://raw.githubusercontent.com/pasqualelembo78/huntix-poi/main/italia/toscana/sconosciuta/pages/pasticceria_sweet_43.8854_10.7669.json,custom
42.882641,11.275510,osm_caff____bar_la_piazza_42.8826_11.2755,Caffè & Bar La Piazza,bar_cafe,bar_cafe,https://raw.githubusercontent.com/pasqualelembo78/huntix-poi/main/italia/toscana/sconosciuta/pages/caff_bar_la_piazza_42.8826_11.2755.json,custom
43.923004,12.451379,osm_caf__del_viale_43.9230_12.4514,Café del Viale,bar_cafe,bar_cafe,https://raw.githubusercontent.com/pasqualelembo78/huntix-poi/main/italia/toscana/sconosciuta/pages/caf_del_viale_43.9230_12.4514.json,custom
43.940408,12.445497,osm_funivia_caff__43.9404_12.4455,Funivia Caffè,bar_cafe,bar_cafe,https://raw.githubusercontent.com/pasqualelembo78/huntix-poi/main/italia/toscana/sconosciuta/pages/funivia_caff_43.9404_12.4455.json,custom
43.884352,11.088512,osm_taro_garden_43.8844_11.0885,Taro garden,bar_cafe,bar_cafe,https://raw.githubusercontent.com/pasqualelembo78/huntix-poi/main/italia/toscana/sconosciuta/pages/taro_garden_43.8844_11.0885.json,custom
43.779748,11.258307,osm_i_birba_43.7797_11.2583,i'Birba,bar_cafe,bar_cafe,https://raw.githubusercontent.com/pasqualelembo78/huntix-poi/main/italia/toscana/sconosciuta/pages/ibirba_43.7797_11.2583.json,custom
43.755309,11.197467,osm_oasi_caff__43.7553_11.1975,Oasi Caffè,bar_cafe,bar_cafe,https://raw.githubusercontent.com/pasqualelembo78/huntix-poi/main/italia/toscana/sconosciuta/pages/oasi_caff_43.7553_11.1975.json,custom
43.858650,11.295820,osm_bar_bagianni_43.8586_11.2958,Bar Bagianni,bar_cafe,bar_cafe,https://raw.githubusercontent.com/pasqualelembo78/huntix-poi/main/italia/toscana/sconosciuta/pages/bar_bagianni_43.8586_11.2958.json,custom
43.984349,11.232996,osm_arci_43.9843_11.2330,Arci,bar_cafe,bar_cafe,https://raw.githubusercontent.com/pasqualelembo78/huntix-poi/main/italia/toscana/sconosciuta/pages/arci_43.9843_11.2330.json,custom
43.676563,10.842275,osm_piccolo_bar_43.6766_10.8423,Piccolo bar,bar_cafe,bar_cafe,https://raw.githubusercontent.com/pasqualelembo78/huntix-poi/main/italia/toscana/sconosciuta/pages/piccolo_bar_43.6766_10.8423.json,custom
43.695631,11.817436,osm_bar_manuel_43.6956_11.8174,Bar Manuel,bar_cafe,bar_cafe,https://raw.githubusercontent.com/pasqualelembo78/huntix-poi/main/italia/toscana/sconosciuta/pages/bar_manuel_43.6956_11.8174.json,custom
43.765644,11.244470,osm_mame_43.7656_11.2445,Mame,bar_cafe,bar_cafe,https://raw.githubusercontent.com/pasqualelembo78/huntix-poi/main/italia/toscana/sconosciuta/pages/mame_43.7656_11.2445.json,custom
43.764239,11.246459,osm_sufa_43.7642_11.2465,Sufa,bar_cafe,bar_cafe,https://raw.githubusercontent.com/pasqualelembo78/huntix-poi/main/italia/toscana/sconosciuta/pages/sufa_43.7642_11.2465.json,custom
42.922239,10.526799,osm_lizbar_42.9222_10.5268,LizBar,bar_cafe,bar_cafe,https://raw.githubusercontent.com/pasqualelembo78/huntix-poi/main/italia/toscana/sconosciuta/pages/lizbar_42.9222_10.5268.json,custom
42.921327,10.525559,osm_brulotto_rumme___fiamme_42.9213_10.5256,Brulotto Rumme & Fiamme,bar_cafe,bar_cafe,https://raw.githubusercontent.com/pasqualelembo78/huntix-poi/main/italia/toscana/sconosciuta/pages/brulotto_rumme_fiamme_42.9213_10.5256.json,custom
43.728272,10.810833,osm_montecatini_43.7283_10.8108,Montecatini,bar_cafe,bar_cafe,https://raw.githubusercontent.com/pasqualelembo78/huntix-poi/main/italia/toscana/sconosciuta/pages/montecatini_43.7283_10.8108.json,custom
43.769496,11.265408,osm_canto_alla_mela_43.7695_11.2654,Canto alla mela,bar_cafe,bar_cafe,https://raw.githubusercontent.com/pasqualelembo78/huntix-poi/main/italia/toscana/sconosciuta/pages/canto_alla_mela_43.7695_11.2654.json,custom
43.684544,11.127613,osm_bar_i_moro_43.6845_11.1276,Bar I'Moro,bar_cafe,bar_cafe,https://raw.githubusercontent.com/pasqualelembo78/huntix-poi/main/italia/toscana/sconosciuta/pages/bar_imoro_43.6845_11.1276.json,custom
43.774315,11.257484,osm_cantina_de__pucci_43.7743_11.2575,Cantina de’ Pucci,bar_cafe,bar_cafe,https://raw.githubusercontent.com/pasqualelembo78/huntix-poi/main/italia/toscana/sconosciuta/pages/cantina_de_pucci_43.7743_11.2575.json,custom
43.794313,11.212588,osm_bar_sport_43.7943_11.2126,Bar Sport,bar_cafe,bar_cafe,https://raw.githubusercontent.com/pasqualelembo78/huntix-poi/main/italia/toscana/sconosciuta/pages/bar_sport_43.7943_11.2126.json,custom
42.786908,10.183721,osm_il_24_e_il_25_42.7869_10.1837,Il 24 e il 25,bar_cafe,bar_cafe,https://raw.githubusercontent.com/pasqualelembo78/huntix-poi/main/italia/toscana/sconosciuta/pages/il_24_e_il_25_42.7869_10.1837.json,custom
43.303292,10.485258,osm_il_giardino_del_mare_43.3033_10.4853,Il Giardino del Mare,bar_cafe,bar_cafe,https://raw.githubusercontent.com/pasqualelembo78/huntix-poi/main/italia/toscana/sconosciuta/pages/il_giardino_del_mare_43.3033_10.4853.json,custom
43.790954,11.225192,osm_fermata_22_43.7910_11.2252,Fermata 22,bar_cafe,bar_cafe,https://raw.githubusercontent.com/pasqualelembo78/huntix-poi/main/italia/toscana/sconosciuta/pages/fermata_22_43.7910_11.2252.json,custom
43.908785,12.461157,osm_punto_e____a_capo_43.9088_12.4612,Punto e... a capo,bar_cafe,bar_cafe,https://raw.githubusercontent.com/pasqualelembo78/huntix-poi/main/italia/toscana/sconosciuta/pages/punto_e_a_capo_43.9088_12.4612.json,custom
43.317385,10.474160,osm_blu_bar_43.3174_10.4742,Blu Bar,bar_cafe,bar_cafe,https://raw.githubusercontent.com/pasqualelembo78/huntix-poi/main/italia/toscana/sconosciuta/pages/blu_bar_43.3174_10.4742.json,custom
42.223356,12.191085,osm_top_caff__42.2234_12.1911,Top Caffè,bar_cafe,bar_cafe,https://raw.githubusercontent.com/pasqualelembo78/huntix-poi/main/italia/toscana/sconosciuta/pages/top_caff_42.2234_12.1911.json,custom
42.088273,11.811694,osm_bar_marconi_42.0883_11.8117,Bar Marconi,bar_cafe,bar_cafe,https://raw.githubusercontent.com/pasqualelembo78/huntix-poi/main/italia/toscana/sconosciuta/pages/bar_marconi_42.0883_11.8117.json,custom
43.357995,10.443787,osm_la_pinetina_43.3580_10.4438,La Pinetina,bar_cafe,bar_cafe,https://raw.githubusercontent.com/pasqualelembo78/huntix-poi/main/italia/toscana/sconosciuta/pages/la_pinetina_43.3580_10.4438.json,custom
43.416432,11.132033,osm_essenza_43.4164_11.1320,Essenza,bar_cafe,bar_cafe,https://raw.githubusercontent.com/pasqualelembo78/huntix-poi/main/italia/toscana/sconosciuta/pages/essenza_43.4164_11.1320.json,custom
42.219391,11.706979,osm_gravisca_bar_42.2194_11.7070,Gravisca bar,bar_cafe,bar_cafe,https://raw.githubusercontent.com/pasqualelembo78/huntix-poi/main/italia/toscana/sconosciuta/pages/gravisca_bar_42.2194_11.7070.json,custom
42.574098,12.330686,osm_pantarei_caff__42.5741_12.3307,Pantarei Caffè,bar_cafe,bar_cafe,https://raw.githubusercontent.com/pasqualelembo78/huntix-poi/main/italia/toscana/sconosciuta/pages/pantarei_caff_42.5741_12.3307.json,custom
43.771484,11.264897,osm_panfuwa_43.7715_11.2649,Panfuwa,bar_cafe,bar_cafe,https://raw.githubusercontent.com/pasqualelembo78/huntix-poi/main/italia/toscana/sconosciuta/pages/panfuwa_43.7715_11.2649.json,custom
42.115425,11.826219,osm_bar_aquafelix_42.1154_11.8262,Bar Aquafelix,bar_cafe,bar_cafe,https://raw.githubusercontent.com/pasqualelembo78/huntix-poi/main/italia/toscana/sconosciuta/pages/bar_aquafelix_42.1154_11.8262.json,custom
42.423995,12.241013,osm_bar_il_folletto_42.4240_12.2410,Bar il Folletto,bar_cafe,bar_cafe,https://raw.githubusercontent.com/pasqualelembo78/huntix-poi/main/italia/toscana/sconosciuta/pages/bar_il_folletto_42.4240_12.2410.json,custom
43.105715,12.380750,osm_pasticceria_dei_pini_43.1057_12.3808,Pasticceria dei Pini,bar_cafe,bar_cafe,https://raw.githubusercontent.com/pasqualelembo78/huntix-poi/main/italia/toscana/sconosciuta/pages/pasticceria_dei_pini_43.1057_12.3808.json,custom
43.112633,12.387792,osm_arco_43.1126_12.3878,Arco,bar_cafe,bar_cafe,https://raw.githubusercontent.com/pasqualelembo78/huntix-poi/main/italia/toscana/sconosciuta/pages/arco_43.1126_12.3878.json,custom
43.770756,11.239236,osm_wanda_43.7708_11.2392,Wanda,bar_cafe,bar_cafe,https://raw.githubusercontent.com/pasqualelembo78/huntix-poi/main/italia/toscana/sconosciuta/pages/wanda_43.7708_11.2392.json,custom
42.114264,11.827966,osm_bar_aquafelix_42.1143_11.8280,Bar Aquafelix,bar_cafe,bar_cafe,https://raw.githubusercontent.com/pasqualelembo78/huntix-poi/main/italia/toscana/sconosciuta/pages/bar_aquafelix_42.1143_11.8280.json,custom
42.742711,10.237358,osm_al_porto_42.7427_10.2374,Al porto,bar_cafe,bar_cafe,https://raw.githubusercontent.com/pasqualelembo78/huntix-poi/main/italia/toscana/sconosciuta/pages/al_porto_42.7427_10.2374.json,custom
42.017726,12.242564,osm_bar_pontoni_42.0177_12.2426,Bar Pontoni,bar_cafe,bar_cafe,https://raw.githubusercontent.com/pasqualelembo78/huntix-poi/main/italia/toscana/sconosciuta/pages/bar_pontoni_42.0177_12.2426.json,custom
43.758572,11.181568,osm_bar_sole_43.7586_11.1816,Bar Sole,bar_cafe,bar_cafe,https://raw.githubusercontent.com/pasqualelembo78/huntix-poi/main/italia/toscana/sconosciuta/pages/bar_sole_43.7586_11.1816.json,custom
42.155734,12.246379,osm_ermete_dal_1931_42.1557_12.2464,Ermete dal 1931,bar_cafe,bar_cafe,https://raw.githubusercontent.com/pasqualelembo78/huntix-poi/main/italia/toscana/sconosciuta/pages/ermete_dal_1931_42.1557_12.2464.json,custom
43.589070,10.474075,osm_bar_gigi_43.5891_10.4741,Bar Gigi,bar_cafe,bar_cafe,https://raw.githubusercontent.com/pasqualelembo78/huntix-poi/main/italia/toscana/sconosciuta/pages/bar_gigi_43.5891_10.4741.json,custom
43.588368,10.473882,osm_bar_livorno_43.5884_10.4739,Bar Livorno,bar_cafe,bar_cafe,https://raw.githubusercontent.com/pasqualelembo78/huntix-poi/main/italia/toscana/sconosciuta/pages/bar_livorno_43.5884_10.4739.json,custom
43.465829,11.879156,osm_insomnia_43.4658_11.8792,Insomnia,bar_cafe,bar_cafe,https://raw.githubusercontent.com/pasqualelembo78/huntix-poi/main/italia/toscana/sconosciuta/pages/insomnia_43.4658_11.8792.json,custom
43.188808,10.611562,osm_ristorante__arduino__43.1888_10.6116,Ristorante “Arduino”,bar_cafe,bar_cafe,https://raw.githubusercontent.com/pasqualelembo78/huntix-poi/main/italia/toscana/sconosciuta/pages/ristorante_arduino_43.1888_10.6116.json,custom
43.722632,10.472207,osm_la_tana_del_drago_fumante_43.7226_10.4722,La tana del drago fumante,bar_cafe,bar_cafe,https://raw.githubusercontent.com/pasqualelembo78/huntix-poi/main/italia/toscana/sconosciuta/pages/la_tana_del_drago_fumante_43.7226_10.4722.json,custom
43.871885,10.247328,osm_lettera22_43.8719_10.2473,Lettera22,bar_cafe,bar_cafe,https://raw.githubusercontent.com/pasqualelembo78/huntix-poi/main/italia/toscana/sconosciuta/pages/lettera22_43.8719_10.2473.json,custom
42.784265,11.483879,osm_bar_lo_stollo_42.7843_11.4839,Bar Lo Stollo,bar_cafe,bar_cafe,https://raw.githubusercontent.com/pasqualelembo78/huntix-poi/main/italia/toscana/sconosciuta/pages/bar_lo_stollo_42.7843_11.4839.json,custom
42.636144,11.887665,osm_rigvvs_beach_food_42.6361_11.8877,RIGVVS Beach Food,bar_cafe,bar_cafe,https://raw.githubusercontent.com/pasqualelembo78/huntix-poi/main/italia/toscana/sconosciuta/pages/rigvvs_beach_food_42.6361_11.8877.json,custom
42.438241,11.210676,osm_bar_bagianni_42.4382_11.2107,Bar Bagianni,bar_cafe,bar_cafe,https://raw.githubusercontent.com/pasqualelembo78/huntix-poi/main/italia/toscana/sconosciuta/pages/bar_bagianni_42.4382_11.2107.json,custom
43.257448,11.285433,osm_filarmonica_43.2574_11.2854,Filarmonica,bar_cafe,bar_cafe,https://raw.githubusercontent.com/pasqualelembo78/huntix-poi/main/italia/toscana/sconosciuta/pages/filarmonica_43.2574_11.2854.json,custom
43.318813,11.330880,osm_caff__fiorella_43.3188_11.3309,Caffè Fiorella,bar_cafe,bar_cafe,https://raw.githubusercontent.com/pasqualelembo78/huntix-poi/main/italia/toscana/sconosciuta/pages/caff_fiorella_43.3188_11.3309.json,custom
43.318511,11.332734,osm_porrione_43.3185_11.3327,Porrione,bar_cafe,bar_cafe,https://raw.githubusercontent.com/pasqualelembo78/huntix-poi/main/italia/toscana/sconosciuta/pages/porrione_43.3185_11.3327.json,custom
43.836647,11.176671,osm_circolo_arci_padule_43.8366_11.1767,circolo ARCI Padule,bar_cafe,bar_cafe,https://raw.githubusercontent.com/pasqualelembo78/huntix-poi/main/italia/toscana/sconosciuta/pages/circolo_arci_padule_43.8366_11.1767.json,custom
43.097747,10.539099,osm_pambula_43.0977_10.5391,Pambula,bar_cafe,bar_cafe,https://raw.githubusercontent.com/pasqualelembo78/huntix-poi/main/italia/toscana/sconosciuta/pages/pambula_43.0977_10.5391.json,custom
43.775363,11.251233,osm_yi_fang_tea_43.7754_11.2512,Yi Fang Tea,bar_cafe,bar_cafe,https://raw.githubusercontent.com/pasqualelembo78/huntix-poi/main/italia/toscana/sconosciuta/pages/yi_fang_tea_43.7754_11.2512.json,custom
43.978526,11.779275,osm_la_rosa_del_rabbi_43.9785_11.7793,La Rosa Del Rabbi,bar_cafe,bar_cafe,https://raw.githubusercontent.com/pasqualelembo78/huntix-poi/main/italia/toscana/sconosciuta/pages/la_rosa_del_rabbi_43.9785_11.7793.json,custom
43.160475,10.609100,osm_carducci_43.1605_10.6091,Carducci,bar_cafe,bar_cafe,https://raw.githubusercontent.com/pasqualelembo78/huntix-poi/main/italia/toscana/sconosciuta/pages/carducci_43.1605_10.6091.json,custom
42.562581,12.142969,osm_caffe_e_generi_diversi_42.5626_12.1430,Caffe e Generi Diversi,bar_cafe,bar_cafe,https://raw.githubusercontent.com/pasqualelembo78/huntix-poi/main/italia/toscana/sconosciuta/pages/caffe_e_generi_diversi_42.5626_12.1430.json,custom
43.643782,11.075498,osm_jack_s_bar_43.6438_11.0755,Jack's Bar,bar_cafe,bar_cafe,https://raw.githubusercontent.com/pasqualelembo78/huntix-poi/main/italia/toscana/sconosciuta/pages/jacks_bar_43.6438_11.0755.json,custom
43.643704,11.075949,osm_bar_pasticceria_fiorentina_43.6437_11.0759,Bar Pasticceria Fiorentina,bar_cafe,bar_cafe,https://raw.githubusercontent.com/pasqualelembo78/huntix-poi/main/italia/toscana/sconosciuta/pages/bar_pasticceria_fiorentina_43.6437_11.0759.json,custom
43.317194,10.552644,osm_pool_bar_43.3172_10.5526,Pool Bar,bar_cafe,bar_cafe,https://raw.githubusercontent.com/pasqualelembo78/huntix-poi/main/italia/toscana/sconosciuta/pages/pool_bar_43.3172_10.5526.json,custom
43.656726,11.184643,osm_blu_bar_bistrot_43.6567_11.1846,Blu Bar Bistrot,bar_cafe,bar_cafe,https://raw.githubusercontent.com/pasqualelembo78/huntix-poi/main/italia/toscana/sconosciuta/pages/blu_bar_bistrot_43.6567_11.1846.json,custom
43.406170,11.652693,osm_la_cantinetta_43.4062_11.6527,La Cantinetta,bar_cafe,bar_cafe,https://raw.githubusercontent.com/pasqualelembo78/huntix-poi/main/italia/toscana/sconosciuta/pages/la_cantinetta_43.4062_11.6527.json,custom
43.776659,11.251571,osm_roof_machivaelli_palace_43.7767_11.2516,Roof Machivaelli Palace,bar_cafe,bar_cafe,https://raw.githubusercontent.com/pasqualelembo78/huntix-poi/main/italia/toscana/sconosciuta/pages/roof_machivaelli_palace_43.7767_11.2516.json,custom
43.301857,12.342353,osm_belinda___capsule_caff__43.3019_12.3424,Belinda - capsule caffè,bar_cafe,bar_cafe,https://raw.githubusercontent.com/pasqualelembo78/huntix-poi/main/italia/toscana/sconosciuta/pages/belinda_-_capsule_caff_43.3019_12.3424.json,custom
43.770882,11.238632,osm_manly_the_office_43.7709_11.2386,Manly The Office,bar_cafe,bar_cafe,https://raw.githubusercontent.com/pasqualelembo78/huntix-poi/main/italia/toscana/sconosciuta/pages/manly_the_office_43.7709_11.2386.json,custom
43.787100,10.926370,osm_bar_leonardo_43.7871_10.9264,Bar Leonardo,bar_cafe,bar_cafe,https://raw.githubusercontent.com/pasqualelembo78/huntix-poi/main/italia/toscana/sconosciuta/pages/bar_leonardo_43.7871_10.9264.json,custom
43.663750,10.636497,osm_zanobini_43.6638_10.6365,Zanobini,bar_cafe,bar_cafe,https://raw.githubusercontent.com/pasqualelembo78/huntix-poi/main/italia/toscana/sconosciuta/pages/zanobini_43.6638_10.6365.json,custom
43.797317,11.219544,osm_ferone_43.7973_11.2195,Ferone,bar_cafe,bar_cafe,https://raw.githubusercontent.com/pasqualelembo78/huntix-poi/main/italia/toscana/sconosciuta/pages/ferone_43.7973_11.2195.json,custom
42.251197,11.756433,osm_cardo_social_lab_42.2512_11.7564,Cardo Social Lab,bar_cafe,bar_cafe,https://raw.githubusercontent.com/pasqualelembo78/huntix-poi/main/italia/toscana/sconosciuta/pages/cardo_social_lab_42.2512_11.7564.json,custom
43.794058,11.160072,osm_naty_e_vale_43.7941_11.1601,Naty e Vale,bar_cafe,bar_cafe,https://raw.githubusercontent.com/pasqualelembo78/huntix-poi/main/italia/toscana/sconosciuta/pages/naty_e_vale_43.7941_11.1601.json,custom
43.793874,11.186005,osm_bistro__conad_43.7939_11.1860,Bistro' Conad,bar_cafe,bar_cafe,https://raw.githubusercontent.com/pasqualelembo78/huntix-poi/main/italia/toscana/sconosciuta/pages/bistro_conad_43.7939_11.1860.json,custom
43.794379,11.193630,osm_ondadolce_terrazza_161_43.7944_11.1936,Ondadolce terrazza 161,bar_cafe,bar_cafe,https://raw.githubusercontent.com/pasqualelembo78/huntix-poi/main/italia/toscana/sconosciuta/pages/ondadolce_terrazza_161_43.7944_11.1936.json,custom
43.767183,11.284206,osm_bar_la_rotonda_43.7672_11.2842,Bar la Rotonda,bar_cafe,bar_cafe,https://raw.githubusercontent.com/pasqualelembo78/huntix-poi/main/italia/toscana/sconosciuta/pages/bar_la_rotonda_43.7672_11.2842.json,custom
43.770650,11.301248,osm_caf__il_guarlone_43.7707_11.3012,Cafè il Guarlone,bar_cafe,bar_cafe,https://raw.githubusercontent.com/pasqualelembo78/huntix-poi/main/italia/toscana/sconosciuta/pages/caf_il_guarlone_43.7707_11.3012.json,custom
43.776325,11.299515,osm_caff__zaffiro_43.7763_11.2995,Caffè Zaffiro,bar_cafe,bar_cafe,https://raw.githubusercontent.com/pasqualelembo78/huntix-poi/main/italia/toscana/sconosciuta/pages/caff_zaffiro_43.7763_11.2995.json,custom
43.775176,11.213103,osm_caff__dei_mori_43.7752_11.2131,Caffè dei Mori,bar_cafe,bar_cafe,https://raw.githubusercontent.com/pasqualelembo78/huntix-poi/main/italia/toscana/sconosciuta/pages/caff_dei_mori_43.7752_11.2131.json,custom
43.776583,11.209278,osm_la_fama_43.7766_11.2093,La Fama,bar_cafe,bar_cafe,https://raw.githubusercontent.com/pasqualelembo78/huntix-poi/main/italia/toscana/sconosciuta/pages/la_fama_43.7766_11.2093.json,custom
43.776352,11.208982,osm_zigo_zago_43.7764_11.2090,Zigo Zago,bar_cafe,bar_cafe,https://raw.githubusercontent.com/pasqualelembo78/huntix-poi/main/italia/toscana/sconosciuta/pages/zigo_zago_43.7764_11.2090.json,custom
43.777525,11.205460,osm_starbucks_43.7775_11.2055,Starbucks,bar_cafe,bar_cafe,https://raw.githubusercontent.com/pasqualelembo78/huntix-poi/main/italia/toscana/sconosciuta/pages/starbucks_43.7775_11.2055.json,custom
43.794370,11.241364,osm_mini_bar_43.7944_11.2414,Mini bar,bar_cafe,bar_cafe,https://raw.githubusercontent.com/pasqualelembo78/huntix-poi/main/italia/toscana/sconosciuta/pages/mini_bar_43.7944_11.2414.json,custom
43.768077,11.282820,osm_i__lanzino_43.7681_11.2828,I' Lanzino,bar_cafe,bar_cafe,https://raw.githubusercontent.com/pasqualelembo78/huntix-poi/main/italia/toscana/sconosciuta/pages/i_lanzino_43.7681_11.2828.json,custom
43.790609,11.273565,osm_caffe_boccaccio_78_43.7906_11.2736,Caffe Boccaccio 78,bar_cafe,bar_cafe,https://raw.githubusercontent.com/pasqualelembo78/huntix-poi/main/italia/toscana/sconosciuta/pages/caffe_boccaccio_78_43.7906_11.2736.json,custom
43.719505,10.403249,osm_scaccomalto___tap_room_43.7195_10.4032,ScaccoMalto - Tap Room,bar_cafe,bar_cafe,https://raw.githubusercontent.com/pasqualelembo78/huntix-poi/main/italia/toscana/sconosciuta/pages/scaccomalto_-_tap_room_43.7195_10.4032.json,custom
43.977124,10.199597,osm_bar_capolinea_43.9771_10.1996,Bar Capolinea,bar_cafe,bar_cafe,https://raw.githubusercontent.com/pasqualelembo78/huntix-poi/main/italia/toscana/sconosciuta/pages/bar_capolinea_43.9771_10.1996.json,custom
43.974740,10.199965,osm_la_meridiana_43.9747_10.2000,La Meridiana,bar_cafe,bar_cafe,https://raw.githubusercontent.com/pasqualelembo78/huntix-poi/main/italia/toscana/sconosciuta/pages/la_meridiana_43.9747_10.2000.json,custom
43.961211,10.166653,osm_sole_mio___gelateria_artigianale_43.9612_10.1667,Sole Mio - Gelateria Artigianale,bar_cafe,bar_cafe,https://raw.githubusercontent.com/pasqualelembo78/huntix-poi/main/italia/toscana/sconosciuta/pages/sole_mio_-_gelateria_artigianale_43.9612_10.1667.json,custom
43.708583,10.397898,osm_bar_italico_43.7086_10.3979,Bar Italico,bar_cafe,bar_cafe,https://raw.githubusercontent.com/pasqualelembo78/huntix-poi/main/italia/toscana/sconosciuta/pages/bar_italico_43.7086_10.3979.json,custom
43.796830,11.202434,osm_bar_cancellieri_43.7968_11.2024,Bar Cancellieri,bar_cafe,bar_cafe,https://raw.githubusercontent.com/pasqualelembo78/huntix-poi/main/italia/toscana/sconosciuta/pages/bar_cancellieri_43.7968_11.2024.json,custom
43.664663,10.636804,osm_bar_il_chicco_nero_43.6647_10.6368,Bar Il Chicco Nero,bar_cafe,bar_cafe,https://raw.githubusercontent.com/pasqualelembo78/huntix-poi/main/italia/toscana/sconosciuta/pages/bar_il_chicco_nero_43.6647_10.6368.json,custom
43.664169,10.634529,osm_la_cornetteria_43.6642_10.6345,La Cornetteria,bar_cafe,bar_cafe,https://raw.githubusercontent.com/pasqualelembo78/huntix-poi/main/italia/toscana/sconosciuta/pages/la_cornetteria_43.6642_10.6345.json,custom
43.665371,10.623327,osm_angelica_caff__pasticceria_43.6654_10.6233,Angelica Caffè Pasticceria,bar_cafe,bar_cafe,https://raw.githubusercontent.com/pasqualelembo78/huntix-poi/main/italia/toscana/sconosciuta/pages/angelica_caff_pasticceria_43.6654_10.6233.json,custom
43.565112,10.331209,osm_bar_gigi_43.5651_10.3312,Bar Gigi,bar_cafe,bar_cafe,https://raw.githubusercontent.com/pasqualelembo78/huntix-poi/main/italia/toscana/sconosciuta/pages/bar_gigi_43.5651_10.3312.json,custom
43.665307,10.642227,osm_birreria_arcadia_43.6653_10.6422,Birreria Arcadia,bar_cafe,bar_cafe,https://raw.githubusercontent.com/pasqualelembo78/huntix-poi/main/italia/toscana/sconosciuta/pages/birreria_arcadia_43.6653_10.6422.json,custom
43.664885,10.641955,osm_chiaro_di_luna_43.6649_10.6420,Chiaro di Luna,bar_cafe,bar_cafe,https://raw.githubusercontent.com/pasqualelembo78/huntix-poi/main/italia/toscana/sconosciuta/pages/chiaro_di_luna_43.6649_10.6420.json,custom
43.524484,10.601803,osm_circolo_sportivo_la_rocca_43.5245_10.6018,Circolo Sportivo La Rocca,bar_cafe,bar_cafe,https://raw.githubusercontent.com/pasqualelembo78/huntix-poi/main/italia/toscana/sconosciuta/pages/circolo_sportivo_la_rocca_43.5245_10.6018.json,custom
43.767354,11.302485,osm_bar_varlungo_43.7674_11.3025,Bar Varlungo,bar_cafe,bar_cafe,https://raw.githubusercontent.com/pasqualelembo78/huntix-poi/main/italia/toscana/sconosciuta/pages/bar_varlungo_43.7674_11.3025.json,custom
43.766554,11.312068,osm_jolly_caff__43.7666_11.3121,Jolly Caffé,bar_cafe,bar_cafe,https://raw.githubusercontent.com/pasqualelembo78/huntix-poi/main/italia/toscana/sconosciuta/pages/jolly_caff_43.7666_11.3121.json,custom
43.663864,10.635661,osm_la_posta_di_pinori_43.6639_10.6357,La Posta di Pinori,bar_cafe,bar_cafe,https://raw.githubusercontent.com/pasqualelembo78/huntix-poi/main/italia/toscana/sconosciuta/pages/la_posta_di_pinori_43.6639_10.6357.json,custom
43.777536,11.245493,osm_bar_arcobaleno_43.7775_11.2455,Bar Arcobaleno,bar_cafe,bar_cafe,https://raw.githubusercontent.com/pasqualelembo78/huntix-poi/main/italia/toscana/sconosciuta/pages/bar_arcobaleno_43.7775_11.2455.json,custom
42.439869,11.211360,osm_ponente_13_42.4399_11.2114,Ponente 13,bar_cafe,bar_cafe,https://raw.githubusercontent.com/pasqualelembo78/huntix-poi/main/italia/toscana/sconosciuta/pages/ponente_13_42.4399_11.2114.json,custom
43.675550,11.215313,osm_marconi_43.6756_11.2153,Marconi,bar_cafe,bar_cafe,https://raw.githubusercontent.com/pasqualelembo78/huntix-poi/main/italia/toscana/sconosciuta/pages/marconi_43.6756_11.2153.json,custom
43.783791,10.560216,osm_tra_tigli_43.7838_10.5602,Tra Tigli,bar_cafe,bar_cafe,https://raw.githubusercontent.com/pasqualelembo78/huntix-poi/main/italia/toscana/sconosciuta/pages/tra_tigli_43.7838_10.5602.json,custom
43.776666,11.252384,osm_bar_h9_43.7767_11.2524,Bar H9,bar_cafe,bar_cafe,https://raw.githubusercontent.com/pasqualelembo78/huntix-poi/main/italia/toscana/sconosciuta/pages/bar_h9_43.7767_11.2524.json,custom
43.768327,11.106734,osm_otium_43.7683_11.1067,Otium,bar_cafe,bar_cafe,https://raw.githubusercontent.com/pasqualelembo78/huntix-poi/main/italia/toscana/sconosciuta/pages/otium_43.7683_11.1067.json,custom
42.440882,11.113488,osm_toto_bar_42.4409_11.1135,Toto Bar,bar_cafe,bar_cafe,https://raw.githubusercontent.com/pasqualelembo78/huntix-poi/main/italia/toscana/sconosciuta/pages/toto_bar_42.4409_11.1135.json,custom
42.428612,12.108665,osm_fiorentini_42.4286_12.1087,Fiorentini,bar_cafe,bar_cafe,https://raw.githubusercontent.com/pasqualelembo78/huntix-poi/main/italia/toscana/sconosciuta/pages/fiorentini_42.4286_12.1087.json,custom
42.420856,12.111028,osm_la_pappa_celiaca_42.4209_12.1110,La Pappa Celiaca,bar_cafe,bar_cafe,https://raw.githubusercontent.com/pasqualelembo78/huntix-poi/main/italia/toscana/sconosciuta/pages/la_pappa_celiaca_42.4209_12.1110.json,custom
42.428008,12.106162,osm_caffetteria_snack_bar_42.4280_12.1062,Caffetteria snack bar,bar_cafe,bar_cafe,https://raw.githubusercontent.com/pasqualelembo78/huntix-poi/main/italia/toscana/sconosciuta/pages/caffetteria_snack_bar_42.4280_12.1062.json,custom
43.664500,10.638637,osm_vivo__43.6645_10.6386,Vivo!,bar_cafe,bar_cafe,https://raw.githubusercontent.com/pasqualelembo78/huntix-poi/main/italia/toscana/sconosciuta/pages/vivo_43.6645_10.6386.json,custom
43.663585,10.643099,osm_caf__scarlet_43.6636_10.6431,Cafè Scarlet,bar_cafe,bar_cafe,https://raw.githubusercontent.com/pasqualelembo78/huntix-poi/main/italia/toscana/sconosciuta/pages/caf_scarlet_43.6636_10.6431.json,custom
43.057947,11.490089,osm_bar_il_leccio_43.0579_11.4901,Bar Il Leccio,bar_cafe,bar_cafe,https://raw.githubusercontent.com/pasqualelembo78/huntix-poi/main/italia/toscana/sconosciuta/pages/bar_il_leccio_43.0579_11.4901.json,custom
42.994367,11.519302,osm_vineria_aperta_42.9944_11.5193,Vineria Aperta,bar_cafe,bar_cafe,https://raw.githubusercontent.com/pasqualelembo78/huntix-poi/main/italia/toscana/sconosciuta/pages/vineria_aperta_42.9944_11.5193.json,custom
43.770722,11.240200,osm_la_piccola_libreria_degli_angeli_del_bel_43.7707_11.2402,La piccola libreria degli Angeli del bello,bar_cafe,bar_cafe,https://raw.githubusercontent.com/pasqualelembo78/huntix-poi/main/italia/toscana/sconosciuta/pages/la_piccola_libreria_degli_angeli_del_bel_43.7707_11.2402.json,custom
42.430502,12.100422,osm_brutti_ma_buoni_42.4305_12.1004,Brutti ma Buoni,bar_cafe,bar_cafe,https://raw.githubusercontent.com/pasqualelembo78/huntix-poi/main/italia/toscana/sconosciuta/pages/brutti_ma_buoni_42.4305_12.1004.json,custom
43.404495,11.020238,osm_circolo_arci_43.4045_11.0202,Circolo ARCI,bar_cafe,bar_cafe,https://raw.githubusercontent.com/pasqualelembo78/huntix-poi/main/italia/toscana/sconosciuta/pages/circolo_arci_43.4045_11.0202.json,custom
42.414910,12.116366,osm_jamaica_bar_42.4149_12.1164,Jamaica Bar,bar_cafe,bar_cafe,https://raw.githubusercontent.com/pasqualelembo78/huntix-poi/main/italia/toscana/sconosciuta/pages/jamaica_bar_42.4149_12.1164.json,custom
43.776246,11.248061,osm_segafredo_43.7762_11.2481,Segafredo,bar_cafe,bar_cafe,https://raw.githubusercontent.com/pasqualelembo78/huntix-poi/main/italia/toscana/sconosciuta/pages/segafredo_43.7762_11.2481.json,custom
43.770932,11.257151,osm_ben_43.7709_11.2572,Ben,bar_cafe,bar_cafe,https://raw.githubusercontent.com/pasqualelembo78/huntix-poi/main/italia/toscana/sconosciuta/pages/ben_43.7709_11.2572.json,custom
43.555862,10.316318,osm_drogheria_generi_di_monopolio__15_43.5559_10.3163,Drogheria generi di monopolio №15,bar_cafe,bar_cafe,https://raw.githubusercontent.com/pasqualelembo78/huntix-poi/main/italia/toscana/sconosciuta/pages/drogheria_generi_di_monopolio_15_43.5559_10.3163.json,custom
43.554446,10.314830,osm_bar_drogheria_43.5544_10.3148,Bar drogheria,bar_cafe,bar_cafe,https://raw.githubusercontent.com/pasqualelembo78/huntix-poi/main/italia/toscana/sconosciuta/pages/bar_drogheria_43.5544_10.3148.json,custom
43.556210,10.310928,osm_caff__cortese_43.5562_10.3109,Caffè cortese,bar_cafe,bar_cafe,https://raw.githubusercontent.com/pasqualelembo78/huntix-poi/main/italia/toscana/sconosciuta/pages/caff_cortese_43.5562_10.3109.json,custom
43.555544,10.321541,osm_bar_sunrise_43.5555_10.3215,Bar sunrise,bar_cafe,bar_cafe,https://raw.githubusercontent.com/pasqualelembo78/huntix-poi/main/italia/toscana/sconosciuta/pages/bar_sunrise_43.5555_10.3215.json,custom
43.509110,10.616732,osm_eck_bar_43.5091_10.6167,Eck bar,bar_cafe,bar_cafe,https://raw.githubusercontent.com/pasqualelembo78/huntix-poi/main/italia/toscana/sconosciuta/pages/eck_bar_43.5091_10.6167.json,custom
43.572531,10.430086,osm_bar_gio_43.5725_10.4301,Bar Gio,bar_cafe,bar_cafe,https://raw.githubusercontent.com/pasqualelembo78/huntix-poi/main/italia/toscana/sconosciuta/pages/bar_gio_43.5725_10.4301.json,custom
43.106043,12.378756,osm_tabaccheria_18_43.1060_12.3788,Tabaccheria 18,bar_cafe,bar_cafe,https://raw.githubusercontent.com/pasqualelembo78/huntix-poi/main/italia/toscana/sconosciuta/pages/tabaccheria_18_43.1060_12.3788.json,custom
43.557130,10.319397,osm_bar_da_rita_43.5571_10.3194,Bar da Rita,bar_cafe,bar_cafe,https://raw.githubusercontent.com/pasqualelembo78/huntix-poi/main/italia/toscana/sconosciuta/pages/bar_da_rita_43.5571_10.3194.json,custom
43.768809,11.247539,osm_prae_43.7688_11.2475,Prae,bar_cafe,bar_cafe,https://raw.githubusercontent.com/pasqualelembo78/huntix-poi/main/italia/toscana/sconosciuta/pages/prae_43.7688_11.2475.json,custom
43.559701,10.330959,osm_bar_biondi_43.5597_10.3310,Bar Biondi,bar_cafe,bar_cafe,https://raw.githubusercontent.com/pasqualelembo78/huntix-poi/main/italia/toscana/sconosciuta/pages/bar_biondi_43.5597_10.3310.json,custom
43.774281,11.250923,osm_giao_giao_43.7743_11.2509,Giao giao,bar_cafe,bar_cafe,https://raw.githubusercontent.com/pasqualelembo78/huntix-poi/main/italia/toscana/sconosciuta/pages/giao_giao_43.7743_11.2509.json,custom
43.563536,10.318333,osm_eurobar_43.5635_10.3183,Eurobar,bar_cafe,bar_cafe,https://raw.githubusercontent.com/pasqualelembo78/huntix-poi/main/italia/toscana/sconosciuta/pages/eurobar_43.5635_10.3183.json,custom
43.551109,10.316680,osm_l_angolo_del_caff__43.5511_10.3167,L'angolo del caffè,bar_cafe,bar_cafe,https://raw.githubusercontent.com/pasqualelembo78/huntix-poi/main/italia/toscana/sconosciuta/pages/langolo_del_caff_43.5511_10.3167.json,custom
43.548030,10.317693,osm_caf__os__43.5480_10.3177,Cafè osè,bar_cafe,bar_cafe,https://raw.githubusercontent.com/pasqualelembo78/huntix-poi/main/italia/toscana/sconosciuta/pages/caf_os_43.5480_10.3177.json,custom
43.548312,10.317295,osm_caff__piazzetta_43.5483_10.3173,Caffè Piazzetta,bar_cafe,bar_cafe,https://raw.githubusercontent.com/pasqualelembo78/huntix-poi/main/italia/toscana/sconosciuta/pages/caff_piazzetta_43.5483_10.3173.json,custom
43.553904,10.305784,osm_bar_la_venezia_43.5539_10.3058,Bar La Venezia,bar_cafe,bar_cafe,https://raw.githubusercontent.com/pasqualelembo78/huntix-poi/main/italia/toscana/sconosciuta/pages/bar_la_venezia_43.5539_10.3058.json,custom
42.063715,12.373525,osm_bar_pasticceria_trisciani_42.0637_12.3735,Bar Pasticceria Trisciani,bar_cafe,bar_cafe,https://raw.githubusercontent.com/pasqualelembo78/huntix-poi/main/italia/toscana/sconosciuta/pages/bar_pasticceria_trisciani_42.0637_12.3735.json,custom
42.065768,12.373578,osm_zero_59_cocktail_rist__42.0658_12.3736,Zero 59 cocktail ristò,bar_cafe,bar_cafe,https://raw.githubusercontent.com/pasqualelembo78/huntix-poi/main/italia/toscana/sconosciuta/pages/zero_59_cocktail_rist_42.0658_12.3736.json,custom
43.772454,11.254232,osm_floret_43.7725_11.2542,Floret,bar_cafe,bar_cafe,https://raw.githubusercontent.com/pasqualelembo78/huntix-poi/main/italia/toscana/sconosciuta/pages/floret_43.7725_11.2542.json,custom
43.718523,10.621629,osm_orzo_bruno_the_factory_43.7185_10.6216,Orzo Bruno The Factory,bar_cafe,bar_cafe,https://raw.githubusercontent.com/pasqualelembo78/huntix-poi/main/italia/toscana/sconosciuta/pages/orzo_bruno_the_factory_43.7185_10.6216.json,custom
43.773164,11.264410,osm_mago_merlino_tea_house_43.7732_11.2644,Mago Merlino Tea House,bar_cafe,bar_cafe,https://raw.githubusercontent.com/pasqualelembo78/huntix-poi/main/italia/toscana/sconosciuta/pages/mago_merlino_tea_house_43.7732_11.2644.json,custom
43.292305,10.499769,osm_acquamarina_43.2923_10.4998,Acquamarina,bar_cafe,bar_cafe,https://raw.githubusercontent.com/pasqualelembo78/huntix-poi/main/italia/toscana/sconosciuta/pages/acquamarina_43.2923_10.4998.json,custom
43.530216,10.327761,osm_pascucci_43.5302_10.3278,Pascucci,bar_cafe,bar_cafe,https://raw.githubusercontent.com/pasqualelembo78/huntix-poi/main/italia/toscana/sconosciuta/pages/pascucci_43.5302_10.3278.json,custom
42.765327,11.151123,osm_la_favorita_42.7653_11.1511,La Favorita,bar_cafe,bar_cafe,https://raw.githubusercontent.com/pasqualelembo78/huntix-poi/main/italia/toscana/sconosciuta/pages/la_favorita_42.7653_11.1511.json,custom
43.537384,10.318380,osm_villa_cafe__43.5374_10.3184,Villa Cafe',bar_cafe,bar_cafe,https://raw.githubusercontent.com/pasqualelembo78/huntix-poi/main/italia/toscana/sconosciuta/pages/villa_cafe_43.5374_10.3184.json,custom
43.919978,10.963920,osm_bar_lo_ri_43.9200_10.9639,Bar Lo.Ri,bar_cafe,bar_cafe,https://raw.githubusercontent.com/pasqualelembo78/huntix-poi/main/italia/toscana/sconosciuta/pages/bar_lori_43.9200_10.9639.json,custom
43.776235,10.400997,osm_la_delizia_43.7762_10.4010,La Delizia,bar_cafe,bar_cafe,https://raw.githubusercontent.com/pasqualelembo78/huntix-poi/main/italia/toscana/sconosciuta/pages/la_delizia_43.7762_10.4010.json,custom
42.289013,12.411419,osm_bar_42.2890_12.4114,Bar,bar_cafe,bar_cafe,https://raw.githubusercontent.com/pasqualelembo78/huntix-poi/main/italia/toscana/sconosciuta/pages/bar_42.2890_12.4114.json,custom
42.289115,12.411568,osm_bar_42.2891_12.4116,Bar,bar_cafe,bar_cafe,https://raw.githubusercontent.com/pasqualelembo78/huntix-poi/main/italia/toscana/sconosciuta/pages/bar_42.2891_12.4116.json,custom
42.289093,12.412352,osm_gran_caffe_matteotti_42.2891_12.4124,Gran caffe Matteotti,bar_cafe,bar_cafe,https://raw.githubusercontent.com/pasqualelembo78/huntix-poi/main/italia/toscana/sconosciuta/pages/gran_caffe_matteotti_42.2891_12.4124.json,custom
43.568925,10.313255,osm_due_zeta_43.5689_10.3133,Due zeta,bar_cafe,bar_cafe,https://raw.githubusercontent.com/pasqualelembo78/huntix-poi/main/italia/toscana/sconosciuta/pages/due_zeta_43.5689_10.3133.json,custom
42.763379,11.112182,osm_bar_la_vasca_42.7634_11.1122,Bar La Vasca,bar_cafe,bar_cafe,https://raw.githubusercontent.com/pasqualelembo78/huntix-poi/main/italia/toscana/sconosciuta/pages/bar_la_vasca_42.7634_11.1122.json,custom
42.766557,11.107915,osm_bar_vecchia_guardia_42.7666_11.1079,Bar Vecchia Guardia,bar_cafe,bar_cafe,https://raw.githubusercontent.com/pasqualelembo78/huntix-poi/main/italia/toscana/sconosciuta/pages/bar_vecchia_guardia_42.7666_11.1079.json,custom
43.559399,10.325960,osm_circolo_divo_demi_43.5594_10.3260,Circolo Divo Demi,bar_cafe,bar_cafe,https://raw.githubusercontent.com/pasqualelembo78/huntix-poi/main/italia/toscana/sconosciuta/pages/circolo_divo_demi_43.5594_10.3260.json,custom
42.416840,11.872545,osm_mag_42.4168_11.8725,MAG,bar_cafe,bar_cafe,https://raw.githubusercontent.com/pasqualelembo78/huntix-poi/main/italia/toscana/sconosciuta/pages/mag_42.4168_11.8725.json,custom
43.869532,12.272155,osm_bar_del_circolo_arci_43.8695_12.2722,Bar del Circolo Arci,bar_cafe,bar_cafe,https://raw.githubusercontent.com/pasqualelembo78/huntix-poi/main/italia/toscana/sconosciuta/pages/bar_del_circolo_arci_43.8695_12.2722.json,custom
43.889525,12.291396,osm_bar_gelateria_bartolini_43.8895_12.2914,Bar Gelateria Bartolini,bar_cafe,bar_cafe,https://raw.githubusercontent.com/pasqualelembo78/huntix-poi/main/italia/toscana/sconosciuta/pages/bar_gelateria_bartolini_43.8895_12.2914.json,custom
43.895446,12.290079,osm_latteevino_43.8954_12.2901,LatteEVino,bar_cafe,bar_cafe,https://raw.githubusercontent.com/pasqualelembo78/huntix-poi/main/italia/toscana/sconosciuta/pages/latteevino_43.8954_12.2901.json,custom
43.895173,12.290095,osm_bar_centrale_43.8952_12.2901,Bar Centrale,bar_cafe,bar_cafe,https://raw.githubusercontent.com/pasqualelembo78/huntix-poi/main/italia/toscana/sconosciuta/pages/bar_centrale_43.8952_12.2901.json,custom
42.415771,11.867395,osm_platibum_bar_42.4158_11.8674,Platibum bar,bar_cafe,bar_cafe,https://raw.githubusercontent.com/pasqualelembo78/huntix-poi/main/italia/toscana/sconosciuta/pages/platibum_bar_42.4158_11.8674.json,custom
42.418079,11.866793,osm___caff__42.4181_11.8668,&_Caffè,bar_cafe,bar_cafe,https://raw.githubusercontent.com/pasqualelembo78/huntix-poi/main/italia/toscana/sconosciuta/pages/caff_42.4181_11.8668.json,custom
42.418589,11.871925,osm_wave_meat___beer_42.4186_11.8719,Wave Meat & Beer,bar_cafe,bar_cafe,https://raw.githubusercontent.com/pasqualelembo78/huntix-poi/main/italia/toscana/sconosciuta/pages/wave_meat_beer_42.4186_11.8719.json,custom
42.417897,11.866961,osm_snack_bar_di_francesca_42.4179_11.8670,Snack Bar di Francesca,bar_cafe,bar_cafe,https://raw.githubusercontent.com/pasqualelembo78/huntix-poi/main/italia/toscana/sconosciuta/pages/snack_bar_di_francesca_42.4179_11.8670.json,custom
43.770764,11.256778,osm_bar_caff__mingo_43.7708_11.2568,Bar Caffè Mingo,bar_cafe,bar_cafe,https://raw.githubusercontent.com/pasqualelembo78/huntix-poi/main/italia/toscana/sconosciuta/pages/bar_caff_mingo_43.7708_11.2568.json,custom
42.419002,11.871906,osm_golosarium_42.4190_11.8719,Golosarium,bar_cafe,bar_cafe,https://raw.githubusercontent.com/pasqualelembo78/huntix-poi/main/italia/toscana/sconosciuta/pages/golosarium_42.4190_11.8719.json,custom
43.566975,10.320063,osm_pier_41_43.5670_10.3201,Pier 41,bar_cafe,bar_cafe,https://raw.githubusercontent.com/pasqualelembo78/huntix-poi/main/italia/toscana/sconosciuta/pages/pier_41_43.5670_10.3201.json,custom
43.869064,10.603847,osm_bar_olimpico_43.8691_10.6038,Bar Olimpico,bar_cafe,bar_cafe,https://raw.githubusercontent.com/pasqualelembo78/huntix-poi/main/italia/toscana/sconosciuta/pages/bar_olimpico_43.8691_10.6038.json,custom
43.546262,11.325786,osm_casa_caff__43.5463_11.3258,Casa Caffè,bar_cafe,bar_cafe,https://raw.githubusercontent.com/pasqualelembo78/huntix-poi/main/italia/toscana/sconosciuta/pages/casa_caff_43.5463_11.3258.json,custom
42.419261,12.112783,osm_bar_42.4193_12.1128,Bar,bar_cafe,bar_cafe,https://raw.githubusercontent.com/pasqualelembo78/huntix-poi/main/italia/toscana/sconosciuta/pages/bar_42.4193_12.1128.json,custom
43.958458,11.322529,osm_la_stazione_43.9585_11.3225,La stazione,bar_cafe,bar_cafe,https://raw.githubusercontent.com/pasqualelembo78/huntix-poi/main/italia/toscana/sconosciuta/pages/la_stazione_43.9585_11.3225.json,custom
43.219509,11.755699,osm_liberamente_43.2195_11.7557,Liberamente,bar_cafe,bar_cafe,https://raw.githubusercontent.com/pasqualelembo78/huntix-poi/main/italia/toscana/sconosciuta/pages/liberamente_43.2195_11.7557.json,custom
43.544851,10.336153,osm_last_minute_43.5449_10.3362,Last minute,bar_cafe,bar_cafe,https://raw.githubusercontent.com/pasqualelembo78/huntix-poi/main/italia/toscana/sconosciuta/pages/last_minute_43.5449_10.3362.json,custom
43.875930,12.041294,osm_bar_poker_da_oscar_43.8759_12.0413,Bar Poker da Oscar,bar_cafe,bar_cafe,https://raw.githubusercontent.com/pasqualelembo78/huntix-poi/main/italia/toscana/sconosciuta/pages/bar_poker_da_oscar_43.8759_12.0413.json,custom
43.713122,11.077338,osm_circolo_arci_43.7131_11.0773,Circolo Arci,bar_cafe,bar_cafe,https://raw.githubusercontent.com/pasqualelembo78/huntix-poi/main/italia/toscana/sconosciuta/pages/circolo_arci_43.7131_11.0773.json,custom
42.744436,11.865654,osm_bar_dello_sport_42.7444_11.8657,Bar Dello Sport,bar_cafe,bar_cafe,https://raw.githubusercontent.com/pasqualelembo78/huntix-poi/main/italia/toscana/sconosciuta/pages/bar_dello_sport_42.7444_11.8657.json,custom
43.058139,11.830951,osm_caff__centrale_43.0581_11.8310,Caffè Centrale,bar_cafe,bar_cafe,https://raw.githubusercontent.com/pasqualelembo78/huntix-poi/main/italia/toscana/sconosciuta/pages/caff_centrale_43.0581_11.8310.json,custom
43.312131,12.100257,osm_bar_alimentari_coppini_43.3121_12.1003,Bar alimentari Coppini,bar_cafe,bar_cafe,https://raw.githubusercontent.com/pasqualelembo78/huntix-poi/main/italia/toscana/sconosciuta/pages/bar_alimentari_coppini_43.3121_12.1003.json,custom
43.487101,11.375119,osm_chianti_brew_fighters_43.4871_11.3751,Chianti Brew Fighters,bar_cafe,bar_cafe,https://raw.githubusercontent.com/pasqualelembo78/huntix-poi/main/italia/toscana/sconosciuta/pages/chianti_brew_fighters_43.4871_11.3751.json,custom
43.771110,11.237244,osm_chianti_brew_fighters_43.7711_11.2372,Chianti Brew Fighters,bar_cafe,bar_cafe,https://raw.githubusercontent.com/pasqualelembo78/huntix-poi/main/italia/toscana/sconosciuta/pages/chianti_brew_fighters_43.7711_11.2372.json,custom
43.855733,10.567054,osm_piccolo_bar_faralli_43.8557_10.5671,Piccolo Bar Faralli,bar_cafe,bar_cafe,https://raw.githubusercontent.com/pasqualelembo78/huntix-poi/main/italia/toscana/sconosciuta/pages/piccolo_bar_faralli_43.8557_10.5671.json,custom
43.859410,10.583274,osm_bar_millibar_43.8594_10.5833,Bar Millibar,bar_cafe,bar_cafe,https://raw.githubusercontent.com/pasqualelembo78/huntix-poi/main/italia/toscana/sconosciuta/pages/bar_millibar_43.8594_10.5833.json,custom
43.935041,12.448460,osm_strapizzati_43.9350_12.4485,Strapizzati,bar_cafe,bar_cafe,https://raw.githubusercontent.com/pasqualelembo78/huntix-poi/main/italia/toscana/sconosciuta/pages/strapizzati_43.9350_12.4485.json,custom
43.544971,10.306024,osm_bar_borgo_43.5450_10.3060,Bar Borgo,bar_cafe,bar_cafe,https://raw.githubusercontent.com/pasqualelembo78/huntix-poi/main/italia/toscana/sconosciuta/pages/bar_borgo_43.5450_10.3060.json,custom
43.664282,10.638203,osm_il_cicchetto_43.6643_10.6382,Il Cicchetto,bar_cafe,bar_cafe,https://raw.githubusercontent.com/pasqualelembo78/huntix-poi/main/italia/toscana/sconosciuta/pages/il_cicchetto_43.6643_10.6382.json,custom
43.722205,10.964008,osm_il_barrino_43.7222_10.9640,Il Barrino,bar_cafe,bar_cafe,https://raw.githubusercontent.com/pasqualelembo78/huntix-poi/main/italia/toscana/sconosciuta/pages/il_barrino_43.7222_10.9640.json,custom
43.648233,10.809007,osm_circolo_arci_la_serra_43.6482_10.8090,Circolo ARCI La Serra,bar_cafe,bar_cafe,https://raw.githubusercontent.com/pasqualelembo78/huntix-poi/main/italia/toscana/sconosciuta/pages/circolo_arci_la_serra_43.6482_10.8090.json,custom
43.111429,12.387591,osm_elfo_s_pub_43.1114_12.3876,Elfo's Pub,bar_cafe,bar_cafe,https://raw.githubusercontent.com/pasqualelembo78/huntix-poi/main/italia/toscana/sconosciuta/pages/elfos_pub_43.1114_12.3876.json,custom
43.112992,12.388329,osm_bastik_caffe_43.1130_12.3883,Bastik Caffe,bar_cafe,bar_cafe,https://raw.githubusercontent.com/pasqualelembo78/huntix-poi/main/italia/toscana/sconosciuta/pages/bastik_caffe_43.1130_12.3883.json,custom
43.051849,9.837084,osm_bar_pizzera_sale_43.0518_9.8371,Bar Pizzera Sale,bar_cafe,bar_cafe,https://raw.githubusercontent.com/pasqualelembo78/huntix-poi/main/italia/toscana/sconosciuta/pages/bar_pizzera_sale_43.0518_9.8371.json,custom
43.724994,10.940136,osm_debur_43.7250_10.9401,Debur,bar_cafe,bar_cafe,https://raw.githubusercontent.com/pasqualelembo78/huntix-poi/main/italia/toscana/sconosciuta/pages/debur_43.7250_10.9401.json,custom
43.768261,11.249978,osm_bar_trinita_43.7683_11.2500,Bar Trinita,bar_cafe,bar_cafe,https://raw.githubusercontent.com/pasqualelembo78/huntix-poi/main/italia/toscana/sconosciuta/pages/bar_trinita_43.7683_11.2500.json,custom
43.721677,10.939071,osm_bar_garage_78_43.7217_10.9391,Bar Garage 78,bar_cafe,bar_cafe,https://raw.githubusercontent.com/pasqualelembo78/huntix-poi/main/italia/toscana/sconosciuta/pages/bar_garage_78_43.7217_10.9391.json,custom
43.925869,10.918345,osm_fumo___caff__43.9259_10.9183,Fumo & Caffè,bar_cafe,bar_cafe,https://raw.githubusercontent.com/pasqualelembo78/huntix-poi/main/italia/toscana/sconosciuta/pages/fumo_caff_43.9259_10.9183.json,custom
43.759484,10.877292,osm_il_cerro_43.7595_10.8773,Il Cerro,bar_cafe,bar_cafe,https://raw.githubusercontent.com/pasqualelembo78/huntix-poi/main/italia/toscana/sconosciuta/pages/il_cerro_43.7595_10.8773.json,custom
43.068194,11.725095,osm_angoli_d_mezzo_43.0682_11.7251,Angoli d'Mezzo,bar_cafe,bar_cafe,https://raw.githubusercontent.com/pasqualelembo78/huntix-poi/main/italia/toscana/sconosciuta/pages/angoli_dmezzo_43.0682_11.7251.json,custom
43.723777,10.926505,osm_a_domani_43.7238_10.9265,A Domani,bar_cafe,bar_cafe,https://raw.githubusercontent.com/pasqualelembo78/huntix-poi/main/italia/toscana/sconosciuta/pages/a_domani_43.7238_10.9265.json,custom
43.792948,11.218502,osm_caffetteria_giorgio_san_43.7929_11.2185,Caffetteria Giorgio San,bar_cafe,bar_cafe,https://raw.githubusercontent.com/pasqualelembo78/huntix-poi/main/italia/toscana/sconosciuta/pages/caffetteria_giorgio_san_43.7929_11.2185.json,custom
43.317879,11.330436,osm_chiosco_bader_43.3179_11.3304,Chiosco Bader,bar_cafe,bar_cafe,https://raw.githubusercontent.com/pasqualelembo78/huntix-poi/main/italia/toscana/sconosciuta/pages/chiosco_bader_43.3179_11.3304.json,custom
43.412656,10.575841,osm_circolo_arci_43.4127_10.5758,Circolo ARCI,bar_cafe,bar_cafe,https://raw.githubusercontent.com/pasqualelembo78/huntix-poi/main/italia/toscana/sconosciuta/pages/circolo_arci_43.4127_10.5758.json,custom
43.984449,11.233105,osm_bar_alimentari_43.9844_11.2331,Bar Alimentari,bar_cafe,bar_cafe,https://raw.githubusercontent.com/pasqualelembo78/huntix-poi/main/italia/toscana/sconosciuta/pages/bar_alimentari_43.9844_11.2331.json,custom
43.663714,10.638156,osm_bistrot_del_corso_43.6637_10.6382,Bistrot del Corso,bar_cafe,bar_cafe,https://raw.githubusercontent.com/pasqualelembo78/huntix-poi/main/italia/toscana/sconosciuta/pages/bistrot_del_corso_43.6637_10.6382.json,custom
43.657090,10.635778,osm_caff__diaz_43.6571_10.6358,Caffè Diaz,bar_cafe,bar_cafe,https://raw.githubusercontent.com/pasqualelembo78/huntix-poi/main/italia/toscana/sconosciuta/pages/caff_diaz_43.6571_10.6358.json,custom
43.457291,11.884386,osm_menchetti__pertini__43.4573_11.8844,Menchetti (Pertini),bar_cafe,bar_cafe,https://raw.githubusercontent.com/pasqualelembo78/huntix-poi/main/italia/toscana/sconosciuta/pages/menchetti_pertini_43.4573_11.8844.json,custom
42.845098,10.895585,osm_bar_bella_vista_42.8451_10.8956,Bar Bella Vista,bar_cafe,bar_cafe,https://raw.githubusercontent.com/pasqualelembo78/huntix-poi/main/italia/toscana/sconosciuta/pages/bar_bella_vista_42.8451_10.8956.json,custom
43.534931,10.305818,osm_ristoro_i_granai_43.5349_10.3058,Ristoro i granai,bar_cafe,bar_cafe,https://raw.githubusercontent.com/pasqualelembo78/huntix-poi/main/italia/toscana/sconosciuta/pages/ristoro_i_granai_43.5349_10.3058.json,custom
43.841584,11.187198,osm_bar_dalla_manu_43.8416_11.1872,Bar dalla Manu,bar_cafe,bar_cafe,https://raw.githubusercontent.com/pasqualelembo78/huntix-poi/main/italia/toscana/sconosciuta/pages/bar_dalla_manu_43.8416_11.1872.json,custom
43.794532,11.877870,osm_impero_43.7945_11.8779,Impero,bar_cafe,bar_cafe,https://raw.githubusercontent.com/pasqualelembo78/huntix-poi/main/italia/toscana/sconosciuta/pages/impero_43.7945_11.8779.json,custom
43.666683,10.275791,osm_piccinino_caff__43.6667_10.2758,Piccinino caffè,bar_cafe,bar_cafe,https://raw.githubusercontent.com/pasqualelembo78/huntix-poi/main/italia/toscana/sconosciuta/pages/piccinino_caff_43.6667_10.2758.json,custom
43.060956,10.615387,osm_nesci_s_bar_43.0610_10.6154,Nesci's bar,bar_cafe,bar_cafe,https://raw.githubusercontent.com/pasqualelembo78/huntix-poi/main/italia/toscana/sconosciuta/pages/nescis_bar_43.0610_10.6154.json,custom
43.606448,10.540505,osm_dams_43.6064_10.5405,DAMS,bar_cafe,bar_cafe,https://raw.githubusercontent.com/pasqualelembo78/huntix-poi/main/italia/toscana/sconosciuta/pages/dams_43.6064_10.5405.json,custom
43.548980,10.720927,osm_bistrot_43.5490_10.7209,Bistrot,bar_cafe,bar_cafe,https://raw.githubusercontent.com/pasqualelembo78/huntix-poi/main/italia/toscana/sconosciuta/pages/bistrot_43.5490_10.7209.json,custom
43.839928,10.530101,osm_capsule_43.8399_10.5301,Capsule,bar_cafe,bar_cafe,https://raw.githubusercontent.com/pasqualelembo78/huntix-poi/main/italia/toscana/sconosciuta/pages/capsule_43.8399_10.5301.json,custom
43.840506,10.501991,osm_bacaro_43.8405_10.5020,Bacaro,bar_cafe,bar_cafe,https://raw.githubusercontent.com/pasqualelembo78/huntix-poi/main/italia/toscana/sconosciuta/pages/bacaro_43.8405_10.5020.json,custom
43.849925,10.508138,osm_marghe_43.8499_10.5081,Marghe,bar_cafe,bar_cafe,https://raw.githubusercontent.com/pasqualelembo78/huntix-poi/main/italia/toscana/sconosciuta/pages/marghe_43.8499_10.5081.json,custom
43.840674,10.502018,osm_stella_polare_43.8407_10.5020,Stella Polare,bar_cafe,bar_cafe,https://raw.githubusercontent.com/pasqualelembo78/huntix-poi/main/italia/toscana/sconosciuta/pages/stella_polare_43.8407_10.5020.json,custom
43.806590,11.229803,osm_circolo_arci_lippi_43.8066_11.2298,Circolo ARCI Lippi,bar_cafe,bar_cafe,https://raw.githubusercontent.com/pasqualelembo78/huntix-poi/main/italia/toscana/sconosciuta/pages/circolo_arci_lippi_43.8066_11.2298.json,custom
43.725743,11.224787,osm_arci_bottai_43.7257_11.2248,Arci Bottai,bar_cafe,bar_cafe,https://raw.githubusercontent.com/pasqualelembo78/huntix-poi/main/italia/toscana/sconosciuta/pages/arci_bottai_43.7257_11.2248.json,custom
42.093527,11.792912,osm_jojo_caff__42.0935_11.7929,Jojo Caffè,bar_cafe,bar_cafe,https://raw.githubusercontent.com/pasqualelembo78/huntix-poi/main/italia/toscana/sconosciuta/pages/jojo_caff_42.0935_11.7929.json,custom
43.902329,10.260226,osm_pool_jazz_club_43.9023_10.2602,Pool Jazz Club,bar_cafe,bar_cafe,https://raw.githubusercontent.com/pasqualelembo78/huntix-poi/main/italia/toscana/sconosciuta/pages/pool_jazz_club_43.9023_10.2602.json,custom
43.764463,11.260800,osm_floret_43.7645_11.2608,floret,bar_cafe,bar_cafe,https://raw.githubusercontent.com/pasqualelembo78/huntix-poi/main/italia/toscana/sconosciuta/pages/floret_43.7645_11.2608.json,custom
43.780829,11.259207,osm_pasticceria_goretta_1929_43.7808_11.2592,Pasticceria Goretta 1929,bar_cafe,bar_cafe,https://raw.githubusercontent.com/pasqualelembo78/huntix-poi/main/italia/toscana/sconosciuta/pages/pasticceria_goretta_1929_43.7808_11.2592.json,custom
43.770586,11.256130,osm_in_vino_veritas_43.7706_11.2561,In vino veritas,bar_cafe,bar_cafe,https://raw.githubusercontent.com/pasqualelembo78/huntix-poi/main/italia/toscana/sconosciuta/pages/in_vino_veritas_43.7706_11.2561.json,custom
43.058889,10.617228,osm_il_bender_43.0589_10.6172,Il bender,bar_cafe,bar_cafe,https://raw.githubusercontent.com/pasqualelembo78/huntix-poi/main/italia/toscana/sconosciuta/pages/il_bender_43.0589_10.6172.json,custom
43.125968,12.047694,osm_bar_bim_bum_bam___o_43.1260_12.0477,Bar Bim Bum Bam...o,bar_cafe,bar_cafe,https://raw.githubusercontent.com/pasqualelembo78/huntix-poi/main/italia/toscana/sconosciuta/pages/bar_bim_bum_bamo_43.1260_12.0477.json,custom
43.925609,10.907675,osm_circolo_ricreativo_aziendale_lavoratori__43.9256_10.9077,Circolo Ricreativo Aziendale Lavoratori Hitachi,bar_cafe,bar_cafe,https://raw.githubusercontent.com/pasqualelembo78/huntix-poi/main/italia/toscana/sconosciuta/pages/circolo_ricreativo_aziendale_lavoratori__43.9256_10.9077.json,custom
42.943607,11.472283,osm_circolo_arci_42.9436_11.4723,Circolo Arci,bar_cafe,bar_cafe,https://raw.githubusercontent.com/pasqualelembo78/huntix-poi/main/italia/toscana/sconosciuta/pages/circolo_arci_42.9436_11.4723.json,custom
43.467481,11.433705,osm_circolo_societ__filarmonica_43.4675_11.4337,Circolo società filarmonica,bar_cafe,bar_cafe,https://raw.githubusercontent.com/pasqualelembo78/huntix-poi/main/italia/toscana/sconosciuta/pages/circolo_societ_filarmonica_43.4675_11.4337.json,custom
42.711443,12.281322,osm_bar_d__pazzi_42.7114_12.2813,Bar dè pazzi,bar_cafe,bar_cafe,https://raw.githubusercontent.com/pasqualelembo78/huntix-poi/main/italia/toscana/sconosciuta/pages/bar_d_pazzi_42.7114_12.2813.json,custom
43.698478,10.399660,osm_panella_43.6985_10.3997,Panella,bar_cafe,bar_cafe,https://raw.githubusercontent.com/pasqualelembo78/huntix-poi/main/italia/toscana/sconosciuta/pages/panella_43.6985_10.3997.json,custom
43.698775,10.400836,osm_al_volo_43.6988_10.4008,Al Volo,bar_cafe,bar_cafe,https://raw.githubusercontent.com/pasqualelembo78/huntix-poi/main/italia/toscana/sconosciuta/pages/al_volo_43.6988_10.4008.json,custom
43.698255,10.400270,osm_buoni___belli_43.6983_10.4003,Buoni & Belli,bar_cafe,bar_cafe,https://raw.githubusercontent.com/pasqualelembo78/huntix-poi/main/italia/toscana/sconosciuta/pages/buoni_belli_43.6983_10.4003.json,custom
43.784664,12.025151,osm_il_mulino_43.7847_12.0252,Il Mulino,bar_cafe,bar_cafe,https://raw.githubusercontent.com/pasqualelembo78/huntix-poi/main/italia/toscana/sconosciuta/pages/il_mulino_43.7847_12.0252.json,custom
43.790439,11.244152,osm_la_e_l_uva_43.7904_11.2442,La e l'uva,bar_cafe,bar_cafe,https://raw.githubusercontent.com/pasqualelembo78/huntix-poi/main/italia/toscana/sconosciuta/pages/la_e_luva_43.7904_11.2442.json,custom
43.789827,11.244057,osm_bar_da_samuel_43.7898_11.2441,Bar da Samuel,bar_cafe,bar_cafe,https://raw.githubusercontent.com/pasqualelembo78/huntix-poi/main/italia/toscana/sconosciuta/pages/bar_da_samuel_43.7898_11.2441.json,custom
43.832528,11.200745,osm_fermenta_43.8325_11.2007,Fermenta,bar_cafe,bar_cafe,https://raw.githubusercontent.com/pasqualelembo78/huntix-poi/main/italia/toscana/sconosciuta/pages/fermenta_43.8325_11.2007.json,custom
43.932093,10.916099,osm_valiani_dal_1831_43.9321_10.9161,Valiani dal 1831,bar_cafe,bar_cafe,https://raw.githubusercontent.com/pasqualelembo78/huntix-poi/main/italia/toscana/sconosciuta/pages/valiani_dal_1831_43.9321_10.9161.json,custom
43.767246,11.261056,osm_santa_croce_champagneria_43.7672_11.2611,Santa Croce Champagneria,bar_cafe,bar_cafe,https://raw.githubusercontent.com/pasqualelembo78/huntix-poi/main/italia/toscana/sconosciuta/pages/santa_croce_champagneria_43.7672_11.2611.json,custom
43.112011,12.390147,osm_il_porco_rosso_43.1120_12.3901,Il porco rosso,bar_cafe,bar_cafe,https://raw.githubusercontent.com/pasqualelembo78/huntix-poi/main/italia/toscana/sconosciuta/pages/il_porco_rosso_43.1120_12.3901.json,custom
42.727621,12.335893,osm_circolo_ricreativo_acqualoreto_42.7276_12.3359,Circolo Ricreativo Acqualoreto,bar_cafe,bar_cafe,https://raw.githubusercontent.com/pasqualelembo78/huntix-poi/main/italia/toscana/sconosciuta/pages/circolo_ricreativo_acqualoreto_42.7276_12.3359.json,custom
42.644562,12.344627,osm_circolo_acli_42.6446_12.3446,Circolo ACLI,bar_cafe,bar_cafe,https://raw.githubusercontent.com/pasqualelembo78/huntix-poi/main/italia/toscana/sconosciuta/pages/circolo_acli_42.6446_12.3446.json,custom
43.765574,11.316568,osm_splash_bar_43.7656_11.3166,Splash Bar,bar_cafe,bar_cafe,https://raw.githubusercontent.com/pasqualelembo78/huntix-poi/main/italia/toscana/sconosciuta/pages/splash_bar_43.7656_11.3166.json,custom
43.471303,11.138953,osm_ripublic___lounge_caff__43.4713_11.1390,Ripublic - lounge caffè,bar_cafe,bar_cafe,https://raw.githubusercontent.com/pasqualelembo78/huntix-poi/main/italia/toscana/sconosciuta/pages/ripublic_-_lounge_caff_43.4713_11.1390.json,custom
43.088457,12.469922,osm_doppio_malto_43.0885_12.4699,Doppio Malto,bar_cafe,bar_cafe,https://raw.githubusercontent.com/pasqualelembo78/huntix-poi/main/italia/toscana/sconosciuta/pages/doppio_malto_43.0885_12.4699.json,custom
42.926618,10.524059,osm_caff__bernardini_42.9266_10.5241,Caffè Bernardini,bar_cafe,bar_cafe,https://raw.githubusercontent.com/pasqualelembo78/huntix-poi/main/italia/toscana/sconosciuta/pages/caff_bernardini_42.9266_10.5241.json,custom
43.705825,10.421150,osm_il_casino_sulle_piagge_43.7058_10.4211,Il Casino Sulle Piagge,bar_cafe,bar_cafe,https://raw.githubusercontent.com/pasqualelembo78/huntix-poi/main/italia/toscana/sconosciuta/pages/il_casino_sulle_piagge_43.7058_10.4211.json,custom
42.627747,11.827318,osm_la_pergoletta_42.6277_11.8273,La Pergoletta,bar_cafe,bar_cafe,https://raw.githubusercontent.com/pasqualelembo78/huntix-poi/main/italia/toscana/sconosciuta/pages/la_pergoletta_42.6277_11.8273.json,custom
43.780097,11.195965,osm_caffe_canova_43.7801_11.1960,Caffe Canova,bar_cafe,bar_cafe,https://raw.githubusercontent.com/pasqualelembo78/huntix-poi/main/italia/toscana/sconosciuta/pages/caffe_canova_43.7801_11.1960.json,custom
43.461183,11.863094,osm_pub_tnt_43.4612_11.8631,Pub TNT,bar_cafe,bar_cafe,https://raw.githubusercontent.com/pasqualelembo78/huntix-poi/main/italia/toscana/sconosciuta/pages/pub_tnt_43.4612_11.8631.json,custom
43.554622,10.318340,osm_caf__mod__43.5546_10.3183,Cafè Modì,bar_cafe,bar_cafe,https://raw.githubusercontent.com/pasqualelembo78/huntix-poi/main/italia/toscana/sconosciuta/pages/caf_mod_43.5546_10.3183.json,custom
43.556030,10.317239,osm_caff__perini_43.5560_10.3172,Caffè Perini,bar_cafe,bar_cafe,https://raw.githubusercontent.com/pasqualelembo78/huntix-poi/main/italia/toscana/sconosciuta/pages/caff_perini_43.5560_10.3172.json,custom
43.558419,10.314005,osm_bar_2000_43.5584_10.3140,Bar 2000,bar_cafe,bar_cafe,https://raw.githubusercontent.com/pasqualelembo78/huntix-poi/main/italia/toscana/sconosciuta/pages/bar_2000_43.5584_10.3140.json,custom
42.943844,10.537406,osm_enilive_caf__42.9438_10.5374,Enilive café,bar_cafe,bar_cafe,https://raw.githubusercontent.com/pasqualelembo78/huntix-poi/main/italia/toscana/sconosciuta/pages/enilive_caf_42.9438_10.5374.json,custom
42.941272,10.535315,osm_bar_e_snack_42.9413_10.5353,Bar e snack,bar_cafe,bar_cafe,https://raw.githubusercontent.com/pasqualelembo78/huntix-poi/main/italia/toscana/sconosciuta/pages/bar_e_snack_42.9413_10.5353.json,custom
43.842970,10.491000,osm_caffetteria_dell_angolo_43.8430_10.4910,Caffetteria dell'Angolo,bar_cafe,bar_cafe,https://raw.githubusercontent.com/pasqualelembo78/huntix-poi/main/italia/toscana/sconosciuta/pages/caffetteria_dellangolo_43.8430_10.4910.json,custom
43.994049,10.226904,osm_chimera_caff__43.9940_10.2269,Chimera caffè,bar_cafe,bar_cafe,https://raw.githubusercontent.com/pasqualelembo78/huntix-poi/main/italia/toscana/sconosciuta/pages/chimera_caff_43.9940_10.2269.json,custom
42.814522,10.331694,osm_dolce_vita_42.8145_10.3317,Dolce Vita,bar_cafe,bar_cafe,https://raw.githubusercontent.com/pasqualelembo78/huntix-poi/main/italia/toscana/sconosciuta/pages/dolce_vita_42.8145_10.3317.json,custom
42.701791,10.992537,osm_beach_bar_delfinus_42.7018_10.9925,Beach Bar Delfinus,bar_cafe,bar_cafe,https://raw.githubusercontent.com/pasqualelembo78/huntix-poi/main/italia/toscana/sconosciuta/pages/beach_bar_delfinus_42.7018_10.9925.json,custom
43.931587,10.952523,osm_cubo_43.9316_10.9525,Cubo,bar_cafe,bar_cafe,https://raw.githubusercontent.com/pasqualelembo78/huntix-poi/main/italia/toscana/sconosciuta/pages/cubo_43.9316_10.9525.json,custom
43.931053,10.947122,osm_sara_43.9311_10.9471,Sara,bar_cafe,bar_cafe,https://raw.githubusercontent.com/pasqualelembo78/huntix-poi/main/italia/toscana/sconosciuta/pages/sara_43.9311_10.9471.json,custom
42.549604,11.905112,osm_dry_bar_42.5496_11.9051,Dry bar,bar_cafe,bar_cafe,https://raw.githubusercontent.com/pasqualelembo78/huntix-poi/main/italia/toscana/sconosciuta/pages/dry_bar_42.5496_11.9051.json,custom
42.813671,10.332935,osm_il_grigolo_42.8137_10.3329,Il Grigolo,bar_cafe,bar_cafe,https://raw.githubusercontent.com/pasqualelembo78/huntix-poi/main/italia/toscana/sconosciuta/pages/il_grigolo_42.8137_10.3329.json,custom
43.698682,10.429437,osm_cotton_caf__43.6987_10.4294,Cotton Cafè,bar_cafe,bar_cafe,https://raw.githubusercontent.com/pasqualelembo78/huntix-poi/main/italia/toscana/sconosciuta/pages/cotton_caf_43.6987_10.4294.json,custom
43.754169,11.189594,osm_comune_vecchio_43.7542_11.1896,Comune vecchio,bar_cafe,bar_cafe,https://raw.githubusercontent.com/pasqualelembo78/huntix-poi/main/italia/toscana/sconosciuta/pages/comune_vecchio_43.7542_11.1896.json,custom
43.658489,11.184840,osm_casa_del_popolo_43.6585_11.1848,Casa del Popolo,bar_cafe,bar_cafe,https://raw.githubusercontent.com/pasqualelembo78/huntix-poi/main/italia/toscana/sconosciuta/pages/casa_del_popolo_43.6585_11.1848.json,custom
43.632457,11.019625,osm_circolo_arci_i_poggio_43.6325_11.0196,Circolo ARCI I'Poggio,bar_cafe,bar_cafe,https://raw.githubusercontent.com/pasqualelembo78/huntix-poi/main/italia/toscana/sconosciuta/pages/circolo_arci_ipoggio_43.6325_11.0196.json,custom
43.639084,11.009709,osm_mulligan_s_43.6391_11.0097,Mulligan's,bar_cafe,bar_cafe,https://raw.githubusercontent.com/pasqualelembo78/huntix-poi/main/italia/toscana/sconosciuta/pages/mulligans_43.6391_11.0097.json,custom
42.413977,12.065166,osm_sorgente_bagno_del_papa_42.4140_12.0652,Sorgente Bagno del Papa,bar_cafe,bar_cafe,https://raw.githubusercontent.com/pasqualelembo78/huntix-poi/main/italia/toscana/sconosciuta/pages/sorgente_bagno_del_papa_42.4140_12.0652.json,custom
43.520428,10.312584,osm_bar_la_vela_43.5204_10.3126,Bar La Vela,bar_cafe,bar_cafe,https://raw.githubusercontent.com/pasqualelembo78/huntix-poi/main/italia/toscana/sconosciuta/pages/bar_la_vela_43.5204_10.3126.json,custom
43.516778,10.316480,osm_baracchina_rossa_43.5168_10.3165,Baracchina Rossa,bar_cafe,bar_cafe,https://raw.githubusercontent.com/pasqualelembo78/huntix-poi/main/italia/toscana/sconosciuta/pages/baracchina_rossa_43.5168_10.3165.json,custom
42.310029,11.602753,osm_stabilimento_le_murelle_42.3100_11.6028,STABILIMENTO LE MURELLE,bar_cafe,bar_cafe,https://raw.githubusercontent.com/pasqualelembo78/huntix-poi/main/italia/toscana/sconosciuta/pages/stabilimento_le_murelle_42.3100_11.6028.json,custom
42.249820,11.768114,osm_l_abaco_42.2498_11.7681,L'Abaco,bar_cafe,bar_cafe,https://raw.githubusercontent.com/pasqualelembo78/huntix-poi/main/italia/toscana/sconosciuta/pages/labaco_42.2498_11.7681.json,custom
42.022086,11.946775,osm_oasi_snack_bar_42.0221_11.9468,Oasi Snack Bar,bar_cafe,bar_cafe,https://raw.githubusercontent.com/pasqualelembo78/huntix-poi/main/italia/toscana/sconosciuta/pages/oasi_snack_bar_42.0221_11.9468.json,custom
42.153342,11.756495,osm_bar_mosconi_42.1533_11.7565,Bar Mosconi,bar_cafe,bar_cafe,https://raw.githubusercontent.com/pasqualelembo78/huntix-poi/main/italia/toscana/sconosciuta/pages/bar_mosconi_42.1533_11.7565.json,custom
43.793706,11.222177,osm_regione_toscana___edificio_b_43.7937_11.2222,Regione Toscana - Edificio B,bar_cafe,bar_cafe,https://raw.githubusercontent.com/pasqualelembo78/huntix-poi/main/italia/toscana/sconosciuta/pages/regione_toscana_-_edificio_b_43.7937_11.2222.json,custom
43.547544,12.179722,osm_struttura_polivalente_comunale_43.5475_12.1797,Struttura polivalente comunale,bar_cafe,bar_cafe,https://raw.githubusercontent.com/pasqualelembo78/huntix-poi/main/italia/toscana/sconosciuta/pages/struttura_polivalente_comunale_43.5475_12.1797.json,custom
43.869393,12.490878,osm_da_cimos_43.8694_12.4909,da Cimos,bar_cafe,bar_cafe,https://raw.githubusercontent.com/pasqualelembo78/huntix-poi/main/italia/toscana/sconosciuta/pages/da_cimos_43.8694_12.4909.json,custom
43.870162,12.492479,osm_bar_roma_43.8702_12.4925,Bar Roma,bar_cafe,bar_cafe,https://raw.githubusercontent.com/pasqualelembo78/huntix-poi/main/italia/toscana/sconosciuta/pages/bar_roma_43.8702_12.4925.json,custom
42.139719,12.105350,osm_centro_polivalente_42.1397_12.1054,Centro Polivalente,bar_cafe,bar_cafe,https://raw.githubusercontent.com/pasqualelembo78/huntix-poi/main/italia/toscana/sconosciuta/pages/centro_polivalente_42.1397_12.1054.json,custom
43.870503,12.492593,osm_la_piazzetta_43.8705_12.4926,La Piazzetta,bar_cafe,bar_cafe,https://raw.githubusercontent.com/pasqualelembo78/huntix-poi/main/italia/toscana/sconosciuta/pages/la_piazzetta_43.8705_12.4926.json,custom
42.732445,10.372486,osm_mandel_2_42.7324_10.3725,Mandel 2,bar_cafe,bar_cafe,https://raw.githubusercontent.com/pasqualelembo78/huntix-poi/main/italia/toscana/sconosciuta/pages/mandel_2_42.7324_10.3725.json,custom
42.731076,10.374278,osm_la_scogliera_42.7311_10.3743,La Scogliera,bar_cafe,bar_cafe,https://raw.githubusercontent.com/pasqualelembo78/huntix-poi/main/italia/toscana/sconosciuta/pages/la_scogliera_42.7311_10.3743.json,custom
42.757123,10.358859,osm_le_calanchiole_42.7571_10.3589,Le Calanchiole,bar_cafe,bar_cafe,https://raw.githubusercontent.com/pasqualelembo78/huntix-poi/main/italia/toscana/sconosciuta/pages/le_calanchiole_42.7571_10.3589.json,custom
42.737462,10.186318,osm_il_convio_42.7375_10.1863,Il Convio,bar_cafe,bar_cafe,https://raw.githubusercontent.com/pasqualelembo78/huntix-poi/main/italia/toscana/sconosciuta/pages/il_convio_42.7375_10.1863.json,custom
43.770229,11.113896,osm_casa_del_popolo_43.7702_11.1139,Casa del Popolo,bar_cafe,bar_cafe,https://raw.githubusercontent.com/pasqualelembo78/huntix-poi/main/italia/toscana/sconosciuta/pages/casa_del_popolo_43.7702_11.1139.json,custom
42.359104,10.920848,osm_ice_cream_parlor_42.3591_10.9208,Ice Cream Parlor,bar_cafe,bar_cafe,https://raw.githubusercontent.com/pasqualelembo78/huntix-poi/main/italia/toscana/sconosciuta/pages/ice_cream_parlor_42.3591_10.9208.json,custom
42.045876,12.129126,osm_locanda_monte_la_guardia_42.0459_12.1291,Locanda Monte la Guardia,bar_cafe,bar_cafe,https://raw.githubusercontent.com/pasqualelembo78/huntix-poi/main/italia/toscana/sconosciuta/pages/locanda_monte_la_guardia_42.0459_12.1291.json,custom
43.559902,10.314896,osm_chalet_san_marco_43.5599_10.3149,Chalet San Marco,bar_cafe,bar_cafe,https://raw.githubusercontent.com/pasqualelembo78/huntix-poi/main/italia/toscana/sconosciuta/pages/chalet_san_marco_43.5599_10.3149.json,custom
43.842592,11.045497,osm_casa_del_popolo_di_tavola_43.8426_11.0455,Casa del Popolo di Tavola,bar_cafe,bar_cafe,https://raw.githubusercontent.com/pasqualelembo78/huntix-poi/main/italia/toscana/sconosciuta/pages/casa_del_popolo_di_tavola_43.8426_11.0455.json,custom
43.768931,11.297963,osm_exfila_43.7689_11.2980,ExFila,bar_cafe,bar_cafe,https://raw.githubusercontent.com/pasqualelembo78/huntix-poi/main/italia/toscana/sconosciuta/pages/exfila_43.7689_11.2980.json,custom
43.883122,10.709231,osm_centro_polivalente_amina_nuget_43.8831_10.7092,Centro polivalente Amina Nuget,bar_cafe,bar_cafe,https://raw.githubusercontent.com/pasqualelembo78/huntix-poi/main/italia/toscana/sconosciuta/pages/centro_polivalente_amina_nuget_43.8831_10.7092.json,custom
42.926297,10.527265,osm_tribunale_di_piombino_42.9263_10.5273,Tribunale di Piombino,bar_cafe,bar_cafe,https://raw.githubusercontent.com/pasqualelembo78/huntix-poi/main/italia/toscana/sconosciuta/pages/tribunale_di_piombino_42.9263_10.5273.json,custom
43.881729,10.708297,osm_municipio_di_uzzano_43.8817_10.7083,Municipio di Uzzano,bar_cafe,bar_cafe,https://raw.githubusercontent.com/pasqualelembo78/huntix-poi/main/italia/toscana/sconosciuta/pages/municipio_di_uzzano_43.8817_10.7083.json,custom
43.692078,10.461114,osm_circolo_badia_arci_43.6921_10.4611,Circolo Badia ARCI,bar_cafe,bar_cafe,https://raw.githubusercontent.com/pasqualelembo78/huntix-poi/main/italia/toscana/sconosciuta/pages/circolo_badia_arci_43.6921_10.4611.json,custom
43.703174,10.403865,osm_al_barrino_in_san_marco_43.7032_10.4039,Al Barrino in San MARCO,bar_cafe,bar_cafe,https://raw.githubusercontent.com/pasqualelembo78/huntix-poi/main/italia/toscana/sconosciuta/pages/al_barrino_in_san_marco_43.7032_10.4039.json,custom
42.772231,10.169448,osm_bar_monte_capanne_42.7722_10.1694,Bar Monte Capanne,bar_cafe,bar_cafe,https://raw.githubusercontent.com/pasqualelembo78/huntix-poi/main/italia/toscana/sconosciuta/pages/bar_monte_capanne_42.7722_10.1694.json,custom
43.732507,11.555689,osm_bar_vallombrosa_43.7325_11.5557,Bar Vallombrosa,bar_cafe,bar_cafe,https://raw.githubusercontent.com/pasqualelembo78/huntix-poi/main/italia/toscana/sconosciuta/pages/bar_vallombrosa_43.7325_11.5557.json,custom
42.799407,10.318156,osm_rollbar_drink_food_42.7994_10.3182,RollBar Drink&Food,bar_cafe,bar_cafe,https://raw.githubusercontent.com/pasqualelembo78/huntix-poi/main/italia/toscana/sconosciuta/pages/rollbar_drinkfood_42.7994_10.3182.json,custom
42.150001,11.938698,osm_caff__del_t_cco_42.1500_11.9387,Caffè del Tócco,bar_cafe,bar_cafe,https://raw.githubusercontent.com/pasqualelembo78/huntix-poi/main/italia/toscana/sconosciuta/pages/caff_del_tcco_42.1500_11.9387.json,custom
42.396900,12.297907,osm_bar_il_bivio_42.3969_12.2979,Bar Il Bivio,bar_cafe,bar_cafe,https://raw.githubusercontent.com/pasqualelembo78/huntix-poi/main/italia/toscana/sconosciuta/pages/bar_il_bivio_42.3969_12.2979.json,custom
43.571881,12.135530,osm_usl_8_43.5719_12.1355,USL 8,bar_cafe,bar_cafe,https://raw.githubusercontent.com/pasqualelembo78/huntix-poi/main/italia/toscana/sconosciuta/pages/usl_8_43.5719_12.1355.json,custom
43.518903,10.337250,osm_circolo_arci_collinaia_43.5189_10.3372,Circolo ARCI Collinaia,bar_cafe,bar_cafe,https://raw.githubusercontent.com/pasqualelembo78/huntix-poi/main/italia/toscana/sconosciuta/pages/circolo_arci_collinaia_43.5189_10.3372.json,custom
42.410657,12.469623,osm_il_casottino_42.4107_12.4696,Il Casottino,bar_cafe,bar_cafe,https://raw.githubusercontent.com/pasqualelembo78/huntix-poi/main/italia/toscana/sconosciuta/pages/il_casottino_42.4107_12.4696.json,custom
43.433174,10.565554,osm_circolo_di_pomaia_43.4332_10.5656,Circolo di Pomaia,bar_cafe,bar_cafe,https://raw.githubusercontent.com/pasqualelembo78/huntix-poi/main/italia/toscana/sconosciuta/pages/circolo_di_pomaia_43.4332_10.5656.json,custom
42.337398,12.301717,osm_teatro_tenda_42.3374_12.3017,Teatro Tenda,bar_cafe,bar_cafe,https://raw.githubusercontent.com/pasqualelembo78/huntix-poi/main/italia/toscana/sconosciuta/pages/teatro_tenda_42.3374_12.3017.json,custom
42.380801,12.439683,osm_stazione_di_gallese_teverina_42.3808_12.4397,Stazione di Gallese Teverina,bar_cafe,bar_cafe,https://raw.githubusercontent.com/pasqualelembo78/huntix-poi/main/italia/toscana/sconosciuta/pages/stazione_di_gallese_teverina_42.3808_12.4397.json,custom
42.377096,12.442212,osm_centro_anziani_gallese_scalo___bar_42.3771_12.4422,Centro Anziani Gallese Scalo - Bar,bar_cafe,bar_cafe,https://raw.githubusercontent.com/pasqualelembo78/huntix-poi/main/italia/toscana/sconosciuta/pages/centro_anziani_gallese_scalo_-_bar_42.3771_12.4422.json,custom
42.377182,12.442203,osm_centro_anziani_gallese_scalo___sala_poli_42.3772_12.4422,Centro Anziani Gallese Scalo - Sala Polivalente,bar_cafe,bar_cafe,https://raw.githubusercontent.com/pasqualelembo78/huntix-poi/main/italia/toscana/sconosciuta/pages/centro_anziani_gallese_scalo_-_sala_poli_42.3772_12.4422.json,custom
42.385248,12.434457,osm_bar_il_sole_42.3852_12.4345,Bar Il Sole,bar_cafe,bar_cafe,https://raw.githubusercontent.com/pasqualelembo78/huntix-poi/main/italia/toscana/sconosciuta/pages/bar_il_sole_42.3852_12.4345.json,custom
42.423072,12.096600,osm_area_biennio__1____2___42.4231_12.0966,Area Biennio (1° - 2°),bar_cafe,bar_cafe,https://raw.githubusercontent.com/pasqualelembo78/huntix-poi/main/italia/toscana/sconosciuta/pages/area_biennio_1_-_2_42.4231_12.0966.json,custom
43.912439,12.303859,osm_il_giardino_roccioso_43.9124_12.3039,Il Giardino Roccioso,bar_cafe,bar_cafe,https://raw.githubusercontent.com/pasqualelembo78/huntix-poi/main/italia/toscana/sconosciuta/pages/il_giardino_roccioso_43.9124_12.3039.json,custom
43.949316,12.368703,osm_ristoro_sasso_d_oro_43.9493_12.3687,Ristoro Sasso d'oro,bar_cafe,bar_cafe,https://raw.githubusercontent.com/pasqualelembo78/huntix-poi/main/italia/toscana/sconosciuta/pages/ristoro_sasso_doro_43.9493_12.3687.json,custom
43.684139,10.908593,osm_circolo_arci_brusciana_43.6841_10.9086,Circolo Arci Brusciana,bar_cafe,bar_cafe,https://raw.githubusercontent.com/pasqualelembo78/huntix-poi/main/italia/toscana/sconosciuta/pages/circolo_arci_brusciana_43.6841_10.9086.json,custom
42.779143,10.796048,osm_bar_baia_azzurra_42.7791_10.7960,Bar Baia Azzurra,bar_cafe,bar_cafe,https://raw.githubusercontent.com/pasqualelembo78/huntix-poi/main/italia/toscana/sconosciuta/pages/bar_baia_azzurra_42.7791_10.7960.json,custom
43.965173,12.405705,osm_bar_undici_43.9652_12.4057,Bar Undici,bar_cafe,bar_cafe,https://raw.githubusercontent.com/pasqualelembo78/huntix-poi/main/italia/toscana/sconosciuta/pages/bar_undici_43.9652_12.4057.json,custom
43.684853,11.255066,osm_circolo_acli_43.6849_11.2551,Circolo ACLI,bar_cafe,bar_cafe,https://raw.githubusercontent.com/pasqualelembo78/huntix-poi/main/italia/toscana/sconosciuta/pages/circolo_acli_43.6849_11.2551.json,custom
43.856266,10.507528,osm_bar_la_fenice_43.8563_10.5075,Bar La Fenice,bar_cafe,bar_cafe,https://raw.githubusercontent.com/pasqualelembo78/huntix-poi/main/italia/toscana/sconosciuta/pages/bar_la_fenice_43.8563_10.5075.json,custom
43.950177,10.897139,osm_baba_jaga_43.9502_10.8971,Baba Jaga,bar_cafe,bar_cafe,https://raw.githubusercontent.com/pasqualelembo78/huntix-poi/main/italia/toscana/sconosciuta/pages/baba_jaga_43.9502_10.8971.json,custom
43.801704,10.265117,osm_struttura_oasi_2___dunadonda_43.8017_10.2651,Struttura Oasi 2 - Dunadonda,bar_cafe,bar_cafe,https://raw.githubusercontent.com/pasqualelembo78/huntix-poi/main/italia/toscana/sconosciuta/pages/struttura_oasi_2_-_dunadonda_43.8017_10.2651.json,custom
42.243235,11.693315,osm_bar_2000_42.2432_11.6933,Bar 2000,bar_cafe,bar_cafe,https://raw.githubusercontent.com/pasqualelembo78/huntix-poi/main/italia/toscana/sconosciuta/pages/bar_2000_42.2432_11.6933.json,custom
43.801587,11.203576,osm_beyfin_bar_43.8016_11.2036,Beyfin Bar,bar_cafe,bar_cafe,https://raw.githubusercontent.com/pasqualelembo78/huntix-poi/main/italia/toscana/sconosciuta/pages/beyfin_bar_43.8016_11.2036.json,custom
42.021584,11.948379,osm_barracuda_42.0216_11.9484,Barracuda,bar_cafe,bar_cafe,https://raw.githubusercontent.com/pasqualelembo78/huntix-poi/main/italia/toscana/sconosciuta/pages/barracuda_42.0216_11.9484.json,custom
43.472161,10.564491,osm_circolo_arci_s__luce_43.4722_10.5645,Circolo Arci S. Luce,bar_cafe,bar_cafe,https://raw.githubusercontent.com/pasqualelembo78/huntix-poi/main/italia/toscana/sconosciuta/pages/circolo_arci_s_luce_43.4722_10.5645.json,custom
43.957411,10.901908,osm_rossodisera_43.9574_10.9019,Rossodisera,bar_cafe,bar_cafe,https://raw.githubusercontent.com/pasqualelembo78/huntix-poi/main/italia/toscana/sconosciuta/pages/rossodisera_43.9574_10.9019.json,custom
43.778651,10.414066,osm_circolo_arci_90_pappiana_43.7787_10.4141,Circolo ARCI 90 Pappiana,bar_cafe,bar_cafe,https://raw.githubusercontent.com/pasqualelembo78/huntix-poi/main/italia/toscana/sconosciuta/pages/circolo_arci_90_pappiana_43.7787_10.4141.json,custom
43.787063,11.210656,osm_caff__new_york_43.7871_11.2107,Caffè New York,bar_cafe,bar_cafe,https://raw.githubusercontent.com/pasqualelembo78/huntix-poi/main/italia/toscana/sconosciuta/pages/caff_new_york_43.7871_11.2107.json,custom
42.110572,9.550921,osm_snack__bar__glaces_42.1106_9.5509,Snack, bar, glaces,bar_cafe,bar_cafe,https://raw.githubusercontent.com/pasqualelembo78/huntix-poi/main/italia/toscana/sconosciuta/pages/snack_bar_glaces_42.1106_9.5509.json,custom
42.860506,12.011832,osm_chiosco_dei_giardinetti_42.8605_12.0118,Chiosco dei Giardinetti,bar_cafe,bar_cafe,https://raw.githubusercontent.com/pasqualelembo78/huntix-poi/main/italia/toscana/sconosciuta/pages/chiosco_dei_giardinetti_42.8605_12.0118.json,custom
43.933652,10.554448,osm_sonia_s_bar_43.9337_10.5544,Sonia's Bar,bar_cafe,bar_cafe,https://raw.githubusercontent.com/pasqualelembo78/huntix-poi/main/italia/toscana/sconosciuta/pages/sonias_bar_43.9337_10.5544.json,custom
43.498723,10.725960,osm_trattoria_la_noria_43.4987_10.7260,Trattoria la Noria,bar_cafe,bar_cafe,https://raw.githubusercontent.com/pasqualelembo78/huntix-poi/main/italia/toscana/sconosciuta/pages/trattoria_la_noria_43.4987_10.7260.json,custom
42.872907,12.016243,osm_chiosco_la_colonnetta_di_fabro_42.8729_12.0162,Chiosco la Colonnetta di Fabro,bar_cafe,bar_cafe,https://raw.githubusercontent.com/pasqualelembo78/huntix-poi/main/italia/toscana/sconosciuta/pages/chiosco_la_colonnetta_di_fabro_42.8729_12.0162.json,custom
42.874788,12.044175,osm_chiosco_42.8748_12.0442,Chiosco,bar_cafe,bar_cafe,https://raw.githubusercontent.com/pasqualelembo78/huntix-poi/main/italia/toscana/sconosciuta/pages/chiosco_42.8748_12.0442.json,custom
43.893743,10.694054,osm_il_melograno_43.8937_10.6941,Il Melograno,bar_cafe,bar_cafe,https://raw.githubusercontent.com/pasqualelembo78/huntix-poi/main/italia/toscana/sconosciuta/pages/il_melograno_43.8937_10.6941.json,custom
42.096106,11.786447,osm_snack_barbagia_42.0961_11.7864,Snack Barbagia,bar_cafe,bar_cafe,https://raw.githubusercontent.com/pasqualelembo78/huntix-poi/main/italia/toscana/sconosciuta/pages/snack_barbagia_42.0961_11.7864.json,custom
43.809512,10.714016,osm_tropical_43.8095_10.7140,tropical,bar_cafe,bar_cafe,https://raw.githubusercontent.com/pasqualelembo78/huntix-poi/main/italia/toscana/sconosciuta/pages/tropical_43.8095_10.7140.json,custom
43.726620,10.960482,osm_gelateria_serravalle_43.7266_10.9605,Gelateria Serravalle,bar_cafe,bar_cafe,https://raw.githubusercontent.com/pasqualelembo78/huntix-poi/main/italia/toscana/sconosciuta/pages/gelateria_serravalle_43.7266_10.9605.json,custom
43.400011,10.861848,osm_iperborea_43.4000_10.8618,Iperborea,bar_cafe,bar_cafe,https://raw.githubusercontent.com/pasqualelembo78/huntix-poi/main/italia/toscana/sconosciuta/pages/iperborea_43.4000_10.8618.json,custom
43.910281,10.339684,osm_ristorum_43.9103_10.3397,Ristorum,bar_cafe,bar_cafe,https://raw.githubusercontent.com/pasqualelembo78/huntix-poi/main/italia/toscana/sconosciuta/pages/ristorum_43.9103_10.3397.json,custom
42.217797,11.707967,osm_stabilimento_falcioni_42.2178_11.7080,Stabilimento Falcioni,bar_cafe,bar_cafe,https://raw.githubusercontent.com/pasqualelembo78/huntix-poi/main/italia/toscana/sconosciuta/pages/stabilimento_falcioni_42.2178_11.7080.json,custom
42.219373,11.706931,osm_stabilimento_gravisca_42.2194_11.7069,Stabilimento Gravisca,bar_cafe,bar_cafe,https://raw.githubusercontent.com/pasqualelembo78/huntix-poi/main/italia/toscana/sconosciuta/pages/stabilimento_gravisca_42.2194_11.7069.json,custom
42.221095,11.705746,osm_stabilimento_gradinoro_42.2211_11.7057,Stabilimento Gradinoro,bar_cafe,bar_cafe,https://raw.githubusercontent.com/pasqualelembo78/huntix-poi/main/italia/toscana/sconosciuta/pages/stabilimento_gradinoro_42.2211_11.7057.json,custom
42.227666,11.701203,osm_stabilimento_tibidabo_42.2277_11.7012,Stabilimento Tibidabo,bar_cafe,bar_cafe,https://raw.githubusercontent.com/pasqualelembo78/huntix-poi/main/italia/toscana/sconosciuta/pages/stabilimento_tibidabo_42.2277_11.7012.json,custom
43.342318,11.504506,osm_bulletta_bar_43.3423_11.5045,bulletta bar,bar_cafe,bar_cafe,https://raw.githubusercontent.com/pasqualelembo78/huntix-poi/main/italia/toscana/sconosciuta/pages/bulletta_bar_43.3423_11.5045.json,custom
42.638032,12.409273,osm_orietta_42.6380_12.4093,Orietta,bar_cafe,bar_cafe,https://raw.githubusercontent.com/pasqualelembo78/huntix-poi/main/italia/toscana/sconosciuta/pages/orietta_42.6380_12.4093.json,custom
43.722987,10.951070,osm_ens__43.7230_10.9511,Ensō,bar_cafe,bar_cafe,https://raw.githubusercontent.com/pasqualelembo78/huntix-poi/main/italia/toscana/sconosciuta/pages/ens_43.7230_10.9511.json,custom
43.720694,10.948999,osm_cristallo_43.7207_10.9490,Cristallo,bar_cafe,bar_cafe,https://raw.githubusercontent.com/pasqualelembo78/huntix-poi/main/italia/toscana/sconosciuta/pages/cristallo_43.7207_10.9490.json,custom
42.950453,10.675132,osm_soul_beat_bar_ristoro_42.9505_10.6751,SOUL BEAT Bar Ristoro,bar_cafe,bar_cafe,https://raw.githubusercontent.com/pasqualelembo78/huntix-poi/main/italia/toscana/sconosciuta/pages/soul_beat_bar_ristoro_42.9505_10.6751.json,custom
43.720410,10.954386,osm_dolcemente_43.7204_10.9544,Dolcemente,bar_cafe,bar_cafe,https://raw.githubusercontent.com/pasqualelembo78/huntix-poi/main/italia/toscana/sconosciuta/pages/dolcemente_43.7204_10.9544.json,custom
43.460279,11.885526,osm_il_chiosco_34_43.4603_11.8855,Il chiosco 34,bar_cafe,bar_cafe,https://raw.githubusercontent.com/pasqualelembo78/huntix-poi/main/italia/toscana/sconosciuta/pages/il_chiosco_34_43.4603_11.8855.json,custom
42.100367,12.175102,osm_old_bridge_42.1004_12.1751,Old Bridge,bar_cafe,bar_cafe,https://raw.githubusercontent.com/pasqualelembo78/huntix-poi/main/italia/toscana/sconosciuta/pages/old_bridge_42.1004_12.1751.json,custom
42.925043,10.764946,osm_km0_42.9250_10.7649,KM0,bar_cafe,bar_cafe,https://raw.githubusercontent.com/pasqualelembo78/huntix-poi/main/italia/toscana/sconosciuta/pages/km0_42.9250_10.7649.json,custom
43.820333,11.370708,osm_circolo_di_monteloro_43.8203_11.3707,Circolo di Monteloro,bar_cafe,bar_cafe,https://raw.githubusercontent.com/pasqualelembo78/huntix-poi/main/italia/toscana/sconosciuta/pages/circolo_di_monteloro_43.8203_11.3707.json,custom
43.059520,11.999349,osm_il_circolino_di_vaiano_43.0595_11.9993,Il Circolino di Vaiano,bar_cafe,bar_cafe,https://raw.githubusercontent.com/pasqualelembo78/huntix-poi/main/italia/toscana/sconosciuta/pages/il_circolino_di_vaiano_43.0595_11.9993.json,custom
43.125027,12.057101,osm_il_pontile_43.1250_12.0571,Il Pontile,bar_cafe,bar_cafe,https://raw.githubusercontent.com/pasqualelembo78/huntix-poi/main/italia/toscana/sconosciuta/pages/il_pontile_43.1250_12.0571.json,custom
43.809707,10.983159,osm_circolo_arci_43.8097_10.9832,Circolo Arci,bar_cafe,bar_cafe,https://raw.githubusercontent.com/pasqualelembo78/huntix-poi/main/italia/toscana/sconosciuta/pages/circolo_arci_43.8097_10.9832.json,custom
43.672700,10.639193,osm_il_canottiere_drink___food_43.6727_10.6392,Il Canottiere Drink & Food,bar_cafe,bar_cafe,https://raw.githubusercontent.com/pasqualelembo78/huntix-poi/main/italia/toscana/sconosciuta/pages/il_canottiere_drink_food_43.6727_10.6392.json,custom
42.155978,12.244594,osm_chalet_del_lago_42.1560_12.2446,Chalet del Lago,bar_cafe,bar_cafe,https://raw.githubusercontent.com/pasqualelembo78/huntix-poi/main/italia/toscana/sconosciuta/pages/chalet_del_lago_42.1560_12.2446.json,custom
42.127770,12.125550,osm_bar_ai_platani_42.1278_12.1255,Bar ai Platani,bar_cafe,bar_cafe,https://raw.githubusercontent.com/pasqualelembo78/huntix-poi/main/italia/toscana/sconosciuta/pages/bar_ai_platani_42.1278_12.1255.json,custom
42.258530,12.173943,osm_banca_di_credito_cooperativo_di_capranic_42.2585_12.1739,Banca di Credito Cooperativo di Capranica e Bassano Romano,bar_cafe,bar_cafe,https://raw.githubusercontent.com/pasqualelembo78/huntix-poi/main/italia/toscana/sconosciuta/pages/banca_di_credito_cooperativo_di_capranic_42.2585_12.1739.json,custom
42.644879,11.987027,osm_retrogusto_42.6449_11.9870,RetroGusto,bar_cafe,bar_cafe,https://raw.githubusercontent.com/pasqualelembo78/huntix-poi/main/italia/toscana/sconosciuta/pages/retrogusto_42.6449_11.9870.json,custom
43.300057,10.490016,osm_bellucci_mauro_bar_43.3001_10.4900,Bellucci Mauro Bar,bar_cafe,bar_cafe,https://raw.githubusercontent.com/pasqualelembo78/huntix-poi/main/italia/toscana/sconosciuta/pages/bellucci_mauro_bar_43.3001_10.4900.json,custom
42.424231,12.101753,osm_il_golosetto_42.4242_12.1018,Il Golosetto,bar_cafe,bar_cafe,https://raw.githubusercontent.com/pasqualelembo78/huntix-poi/main/italia/toscana/sconosciuta/pages/il_golosetto_42.4242_12.1018.json,custom
42.631994,12.303757,osm_parco_aiola_42.6320_12.3038,Parco Aiola,bar_cafe,bar_cafe,https://raw.githubusercontent.com/pasqualelembo78/huntix-poi/main/italia/toscana/sconosciuta/pages/parco_aiola_42.6320_12.3038.json,custom
42.462006,12.266154,osm_autogrill_la_molinella_42.4620_12.2662,Autogrill La Molinella,bar_cafe,bar_cafe,https://raw.githubusercontent.com/pasqualelembo78/huntix-poi/main/italia/toscana/sconosciuta/pages/autogrill_la_molinella_42.4620_12.2662.json,custom
43.393018,11.786625,osm_bar_tabbe_43.3930_11.7866,Bar Tabbe,bar_cafe,bar_cafe,https://raw.githubusercontent.com/pasqualelembo78/huntix-poi/main/italia/toscana/sconosciuta/pages/bar_tabbe_43.3930_11.7866.json,custom
42.410717,12.201324,osm_la_faggeta_42.4107_12.2013,La Faggeta,bar_cafe,bar_cafe,https://raw.githubusercontent.com/pasqualelembo78/huntix-poi/main/italia/toscana/sconosciuta/pages/la_faggeta_42.4107_12.2013.json,custom
43.943408,10.913888,osm_move_eat_43.9434_10.9139,Move Eat,bar_cafe,bar_cafe,https://raw.githubusercontent.com/pasqualelembo78/huntix-poi/main/italia/toscana/sconosciuta/pages/move_eat_43.9434_10.9139.json,custom
42.245753,12.215232,osm_chalet_2000_42.2458_12.2152,Chalet 2000,bar_cafe,bar_cafe,https://raw.githubusercontent.com/pasqualelembo78/huntix-poi/main/italia/toscana/sconosciuta/pages/chalet_2000_42.2458_12.2152.json,custom
43.801309,11.747176,osm_circolo_acli_43.8013_11.7472,Circolo ACLI,bar_cafe,bar_cafe,https://raw.githubusercontent.com/pasqualelembo78/huntix-poi/main/italia/toscana/sconosciuta/pages/circolo_acli_43.8013_11.7472.json,custom
42.748892,10.238774,osm_bagni_pineta_42.7489_10.2388,Bagni Pineta,bar_cafe,bar_cafe,https://raw.githubusercontent.com/pasqualelembo78/huntix-poi/main/italia/toscana/sconosciuta/pages/bagni_pineta_42.7489_10.2388.json,custom
43.642294,10.617035,osm_chef_express_43.6423_10.6170,Chef Express,bar_cafe,bar_cafe,https://raw.githubusercontent.com/pasqualelembo78/huntix-poi/main/italia/toscana/sconosciuta/pages/chef_express_43.6423_10.6170.json,custom
43.840317,11.150043,osm_gianno_i_due_ponti_43.8403_11.1500,Gianno I due ponti,bar_cafe,bar_cafe,https://raw.githubusercontent.com/pasqualelembo78/huntix-poi/main/italia/toscana/sconosciuta/pages/gianno_i_due_ponti_43.8403_11.1500.json,custom
43.699568,11.098206,osm_circolo_m_c_l__43.6996_11.0982,Circolo M.C.L.,bar_cafe,bar_cafe,https://raw.githubusercontent.com/pasqualelembo78/huntix-poi/main/italia/toscana/sconosciuta/pages/circolo_mcl_43.6996_11.0982.json,custom
43.920847,10.333512,osm_nebraska_43.9208_10.3335,Nebraska,bar_cafe,bar_cafe,https://raw.githubusercontent.com/pasqualelembo78/huntix-poi/main/italia/toscana/sconosciuta/pages/nebraska_43.9208_10.3335.json,custom
42.080077,12.399684,osm_fahrenheit_42.0801_12.3997,Fahrenheit,bar_cafe,bar_cafe,https://raw.githubusercontent.com/pasqualelembo78/huntix-poi/main/italia/toscana/sconosciuta/pages/fahrenheit_42.0801_12.3997.json,custom
43.047508,12.407677,osm_le_querce_43.0475_12.4077,Le Querce,bar_cafe,bar_cafe,https://raw.githubusercontent.com/pasqualelembo78/huntix-poi/main/italia/toscana/sconosciuta/pages/le_querce_43.0475_12.4077.json,custom
42.289143,12.118478,osm_panifico_pasticceria_belli_42.2891_12.1185,Panifico Pasticceria Belli,bar_cafe,bar_cafe,https://raw.githubusercontent.com/pasqualelembo78/huntix-poi/main/italia/toscana/sconosciuta/pages/panifico_pasticceria_belli_42.2891_12.1185.json,custom
42.224767,9.552079,osm_club_corsicana_strandbar_42.2248_9.5521,Club Corsicana Strandbar,bar_cafe,bar_cafe,https://raw.githubusercontent.com/pasqualelembo78/huntix-poi/main/italia/toscana/sconosciuta/pages/club_corsicana_strandbar_42.2248_9.5521.json,custom
43.817514,11.228529,osm_asd_atletica_castello_43.8175_11.2285,ASD Atletica Castello,bar_cafe,bar_cafe,https://raw.githubusercontent.com/pasqualelembo78/huntix-poi/main/italia/toscana/sconosciuta/pages/asd_atletica_castello_43.8175_11.2285.json,custom
42.444617,9.511584,osm_le_monroe_42.4446_9.5116,Le Monroe,bar_cafe,bar_cafe,https://raw.githubusercontent.com/pasqualelembo78/huntix-poi/main/italia/toscana/sconosciuta/pages/le_monroe_42.4446_9.5116.json,custom
43.123633,12.054454,osm_pescatore_cafe_praia_43.1236_12.0545,Pescatore Cafe Praia,bar_cafe,bar_cafe,https://raw.githubusercontent.com/pasqualelembo78/huntix-poi/main/italia/toscana/sconosciuta/pages/pescatore_cafe_praia_43.1236_12.0545.json,custom
42.096802,11.789755,osm_milk_and_caffe_bar_42.0968_11.7898,Milk and caffe bar,bar_cafe,bar_cafe,https://raw.githubusercontent.com/pasqualelembo78/huntix-poi/main/italia/toscana/sconosciuta/pages/milk_and_caffe_bar_42.0968_11.7898.json,custom
43.966299,10.410851,osm_negozio_alimentari_43.9663_10.4109,negozio alimentari,bar_cafe,bar_cafe,https://raw.githubusercontent.com/pasqualelembo78/huntix-poi/main/italia/toscana/sconosciuta/pages/negozio_alimentari_43.9663_10.4109.json,custom
43.097641,12.365997,osm_bar_circolo_arci_madonna_alta_43.0976_12.3660,Bar Circolo ARCI Madonna Alta,bar_cafe,bar_cafe,https://raw.githubusercontent.com/pasqualelembo78/huntix-poi/main/italia/toscana/sconosciuta/pages/bar_circolo_arci_madonna_alta_43.0976_12.3660.json,custom
42.249972,11.756496,osm_chalet_europa_42.2500_11.7565,Chalet Europa,bar_cafe,bar_cafe,https://raw.githubusercontent.com/pasqualelembo78/huntix-poi/main/italia/toscana/sconosciuta/pages/chalet_europa_42.2500_11.7565.json,custom
42.621717,12.254014,osm_caff__dell_oasi_42.6217_12.2540,Caffè dell'oasi,bar_cafe,bar_cafe,https://raw.githubusercontent.com/pasqualelembo78/huntix-poi/main/italia/toscana/sconosciuta/pages/caff_delloasi_42.6217_12.2540.json,custom
43.695116,10.706773,osm_mirio_e_giusy_bar_43.6951_10.7068,Mirio e Giusy Bar,bar_cafe,bar_cafe,https://raw.githubusercontent.com/pasqualelembo78/huntix-poi/main/italia/toscana/sconosciuta/pages/mirio_e_giusy_bar_43.6951_10.7068.json,custom
42.137188,12.492609,osm_bar_gran_sasso_42.1372_12.4926,Bar Gran Sasso,bar_cafe,bar_cafe,https://raw.githubusercontent.com/pasqualelembo78/huntix-poi/main/italia/toscana/sconosciuta/pages/bar_gran_sasso_42.1372_12.4926.json,custom
43.769569,11.102301,osm_dom__e_margot_43.7696_11.1023,Domì e Margot,bar_cafe,bar_cafe,https://raw.githubusercontent.com/pasqualelembo78/huntix-poi/main/italia/toscana/sconosciuta/pages/dom_e_margot_43.7696_11.1023.json,custom
42.953500,12.005282,osm_marconi_cafe_42.9535_12.0053,Marconi Cafe,bar_cafe,bar_cafe,https://raw.githubusercontent.com/pasqualelembo78/huntix-poi/main/italia/toscana/sconosciuta/pages/marconi_cafe_42.9535_12.0053.json,custom
42.921088,10.755667,osm_pagni_ice_caff__42.9211_10.7557,Pagni Ice Caffè,bar_cafe,bar_cafe,https://raw.githubusercontent.com/pasqualelembo78/huntix-poi/main/italia/toscana/sconosciuta/pages/pagni_ice_caff_42.9211_10.7557.json,custom
43.695999,10.806776,osm_casa_bonello_43.6960_10.8068,Casa bonello,bar_cafe,bar_cafe,https://raw.githubusercontent.com/pasqualelembo78/huntix-poi/main/italia/toscana/sconosciuta/pages/casa_bonello_43.6960_10.8068.json,custom
42.650906,11.037757,osm_ristoro_la_viola_42.6509_11.0378,Ristoro La Viola,bar_cafe,bar_cafe,https://raw.githubusercontent.com/pasqualelembo78/huntix-poi/main/italia/toscana/sconosciuta/pages/ristoro_la_viola_42.6509_11.0378.json,custom
42.996834,11.283035,osm_da_dante_42.9968_11.2830,da Dante,bar_cafe,bar_cafe,https://raw.githubusercontent.com/pasqualelembo78/huntix-poi/main/italia/toscana/sconosciuta/pages/da_dante_42.9968_11.2830.json,custom
43.861245,10.484747,osm_circolo_arci_s__alessio_43.8612_10.4847,Circolo ARCI S. Alessio,bar_cafe,bar_cafe,https://raw.githubusercontent.com/pasqualelembo78/huntix-poi/main/italia/toscana/sconosciuta/pages/circolo_arci_s_alessio_43.8612_10.4847.json,custom
43.231350,11.275583,osm_tiger_bar_43.2314_11.2756,Tiger bar,bar_cafe,bar_cafe,https://raw.githubusercontent.com/pasqualelembo78/huntix-poi/main/italia/toscana/sconosciuta/pages/tiger_bar_43.2314_11.2756.json,custom
43.153165,11.154251,osm_salendo_43.1532_11.1543,Salendo,bar_cafe,bar_cafe,https://raw.githubusercontent.com/pasqualelembo78/huntix-poi/main/italia/toscana/sconosciuta/pages/salendo_43.1532_11.1543.json,custom
43.152990,10.540737,osm_oasi_pool_bar_43.1530_10.5407,Oasi Pool Bar,bar_cafe,bar_cafe,https://raw.githubusercontent.com/pasqualelembo78/huntix-poi/main/italia/toscana/sconosciuta/pages/oasi_pool_bar_43.1530_10.5407.json,custom
42.546987,11.174892,osm_km__156_42.5470_11.1749,Km. 156,bar_cafe,bar_cafe,https://raw.githubusercontent.com/pasqualelembo78/huntix-poi/main/italia/toscana/sconosciuta/pages/km_156_42.5470_11.1749.json,custom
43.412978,11.159548,osm_beccastelle_bistrot_43.4130_11.1595,Beccastelle Bistrot,bar_cafe,bar_cafe,https://raw.githubusercontent.com/pasqualelembo78/huntix-poi/main/italia/toscana/sconosciuta/pages/beccastelle_bistrot_43.4130_11.1595.json,custom
43.941935,10.475808,osm_bar_pizzeria_la_celetra_43.9419_10.4758,Bar Pizzeria La Celetra,bar_cafe,bar_cafe,https://raw.githubusercontent.com/pasqualelembo78/huntix-poi/main/italia/toscana/sconosciuta/pages/bar_pizzeria_la_celetra_43.9419_10.4758.json,custom
43.929474,12.444370,osm_bar_h_43.9295_12.4444,Bar H,bar_cafe,bar_cafe,https://raw.githubusercontent.com/pasqualelembo78/huntix-poi/main/italia/toscana/sconosciuta/pages/bar_h_43.9295_12.4444.json,custom
43.177765,10.544222,osm_il_pino_d_oro_43.1778_10.5442,Il Pino d'Oro,bar_cafe,bar_cafe,https://raw.githubusercontent.com/pasqualelembo78/huntix-poi/main/italia/toscana/sconosciuta/pages/il_pino_doro_43.1778_10.5442.json,custom
42.841926,10.779601,osm_bar_centrale_42.8419_10.7796,Bar Centrale,bar_cafe,bar_cafe,https://raw.githubusercontent.com/pasqualelembo78/huntix-poi/main/italia/toscana/sconosciuta/pages/bar_centrale_42.8419_10.7796.json,custom
43.722997,11.766949,osm_il_pratello_43.7230_11.7669,Il Pratello,bar_cafe,bar_cafe,https://raw.githubusercontent.com/pasqualelembo78/huntix-poi/main/italia/toscana/sconosciuta/pages/il_pratello_43.7230_11.7669.json,custom
43.639615,11.568894,osm_acli_43.6396_11.5689,ACLI,bar_cafe,bar_cafe,https://raw.githubusercontent.com/pasqualelembo78/huntix-poi/main/italia/toscana/sconosciuta/pages/acli_43.6396_11.5689.json,custom
42.648069,11.512707,osm_cascate_del_mulino_42.6481_11.5127,Cascate del Mulino,bar_cafe,bar_cafe,https://raw.githubusercontent.com/pasqualelembo78/huntix-poi/main/italia/toscana/sconosciuta/pages/cascate_del_mulino_42.6481_11.5127.json,custom
43.849151,10.506722,osm_bono_bao_43.8492_10.5067,Bono Bao,bar_cafe,bar_cafe,https://raw.githubusercontent.com/pasqualelembo78/huntix-poi/main/italia/toscana/sconosciuta/pages/bono_bao_43.8492_10.5067.json,custom
42.839432,12.413464,osm_circolo_mcl___ilci_42.8394_12.4135,Circolo MCL - Ilci,bar_cafe,bar_cafe,https://raw.githubusercontent.com/pasqualelembo78/huntix-poi/main/italia/toscana/sconosciuta/pages/circolo_mcl_-_ilci_42.8394_12.4135.json,custom
43.775926,11.187556,osm_overfit_43.7759_11.1876,Overfit,bar_cafe,bar_cafe,https://raw.githubusercontent.com/pasqualelembo78/huntix-poi/main/italia/toscana/sconosciuta/pages/overfit_43.7759_11.1876.json,custom
42.426581,12.095372,osm_pit_stop_42.4266_12.0954,Pit Stop,bar_cafe,bar_cafe,https://raw.githubusercontent.com/pasqualelembo78/huntix-poi/main/italia/toscana/sconosciuta/pages/pit_stop_42.4266_12.0954.json,custom
43.723897,10.392543,osm_bar_chalet_da_mario_43.7239_10.3925,Bar Chalet Da Mario,bar_cafe,bar_cafe,https://raw.githubusercontent.com/pasqualelembo78/huntix-poi/main/italia/toscana/sconosciuta/pages/bar_chalet_da_mario_43.7239_10.3925.json,custom
42.761792,10.879093,osm_il_faro_42.7618_10.8791,Il Faro,bar_cafe,bar_cafe,https://raw.githubusercontent.com/pasqualelembo78/huntix-poi/main/italia/toscana/sconosciuta/pages/il_faro_42.7618_10.8791.json,custom
43.039938,11.817740,osm_salone_sensoriale_43.0399_11.8177,Salone Sensoriale,bar_cafe,bar_cafe,https://raw.githubusercontent.com/pasqualelembo78/huntix-poi/main/italia/toscana/sconosciuta/pages/salone_sensoriale_43.0399_11.8177.json,custom
43.765818,11.269161,osm_la_habana_43.7658_11.2692,La Habana,bar_cafe,bar_cafe,https://raw.githubusercontent.com/pasqualelembo78/huntix-poi/main/italia/toscana/sconosciuta/pages/la_habana_43.7658_11.2692.json,custom
43.470627,11.286698,osm_circolo_bar_italia_43.4706_11.2867,Circolo Bar Italia,bar_cafe,bar_cafe,https://raw.githubusercontent.com/pasqualelembo78/huntix-poi/main/italia/toscana/sconosciuta/pages/circolo_bar_italia_43.4706_11.2867.json,custom
43.254300,11.634953,osm_panificio_menchetti_43.2543_11.6350,Panificio Menchetti,bar_cafe,bar_cafe,https://raw.githubusercontent.com/pasqualelembo78/huntix-poi/main/italia/toscana/sconosciuta/pages/panificio_menchetti_43.2543_11.6350.json,custom
43.731894,11.553216,osm_lo_chalet_della_vecchia_cantina_43.7319_11.5532,Lo Chalet Della vecchia cantina,bar_cafe,bar_cafe,https://raw.githubusercontent.com/pasqualelembo78/huntix-poi/main/italia/toscana/sconosciuta/pages/lo_chalet_della_vecchia_cantina_43.7319_11.5532.json,custom
42.752603,11.112007,osm_coffee_time_42.7526_11.1120,Coffee Time,bar_cafe,bar_cafe,https://raw.githubusercontent.com/pasqualelembo78/huntix-poi/main/italia/toscana/sconosciuta/pages/coffee_time_42.7526_11.1120.json,custom
42.773471,11.111203,osm_la_perla_nera_42.7735_11.1112,La Perla Nera,bar_cafe,bar_cafe,https://raw.githubusercontent.com/pasqualelembo78/huntix-poi/main/italia/toscana/sconosciuta/pages/la_perla_nera_42.7735_11.1112.json,custom
42.767504,11.106678,osm_bar_italico_42.7675_11.1067,Bar Italico,bar_cafe,bar_cafe,https://raw.githubusercontent.com/pasqualelembo78/huntix-poi/main/italia/toscana/sconosciuta/pages/bar_italico_42.7675_11.1067.json,custom
42.835968,10.774376,osm_bar_spiaggia_42.8360_10.7744,Bar Spiaggia,bar_cafe,bar_cafe,https://raw.githubusercontent.com/pasqualelembo78/huntix-poi/main/italia/toscana/sconosciuta/pages/bar_spiaggia_42.8360_10.7744.json,custom
42.958478,10.816226,osm_eni_caf____shop_42.9585_10.8162,eni cafè & shop,bar_cafe,bar_cafe,https://raw.githubusercontent.com/pasqualelembo78/huntix-poi/main/italia/toscana/sconosciuta/pages/eni_caf_shop_42.9585_10.8162.json,custom
43.852050,11.470047,osm_circolo_arci_acone_43.8521_11.4700,Circolo ARCI Acone,bar_cafe,bar_cafe,https://raw.githubusercontent.com/pasqualelembo78/huntix-poi/main/italia/toscana/sconosciuta/pages/circolo_arci_acone_43.8521_11.4700.json,custom
43.298989,11.309237,osm_cellini_caff__43.2990_11.3092,Cellini Caffè,bar_cafe,bar_cafe,https://raw.githubusercontent.com/pasqualelembo78/huntix-poi/main/italia/toscana/sconosciuta/pages/cellini_caff_43.2990_11.3092.json,custom
43.566944,12.120659,osm_menchetti_43.5669_12.1207,Menchetti,bar_cafe,bar_cafe,https://raw.githubusercontent.com/pasqualelembo78/huntix-poi/main/italia/toscana/sconosciuta/pages/menchetti_43.5669_12.1207.json,custom
43.822984,12.349628,osm_la_fontana_43.8230_12.3496,La Fontana,bar_cafe,bar_cafe,https://raw.githubusercontent.com/pasqualelembo78/huntix-poi/main/italia/toscana/sconosciuta/pages/la_fontana_43.8230_12.3496.json,custom
43.795185,12.337873,osm_chiosco_del_cippo_43.7952_12.3379,Chiosco del Cippo,bar_cafe,bar_cafe,https://raw.githubusercontent.com/pasqualelembo78/huntix-poi/main/italia/toscana/sconosciuta/pages/chiosco_del_cippo_43.7952_12.3379.json,custom
42.721234,12.106739,osm_igloo_42.7212_12.1067,Igloo,bar_cafe,bar_cafe,https://raw.githubusercontent.com/pasqualelembo78/huntix-poi/main/italia/toscana/sconosciuta/pages/igloo_42.7212_12.1067.json,custom
42.424929,11.468395,osm_tarots_cafe_42.4249_11.4684,Tarots Cafe,bar_cafe,bar_cafe,https://raw.githubusercontent.com/pasqualelembo78/huntix-poi/main/italia/toscana/sconosciuta/pages/tarots_cafe_42.4249_11.4684.json,custom
43.776398,11.248324,osm_vyta_santa_margherita_43.7764_11.2483,Vyta Santa Margherita,bar_cafe,bar_cafe,https://raw.githubusercontent.com/pasqualelembo78/huntix-poi/main/italia/toscana/sconosciuta/pages/vyta_santa_margherita_43.7764_11.2483.json,custom
43.776011,11.247541,osm_fratelli_cuore_43.7760_11.2475,Fratelli Cuore,bar_cafe,bar_cafe,https://raw.githubusercontent.com/pasqualelembo78/huntix-poi/main/italia/toscana/sconosciuta/pages/fratelli_cuore_43.7760_11.2475.json,custom
42.768370,10.393414,osm_caf__gio_42.7684_10.3934,Cafè Gio,bar_cafe,bar_cafe,https://raw.githubusercontent.com/pasqualelembo78/huntix-poi/main/italia/toscana/sconosciuta/pages/caf_gio_42.7684_10.3934.json,custom
42.599066,12.435601,osm_nucleo_giancarlo_42.5991_12.4356,Nucleo Giancarlo,bar_cafe,bar_cafe,https://raw.githubusercontent.com/pasqualelembo78/huntix-poi/main/italia/toscana/sconosciuta/pages/nucleo_giancarlo_42.5991_12.4356.json,custom
42.597998,12.438015,osm_spritz_caf__42.5980_12.4380,Spritz Cafè,bar_cafe,bar_cafe,https://raw.githubusercontent.com/pasqualelembo78/huntix-poi/main/italia/toscana/sconosciuta/pages/spritz_caf_42.5980_12.4380.json,custom
42.989946,10.503854,osm_la_baracchina_di_baratti_42.9899_10.5039,La Baracchina di Baratti,bar_cafe,bar_cafe,https://raw.githubusercontent.com/pasqualelembo78/huntix-poi/main/italia/toscana/sconosciuta/pages/la_baracchina_di_baratti_42.9899_10.5039.json,custom
43.886784,11.003353,osm_da_quelle_figliole_43.8868_11.0034,Da Quelle Figliole,bar_cafe,bar_cafe,https://raw.githubusercontent.com/pasqualelembo78/huntix-poi/main/italia/toscana/sconosciuta/pages/da_quelle_figliole_43.8868_11.0034.json,custom
43.248257,10.523309,osm_sun_set_bar_43.2483_10.5233,Sun Set Bar,bar_cafe,bar_cafe,https://raw.githubusercontent.com/pasqualelembo78/huntix-poi/main/italia/toscana/sconosciuta/pages/sun_set_bar_43.2483_10.5233.json,custom
42.439292,11.713954,osm_vasche_di_musignano_42.4393_11.7140,Vasche di Musignano,bar_cafe,bar_cafe,https://raw.githubusercontent.com/pasqualelembo78/huntix-poi/main/italia/toscana/sconosciuta/pages/vasche_di_musignano_42.4393_11.7140.json,custom
43.776858,11.248560,osm_mccaf__43.7769_11.2486,McCafé,bar_cafe,bar_cafe,https://raw.githubusercontent.com/pasqualelembo78/huntix-poi/main/italia/toscana/sconosciuta/pages/mccaf_43.7769_11.2486.json,custom
43.776209,11.248520,osm_don_nino_43.7762_11.2485,Don Nino,bar_cafe,bar_cafe,https://raw.githubusercontent.com/pasqualelembo78/huntix-poi/main/italia/toscana/sconosciuta/pages/don_nino_43.7762_11.2485.json,custom
42.727489,12.133664,osm_il_capanno_42.7275_12.1337,Il capanno,bar_cafe,bar_cafe,https://raw.githubusercontent.com/pasqualelembo78/huntix-poi/main/italia/toscana/sconosciuta/pages/il_capanno_42.7275_12.1337.json,custom
43.308041,11.428612,osm_sorgente_termale_43.3080_11.4286,Sorgente Termale,bar_cafe,bar_cafe,https://raw.githubusercontent.com/pasqualelembo78/huntix-poi/main/italia/toscana/sconosciuta/pages/sorgente_termale_43.3080_11.4286.json,custom
42.841406,10.775564,osm_beach_bar_42.8414_10.7756,Beach Bar,bar_cafe,bar_cafe,https://raw.githubusercontent.com/pasqualelembo78/huntix-poi/main/italia/toscana/sconosciuta/pages/beach_bar_42.8414_10.7756.json,custom
42.988687,11.870525,osm_bar_dei_giardini_42.9887_11.8705,Bar dei Giardini,bar_cafe,bar_cafe,https://raw.githubusercontent.com/pasqualelembo78/huntix-poi/main/italia/toscana/sconosciuta/pages/bar_dei_giardini_42.9887_11.8705.json,custom
42.658146,11.516735,osm_terme_di_saturnia_42.6581_11.5167,Terme di Saturnia,bar_cafe,bar_cafe,https://raw.githubusercontent.com/pasqualelembo78/huntix-poi/main/italia/toscana/sconosciuta/pages/terme_di_saturnia_42.6581_11.5167.json,custom
43.866535,10.831076,osm_grotta_giusti_terme_43.8665_10.8311,Grotta Giusti Terme,bar_cafe,bar_cafe,https://raw.githubusercontent.com/pasqualelembo78/huntix-poi/main/italia/toscana/sconosciuta/pages/grotta_giusti_terme_43.8665_10.8311.json,custom
43.634895,10.695576,osm_il_calessino_43.6349_10.6956,Il Calessino,bar_cafe,bar_cafe,https://raw.githubusercontent.com/pasqualelembo78/huntix-poi/main/italia/toscana/sconosciuta/pages/il_calessino_43.6349_10.6956.json,custom
43.230688,11.571420,osm_la_rumba_caf__43.2307_11.5714,La Rumba Cafè,bar_cafe,bar_cafe,https://raw.githubusercontent.com/pasqualelembo78/huntix-poi/main/italia/toscana/sconosciuta/pages/la_rumba_caf_43.2307_11.5714.json,custom
43.452385,11.051711,osm_casale_gregoriano_bar_43.4524_11.0517,Casale Gregoriano Bar,bar_cafe,bar_cafe,https://raw.githubusercontent.com/pasqualelembo78/huntix-poi/main/italia/toscana/sconosciuta/pages/casale_gregoriano_bar_43.4524_11.0517.json,custom
43.401510,10.861088,osm_cafe_etruria_43.4015_10.8611,Cafe Etruria,bar_cafe,bar_cafe,https://raw.githubusercontent.com/pasqualelembo78/huntix-poi/main/italia/toscana/sconosciuta/pages/cafe_etruria_43.4015_10.8611.json,custom
43.776357,11.247105,osm_tentazioni_caf__43.7764_11.2471,Tentazioni Cafè,bar_cafe,bar_cafe,https://raw.githubusercontent.com/pasqualelembo78/huntix-poi/main/italia/toscana/sconosciuta/pages/tentazioni_caf_43.7764_11.2471.json,custom
42.821016,10.768519,osm_piastrone_beachbar___sunset_42.8210_10.7685,Piastrone BeachBar & Sunset,bar_cafe,bar_cafe,https://raw.githubusercontent.com/pasqualelembo78/huntix-poi/main/italia/toscana/sconosciuta/pages/piastrone_beachbar_sunset_42.8210_10.7685.json,custom
42.560563,12.270214,osm_terme_di_ramici_42.5606_12.2702,Terme di Ramici,bar_cafe,bar_cafe,https://raw.githubusercontent.com/pasqualelembo78/huntix-poi/main/italia/toscana/sconosciuta/pages/terme_di_ramici_42.5606_12.2702.json,custom
43.802925,11.230377,osm_bar_simone_43.8029_11.2304,Bar Simone,bar_cafe,bar_cafe,https://raw.githubusercontent.com/pasqualelembo78/huntix-poi/main/italia/toscana/sconosciuta/pages/bar_simone_43.8029_11.2304.json,custom
43.826674,11.212488,osm_bar_atlantic_43.8267_11.2125,Bar Atlantic,bar_cafe,bar_cafe,https://raw.githubusercontent.com/pasqualelembo78/huntix-poi/main/italia/toscana/sconosciuta/pages/bar_atlantic_43.8267_11.2125.json,custom
43.776789,11.252736,osm_caff__del_mercato_43.7768_11.2527,Caffè del mercato,bar_cafe,bar_cafe,https://raw.githubusercontent.com/pasqualelembo78/huntix-poi/main/italia/toscana/sconosciuta/pages/caff_del_mercato_43.7768_11.2527.json,custom
43.776634,11.252763,osm_ditta_artigianale_torrefattori_firenze_2_43.7766_11.2528,Ditta artigianale torrefattori firenze 2013,bar_cafe,bar_cafe,https://raw.githubusercontent.com/pasqualelembo78/huntix-poi/main/italia/toscana/sconosciuta/pages/ditta_artigianale_torrefattori_firenze_2_43.7766_11.2528.json,custom
43.776750,11.253391,osm_bar_bellini_43.7767_11.2534,Bar Bellini,bar_cafe,bar_cafe,https://raw.githubusercontent.com/pasqualelembo78/huntix-poi/main/italia/toscana/sconosciuta/pages/bar_bellini_43.7767_11.2534.json,custom
43.793957,11.313678,osm_bar_parco_avventura_43.7940_11.3137,Bar parco avventura,bar_cafe,bar_cafe,https://raw.githubusercontent.com/pasqualelembo78/huntix-poi/main/italia/toscana/sconosciuta/pages/bar_parco_avventura_43.7940_11.3137.json,custom
43.093857,12.366073,osm_euro_bar_24h_43.0939_12.3661,Euro Bar 24h,bar_cafe,bar_cafe,https://raw.githubusercontent.com/pasqualelembo78/huntix-poi/main/italia/toscana/sconosciuta/pages/euro_bar_24h_43.0939_12.3661.json,custom
43.787461,11.261706,osm_love_43.7875_11.2617,love,bar_cafe,bar_cafe,https://raw.githubusercontent.com/pasqualelembo78/huntix-poi/main/italia/toscana/sconosciuta/pages/love_43.7875_11.2617.json,custom
43.776332,11.253091,osm_l_enoteca_sandro_soltani_caff__sant_ambr_43.7763_11.2531,L'enoteca Sandro Soltani Caffè Sant'Ambrogio,bar_cafe,bar_cafe,https://raw.githubusercontent.com/pasqualelembo78/huntix-poi/main/italia/toscana/sconosciuta/pages/lenoteca_sandro_soltani_caff_santambrogi_43.7763_11.2531.json,custom
43.776667,11.253145,osm_la_birreria_ditta_luigi_moretti_43.7767_11.2531,La Birreria Ditta Luigi Moretti,bar_cafe,bar_cafe,https://raw.githubusercontent.com/pasqualelembo78/huntix-poi/main/italia/toscana/sconosciuta/pages/la_birreria_ditta_luigi_moretti_43.7767_11.2531.json,custom
43.776527,11.253274,osm_il_bar_e_la_caffetteria_43.7765_11.2533,Il bar e la caffetteria,bar_cafe,bar_cafe,https://raw.githubusercontent.com/pasqualelembo78/huntix-poi/main/italia/toscana/sconosciuta/pages/il_bar_e_la_caffetteria_43.7765_11.2533.json,custom
