# lat,lng,id,name,building_type,type,url,page_type
# cagliari -- bars_cafes.csv
39.292210,9.090943,ov_il_birrificio_di_cagliari_39.2922_9.0909,Il Birrificio di Cagliari,RESTAURANT,bar_cafe,https://raw.githubusercontent.com/pasqualelembo78/huntix-poi/main/italia/sardegna/cagliari/pages/il_birrificio_di_cagliari_39.2922_9.0909.json,custom
39.258338,9.091015,ov_nerocarbone_pub_39.2583_9.0910,Nerocarbone Pub,RESTAURANT,bar_cafe,https://raw.githubusercontent.com/pasqualelembo78/huntix-poi/main/italia/sardegna/cagliari/pages/nerocarbone_pub_39.2583_9.0910.json,custom
39.242783,9.090534,ov_emgi_caffe_39.2428_9.0905,Emgi Caffe,RESTAURANT,bar_cafe,https://raw.githubusercontent.com/pasqualelembo78/huntix-poi/main/italia/sardegna/cagliari/pages/emgi_caffe_39.2428_9.0905.json,custom
39.242829,9.090483,ov_pit_stop_bar_caffetteria_panini_39.2428_9.0905,Pit Stop Bar Caffetteria Panini,RESTAURANT,bar_cafe,https://raw.githubusercontent.com/pasqualelembo78/huntix-poi/main/italia/sardegna/cagliari/pages/pit_stop_bar_caffetteria_panini_39.2428_9.0905.json,custom
39.242204,9.090409,ov_cash_cafe_39.2422_9.0904,Cash Cafe,RESTAURANT,bar_cafe,https://raw.githubusercontent.com/pasqualelembo78/huntix-poi/main/italia/sardegna/cagliari/pages/cash_cafe_39.2422_9.0904.json,custom
39.242860,9.094460,ov_esse_distribuzioni_cagliari_39.2429_9.0945,esse_distribuzioni_cagliari,RESTAURANT,bar_cafe,https://raw.githubusercontent.com/pasqualelembo78/huntix-poi/main/italia/sardegna/cagliari/pages/essedistribuzionicagliari_39.2429_9.0945.json,custom
39.241909,9.094448,ov_birra_scialandrone_39.2419_9.0944,Birra Scialandrone,RESTAURANT,bar_cafe,https://raw.githubusercontent.com/pasqualelembo78/huntix-poi/main/italia/sardegna/cagliari/pages/birra_scialandrone_39.2419_9.0944.json,custom
39.232167,9.091580,ov_la_piadineria_39.2322_9.0916,La Piadineria,RESTAURANT,bar_cafe,https://raw.githubusercontent.com/pasqualelembo78/huntix-poi/main/italia/sardegna/cagliari/pages/la_piadineria_39.2322_9.0916.json,custom
39.199820,9.138430,ov_cagliari_sardegna_39.1998_9.1384,Cagliari/Sardegna,RESTAURANT,bar_cafe,https://raw.githubusercontent.com/pasqualelembo78/huntix-poi/main/italia/sardegna/cagliari/pages/cagliarisardegna_39.1998_9.1384.json,custom
39.199056,9.139100,ov_old_style_89_39.1991_9.1391,Old Style 89,RESTAURANT,bar_cafe,https://raw.githubusercontent.com/pasqualelembo78/huntix-poi/main/italia/sardegna/cagliari/pages/old_style_89_39.1991_9.1391.json,custom
39.193173,9.139223,ov_marcus_bar_39.1932_9.1392,Marcus Bar,RESTAURANT,bar_cafe,https://raw.githubusercontent.com/pasqualelembo78/huntix-poi/main/italia/sardegna/cagliari/pages/marcus_bar_39.1932_9.1392.json,custom
39.190994,9.139467,ov_la_terrazza_del_lazzaretto_39.1910_9.1395,La Terrazza Del Lazzaretto,RESTAURANT,bar_cafe,https://raw.githubusercontent.com/pasqualelembo78/huntix-poi/main/italia/sardegna/cagliari/pages/la_terrazza_del_lazzaretto_39.1910_9.1395.json,custom
39.198950,9.148340,ov_new_music_bar_cagliari_39.1990_9.1483,New Music Bar Cagliari,RESTAURANT,bar_cafe,https://raw.githubusercontent.com/pasqualelembo78/huntix-poi/main/italia/sardegna/cagliari/pages/new_music_bar_cagliari_39.1990_9.1483.json,custom
39.197490,9.151573,ov_brinkhoff_s_39.1975_9.1516,Brinkhoff's,RESTAURANT,bar_cafe,https://raw.githubusercontent.com/pasqualelembo78/huntix-poi/main/italia/sardegna/cagliari/pages/brinkhoffs_39.1975_9.1516.json,custom
39.185651,9.153947,ov_le_terrazze_di_calamosca_39.1857_9.1539,Le Terrazze di Calamosca,RESTAURANT,bar_cafe,https://raw.githubusercontent.com/pasqualelembo78/huntix-poi/main/italia/sardegna/cagliari/pages/le_terrazze_di_calamosca_39.1857_9.1539.json,custom
39.193335,9.159805,ov_l_aurora_39.1933_9.1598,L'Aurora,RESTAURANT,bar_cafe,https://raw.githubusercontent.com/pasqualelembo78/huntix-poi/main/italia/sardegna/cagliari/pages/laurora_39.1933_9.1598.json,custom
39.181871,9.159207,ov_la_peillote_calamosca_39.1819_9.1592,La Peillote Calamosca,RESTAURANT,bar_cafe,https://raw.githubusercontent.com/pasqualelembo78/huntix-poi/main/italia/sardegna/cagliari/pages/la_peillote_calamosca_39.1819_9.1592.json,custom
39.194590,9.158300,ov_il_nilo_s_a_s__39.1946_9.1583,Il Nilo S.a.s.,RESTAURANT,bar_cafe,https://raw.githubusercontent.com/pasqualelembo78/huntix-poi/main/italia/sardegna/cagliari/pages/il_nilo_sas_39.1946_9.1583.json,custom
39.201207,9.161790,ov_reload_nightclub_cocktail_bar_cagliari_p_39.2012_9.1618,Reload Nightclub Cocktail bar Cagliari Poetto,RESTAURANT,bar_cafe,https://raw.githubusercontent.com/pasqualelembo78/huntix-poi/main/italia/sardegna/cagliari/pages/reload_nightclub_cocktail_bar_cagliari_p_39.2012_9.1618.json,custom
39.203818,9.163311,ov_oasi_cafe_39.2038_9.1633,Oasi Cafe,RESTAURANT,bar_cafe,https://raw.githubusercontent.com/pasqualelembo78/huntix-poi/main/italia/sardegna/cagliari/pages/oasi_cafe_39.2038_9.1633.json,custom
39.203255,9.162964,ov_malibu_poetto_39.2033_9.1630,Malibu Poetto,RESTAURANT,bar_cafe,https://raw.githubusercontent.com/pasqualelembo78/huntix-poi/main/italia/sardegna/cagliari/pages/malibu_poetto_39.2033_9.1630.json,custom
39.205618,9.164690,ov_lanterna_rossa_39.2056_9.1647,Lanterna Rossa,RESTAURANT,bar_cafe,https://raw.githubusercontent.com/pasqualelembo78/huntix-poi/main/italia/sardegna/cagliari/pages/lanterna_rossa_39.2056_9.1647.json,custom
39.206319,9.165458,ov_twist_beach_club_39.2063_9.1655,Twist Beach Club,RESTAURANT,bar_cafe,https://raw.githubusercontent.com/pasqualelembo78/huntix-poi/main/italia/sardegna/cagliari/pages/twist_beach_club_39.2063_9.1655.json,custom
39.207901,9.167124,ov_6_sesta_area_39.2079_9.1671,6 Sesta Area,RESTAURANT,bar_cafe,https://raw.githubusercontent.com/pasqualelembo78/huntix-poi/main/italia/sardegna/cagliari/pages/6_sesta_area_39.2079_9.1671.json,custom
39.209098,9.168660,ov_chiosco_il_nilo_39.2091_9.1687,Chiosco Il Nilo,RESTAURANT,bar_cafe,https://raw.githubusercontent.com/pasqualelembo78/huntix-poi/main/italia/sardegna/cagliari/pages/chiosco_il_nilo_39.2091_9.1687.json,custom
39.209519,9.169309,ov_calypso_beach_39.2095_9.1693,Calypso Beach,RESTAURANT,bar_cafe,https://raw.githubusercontent.com/pasqualelembo78/huntix-poi/main/italia/sardegna/cagliari/pages/calypso_beach_39.2095_9.1693.json,custom
39.210016,9.169849,ov_bar_corto_maltese_39.2100_9.1698,Bar Corto Maltese,RESTAURANT,bar_cafe,https://raw.githubusercontent.com/pasqualelembo78/huntix-poi/main/italia/sardegna/cagliari/pages/bar_corto_maltese_39.2100_9.1698.json,custom
39.212610,9.173372,ov_il_fico_d_india_39.2126_9.1734,Il Fico d'India,RESTAURANT,bar_cafe,https://raw.githubusercontent.com/pasqualelembo78/huntix-poi/main/italia/sardegna/cagliari/pages/il_fico_dindia_39.2126_9.1734.json,custom
39.213117,9.174282,ov_la_dolce_vita_39.2131_9.1743,La Dolce Vita,RESTAURANT,bar_cafe,https://raw.githubusercontent.com/pasqualelembo78/huntix-poi/main/italia/sardegna/cagliari/pages/la_dolce_vita_39.2131_9.1743.json,custom
39.200642,9.148616,ov_caffe_de_curtis_39.2006_9.1486,Caffe De Curtis,RESTAURANT,bar_cafe,https://raw.githubusercontent.com/pasqualelembo78/huntix-poi/main/italia/sardegna/cagliari/pages/caffe_de_curtis_39.2006_9.1486.json,custom
39.210368,9.141311,ov_kerkydes_snack_bar___pasti_veloci_39.2104_9.1413,Kerkydes Snack Bar - Pasti Veloci,RESTAURANT,bar_cafe,https://raw.githubusercontent.com/pasqualelembo78/huntix-poi/main/italia/sardegna/cagliari/pages/kerkydes_snack_bar_-_pasti_veloci_39.2104_9.1413.json,custom
39.210214,9.141357,ov_bar_caffetteria_kerkydes_39.2102_9.1414,Bar caffetteria Kerkydes,RESTAURANT,bar_cafe,https://raw.githubusercontent.com/pasqualelembo78/huntix-poi/main/italia/sardegna/cagliari/pages/bar_caffetteria_kerkydes_39.2102_9.1414.json,custom
39.205245,9.137014,ov_luna_caff__39.2052_9.1370,Luna Caffè,RESTAURANT,bar_cafe,https://raw.githubusercontent.com/pasqualelembo78/huntix-poi/main/italia/sardegna/cagliari/pages/luna_caff_39.2052_9.1370.json,custom
39.204671,9.136377,ov_plan_b_39.2047_9.1364,Plan b,RESTAURANT,bar_cafe,https://raw.githubusercontent.com/pasqualelembo78/huntix-poi/main/italia/sardegna/cagliari/pages/plan_b_39.2047_9.1364.json,custom
39.203787,9.136469,ov_caffe_etnico_39.2038_9.1365,Caffe Etnico,RESTAURANT,bar_cafe,https://raw.githubusercontent.com/pasqualelembo78/huntix-poi/main/italia/sardegna/cagliari/pages/caffe_etnico_39.2038_9.1365.json,custom
39.208309,9.136727,ov_simbar_caffe_39.2083_9.1367,Simbar Caffe,RESTAURANT,bar_cafe,https://raw.githubusercontent.com/pasqualelembo78/huntix-poi/main/italia/sardegna/cagliari/pages/simbar_caffe_39.2083_9.1367.json,custom
39.236784,9.142422,ov_doppio_malto_cagliari_39.2368_9.1424,Doppio Malto Cagliari,RESTAURANT,bar_cafe,https://raw.githubusercontent.com/pasqualelembo78/huntix-poi/main/italia/sardegna/cagliari/pages/doppio_malto_cagliari_39.2368_9.1424.json,custom
39.237550,9.143784,ov_birrificio_artigianale_chemu_39.2375_9.1438,Birrificio Artigianale Chemu,RESTAURANT,bar_cafe,https://raw.githubusercontent.com/pasqualelembo78/huntix-poi/main/italia/sardegna/cagliari/pages/birrificio_artigianale_chemu_39.2375_9.1438.json,custom
39.235907,9.139980,ov_lory_caf__39.2359_9.1400,Lory Cafè,RESTAURANT,bar_cafe,https://raw.githubusercontent.com/pasqualelembo78/huntix-poi/main/italia/sardegna/cagliari/pages/lory_caf_39.2359_9.1400.json,custom
39.234601,9.139188,ov_loyal_cagliari_39.2346_9.1392,Loyal Cagliari,RESTAURANT,bar_cafe,https://raw.githubusercontent.com/pasqualelembo78/huntix-poi/main/italia/sardegna/cagliari/pages/loyal_cagliari_39.2346_9.1392.json,custom
39.229595,9.134368,ov_bar_riva_del_sole_39.2296_9.1344,Bar Riva del Sole,RESTAURANT,bar_cafe,https://raw.githubusercontent.com/pasqualelembo78/huntix-poi/main/italia/sardegna/cagliari/pages/bar_riva_del_sole_39.2296_9.1344.json,custom
39.226670,9.132640,ov_preep_family_39.2267_9.1326,Preep Family,RESTAURANT,bar_cafe,https://raw.githubusercontent.com/pasqualelembo78/huntix-poi/main/italia/sardegna/cagliari/pages/preep_family_39.2267_9.1326.json,custom
39.226432,9.133772,ov_il_boomerang_caffe_e_snack_39.2264_9.1338,Il Boomerang Caffe e Snack,RESTAURANT,bar_cafe,https://raw.githubusercontent.com/pasqualelembo78/huntix-poi/main/italia/sardegna/cagliari/pages/il_boomerang_caffe_e_snack_39.2264_9.1338.json,custom
39.222759,9.134713,ov_break_time_39.2228_9.1347,Break Time,RESTAURANT,bar_cafe,https://raw.githubusercontent.com/pasqualelembo78/huntix-poi/main/italia/sardegna/cagliari/pages/break_time_39.2228_9.1347.json,custom
39.220439,9.130151,ov_lo_shaker_39.2204_9.1302,Lo Shaker,RESTAURANT,bar_cafe,https://raw.githubusercontent.com/pasqualelembo78/huntix-poi/main/italia/sardegna/cagliari/pages/lo_shaker_39.2204_9.1302.json,custom
39.220427,9.130128,ov_bar_caffetteria_pasti_veloci_39.2204_9.1301,Bar Caffetteria Pasti Veloci,RESTAURANT,bar_cafe,https://raw.githubusercontent.com/pasqualelembo78/huntix-poi/main/italia/sardegna/cagliari/pages/bar_caffetteria_pasti_veloci_39.2204_9.1301.json,custom
39.223089,9.130302,ov_caff__maya_39.2231_9.1303,Caffé Maya,RESTAURANT,bar_cafe,https://raw.githubusercontent.com/pasqualelembo78/huntix-poi/main/italia/sardegna/cagliari/pages/caff_maya_39.2231_9.1303.json,custom
39.228438,9.127811,ov_jobar_39.2284_9.1278,Jobar,RESTAURANT,bar_cafe,https://raw.githubusercontent.com/pasqualelembo78/huntix-poi/main/italia/sardegna/cagliari/pages/jobar_39.2284_9.1278.json,custom
39.228170,9.127596,ov_bar__il_buongiorno__di_sandro_laconi_39.2282_9.1276,Bar 'Il Buongiorno' di Sandro Laconi,RESTAURANT,bar_cafe,https://raw.githubusercontent.com/pasqualelembo78/huntix-poi/main/italia/sardegna/cagliari/pages/bar_il_buongiorno_di_sandro_laconi_39.2282_9.1276.json,custom
39.225013,9.128209,ov_morrisonclub_39.2250_9.1282,MorrisonClub,RESTAURANT,bar_cafe,https://raw.githubusercontent.com/pasqualelembo78/huntix-poi/main/italia/sardegna/cagliari/pages/morrisonclub_39.2250_9.1282.json,custom
39.224945,9.128971,ov_caffe_malibu_39.2249_9.1290,Caffe Malibu,RESTAURANT,bar_cafe,https://raw.githubusercontent.com/pasqualelembo78/huntix-poi/main/italia/sardegna/cagliari/pages/caffe_malibu_39.2249_9.1290.json,custom
39.224990,9.129050,ov_emerald_caf__39.2250_9.1290,Emerald Cafè,RESTAURANT,bar_cafe,https://raw.githubusercontent.com/pasqualelembo78/huntix-poi/main/italia/sardegna/cagliari/pages/emerald_caf_39.2250_9.1290.json,custom
39.224787,9.128964,ov_moon_light_39.2248_9.1290,MOON Light,RESTAURANT,bar_cafe,https://raw.githubusercontent.com/pasqualelembo78/huntix-poi/main/italia/sardegna/cagliari/pages/moon_light_39.2248_9.1290.json,custom
39.222670,9.128637,ov_caffe_margio_39.2227_9.1286,Caffe Margio,RESTAURANT,bar_cafe,https://raw.githubusercontent.com/pasqualelembo78/huntix-poi/main/italia/sardegna/cagliari/pages/caffe_margio_39.2227_9.1286.json,custom
39.222658,9.128616,ov_valentino_caffe_and_co__39.2227_9.1286,Valentino Caffe and Co.,RESTAURANT,bar_cafe,https://raw.githubusercontent.com/pasqualelembo78/huntix-poi/main/italia/sardegna/cagliari/pages/valentino_caffe_and_co_39.2227_9.1286.json,custom
39.220896,9.129742,ov_caffe_dell_angolo_39.2209_9.1297,Caffe Dell'Angolo,RESTAURANT,bar_cafe,https://raw.githubusercontent.com/pasqualelembo78/huntix-poi/main/italia/sardegna/cagliari/pages/caffe_dellangolo_39.2209_9.1297.json,custom
39.221950,9.128346,ov_alex_cafe_39.2220_9.1283,Alex Cafe,RESTAURANT,bar_cafe,https://raw.githubusercontent.com/pasqualelembo78/huntix-poi/main/italia/sardegna/cagliari/pages/alex_cafe_39.2220_9.1283.json,custom
39.223579,9.128227,ov_plus_caffe_san_benedetto_39.2236_9.1282,Plus Caffe San Benedetto,RESTAURANT,bar_cafe,https://raw.githubusercontent.com/pasqualelembo78/huntix-poi/main/italia/sardegna/cagliari/pages/plus_caffe_san_benedetto_39.2236_9.1282.json,custom
39.223886,9.126562,ov_pascoli_27_cafe_bistrot_39.2239_9.1266,Pascoli 27 Cafe Bistrot,RESTAURANT,bar_cafe,https://raw.githubusercontent.com/pasqualelembo78/huntix-poi/main/italia/sardegna/cagliari/pages/pascoli_27_cafe_bistrot_39.2239_9.1266.json,custom
39.223200,9.127012,ov_caffetteria_pasteur_39.2232_9.1270,Caffetteria Pasteur,RESTAURANT,bar_cafe,https://raw.githubusercontent.com/pasqualelembo78/huntix-poi/main/italia/sardegna/cagliari/pages/caffetteria_pasteur_39.2232_9.1270.json,custom
39.222119,9.126332,ov_liberty_cafe_39.2221_9.1263,Liberty Cafe,RESTAURANT,bar_cafe,https://raw.githubusercontent.com/pasqualelembo78/huntix-poi/main/italia/sardegna/cagliari/pages/liberty_cafe_39.2221_9.1263.json,custom
39.221599,9.125452,ov_riflessi_bar_39.2216_9.1255,Riflessi Bar,RESTAURANT,bar_cafe,https://raw.githubusercontent.com/pasqualelembo78/huntix-poi/main/italia/sardegna/cagliari/pages/riflessi_bar_39.2216_9.1255.json,custom
39.220267,9.125131,ov_feeling_cafe_39.2203_9.1251,Feeling Cafe,RESTAURANT,bar_cafe,https://raw.githubusercontent.com/pasqualelembo78/huntix-poi/main/italia/sardegna/cagliari/pages/feeling_cafe_39.2203_9.1251.json,custom
39.225414,9.125385,ov_borromini_caf__39.2254_9.1254,Borromini Cafè,RESTAURANT,bar_cafe,https://raw.githubusercontent.com/pasqualelembo78/huntix-poi/main/italia/sardegna/cagliari/pages/borromini_caf_39.2254_9.1254.json,custom
39.225756,9.125126,ov_siddhartha_bar_caff__39.2258_9.1251,Siddhartha Bar Caffè,RESTAURANT,bar_cafe,https://raw.githubusercontent.com/pasqualelembo78/huntix-poi/main/italia/sardegna/cagliari/pages/siddhartha_bar_caff_39.2258_9.1251.json,custom
39.226708,9.125425,ov_tizian_bar_39.2267_9.1254,Tizian Bar,RESTAURANT,bar_cafe,https://raw.githubusercontent.com/pasqualelembo78/huntix-poi/main/italia/sardegna/cagliari/pages/tizian_bar_39.2267_9.1254.json,custom
39.225179,9.127176,ov_mellino_pasticceria_caffetteria_39.2252_9.1272,Mellino pasticceria-caffetteria,RESTAURANT,bar_cafe,https://raw.githubusercontent.com/pasqualelembo78/huntix-poi/main/italia/sardegna/cagliari/pages/mellino_pasticceria-caffetteria_39.2252_9.1272.json,custom
39.225632,9.126819,ov_caff__michelangelo_39.2256_9.1268,Caffè Michelangelo,RESTAURANT,bar_cafe,https://raw.githubusercontent.com/pasqualelembo78/huntix-poi/main/italia/sardegna/cagliari/pages/caff_michelangelo_39.2256_9.1268.json,custom
39.227336,9.126806,ov_jungle_cafe_39.2273_9.1268,Jungle Cafe,RESTAURANT,bar_cafe,https://raw.githubusercontent.com/pasqualelembo78/huntix-poi/main/italia/sardegna/cagliari/pages/jungle_cafe_39.2273_9.1268.json,custom
39.227781,9.126919,ov_new_blu_moon_srls_39.2278_9.1269,New Blu Moon Srls,RESTAURANT,bar_cafe,https://raw.githubusercontent.com/pasqualelembo78/huntix-poi/main/italia/sardegna/cagliari/pages/new_blu_moon_srls_39.2278_9.1269.json,custom
39.231692,9.125965,ov_almond_caffe_39.2317_9.1260,Almond Caffe,RESTAURANT,bar_cafe,https://raw.githubusercontent.com/pasqualelembo78/huntix-poi/main/italia/sardegna/cagliari/pages/almond_caffe_39.2317_9.1260.json,custom
39.230401,9.123456,ov_red_rocks_cafe_39.2304_9.1235,Red Rocks Cafe,RESTAURANT,bar_cafe,https://raw.githubusercontent.com/pasqualelembo78/huntix-poi/main/italia/sardegna/cagliari/pages/red_rocks_cafe_39.2304_9.1235.json,custom
39.229695,9.122818,ov_pasticceria_bar_pizzeria_pilade_39.2297_9.1228,Pasticceria Bar Pizzeria Pilade,RESTAURANT,bar_cafe,https://raw.githubusercontent.com/pasqualelembo78/huntix-poi/main/italia/sardegna/cagliari/pages/pasticceria_bar_pizzeria_pilade_39.2297_9.1228.json,custom
39.233887,9.123066,ov_silver_caffe_39.2339_9.1231,Silver Caffe,RESTAURANT,bar_cafe,https://raw.githubusercontent.com/pasqualelembo78/huntix-poi/main/italia/sardegna/cagliari/pages/silver_caffe_39.2339_9.1231.json,custom
39.229748,9.121712,ov_bar_mario_39.2297_9.1217,Bar Mario,RESTAURANT,bar_cafe,https://raw.githubusercontent.com/pasqualelembo78/huntix-poi/main/italia/sardegna/cagliari/pages/bar_mario_39.2297_9.1217.json,custom
39.237111,9.114916,ov_molli_burger_39.2371_9.1149,Molli Burger,RESTAURANT,bar_cafe,https://raw.githubusercontent.com/pasqualelembo78/huntix-poi/main/italia/sardegna/cagliari/pages/molli_burger_39.2371_9.1149.json,custom
39.230327,9.114930,ov_bar_pasticceria_dolce_e_salato_39.2303_9.1149,Bar pasticceria Dolce e salato,RESTAURANT,bar_cafe,https://raw.githubusercontent.com/pasqualelembo78/huntix-poi/main/italia/sardegna/cagliari/pages/bar_pasticceria_dolce_e_salato_39.2303_9.1149.json,custom
39.229810,9.115658,ov_university_caf__39.2298_9.1157,University Café,RESTAURANT,bar_cafe,https://raw.githubusercontent.com/pasqualelembo78/huntix-poi/main/italia/sardegna/cagliari/pages/university_caf_39.2298_9.1157.json,custom
39.230208,9.116593,ov_alex_bar_39.2302_9.1166,Alex Bar,RESTAURANT,bar_cafe,https://raw.githubusercontent.com/pasqualelembo78/huntix-poi/main/italia/sardegna/cagliari/pages/alex_bar_39.2302_9.1166.json,custom
39.225365,9.119675,ov_next_level_esport_pub_39.2254_9.1197,Next Level Esport pub,RESTAURANT,bar_cafe,https://raw.githubusercontent.com/pasqualelembo78/huntix-poi/main/italia/sardegna/cagliari/pages/next_level_esport_pub_39.2254_9.1197.json,custom
39.225295,9.119164,ov_coffee_art_39.2253_9.1192,Coffee art,RESTAURANT,bar_cafe,https://raw.githubusercontent.com/pasqualelembo78/huntix-poi/main/italia/sardegna/cagliari/pages/coffee_art_39.2253_9.1192.json,custom
39.227017,9.118487,ov_albert_pub_39.2270_9.1185,Albert Pub,RESTAURANT,bar_cafe,https://raw.githubusercontent.com/pasqualelembo78/huntix-poi/main/italia/sardegna/cagliari/pages/albert_pub_39.2270_9.1185.json,custom
39.226983,9.118431,ov_the_wild_boar_39.2270_9.1184,The Wild Boar,RESTAURANT,bar_cafe,https://raw.githubusercontent.com/pasqualelembo78/huntix-poi/main/italia/sardegna/cagliari/pages/the_wild_boar_39.2270_9.1184.json,custom
39.229181,9.117537,ov_pausa_caff__39.2292_9.1175,Pausa Caffè,RESTAURANT,bar_cafe,https://raw.githubusercontent.com/pasqualelembo78/huntix-poi/main/italia/sardegna/cagliari/pages/pausa_caff_39.2292_9.1175.json,custom
39.223746,9.115236,ov_la_bellavista_di_lai_luisella___c__sas_s_39.2237_9.1152,La Bellavista di Lai Luisella & c. SAS Sigla Abbreviata La B,RESTAURANT,bar_cafe,https://raw.githubusercontent.com/pasqualelembo78/huntix-poi/main/italia/sardegna/cagliari/pages/la_bellavista_di_lai_luisella_c_sas_sigl_39.2237_9.1152.json,custom
39.220276,9.116891,ov_pablo_caffe_39.2203_9.1169,Pablo Caffe,RESTAURANT,bar_cafe,https://raw.githubusercontent.com/pasqualelembo78/huntix-poi/main/italia/sardegna/cagliari/pages/pablo_caffe_39.2203_9.1169.json,custom
39.220771,9.119384,ov_egp_service_39.2208_9.1194,EGP service,RESTAURANT,bar_cafe,https://raw.githubusercontent.com/pasqualelembo78/huntix-poi/main/italia/sardegna/cagliari/pages/egp_service_39.2208_9.1194.json,custom
39.220845,9.120808,ov_roxy_bar_39.2208_9.1208,Roxy Bar,RESTAURANT,bar_cafe,https://raw.githubusercontent.com/pasqualelembo78/huntix-poi/main/italia/sardegna/cagliari/pages/roxy_bar_39.2208_9.1208.json,custom
39.221073,9.121413,ov_il_cappuccino_di_paolo_melis_39.2211_9.1214,Il Cappuccino di Paolo Melis,RESTAURANT,bar_cafe,https://raw.githubusercontent.com/pasqualelembo78/huntix-poi/main/italia/sardegna/cagliari/pages/il_cappuccino_di_paolo_melis_39.2211_9.1214.json,custom
39.223838,9.119921,ov_matthew_s_bar_39.2238_9.1199,Matthew's Bar,RESTAURANT,bar_cafe,https://raw.githubusercontent.com/pasqualelembo78/huntix-poi/main/italia/sardegna/cagliari/pages/matthews_bar_39.2238_9.1199.json,custom
39.229538,9.120923,ov_new_bar_39.2295_9.1209,New Bar,RESTAURANT,bar_cafe,https://raw.githubusercontent.com/pasqualelembo78/huntix-poi/main/italia/sardegna/cagliari/pages/new_bar_39.2295_9.1209.json,custom
39.225153,9.123198,ov_caffetteria_le_prelibatezze_deidda_39.2252_9.1232,Caffetteria Le Prelibatezze Deidda,RESTAURANT,bar_cafe,https://raw.githubusercontent.com/pasqualelembo78/huntix-poi/main/italia/sardegna/cagliari/pages/caffetteria_le_prelibatezze_deidda_39.2252_9.1232.json,custom
39.228776,9.122466,ov_enoteca_e_sapori_39.2288_9.1225,Enoteca e Sapori,RESTAURANT,bar_cafe,https://raw.githubusercontent.com/pasqualelembo78/huntix-poi/main/italia/sardegna/cagliari/pages/enoteca_e_sapori_39.2288_9.1225.json,custom
39.228640,9.124554,ov_piccadilly_bar_39.2286_9.1246,Piccadilly Bar,RESTAURANT,bar_cafe,https://raw.githubusercontent.com/pasqualelembo78/huntix-poi/main/italia/sardegna/cagliari/pages/piccadilly_bar_39.2286_9.1246.json,custom
39.228687,9.124763,ov_bar_horsham_39.2287_9.1248,Bar Horsham,RESTAURANT,bar_cafe,https://raw.githubusercontent.com/pasqualelembo78/huntix-poi/main/italia/sardegna/cagliari/pages/bar_horsham_39.2287_9.1248.json,custom
39.223357,9.124230,ov_bumbo_caffe_39.2234_9.1242,Bumbo Caffe,RESTAURANT,bar_cafe,https://raw.githubusercontent.com/pasqualelembo78/huntix-poi/main/italia/sardegna/cagliari/pages/bumbo_caffe_39.2234_9.1242.json,custom
39.223960,9.123640,ov_enoteca_vitis_vinifera_39.2240_9.1236,Enoteca Vitis Vinifera,RESTAURANT,bar_cafe,https://raw.githubusercontent.com/pasqualelembo78/huntix-poi/main/italia/sardegna/cagliari/pages/enoteca_vitis_vinifera_39.2240_9.1236.json,custom
39.223504,9.122385,ov_bar_bonito_39.2235_9.1224,Bar Bonito,RESTAURANT,bar_cafe,https://raw.githubusercontent.com/pasqualelembo78/huntix-poi/main/italia/sardegna/cagliari/pages/bar_bonito_39.2235_9.1224.json,custom
39.223216,9.122467,ov_boxsette5_39.2232_9.1225,Boxsette5,RESTAURANT,bar_cafe,https://raw.githubusercontent.com/pasqualelembo78/huntix-poi/main/italia/sardegna/cagliari/pages/boxsette5_39.2232_9.1225.json,custom
39.221301,9.123085,ov_area_wines_39.2213_9.1231,Area Wines,RESTAURANT,bar_cafe,https://raw.githubusercontent.com/pasqualelembo78/huntix-poi/main/italia/sardegna/cagliari/pages/area_wines_39.2213_9.1231.json,custom
39.222005,9.122343,ov_poppy_s_di_angioni_franco_39.2220_9.1223,Poppy's Di Angioni Franco,RESTAURANT,bar_cafe,https://raw.githubusercontent.com/pasqualelembo78/huntix-poi/main/italia/sardegna/cagliari/pages/poppys_di_angioni_franco_39.2220_9.1223.json,custom
39.220496,9.122314,ov_gran_caffe_galileo_39.2205_9.1223,Gran Caffe Galileo,RESTAURANT,bar_cafe,https://raw.githubusercontent.com/pasqualelembo78/huntix-poi/main/italia/sardegna/cagliari/pages/gran_caffe_galileo_39.2205_9.1223.json,custom
39.220462,9.123201,ov_sezzir__39.2205_9.1232,Sezzirí,RESTAURANT,bar_cafe,https://raw.githubusercontent.com/pasqualelembo78/huntix-poi/main/italia/sardegna/cagliari/pages/sezzir_39.2205_9.1232.json,custom
39.220116,9.123570,ov_2_c__di_alessandra_cherchi_sas_39.2201_9.1236,2 C. di Alessandra Cherchi SAS,RESTAURANT,bar_cafe,https://raw.githubusercontent.com/pasqualelembo78/huntix-poi/main/italia/sardegna/cagliari/pages/2_c_di_alessandra_cherchi_sas_39.2201_9.1236.json,custom
39.221599,9.123562,ov_nam_cafe_39.2216_9.1236,Nam Cafe,RESTAURANT,bar_cafe,https://raw.githubusercontent.com/pasqualelembo78/huntix-poi/main/italia/sardegna/cagliari/pages/nam_cafe_39.2216_9.1236.json,custom
39.221126,9.124496,ov_nero_nero_39.2211_9.1245,Nero Nero,RESTAURANT,bar_cafe,https://raw.githubusercontent.com/pasqualelembo78/huntix-poi/main/italia/sardegna/cagliari/pages/nero_nero_39.2211_9.1245.json,custom
39.221061,9.124484,ov_piccolo_gatsby_39.2211_9.1245,Piccolo Gatsby,RESTAURANT,bar_cafe,https://raw.githubusercontent.com/pasqualelembo78/huntix-poi/main/italia/sardegna/cagliari/pages/piccolo_gatsby_39.2211_9.1245.json,custom
39.218546,9.124717,ov_la_svolta_bar_39.2185_9.1247,La Svolta Bar,RESTAURANT,bar_cafe,https://raw.githubusercontent.com/pasqualelembo78/huntix-poi/main/italia/sardegna/cagliari/pages/la_svolta_bar_39.2185_9.1247.json,custom
39.219484,9.122418,ov_vineria_il_cortile_dei_sogni_39.2195_9.1224,Vineria Il Cortile dei Sogni,RESTAURANT,bar_cafe,https://raw.githubusercontent.com/pasqualelembo78/huntix-poi/main/italia/sardegna/cagliari/pages/vineria_il_cortile_dei_sogni_39.2195_9.1224.json,custom
39.218796,9.122649,ov_sa_binuteca_39.2188_9.1226,Sa Binuteca,RESTAURANT,bar_cafe,https://raw.githubusercontent.com/pasqualelembo78/huntix-poi/main/italia/sardegna/cagliari/pages/sa_binuteca_39.2188_9.1226.json,custom
39.217506,9.123383,ov_creme_cafe_39.2175_9.1234,Creme Cafe,RESTAURANT,bar_cafe,https://raw.githubusercontent.com/pasqualelembo78/huntix-poi/main/italia/sardegna/cagliari/pages/creme_cafe_39.2175_9.1234.json,custom
39.216115,9.122981,ov_cafe_excelsior_39.2161_9.1230,Cafe Excelsior,RESTAURANT,bar_cafe,https://raw.githubusercontent.com/pasqualelembo78/huntix-poi/main/italia/sardegna/cagliari/pages/cafe_excelsior_39.2161_9.1230.json,custom
39.216267,9.123250,ov_blanco_caffe_39.2163_9.1232,Blanco Caffe,RESTAURANT,bar_cafe,https://raw.githubusercontent.com/pasqualelembo78/huntix-poi/main/italia/sardegna/cagliari/pages/blanco_caffe_39.2163_9.1232.json,custom
39.216374,9.124486,ov_caffe_agora_39.2164_9.1245,Caffe Agora,RESTAURANT,bar_cafe,https://raw.githubusercontent.com/pasqualelembo78/huntix-poi/main/italia/sardegna/cagliari/pages/caffe_agora_39.2164_9.1245.json,custom
39.217078,9.124774,ov_the_cork_irish_pub_39.2171_9.1248,The Cork Irish Pub,RESTAURANT,bar_cafe,https://raw.githubusercontent.com/pasqualelembo78/huntix-poi/main/italia/sardegna/cagliari/pages/the_cork_irish_pub_39.2171_9.1248.json,custom
39.213501,9.122837,ov_caffe_genovese_1838_39.2135_9.1228,Caffe Genovese 1838,RESTAURANT,bar_cafe,https://raw.githubusercontent.com/pasqualelembo78/huntix-poi/main/italia/sardegna/cagliari/pages/caffe_genovese_1838_39.2135_9.1228.json,custom
39.213520,9.121643,ov_maiori_39.2135_9.1216,Maiori,RESTAURANT,bar_cafe,https://raw.githubusercontent.com/pasqualelembo78/huntix-poi/main/italia/sardegna/cagliari/pages/maiori_39.2135_9.1216.json,custom
39.213678,9.121898,ov_american_bar_39.2137_9.1219,American Bar,RESTAURANT,bar_cafe,https://raw.githubusercontent.com/pasqualelembo78/huntix-poi/main/italia/sardegna/cagliari/pages/american_bar_39.2137_9.1219.json,custom
39.210470,9.121550,ov_anthigori_bar___restaurant_39.2105_9.1215,Anthigori Bar & Restaurant,RESTAURANT,bar_cafe,https://raw.githubusercontent.com/pasqualelembo78/huntix-poi/main/italia/sardegna/cagliari/pages/anthigori_bar_restaurant_39.2105_9.1215.json,custom
39.211873,9.120490,ov_simple___cocktail_bar_con_cucina_39.2119_9.1205,Simple - Cocktail Bar con Cucina,RESTAURANT,bar_cafe,https://raw.githubusercontent.com/pasqualelembo78/huntix-poi/main/italia/sardegna/cagliari/pages/simple_-_cocktail_bar_con_cucina_39.2119_9.1205.json,custom
39.210902,9.120233,ov_pasticceria_ignazio_cagliari_39.2109_9.1202,Pasticceria Ignazio Cagliari,RESTAURANT,bar_cafe,https://raw.githubusercontent.com/pasqualelembo78/huntix-poi/main/italia/sardegna/cagliari/pages/pasticceria_ignazio_cagliari_39.2109_9.1202.json,custom
39.210928,9.120092,ov_mangiovino_39.2109_9.1201,MangioVino,RESTAURANT,bar_cafe,https://raw.githubusercontent.com/pasqualelembo78/huntix-poi/main/italia/sardegna/cagliari/pages/mangiovino_39.2109_9.1201.json,custom
39.214117,9.120442,ov_caf__deja_vu_39.2141_9.1204,Café Deja Vu,RESTAURANT,bar_cafe,https://raw.githubusercontent.com/pasqualelembo78/huntix-poi/main/italia/sardegna/cagliari/pages/caf_deja_vu_39.2141_9.1204.json,custom
39.214113,9.120900,ov_millennium_39.2141_9.1209,Millennium,RESTAURANT,bar_cafe,https://raw.githubusercontent.com/pasqualelembo78/huntix-poi/main/italia/sardegna/cagliari/pages/millennium_39.2141_9.1209.json,custom
39.214698,9.120562,ov_exm__caf__39.2147_9.1206,Exmà Cafè,RESTAURANT,bar_cafe,https://raw.githubusercontent.com/pasqualelembo78/huntix-poi/main/italia/sardegna/cagliari/pages/exm_caf_39.2147_9.1206.json,custom
39.214220,9.119940,ov_movida_kafe__39.2142_9.1199,Movida Kafe',RESTAURANT,bar_cafe,https://raw.githubusercontent.com/pasqualelembo78/huntix-poi/main/italia/sardegna/cagliari/pages/movida_kafe_39.2142_9.1199.json,custom
39.215990,9.120660,ov_netwinpay_servizi___spedizioni_39.2160_9.1207,Netwinpay Servizi & Spedizioni,RESTAURANT,bar_cafe,https://raw.githubusercontent.com/pasqualelembo78/huntix-poi/main/italia/sardegna/cagliari/pages/netwinpay_servizi_spedizioni_39.2160_9.1207.json,custom
39.217477,9.121394,ov_sarduzzo_enoteca___co__39.2175_9.1214,Sarduzzo Enoteca & Co.,RESTAURANT,bar_cafe,https://raw.githubusercontent.com/pasqualelembo78/huntix-poi/main/italia/sardegna/cagliari/pages/sarduzzo_enoteca_co_39.2175_9.1214.json,custom
39.217012,9.121227,ov_vip_caf__di_umberto_vittorio_cuc__39.2170_9.1212,Vip Café di Umberto Vittorio Cucè,RESTAURANT,bar_cafe,https://raw.githubusercontent.com/pasqualelembo78/huntix-poi/main/italia/sardegna/cagliari/pages/vip_caf_di_umberto_vittorio_cuc_39.2170_9.1212.json,custom
39.218995,9.122090,ov_bar_floriana_39.2190_9.1221,Bar Floriana,RESTAURANT,bar_cafe,https://raw.githubusercontent.com/pasqualelembo78/huntix-poi/main/italia/sardegna/cagliari/pages/bar_floriana_39.2190_9.1221.json,custom
39.219604,9.121842,ov_jogia_cafe_39.2196_9.1218,Jogia Cafe,RESTAURANT,bar_cafe,https://raw.githubusercontent.com/pasqualelembo78/huntix-poi/main/italia/sardegna/cagliari/pages/jogia_cafe_39.2196_9.1218.json,custom
39.218840,9.121502,ov_dan_cocktail_bar_39.2188_9.1215,Dan cocktail bar,RESTAURANT,bar_cafe,https://raw.githubusercontent.com/pasqualelembo78/huntix-poi/main/italia/sardegna/cagliari/pages/dan_cocktail_bar_39.2188_9.1215.json,custom
39.218397,9.120637,ov_la_bon_bec_caf__39.2184_9.1206,La Bon Bec Cafè,RESTAURANT,bar_cafe,https://raw.githubusercontent.com/pasqualelembo78/huntix-poi/main/italia/sardegna/cagliari/pages/la_bon_bec_caf_39.2184_9.1206.json,custom
39.218172,9.120360,ov_veri_39.2182_9.1204,Veri,RESTAURANT,bar_cafe,https://raw.githubusercontent.com/pasqualelembo78/huntix-poi/main/italia/sardegna/cagliari/pages/veri_39.2182_9.1204.json,custom
39.217571,9.120180,ov_le_springo_tasting_room_39.2176_9.1202,Le Springo Tasting Room,RESTAURANT,bar_cafe,https://raw.githubusercontent.com/pasqualelembo78/huntix-poi/main/italia/sardegna/cagliari/pages/le_springo_tasting_room_39.2176_9.1202.json,custom
39.217926,9.118969,ov_cat_caf__di_chry_39.2179_9.1190,Cat Cafè di Chry,RESTAURANT,bar_cafe,https://raw.githubusercontent.com/pasqualelembo78/huntix-poi/main/italia/sardegna/cagliari/pages/cat_caf_di_chry_39.2179_9.1190.json,custom
39.217660,9.119170,ov_caff__romero_39.2177_9.1192,Caffè Romero,RESTAURANT,bar_cafe,https://raw.githubusercontent.com/pasqualelembo78/huntix-poi/main/italia/sardegna/cagliari/pages/caff_romero_39.2177_9.1192.json,custom
39.218507,9.119537,ov_bar_florio_39.2185_9.1195,Bar Florio,RESTAURANT,bar_cafe,https://raw.githubusercontent.com/pasqualelembo78/huntix-poi/main/italia/sardegna/cagliari/pages/bar_florio_39.2185_9.1195.json,custom
39.218422,9.119698,ov_mumbo_django_39.2184_9.1197,Mumbo Django,RESTAURANT,bar_cafe,https://raw.githubusercontent.com/pasqualelembo78/huntix-poi/main/italia/sardegna/cagliari/pages/mumbo_django_39.2184_9.1197.json,custom
39.217308,9.119742,ov_old_friend_cagliari_39.2173_9.1197,Old Friend Cagliari,RESTAURANT,bar_cafe,https://raw.githubusercontent.com/pasqualelembo78/huntix-poi/main/italia/sardegna/cagliari/pages/old_friend_cagliari_39.2173_9.1197.json,custom
39.217535,9.119371,ov_miraggio_39.2175_9.1194,Miraggio,RESTAURANT,bar_cafe,https://raw.githubusercontent.com/pasqualelembo78/huntix-poi/main/italia/sardegna/cagliari/pages/miraggio_39.2175_9.1194.json,custom
39.217093,9.119309,ov_poke_house___cagliari_39.2171_9.1193,Poke House - Cagliari,RESTAURANT,bar_cafe,https://raw.githubusercontent.com/pasqualelembo78/huntix-poi/main/italia/sardegna/cagliari/pages/poke_house_-_cagliari_39.2171_9.1193.json,custom
39.215954,9.119147,ov_black_market_coffee___shop_39.2160_9.1191,BLACK MARKET coffee & shop,RESTAURANT,bar_cafe,https://raw.githubusercontent.com/pasqualelembo78/huntix-poi/main/italia/sardegna/cagliari/pages/black_market_coffee_shop_39.2160_9.1191.json,custom
39.215972,9.118575,ov_lima_lima_caf__39.2160_9.1186,Lima-Lima cafè,RESTAURANT,bar_cafe,https://raw.githubusercontent.com/pasqualelembo78/huntix-poi/main/italia/sardegna/cagliari/pages/lima-lima_caf_39.2160_9.1186.json,custom
39.216934,9.119172,ov_sensus_bar_39.2169_9.1192,Sensus Bar,RESTAURANT,bar_cafe,https://raw.githubusercontent.com/pasqualelembo78/huntix-poi/main/italia/sardegna/cagliari/pages/sensus_bar_39.2169_9.1192.json,custom
39.217196,9.118205,ov_le_streghe_39.2172_9.1182,Le Streghe,RESTAURANT,bar_cafe,https://raw.githubusercontent.com/pasqualelembo78/huntix-poi/main/italia/sardegna/cagliari/pages/le_streghe_39.2172_9.1182.json,custom
39.217155,9.118262,ov_yaqqu_bar_di_quartiere_39.2172_9.1183,Yaqqu Bar di Quartiere,RESTAURANT,bar_cafe,https://raw.githubusercontent.com/pasqualelembo78/huntix-poi/main/italia/sardegna/cagliari/pages/yaqqu_bar_di_quartiere_39.2172_9.1183.json,custom
39.217130,9.118245,ov_feel_39.2171_9.1182,Feel,RESTAURANT,bar_cafe,https://raw.githubusercontent.com/pasqualelembo78/huntix-poi/main/italia/sardegna/cagliari/pages/feel_39.2171_9.1182.json,custom
39.216995,9.118247,ov_le_segrete_39.2170_9.1182,Le Segrete,RESTAURANT,bar_cafe,https://raw.githubusercontent.com/pasqualelembo78/huntix-poi/main/italia/sardegna/cagliari/pages/le_segrete_39.2170_9.1182.json,custom
39.216343,9.118415,ov_le_zitelle_vineria_39.2163_9.1184,Le Zitelle Vineria,RESTAURANT,bar_cafe,https://raw.githubusercontent.com/pasqualelembo78/huntix-poi/main/italia/sardegna/cagliari/pages/le_zitelle_vineria_39.2163_9.1184.json,custom
39.216320,9.118540,ov_cafe_racer_cagliari_39.2163_9.1185,Cafe Racer Cagliari,RESTAURANT,bar_cafe,https://raw.githubusercontent.com/pasqualelembo78/huntix-poi/main/italia/sardegna/cagliari/pages/cafe_racer_cagliari_39.2163_9.1185.json,custom
39.216244,9.118406,ov_il_ducato_39.2162_9.1184,IL Ducato,RESTAURANT,bar_cafe,https://raw.githubusercontent.com/pasqualelembo78/huntix-poi/main/italia/sardegna/cagliari/pages/il_ducato_39.2162_9.1184.json,custom
39.215878,9.118293,ov_al_magazzino_39.2159_9.1183,Al Magazzino,RESTAURANT,bar_cafe,https://raw.githubusercontent.com/pasqualelembo78/huntix-poi/main/italia/sardegna/cagliari/pages/al_magazzino_39.2159_9.1183.json,custom
39.215159,9.118425,ov_la_tana_del_luppolo_39.2152_9.1184,La tana del luppolo,RESTAURANT,bar_cafe,https://raw.githubusercontent.com/pasqualelembo78/huntix-poi/main/italia/sardegna/cagliari/pages/la_tana_del_luppolo_39.2152_9.1184.json,custom
39.215218,9.118373,ov_the_heartwood_restauri_lignei_di_luca_po_39.2152_9.1184,The Heartwood restauri lignei di luca porcheddu,RESTAURANT,bar_cafe,https://raw.githubusercontent.com/pasqualelembo78/huntix-poi/main/italia/sardegna/cagliari/pages/the_heartwood_restauri_lignei_di_luca_po_39.2152_9.1184.json,custom
39.217210,9.117867,ov_american_bar_biffi_39.2172_9.1179,American Bar Biffi,RESTAURANT,bar_cafe,https://raw.githubusercontent.com/pasqualelembo78/huntix-poi/main/italia/sardegna/cagliari/pages/american_bar_biffi_39.2172_9.1179.json,custom
39.219655,9.118554,ov_perla_de_janas_39.2197_9.1186,Perla de Janas,RESTAURANT,bar_cafe,https://raw.githubusercontent.com/pasqualelembo78/huntix-poi/main/italia/sardegna/cagliari/pages/perla_de_janas_39.2197_9.1186.json,custom
39.218906,9.116133,ov_minnie_the_moocher_1930_speakeasy_club_39.2189_9.1161,Minnie the Moocher 1930 Speakeasy Club,RESTAURANT,bar_cafe,https://raw.githubusercontent.com/pasqualelembo78/huntix-poi/main/italia/sardegna/cagliari/pages/minnie_the_moocher_1930_speakeasy_club_39.2189_9.1161.json,custom
39.218828,9.116168,ov_caf__plazuela_39.2188_9.1162,Café Plazuela,RESTAURANT,bar_cafe,https://raw.githubusercontent.com/pasqualelembo78/huntix-poi/main/italia/sardegna/cagliari/pages/caf_plazuela_39.2188_9.1162.json,custom
39.218334,9.115055,ov_american_bar_gemini_39.2183_9.1151,American Bar Gemini,RESTAURANT,bar_cafe,https://raw.githubusercontent.com/pasqualelembo78/huntix-poi/main/italia/sardegna/cagliari/pages/american_bar_gemini_39.2183_9.1151.json,custom
39.218145,9.115138,ov_nect_food_cocktails_39.2181_9.1151,Nect Food&Cocktails,RESTAURANT,bar_cafe,https://raw.githubusercontent.com/pasqualelembo78/huntix-poi/main/italia/sardegna/cagliari/pages/nect_foodcocktails_39.2181_9.1151.json,custom
39.216669,9.116036,ov_caffe_de_candia_39.2167_9.1160,Caffe De Candia,RESTAURANT,bar_cafe,https://raw.githubusercontent.com/pasqualelembo78/huntix-poi/main/italia/sardegna/cagliari/pages/caffe_de_candia_39.2167_9.1160.json,custom
39.216135,9.115413,ov_la_piccola_caffetteria_39.2161_9.1154,La Piccola Caffetteria,RESTAURANT,bar_cafe,https://raw.githubusercontent.com/pasqualelembo78/huntix-poi/main/italia/sardegna/cagliari/pages/la_piccola_caffetteria_39.2161_9.1154.json,custom
39.215800,9.114958,ov_vicious_bar_39.2158_9.1150,Vicious Bar,RESTAURANT,bar_cafe,https://raw.githubusercontent.com/pasqualelembo78/huntix-poi/main/italia/sardegna/cagliari/pages/vicious_bar_39.2158_9.1150.json,custom
39.215140,9.115467,ov_lello_castello_39.2151_9.1155,Lello Castello,RESTAURANT,bar_cafe,https://raw.githubusercontent.com/pasqualelembo78/huntix-poi/main/italia/sardegna/cagliari/pages/lello_castello_39.2151_9.1155.json,custom
39.215188,9.115494,ov_baracca_rossa_39.2152_9.1155,Baracca Rossa,RESTAURANT,bar_cafe,https://raw.githubusercontent.com/pasqualelembo78/huntix-poi/main/italia/sardegna/cagliari/pages/baracca_rossa_39.2152_9.1155.json,custom
39.215858,9.115698,ov_il_caffe_letterario_39.2159_9.1157,Il Caffe Letterario,RESTAURANT,bar_cafe,https://raw.githubusercontent.com/pasqualelembo78/huntix-poi/main/italia/sardegna/cagliari/pages/il_caffe_letterario_39.2159_9.1157.json,custom
39.215187,9.116200,ov_la_mole_39.2152_9.1162,La Mole,RESTAURANT,bar_cafe,https://raw.githubusercontent.com/pasqualelembo78/huntix-poi/main/italia/sardegna/cagliari/pages/la_mole_39.2152_9.1162.json,custom
39.215230,9.116210,ov_rainbow_city_cagliari_39.2152_9.1162,Rainbow City Cagliari,RESTAURANT,bar_cafe,https://raw.githubusercontent.com/pasqualelembo78/huntix-poi/main/italia/sardegna/cagliari/pages/rainbow_city_cagliari_39.2152_9.1162.json,custom
39.215327,9.116316,ov_lounge_bar_risto__la_piazzetta_39.2153_9.1163,Lounge Bar/risto' La Piazzetta,RESTAURANT,bar_cafe,https://raw.githubusercontent.com/pasqualelembo78/huntix-poi/main/italia/sardegna/cagliari/pages/lounge_barristo_la_piazzetta_39.2153_9.1163.json,custom
39.215600,9.116518,ov_cafe_san_remy_39.2156_9.1165,Cafe San Remy,RESTAURANT,bar_cafe,https://raw.githubusercontent.com/pasqualelembo78/huntix-poi/main/italia/sardegna/cagliari/pages/cafe_san_remy_39.2156_9.1165.json,custom
39.216218,9.116654,ov_la_passeggiata_coperta_39.2162_9.1167,La Passeggiata Coperta,RESTAURANT,bar_cafe,https://raw.githubusercontent.com/pasqualelembo78/huntix-poi/main/italia/sardegna/cagliari/pages/la_passeggiata_coperta_39.2162_9.1167.json,custom
39.215752,9.117070,ov_antico_caffe_39.2158_9.1171,Antico Caffe,RESTAURANT,bar_cafe,https://raw.githubusercontent.com/pasqualelembo78/huntix-poi/main/italia/sardegna/cagliari/pages/antico_caffe_39.2158_9.1171.json,custom
39.215348,9.117239,ov_caffetteria_la_suerte_lounge_cafe_39.2153_9.1172,Caffetteria la suerte lounge cafe,RESTAURANT,bar_cafe,https://raw.githubusercontent.com/pasqualelembo78/huntix-poi/main/italia/sardegna/cagliari/pages/caffetteria_la_suerte_lounge_cafe_39.2153_9.1172.json,custom
39.215031,9.117019,ov_la_toasterja_39.2150_9.1170,La Toasterja,RESTAURANT,bar_cafe,https://raw.githubusercontent.com/pasqualelembo78/huntix-poi/main/italia/sardegna/cagliari/pages/la_toasterja_39.2150_9.1170.json,custom
39.213879,9.116650,ov_bar_nuova_firenze_39.2139_9.1167,Bar Nuova Firenze,RESTAURANT,bar_cafe,https://raw.githubusercontent.com/pasqualelembo78/huntix-poi/main/italia/sardegna/cagliari/pages/bar_nuova_firenze_39.2139_9.1167.json,custom
39.214680,9.114869,ov_moka_downs_caffe_39.2147_9.1149,Moka Downs Caffe,RESTAURANT,bar_cafe,https://raw.githubusercontent.com/pasqualelembo78/huntix-poi/main/italia/sardegna/cagliari/pages/moka_downs_caffe_39.2147_9.1149.json,custom
39.212860,9.115450,ov_new_angel_s_bar_39.2129_9.1154,New Angel's Bar,RESTAURANT,bar_cafe,https://raw.githubusercontent.com/pasqualelembo78/huntix-poi/main/italia/sardegna/cagliari/pages/new_angels_bar_39.2129_9.1154.json,custom
39.212595,9.115362,ov_lithium_cafe_39.2126_9.1154,Lithium Cafe,RESTAURANT,bar_cafe,https://raw.githubusercontent.com/pasqualelembo78/huntix-poi/main/italia/sardegna/cagliari/pages/lithium_cafe_39.2126_9.1154.json,custom
39.212586,9.115201,ov_reale_caffetteria_39.2126_9.1152,Reale Caffetteria,RESTAURANT,bar_cafe,https://raw.githubusercontent.com/pasqualelembo78/huntix-poi/main/italia/sardegna/cagliari/pages/reale_caffetteria_39.2126_9.1152.json,custom
39.210910,9.116444,ov_avventura_caff__39.2109_9.1164,Avventura caffè,RESTAURANT,bar_cafe,https://raw.githubusercontent.com/pasqualelembo78/huntix-poi/main/italia/sardegna/cagliari/pages/avventura_caff_39.2109_9.1164.json,custom
39.210956,9.116851,ov_il_bar_sotto_il_mare_39.2110_9.1169,Il Bar sotto il Mare,RESTAURANT,bar_cafe,https://raw.githubusercontent.com/pasqualelembo78/huntix-poi/main/italia/sardegna/cagliari/pages/il_bar_sotto_il_mare_39.2110_9.1169.json,custom
39.211300,9.117650,ov_cronta_enoteca_wine_bar_39.2113_9.1177,Cronta Enoteca Wine Bar,RESTAURANT,bar_cafe,https://raw.githubusercontent.com/pasqualelembo78/huntix-poi/main/italia/sardegna/cagliari/pages/cronta_enoteca_wine_bar_39.2113_9.1177.json,custom
39.214652,9.117475,ov_off_bar_popolare_39.2147_9.1175,OFF bar popolare,RESTAURANT,bar_cafe,https://raw.githubusercontent.com/pasqualelembo78/huntix-poi/main/italia/sardegna/cagliari/pages/off_bar_popolare_39.2147_9.1175.json,custom
39.214668,9.117734,ov_random___numa_club_39.2147_9.1177,Random - Numa Club,RESTAURANT,bar_cafe,https://raw.githubusercontent.com/pasqualelembo78/huntix-poi/main/italia/sardegna/cagliari/pages/random_-_numa_club_39.2147_9.1177.json,custom
39.214530,9.118363,ov_be_mug_ceramic_cafe_39.2145_9.1184,Be Mug Ceramic Cafe,RESTAURANT,bar_cafe,https://raw.githubusercontent.com/pasqualelembo78/huntix-poi/main/italia/sardegna/cagliari/pages/be_mug_ceramic_cafe_39.2145_9.1184.json,custom
39.212819,9.118253,ov_caffe_graffina_39.2128_9.1183,Caffe Graffina,RESTAURANT,bar_cafe,https://raw.githubusercontent.com/pasqualelembo78/huntix-poi/main/italia/sardegna/cagliari/pages/caffe_graffina_39.2128_9.1183.json,custom
39.213141,9.118763,ov_chic_53_39.2131_9.1188,CHIC 53,RESTAURANT,bar_cafe,https://raw.githubusercontent.com/pasqualelembo78/huntix-poi/main/italia/sardegna/cagliari/pages/chic_53_39.2131_9.1188.json,custom
39.212220,9.118756,ov_lendys_bar_di_lai_mario_angelo_39.2122_9.1188,Lendys Bar di Lai Mario Angelo,RESTAURANT,bar_cafe,https://raw.githubusercontent.com/pasqualelembo78/huntix-poi/main/italia/sardegna/cagliari/pages/lendys_bar_di_lai_mario_angelo_39.2122_9.1188.json,custom
39.211481,9.118838,ov_1_pi__1_39.2115_9.1188,1 più 1,RESTAURANT,bar_cafe,https://raw.githubusercontent.com/pasqualelembo78/huntix-poi/main/italia/sardegna/cagliari/pages/1_pi_1_39.2115_9.1188.json,custom
39.211049,9.119772,ov_beautiful_bar_39.2110_9.1198,Beautiful Bar,RESTAURANT,bar_cafe,https://raw.githubusercontent.com/pasqualelembo78/huntix-poi/main/italia/sardegna/cagliari/pages/beautiful_bar_39.2110_9.1198.json,custom
39.209741,9.117234,ov_circolo_sottufficiali_m_m__cagliari_39.2097_9.1172,Circolo Sottufficiali M.M. Cagliari,RESTAURANT,bar_cafe,https://raw.githubusercontent.com/pasqualelembo78/huntix-poi/main/italia/sardegna/cagliari/pages/circolo_sottufficiali_mm_cagliari_39.2097_9.1172.json,custom
39.208012,9.126258,ov_caf__de_buena_aria_39.2080_9.1263,Cafè de Buena Aria,RESTAURANT,bar_cafe,https://raw.githubusercontent.com/pasqualelembo78/huntix-poi/main/italia/sardegna/cagliari/pages/caf_de_buena_aria_39.2080_9.1263.json,custom
39.215398,9.125754,ov_roger_bar_39.2154_9.1258,ROGER Bar,RESTAURANT,bar_cafe,https://raw.githubusercontent.com/pasqualelembo78/huntix-poi/main/italia/sardegna/cagliari/pages/roger_bar_39.2154_9.1258.json,custom
39.215517,9.125813,ov_matta_bar_pasticceria_tabacchi_39.2155_9.1258,Matta Bar Pasticceria Tabacchi,RESTAURANT,bar_cafe,https://raw.githubusercontent.com/pasqualelembo78/huntix-poi/main/italia/sardegna/cagliari/pages/matta_bar_pasticceria_tabacchi_39.2155_9.1258.json,custom
39.216019,9.125745,ov_bar_martina_39.2160_9.1257,Bar Martina,RESTAURANT,bar_cafe,https://raw.githubusercontent.com/pasqualelembo78/huntix-poi/main/italia/sardegna/cagliari/pages/bar_martina_39.2160_9.1257.json,custom
39.216165,9.125468,ov_alice_pasticceria_caffetteria_39.2162_9.1255,Alice Pasticceria caffetteria,RESTAURANT,bar_cafe,https://raw.githubusercontent.com/pasqualelembo78/huntix-poi/main/italia/sardegna/cagliari/pages/alice_pasticceria_caffetteria_39.2162_9.1255.json,custom
39.217898,9.125069,ov_golden_cocktail_cagliari_39.2179_9.1251,Golden Cocktail Cagliari,RESTAURANT,bar_cafe,https://raw.githubusercontent.com/pasqualelembo78/huntix-poi/main/italia/sardegna/cagliari/pages/golden_cocktail_cagliari_39.2179_9.1251.json,custom
39.219912,9.126696,ov_reload_live_39.2199_9.1267,Reload.Live,RESTAURANT,bar_cafe,https://raw.githubusercontent.com/pasqualelembo78/huntix-poi/main/italia/sardegna/cagliari/pages/reloadlive_39.2199_9.1267.json,custom
39.217365,9.126350,ov_genesa_bistrot_39.2174_9.1264,Genesa Bistrot,RESTAURANT,bar_cafe,https://raw.githubusercontent.com/pasqualelembo78/huntix-poi/main/italia/sardegna/cagliari/pages/genesa_bistrot_39.2174_9.1264.json,custom
39.217306,9.126307,ov_caffetteria_il_salottino_39.2173_9.1263,Caffetteria Il Salottino,RESTAURANT,bar_cafe,https://raw.githubusercontent.com/pasqualelembo78/huntix-poi/main/italia/sardegna/cagliari/pages/caffetteria_il_salottino_39.2173_9.1263.json,custom
39.215581,9.126392,ov_1901_caf__restaurant_39.2156_9.1264,1901 Café&Restaurant,RESTAURANT,bar_cafe,https://raw.githubusercontent.com/pasqualelembo78/huntix-poi/main/italia/sardegna/cagliari/pages/1901_cafrestaurant_39.2156_9.1264.json,custom
39.215347,9.126650,ov_il_pancaffe_39.2153_9.1267,Il Pancaffe,RESTAURANT,bar_cafe,https://raw.githubusercontent.com/pasqualelembo78/huntix-poi/main/italia/sardegna/cagliari/pages/il_pancaffe_39.2153_9.1267.json,custom
39.215358,9.126638,ov_momentu_39.2154_9.1266,Momentu,RESTAURANT,bar_cafe,https://raw.githubusercontent.com/pasqualelembo78/huntix-poi/main/italia/sardegna/cagliari/pages/momentu_39.2154_9.1266.json,custom
39.215190,9.127261,ov_meeting_bar_39.2152_9.1273,Meeting Bar,RESTAURANT,bar_cafe,https://raw.githubusercontent.com/pasqualelembo78/huntix-poi/main/italia/sardegna/cagliari/pages/meeting_bar_39.2152_9.1273.json,custom
39.218627,9.128365,ov_caffe_pasticceria_d_elite_39.2186_9.1284,Caffe Pasticceria D'Elite,RESTAURANT,bar_cafe,https://raw.githubusercontent.com/pasqualelembo78/huntix-poi/main/italia/sardegna/cagliari/pages/caffe_pasticceria_delite_39.2186_9.1284.json,custom
39.218934,9.128853,ov_caffe_ottantotto_39.2189_9.1289,Caffe Ottantotto,RESTAURANT,bar_cafe,https://raw.githubusercontent.com/pasqualelembo78/huntix-poi/main/italia/sardegna/cagliari/pages/caffe_ottantotto_39.2189_9.1289.json,custom
39.212877,9.129550,ov_caffetteria_piazzetta_mascia_39.2129_9.1295,Caffetteria Piazzetta Mascia,RESTAURANT,bar_cafe,https://raw.githubusercontent.com/pasqualelembo78/huntix-poi/main/italia/sardegna/cagliari/pages/caffetteria_piazzetta_mascia_39.2129_9.1295.json,custom
39.212899,9.129571,ov_bar_piazzetta_mascia_39.2129_9.1296,Bar Piazzetta Mascia,RESTAURANT,bar_cafe,https://raw.githubusercontent.com/pasqualelembo78/huntix-poi/main/italia/sardegna/cagliari/pages/bar_piazzetta_mascia_39.2129_9.1296.json,custom
39.214730,9.128124,ov_caffe_valentina_39.2147_9.1281,Caffe Valentina,RESTAURANT,bar_cafe,https://raw.githubusercontent.com/pasqualelembo78/huntix-poi/main/italia/sardegna/cagliari/pages/caffe_valentina_39.2147_9.1281.json,custom
39.213052,9.127418,ov_welcome_risto_bar_39.2131_9.1274,Welcome Risto Bar,RESTAURANT,bar_cafe,https://raw.githubusercontent.com/pasqualelembo78/huntix-poi/main/italia/sardegna/cagliari/pages/welcome_risto_bar_39.2131_9.1274.json,custom
39.211801,9.130865,ov_enoteca_shardana_39.2118_9.1309,Enoteca Shardana,RESTAURANT,bar_cafe,https://raw.githubusercontent.com/pasqualelembo78/huntix-poi/main/italia/sardegna/cagliari/pages/enoteca_shardana_39.2118_9.1309.json,custom
39.214890,9.132095,ov_bar_vidal_39.2149_9.1321,Bar Vidal,RESTAURANT,bar_cafe,https://raw.githubusercontent.com/pasqualelembo78/huntix-poi/main/italia/sardegna/cagliari/pages/bar_vidal_39.2149_9.1321.json,custom
39.214210,9.130460,ov_chicco_di_caff__bar_caffetteria_39.2142_9.1305,Chicco di Caffè bar caffetteria,RESTAURANT,bar_cafe,https://raw.githubusercontent.com/pasqualelembo78/huntix-poi/main/italia/sardegna/cagliari/pages/chicco_di_caff_bar_caffetteria_39.2142_9.1305.json,custom
39.215849,9.130216,ov_camilla_fashion_coffee_39.2158_9.1302,Camilla Fashion Coffee,RESTAURANT,bar_cafe,https://raw.githubusercontent.com/pasqualelembo78/huntix-poi/main/italia/sardegna/cagliari/pages/camilla_fashion_coffee_39.2158_9.1302.json,custom
39.215416,9.130150,ov_blues_cafe_39.2154_9.1302,Blues Cafe,RESTAURANT,bar_cafe,https://raw.githubusercontent.com/pasqualelembo78/huntix-poi/main/italia/sardegna/cagliari/pages/blues_cafe_39.2154_9.1302.json,custom
39.219172,9.130372,ov_caffetteria_soul_39.2192_9.1304,caffetteria Soul,RESTAURANT,bar_cafe,https://raw.githubusercontent.com/pasqualelembo78/huntix-poi/main/italia/sardegna/cagliari/pages/caffetteria_soul_39.2192_9.1304.json,custom
39.219855,9.133292,ov_manca_francesco_39.2199_9.1333,Manca Francesco,RESTAURANT,bar_cafe,https://raw.githubusercontent.com/pasqualelembo78/huntix-poi/main/italia/sardegna/cagliari/pages/manca_francesco_39.2199_9.1333.json,custom
39.207472,9.134343,ov_caf__parioli_39.2075_9.1343,Cafè Parioli,RESTAURANT,bar_cafe,https://raw.githubusercontent.com/pasqualelembo78/huntix-poi/main/italia/sardegna/cagliari/pages/caf_parioli_39.2075_9.1343.json,custom
39.208968,9.132699,ov_the_londoner_english_pub_39.2090_9.1327,The Londoner English Pub,RESTAURANT,bar_cafe,https://raw.githubusercontent.com/pasqualelembo78/huntix-poi/main/italia/sardegna/cagliari/pages/the_londoner_english_pub_39.2090_9.1327.json,custom
39.209710,9.132190,ov_el_karibe_cocktail_bar_letterario_39.2097_9.1322,El Karibe Cocktail Bar Letterario,RESTAURANT,bar_cafe,https://raw.githubusercontent.com/pasqualelembo78/huntix-poi/main/italia/sardegna/cagliari/pages/el_karibe_cocktail_bar_letterario_39.2097_9.1322.json,custom
39.210092,9.131974,ov_caff__viennese_39.2101_9.1320,Caffè Viennese,RESTAURANT,bar_cafe,https://raw.githubusercontent.com/pasqualelembo78/huntix-poi/main/italia/sardegna/cagliari/pages/caff_viennese_39.2101_9.1320.json,custom
39.219376,9.104695,ov_tulum_club_cagliari_39.2194_9.1047,Tulum Club Cagliari,RESTAURANT,bar_cafe,https://raw.githubusercontent.com/pasqualelembo78/huntix-poi/main/italia/sardegna/cagliari/pages/tulum_club_cagliari_39.2194_9.1047.json,custom
39.214818,9.111043,ov_coktailerie_39.2148_9.1110,Coktailerie,RESTAURANT,bar_cafe,https://raw.githubusercontent.com/pasqualelembo78/huntix-poi/main/italia/sardegna/cagliari/pages/coktailerie_39.2148_9.1110.json,custom
39.214873,9.111118,ov_il_bar_in_via_roma_39.2149_9.1111,Il Bar in Via Roma,RESTAURANT,bar_cafe,https://raw.githubusercontent.com/pasqualelembo78/huntix-poi/main/italia/sardegna/cagliari/pages/il_bar_in_via_roma_39.2149_9.1111.json,custom
39.215080,9.111600,ov_dulcis_assemini_39.2151_9.1116,Dulcis.Assemini,RESTAURANT,bar_cafe,https://raw.githubusercontent.com/pasqualelembo78/huntix-poi/main/italia/sardegna/cagliari/pages/dulcisassemini_39.2151_9.1116.json,custom
39.214367,9.111917,ov_caffe_roma_39.2144_9.1119,Caffe Roma,RESTAURANT,bar_cafe,https://raw.githubusercontent.com/pasqualelembo78/huntix-poi/main/italia/sardegna/cagliari/pages/caffe_roma_39.2144_9.1119.json,custom
39.214883,9.113638,ov_alcool_cagliari_39.2149_9.1136,Alcool Cagliari,RESTAURANT,bar_cafe,https://raw.githubusercontent.com/pasqualelembo78/huntix-poi/main/italia/sardegna/cagliari/pages/alcool_cagliari_39.2149_9.1136.json,custom
39.214498,9.113148,ov_bistrot_louge_bar_39.2145_9.1131,Bistrot-Louge Bar,RESTAURANT,bar_cafe,https://raw.githubusercontent.com/pasqualelembo78/huntix-poi/main/italia/sardegna/cagliari/pages/bistrot-louge_bar_39.2145_9.1131.json,custom
39.214439,9.113039,ov_raf__coffee___bistrot_39.2144_9.1130,Rafè Coffee & Bistrot,RESTAURANT,bar_cafe,https://raw.githubusercontent.com/pasqualelembo78/huntix-poi/main/italia/sardegna/cagliari/pages/raf_coffee_bistrot_39.2144_9.1130.json,custom
39.213929,9.113513,ov_bar_pipette_39.2139_9.1135,Bar Pipette,RESTAURANT,bar_cafe,https://raw.githubusercontent.com/pasqualelembo78/huntix-poi/main/italia/sardegna/cagliari/pages/bar_pipette_39.2139_9.1135.json,custom
39.213599,9.113328,ov_daisybar_39.2136_9.1133,Daisybar,RESTAURANT,bar_cafe,https://raw.githubusercontent.com/pasqualelembo78/huntix-poi/main/italia/sardegna/cagliari/pages/daisybar_39.2136_9.1133.json,custom
39.216428,9.112800,ov_caffetteria_del_largo_39.2164_9.1128,Caffetteria Del Largo,RESTAURANT,bar_cafe,https://raw.githubusercontent.com/pasqualelembo78/huntix-poi/main/italia/sardegna/cagliari/pages/caffetteria_del_largo_39.2164_9.1128.json,custom
39.217261,9.113133,ov_ex_tipografia_39.2173_9.1131,Ex Tipografia,RESTAURANT,bar_cafe,https://raw.githubusercontent.com/pasqualelembo78/huntix-poi/main/italia/sardegna/cagliari/pages/ex_tipografia_39.2173_9.1131.json,custom
39.217163,9.113201,ov_cagliari_calcio_largo_carlo_felice_39.2172_9.1132,Cagliari Calcio Largo Carlo Felice,RESTAURANT,bar_cafe,https://raw.githubusercontent.com/pasqualelembo78/huntix-poi/main/italia/sardegna/cagliari/pages/cagliari_calcio_largo_carlo_felice_39.2172_9.1132.json,custom
39.216674,9.113587,ov_caffetteria_tiffany_39.2167_9.1136,Caffetteria Tiffany,RESTAURANT,bar_cafe,https://raw.githubusercontent.com/pasqualelembo78/huntix-poi/main/italia/sardegna/cagliari/pages/caffetteria_tiffany_39.2167_9.1136.json,custom
39.216414,9.113480,ov_buffhouse___wine_therapy___bistrot_39.2164_9.1135,BuffHouse - Wine Therapy & Bistrot,RESTAURANT,bar_cafe,https://raw.githubusercontent.com/pasqualelembo78/huntix-poi/main/italia/sardegna/cagliari/pages/buffhouse_-_wine_therapy_bistrot_39.2164_9.1135.json,custom
39.216615,9.113494,ov_maverick_cafe_39.2166_9.1135,Maverick Cafe,RESTAURANT,bar_cafe,https://raw.githubusercontent.com/pasqualelembo78/huntix-poi/main/italia/sardegna/cagliari/pages/maverick_cafe_39.2166_9.1135.json,custom
39.216004,9.113448,ov_moonshine_39.2160_9.1134,Moonshine,RESTAURANT,bar_cafe,https://raw.githubusercontent.com/pasqualelembo78/huntix-poi/main/italia/sardegna/cagliari/pages/moonshine_39.2160_9.1134.json,custom
39.216175,9.113138,ov_da_mela_cocktail_bar_39.2162_9.1131,Da Mela cocktail bar,RESTAURANT,bar_cafe,https://raw.githubusercontent.com/pasqualelembo78/huntix-poi/main/italia/sardegna/cagliari/pages/da_mela_cocktail_bar_39.2162_9.1131.json,custom
39.216280,9.113610,ov_sphera_locura_extraordinary_chupito_39.2163_9.1136,Sphera Locura Extraordinary Chupito,RESTAURANT,bar_cafe,https://raw.githubusercontent.com/pasqualelembo78/huntix-poi/main/italia/sardegna/cagliari/pages/sphera_locura_extraordinary_chupito_39.2163_9.1136.json,custom
39.215989,9.113853,ov_viol__lounge_bar_39.2160_9.1139,Violà Lounge Bar,RESTAURANT,bar_cafe,https://raw.githubusercontent.com/pasqualelembo78/huntix-poi/main/italia/sardegna/cagliari/pages/viol_lounge_bar_39.2160_9.1139.json,custom
39.216007,9.113828,ov_dadav__39.2160_9.1138,DaDavì,RESTAURANT,bar_cafe,https://raw.githubusercontent.com/pasqualelembo78/huntix-poi/main/italia/sardegna/cagliari/pages/dadav_39.2160_9.1138.json,custom
39.215759,9.113890,ov_principi_di_dan_39.2158_9.1139,Principi di Dan,RESTAURANT,bar_cafe,https://raw.githubusercontent.com/pasqualelembo78/huntix-poi/main/italia/sardegna/cagliari/pages/principi_di_dan_39.2158_9.1139.json,custom
39.215509,9.114148,ov_cafe_barcellona_39.2155_9.1141,Cafe Barcellona,RESTAURANT,bar_cafe,https://raw.githubusercontent.com/pasqualelembo78/huntix-poi/main/italia/sardegna/cagliari/pages/cafe_barcellona_39.2155_9.1141.json,custom
39.215661,9.114136,ov_spirits_boutique_cagliari_39.2157_9.1141,Spirits Boutique Cagliari,RESTAURANT,bar_cafe,https://raw.githubusercontent.com/pasqualelembo78/huntix-poi/main/italia/sardegna/cagliari/pages/spirits_boutique_cagliari_39.2157_9.1141.json,custom
39.215735,9.114739,ov_cibarius_cagliari_39.2157_9.1147,Cibarius Cagliari,RESTAURANT,bar_cafe,https://raw.githubusercontent.com/pasqualelembo78/huntix-poi/main/italia/sardegna/cagliari/pages/cibarius_cagliari_39.2157_9.1147.json,custom
39.216487,9.114294,ov_cafe_ristretto_39.2165_9.1143,Cafe Ristretto,RESTAURANT,bar_cafe,https://raw.githubusercontent.com/pasqualelembo78/huntix-poi/main/italia/sardegna/cagliari/pages/cafe_ristretto_39.2165_9.1143.json,custom
39.217338,9.113666,ov_bar_centrale_piazza_yenne_39.2173_9.1137,Bar Centrale Piazza Yenne,RESTAURANT,bar_cafe,https://raw.githubusercontent.com/pasqualelembo78/huntix-poi/main/italia/sardegna/cagliari/pages/bar_centrale_piazza_yenne_39.2173_9.1137.json,custom
39.217636,9.113840,ov_crudo_piazza_yenne_39.2176_9.1138,Crudo Piazza Yenne,RESTAURANT,bar_cafe,https://raw.githubusercontent.com/pasqualelembo78/huntix-poi/main/italia/sardegna/cagliari/pages/crudo_piazza_yenne_39.2176_9.1138.json,custom
39.217738,9.113895,ov_emme_cocktails___more_39.2177_9.1139,EMME Cocktails & More,RESTAURANT,bar_cafe,https://raw.githubusercontent.com/pasqualelembo78/huntix-poi/main/italia/sardegna/cagliari/pages/emme_cocktails_more_39.2177_9.1139.json,custom
39.218113,9.113896,ov_caff__dell_elfo_39.2181_9.1139,Caffè dell'Elfo,RESTAURANT,bar_cafe,https://raw.githubusercontent.com/pasqualelembo78/huntix-poi/main/italia/sardegna/cagliari/pages/caff_dellelfo_39.2181_9.1139.json,custom
39.218221,9.113719,ov_caff__pruner_39.2182_9.1137,Caffè Pruner,RESTAURANT,bar_cafe,https://raw.githubusercontent.com/pasqualelembo78/huntix-poi/main/italia/sardegna/cagliari/pages/caff_pruner_39.2182_9.1137.json,custom
39.218411,9.113707,ov_coccodi_dolce_e_salato_39.2184_9.1137,Coccodi Dolce e Salato,RESTAURANT,bar_cafe,https://raw.githubusercontent.com/pasqualelembo78/huntix-poi/main/italia/sardegna/cagliari/pages/coccodi_dolce_e_salato_39.2184_9.1137.json,custom
39.218000,9.114186,ov_exfabbrica_39.2180_9.1142,ExFabbrica,RESTAURANT,bar_cafe,https://raw.githubusercontent.com/pasqualelembo78/huntix-poi/main/italia/sardegna/cagliari/pages/exfabbrica_39.2180_9.1142.json,custom
39.218023,9.113940,ov_flug_bar_39.2180_9.1139,Flug Bar,RESTAURANT,bar_cafe,https://raw.githubusercontent.com/pasqualelembo78/huntix-poi/main/italia/sardegna/cagliari/pages/flug_bar_39.2180_9.1139.json,custom
39.217856,9.113980,ov_white_stone_39.2179_9.1140,White Stone,RESTAURANT,bar_cafe,https://raw.githubusercontent.com/pasqualelembo78/huntix-poi/main/italia/sardegna/cagliari/pages/white_stone_39.2179_9.1140.json,custom
39.217614,9.113958,ov_gustavino_39.2176_9.1140,Gustavino,RESTAURANT,bar_cafe,https://raw.githubusercontent.com/pasqualelembo78/huntix-poi/main/italia/sardegna/cagliari/pages/gustavino_39.2176_9.1140.json,custom
39.217791,9.114154,ov_s_c_a_l_i_n_i_39.2178_9.1142,S c A L i N i,RESTAURANT,bar_cafe,https://raw.githubusercontent.com/pasqualelembo78/huntix-poi/main/italia/sardegna/cagliari/pages/s_c_a_l_i_n_i_39.2178_9.1142.json,custom
39.217881,9.114322,ov_scalini_39.2179_9.1143,Scalini,RESTAURANT,bar_cafe,https://raw.githubusercontent.com/pasqualelembo78/huntix-poi/main/italia/sardegna/cagliari/pages/scalini_39.2179_9.1143.json,custom
39.218230,9.114505,ov_etoma_39.2182_9.1145,Etoma,RESTAURANT,bar_cafe,https://raw.githubusercontent.com/pasqualelembo78/huntix-poi/main/italia/sardegna/cagliari/pages/etoma_39.2182_9.1145.json,custom
39.218254,9.114373,ov_mojito_di_damu_pietro_39.2183_9.1144,Mojito di Damu Pietro,RESTAURANT,bar_cafe,https://raw.githubusercontent.com/pasqualelembo78/huntix-poi/main/italia/sardegna/cagliari/pages/mojito_di_damu_pietro_39.2183_9.1144.json,custom
39.218933,9.113859,ov_darkness_club_39.2189_9.1139,Darkness Club,RESTAURANT,bar_cafe,https://raw.githubusercontent.com/pasqualelembo78/huntix-poi/main/italia/sardegna/cagliari/pages/darkness_club_39.2189_9.1139.json,custom
39.218599,9.113541,ov_phoenix_pub_39.2186_9.1135,Phoenix Pub,RESTAURANT,bar_cafe,https://raw.githubusercontent.com/pasqualelembo78/huntix-poi/main/italia/sardegna/cagliari/pages/phoenix_pub_39.2186_9.1135.json,custom
39.218203,9.113092,ov_tailor_s_39.2182_9.1131,Tailor's,RESTAURANT,bar_cafe,https://raw.githubusercontent.com/pasqualelembo78/huntix-poi/main/italia/sardegna/cagliari/pages/tailors_39.2182_9.1131.json,custom
39.218262,9.111467,ov_spillaus_39.2183_9.1115,Spillaus,RESTAURANT,bar_cafe,https://raw.githubusercontent.com/pasqualelembo78/huntix-poi/main/italia/sardegna/cagliari/pages/spillaus_39.2183_9.1115.json,custom
39.218167,9.111468,ov_la_nikita_39.2182_9.1115,La Nikita,RESTAURANT,bar_cafe,https://raw.githubusercontent.com/pasqualelembo78/huntix-poi/main/italia/sardegna/cagliari/pages/la_nikita_39.2182_9.1115.json,custom
39.218202,9.111215,ov_pub_la_scala_39.2182_9.1112,Pub La Scala,RESTAURANT,bar_cafe,https://raw.githubusercontent.com/pasqualelembo78/huntix-poi/main/italia/sardegna/cagliari/pages/pub_la_scala_39.2182_9.1112.json,custom
39.218142,9.111847,ov_oblomow_39.2181_9.1118,Oblomow,RESTAURANT,bar_cafe,https://raw.githubusercontent.com/pasqualelembo78/huntix-poi/main/italia/sardegna/cagliari/pages/oblomow_39.2181_9.1118.json,custom
39.217867,9.111830,ov_violet_lounge_bar_39.2179_9.1118,Violet Lounge Bar,RESTAURANT,bar_cafe,https://raw.githubusercontent.com/pasqualelembo78/huntix-poi/main/italia/sardegna/cagliari/pages/violet_lounge_bar_39.2179_9.1118.json,custom
39.218627,9.111957,ov_pluminos_vinosteria_39.2186_9.1120,Pluminos VinOsteria,RESTAURANT,bar_cafe,https://raw.githubusercontent.com/pasqualelembo78/huntix-poi/main/italia/sardegna/cagliari/pages/pluminos_vinosteria_39.2186_9.1120.json,custom
39.218476,9.112274,ov_sapori_divini_39.2185_9.1123,Sapori DiVini,RESTAURANT,bar_cafe,https://raw.githubusercontent.com/pasqualelembo78/huntix-poi/main/italia/sardegna/cagliari/pages/sapori_divini_39.2185_9.1123.json,custom
39.217683,9.112213,ov_la_cripta_free_house_39.2177_9.1122,La Cripta Free House,RESTAURANT,bar_cafe,https://raw.githubusercontent.com/pasqualelembo78/huntix-poi/main/italia/sardegna/cagliari/pages/la_cripta_free_house_39.2177_9.1122.json,custom
39.217704,9.112230,ov_old_square_39.2177_9.1122,Old Square,RESTAURANT,bar_cafe,https://raw.githubusercontent.com/pasqualelembo78/huntix-poi/main/italia/sardegna/cagliari/pages/old_square_39.2177_9.1122.json,custom
39.216913,9.112030,ov_angolo_66_39.2169_9.1120,Angolo 66,RESTAURANT,bar_cafe,https://raw.githubusercontent.com/pasqualelembo78/huntix-poi/main/italia/sardegna/cagliari/pages/angolo_66_39.2169_9.1120.json,custom
39.215238,9.111439,ov_city_bar_39.2152_9.1114,City Bar,RESTAURANT,bar_cafe,https://raw.githubusercontent.com/pasqualelembo78/huntix-poi/main/italia/sardegna/cagliari/pages/city_bar_39.2152_9.1114.json,custom
39.216459,9.111664,ov_matilde_cocktails_emporium_39.2165_9.1117,MATILDE Cocktails Emporium,RESTAURANT,bar_cafe,https://raw.githubusercontent.com/pasqualelembo78/huntix-poi/main/italia/sardegna/cagliari/pages/matilde_cocktails_emporium_39.2165_9.1117.json,custom
39.217508,9.110923,ov_frida_39.2175_9.1109,Frida,RESTAURANT,bar_cafe,https://raw.githubusercontent.com/pasqualelembo78/huntix-poi/main/italia/sardegna/cagliari/pages/frida_39.2175_9.1109.json,custom
39.215425,9.111094,ov_caff__svizzero_39.2154_9.1111,Caffè Svizzero,RESTAURANT,bar_cafe,https://raw.githubusercontent.com/pasqualelembo78/huntix-poi/main/italia/sardegna/cagliari/pages/caff_svizzero_39.2154_9.1111.json,custom
39.215477,9.110067,ov_avion_s_bar_39.2155_9.1101,Avion's Bar,RESTAURANT,bar_cafe,https://raw.githubusercontent.com/pasqualelembo78/huntix-poi/main/italia/sardegna/cagliari/pages/avions_bar_39.2155_9.1101.json,custom
39.216604,9.110293,ov_caffetteria_del_carmine_39.2166_9.1103,Caffetteria Del Carmine,RESTAURANT,bar_cafe,https://raw.githubusercontent.com/pasqualelembo78/huntix-poi/main/italia/sardegna/cagliari/pages/caffetteria_del_carmine_39.2166_9.1103.json,custom
39.216830,9.110359,ov_inu_sardinian_wine_bar_39.2168_9.1104,Inu Sardinian Wine Bar,RESTAURANT,bar_cafe,https://raw.githubusercontent.com/pasqualelembo78/huntix-poi/main/italia/sardegna/cagliari/pages/inu_sardinian_wine_bar_39.2168_9.1104.json,custom
39.216810,9.110280,ov_n_a_sardinian_winery_e_caf__39.2168_9.1103,Nòa Sardinian Winery e Cafè,RESTAURANT,bar_cafe,https://raw.githubusercontent.com/pasqualelembo78/huntix-poi/main/italia/sardegna/cagliari/pages/na_sardinian_winery_e_caf_39.2168_9.1103.json,custom
39.216980,9.110446,ov_ventitre_39.2170_9.1104,Ventitre,RESTAURANT,bar_cafe,https://raw.githubusercontent.com/pasqualelembo78/huntix-poi/main/italia/sardegna/cagliari/pages/ventitre_39.2170_9.1104.json,custom
39.218711,9.110129,ov_eight_rock_pub_39.2187_9.1101,Eight Rock Pub,RESTAURANT,bar_cafe,https://raw.githubusercontent.com/pasqualelembo78/huntix-poi/main/italia/sardegna/cagliari/pages/eight_rock_pub_39.2187_9.1101.json,custom
39.218603,9.110648,ov_il_merlo_parlante_39.2186_9.1106,Il Merlo Parlante,RESTAURANT,bar_cafe,https://raw.githubusercontent.com/pasqualelembo78/huntix-poi/main/italia/sardegna/cagliari/pages/il_merlo_parlante_39.2186_9.1106.json,custom
39.218429,9.110751,ov_foghorns_39.2184_9.1108,Foghorns,RESTAURANT,bar_cafe,https://raw.githubusercontent.com/pasqualelembo78/huntix-poi/main/italia/sardegna/cagliari/pages/foghorns_39.2184_9.1108.json,custom
39.218310,9.110673,ov_cabaret_social_bar_39.2183_9.1107,Cabaret Social Bar,RESTAURANT,bar_cafe,https://raw.githubusercontent.com/pasqualelembo78/huntix-poi/main/italia/sardegna/cagliari/pages/cabaret_social_bar_39.2183_9.1107.json,custom
39.218472,9.110501,ov_spritz_time_39.2185_9.1105,Spritz Time,RESTAURANT,bar_cafe,https://raw.githubusercontent.com/pasqualelembo78/huntix-poi/main/italia/sardegna/cagliari/pages/spritz_time_39.2185_9.1105.json,custom
39.219312,9.109428,ov_la_staffa_39.2193_9.1094,La Staffa,RESTAURANT,bar_cafe,https://raw.githubusercontent.com/pasqualelembo78/huntix-poi/main/italia/sardegna/cagliari/pages/la_staffa_39.2193_9.1094.json,custom
39.218741,9.108671,ov_red_skin_circolo_privato_csain_39.2187_9.1087,Red Skin circolo privato Csain,RESTAURANT,bar_cafe,https://raw.githubusercontent.com/pasqualelembo78/huntix-poi/main/italia/sardegna/cagliari/pages/red_skin_circolo_privato_csain_39.2187_9.1087.json,custom
39.219385,9.109106,ov_taddinanta_coffee___bistrot_39.2194_9.1091,Taddinanta Coffee & Bistrot,RESTAURANT,bar_cafe,https://raw.githubusercontent.com/pasqualelembo78/huntix-poi/main/italia/sardegna/cagliari/pages/taddinanta_coffee_bistrot_39.2194_9.1091.json,custom
39.219485,9.108634,ov_caf__regio_39.2195_9.1086,Café Regio,RESTAURANT,bar_cafe,https://raw.githubusercontent.com/pasqualelembo78/huntix-poi/main/italia/sardegna/cagliari/pages/caf_regio_39.2195_9.1086.json,custom
39.219869,9.108344,ov_major_preep_39.2199_9.1083,Major Preep,RESTAURANT,bar_cafe,https://raw.githubusercontent.com/pasqualelembo78/huntix-poi/main/italia/sardegna/cagliari/pages/major_preep_39.2199_9.1083.json,custom
39.218771,9.108249,ov_vintage_cafe_39.2188_9.1082,Vintage Cafe,RESTAURANT,bar_cafe,https://raw.githubusercontent.com/pasqualelembo78/huntix-poi/main/italia/sardegna/cagliari/pages/vintage_cafe_39.2188_9.1082.json,custom
39.218281,9.107898,ov_donegal_39.2183_9.1079,Donegal,RESTAURANT,bar_cafe,https://raw.githubusercontent.com/pasqualelembo78/huntix-poi/main/italia/sardegna/cagliari/pages/donegal_39.2183_9.1079.json,custom
39.218104,9.107599,ov_caff__dell_arte_specialty_coffee_39.2181_9.1076,Caffè dell'Arte Specialty Coffee,RESTAURANT,bar_cafe,https://raw.githubusercontent.com/pasqualelembo78/huntix-poi/main/italia/sardegna/cagliari/pages/caff_dellarte_specialty_coffee_39.2181_9.1076.json,custom
39.218663,9.108279,ov_anais_cafe_bistrot_39.2187_9.1083,Anais Cafe Bistrot,RESTAURANT,bar_cafe,https://raw.githubusercontent.com/pasqualelembo78/huntix-poi/main/italia/sardegna/cagliari/pages/anais_cafe_bistrot_39.2187_9.1083.json,custom
39.217498,9.107889,ov_keller_39.2175_9.1079,Keller,RESTAURANT,bar_cafe,https://raw.githubusercontent.com/pasqualelembo78/huntix-poi/main/italia/sardegna/cagliari/pages/keller_39.2175_9.1079.json,custom
39.215717,9.109047,ov_melis_salvatore_39.2157_9.1090,Melis Salvatore,RESTAURANT,bar_cafe,https://raw.githubusercontent.com/pasqualelembo78/huntix-poi/main/italia/sardegna/cagliari/pages/melis_salvatore_39.2157_9.1090.json,custom
39.216412,9.109062,ov_caff__punto_cagliari_39.2164_9.1091,Caffè Punto Cagliari,RESTAURANT,bar_cafe,https://raw.githubusercontent.com/pasqualelembo78/huntix-poi/main/italia/sardegna/cagliari/pages/caff_punto_cagliari_39.2164_9.1091.json,custom
39.215607,9.109820,ov_capitol_caf__39.2156_9.1098,Capitol Café,RESTAURANT,bar_cafe,https://raw.githubusercontent.com/pasqualelembo78/huntix-poi/main/italia/sardegna/cagliari/pages/capitol_caf_39.2156_9.1098.json,custom
39.215110,9.108604,ov_crazy_pub_39.2151_9.1086,Crazy Pub,RESTAURANT,bar_cafe,https://raw.githubusercontent.com/pasqualelembo78/huntix-poi/main/italia/sardegna/cagliari/pages/crazy_pub_39.2151_9.1086.json,custom
39.214433,9.106717,ov_caf__24_39.2144_9.1067,Café 24,RESTAURANT,bar_cafe,https://raw.githubusercontent.com/pasqualelembo78/huntix-poi/main/italia/sardegna/cagliari/pages/caf_24_39.2144_9.1067.json,custom
39.218673,9.106372,ov_caff__trieste_39.2187_9.1064,Caffè Trieste,RESTAURANT,bar_cafe,https://raw.githubusercontent.com/pasqualelembo78/huntix-poi/main/italia/sardegna/cagliari/pages/caff_trieste_39.2187_9.1064.json,custom
39.218243,9.107168,ov_sport_bet_caffe_39.2182_9.1072,Sport Bet Caffe,RESTAURANT,bar_cafe,https://raw.githubusercontent.com/pasqualelembo78/huntix-poi/main/italia/sardegna/cagliari/pages/sport_bet_caffe_39.2182_9.1072.json,custom
39.218914,9.106306,ov_corto_cafe_39.2189_9.1063,Corto Cafe,RESTAURANT,bar_cafe,https://raw.githubusercontent.com/pasqualelembo78/huntix-poi/main/italia/sardegna/cagliari/pages/corto_cafe_39.2189_9.1063.json,custom
39.220735,9.105364,ov_banana_caffe_39.2207_9.1054,Banana Caffe,RESTAURANT,bar_cafe,https://raw.githubusercontent.com/pasqualelembo78/huntix-poi/main/italia/sardegna/cagliari/pages/banana_caffe_39.2207_9.1054.json,custom
39.222097,9.105970,ov_caffetteria_trento_39.2221_9.1060,Caffetteria Trento,RESTAURANT,bar_cafe,https://raw.githubusercontent.com/pasqualelembo78/huntix-poi/main/italia/sardegna/cagliari/pages/caffetteria_trento_39.2221_9.1060.json,custom
39.220445,9.107062,ov_non_solo_malto_39.2204_9.1071,Non Solo Malto,RESTAURANT,bar_cafe,https://raw.githubusercontent.com/pasqualelembo78/huntix-poi/main/italia/sardegna/cagliari/pages/non_solo_malto_39.2204_9.1071.json,custom
39.220595,9.107280,ov_bar_pasticceria_equador_39.2206_9.1073,Bar Pasticceria Equador,RESTAURANT,bar_cafe,https://raw.githubusercontent.com/pasqualelembo78/huntix-poi/main/italia/sardegna/cagliari/pages/bar_pasticceria_equador_39.2206_9.1073.json,custom
39.222621,9.105428,ov_caf__lily_39.2226_9.1054,Café Lily,RESTAURANT,bar_cafe,https://raw.githubusercontent.com/pasqualelembo78/huntix-poi/main/italia/sardegna/cagliari/pages/caf_lily_39.2226_9.1054.json,custom
39.220119,9.107911,ov_underground_pub_cagliari_39.2201_9.1079,Underground Pub Cagliari,RESTAURANT,bar_cafe,https://raw.githubusercontent.com/pasqualelembo78/huntix-poi/main/italia/sardegna/cagliari/pages/underground_pub_cagliari_39.2201_9.1079.json,custom
39.220937,9.112678,ov_bar_ghiani_39.2209_9.1127,Bar Ghiani,RESTAURANT,bar_cafe,https://raw.githubusercontent.com/pasqualelembo78/huntix-poi/main/italia/sardegna/cagliari/pages/bar_ghiani_39.2209_9.1127.json,custom
39.224230,9.112370,ov_flaviusbar_39.2242_9.1124,flaviusbar,RESTAURANT,bar_cafe,https://raw.githubusercontent.com/pasqualelembo78/huntix-poi/main/italia/sardegna/cagliari/pages/flaviusbar_39.2242_9.1124.json,custom
39.229390,9.114010,ov_sardegna_39.2294_9.1140,sardegna,RESTAURANT,bar_cafe,https://raw.githubusercontent.com/pasqualelembo78/huntix-poi/main/italia/sardegna/cagliari/pages/sardegna_39.2294_9.1140.json,custom
39.229414,9.114024,ov_limbar_39.2294_9.1140,LimBar,RESTAURANT,bar_cafe,https://raw.githubusercontent.com/pasqualelembo78/huntix-poi/main/italia/sardegna/cagliari/pages/limbar_39.2294_9.1140.json,custom
39.228284,9.111077,ov_web_cafe_39.2283_9.1111,Web Cafe,RESTAURANT,bar_cafe,https://raw.githubusercontent.com/pasqualelembo78/huntix-poi/main/italia/sardegna/cagliari/pages/web_cafe_39.2283_9.1111.json,custom
39.234438,9.110869,ov_splendor_39.2344_9.1109,Splendor,RESTAURANT,bar_cafe,https://raw.githubusercontent.com/pasqualelembo78/huntix-poi/main/italia/sardegna/cagliari/pages/splendor_39.2344_9.1109.json,custom
39.234280,9.111161,ov_giusto_gusto_39.2343_9.1112,Giusto Gusto,RESTAURANT,bar_cafe,https://raw.githubusercontent.com/pasqualelembo78/huntix-poi/main/italia/sardegna/cagliari/pages/giusto_gusto_39.2343_9.1112.json,custom
39.233569,9.112144,ov_cin_cin_blues_cafe_39.2336_9.1121,Cin Cin Blues Cafe,RESTAURANT,bar_cafe,https://raw.githubusercontent.com/pasqualelembo78/huntix-poi/main/italia/sardegna/cagliari/pages/cin_cin_blues_cafe_39.2336_9.1121.json,custom
39.233526,9.112234,ov_il_baretto_39.2335_9.1122,Il Baretto,RESTAURANT,bar_cafe,https://raw.githubusercontent.com/pasqualelembo78/huntix-poi/main/italia/sardegna/cagliari/pages/il_baretto_39.2335_9.1122.json,custom
39.233318,9.112286,ov_bar_giardino_39.2333_9.1123,Bar Giardino,RESTAURANT,bar_cafe,https://raw.githubusercontent.com/pasqualelembo78/huntix-poi/main/italia/sardegna/cagliari/pages/bar_giardino_39.2333_9.1123.json,custom
39.229980,9.113300,ov_evergreen_cafe_39.2300_9.1133,Evergreen Cafe,RESTAURANT,bar_cafe,https://raw.githubusercontent.com/pasqualelembo78/huntix-poi/main/italia/sardegna/cagliari/pages/evergreen_cafe_39.2300_9.1133.json,custom
39.233128,9.113023,ov_moon_caffe_39.2331_9.1130,Moon Caffe,RESTAURANT,bar_cafe,https://raw.githubusercontent.com/pasqualelembo78/huntix-poi/main/italia/sardegna/cagliari/pages/moon_caffe_39.2331_9.1130.json,custom
39.234860,9.112090,ov_giuly_bar_39.2349_9.1121,Giuly Bar,RESTAURANT,bar_cafe,https://raw.githubusercontent.com/pasqualelembo78/huntix-poi/main/italia/sardegna/cagliari/pages/giuly_bar_39.2349_9.1121.json,custom
39.236095,9.111520,ov_aimone_s_bar_39.2361_9.1115,Aimone's Bar,RESTAURANT,bar_cafe,https://raw.githubusercontent.com/pasqualelembo78/huntix-poi/main/italia/sardegna/cagliari/pages/aimones_bar_39.2361_9.1115.json,custom
39.238104,9.108339,ov_enoteca_campidanese_39.2381_9.1083,Enoteca Campidanese,RESTAURANT,bar_cafe,https://raw.githubusercontent.com/pasqualelembo78/huntix-poi/main/italia/sardegna/cagliari/pages/enoteca_campidanese_39.2381_9.1083.json,custom
39.236385,9.107601,ov_il_dolce_risveglio_39.2364_9.1076,Il Dolce Risveglio,RESTAURANT,bar_cafe,https://raw.githubusercontent.com/pasqualelembo78/huntix-poi/main/italia/sardegna/cagliari/pages/il_dolce_risveglio_39.2364_9.1076.json,custom
39.235375,9.109611,ov_l_alternativo_39.2354_9.1096,L'Alternativo,RESTAURANT,bar_cafe,https://raw.githubusercontent.com/pasqualelembo78/huntix-poi/main/italia/sardegna/cagliari/pages/lalternativo_39.2354_9.1096.json,custom
39.236777,9.106633,ov_liberty_cafe_39.2368_9.1066,Liberty Cafe,RESTAURANT,bar_cafe,https://raw.githubusercontent.com/pasqualelembo78/huntix-poi/main/italia/sardegna/cagliari/pages/liberty_cafe_39.2368_9.1066.json,custom
39.237009,9.102540,ov_bar_il_mito_39.2370_9.1025,Bar Il Mito,RESTAURANT,bar_cafe,https://raw.githubusercontent.com/pasqualelembo78/huntix-poi/main/italia/sardegna/cagliari/pages/bar_il_mito_39.2370_9.1025.json,custom
39.237719,9.102546,ov_manu_caffe_39.2377_9.1025,Manu Caffe,RESTAURANT,bar_cafe,https://raw.githubusercontent.com/pasqualelembo78/huntix-poi/main/italia/sardegna/cagliari/pages/manu_caffe_39.2377_9.1025.json,custom
39.237218,9.103057,ov_dolce_e_salato_39.2372_9.1031,Dolce e salato,RESTAURANT,bar_cafe,https://raw.githubusercontent.com/pasqualelembo78/huntix-poi/main/italia/sardegna/cagliari/pages/dolce_e_salato_39.2372_9.1031.json,custom
39.237789,9.102333,ov_zeronove_caff__39.2378_9.1023,ZeroNove Caffè,RESTAURANT,bar_cafe,https://raw.githubusercontent.com/pasqualelembo78/huntix-poi/main/italia/sardegna/cagliari/pages/zeronove_caff_39.2378_9.1023.json,custom
39.237240,9.102340,ov_the_dollar_circolo_privato_39.2372_9.1023,The Dollar circolo privato,RESTAURANT,bar_cafe,https://raw.githubusercontent.com/pasqualelembo78/huntix-poi/main/italia/sardegna/cagliari/pages/the_dollar_circolo_privato_39.2372_9.1023.json,custom
39.233789,9.102047,ov_bar_caffetteria_la_tartaruga_39.2338_9.1020,Bar Caffetteria La Tartaruga,RESTAURANT,bar_cafe,https://raw.githubusercontent.com/pasqualelembo78/huntix-poi/main/italia/sardegna/cagliari/pages/bar_caffetteria_la_tartaruga_39.2338_9.1020.json,custom
39.233447,9.102086,ov_mattcaff__39.2334_9.1021,MattCaffè,RESTAURANT,bar_cafe,https://raw.githubusercontent.com/pasqualelembo78/huntix-poi/main/italia/sardegna/cagliari/pages/mattcaff_39.2334_9.1021.json,custom
39.224020,9.101280,ov_mattoneria_39.2240_9.1013,Mattoneria,RESTAURANT,bar_cafe,https://raw.githubusercontent.com/pasqualelembo78/huntix-poi/main/italia/sardegna/cagliari/pages/mattoneria_39.2240_9.1013.json,custom
39.222608,9.102312,ov_notes_cagliari_39.2226_9.1023,Notes Cagliari,RESTAURANT,bar_cafe,https://raw.githubusercontent.com/pasqualelembo78/huntix-poi/main/italia/sardegna/cagliari/pages/notes_cagliari_39.2226_9.1023.json,custom
39.226163,9.100024,ov_croccante_by_mordi_39.2262_9.1000,Croccante By Mordi,RESTAURANT,bar_cafe,https://raw.githubusercontent.com/pasqualelembo78/huntix-poi/main/italia/sardegna/cagliari/pages/croccante_by_mordi_39.2262_9.1000.json,custom
39.226518,9.100458,ov_il_cortese_39.2265_9.1005,Il Cortese,RESTAURANT,bar_cafe,https://raw.githubusercontent.com/pasqualelembo78/huntix-poi/main/italia/sardegna/cagliari/pages/il_cortese_39.2265_9.1005.json,custom
39.233646,9.096744,ov_bar_zanzi_39.2336_9.0967,Bar Zanzi,RESTAURANT,bar_cafe,https://raw.githubusercontent.com/pasqualelembo78/huntix-poi/main/italia/sardegna/cagliari/pages/bar_zanzi_39.2336_9.0967.json,custom
39.229983,9.096292,ov_bar_acca_39.2300_9.0963,Bar Acca,RESTAURANT,bar_cafe,https://raw.githubusercontent.com/pasqualelembo78/huntix-poi/main/italia/sardegna/cagliari/pages/bar_acca_39.2300_9.0963.json,custom
39.229699,9.099037,ov_number_one_pasticceria_39.2297_9.0990,Number One Pasticceria,RESTAURANT,bar_cafe,https://raw.githubusercontent.com/pasqualelembo78/huntix-poi/main/italia/sardegna/cagliari/pages/number_one_pasticceria_39.2297_9.0990.json,custom
39.232941,9.097671,ov_bar_cagliari_90_39.2329_9.0977,Bar Cagliari 90,RESTAURANT,bar_cafe,https://raw.githubusercontent.com/pasqualelembo78/huntix-poi/main/italia/sardegna/cagliari/pages/bar_cagliari_90_39.2329_9.0977.json,custom
39.233532,9.097496,ov_caffe_iki_39.2335_9.0975,Caffe Iki,RESTAURANT,bar_cafe,https://raw.githubusercontent.com/pasqualelembo78/huntix-poi/main/italia/sardegna/cagliari/pages/caffe_iki_39.2335_9.0975.json,custom
39.233440,9.097580,ov_happy_buddha_bar_39.2334_9.0976,Happy Buddha Bar,RESTAURANT,bar_cafe,https://raw.githubusercontent.com/pasqualelembo78/huntix-poi/main/italia/sardegna/cagliari/pages/happy_buddha_bar_39.2334_9.0976.json,custom
39.236511,9.098955,ov_bloody_mary_39.2365_9.0990,Bloody Mary,RESTAURANT,bar_cafe,https://raw.githubusercontent.com/pasqualelembo78/huntix-poi/main/italia/sardegna/cagliari/pages/bloody_mary_39.2365_9.0990.json,custom
39.237021,9.097009,ov_cafe_bronx_39.2370_9.0970,Cafe Bronx,RESTAURANT,bar_cafe,https://raw.githubusercontent.com/pasqualelembo78/huntix-poi/main/italia/sardegna/cagliari/pages/cafe_bronx_39.2370_9.0970.json,custom
39.235539,9.096595,ov_rainbow_disco_cagliari_39.2355_9.0966,Rainbow Disco Cagliari,RESTAURANT,bar_cafe,https://raw.githubusercontent.com/pasqualelembo78/huntix-poi/main/italia/sardegna/cagliari/pages/rainbow_disco_cagliari_39.2355_9.0966.json,custom
39.235872,9.096631,ov_caffetteria_pasticceria_cristal_39.2359_9.0966,Caffetteria Pasticceria Cristal,RESTAURANT,bar_cafe,https://raw.githubusercontent.com/pasqualelembo78/huntix-poi/main/italia/sardegna/cagliari/pages/caffetteria_pasticceria_cristal_39.2359_9.0966.json,custom
39.240371,9.096869,ov_nonsolopanino_39.2404_9.0969,NonSoloPanino,RESTAURANT,bar_cafe,https://raw.githubusercontent.com/pasqualelembo78/huntix-poi/main/italia/sardegna/cagliari/pages/nonsolopanino_39.2404_9.0969.json,custom
39.242177,9.101053,ov_il_gattovolpe_39.2422_9.1011,Il Gattovolpe,RESTAURANT,bar_cafe,https://raw.githubusercontent.com/pasqualelembo78/huntix-poi/main/italia/sardegna/cagliari/pages/il_gattovolpe_39.2422_9.1011.json,custom
39.248900,9.108584,ov_gruppo_artemis_39.2489_9.1086,Gruppo Artemis,RESTAURANT,bar_cafe,https://raw.githubusercontent.com/pasqualelembo78/huntix-poi/main/italia/sardegna/cagliari/pages/gruppo_artemis_39.2489_9.1086.json,custom
39.241558,9.106857,ov_rendezvous_cafe_39.2416_9.1069,RendezVous Cafe,RESTAURANT,bar_cafe,https://raw.githubusercontent.com/pasqualelembo78/huntix-poi/main/italia/sardegna/cagliari/pages/rendezvous_cafe_39.2416_9.1069.json,custom
39.243266,9.110548,ov_tormentina_club_39.2433_9.1105,Tormentina Club,RESTAURANT,bar_cafe,https://raw.githubusercontent.com/pasqualelembo78/huntix-poi/main/italia/sardegna/cagliari/pages/tormentina_club_39.2433_9.1105.json,custom
39.247977,9.114603,ov_caffe_jenner_39.2480_9.1146,Caffe Jenner,RESTAURANT,bar_cafe,https://raw.githubusercontent.com/pasqualelembo78/huntix-poi/main/italia/sardegna/cagliari/pages/caffe_jenner_39.2480_9.1146.json,custom
39.239426,9.112798,ov_crudelia_cafe_39.2394_9.1128,Crudelia Cafe,RESTAURANT,bar_cafe,https://raw.githubusercontent.com/pasqualelembo78/huntix-poi/main/italia/sardegna/cagliari/pages/crudelia_cafe_39.2394_9.1128.json,custom
39.244608,9.123902,ov_bar_tavola_calda_pappagone_39.2446_9.1239,Bar Tavola Calda Pappagone,RESTAURANT,bar_cafe,https://raw.githubusercontent.com/pasqualelembo78/huntix-poi/main/italia/sardegna/cagliari/pages/bar_tavola_calda_pappagone_39.2446_9.1239.json,custom
39.240039,9.121034,ov_zeroquaranta_39.2400_9.1210,Zeroquaranta,RESTAURANT,bar_cafe,https://raw.githubusercontent.com/pasqualelembo78/huntix-poi/main/italia/sardegna/cagliari/pages/zeroquaranta_39.2400_9.1210.json,custom
39.241208,9.121116,ov_mondo_bar_snc_39.2412_9.1211,Mondo Bar SNC,RESTAURANT,bar_cafe,https://raw.githubusercontent.com/pasqualelembo78/huntix-poi/main/italia/sardegna/cagliari/pages/mondo_bar_snc_39.2412_9.1211.json,custom
39.242872,9.122872,ov_bar_mariuccia_39.2429_9.1229,Bar Mariuccia,RESTAURANT,bar_cafe,https://raw.githubusercontent.com/pasqualelembo78/huntix-poi/main/italia/sardegna/cagliari/pages/bar_mariuccia_39.2429_9.1229.json,custom
39.240370,9.124400,ov_vespa_club_cagliari_39.2404_9.1244,Vespa Club Cagliari,RESTAURANT,bar_cafe,https://raw.githubusercontent.com/pasqualelembo78/huntix-poi/main/italia/sardegna/cagliari/pages/vespa_club_cagliari_39.2404_9.1244.json,custom
39.239498,9.125485,ov_ama_bar_tabacchi_edicola_39.2395_9.1255,Ama bar tabacchi edicola,RESTAURANT,bar_cafe,https://raw.githubusercontent.com/pasqualelembo78/huntix-poi/main/italia/sardegna/cagliari/pages/ama_bar_tabacchi_edicola_39.2395_9.1255.json,custom
39.240366,9.128062,ov_italbar_di_prasciolu_giovanni_39.2404_9.1281,Italbar di Prasciolu Giovanni,RESTAURANT,bar_cafe,https://raw.githubusercontent.com/pasqualelembo78/huntix-poi/main/italia/sardegna/cagliari/pages/italbar_di_prasciolu_giovanni_39.2404_9.1281.json,custom
39.240566,9.128780,ov_bar_pasubio_39.2406_9.1288,Bar pasubio,RESTAURANT,bar_cafe,https://raw.githubusercontent.com/pasqualelembo78/huntix-poi/main/italia/sardegna/cagliari/pages/bar_pasubio_39.2406_9.1288.json,custom
39.248610,9.131490,ov_el_chiringuito_39.2486_9.1315,El chiringuito,RESTAURANT,bar_cafe,https://raw.githubusercontent.com/pasqualelembo78/huntix-poi/main/italia/sardegna/cagliari/pages/el_chiringuito_39.2486_9.1315.json,custom
39.246119,9.130235,ov_bar_la_piazzetta_39.2461_9.1302,Bar La Piazzetta,RESTAURANT,bar_cafe,https://raw.githubusercontent.com/pasqualelembo78/huntix-poi/main/italia/sardegna/cagliari/pages/bar_la_piazzetta_39.2461_9.1302.json,custom
39.246829,9.130005,ov_caff__borbone_39.2468_9.1300,Caffè Borbone,RESTAURANT,bar_cafe,https://raw.githubusercontent.com/pasqualelembo78/huntix-poi/main/italia/sardegna/cagliari/pages/caff_borbone_39.2468_9.1300.json,custom
39.246982,9.129959,ov_bar_pizzeria_costa_smeralda_39.2470_9.1300,Bar Pizzeria Costa Smeralda,RESTAURANT,bar_cafe,https://raw.githubusercontent.com/pasqualelembo78/huntix-poi/main/italia/sardegna/cagliari/pages/bar_pizzeria_costa_smeralda_39.2470_9.1300.json,custom
39.250493,9.133053,ov_caffe_italia_39.2505_9.1331,Caffe Italia,RESTAURANT,bar_cafe,https://raw.githubusercontent.com/pasqualelembo78/huntix-poi/main/italia/sardegna/cagliari/pages/caffe_italia_39.2505_9.1331.json,custom
39.253330,9.125586,ov_art_caf__39.2533_9.1256,Art Cafè,RESTAURANT,bar_cafe,https://raw.githubusercontent.com/pasqualelembo78/huntix-poi/main/italia/sardegna/cagliari/pages/art_caf_39.2533_9.1256.json,custom
39.266152,9.122759,ov_lungomare_poetto_oasi_caf__39.2662_9.1228,Lungomare Poetto Oasi Cafè,RESTAURANT,bar_cafe,https://raw.githubusercontent.com/pasqualelembo78/huntix-poi/main/italia/sardegna/cagliari/pages/lungomare_poetto_oasi_caf_39.2662_9.1228.json,custom
39.239413,9.142083,ov_il_birrificio_di_cagliari_39.2394_9.1421,Il Birrificio di Cagliari,RESTAURANT,bar_cafe,https://raw.githubusercontent.com/pasqualelembo78/huntix-poi/main/italia/sardegna/cagliari/pages/il_birrificio_di_cagliari_39.2394_9.1421.json,custom
39.213823,9.175600,ov_aramacao_chiosco_bar_cocktail___music_39.2138_9.1756,Aramacao Chiosco Bar-Cocktail & Music,RESTAURANT,bar_cafe,https://raw.githubusercontent.com/pasqualelembo78/huntix-poi/main/italia/sardegna/cagliari/pages/aramacao_chiosco_bar-cocktail_music_39.2138_9.1756.json,custom
39.282625,9.386008,ov_tenuta_tuska_39.2826_9.3860,Tenuta Tuska,RESTAURANT,bar_cafe,https://raw.githubusercontent.com/pasqualelembo78/huntix-poi/main/italia/sardegna/cagliari/pages/tenuta_tuska_39.2826_9.3860.json,custom
39.218161,9.113048,osm_bar_aurora_39.2182_9.1130,Bar Aurora,bar_cafe,bar_cafe,https://raw.githubusercontent.com/pasqualelembo78/huntix-poi/main/italia/sardegna/cagliari/pages/bar_aurora_39.2182_9.1130.json,custom
39.224225,9.101157,osm_aurora_caff__39.2242_9.1012,Aurora Caffè,bar_cafe,bar_cafe,https://raw.githubusercontent.com/pasqualelembo78/huntix-poi/main/italia/sardegna/cagliari/pages/aurora_caff_39.2242_9.1012.json,custom
39.207422,9.134431,osm_caff__parioli_39.2074_9.1344,Caffè Parioli,bar_cafe,bar_cafe,https://raw.githubusercontent.com/pasqualelembo78/huntix-poi/main/italia/sardegna/cagliari/pages/caff_parioli_39.2074_9.1344.json,custom
39.232868,9.126171,osm_bar_nobel_39.2329_9.1262,Bar Nobel,bar_cafe,bar_cafe,https://raw.githubusercontent.com/pasqualelembo78/huntix-poi/main/italia/sardegna/cagliari/pages/bar_nobel_39.2329_9.1262.json,custom
39.218317,9.113746,osm_birra_e_dintorni_39.2183_9.1137,Birra e dintorni,bar_cafe,bar_cafe,https://raw.githubusercontent.com/pasqualelembo78/huntix-poi/main/italia/sardegna/cagliari/pages/birra_e_dintorni_39.2183_9.1137.json,custom
39.218607,9.110459,osm_birroteca_al_merlo_parlante_39.2186_9.1105,Birroteca Al Merlo Parlante,bar_cafe,bar_cafe,https://raw.githubusercontent.com/pasqualelembo78/huntix-poi/main/italia/sardegna/cagliari/pages/birroteca_al_merlo_parlante_39.2186_9.1105.json,custom
39.217479,9.110945,osm_sax_by_marcella_39.2175_9.1109,Sax by Marcella,bar_cafe,bar_cafe,https://raw.githubusercontent.com/pasqualelembo78/huntix-poi/main/italia/sardegna/cagliari/pages/sax_by_marcella_39.2175_9.1109.json,custom
39.216523,9.111723,osm_beer_garden_39.2165_9.1117,Beer Garden,bar_cafe,bar_cafe,https://raw.githubusercontent.com/pasqualelembo78/huntix-poi/main/italia/sardegna/cagliari/pages/beer_garden_39.2165_9.1117.json,custom
39.218212,9.114341,osm_mojito_39.2182_9.1143,Mojito,bar_cafe,bar_cafe,https://raw.githubusercontent.com/pasqualelembo78/huntix-poi/main/italia/sardegna/cagliari/pages/mojito_39.2182_9.1143.json,custom
39.213484,9.122794,osm_caff__genovese_39.2135_9.1228,Caffè Genovese,bar_cafe,bar_cafe,https://raw.githubusercontent.com/pasqualelembo78/huntix-poi/main/italia/sardegna/cagliari/pages/caff_genovese_39.2135_9.1228.json,custom
39.216642,9.116151,osm_caf__de_candia_39.2166_9.1162,Cafè De Candia,bar_cafe,bar_cafe,https://raw.githubusercontent.com/pasqualelembo78/huntix-poi/main/italia/sardegna/cagliari/pages/caf_de_candia_39.2166_9.1162.json,custom
39.216096,9.113496,osm_moka_domus_39.2161_9.1135,Moka Domus,bar_cafe,bar_cafe,https://raw.githubusercontent.com/pasqualelembo78/huntix-poi/main/italia/sardegna/cagliari/pages/moka_domus_39.2161_9.1135.json,custom
39.218271,9.111540,osm_spillaus_39.2183_9.1115,Spillaus,bar_cafe,bar_cafe,https://raw.githubusercontent.com/pasqualelembo78/huntix-poi/main/italia/sardegna/cagliari/pages/spillaus_39.2183_9.1115.json,custom
39.215675,9.116418,osm_caf__saint_remy_39.2157_9.1164,Cafè Saint Remy,bar_cafe,bar_cafe,https://raw.githubusercontent.com/pasqualelembo78/huntix-poi/main/italia/sardegna/cagliari/pages/caf_saint_remy_39.2157_9.1164.json,custom
39.215509,9.114153,osm_caff__barcellona_39.2155_9.1142,Caffè Barcellona,bar_cafe,bar_cafe,https://raw.githubusercontent.com/pasqualelembo78/huntix-poi/main/italia/sardegna/cagliari/pages/caff_barcellona_39.2155_9.1142.json,custom
39.216308,9.114279,osm_al_caff__di_vale___ale_39.2163_9.1143,Al caffè di Vale & Ale,bar_cafe,bar_cafe,https://raw.githubusercontent.com/pasqualelembo78/huntix-poi/main/italia/sardegna/cagliari/pages/al_caff_di_vale_ale_39.2163_9.1143.json,custom
39.218419,9.119472,osm_bar_florio_39.2184_9.1195,Bar Florio,bar_cafe,bar_cafe,https://raw.githubusercontent.com/pasqualelembo78/huntix-poi/main/italia/sardegna/cagliari/pages/bar_florio_39.2184_9.1195.json,custom
39.237339,9.105827,osm_moka_domns_cafe_39.2373_9.1058,Moka Domns Cafe,bar_cafe,bar_cafe,https://raw.githubusercontent.com/pasqualelembo78/huntix-poi/main/italia/sardegna/cagliari/pages/moka_domns_cafe_39.2373_9.1058.json,custom
39.236046,9.108465,osm_caffe_colombia_39.2360_9.1085,Caffe Colombia,bar_cafe,bar_cafe,https://raw.githubusercontent.com/pasqualelembo78/huntix-poi/main/italia/sardegna/cagliari/pages/caffe_colombia_39.2360_9.1085.json,custom
39.210925,9.116791,osm_bar_sotto_il_mare_39.2109_9.1168,Bar sotto il mare,bar_cafe,bar_cafe,https://raw.githubusercontent.com/pasqualelembo78/huntix-poi/main/italia/sardegna/cagliari/pages/bar_sotto_il_mare_39.2109_9.1168.json,custom
39.237669,9.106976,osm_moka_domns_39.2377_9.1070,Moka Domns,bar_cafe,bar_cafe,https://raw.githubusercontent.com/pasqualelembo78/huntix-poi/main/italia/sardegna/cagliari/pages/moka_domns_39.2377_9.1070.json,custom
39.241248,9.121069,osm_iqos_premium_partner_cagliari_39.2412_9.1211,IQOS PREMIUM PARTNER CAGLIARI,bar_cafe,bar_cafe,https://raw.githubusercontent.com/pasqualelembo78/huntix-poi/main/italia/sardegna/cagliari/pages/iqos_premium_partner_cagliari_39.2412_9.1211.json,custom
39.215208,9.116183,osm_disigio_winebar_39.2152_9.1162,diSiGio Winebar,bar_cafe,bar_cafe,https://raw.githubusercontent.com/pasqualelembo78/huntix-poi/main/italia/sardegna/cagliari/pages/disigio_winebar_39.2152_9.1162.json,custom
39.237675,9.103179,osm_mam__39.2377_9.1032,Mamù,bar_cafe,bar_cafe,https://raw.githubusercontent.com/pasqualelembo78/huntix-poi/main/italia/sardegna/cagliari/pages/mam_39.2377_9.1032.json,custom
39.215600,9.109823,osm_capitol_39.2156_9.1098,Capitol,bar_cafe,bar_cafe,https://raw.githubusercontent.com/pasqualelembo78/huntix-poi/main/italia/sardegna/cagliari/pages/capitol_39.2156_9.1098.json,custom
39.236409,9.107614,osm_il_dolce_risvegilo_39.2364_9.1076,Il Dolce Risvegilo,bar_cafe,bar_cafe,https://raw.githubusercontent.com/pasqualelembo78/huntix-poi/main/italia/sardegna/cagliari/pages/il_dolce_risvegilo_39.2364_9.1076.json,custom
39.237755,9.102308,osm_zeronove_39.2378_9.1023,ZeroNove,bar_cafe,bar_cafe,https://raw.githubusercontent.com/pasqualelembo78/huntix-poi/main/italia/sardegna/cagliari/pages/zeronove_39.2378_9.1023.json,custom
39.215836,9.109280,osm_central_station_lounge_bar_39.2158_9.1093,Central Station lounge bar,bar_cafe,bar_cafe,https://raw.githubusercontent.com/pasqualelembo78/huntix-poi/main/italia/sardegna/cagliari/pages/central_station_lounge_bar_39.2158_9.1093.json,custom
39.237554,9.100990,osm_caffetteria_ruiu_39.2376_9.1010,Caffetteria Ruiu,bar_cafe,bar_cafe,https://raw.githubusercontent.com/pasqualelembo78/huntix-poi/main/italia/sardegna/cagliari/pages/caffetteria_ruiu_39.2376_9.1010.json,custom
39.218567,9.113777,osm_fajn_39.2186_9.1138,Fajn,bar_cafe,bar_cafe,https://raw.githubusercontent.com/pasqualelembo78/huntix-poi/main/italia/sardegna/cagliari/pages/fajn_39.2186_9.1138.json,custom
39.211996,9.114099,osm_hublot_39.2120_9.1141,Hublot,bar_cafe,bar_cafe,https://raw.githubusercontent.com/pasqualelembo78/huntix-poi/main/italia/sardegna/cagliari/pages/hublot_39.2120_9.1141.json,custom
39.225709,9.123995,osm_verde_bilardo_39.2257_9.1240,Verde Bilardo,bar_cafe,bar_cafe,https://raw.githubusercontent.com/pasqualelembo78/huntix-poi/main/italia/sardegna/cagliari/pages/verde_bilardo_39.2257_9.1240.json,custom
39.219668,9.105741,osm_dorian_gray_39.2197_9.1057,Dorian Gray,bar_cafe,bar_cafe,https://raw.githubusercontent.com/pasqualelembo78/huntix-poi/main/italia/sardegna/cagliari/pages/dorian_gray_39.2197_9.1057.json,custom
39.215843,9.118218,osm_grineat_39.2158_9.1182,Grineat,bar_cafe,bar_cafe,https://raw.githubusercontent.com/pasqualelembo78/huntix-poi/main/italia/sardegna/cagliari/pages/grineat_39.2158_9.1182.json,custom
39.224999,9.119785,osm_rex_fox_39.2250_9.1198,Rex Fox,bar_cafe,bar_cafe,https://raw.githubusercontent.com/pasqualelembo78/huntix-poi/main/italia/sardegna/cagliari/pages/rex_fox_39.2250_9.1198.json,custom
39.237040,9.102621,osm_il_mito_39.2370_9.1026,il Mito,bar_cafe,bar_cafe,https://raw.githubusercontent.com/pasqualelembo78/huntix-poi/main/italia/sardegna/cagliari/pages/il_mito_39.2370_9.1026.json,custom
39.219351,9.129786,osm_il_baronetto_39.2194_9.1298,Il Baronetto,bar_cafe,bar_cafe,https://raw.githubusercontent.com/pasqualelembo78/huntix-poi/main/italia/sardegna/cagliari/pages/il_baronetto_39.2194_9.1298.json,custom
39.233570,9.112270,osm_al_baretto_39.2336_9.1123,Al Baretto,bar_cafe,bar_cafe,https://raw.githubusercontent.com/pasqualelembo78/huntix-poi/main/italia/sardegna/cagliari/pages/al_baretto_39.2336_9.1123.json,custom
39.218244,9.127764,osm_nuestro_bar_39.2182_9.1278,Nuestro bar,bar_cafe,bar_cafe,https://raw.githubusercontent.com/pasqualelembo78/huntix-poi/main/italia/sardegna/cagliari/pages/nuestro_bar_39.2182_9.1278.json,custom
39.214106,9.122064,osm_micibo_cat_caf__39.2141_9.1221,Micibo Cat Cafè,bar_cafe,bar_cafe,https://raw.githubusercontent.com/pasqualelembo78/huntix-poi/main/italia/sardegna/cagliari/pages/micibo_cat_caf_39.2141_9.1221.json,custom
39.213561,9.113393,osm_daisy_bar_39.2136_9.1134,Daisy Bar,bar_cafe,bar_cafe,https://raw.githubusercontent.com/pasqualelembo78/huntix-poi/main/italia/sardegna/cagliari/pages/daisy_bar_39.2136_9.1134.json,custom
39.213581,9.113353,osm_caff__letterario_39.2136_9.1134,Caffè Letterario,bar_cafe,bar_cafe,https://raw.githubusercontent.com/pasqualelembo78/huntix-poi/main/italia/sardegna/cagliari/pages/caff_letterario_39.2136_9.1134.json,custom
39.235830,9.102317,osm_maya_39.2358_9.1023,Maya,bar_cafe,bar_cafe,https://raw.githubusercontent.com/pasqualelembo78/huntix-poi/main/italia/sardegna/cagliari/pages/maya_39.2358_9.1023.json,custom
39.236324,9.111435,osm_da_aimone_39.2363_9.1114,Da Aimone,bar_cafe,bar_cafe,https://raw.githubusercontent.com/pasqualelembo78/huntix-poi/main/italia/sardegna/cagliari/pages/da_aimone_39.2363_9.1114.json,custom
39.218928,9.128832,osm_su_baroni_39.2189_9.1288,Su Baroni,bar_cafe,bar_cafe,https://raw.githubusercontent.com/pasqualelembo78/huntix-poi/main/italia/sardegna/cagliari/pages/su_baroni_39.2189_9.1288.json,custom
39.218618,9.128371,osm_caff__pasticceria_d_elite_39.2186_9.1284,Caffè Pasticceria D'Elite,bar_cafe,bar_cafe,https://raw.githubusercontent.com/pasqualelembo78/huntix-poi/main/italia/sardegna/cagliari/pages/caff_pasticceria_delite_39.2186_9.1284.json,custom
39.225362,9.101972,osm_bar_marius_39.2254_9.1020,Bar Marius,bar_cafe,bar_cafe,https://raw.githubusercontent.com/pasqualelembo78/huntix-poi/main/italia/sardegna/cagliari/pages/bar_marius_39.2254_9.1020.json,custom
39.216411,9.109091,osm_punto_cagliari_39.2164_9.1091,Punto Cagliari,bar_cafe,bar_cafe,https://raw.githubusercontent.com/pasqualelembo78/huntix-poi/main/italia/sardegna/cagliari/pages/punto_cagliari_39.2164_9.1091.json,custom
39.222860,9.123228,osm_peek_a_boo_39.2229_9.1232,Peek-a-Boo,bar_cafe,bar_cafe,https://raw.githubusercontent.com/pasqualelembo78/huntix-poi/main/italia/sardegna/cagliari/pages/peek-a-boo_39.2229_9.1232.json,custom
39.220951,9.105197,osm_banana_caf__39.2210_9.1052,Banana cafè,bar_cafe,bar_cafe,https://raw.githubusercontent.com/pasqualelembo78/huntix-poi/main/italia/sardegna/cagliari/pages/banana_caf_39.2210_9.1052.json,custom
39.217803,9.111767,osm_kubrick_39.2178_9.1118,Kubrick,bar_cafe,bar_cafe,https://raw.githubusercontent.com/pasqualelembo78/huntix-poi/main/italia/sardegna/cagliari/pages/kubrick_39.2178_9.1118.json,custom
39.217750,9.111894,osm_niu_39.2178_9.1119,Niu,bar_cafe,bar_cafe,https://raw.githubusercontent.com/pasqualelembo78/huntix-poi/main/italia/sardegna/cagliari/pages/niu_39.2178_9.1119.json,custom
39.215570,9.116250,osm_caff__kalaris_39.2156_9.1163,Caffè Kalaris,bar_cafe,bar_cafe,https://raw.githubusercontent.com/pasqualelembo78/huntix-poi/main/italia/sardegna/cagliari/pages/caff_kalaris_39.2156_9.1163.json,custom
39.215743,9.116003,osm_caff__tramer_39.2157_9.1160,Caffè Tramer,bar_cafe,bar_cafe,https://raw.githubusercontent.com/pasqualelembo78/huntix-poi/main/italia/sardegna/cagliari/pages/caff_tramer_39.2157_9.1160.json,custom
39.220331,9.122280,osm_cucina_eat_39.2203_9.1223,CUCINA.eat,bar_cafe,bar_cafe,https://raw.githubusercontent.com/pasqualelembo78/huntix-poi/main/italia/sardegna/cagliari/pages/cucinaeat_39.2203_9.1223.json,custom
39.217898,9.114026,osm_metzcal_39.2179_9.1140,Metzcal,bar_cafe,bar_cafe,https://raw.githubusercontent.com/pasqualelembo78/huntix-poi/main/italia/sardegna/cagliari/pages/metzcal_39.2179_9.1140.json,custom
39.219962,9.133265,osm_bar_monte_urpinu_39.2200_9.1333,Bar Monte Urpinu,bar_cafe,bar_cafe,https://raw.githubusercontent.com/pasqualelembo78/huntix-poi/main/italia/sardegna/cagliari/pages/bar_monte_urpinu_39.2200_9.1333.json,custom
39.239999,9.121101,osm_040_zeroquaranta_39.2400_9.1211,040 Zeroquaranta,bar_cafe,bar_cafe,https://raw.githubusercontent.com/pasqualelembo78/huntix-poi/main/italia/sardegna/cagliari/pages/040_zeroquaranta_39.2400_9.1211.json,custom
39.234611,9.139365,osm_loyal_39.2346_9.1394,Loyal,bar_cafe,bar_cafe,https://raw.githubusercontent.com/pasqualelembo78/huntix-poi/main/italia/sardegna/cagliari/pages/loyal_39.2346_9.1394.json,custom
39.214438,9.113110,osm_raf__39.2144_9.1131,Rafè,bar_cafe,bar_cafe,https://raw.githubusercontent.com/pasqualelembo78/huntix-poi/main/italia/sardegna/cagliari/pages/raf_39.2144_9.1131.json,custom
39.214362,9.111950,osm_caff__roma_39.2144_9.1119,Caffè Roma,bar_cafe,bar_cafe,https://raw.githubusercontent.com/pasqualelembo78/huntix-poi/main/italia/sardegna/cagliari/pages/caff_roma_39.2144_9.1119.json,custom
39.217674,9.113886,osm_emme_39.2177_9.1139,Emme,bar_cafe,bar_cafe,https://raw.githubusercontent.com/pasqualelembo78/huntix-poi/main/italia/sardegna/cagliari/pages/emme_39.2177_9.1139.json,custom
39.217616,9.113839,osm_zighiri_39.2176_9.1138,Zighiri,bar_cafe,bar_cafe,https://raw.githubusercontent.com/pasqualelembo78/huntix-poi/main/italia/sardegna/cagliari/pages/zighiri_39.2176_9.1138.json,custom
39.217355,9.113740,osm_bar_koko_house_39.2174_9.1137,Bar Koko House,bar_cafe,bar_cafe,https://raw.githubusercontent.com/pasqualelembo78/huntix-poi/main/italia/sardegna/cagliari/pages/bar_koko_house_39.2174_9.1137.json,custom
39.214479,9.111702,osm_nuovo_caff__torino_39.2145_9.1117,Nuovo Caffè Torino,bar_cafe,bar_cafe,https://raw.githubusercontent.com/pasqualelembo78/huntix-poi/main/italia/sardegna/cagliari/pages/nuovo_caff_torino_39.2145_9.1117.json,custom
39.214854,9.113655,osm_alcool_39.2149_9.1137,Alcool,bar_cafe,bar_cafe,https://raw.githubusercontent.com/pasqualelembo78/huntix-poi/main/italia/sardegna/cagliari/pages/alcool_39.2149_9.1137.json,custom
39.214543,9.111595,osm_pasticceria_gelateria_casti_39.2145_9.1116,Pasticceria Gelateria Casti,bar_cafe,bar_cafe,https://raw.githubusercontent.com/pasqualelembo78/huntix-poi/main/italia/sardegna/cagliari/pages/pasticceria_gelateria_casti_39.2145_9.1116.json,custom
39.214713,9.113800,osm_arcobaleno_39.2147_9.1138,Arcobaleno,bar_cafe,bar_cafe,https://raw.githubusercontent.com/pasqualelembo78/huntix-poi/main/italia/sardegna/cagliari/pages/arcobaleno_39.2147_9.1138.json,custom
39.219731,9.108533,osm_caf__regio_39.2197_9.1085,Café Regio,bar_cafe,bar_cafe,https://raw.githubusercontent.com/pasqualelembo78/huntix-poi/main/italia/sardegna/cagliari/pages/caf_regio_39.2197_9.1085.json,custom
39.218735,9.110155,osm_eight_s_39.2187_9.1102,Eight's,bar_cafe,bar_cafe,https://raw.githubusercontent.com/pasqualelembo78/huntix-poi/main/italia/sardegna/cagliari/pages/eights_39.2187_9.1102.json,custom
39.218486,9.110463,osm_spritz_time_39.2185_9.1105,Spritz time,bar_cafe,bar_cafe,https://raw.githubusercontent.com/pasqualelembo78/huntix-poi/main/italia/sardegna/cagliari/pages/spritz_time_39.2185_9.1105.json,custom
39.212856,9.115443,osm_angel_s_bar_39.2129_9.1154,Angel's Bar,bar_cafe,bar_cafe,https://raw.githubusercontent.com/pasqualelembo78/huntix-poi/main/italia/sardegna/cagliari/pages/angels_bar_39.2129_9.1154.json,custom
39.202111,9.160964,osm_puccini_beach_39.2021_9.1610,Puccini Beach,bar_cafe,bar_cafe,https://raw.githubusercontent.com/pasqualelembo78/huntix-poi/main/italia/sardegna/cagliari/pages/puccini_beach_39.2021_9.1610.json,custom
39.218850,9.108165,osm_vintage_39.2188_9.1082,Vintage,bar_cafe,bar_cafe,https://raw.githubusercontent.com/pasqualelembo78/huntix-poi/main/italia/sardegna/cagliari/pages/vintage_39.2188_9.1082.json,custom
39.239122,9.101445,osm_il_bar_39.2391_9.1014,Il Bar,bar_cafe,bar_cafe,https://raw.githubusercontent.com/pasqualelembo78/huntix-poi/main/italia/sardegna/cagliari/pages/il_bar_39.2391_9.1014.json,custom
