# lat,lng,id,name,building_type,type,url,page_type
# Viareggio -- Tutti
43.855680,10.261050,ov_giovanni_balzano_dietista___nutrizionist_43.8557_10.2610,Giovanni Balzano Dietista - Nutrizionista,HOSPITAL,hospital,https://raw.githubusercontent.com/pasqualelembo78/huntix-poi/main/italia/toscana/viareggio/pages/giovanni_balzano_dietista_-_nutrizionist_43.8557_10.2610.json,custom
43.871589,10.242392,ov_dermatologia_cisti_e_lipomi_43.8716_10.2424,Dermatologia:Cisti e Lipomi,HOSPITAL,hospital,https://raw.githubusercontent.com/pasqualelembo78/huntix-poi/main/italia/toscana/viareggio/pages/dermatologiacisti_e_lipomi_43.8716_10.2424.json,custom
43.872090,10.250950,ov_fials_segreteria_provinciale_lucca___ver_43.8721_10.2509,FIALS Segreteria Provinciale Lucca - Versilia,HOSPITAL,hospital,https://raw.githubusercontent.com/pasqualelembo78/huntix-poi/main/italia/toscana/viareggio/pages/fials_segreteria_provinciale_lucca_-_ver_43.8721_10.2509.json,custom
43.877145,10.244666,ov_consultorio_giovani___ausl12_viareggio_43.8771_10.2447,Consultorio Giovani - Ausl12 Viareggio,HOSPITAL,hospital,https://raw.githubusercontent.com/pasqualelembo78/huntix-poi/main/italia/toscana/viareggio/pages/consultorio_giovani_-_ausl12_viareggio_43.8771_10.2447.json,custom
43.890113,10.246260,osm_centro_distrettuale_vaccinazioni_43.8901_10.2463,Centro Distrettuale Vaccinazioni,hospital,hospital,https://raw.githubusercontent.com/pasqualelembo78/huntix-poi/main/italia/toscana/viareggio/pages/centro_distrettuale_vaccinazioni_43.8901_10.2463.json,custom
43.816654,10.259408,ov_bagno_lagomare_old_style_43.8167_10.2594,Bagno Lagomare old style,RESTAURANT,ristorante,https://raw.githubusercontent.com/pasqualelembo78/huntix-poi/main/italia/toscana/viareggio/pages/bagno_lagomare_old_style_43.8167_10.2594.json,custom
43.818249,10.260618,ov_pizzeria_la_rotonda_43.8182_10.2606,Pizzeria La Rotonda,RESTAURANT,ristorante,https://raw.githubusercontent.com/pasqualelembo78/huntix-poi/main/italia/toscana/viareggio/pages/pizzeria_la_rotonda_43.8182_10.2606.json,custom
43.818450,10.259527,ov_bagno_stella_sud_official_43.8185_10.2595,Bagno Stella Sud Official,RESTAURANT,ristorante,https://raw.githubusercontent.com/pasqualelembo78/huntix-poi/main/italia/toscana/viareggio/pages/bagno_stella_sud_official_43.8185_10.2595.json,custom
43.818465,10.260592,ov_ristorante_pizzeria_le_cicogne_43.8185_10.2606,Ristorante Pizzeria Le Cicogne,RESTAURANT,ristorante,https://raw.githubusercontent.com/pasqualelembo78/huntix-poi/main/italia/toscana/viareggio/pages/ristorante_pizzeria_le_cicogne_43.8185_10.2606.json,custom
43.826336,10.286442,ov_pizzeria_da_beppone_43.8263_10.2864,Pizzeria da Beppone,RESTAURANT,ristorante,https://raw.githubusercontent.com/pasqualelembo78/huntix-poi/main/italia/toscana/viareggio/pages/pizzeria_da_beppone_43.8263_10.2864.json,custom
43.826434,10.286704,ov_giallo_food_and_drink_43.8264_10.2867,Giallo Food And Drink,RESTAURANT,ristorante,https://raw.githubusercontent.com/pasqualelembo78/huntix-poi/main/italia/toscana/viareggio/pages/giallo_food_and_drink_43.8264_10.2867.json,custom
43.826586,10.286090,ov_bet_and_dreams_43.8266_10.2861,Bet And Dreams,RESTAURANT,ristorante,https://raw.githubusercontent.com/pasqualelembo78/huntix-poi/main/italia/toscana/viareggio/pages/bet_and_dreams_43.8266_10.2861.json,custom
43.825210,10.282139,ov_elemento_ex_piccadilly_torre_del_lago_pu_43.8252_10.2821,Elemento ex piccadilly torre del lago puccini,RESTAURANT,ristorante,https://raw.githubusercontent.com/pasqualelembo78/huntix-poi/main/italia/toscana/viareggio/pages/elemento_ex_piccadilly_torre_del_lago_pu_43.8252_10.2821.json,custom
43.825321,10.282149,ov_pizzeria_piccadilly_43.8253_10.2821,Pizzeria Piccadilly,RESTAURANT,ristorante,https://raw.githubusercontent.com/pasqualelembo78/huntix-poi/main/italia/toscana/viareggio/pages/pizzeria_piccadilly_43.8253_10.2821.json,custom
43.825680,10.284027,ov_pizzeria_t_d_l__43.8257_10.2840,Pizzeria T.D.L.,RESTAURANT,ristorante,https://raw.githubusercontent.com/pasqualelembo78/huntix-poi/main/italia/toscana/viareggio/pages/pizzeria_tdl_43.8257_10.2840.json,custom
43.825686,10.283571,ov_dulcis_in_fundo_43.8257_10.2836,Dulcis in Fundo,RESTAURANT,ristorante,https://raw.githubusercontent.com/pasqualelembo78/huntix-poi/main/italia/toscana/viareggio/pages/dulcis_in_fundo_43.8257_10.2836.json,custom
43.824362,10.279873,ov_rosticceria_o_dino_43.8244_10.2799,Rosticceria O'Dino,RESTAURANT,ristorante,https://raw.githubusercontent.com/pasqualelembo78/huntix-poi/main/italia/toscana/viareggio/pages/rosticceria_odino_43.8244_10.2799.json,custom
43.824191,10.279277,ov_i_du__compari_43.8242_10.2793,I Du' Compari,RESTAURANT,ristorante,https://raw.githubusercontent.com/pasqualelembo78/huntix-poi/main/italia/toscana/viareggio/pages/i_du_compari_43.8242_10.2793.json,custom
43.823829,10.279328,ov_piccadilly_torre_del_lago_43.8238_10.2793,Piccadilly Torre Del Lago,RESTAURANT,ristorante,https://raw.githubusercontent.com/pasqualelembo78/huntix-poi/main/italia/toscana/viareggio/pages/piccadilly_torre_del_lago_43.8238_10.2793.json,custom
43.823669,10.277650,ov_pizzeria_tirreno_43.8237_10.2777,Pizzeria Tirreno,RESTAURANT,ristorante,https://raw.githubusercontent.com/pasqualelembo78/huntix-poi/main/italia/toscana/viareggio/pages/pizzeria_tirreno_43.8237_10.2777.json,custom
43.823666,10.277671,ov_teste___lische_43.8237_10.2777,Teste & Lische,RESTAURANT,ristorante,https://raw.githubusercontent.com/pasqualelembo78/huntix-poi/main/italia/toscana/viareggio/pages/teste_lische_43.8237_10.2777.json,custom
43.824438,10.291613,ov_le_tre_scimmie_43.8244_10.2916,Le Tre Scimmie,RESTAURANT,ristorante,https://raw.githubusercontent.com/pasqualelembo78/huntix-poi/main/italia/toscana/viareggio/pages/le_tre_scimmie_43.8244_10.2916.json,custom
43.824727,10.295963,ov_il_fiaschetto_43.8247_10.2960,Il Fiaschetto,RESTAURANT,ristorante,https://raw.githubusercontent.com/pasqualelembo78/huntix-poi/main/italia/toscana/viareggio/pages/il_fiaschetto_43.8247_10.2960.json,custom
43.820903,10.276950,ov_ristorante_la_selva_43.8209_10.2770,Ristorante La Selva,RESTAURANT,ristorante,https://raw.githubusercontent.com/pasqualelembo78/huntix-poi/main/italia/toscana/viareggio/pages/ristorante_la_selva_43.8209_10.2770.json,custom
43.821140,10.280317,ov_ristorante_bar_pizzeria_burlamacco_43.8211_10.2803,Ristorante Bar Pizzeria Burlamacco,RESTAURANT,ristorante,https://raw.githubusercontent.com/pasqualelembo78/huntix-poi/main/italia/toscana/viareggio/pages/ristorante_bar_pizzeria_burlamacco_43.8211_10.2803.json,custom
43.820798,10.259361,ov_danubio_43.8208_10.2594,Danubio,RESTAURANT,ristorante,https://raw.githubusercontent.com/pasqualelembo78/huntix-poi/main/italia/toscana/viareggio/pages/danubio_43.8208_10.2594.json,custom
43.819760,10.268580,ov_tower_street_food___wine_bar_43.8198_10.2686,TOWER Street Food & Wine Bar,RESTAURANT,ristorante,https://raw.githubusercontent.com/pasqualelembo78/huntix-poi/main/italia/toscana/viareggio/pages/tower_street_food_wine_bar_43.8198_10.2686.json,custom
43.818640,10.261166,ov_basilico_fresco_43.8186_10.2612,Basilico Fresco,RESTAURANT,ristorante,https://raw.githubusercontent.com/pasqualelembo78/huntix-poi/main/italia/toscana/viareggio/pages/basilico_fresco_43.8186_10.2612.json,custom
43.818858,10.260056,ov_lo_scorfano_brontolone_43.8189_10.2601,Lo Scorfano Brontolone,RESTAURANT,ristorante,https://raw.githubusercontent.com/pasqualelembo78/huntix-poi/main/italia/toscana/viareggio/pages/lo_scorfano_brontolone_43.8189_10.2601.json,custom
43.818995,10.260072,ov_ristobar_da_carla_43.8190_10.2601,Ristobar Da Carla,RESTAURANT,ristorante,https://raw.githubusercontent.com/pasqualelembo78/huntix-poi/main/italia/toscana/viareggio/pages/ristobar_da_carla_43.8190_10.2601.json,custom
43.819189,10.259972,ov_nana_banana_43.8192_10.2600,nana banana,RESTAURANT,ristorante,https://raw.githubusercontent.com/pasqualelembo78/huntix-poi/main/italia/toscana/viareggio/pages/nana_banana_43.8192_10.2600.json,custom
43.820630,10.259370,ov_scuola_italiana_pizzaioli_viareggio_43.8206_10.2594,Scuola italiana pizzaioli Viareggio,RESTAURANT,ristorante,https://raw.githubusercontent.com/pasqualelembo78/huntix-poi/main/italia/toscana/viareggio/pages/scuola_italiana_pizzaioli_viareggio_43.8206_10.2594.json,custom
43.820620,10.258970,ov_partal_beach_club_43.8206_10.2590,Partal Beach Club,RESTAURANT,ristorante,https://raw.githubusercontent.com/pasqualelembo78/huntix-poi/main/italia/toscana/viareggio/pages/partal_beach_club_43.8206_10.2590.json,custom
43.820609,10.258655,ov_la_baracchina_di_vally_43.8206_10.2587,La Baracchina di Vally,RESTAURANT,ristorante,https://raw.githubusercontent.com/pasqualelembo78/huntix-poi/main/italia/toscana/viareggio/pages/la_baracchina_di_vally_43.8206_10.2587.json,custom
43.820411,10.258948,ov_il_don_chisciotte_da_fabrizio_e_angela_43.8204_10.2589,Il Don Chisciotte Da Fabrizio e Angela,RESTAURANT,ristorante,https://raw.githubusercontent.com/pasqualelembo78/huntix-poi/main/italia/toscana/viareggio/pages/il_don_chisciotte_da_fabrizio_e_angela_43.8204_10.2589.json,custom
43.820370,10.259060,ov_ristorante_enoteca_giordano_bruno_43.8204_10.2591,Ristorante Enoteca Giordano Bruno,RESTAURANT,ristorante,https://raw.githubusercontent.com/pasqualelembo78/huntix-poi/main/italia/toscana/viareggio/pages/ristorante_enoteca_giordano_bruno_43.8204_10.2591.json,custom
43.820365,10.259052,ov_pangrattato_43.8204_10.2591,Pangrattato,RESTAURANT,ristorante,https://raw.githubusercontent.com/pasqualelembo78/huntix-poi/main/italia/toscana/viareggio/pages/pangrattato_43.8204_10.2591.json,custom
43.821378,10.259142,ov_tacabanda_43.8214_10.2591,Tacabanda,RESTAURANT,ristorante,https://raw.githubusercontent.com/pasqualelembo78/huntix-poi/main/italia/toscana/viareggio/pages/tacabanda_43.8214_10.2591.json,custom
43.821874,10.259041,ov_adagio_torre_del_lago_43.8219_10.2590,Adagio torre del Lago,RESTAURANT,ristorante,https://raw.githubusercontent.com/pasqualelembo78/huntix-poi/main/italia/toscana/viareggio/pages/adagio_torre_del_lago_43.8219_10.2590.json,custom
43.821932,10.258907,ov_elefante_marino_43.8219_10.2589,Elefante Marino,RESTAURANT,ristorante,https://raw.githubusercontent.com/pasqualelembo78/huntix-poi/main/italia/toscana/viareggio/pages/elefante_marino_43.8219_10.2589.json,custom
43.822131,10.258798,ov_osteria_maestri_del_gusto_43.8221_10.2588,Osteria Maestri del Gusto,RESTAURANT,ristorante,https://raw.githubusercontent.com/pasqualelembo78/huntix-poi/main/italia/toscana/viareggio/pages/osteria_maestri_del_gusto_43.8221_10.2588.json,custom
43.825621,10.257561,ov_coniglio_mandingo_43.8256_10.2576,Coniglio Mandingo,RESTAURANT,ristorante,https://raw.githubusercontent.com/pasqualelembo78/huntix-poi/main/italia/toscana/viareggio/pages/coniglio_mandingo_43.8256_10.2576.json,custom
43.828850,10.285090,ov_pizzeria_da_rizieri_43.8289_10.2851,Pizzeria Da Rizieri,RESTAURANT,ristorante,https://raw.githubusercontent.com/pasqualelembo78/huntix-poi/main/italia/toscana/viareggio/pages/pizzeria_da_rizieri_43.8289_10.2851.json,custom
43.827697,10.290322,ov_pizzeria_al_taglio_27_43.8277_10.2903,Pizzeria al Taglio 27,RESTAURANT,ristorante,https://raw.githubusercontent.com/pasqualelembo78/huntix-poi/main/italia/toscana/viareggio/pages/pizzeria_al_taglio_27_43.8277_10.2903.json,custom
43.828702,10.290844,ov_trattoria_pizzeria_odilio_43.8287_10.2908,Trattoria Pizzeria Odilio,RESTAURANT,ristorante,https://raw.githubusercontent.com/pasqualelembo78/huntix-poi/main/italia/toscana/viareggio/pages/trattoria_pizzeria_odilio_43.8287_10.2908.json,custom
43.828097,10.291362,ov_il_piccolo_principe_caf__restaurant_43.8281_10.2914,Il Piccolo Principe Cafè Restaurant,RESTAURANT,ristorante,https://raw.githubusercontent.com/pasqualelembo78/huntix-poi/main/italia/toscana/viareggio/pages/il_piccolo_principe_caf_restaurant_43.8281_10.2914.json,custom
43.829157,10.290816,ov_ristorante_lombardi_43.8292_10.2908,Ristorante Lombardi,RESTAURANT,ristorante,https://raw.githubusercontent.com/pasqualelembo78/huntix-poi/main/italia/toscana/viareggio/pages/ristorante_lombardi_43.8292_10.2908.json,custom
43.832355,10.289249,ov_salumeria_lazzarini_43.8324_10.2892,Salumeria Lazzarini,RESTAURANT,ristorante,https://raw.githubusercontent.com/pasqualelembo78/huntix-poi/main/italia/toscana/viareggio/pages/salumeria_lazzarini_43.8324_10.2892.json,custom
43.834506,10.287774,ov_boca_restaurant_43.8345_10.2878,BOCA Restaurant,RESTAURANT,ristorante,https://raw.githubusercontent.com/pasqualelembo78/huntix-poi/main/italia/toscana/viareggio/pages/boca_restaurant_43.8345_10.2878.json,custom
43.834510,10.287772,ov_green_bar_bagno_croce_verde_lucca_43.8345_10.2878,Green Bar Bagno Croce Verde Lucca,RESTAURANT,ristorante,https://raw.githubusercontent.com/pasqualelembo78/huntix-poi/main/italia/toscana/viareggio/pages/green_bar_bagno_croce_verde_lucca_43.8345_10.2878.json,custom
43.842299,10.263160,ov_la_lecciona_43.8423_10.2632,La Lecciona,RESTAURANT,ristorante,https://raw.githubusercontent.com/pasqualelembo78/huntix-poi/main/italia/toscana/viareggio/pages/la_lecciona_43.8423_10.2632.json,custom
43.832398,10.307137,ov_chalet_del_lago_43.8324_10.3071,Chalet del Lago,RESTAURANT,ristorante,https://raw.githubusercontent.com/pasqualelembo78/huntix-poi/main/italia/toscana/viareggio/pages/chalet_del_lago_43.8324_10.3071.json,custom
43.831969,10.306503,ov_arya___ristorante___cocktail_bar_43.8320_10.3065,ARYA - Ristorante & Cocktail Bar,RESTAURANT,ristorante,https://raw.githubusercontent.com/pasqualelembo78/huntix-poi/main/italia/toscana/viareggio/pages/arya_-_ristorante_cocktail_bar_43.8320_10.3065.json,custom
43.832130,10.306457,ov_da_cecco_43.8321_10.3065,Da Cecco,RESTAURANT,ristorante,https://raw.githubusercontent.com/pasqualelembo78/huntix-poi/main/italia/toscana/viareggio/pages/da_cecco_43.8321_10.3065.json,custom
43.830154,10.301236,ov_ristorante_lalampara_43.8302_10.3012,Ristorante Lalampara,RESTAURANT,ristorante,https://raw.githubusercontent.com/pasqualelembo78/huntix-poi/main/italia/toscana/viareggio/pages/ristorante_lalampara_43.8302_10.3012.json,custom
43.846945,10.247986,ov_ristorante_armanda_43.8469_10.2480,Ristorante Armanda,RESTAURANT,ristorante,https://raw.githubusercontent.com/pasqualelembo78/huntix-poi/main/italia/toscana/viareggio/pages/ristorante_armanda_43.8469_10.2480.json,custom
43.847808,10.247291,ov_ristorante_pizzeria_oscar_g_43.8478_10.2473,Ristorante Pizzeria Oscar G,RESTAURANT,ristorante,https://raw.githubusercontent.com/pasqualelembo78/huntix-poi/main/italia/toscana/viareggio/pages/ristorante_pizzeria_oscar_g_43.8478_10.2473.json,custom
43.847295,10.247672,ov_onda_marina_43.8473_10.2477,Onda Marina,RESTAURANT,ristorante,https://raw.githubusercontent.com/pasqualelembo78/huntix-poi/main/italia/toscana/viareggio/pages/onda_marina_43.8473_10.2477.json,custom
43.852250,10.244530,ov_il_veliero_43.8522_10.2445,Il Veliero,RESTAURANT,ristorante,https://raw.githubusercontent.com/pasqualelembo78/huntix-poi/main/italia/toscana/viareggio/pages/il_veliero_43.8522_10.2445.json,custom
43.851970,10.244081,ov_ristorante_marechiaro_viareggio_43.8520_10.2441,Ristorante Marechiaro Viareggio,RESTAURANT,ristorante,https://raw.githubusercontent.com/pasqualelembo78/huntix-poi/main/italia/toscana/viareggio/pages/ristorante_marechiaro_viareggio_43.8520_10.2441.json,custom
43.851378,10.245288,ov_sakura_fusion___viareggio_43.8514_10.2453,Sakura Fusion - Viareggio,RESTAURANT,ristorante,https://raw.githubusercontent.com/pasqualelembo78/huntix-poi/main/italia/toscana/viareggio/pages/sakura_fusion_-_viareggio_43.8514_10.2453.json,custom
43.851044,10.245483,ov_leblon_43.8510_10.2455,Leblon,RESTAURANT,ristorante,https://raw.githubusercontent.com/pasqualelembo78/huntix-poi/main/italia/toscana/viareggio/pages/leblon_43.8510_10.2455.json,custom
43.850495,10.241952,ov_bar_ristorante_caterina_43.8505_10.2420,bar_ristorante_caterina,RESTAURANT,ristorante,https://raw.githubusercontent.com/pasqualelembo78/huntix-poi/main/italia/toscana/viareggio/pages/barristorantecaterina_43.8505_10.2420.json,custom
43.851255,10.259456,ov_il_tavernino_43.8513_10.2595,Il Tavernino,RESTAURANT,ristorante,https://raw.githubusercontent.com/pasqualelembo78/huntix-poi/main/italia/toscana/viareggio/pages/il_tavernino_43.8513_10.2595.json,custom
43.849449,10.264039,ov_ristorante_il_tarabuso_43.8494_10.2640,Ristorante Il Tarabuso,RESTAURANT,ristorante,https://raw.githubusercontent.com/pasqualelembo78/huntix-poi/main/italia/toscana/viareggio/pages/ristorante_il_tarabuso_43.8494_10.2640.json,custom
43.848110,10.247208,ov_la_baracuda_restaurant_43.8481_10.2472,La Baracuda Restaurant,RESTAURANT,ristorante,https://raw.githubusercontent.com/pasqualelembo78/huntix-poi/main/italia/toscana/viareggio/pages/la_baracuda_restaurant_43.8481_10.2472.json,custom
43.848463,10.246250,ov_bagno_rossella___ristorante_43.8485_10.2463,Bagno Rossella - Ristorante,RESTAURANT,ristorante,https://raw.githubusercontent.com/pasqualelembo78/huntix-poi/main/italia/toscana/viareggio/pages/bagno_rossella_-_ristorante_43.8485_10.2463.json,custom
43.852676,10.244674,ov_asuka_sushi_viareggio_43.8527_10.2447,Asuka sushi Viareggio,RESTAURANT,ristorante,https://raw.githubusercontent.com/pasqualelembo78/huntix-poi/main/italia/toscana/viareggio/pages/asuka_sushi_viareggio_43.8527_10.2447.json,custom
43.853298,10.244235,ov_bagno_mergellina_di_funel_gloria_sas_43.8533_10.2442,Bagno Mergellina di Funel Gloria SAS,RESTAURANT,ristorante,https://raw.githubusercontent.com/pasqualelembo78/huntix-poi/main/italia/toscana/viareggio/pages/bagno_mergellina_di_funel_gloria_sas_43.8533_10.2442.json,custom
43.853553,10.261339,ov_big_mama_caff__snack_bar_43.8536_10.2613,Big Mama Caffè Snack Bar,RESTAURANT,ristorante,https://raw.githubusercontent.com/pasqualelembo78/huntix-poi/main/italia/toscana/viareggio/pages/big_mama_caff_snack_bar_43.8536_10.2613.json,custom
43.854036,10.263506,ov_pizzeria_di_simone_43.8540_10.2635,Pizzeria Di Simone,RESTAURANT,ristorante,https://raw.githubusercontent.com/pasqualelembo78/huntix-poi/main/italia/toscana/viareggio/pages/pizzeria_di_simone_43.8540_10.2635.json,custom
43.854221,10.260957,ov_alaimo_pescheria_43.8542_10.2610,Alaimo Pescheria,RESTAURANT,ristorante,https://raw.githubusercontent.com/pasqualelembo78/huntix-poi/main/italia/toscana/viareggio/pages/alaimo_pescheria_43.8542_10.2610.json,custom
43.853577,10.244061,ov_ristorante_la_barca_43.8536_10.2441,Ristorante La Barca,RESTAURANT,ristorante,https://raw.githubusercontent.com/pasqualelembo78/huntix-poi/main/italia/toscana/viareggio/pages/ristorante_la_barca_43.8536_10.2441.json,custom
43.853629,10.243171,ov_teresa_bistrot_sul_mare_43.8536_10.2432,Teresa Bistrot sul Mare,RESTAURANT,ristorante,https://raw.githubusercontent.com/pasqualelembo78/huntix-poi/main/italia/toscana/viareggio/pages/teresa_bistrot_sul_mare_43.8536_10.2432.json,custom
43.854469,10.243573,ov_bagno_giorgia_43.8545_10.2436,Bagno Giorgia,RESTAURANT,ristorante,https://raw.githubusercontent.com/pasqualelembo78/huntix-poi/main/italia/toscana/viareggio/pages/bagno_giorgia_43.8545_10.2436.json,custom
43.857529,10.237791,ov_portus_43.8575_10.2378,Portus,RESTAURANT,ristorante,https://raw.githubusercontent.com/pasqualelembo78/huntix-poi/main/italia/toscana/viareggio/pages/portus_43.8575_10.2378.json,custom
43.860142,10.259654,ov_bar___pizzeria_lory_s_43.8601_10.2597,Bar - Pizzeria Lory's,RESTAURANT,ristorante,https://raw.githubusercontent.com/pasqualelembo78/huntix-poi/main/italia/toscana/viareggio/pages/bar_-_pizzeria_lorys_43.8601_10.2597.json,custom
43.859576,10.258059,ov_acqua_e_farina_43.8596_10.2581,Acqua e Farina,RESTAURANT,ristorante,https://raw.githubusercontent.com/pasqualelembo78/huntix-poi/main/italia/toscana/viareggio/pages/acqua_e_farina_43.8596_10.2581.json,custom
43.858553,10.247480,ov_ristorante_nuovo_mezzo_marinaio_43.8586_10.2475,Ristorante Nuovo Mezzo Marinaio,RESTAURANT,ristorante,https://raw.githubusercontent.com/pasqualelembo78/huntix-poi/main/italia/toscana/viareggio/pages/ristorante_nuovo_mezzo_marinaio_43.8586_10.2475.json,custom
43.857101,10.260553,ov_pizzeria_la_vietta_43.8571_10.2606,Pizzeria La Vietta,RESTAURANT,ristorante,https://raw.githubusercontent.com/pasqualelembo78/huntix-poi/main/italia/toscana/viareggio/pages/pizzeria_la_vietta_43.8571_10.2606.json,custom
43.856742,10.273590,ov_trattoria_e_pizzeria_a_casa_mia_43.8567_10.2736,Trattoria e Pizzeria A Casa Mia,RESTAURANT,ristorante,https://raw.githubusercontent.com/pasqualelembo78/huntix-poi/main/italia/toscana/viareggio/pages/trattoria_e_pizzeria_a_casa_mia_43.8567_10.2736.json,custom
43.858610,10.275470,ov_mco_group_mediterranean_43.8586_10.2755,McO Group Mediterranean,RESTAURANT,ristorante,https://raw.githubusercontent.com/pasqualelembo78/huntix-poi/main/italia/toscana/viareggio/pages/mco_group_mediterranean_43.8586_10.2755.json,custom
43.857670,10.271210,ov_pizzeria_da_gilb__43.8577_10.2712,Pizzeria da Gilbè,RESTAURANT,ristorante,https://raw.githubusercontent.com/pasqualelembo78/huntix-poi/main/italia/toscana/viareggio/pages/pizzeria_da_gilb_43.8577_10.2712.json,custom
43.859807,10.273619,ov_sister_s_43.8598_10.2736,Sister's,RESTAURANT,ristorante,https://raw.githubusercontent.com/pasqualelembo78/huntix-poi/main/italia/toscana/viareggio/pages/sisters_43.8598_10.2736.json,custom
43.853403,10.275526,ov_panetteria__da_cecilia_43.8534_10.2755,Panetteria  Da Cecilia,RESTAURANT,ristorante,https://raw.githubusercontent.com/pasqualelembo78/huntix-poi/main/italia/toscana/viareggio/pages/panetteria_da_cecilia_43.8534_10.2755.json,custom
43.854152,10.408309,ov_market_43.8542_10.4083,Market,RESTAURANT,ristorante,https://raw.githubusercontent.com/pasqualelembo78/huntix-poi/main/italia/toscana/viareggio/pages/market_43.8542_10.4083.json,custom
43.866056,10.266950,ov_pizzeria_gran_varignano_43.8661_10.2670,Pizzeria Gran Varignano,RESTAURANT,ristorante,https://raw.githubusercontent.com/pasqualelembo78/huntix-poi/main/italia/toscana/viareggio/pages/pizzeria_gran_varignano_43.8661_10.2670.json,custom
43.862042,10.271714,ov_bam_bam_ristosauro_43.8620_10.2717,Bam Bam Ristosauro,RESTAURANT,ristorante,https://raw.githubusercontent.com/pasqualelembo78/huntix-poi/main/italia/toscana/viareggio/pages/bam_bam_ristosauro_43.8620_10.2717.json,custom
43.864118,10.270288,ov_pizzeria_da_gio_43.8641_10.2703,Pizzeria da Gio,RESTAURANT,ristorante,https://raw.githubusercontent.com/pasqualelembo78/huntix-poi/main/italia/toscana/viareggio/pages/pizzeria_da_gio_43.8641_10.2703.json,custom
43.864519,10.269995,ov_pane_e_olio_il_fornaio_43.8645_10.2700,Pane e Olio Il Fornaio,RESTAURANT,ristorante,https://raw.githubusercontent.com/pasqualelembo78/huntix-poi/main/italia/toscana/viareggio/pages/pane_e_olio_il_fornaio_43.8645_10.2700.json,custom
43.864960,10.252714,ov_sale_e_pepe_43.8650_10.2527,Sale e Pepe,RESTAURANT,ristorante,https://raw.githubusercontent.com/pasqualelembo78/huntix-poi/main/italia/toscana/viareggio/pages/sale_e_pepe_43.8650_10.2527.json,custom
43.865030,10.253376,ov_fronte_del_porto_43.8650_10.2534,Fronte Del Porto,RESTAURANT,ristorante,https://raw.githubusercontent.com/pasqualelembo78/huntix-poi/main/italia/toscana/viareggio/pages/fronte_del_porto_43.8650_10.2534.json,custom
43.865039,10.253211,ov_trattoria_fronte_del_porto_43.8650_10.2532,Trattoria Fronte Del Porto,RESTAURANT,ristorante,https://raw.githubusercontent.com/pasqualelembo78/huntix-poi/main/italia/toscana/viareggio/pages/trattoria_fronte_del_porto_43.8650_10.2532.json,custom
43.864552,10.251394,ov_trattoria_il_gabbiano_43.8646_10.2514,Trattoria Il Gabbiano,RESTAURANT,ristorante,https://raw.githubusercontent.com/pasqualelembo78/huntix-poi/main/italia/toscana/viareggio/pages/trattoria_il_gabbiano_43.8646_10.2514.json,custom
43.864534,10.251512,ov_la_piadineria_43.8645_10.2515,La Piadineria,RESTAURANT,ristorante,https://raw.githubusercontent.com/pasqualelembo78/huntix-poi/main/italia/toscana/viareggio/pages/la_piadineria_43.8645_10.2515.json,custom
43.864904,10.245066,ov_la_baracchina_sul_molo_43.8649_10.2451,La Baracchina sul Molo,RESTAURANT,ristorante,https://raw.githubusercontent.com/pasqualelembo78/huntix-poi/main/italia/toscana/viareggio/pages/la_baracchina_sul_molo_43.8649_10.2451.json,custom
43.864856,10.243683,ov_ristorante_pizzeria_il_delfino_43.8649_10.2437,Ristorante Pizzeria Il Delfino,RESTAURANT,ristorante,https://raw.githubusercontent.com/pasqualelembo78/huntix-poi/main/italia/toscana/viareggio/pages/ristorante_pizzeria_il_delfino_43.8649_10.2437.json,custom
43.864717,10.242803,ov_flora_beach_restaurant_43.8647_10.2428,Flora Beach Restaurant,RESTAURANT,ristorante,https://raw.githubusercontent.com/pasqualelembo78/huntix-poi/main/italia/toscana/viareggio/pages/flora_beach_restaurant_43.8647_10.2428.json,custom
43.864669,10.243872,ov_octopus_friggitoria_gastronomia_43.8647_10.2439,Octopus Friggitoria Gastronomia,RESTAURANT,ristorante,https://raw.githubusercontent.com/pasqualelembo78/huntix-poi/main/italia/toscana/viareggio/pages/octopus_friggitoria_gastronomia_43.8647_10.2439.json,custom
43.864738,10.243976,ov_la_barchina_fish_and_chip_43.8647_10.2440,La Barchina Fish and Chip,RESTAURANT,ristorante,https://raw.githubusercontent.com/pasqualelembo78/huntix-poi/main/italia/toscana/viareggio/pages/la_barchina_fish_and_chip_43.8647_10.2440.json,custom
43.864368,10.250548,ov_che_ci_metto__schiacciate__vino_e_spritz_43.8644_10.2505,"Che ci Metto? Schiacciate, Vino e Spritz Lampredotto (anche ",RESTAURANT,ristorante,https://raw.githubusercontent.com/pasqualelembo78/huntix-poi/main/italia/toscana/viareggio/pages/che_ci_metto_schiacciate_vino_e_spritz_l_43.8644_10.2505.json,custom
43.864368,10.250322,ov_mame_restaurant_43.8644_10.2503,MaMe Restaurant,RESTAURANT,ristorante,https://raw.githubusercontent.com/pasqualelembo78/huntix-poi/main/italia/toscana/viareggio/pages/mame_restaurant_43.8644_10.2503.json,custom
43.864499,10.251443,ov_rosticceria_leone_43.8645_10.2514,Rosticceria Leone,RESTAURANT,ristorante,https://raw.githubusercontent.com/pasqualelembo78/huntix-poi/main/italia/toscana/viareggio/pages/rosticceria_leone_43.8645_10.2514.json,custom
43.864178,10.249980,ov_trattoria_il_capitano_43.8642_10.2500,Trattoria Il Capitano,RESTAURANT,ristorante,https://raw.githubusercontent.com/pasqualelembo78/huntix-poi/main/italia/toscana/viareggio/pages/trattoria_il_capitano_43.8642_10.2500.json,custom
43.864179,10.249620,ov_mondo_piadina_da_fabi_43.8642_10.2496,Mondo piadina da Fabi,RESTAURANT,ristorante,https://raw.githubusercontent.com/pasqualelembo78/huntix-poi/main/italia/toscana/viareggio/pages/mondo_piadina_da_fabi_43.8642_10.2496.json,custom
43.864143,10.250787,ov_porca_miseria_43.8641_10.2508,Porca Miseria,RESTAURANT,ristorante,https://raw.githubusercontent.com/pasqualelembo78/huntix-poi/main/italia/toscana/viareggio/pages/porca_miseria_43.8641_10.2508.json,custom
43.864102,10.249285,ov_bar_trattoria_nostromo_43.8641_10.2493,Bar Trattoria Nostromo,RESTAURANT,ristorante,https://raw.githubusercontent.com/pasqualelembo78/huntix-poi/main/italia/toscana/viareggio/pages/bar_trattoria_nostromo_43.8641_10.2493.json,custom
43.863864,10.251443,ov_le_radici_43.8639_10.2514,Le Radici,RESTAURANT,ristorante,https://raw.githubusercontent.com/pasqualelembo78/huntix-poi/main/italia/toscana/viareggio/pages/le_radici_43.8639_10.2514.json,custom
43.863828,10.249132,ov_un_posto_al_sole_pizzeria_ristorante_43.8638_10.2491,Un Posto al Sole Pizzeria Ristorante,RESTAURANT,ristorante,https://raw.githubusercontent.com/pasqualelembo78/huntix-poi/main/italia/toscana/viareggio/pages/un_posto_al_sole_pizzeria_ristorante_43.8638_10.2491.json,custom
43.863518,10.247761,ov_ristorante_da_miro_43.8635_10.2478,Ristorante da Miro,RESTAURANT,ristorante,https://raw.githubusercontent.com/pasqualelembo78/huntix-poi/main/italia/toscana/viareggio/pages/ristorante_da_miro_43.8635_10.2478.json,custom
43.863825,10.248814,ov_oh_my_chicken___burger_43.8638_10.2488,Oh My Chicken & Burger,RESTAURANT,ristorante,https://raw.githubusercontent.com/pasqualelembo78/huntix-poi/main/italia/toscana/viareggio/pages/oh_my_chicken_burger_43.8638_10.2488.json,custom
43.863843,10.249079,ov___________43.8638_10.2491,𝑰𝒍 𝑳𝒖𝒑𝒐𝒏𝒆,RESTAURANT,ristorante,https://raw.githubusercontent.com/pasqualelembo78/huntix-poi/main/italia/toscana/viareggio/pages/__43.8638_10.2491.json,custom
43.863860,10.249110,ov_laportadelgusto_43.8639_10.2491,Laportadelgusto,RESTAURANT,ristorante,https://raw.githubusercontent.com/pasqualelembo78/huntix-poi/main/italia/toscana/viareggio/pages/laportadelgusto_43.8639_10.2491.json,custom
43.863273,10.246898,ov_mondo_kebab___pizza_43.8633_10.2469,Mondo Kebab & Pizza,RESTAURANT,ristorante,https://raw.githubusercontent.com/pasqualelembo78/huntix-poi/main/italia/toscana/viareggio/pages/mondo_kebab_pizza_43.8633_10.2469.json,custom
43.863339,10.247231,ov_trattoria_da_cicero_43.8633_10.2472,Trattoria Da Cicero,RESTAURANT,ristorante,https://raw.githubusercontent.com/pasqualelembo78/huntix-poi/main/italia/toscana/viareggio/pages/trattoria_da_cicero_43.8633_10.2472.json,custom
43.863399,10.247489,ov_il_bar_sotto_il_mare_caff____bistro__43.8634_10.2475,Il Bar Sotto Il Mare Caffè & Bistro',RESTAURANT,ristorante,https://raw.githubusercontent.com/pasqualelembo78/huntix-poi/main/italia/toscana/viareggio/pages/il_bar_sotto_il_mare_caff_bistro_43.8634_10.2475.json,custom
43.863000,10.251845,ov_da_nando_43.8630_10.2518,Da Nando,RESTAURANT,ristorante,https://raw.githubusercontent.com/pasqualelembo78/huntix-poi/main/italia/toscana/viareggio/pages/da_nando_43.8630_10.2518.json,custom
43.863018,10.252193,ov_chalet_da_france_43.8630_10.2522,Chalet da France,RESTAURANT,ristorante,https://raw.githubusercontent.com/pasqualelembo78/huntix-poi/main/italia/toscana/viareggio/pages/chalet_da_france_43.8630_10.2522.json,custom
43.862694,10.259543,ov_acqua___sapone_43.8627_10.2595,Acqua & Sapone,RESTAURANT,ristorante,https://raw.githubusercontent.com/pasqualelembo78/huntix-poi/main/italia/toscana/viareggio/pages/acqua_sapone_43.8627_10.2595.json,custom
43.862509,10.252622,ov_adriano_43.8625_10.2526,Adriano,RESTAURANT,ristorante,https://raw.githubusercontent.com/pasqualelembo78/huntix-poi/main/italia/toscana/viareggio/pages/adriano_43.8625_10.2526.json,custom
43.861828,10.248787,ov_bar_stadio_43.8618_10.2488,Bar Stadio,RESTAURANT,ristorante,https://raw.githubusercontent.com/pasqualelembo78/huntix-poi/main/italia/toscana/viareggio/pages/bar_stadio_43.8618_10.2488.json,custom
43.861496,10.252448,ov_mata_mata_43.8615_10.2524,Mata Mata,RESTAURANT,ristorante,https://raw.githubusercontent.com/pasqualelembo78/huntix-poi/main/italia/toscana/viareggio/pages/mata_mata_43.8615_10.2524.json,custom
43.861881,10.247061,ov_dock_43.8619_10.2471,Dock,RESTAURANT,ristorante,https://raw.githubusercontent.com/pasqualelembo78/huntix-poi/main/italia/toscana/viareggio/pages/dock_43.8619_10.2471.json,custom
43.862067,10.246879,ov_trattoria_la_darsena_43.8621_10.2469,Trattoria la Darsena,RESTAURANT,ristorante,https://raw.githubusercontent.com/pasqualelembo78/huntix-poi/main/italia/toscana/viareggio/pages/trattoria_la_darsena_43.8621_10.2469.json,custom
43.862424,10.246386,ov_trattoria_pizzeria_da_marco_il_crusco_43.8624_10.2464,Trattoria Pizzeria da Marco il Crusco,RESTAURANT,ristorante,https://raw.githubusercontent.com/pasqualelembo78/huntix-poi/main/italia/toscana/viareggio/pages/trattoria_pizzeria_da_marco_il_crusco_43.8624_10.2464.json,custom
43.862407,10.246357,ov_trattoria_caff__vip_43.8624_10.2464,Trattoria Caffè Vip,RESTAURANT,ristorante,https://raw.githubusercontent.com/pasqualelembo78/huntix-poi/main/italia/toscana/viareggio/pages/trattoria_caff_vip_43.8624_10.2464.json,custom
43.862430,10.247018,ov_donar_kebab_43.8624_10.2470,Donar Kebab,RESTAURANT,ristorante,https://raw.githubusercontent.com/pasqualelembo78/huntix-poi/main/italia/toscana/viareggio/pages/donar_kebab_43.8624_10.2470.json,custom
43.862875,10.251911,ov_pesce_balocco_beach_43.8629_10.2519,Pesce Balocco Beach,RESTAURANT,ristorante,https://raw.githubusercontent.com/pasqualelembo78/huntix-poi/main/italia/toscana/viareggio/pages/pesce_balocco_beach_43.8629_10.2519.json,custom
43.862920,10.246870,ov_pizzeria_newport_43.8629_10.2469,Pizzeria Newport,RESTAURANT,ristorante,https://raw.githubusercontent.com/pasqualelembo78/huntix-poi/main/italia/toscana/viareggio/pages/pizzeria_newport_43.8629_10.2469.json,custom
43.862628,10.244287,ov_al_porto_43.8626_10.2443,Al Porto,RESTAURANT,ristorante,https://raw.githubusercontent.com/pasqualelembo78/huntix-poi/main/italia/toscana/viareggio/pages/al_porto_43.8626_10.2443.json,custom
43.862629,10.244174,ov_ristorante_il_porto_43.8626_10.2442,Ristorante Il Porto,RESTAURANT,ristorante,https://raw.githubusercontent.com/pasqualelembo78/huntix-poi/main/italia/toscana/viareggio/pages/ristorante_il_porto_43.8626_10.2442.json,custom
43.862397,10.244061,ov_ristorante_santa_monica_43.8624_10.2441,ristorante Santa Monica,RESTAURANT,ristorante,https://raw.githubusercontent.com/pasqualelembo78/huntix-poi/main/italia/toscana/viareggio/pages/ristorante_santa_monica_43.8624_10.2441.json,custom
43.865134,10.244295,ov_tito_del_molo_43.8651_10.2443,Tito del Molo,RESTAURANT,ristorante,https://raw.githubusercontent.com/pasqualelembo78/huntix-poi/main/italia/toscana/viareggio/pages/tito_del_molo_43.8651_10.2443.json,custom
43.865235,10.244325,ov_pizzeria_athos_43.8652_10.2443,Pizzeria Athos,RESTAURANT,ristorante,https://raw.githubusercontent.com/pasqualelembo78/huntix-poi/main/italia/toscana/viareggio/pages/pizzeria_athos_43.8652_10.2443.json,custom
43.865302,10.244826,ov_taverna_l_assassino_43.8653_10.2448,Taverna l'Assassino,RESTAURANT,ristorante,https://raw.githubusercontent.com/pasqualelembo78/huntix-poi/main/italia/toscana/viareggio/pages/taverna_lassassino_43.8653_10.2448.json,custom
43.865357,10.244915,ov_mame_restaurant_43.8654_10.2449,MaMe Restaurant,RESTAURANT,ristorante,https://raw.githubusercontent.com/pasqualelembo78/huntix-poi/main/italia/toscana/viareggio/pages/mame_restaurant_43.8654_10.2449.json,custom
43.865380,10.245186,ov_la_bottega_del_canale_43.8654_10.2452,La Bottega del Canale,RESTAURANT,ristorante,https://raw.githubusercontent.com/pasqualelembo78/huntix-poi/main/italia/toscana/viareggio/pages/la_bottega_del_canale_43.8654_10.2452.json,custom
43.865438,10.244268,ov_poke_time_43.8654_10.2443,Poke Time,RESTAURANT,ristorante,https://raw.githubusercontent.com/pasqualelembo78/huntix-poi/main/italia/toscana/viareggio/pages/poke_time_43.8654_10.2443.json,custom
43.865489,10.244274,ov_savoia_caffe_ristorante_43.8655_10.2443,Savoia Caffe Ristorante,RESTAURANT,ristorante,https://raw.githubusercontent.com/pasqualelembo78/huntix-poi/main/italia/toscana/viareggio/pages/savoia_caffe_ristorante_43.8655_10.2443.json,custom
43.865515,10.243263,ov_sea_gull_s_beach_43.8655_10.2433,Sea Gull's Beach,RESTAURANT,ristorante,https://raw.githubusercontent.com/pasqualelembo78/huntix-poi/main/italia/toscana/viareggio/pages/sea_gulls_beach_43.8655_10.2433.json,custom
43.865841,10.245418,ov_calma_ciccia_e_pizza_43.8658_10.2454,Calma Ciccia e Pizza,RESTAURANT,ristorante,https://raw.githubusercontent.com/pasqualelembo78/huntix-poi/main/italia/toscana/viareggio/pages/calma_ciccia_e_pizza_43.8658_10.2454.json,custom
43.865795,10.245464,ov_boccaporto_43.8658_10.2455,Boccaporto,RESTAURANT,ristorante,https://raw.githubusercontent.com/pasqualelembo78/huntix-poi/main/italia/toscana/viareggio/pages/boccaporto_43.8658_10.2455.json,custom
43.865744,10.245515,ov_al_cinquantatre_ristorante___paninoteca_43.8657_10.2455,Al Cinquantatre Ristorante - Paninoteca,RESTAURANT,ristorante,https://raw.githubusercontent.com/pasqualelembo78/huntix-poi/main/italia/toscana/viareggio/pages/al_cinquantatre_ristorante_-_paninoteca_43.8657_10.2455.json,custom
43.865709,10.243592,ov_l_antica_pizzeria_da_michele_viareggio_43.8657_10.2436,L'Antica Pizzeria Da Michele Viareggio,RESTAURANT,ristorante,https://raw.githubusercontent.com/pasqualelembo78/huntix-poi/main/italia/toscana/viareggio/pages/lantica_pizzeria_da_michele_viareggio_43.8657_10.2436.json,custom
43.865697,10.243697,ov_ristorante_al_sarago_43.8657_10.2437,Ristorante Al Sarago,RESTAURANT,ristorante,https://raw.githubusercontent.com/pasqualelembo78/huntix-poi/main/italia/toscana/viareggio/pages/ristorante_al_sarago_43.8657_10.2437.json,custom
43.866048,10.248313,ov_trattoria_buonamico_43.8660_10.2483,Trattoria Buonamico,RESTAURANT,ristorante,https://raw.githubusercontent.com/pasqualelembo78/huntix-poi/main/italia/toscana/viareggio/pages/trattoria_buonamico_43.8660_10.2483.json,custom
43.865867,10.248431,ov_nuova_etruria_pesce_srl_43.8659_10.2484,Nuova Etruria Pesce Srl,RESTAURANT,ristorante,https://raw.githubusercontent.com/pasqualelembo78/huntix-poi/main/italia/toscana/viareggio/pages/nuova_etruria_pesce_srl_43.8659_10.2484.json,custom
43.865854,10.252147,ov_ristorante_leone_43.8659_10.2521,Ristorante Leone,RESTAURANT,ristorante,https://raw.githubusercontent.com/pasqualelembo78/huntix-poi/main/italia/toscana/viareggio/pages/ristorante_leone_43.8659_10.2521.json,custom
43.865480,10.245680,ov_boutique_bistrot_43.8655_10.2457,Boutique Bistrot,RESTAURANT,ristorante,https://raw.githubusercontent.com/pasqualelembo78/huntix-poi/main/italia/toscana/viareggio/pages/boutique_bistrot_43.8655_10.2457.json,custom
43.865132,10.250191,ov_pizzeria_baccanale_birreria_43.8651_10.2502,Pizzeria Baccanale birreria,RESTAURANT,ristorante,https://raw.githubusercontent.com/pasqualelembo78/huntix-poi/main/italia/toscana/viareggio/pages/pizzeria_baccanale_birreria_43.8651_10.2502.json,custom
43.865133,10.250185,ov_pizzeria_o__scugnizzo_43.8651_10.2502,Pizzeria O' Scugnizzo,RESTAURANT,ristorante,https://raw.githubusercontent.com/pasqualelembo78/huntix-poi/main/italia/toscana/viareggio/pages/pizzeria_o_scugnizzo_43.8651_10.2502.json,custom
43.866104,10.265184,ov_pastificio_moderno_43.8661_10.2652,Pastificio Moderno,RESTAURANT,ristorante,https://raw.githubusercontent.com/pasqualelembo78/huntix-poi/main/italia/toscana/viareggio/pages/pastificio_moderno_43.8661_10.2652.json,custom
43.865749,10.254870,ov_il_bar_sotto_il_mare_43.8657_10.2549,il bar sotto il mare,RESTAURANT,ristorante,https://raw.githubusercontent.com/pasqualelembo78/huntix-poi/main/italia/toscana/viareggio/pages/il_bar_sotto_il_mare_43.8657_10.2549.json,custom
43.865606,10.255987,ov_il_lupicante_43.8656_10.2560,Il Lupicante,RESTAURANT,ristorante,https://raw.githubusercontent.com/pasqualelembo78/huntix-poi/main/italia/toscana/viareggio/pages/il_lupicante_43.8656_10.2560.json,custom
43.866372,10.258659,ov_mcdonald_s_43.8664_10.2587,McDonald's,RESTAURANT,ristorante,https://raw.githubusercontent.com/pasqualelembo78/huntix-poi/main/italia/toscana/viareggio/pages/mcdonalds_43.8664_10.2587.json,custom
43.866326,10.260477,ov_pizzeria_friggitoria_il_lupo_43.8663_10.2605,Pizzeria friggitoria il lupo,RESTAURANT,ristorante,https://raw.githubusercontent.com/pasqualelembo78/huntix-poi/main/italia/toscana/viareggio/pages/pizzeria_friggitoria_il_lupo_43.8663_10.2605.json,custom
43.866647,10.252638,ov_rosticceria_la_fila_43.8666_10.2526,Rosticceria La Fila,RESTAURANT,ristorante,https://raw.githubusercontent.com/pasqualelembo78/huntix-poi/main/italia/toscana/viareggio/pages/rosticceria_la_fila_43.8666_10.2526.json,custom
43.867061,10.253632,ov_la_vecchia_viareggio_43.8671_10.2536,La Vecchia Viareggio,RESTAURANT,ristorante,https://raw.githubusercontent.com/pasqualelembo78/huntix-poi/main/italia/toscana/viareggio/pages/la_vecchia_viareggio_43.8671_10.2536.json,custom
43.867114,10.251793,ov_branzo_43.8671_10.2518,Branzo,RESTAURANT,ristorante,https://raw.githubusercontent.com/pasqualelembo78/huntix-poi/main/italia/toscana/viareggio/pages/branzo_43.8671_10.2518.json,custom
43.867018,10.251211,ov_a_mare_ristorante___pizza_43.8670_10.2512,A-mare Ristorante & Pizza,RESTAURANT,ristorante,https://raw.githubusercontent.com/pasqualelembo78/huntix-poi/main/italia/toscana/viareggio/pages/a-mare_ristorante_pizza_43.8670_10.2512.json,custom
43.867081,10.248709,ov_l_insalateria_43.8671_10.2487,L'Insalateria,RESTAURANT,ristorante,https://raw.githubusercontent.com/pasqualelembo78/huntix-poi/main/italia/toscana/viareggio/pages/linsalateria_43.8671_10.2487.json,custom
43.866957,10.247624,ov_osteria_gli_amici_del_gusto_43.8670_10.2476,Osteria Gli Amici Del Gusto,RESTAURANT,ristorante,https://raw.githubusercontent.com/pasqualelembo78/huntix-poi/main/italia/toscana/viareggio/pages/osteria_gli_amici_del_gusto_43.8670_10.2476.json,custom
43.866962,10.248640,ov_my_poke_viareggio_43.8670_10.2486,My Poke Viareggio,RESTAURANT,ristorante,https://raw.githubusercontent.com/pasqualelembo78/huntix-poi/main/italia/toscana/viareggio/pages/my_poke_viareggio_43.8670_10.2486.json,custom
43.866870,10.248409,ov_pizzeria_corso_garibaldi_43.8669_10.2484,Pizzeria Corso Garibaldi,RESTAURANT,ristorante,https://raw.githubusercontent.com/pasqualelembo78/huntix-poi/main/italia/toscana/viareggio/pages/pizzeria_corso_garibaldi_43.8669_10.2484.json,custom
43.866740,10.248260,ov_man__43.8667_10.2483,Manè,RESTAURANT,ristorante,https://raw.githubusercontent.com/pasqualelembo78/huntix-poi/main/italia/toscana/viareggio/pages/man_43.8667_10.2483.json,custom
43.866866,10.249187,ov_pizzeria_da_rizieri_43.8669_10.2492,Pizzeria da Rizieri,RESTAURANT,ristorante,https://raw.githubusercontent.com/pasqualelembo78/huntix-poi/main/italia/toscana/viareggio/pages/pizzeria_da_rizieri_43.8669_10.2492.json,custom
43.866875,10.251911,ov_pizzeria_il_pachino_43.8669_10.2519,Pizzeria Il Pachino,RESTAURANT,ristorante,https://raw.githubusercontent.com/pasqualelembo78/huntix-poi/main/italia/toscana/viareggio/pages/pizzeria_il_pachino_43.8669_10.2519.json,custom
43.866312,10.251428,ov_rino_l_angolo_del_gusto_enogastronomia_43.8663_10.2514,Rino L’angolo del gusto enogastronomia,RESTAURANT,ristorante,https://raw.githubusercontent.com/pasqualelembo78/huntix-poi/main/italia/toscana/viareggio/pages/rino_langolo_del_gusto_enogastronomia_43.8663_10.2514.json,custom
43.866172,10.251253,ov_mami_essenza_restaurant_43.8662_10.2513,Mami Essenza Restaurant,RESTAURANT,ristorante,https://raw.githubusercontent.com/pasqualelembo78/huntix-poi/main/italia/toscana/viareggio/pages/mami_essenza_restaurant_43.8662_10.2513.json,custom
43.866212,10.251256,ov_osteria_del_pesce_43.8662_10.2513,Osteria del Pesce,RESTAURANT,ristorante,https://raw.githubusercontent.com/pasqualelembo78/huntix-poi/main/italia/toscana/viareggio/pages/osteria_del_pesce_43.8662_10.2513.json,custom
43.866335,10.248637,ov_opificio_44_43.8663_10.2486,Opificio 44,RESTAURANT,ristorante,https://raw.githubusercontent.com/pasqualelembo78/huntix-poi/main/italia/toscana/viareggio/pages/opificio_44_43.8663_10.2486.json,custom
43.866268,10.248560,ov_coci_vini_e_fornelli_43.8663_10.2486,Coci Vini e Fornelli,RESTAURANT,ristorante,https://raw.githubusercontent.com/pasqualelembo78/huntix-poi/main/italia/toscana/viareggio/pages/coci_vini_e_fornelli_43.8663_10.2486.json,custom
43.866282,10.248581,ov_l_alimentari___viareggio_43.8663_10.2486,L'Alimentari - Viareggio,RESTAURANT,ristorante,https://raw.githubusercontent.com/pasqualelembo78/huntix-poi/main/italia/toscana/viareggio/pages/lalimentari_-_viareggio_43.8663_10.2486.json,custom
43.866512,10.246174,ov_pivot_bistro_di_mare_43.8665_10.2462,Pivot Bistro di Mare,RESTAURANT,ristorante,https://raw.githubusercontent.com/pasqualelembo78/huntix-poi/main/italia/toscana/viareggio/pages/pivot_bistro_di_mare_43.8665_10.2462.json,custom
43.866515,10.246014,ov_osteria_pazza_idea_43.8665_10.2460,Osteria Pazza Idea,RESTAURANT,ristorante,https://raw.githubusercontent.com/pasqualelembo78/huntix-poi/main/italia/toscana/viareggio/pages/osteria_pazza_idea_43.8665_10.2460.json,custom
43.866498,10.246018,ov_madame_sophie_caf__43.8665_10.2460,Madame Sophie Café,RESTAURANT,ristorante,https://raw.githubusercontent.com/pasqualelembo78/huntix-poi/main/italia/toscana/viareggio/pages/madame_sophie_caf_43.8665_10.2460.json,custom
43.866237,10.243703,ov_e_dai_fish_viareggio_43.8662_10.2437,E.Dai Fish Viareggio,RESTAURANT,ristorante,https://raw.githubusercontent.com/pasqualelembo78/huntix-poi/main/italia/toscana/viareggio/pages/edai_fish_viareggio_43.8662_10.2437.json,custom
43.866730,10.242580,ov_fuji_sushi___grill_43.8667_10.2426,Fuji sushi & grill,RESTAURANT,ristorante,https://raw.githubusercontent.com/pasqualelembo78/huntix-poi/main/italia/toscana/viareggio/pages/fuji_sushi_grill_43.8667_10.2426.json,custom
43.866971,10.242421,ov_anemone_43.8670_10.2424,Anemone,RESTAURANT,ristorante,https://raw.githubusercontent.com/pasqualelembo78/huntix-poi/main/italia/toscana/viareggio/pages/anemone_43.8670_10.2424.json,custom
43.867419,10.245532,ov_tomi_sushi_43.8674_10.2455,Tomi Sushi,RESTAURANT,ristorante,https://raw.githubusercontent.com/pasqualelembo78/huntix-poi/main/italia/toscana/viareggio/pages/tomi_sushi_43.8674_10.2455.json,custom
43.867462,10.245386,ov_mirice_poke_43.8675_10.2454,Mirice Poke,RESTAURANT,ristorante,https://raw.githubusercontent.com/pasqualelembo78/huntix-poi/main/italia/toscana/viareggio/pages/mirice_poke_43.8675_10.2454.json,custom
43.868161,10.242324,ov_trattoria_da_sandra_43.8682_10.2423,Trattoria da Sandra,RESTAURANT,ristorante,https://raw.githubusercontent.com/pasqualelembo78/huntix-poi/main/italia/toscana/viareggio/pages/trattoria_da_sandra_43.8682_10.2423.json,custom
43.867866,10.242736,ov_vasame_pizzeria_43.8679_10.2427,Vasame Pizzeria,RESTAURANT,ristorante,https://raw.githubusercontent.com/pasqualelembo78/huntix-poi/main/italia/toscana/viareggio/pages/vasame_pizzeria_43.8679_10.2427.json,custom
43.867724,10.242200,ov_balena_beach_43.8677_10.2422,Balena Beach,RESTAURANT,ristorante,https://raw.githubusercontent.com/pasqualelembo78/huntix-poi/main/italia/toscana/viareggio/pages/balena_beach_43.8677_10.2422.json,custom
43.867754,10.243340,ov_ristorante_lunasia_43.8678_10.2433,Ristorante Lunasia,RESTAURANT,ristorante,https://raw.githubusercontent.com/pasqualelembo78/huntix-poi/main/italia/toscana/viareggio/pages/ristorante_lunasia_43.8678_10.2433.json,custom
43.868033,10.246114,ov_la_libecciata_43.8680_10.2461,La Libecciata,RESTAURANT,ristorante,https://raw.githubusercontent.com/pasqualelembo78/huntix-poi/main/italia/toscana/viareggio/pages/la_libecciata_43.8680_10.2461.json,custom
43.868152,10.249828,ov_ristorante_trinchetto_43.8682_10.2498,Ristorante Trinchetto,RESTAURANT,ristorante,https://raw.githubusercontent.com/pasqualelembo78/huntix-poi/main/italia/toscana/viareggio/pages/ristorante_trinchetto_43.8682_10.2498.json,custom
43.867583,10.249263,ov_bar_ristorante_stella_43.8676_10.2493,Bar Ristorante Stella,RESTAURANT,ristorante,https://raw.githubusercontent.com/pasqualelembo78/huntix-poi/main/italia/toscana/viareggio/pages/bar_ristorante_stella_43.8676_10.2493.json,custom
43.867602,10.249569,ov_the_black_mouth_43.8676_10.2496,The Black Mouth,RESTAURANT,ristorante,https://raw.githubusercontent.com/pasqualelembo78/huntix-poi/main/italia/toscana/viareggio/pages/the_black_mouth_43.8676_10.2496.json,custom
43.867660,10.249503,ov_lo_stige_43.8677_10.2495,Lo Stige,RESTAURANT,ristorante,https://raw.githubusercontent.com/pasqualelembo78/huntix-poi/main/italia/toscana/viareggio/pages/lo_stige_43.8677_10.2495.json,custom
43.867557,10.246610,ov_ristorante_da_stefano_43.8676_10.2466,Ristorante da Stefano,RESTAURANT,ristorante,https://raw.githubusercontent.com/pasqualelembo78/huntix-poi/main/italia/toscana/viareggio/pages/ristorante_da_stefano_43.8676_10.2466.json,custom
43.867462,10.246131,ov_ristorante_pino_43.8675_10.2461,ristorante pino,RESTAURANT,ristorante,https://raw.githubusercontent.com/pasqualelembo78/huntix-poi/main/italia/toscana/viareggio/pages/ristorante_pino_43.8675_10.2461.json,custom
43.867329,10.249642,ov_locanda_da_donato_43.8673_10.2496,Locanda da Donato,RESTAURANT,ristorante,https://raw.githubusercontent.com/pasqualelembo78/huntix-poi/main/italia/toscana/viareggio/pages/locanda_da_donato_43.8673_10.2496.json,custom
43.867290,10.251828,ov_longevia_viareggio_43.8673_10.2518,Longevia Viareggio,RESTAURANT,ristorante,https://raw.githubusercontent.com/pasqualelembo78/huntix-poi/main/italia/toscana/viareggio/pages/longevia_viareggio_43.8673_10.2518.json,custom
43.867191,10.252065,ov_ristorante_la_posteria_43.8672_10.2521,Ristorante La Posteria,RESTAURANT,ristorante,https://raw.githubusercontent.com/pasqualelembo78/huntix-poi/main/italia/toscana/viareggio/pages/ristorante_la_posteria_43.8672_10.2521.json,custom
43.867511,10.252953,ov_giusy_43.8675_10.2530,Giusy,RESTAURANT,ristorante,https://raw.githubusercontent.com/pasqualelembo78/huntix-poi/main/italia/toscana/viareggio/pages/giusy_43.8675_10.2530.json,custom
43.868975,10.248438,ov_osteria_piazza_grande_43.8690_10.2484,Osteria Piazza Grande,RESTAURANT,ristorante,https://raw.githubusercontent.com/pasqualelembo78/huntix-poi/main/italia/toscana/viareggio/pages/osteria_piazza_grande_43.8690_10.2484.json,custom
43.868677,10.244532,ov_dal_siriano_43.8687_10.2445,Dal Siriano,RESTAURANT,ristorante,https://raw.githubusercontent.com/pasqualelembo78/huntix-poi/main/italia/toscana/viareggio/pages/dal_siriano_43.8687_10.2445.json,custom
43.868534,10.242358,ov_crepes___cafe_43.8685_10.2424,Crepes & Cafe,RESTAURANT,ristorante,https://raw.githubusercontent.com/pasqualelembo78/huntix-poi/main/italia/toscana/viareggio/pages/crepes_cafe_43.8685_10.2424.json,custom
43.868543,10.243483,ov_ristorante_mirage_43.8685_10.2435,Ristorante Mirage,RESTAURANT,ristorante,https://raw.githubusercontent.com/pasqualelembo78/huntix-poi/main/italia/toscana/viareggio/pages/ristorante_mirage_43.8685_10.2435.json,custom
43.868284,10.244940,ov_henri_restaurant_43.8683_10.2449,Henri Restaurant,RESTAURANT,ristorante,https://raw.githubusercontent.com/pasqualelembo78/huntix-poi/main/italia/toscana/viareggio/pages/henri_restaurant_43.8683_10.2449.json,custom
43.868806,10.242152,ov_ristorante_pizzeria_sa_playa_43.8688_10.2422,Ristorante pizzeria Sa Playa,RESTAURANT,ristorante,https://raw.githubusercontent.com/pasqualelembo78/huntix-poi/main/italia/toscana/viareggio/pages/ristorante_pizzeria_sa_playa_43.8688_10.2422.json,custom
43.868928,10.245124,ov_nomade_43.8689_10.2451,Nomade,RESTAURANT,ristorante,https://raw.githubusercontent.com/pasqualelembo78/huntix-poi/main/italia/toscana/viareggio/pages/nomade_43.8689_10.2451.json,custom
43.868968,10.242241,ov_kalika_43.8690_10.2422,Kalika,RESTAURANT,ristorante,https://raw.githubusercontent.com/pasqualelembo78/huntix-poi/main/italia/toscana/viareggio/pages/kalika_43.8690_10.2422.json,custom
43.869031,10.245546,ov_ristorante_da_giorgio_43.8690_10.2455,Ristorante Da Giorgio,RESTAURANT,ristorante,https://raw.githubusercontent.com/pasqualelembo78/huntix-poi/main/italia/toscana/viareggio/pages/ristorante_da_giorgio_43.8690_10.2455.json,custom
43.869028,10.242043,ov_pizzeria_la_rusticanella_43.8690_10.2420,Pizzeria La Rusticanella,RESTAURANT,ristorante,https://raw.githubusercontent.com/pasqualelembo78/huntix-poi/main/italia/toscana/viareggio/pages/pizzeria_la_rusticanella_43.8690_10.2420.json,custom
43.871854,10.240047,ov_la_pia_43.8719_10.2400,La Pia,RESTAURANT,ristorante,https://raw.githubusercontent.com/pasqualelembo78/huntix-poi/main/italia/toscana/viareggio/pages/la_pia_43.8719_10.2400.json,custom
43.871488,10.246648,ov_pomodoro_e_basilico_43.8715_10.2466,Pomodoro e Basilico,RESTAURANT,ristorante,https://raw.githubusercontent.com/pasqualelembo78/huntix-poi/main/italia/toscana/viareggio/pages/pomodoro_e_basilico_43.8715_10.2466.json,custom
43.871525,10.246194,ov_la_mezzana_43.8715_10.2462,La Mezzana,RESTAURANT,ristorante,https://raw.githubusercontent.com/pasqualelembo78/huntix-poi/main/italia/toscana/viareggio/pages/la_mezzana_43.8715_10.2462.json,custom
43.871491,10.246446,ov_pizzeria_i_partenopei_43.8715_10.2464,Pizzeria I Partenopei,RESTAURANT,ristorante,https://raw.githubusercontent.com/pasqualelembo78/huntix-poi/main/italia/toscana/viareggio/pages/pizzeria_i_partenopei_43.8715_10.2464.json,custom
43.871766,10.246744,ov_mei_wei_43.8718_10.2467,Mei Wei,RESTAURANT,ristorante,https://raw.githubusercontent.com/pasqualelembo78/huntix-poi/main/italia/toscana/viareggio/pages/mei_wei_43.8718_10.2467.json,custom
43.871730,10.246931,ov_ristorante_mei_wei_43.8717_10.2469,Ristorante Mei Wei,RESTAURANT,ristorante,https://raw.githubusercontent.com/pasqualelembo78/huntix-poi/main/italia/toscana/viareggio/pages/ristorante_mei_wei_43.8717_10.2469.json,custom
43.872165,10.248328,ov_ristorante_da_romano_43.8722_10.2483,Ristorante da Romano,RESTAURANT,ristorante,https://raw.githubusercontent.com/pasqualelembo78/huntix-poi/main/italia/toscana/viareggio/pages/ristorante_da_romano_43.8722_10.2483.json,custom
43.872367,10.248931,ov_munia_alimentari_43.8724_10.2489,Munia Alimentari,RESTAURANT,ristorante,https://raw.githubusercontent.com/pasqualelembo78/huntix-poi/main/italia/toscana/viareggio/pages/munia_alimentari_43.8724_10.2489.json,custom
43.872803,10.243807,ov_pizzeria_la_chiesina_43.8728_10.2438,Pizzeria La Chiesina,RESTAURANT,ristorante,https://raw.githubusercontent.com/pasqualelembo78/huntix-poi/main/italia/toscana/viareggio/pages/pizzeria_la_chiesina_43.8728_10.2438.json,custom
43.872723,10.244399,ov_osteria_l_imbarco_43.8727_10.2444,Osteria l'Imbarco,RESTAURANT,ristorante,https://raw.githubusercontent.com/pasqualelembo78/huntix-poi/main/italia/toscana/viareggio/pages/osteria_limbarco_43.8727_10.2444.json,custom
43.873439,10.241748,ov_ristorante_villa_grazia_43.8734_10.2417,Ristorante Villa Grazia,RESTAURANT,ristorante,https://raw.githubusercontent.com/pasqualelembo78/huntix-poi/main/italia/toscana/viareggio/pages/ristorante_villa_grazia_43.8734_10.2417.json,custom
43.873096,10.244164,ov_gastronomia_gemma_43.8731_10.2442,Gastronomia Gemma,RESTAURANT,ristorante,https://raw.githubusercontent.com/pasqualelembo78/huntix-poi/main/italia/toscana/viareggio/pages/gastronomia_gemma_43.8731_10.2442.json,custom
43.872851,10.247063,ov_bobble_bobble_viareggio_43.8729_10.2471,Bobble Bobble Viareggio,RESTAURANT,ristorante,https://raw.githubusercontent.com/pasqualelembo78/huntix-poi/main/italia/toscana/viareggio/pages/bobble_bobble_viareggio_43.8729_10.2471.json,custom
43.872459,10.247300,ov_la_contea_43.8725_10.2473,La Contea,RESTAURANT,ristorante,https://raw.githubusercontent.com/pasqualelembo78/huntix-poi/main/italia/toscana/viareggio/pages/la_contea_43.8725_10.2473.json,custom
43.872499,10.249417,ov_pizzeria_o__sole_mio_43.8725_10.2494,Pizzeria O' Sole Mio,RESTAURANT,ristorante,https://raw.githubusercontent.com/pasqualelembo78/huntix-poi/main/italia/toscana/viareggio/pages/pizzeria_o_sole_mio_43.8725_10.2494.json,custom
43.873314,10.264582,ov_piccolo_grimaldi_pizzeria_43.8733_10.2646,Piccolo Grimaldi Pizzeria,RESTAURANT,ristorante,https://raw.githubusercontent.com/pasqualelembo78/huntix-poi/main/italia/toscana/viareggio/pages/piccolo_grimaldi_pizzeria_43.8733_10.2646.json,custom
43.872301,10.255203,ov_ristorante_pizzeria_barabba_43.8723_10.2552,Ristorante Pizzeria Barabba,RESTAURANT,ristorante,https://raw.githubusercontent.com/pasqualelembo78/huntix-poi/main/italia/toscana/viareggio/pages/ristorante_pizzeria_barabba_43.8723_10.2552.json,custom
43.871497,10.259172,ov_pizzeria_la_cantera_43.8715_10.2592,Pizzeria La Cantera,RESTAURANT,ristorante,https://raw.githubusercontent.com/pasqualelembo78/huntix-poi/main/italia/toscana/viareggio/pages/pizzeria_la_cantera_43.8715_10.2592.json,custom
43.870637,10.253463,ov_youki_japanese_restaurant_43.8706_10.2535,Youki Japanese Restaurant,RESTAURANT,ristorante,https://raw.githubusercontent.com/pasqualelembo78/huntix-poi/main/italia/toscana/viareggio/pages/youki_japanese_restaurant_43.8706_10.2535.json,custom
43.870905,10.247908,ov_l_acciuga_pescheria_gastronomia_43.8709_10.2479,L’Acciuga Pescheria Gastronomia,RESTAURANT,ristorante,https://raw.githubusercontent.com/pasqualelembo78/huntix-poi/main/italia/toscana/viareggio/pages/lacciuga_pescheria_gastronomia_43.8709_10.2479.json,custom
43.871235,10.246434,ov_stasera_cucina_paola_43.8712_10.2464,Stasera cucina Paola,RESTAURANT,ristorante,https://raw.githubusercontent.com/pasqualelembo78/huntix-poi/main/italia/toscana/viareggio/pages/stasera_cucina_paola_43.8712_10.2464.json,custom
43.871022,10.240999,ov_cafe_fappani_43.8710_10.2410,Cafe Fappani,RESTAURANT,ristorante,https://raw.githubusercontent.com/pasqualelembo78/huntix-poi/main/italia/toscana/viareggio/pages/cafe_fappani_43.8710_10.2410.json,custom
43.871039,10.244929,ov_pizz__43.8710_10.2449,Pizzò,RESTAURANT,ristorante,https://raw.githubusercontent.com/pasqualelembo78/huntix-poi/main/italia/toscana/viareggio/pages/pizz_43.8710_10.2449.json,custom
43.870931,10.244739,ov_parus_ristorante_43.8709_10.2447,Parus Ristorante,RESTAURANT,ristorante,https://raw.githubusercontent.com/pasqualelembo78/huntix-poi/main/italia/toscana/viareggio/pages/parus_ristorante_43.8709_10.2447.json,custom
43.870408,10.242972,ov_pizzeria_la_fenice_43.8704_10.2430,Pizzeria La Fenice,RESTAURANT,ristorante,https://raw.githubusercontent.com/pasqualelembo78/huntix-poi/main/italia/toscana/viareggio/pages/pizzeria_la_fenice_43.8704_10.2430.json,custom
43.869864,10.247477,ov_la_piadineria_43.8699_10.2475,La Piadineria,RESTAURANT,ristorante,https://raw.githubusercontent.com/pasqualelembo78/huntix-poi/main/italia/toscana/viareggio/pages/la_piadineria_43.8699_10.2475.json,custom
43.869972,10.247366,ov_pizzeria_2000_43.8700_10.2474,Pizzeria 2000,RESTAURANT,ristorante,https://raw.githubusercontent.com/pasqualelembo78/huntix-poi/main/italia/toscana/viareggio/pages/pizzeria_2000_43.8700_10.2474.json,custom
43.870232,10.245061,ov_amaro_viareggio_43.8702_10.2451,Amaro Viareggio,RESTAURANT,ristorante,https://raw.githubusercontent.com/pasqualelembo78/huntix-poi/main/italia/toscana/viareggio/pages/amaro_viareggio_43.8702_10.2451.json,custom
43.869617,10.245146,ov_langolino_43.8696_10.2451,Langolino,RESTAURANT,ristorante,https://raw.githubusercontent.com/pasqualelembo78/huntix-poi/main/italia/toscana/viareggio/pages/langolino_43.8696_10.2451.json,custom
43.869372,10.244330,ov_pizzeria_ristorante_dal_pascia_43.8694_10.2443,Pizzeria Ristorante Dal Pascia,RESTAURANT,ristorante,https://raw.githubusercontent.com/pasqualelembo78/huntix-poi/main/italia/toscana/viareggio/pages/pizzeria_ristorante_dal_pascia_43.8694_10.2443.json,custom
43.869761,10.245736,ov_245_grammi_pizzeria_43.8698_10.2457,245 Grammi Pizzeria,RESTAURANT,ristorante,https://raw.githubusercontent.com/pasqualelembo78/huntix-poi/main/italia/toscana/viareggio/pages/245_grammi_pizzeria_43.8698_10.2457.json,custom
43.870278,10.259194,ov_coyote_paninoteca_pub_43.8703_10.2592,Coyote Paninoteca Pub,RESTAURANT,ristorante,https://raw.githubusercontent.com/pasqualelembo78/huntix-poi/main/italia/toscana/viareggio/pages/coyote_paninoteca_pub_43.8703_10.2592.json,custom
43.869607,10.265719,ov_circolo_la_rondinella_43.8696_10.2657,Circolo La Rondinella,RESTAURANT,ristorante,https://raw.githubusercontent.com/pasqualelembo78/huntix-poi/main/italia/toscana/viareggio/pages/circolo_la_rondinella_43.8696_10.2657.json,custom
43.872605,10.279657,ov_alchimia_bar_ristorante_43.8726_10.2797,Alchimia Bar-Ristorante,RESTAURANT,ristorante,https://raw.githubusercontent.com/pasqualelembo78/huntix-poi/main/italia/toscana/viareggio/pages/alchimia_bar-ristorante_43.8726_10.2797.json,custom
43.877249,10.288816,ov_yamaga_sushi_43.8772_10.2888,Yamaga Sushi,RESTAURANT,ristorante,https://raw.githubusercontent.com/pasqualelembo78/huntix-poi/main/italia/toscana/viareggio/pages/yamaga_sushi_43.8772_10.2888.json,custom
43.877142,10.244307,ov_il_chioschino_43.8771_10.2443,Il Chioschino,RESTAURANT,ristorante,https://raw.githubusercontent.com/pasqualelembo78/huntix-poi/main/italia/toscana/viareggio/pages/il_chioschino_43.8771_10.2443.json,custom
43.876879,10.244729,ov_perdiccapo_43.8769_10.2447,Perdiccapo,RESTAURANT,ristorante,https://raw.githubusercontent.com/pasqualelembo78/huntix-poi/main/italia/toscana/viareggio/pages/perdiccapo_43.8769_10.2447.json,custom
43.875782,10.256280,ov_king_of_india_ristorante_indiano_43.8758_10.2563,King Of India Ristorante Indiano,RESTAURANT,ristorante,https://raw.githubusercontent.com/pasqualelembo78/huntix-poi/main/italia/toscana/viareggio/pages/king_of_india_ristorante_indiano_43.8758_10.2563.json,custom
43.876204,10.256079,ov_la_ghiga_da_paolo_43.8762_10.2561,La Ghiga Da Paolo,RESTAURANT,ristorante,https://raw.githubusercontent.com/pasqualelembo78/huntix-poi/main/italia/toscana/viareggio/pages/la_ghiga_da_paolo_43.8762_10.2561.json,custom
43.873799,10.256038,ov_bar_angolo_40_43.8738_10.2560,Bar Angolo 40,RESTAURANT,ristorante,https://raw.githubusercontent.com/pasqualelembo78/huntix-poi/main/italia/toscana/viareggio/pages/bar_angolo_40_43.8738_10.2560.json,custom
43.874563,10.255671,ov_pizzeria_da_giggino_forno_a_legna_asport_43.8746_10.2557,Pizzeria da Giggino Forno a legna Asporto e Consegna a Domic,RESTAURANT,ristorante,https://raw.githubusercontent.com/pasqualelembo78/huntix-poi/main/italia/toscana/viareggio/pages/pizzeria_da_giggino_forno_a_legna_asport_43.8746_10.2557.json,custom
43.874310,10.250340,ov_pizzeria_xx_settembre_43.8743_10.2503,Pizzeria XX Settembre,RESTAURANT,ristorante,https://raw.githubusercontent.com/pasqualelembo78/huntix-poi/main/italia/toscana/viareggio/pages/pizzeria_xx_settembre_43.8743_10.2503.json,custom
43.874509,10.246201,ov_centro_culturale_g_puccini_italian_langu_43.8745_10.2462,Centro Culturale G.puccini Italian Language School SRL,RESTAURANT,ristorante,https://raw.githubusercontent.com/pasqualelembo78/huntix-poi/main/italia/toscana/viareggio/pages/centro_culturale_gpuccini_italian_langua_43.8745_10.2462.json,custom
43.874273,10.246308,ov_ristorante_la_posteria_43.8743_10.2463,Ristorante La Posteria,RESTAURANT,ristorante,https://raw.githubusercontent.com/pasqualelembo78/huntix-poi/main/italia/toscana/viareggio/pages/ristorante_la_posteria_43.8743_10.2463.json,custom
43.874133,10.250704,ov_nuova_dulcinea_43.8741_10.2507,Nuova Dulcinea,RESTAURANT,ristorante,https://raw.githubusercontent.com/pasqualelembo78/huntix-poi/main/italia/toscana/viareggio/pages/nuova_dulcinea_43.8741_10.2507.json,custom
43.873625,10.251858,ov_turkish_kebab_43.8736_10.2519,Turkish Kebab,RESTAURANT,ristorante,https://raw.githubusercontent.com/pasqualelembo78/huntix-poi/main/italia/toscana/viareggio/pages/turkish_kebab_43.8736_10.2519.json,custom
43.874016,10.244407,ov_pesciolino_briaco_43.8740_10.2444,Pesciolino Briaco,RESTAURANT,ristorante,https://raw.githubusercontent.com/pasqualelembo78/huntix-poi/main/italia/toscana/viareggio/pages/pesciolino_briaco_43.8740_10.2444.json,custom
43.873570,10.242830,ov_pizzeria_ristorante_non_lo_so_43.8736_10.2428,Pizzeria Ristorante Non Lo So,RESTAURANT,ristorante,https://raw.githubusercontent.com/pasqualelembo78/huntix-poi/main/italia/toscana/viareggio/pages/pizzeria_ristorante_non_lo_so_43.8736_10.2428.json,custom
43.873545,10.241676,ov_antica_locanda_da_luca_43.8735_10.2417,Antica Locanda da Luca,RESTAURANT,ristorante,https://raw.githubusercontent.com/pasqualelembo78/huntix-poi/main/italia/toscana/viareggio/pages/antica_locanda_da_luca_43.8735_10.2417.json,custom
43.874270,10.244623,ov_la_boutique_del_cocomero_43.8743_10.2446,La Boutique del Cocomero,RESTAURANT,ristorante,https://raw.githubusercontent.com/pasqualelembo78/huntix-poi/main/italia/toscana/viareggio/pages/la_boutique_del_cocomero_43.8743_10.2446.json,custom
43.874230,10.243830,ov_chiosco_il_laghetto_43.8742_10.2438,Chiosco il laghetto,RESTAURANT,ristorante,https://raw.githubusercontent.com/pasqualelembo78/huntix-poi/main/italia/toscana/viareggio/pages/chiosco_il_laghetto_43.8742_10.2438.json,custom
43.874440,10.243869,ov_il_coriandolo_43.8744_10.2439,Il Coriandolo,RESTAURANT,ristorante,https://raw.githubusercontent.com/pasqualelembo78/huntix-poi/main/italia/toscana/viareggio/pages/il_coriandolo_43.8744_10.2439.json,custom
43.874454,10.238947,ov_da_olivieri_43.8745_10.2389,Da Olivieri,RESTAURANT,ristorante,https://raw.githubusercontent.com/pasqualelembo78/huntix-poi/main/italia/toscana/viareggio/pages/da_olivieri_43.8745_10.2389.json,custom
43.875561,10.251748,ov_telepizza_viareggio_43.8756_10.2517,Telepizza Viareggio,RESTAURANT,ristorante,https://raw.githubusercontent.com/pasqualelembo78/huntix-poi/main/italia/toscana/viareggio/pages/telepizza_viareggio_43.8756_10.2517.json,custom
43.875515,10.242167,ov_ristorante_pizzeria_al_tennis_da_priyant_43.8755_10.2422,Ristorante Pizzeria al Tennis da Priyantha,RESTAURANT,ristorante,https://raw.githubusercontent.com/pasqualelembo78/huntix-poi/main/italia/toscana/viareggio/pages/ristorante_pizzeria_al_tennis_da_priyant_43.8755_10.2422.json,custom
43.875384,10.242127,ov_da_monica_ristorante_tennis_viareggio_43.8754_10.2421,Da Monica Ristorante Tennis Viareggio,RESTAURANT,ristorante,https://raw.githubusercontent.com/pasqualelembo78/huntix-poi/main/italia/toscana/viareggio/pages/da_monica_ristorante_tennis_viareggio_43.8754_10.2421.json,custom
43.875578,10.238996,ov_l_ottavo_vizio_streetfood_43.8756_10.2390,L'Ottavo Vizio StreetFood,RESTAURANT,ristorante,https://raw.githubusercontent.com/pasqualelembo78/huntix-poi/main/italia/toscana/viareggio/pages/lottavo_vizio_streetfood_43.8756_10.2390.json,custom
43.875339,10.237915,ov_bagno_ristorante_florida_43.8753_10.2379,Bagno Ristorante Florida,RESTAURANT,ristorante,https://raw.githubusercontent.com/pasqualelembo78/huntix-poi/main/italia/toscana/viareggio/pages/bagno_ristorante_florida_43.8753_10.2379.json,custom
43.875673,10.237910,ov_la_taverna_di_poldo_43.8757_10.2379,La Taverna di Poldo,RESTAURANT,ristorante,https://raw.githubusercontent.com/pasqualelembo78/huntix-poi/main/italia/toscana/viareggio/pages/la_taverna_di_poldo_43.8757_10.2379.json,custom
43.876831,10.237476,ov_giallo_viareggio_43.8768_10.2375,Giallo Viareggio,RESTAURANT,ristorante,https://raw.githubusercontent.com/pasqualelembo78/huntix-poi/main/italia/toscana/viareggio/pages/giallo_viareggio_43.8768_10.2375.json,custom
43.877281,10.236996,ov_ristorante_casablanca_viareggio_43.8773_10.2370,Ristorante Casablanca Viareggio,RESTAURANT,ristorante,https://raw.githubusercontent.com/pasqualelembo78/huntix-poi/main/italia/toscana/viareggio/pages/ristorante_casablanca_viareggio_43.8773_10.2370.json,custom
43.877422,10.236819,ov_searoom_43.8774_10.2368,seaRoom,RESTAURANT,ristorante,https://raw.githubusercontent.com/pasqualelembo78/huntix-poi/main/italia/toscana/viareggio/pages/searoom_43.8774_10.2368.json,custom
43.877635,10.238426,ov_ristorante_petite_cuisine_43.8776_10.2384,Ristorante Petite Cuisine,RESTAURANT,ristorante,https://raw.githubusercontent.com/pasqualelembo78/huntix-poi/main/italia/toscana/viareggio/pages/ristorante_petite_cuisine_43.8776_10.2384.json,custom
43.878988,10.235162,ov_bagno_ristorante_corallo_43.8790_10.2352,Bagno Ristorante Corallo,RESTAURANT,ristorante,https://raw.githubusercontent.com/pasqualelembo78/huntix-poi/main/italia/toscana/viareggio/pages/bagno_ristorante_corallo_43.8790_10.2352.json,custom
43.878379,10.238319,ov_ristorante_cabreo_43.8784_10.2383,Ristorante Cabreo,RESTAURANT,ristorante,https://raw.githubusercontent.com/pasqualelembo78/huntix-poi/main/italia/toscana/viareggio/pages/ristorante_cabreo_43.8784_10.2383.json,custom
43.878229,10.235785,ov_il_piccolo_ristoro_43.8782_10.2358,Il Piccolo Ristoro,RESTAURANT,ristorante,https://raw.githubusercontent.com/pasqualelembo78/huntix-poi/main/italia/toscana/viareggio/pages/il_piccolo_ristoro_43.8782_10.2358.json,custom
43.877997,10.235741,ov_bar_la_fiorentina_43.8780_10.2357,Bar La Fiorentina,RESTAURANT,ristorante,https://raw.githubusercontent.com/pasqualelembo78/huntix-poi/main/italia/toscana/viareggio/pages/bar_la_fiorentina_43.8780_10.2357.json,custom
43.878745,10.254369,ov_il_novantesimo_43.8787_10.2544,Il Novantesimo,RESTAURANT,ristorante,https://raw.githubusercontent.com/pasqualelembo78/huntix-poi/main/italia/toscana/viareggio/pages/il_novantesimo_43.8787_10.2544.json,custom
43.879500,10.259330,ov_cristina_nave_43.8795_10.2593,Cristina Nave,RESTAURANT,ristorante,https://raw.githubusercontent.com/pasqualelembo78/huntix-poi/main/italia/toscana/viareggio/pages/cristina_nave_43.8795_10.2593.json,custom
43.878977,10.241112,ov_il_pino_sul_tetto_di_massimo_barsotti_43.8790_10.2411,Il Pino SUL Tetto di Massimo Barsotti,RESTAURANT,ristorante,https://raw.githubusercontent.com/pasqualelembo78/huntix-poi/main/italia/toscana/viareggio/pages/il_pino_sul_tetto_di_massimo_barsotti_43.8790_10.2411.json,custom
43.880322,10.246743,ov_brambilla_s_delivery_43.8803_10.2467,Brambilla's Delivery,RESTAURANT,ristorante,https://raw.githubusercontent.com/pasqualelembo78/huntix-poi/main/italia/toscana/viareggio/pages/brambillas_delivery_43.8803_10.2467.json,custom
43.880450,10.258758,ov_hokra_43.8805_10.2588,Hokra,RESTAURANT,ristorante,https://raw.githubusercontent.com/pasqualelembo78/huntix-poi/main/italia/toscana/viareggio/pages/hokra_43.8805_10.2588.json,custom
43.880973,10.258080,ov_pizzeria_ancora_un_po__43.8810_10.2581,Pizzeria Ancora un Po',RESTAURANT,ristorante,https://raw.githubusercontent.com/pasqualelembo78/huntix-poi/main/italia/toscana/viareggio/pages/pizzeria_ancora_un_po_43.8810_10.2581.json,custom
43.880990,10.258030,ov_pizzeria_c__era_una_volta_43.8810_10.2580,Pizzeria C’ era una volta,RESTAURANT,ristorante,https://raw.githubusercontent.com/pasqualelembo78/huntix-poi/main/italia/toscana/viareggio/pages/pizzeria_c_era_una_volta_43.8810_10.2580.json,custom
43.881541,10.233381,ov_bagno_lido___lidino_43.8815_10.2334,Bagno Lido - Lidino,RESTAURANT,ristorante,https://raw.githubusercontent.com/pasqualelembo78/huntix-poi/main/italia/toscana/viareggio/pages/bagno_lido_-_lidino_43.8815_10.2334.json,custom
43.881334,10.235497,ov_la_terrazza_bistrot_viareggio_43.8813_10.2355,La Terrazza Bistrot Viareggio,RESTAURANT,ristorante,https://raw.githubusercontent.com/pasqualelembo78/huntix-poi/main/italia/toscana/viareggio/pages/la_terrazza_bistrot_viareggio_43.8813_10.2355.json,custom
43.881380,10.235260,ov_la_posteria_ristorante_pizzeria_fresco_f_43.8814_10.2353,"La Posteria ristorante pizzeria,fresco forno senza glutine",RESTAURANT,ristorante,https://raw.githubusercontent.com/pasqualelembo78/huntix-poi/main/italia/toscana/viareggio/pages/la_posteria_ristorante_pizzeriafresco_fo_43.8814_10.2353.json,custom
43.881415,10.235402,ov_il_piccolo_principe_43.8814_10.2354,Il Piccolo Principe,RESTAURANT,ristorante,https://raw.githubusercontent.com/pasqualelembo78/huntix-poi/main/italia/toscana/viareggio/pages/il_piccolo_principe_43.8814_10.2354.json,custom
43.880960,10.236177,ov_ristorante_puccini20_viareggio_43.8810_10.2362,Ristorante Puccini20 Viareggio,RESTAURANT,ristorante,https://raw.githubusercontent.com/pasqualelembo78/huntix-poi/main/italia/toscana/viareggio/pages/ristorante_puccini20_viareggio_43.8810_10.2362.json,custom
43.879970,10.235480,ov_ristorante_bagno_il_sole_viareggio_43.8800_10.2355,Ristorante Bagno Il Sole Viareggio,RESTAURANT,ristorante,https://raw.githubusercontent.com/pasqualelembo78/huntix-poi/main/italia/toscana/viareggio/pages/ristorante_bagno_il_sole_viareggio_43.8800_10.2355.json,custom
43.879981,10.235317,ov_bagno_bistrot_la_pace_43.8800_10.2353,Bagno-Bistrot La Pace,RESTAURANT,ristorante,https://raw.githubusercontent.com/pasqualelembo78/huntix-poi/main/italia/toscana/viareggio/pages/bagno-bistrot_la_pace_43.8800_10.2353.json,custom
43.882448,10.233015,ov_da_ettore_sul_mare_43.8824_10.2330,Da Ettore sul Mare,RESTAURANT,ristorante,https://raw.githubusercontent.com/pasqualelembo78/huntix-poi/main/italia/toscana/viareggio/pages/da_ettore_sul_mare_43.8824_10.2330.json,custom
43.884080,10.231768,ov_il_fico_d__india_beach_restaurant_and_ap_43.8841_10.2318,Il Fico d' India beach restaurant and aperitifs,RESTAURANT,ristorante,https://raw.githubusercontent.com/pasqualelembo78/huntix-poi/main/italia/toscana/viareggio/pages/il_fico_d_india_beach_restaurant_and_ape_43.8841_10.2318.json,custom
43.885508,10.230950,ov_ristorante_zaramare_43.8855_10.2310,Ristorante Zaramare,RESTAURANT,ristorante,https://raw.githubusercontent.com/pasqualelembo78/huntix-poi/main/italia/toscana/viareggio/pages/ristorante_zaramare_43.8855_10.2310.json,custom
43.886174,10.230993,ov_bagno_piave_43.8862_10.2310,Bagno Piave,RESTAURANT,ristorante,https://raw.githubusercontent.com/pasqualelembo78/huntix-poi/main/italia/toscana/viareggio/pages/bagno_piave_43.8862_10.2310.json,custom
43.885105,10.234722,ov_gastronomia_al_gambero_rosso_43.8851_10.2347,Gastronomia Al Gambero Rosso,RESTAURANT,ristorante,https://raw.githubusercontent.com/pasqualelembo78/huntix-poi/main/italia/toscana/viareggio/pages/gastronomia_al_gambero_rosso_43.8851_10.2347.json,custom
43.884590,10.238040,ov_bocciofila_viareggina_43.8846_10.2380,Bocciofila Viareggina,RESTAURANT,ristorante,https://raw.githubusercontent.com/pasqualelembo78/huntix-poi/main/italia/toscana/viareggio/pages/bocciofila_viareggina_43.8846_10.2380.json,custom
43.884797,10.250007,ov_ristorante_porca_vacca_43.8848_10.2500,Ristorante Porca Vacca,RESTAURANT,ristorante,https://raw.githubusercontent.com/pasqualelembo78/huntix-poi/main/italia/toscana/viareggio/pages/ristorante_porca_vacca_43.8848_10.2500.json,custom
43.885601,10.250200,ov_gastronomia_tavola_calda_davio_43.8856_10.2502,Gastronomia Tavola Calda Davio,RESTAURANT,ristorante,https://raw.githubusercontent.com/pasqualelembo78/huntix-poi/main/italia/toscana/viareggio/pages/gastronomia_tavola_calda_davio_43.8856_10.2502.json,custom
43.885591,10.248967,ov_lo_sceriffo_43.8856_10.2490,Lo Sceriffo,RESTAURANT,ristorante,https://raw.githubusercontent.com/pasqualelembo78/huntix-poi/main/italia/toscana/viareggio/pages/lo_sceriffo_43.8856_10.2490.json,custom
43.883655,10.247441,ov_old_wild_west___viareggio_43.8837_10.2474,Old Wild West - Viareggio,RESTAURANT,ristorante,https://raw.githubusercontent.com/pasqualelembo78/huntix-poi/main/italia/toscana/viareggio/pages/old_wild_west_-_viareggio_43.8837_10.2474.json,custom
43.883700,10.243350,ov_il_buonumore_ristorante_43.8837_10.2433,IL Buonumore ristorante,RESTAURANT,ristorante,https://raw.githubusercontent.com/pasqualelembo78/huntix-poi/main/italia/toscana/viareggio/pages/il_buonumore_ristorante_43.8837_10.2433.json,custom
43.883727,10.243173,ov_nuova_viareggio_43.8837_10.2432,Nuova Viareggio,RESTAURANT,ristorante,https://raw.githubusercontent.com/pasqualelembo78/huntix-poi/main/italia/toscana/viareggio/pages/nuova_viareggio_43.8837_10.2432.json,custom
43.882986,10.241230,ov_pizzeria_da_christian_43.8830_10.2412,Pizzeria da Christian,RESTAURANT,ristorante,https://raw.githubusercontent.com/pasqualelembo78/huntix-poi/main/italia/toscana/viareggio/pages/pizzeria_da_christian_43.8830_10.2412.json,custom
43.882693,10.240324,ov_ristorante_la_casina_pizzeria_43.8827_10.2403,Ristorante La Casina Pizzeria,RESTAURANT,ristorante,https://raw.githubusercontent.com/pasqualelembo78/huntix-poi/main/italia/toscana/viareggio/pages/ristorante_la_casina_pizzeria_43.8827_10.2403.json,custom
43.882267,10.247885,ov_l_orchidea_43.8823_10.2479,L'Orchidea,RESTAURANT,ristorante,https://raw.githubusercontent.com/pasqualelembo78/huntix-poi/main/italia/toscana/viareggio/pages/lorchidea_43.8823_10.2479.json,custom
43.889100,10.244748,ov_caf____bistrot_marco_polo_sports_center_43.8891_10.2447,Café & Bistrot Marco Polo Sports Center,RESTAURANT,ristorante,https://raw.githubusercontent.com/pasqualelembo78/huntix-poi/main/italia/toscana/viareggio/pages/caf_bistrot_marco_polo_sports_center_43.8891_10.2447.json,custom
43.887034,10.249496,ov_trattoria_e_pizzeria_o__scugnizzo_via_au_43.8870_10.2495,Trattoria e Pizzeria o’ Scugnizzo via Aurelia n.60 a lido di,RESTAURANT,ristorante,https://raw.githubusercontent.com/pasqualelembo78/huntix-poi/main/italia/toscana/viareggio/pages/trattoria_e_pizzeria_o_scugnizzo_via_aur_43.8870_10.2495.json,custom
43.887237,10.246797,ov_branzo_viareggio_43.8872_10.2468,Branzo Viareggio,RESTAURANT,ristorante,https://raw.githubusercontent.com/pasqualelembo78/huntix-poi/main/italia/toscana/viareggio/pages/branzo_viareggio_43.8872_10.2468.json,custom
43.887004,10.244390,ov_ristorante_pizzeria_44_parallelo_43.8870_10.2444,Ristorante Pizzeria 44 Parallelo,RESTAURANT,ristorante,https://raw.githubusercontent.com/pasqualelembo78/huntix-poi/main/italia/toscana/viareggio/pages/ristorante_pizzeria_44_parallelo_43.8870_10.2444.json,custom
43.887420,10.243952,ov_ristorante_quattro_tre_tre_43.8874_10.2440,Ristorante Quattro Tre Tre,RESTAURANT,ristorante,https://raw.githubusercontent.com/pasqualelembo78/huntix-poi/main/italia/toscana/viareggio/pages/ristorante_quattro_tre_tre_43.8874_10.2440.json,custom
43.888132,10.229252,ov_bagno_acqua_azzurra_43.8881_10.2293,Bagno Acqua Azzurra,RESTAURANT,ristorante,https://raw.githubusercontent.com/pasqualelembo78/huntix-poi/main/italia/toscana/viareggio/pages/bagno_acqua_azzurra_43.8881_10.2293.json,custom
43.888155,10.229108,ov_odissea_43.8882_10.2291,Odissea,RESTAURANT,ristorante,https://raw.githubusercontent.com/pasqualelembo78/huntix-poi/main/italia/toscana/viareggio/pages/odissea_43.8882_10.2291.json,custom
43.888068,10.229246,ov_ngochi_beach_food_43.8881_10.2292,NGOCHI beach food,RESTAURANT,ristorante,https://raw.githubusercontent.com/pasqualelembo78/huntix-poi/main/italia/toscana/viareggio/pages/ngochi_beach_food_43.8881_10.2292.json,custom
43.887319,10.230193,ov_luigi_s_bar_and_food_43.8873_10.2302,Luigi's Bar and Food,RESTAURANT,ristorante,https://raw.githubusercontent.com/pasqualelembo78/huntix-poi/main/italia/toscana/viareggio/pages/luigis_bar_and_food_43.8873_10.2302.json,custom
43.886487,10.230574,ov_ristorante_reginetta_43.8865_10.2306,Ristorante Reginetta,RESTAURANT,ristorante,https://raw.githubusercontent.com/pasqualelembo78/huntix-poi/main/italia/toscana/viareggio/pages/ristorante_reginetta_43.8865_10.2306.json,custom
43.886792,10.229841,ov_tlk_bar_and_restaurant_43.8868_10.2298,TLK Bar and Restaurant,RESTAURANT,ristorante,https://raw.githubusercontent.com/pasqualelembo78/huntix-poi/main/italia/toscana/viareggio/pages/tlk_bar_and_restaurant_43.8868_10.2298.json,custom
43.886817,10.230477,ov_leda_ristobar_43.8868_10.2305,Leda Ristobar,RESTAURANT,ristorante,https://raw.githubusercontent.com/pasqualelembo78/huntix-poi/main/italia/toscana/viareggio/pages/leda_ristobar_43.8868_10.2305.json,custom
43.887123,10.230037,ov_bagno_firenze_43.8871_10.2300,Bagno firenze,RESTAURANT,ristorante,https://raw.githubusercontent.com/pasqualelembo78/huntix-poi/main/italia/toscana/viareggio/pages/bagno_firenze_43.8871_10.2300.json,custom
43.890505,10.234424,ov_gusto_43.8905_10.2344,Gusto,RESTAURANT,ristorante,https://raw.githubusercontent.com/pasqualelembo78/huntix-poi/main/italia/toscana/viareggio/pages/gusto_43.8905_10.2344.json,custom
43.890527,10.245581,ov_gilda2_lap_restaurant_43.8905_10.2456,Gilda2 lap&restaurant,RESTAURANT,ristorante,https://raw.githubusercontent.com/pasqualelembo78/huntix-poi/main/italia/toscana/viareggio/pages/gilda2_laprestaurant_43.8905_10.2456.json,custom
43.891906,10.244512,ov_la_barchina_fish___chips_43.8919_10.2445,La Barchina Fish & Chips,RESTAURANT,ristorante,https://raw.githubusercontent.com/pasqualelembo78/huntix-poi/main/italia/toscana/viareggio/pages/la_barchina_fish_chips_43.8919_10.2445.json,custom
43.892631,10.242919,ov_komorebi_sushi_restaurant_all_you_can_ea_43.8926_10.2429,Komorebi Sushi Restaurant All You Can Eat e Take Away,RESTAURANT,ristorante,https://raw.githubusercontent.com/pasqualelembo78/huntix-poi/main/italia/toscana/viareggio/pages/komorebi_sushi_restaurant_all_you_can_ea_43.8926_10.2429.json,custom
43.892936,10.242643,ov_wok_sushi_viareggio_43.8929_10.2426,Wok Sushi Viareggio,RESTAURANT,ristorante,https://raw.githubusercontent.com/pasqualelembo78/huntix-poi/main/italia/toscana/viareggio/pages/wok_sushi_viareggio_43.8929_10.2426.json,custom
43.892796,10.248054,ov_osteria_di_burlamacco_43.8928_10.2481,Osteria di Burlamacco,RESTAURANT,ristorante,https://raw.githubusercontent.com/pasqualelembo78/huntix-poi/main/italia/toscana/viareggio/pages/osteria_di_burlamacco_43.8928_10.2481.json,custom
43.893860,10.246649,ov_bistrot_della_cittadella_43.8939_10.2466,Bistrot della Cittadella,RESTAURANT,ristorante,https://raw.githubusercontent.com/pasqualelembo78/huntix-poi/main/italia/toscana/viareggio/pages/bistrot_della_cittadella_43.8939_10.2466.json,custom
43.895816,10.260780,ov_agriturismo_cavallino_bianco_43.8958_10.2608,Agriturismo Cavallino Bianco,RESTAURANT,ristorante,https://raw.githubusercontent.com/pasqualelembo78/huntix-poi/main/italia/toscana/viareggio/pages/agriturismo_cavallino_bianco_43.8958_10.2608.json,custom
43.894954,10.261503,ov_vecchio_casale_ai_pioppi_43.8950_10.2615,Vecchio Casale ai Pioppi,RESTAURANT,ristorante,https://raw.githubusercontent.com/pasqualelembo78/huntix-poi/main/italia/toscana/viareggio/pages/vecchio_casale_ai_pioppi_43.8950_10.2615.json,custom
43.906234,10.227078,ov_ristorante_pizzeria_luna_rossa_43.9062_10.2271,Ristorante-pizzeria Luna Rossa,RESTAURANT,ristorante,https://raw.githubusercontent.com/pasqualelembo78/huntix-poi/main/italia/toscana/viareggio/pages/ristorante-pizzeria_luna_rossa_43.9062_10.2271.json,custom
43.853602,10.244114,osm_la_barca_43.8536_10.2441,La Barca,ristorante,ristorante,https://raw.githubusercontent.com/pasqualelembo78/huntix-poi/main/italia/toscana/viareggio/pages/la_barca_43.8536_10.2441.json,custom
43.854016,10.263436,osm_pizzeria_di_simone_43.8540_10.2634,Pizzeria di Simone,ristorante,ristorante,https://raw.githubusercontent.com/pasqualelembo78/huntix-poi/main/italia/toscana/viareggio/pages/pizzeria_di_simone_43.8540_10.2634.json,custom
43.862699,10.244235,osm_il_porto_43.8627_10.2442,Il Porto,ristorante,ristorante,https://raw.githubusercontent.com/pasqualelembo78/huntix-poi/main/italia/toscana/viareggio/pages/il_porto_43.8627_10.2442.json,custom
43.864514,10.251414,osm_il_gabbiano_43.8645_10.2514,Il Gabbiano,ristorante,ristorante,https://raw.githubusercontent.com/pasqualelembo78/huntix-poi/main/italia/toscana/viareggio/pages/il_gabbiano_43.8645_10.2514.json,custom
43.873708,10.251761,osm_mak_mak_43.8737_10.2518,Mak Mak,ristorante,ristorante,https://raw.githubusercontent.com/pasqualelembo78/huntix-poi/main/italia/toscana/viareggio/pages/mak_mak_43.8737_10.2518.json,custom
43.878125,10.246820,osm_nonna_ede_43.8781_10.2468,Nonna Ede,ristorante,ristorante,https://raw.githubusercontent.com/pasqualelembo78/huntix-poi/main/italia/toscana/viareggio/pages/nonna_ede_43.8781_10.2468.json,custom
43.866831,10.248703,osm_adone_43.8668_10.2487,Adone,ristorante,ristorante,https://raw.githubusercontent.com/pasqualelembo78/huntix-poi/main/italia/toscana/viareggio/pages/adone_43.8668_10.2487.json,custom
43.866863,10.251937,osm_il_pachino_43.8669_10.2519,Il Pachino,ristorante,ristorante,https://raw.githubusercontent.com/pasqualelembo78/huntix-poi/main/italia/toscana/viareggio/pages/il_pachino_43.8669_10.2519.json,custom
43.864832,10.245086,osm_la_baracchina_43.8648_10.2451,La Baracchina,ristorante,ristorante,https://raw.githubusercontent.com/pasqualelembo78/huntix-poi/main/italia/toscana/viareggio/pages/la_baracchina_43.8648_10.2451.json,custom
43.864475,10.250365,osm_nitens_43.8645_10.2504,Nitens,ristorante,ristorante,https://raw.githubusercontent.com/pasqualelembo78/huntix-poi/main/italia/toscana/viareggio/pages/nitens_43.8645_10.2504.json,custom
43.865373,10.244081,osm_savoia_1929____caffetteria_ristorante_43.8654_10.2441,Savoia 1929 -  Caffetteria Ristorante,ristorante,ristorante,https://raw.githubusercontent.com/pasqualelembo78/huntix-poi/main/italia/toscana/viareggio/pages/savoia_1929_-_caffetteria_ristorante_43.8654_10.2441.json,custom
43.862387,10.243921,osm_trattoria_dalla_mamma_43.8624_10.2439,Trattoria dalla Mamma,ristorante,ristorante,https://raw.githubusercontent.com/pasqualelembo78/huntix-poi/main/italia/toscana/viareggio/pages/trattoria_dalla_mamma_43.8624_10.2439.json,custom
43.865268,10.244025,osm_poke_time___poke_bowls_43.8653_10.2440,Poke Time - poke bowls,ristorante,ristorante,https://raw.githubusercontent.com/pasqualelembo78/huntix-poi/main/italia/toscana/viareggio/pages/poke_time_-_poke_bowls_43.8653_10.2440.json,custom
43.866222,10.243643,osm_e_dai_fish_43.8662_10.2436,E.Dai Fish,ristorante,ristorante,https://raw.githubusercontent.com/pasqualelembo78/huntix-poi/main/italia/toscana/viareggio/pages/edai_fish_43.8662_10.2436.json,custom
43.864732,10.243750,osm_octopus___friggitoria_gastronomia_43.8647_10.2438,Octopus - friggitoria gastronomia,ristorante,ristorante,https://raw.githubusercontent.com/pasqualelembo78/huntix-poi/main/italia/toscana/viareggio/pages/octopus_-_friggitoria_gastronomia_43.8647_10.2438.json,custom
43.818615,10.260151,ov_farenight_drink_food_and_music_43.8186_10.2602,Farenight Drink Food and Music,RESTAURANT,bar_cafe,https://raw.githubusercontent.com/pasqualelembo78/huntix-poi/main/italia/toscana/viareggio/pages/farenight_drink_food_and_music_43.8186_10.2602.json,custom
43.826489,10.286248,ov_pequeno_pub_43.8265_10.2862,Pequeno PUB,RESTAURANT,bar_cafe,https://raw.githubusercontent.com/pasqualelembo78/huntix-poi/main/italia/toscana/viareggio/pages/pequeno_pub_43.8265_10.2862.json,custom
43.826128,10.292749,ov_bar_tabacchi_lo_stramonio_43.8261_10.2927,Bar Tabacchi Lo Stramonio,RESTAURANT,bar_cafe,https://raw.githubusercontent.com/pasqualelembo78/huntix-poi/main/italia/toscana/viareggio/pages/bar_tabacchi_lo_stramonio_43.8261_10.2927.json,custom
43.824976,10.280919,ov_caffe_e_delizie_evolution_43.8250_10.2809,Caffe e Delizie Evolution,RESTAURANT,bar_cafe,https://raw.githubusercontent.com/pasqualelembo78/huntix-poi/main/italia/toscana/viareggio/pages/caffe_e_delizie_evolution_43.8250_10.2809.json,custom
43.825822,10.283971,ov_pasticceria_nessun_dorma_43.8258_10.2840,Pasticceria Nessun Dorma,RESTAURANT,bar_cafe,https://raw.githubusercontent.com/pasqualelembo78/huntix-poi/main/italia/toscana/viareggio/pages/pasticceria_nessun_dorma_43.8258_10.2840.json,custom
43.818705,10.265403,ov_caffe_venezia_43.8187_10.2654,Caffe Venezia,RESTAURANT,bar_cafe,https://raw.githubusercontent.com/pasqualelembo78/huntix-poi/main/italia/toscana/viareggio/pages/caffe_venezia_43.8187_10.2654.json,custom
43.820645,10.258689,ov_alhambra_beach_bar_43.8206_10.2587,Alhambra Beach Bar,RESTAURANT,bar_cafe,https://raw.githubusercontent.com/pasqualelembo78/huntix-poi/main/italia/toscana/viareggio/pages/alhambra_beach_bar_43.8206_10.2587.json,custom
43.820193,10.259137,ov_bar_da_ciccio_43.8202_10.2591,Bar da Ciccio,RESTAURANT,bar_cafe,https://raw.githubusercontent.com/pasqualelembo78/huntix-poi/main/italia/toscana/viareggio/pages/bar_da_ciccio_43.8202_10.2591.json,custom
43.826512,10.257191,ov_mamamia_43.8265_10.2572,Mamamia,RESTAURANT,bar_cafe,https://raw.githubusercontent.com/pasqualelembo78/huntix-poi/main/italia/toscana/viareggio/pages/mamamia_43.8265_10.2572.json,custom
43.826584,10.257164,ov_il_corsaro_rosso_43.8266_10.2572,Il Corsaro Rosso,RESTAURANT,bar_cafe,https://raw.githubusercontent.com/pasqualelembo78/huntix-poi/main/italia/toscana/viareggio/pages/il_corsaro_rosso_43.8266_10.2572.json,custom
43.825964,10.257344,ov_buddy___torre_del_lago_43.8260_10.2573,Buddy - Torre Del Lago,RESTAURANT,bar_cafe,https://raw.githubusercontent.com/pasqualelembo78/huntix-poi/main/italia/toscana/viareggio/pages/buddy_-_torre_del_lago_43.8260_10.2573.json,custom
43.825795,10.257411,ov_kalispera_cocktail_bar_43.8258_10.2574,Kalispera Cocktail Bar,RESTAURANT,bar_cafe,https://raw.githubusercontent.com/pasqualelembo78/huntix-poi/main/italia/toscana/viareggio/pages/kalispera_cocktail_bar_43.8258_10.2574.json,custom
43.825238,10.254848,ov_diri_beach_43.8252_10.2548,Diri Beach,RESTAURANT,bar_cafe,https://raw.githubusercontent.com/pasqualelembo78/huntix-poi/main/italia/toscana/viareggio/pages/diri_beach_43.8252_10.2548.json,custom
43.827535,10.256743,ov_barcox_43.8275_10.2567,Barcox,RESTAURANT,bar_cafe,https://raw.githubusercontent.com/pasqualelembo78/huntix-poi/main/italia/toscana/viareggio/pages/barcox_43.8275_10.2567.json,custom
43.827850,10.256440,ov_beach_boys_bar_43.8278_10.2564,Beach Boys Bar,RESTAURANT,bar_cafe,https://raw.githubusercontent.com/pasqualelembo78/huntix-poi/main/italia/toscana/viareggio/pages/beach_boys_bar_43.8278_10.2564.json,custom
43.828930,10.285410,ov_bar_centrale_43.8289_10.2854,Bar Centrale,RESTAURANT,bar_cafe,https://raw.githubusercontent.com/pasqualelembo78/huntix-poi/main/italia/toscana/viareggio/pages/bar_centrale_43.8289_10.2854.json,custom
43.828930,10.285410,ov_bar_ne_ghe_n__43.8289_10.2854,Bar Ne Ghe Nè,RESTAURANT,bar_cafe,https://raw.githubusercontent.com/pasqualelembo78/huntix-poi/main/italia/toscana/viareggio/pages/bar_ne_ghe_n_43.8289_10.2854.json,custom
43.827388,10.288939,ov_bar_pasticceria_valcauda_43.8274_10.2889,Bar Pasticceria Valcauda,RESTAURANT,bar_cafe,https://raw.githubusercontent.com/pasqualelembo78/huntix-poi/main/italia/toscana/viareggio/pages/bar_pasticceria_valcauda_43.8274_10.2889.json,custom
43.827600,10.290050,ov_il_cappellaio_matty_43.8276_10.2901,IL Cappellaio Matty,RESTAURANT,bar_cafe,https://raw.githubusercontent.com/pasqualelembo78/huntix-poi/main/italia/toscana/viareggio/pages/il_cappellaio_matty_43.8276_10.2901.json,custom
43.827961,10.290899,ov_red_rose_43.8280_10.2909,Red Rose,RESTAURANT,bar_cafe,https://raw.githubusercontent.com/pasqualelembo78/huntix-poi/main/italia/toscana/viareggio/pages/red_rose_43.8280_10.2909.json,custom
43.828740,10.291040,ov_la_nuova_edicola_43.8287_10.2910,La nuova edicola,RESTAURANT,bar_cafe,https://raw.githubusercontent.com/pasqualelembo78/huntix-poi/main/italia/toscana/viareggio/pages/la_nuova_edicola_43.8287_10.2910.json,custom
43.828379,10.292144,ov_bar_pagoda_43.8284_10.2921,Bar Pagoda,RESTAURANT,bar_cafe,https://raw.githubusercontent.com/pasqualelembo78/huntix-poi/main/italia/toscana/viareggio/pages/bar_pagoda_43.8284_10.2921.json,custom
43.828409,10.292050,ov_bar_dalma_di_manfredi_giorgio_43.8284_10.2920,Bar Dalma di Manfredi Giorgio,RESTAURANT,bar_cafe,https://raw.githubusercontent.com/pasqualelembo78/huntix-poi/main/italia/toscana/viareggio/pages/bar_dalma_di_manfredi_giorgio_43.8284_10.2920.json,custom
43.833300,10.283300,ov_torre_pride_village_43.8333_10.2833,Torre Pride Village,RESTAURANT,bar_cafe,https://raw.githubusercontent.com/pasqualelembo78/huntix-poi/main/italia/toscana/viareggio/pages/torre_pride_village_43.8333_10.2833.json,custom
43.831817,10.289238,ov_bar_bini_43.8318_10.2892,Bar Bini,RESTAURANT,bar_cafe,https://raw.githubusercontent.com/pasqualelembo78/huntix-poi/main/italia/toscana/viareggio/pages/bar_bini_43.8318_10.2892.json,custom
43.834510,10.287772,ov_bagno_bianchi_da_frederica_il_bar_43.8345_10.2878,Bagno Bianchi da Frederica il Bar,RESTAURANT,bar_cafe,https://raw.githubusercontent.com/pasqualelembo78/huntix-poi/main/italia/toscana/viareggio/pages/bagno_bianchi_da_frederica_il_bar_43.8345_10.2878.json,custom
43.835951,10.280585,ov_il_paradiso_asd_43.8360_10.2806,Il Paradiso asd,RESTAURANT,bar_cafe,https://raw.githubusercontent.com/pasqualelembo78/huntix-poi/main/italia/toscana/viareggio/pages/il_paradiso_asd_43.8360_10.2806.json,custom
43.832756,10.306283,ov_caffe_sul_lago_43.8328_10.3063,Caffe sul Lago,RESTAURANT,bar_cafe,https://raw.githubusercontent.com/pasqualelembo78/huntix-poi/main/italia/toscana/viareggio/pages/caffe_sul_lago_43.8328_10.3063.json,custom
43.846325,10.244953,ov_bar_l_altro_mare_comparini_43.8463_10.2450,Bar L'Altro Mare Comparini,RESTAURANT,bar_cafe,https://raw.githubusercontent.com/pasqualelembo78/huntix-poi/main/italia/toscana/viareggio/pages/bar_laltro_mare_comparini_43.8463_10.2450.json,custom
43.850821,10.277247,ov_bar_peperosso_43.8508_10.2772,Bar PepeRosso,RESTAURANT,bar_cafe,https://raw.githubusercontent.com/pasqualelembo78/huntix-poi/main/italia/toscana/viareggio/pages/bar_peperosso_43.8508_10.2772.json,custom
43.852197,10.244795,ov_vegas_viareggio_43.8522_10.2448,Vegas Viareggio,RESTAURANT,bar_cafe,https://raw.githubusercontent.com/pasqualelembo78/huntix-poi/main/italia/toscana/viareggio/pages/vegas_viareggio_43.8522_10.2448.json,custom
43.851748,10.245174,ov_carpe_diem_viareggio_43.8517_10.2452,Carpe Diem Viareggio,RESTAURANT,bar_cafe,https://raw.githubusercontent.com/pasqualelembo78/huntix-poi/main/italia/toscana/viareggio/pages/carpe_diem_viareggio_43.8517_10.2452.json,custom
43.850637,10.245757,ov_corsaro_rosso_43.8506_10.2458,Corsaro Rosso,RESTAURANT,bar_cafe,https://raw.githubusercontent.com/pasqualelembo78/huntix-poi/main/italia/toscana/viareggio/pages/corsaro_rosso_43.8506_10.2458.json,custom
43.848430,10.245210,ov_beach_boys_bar_43.8484_10.2452,Beach Boys Bar,RESTAURANT,bar_cafe,https://raw.githubusercontent.com/pasqualelembo78/huntix-poi/main/italia/toscana/viareggio/pages/beach_boys_bar_43.8484_10.2452.json,custom
43.852888,10.264608,ov_el_sombrerino_43.8529_10.2646,El Sombrerino,RESTAURANT,bar_cafe,https://raw.githubusercontent.com/pasqualelembo78/huntix-poi/main/italia/toscana/viareggio/pages/el_sombrerino_43.8529_10.2646.json,custom
43.853667,10.261305,ov_bar_silvia_43.8537_10.2613,Bar Silvia,RESTAURANT,bar_cafe,https://raw.githubusercontent.com/pasqualelembo78/huntix-poi/main/italia/toscana/viareggio/pages/bar_silvia_43.8537_10.2613.json,custom
43.854088,10.263091,ov_bar_la_caffetteria_43.8541_10.2631,Bar La Caffetteria,RESTAURANT,bar_cafe,https://raw.githubusercontent.com/pasqualelembo78/huntix-poi/main/italia/toscana/viareggio/pages/bar_la_caffetteria_43.8541_10.2631.json,custom
43.854173,10.240889,ov_bar_ristoro_il_moletto_43.8542_10.2409,Bar Ristoro Il Moletto,RESTAURANT,bar_cafe,https://raw.githubusercontent.com/pasqualelembo78/huntix-poi/main/italia/toscana/viareggio/pages/bar_ristoro_il_moletto_43.8542_10.2409.json,custom
43.854345,10.240233,ov_da_briciola_43.8543_10.2402,Da Briciola,RESTAURANT,bar_cafe,https://raw.githubusercontent.com/pasqualelembo78/huntix-poi/main/italia/toscana/viareggio/pages/da_briciola_43.8543_10.2402.json,custom
43.856065,10.262247,ov_bar_gelateria_offy_and_potzy_43.8561_10.2622,Bar Gelateria Offy and Potzy,RESTAURANT,bar_cafe,https://raw.githubusercontent.com/pasqualelembo78/huntix-poi/main/italia/toscana/viareggio/pages/bar_gelateria_offy_and_potzy_43.8561_10.2622.json,custom
43.858772,10.260618,ov_anna_caffe_43.8588_10.2606,Anna Caffe,RESTAURANT,bar_cafe,https://raw.githubusercontent.com/pasqualelembo78/huntix-poi/main/italia/toscana/viareggio/pages/anna_caffe_43.8588_10.2606.json,custom
43.858656,10.262480,ov_myc_caffe____bar_43.8587_10.2625,MYC Caffe’ & Bar,RESTAURANT,bar_cafe,https://raw.githubusercontent.com/pasqualelembo78/huntix-poi/main/italia/toscana/viareggio/pages/myc_caffe_bar_43.8587_10.2625.json,custom
43.858520,10.248000,ov_prati_roberto_43.8585_10.2480,Prati Roberto,RESTAURANT,bar_cafe,https://raw.githubusercontent.com/pasqualelembo78/huntix-poi/main/italia/toscana/viareggio/pages/prati_roberto_43.8585_10.2480.json,custom
43.860313,10.271010,ov_le_delizie_2_43.8603_10.2710,Le Delizie 2,RESTAURANT,bar_cafe,https://raw.githubusercontent.com/pasqualelembo78/huntix-poi/main/italia/toscana/viareggio/pages/le_delizie_2_43.8603_10.2710.json,custom
43.852553,10.269495,ov_garage_65_43.8526_10.2695,Garage 65,RESTAURANT,bar_cafe,https://raw.githubusercontent.com/pasqualelembo78/huntix-poi/main/italia/toscana/viareggio/pages/garage_65_43.8526_10.2695.json,custom
43.845409,10.516433,ov_il_chiosco_dello_stadio_43.8454_10.5164,Il Chiosco dello Stadio,RESTAURANT,bar_cafe,https://raw.githubusercontent.com/pasqualelembo78/huntix-poi/main/italia/toscana/viareggio/pages/il_chiosco_dello_stadio_43.8454_10.5164.json,custom
43.867986,10.272192,ov_sesto_senso_43.8680_10.2722,Sesto senso,RESTAURANT,bar_cafe,https://raw.githubusercontent.com/pasqualelembo78/huntix-poi/main/italia/toscana/viareggio/pages/sesto_senso_43.8680_10.2722.json,custom
43.868076,10.267152,ov_cantiere_pezzini_viareggio_43.8681_10.2672,Cantiere Pezzini Viareggio,RESTAURANT,bar_cafe,https://raw.githubusercontent.com/pasqualelembo78/huntix-poi/main/italia/toscana/viareggio/pages/cantiere_pezzini_viareggio_43.8681_10.2672.json,custom
43.867750,10.267210,ov_rosso_melograno_43.8678_10.2672,Rosso Melograno,RESTAURANT,bar_cafe,https://raw.githubusercontent.com/pasqualelembo78/huntix-poi/main/italia/toscana/viareggio/pages/rosso_melograno_43.8678_10.2672.json,custom
43.866312,10.267520,ov_patabar_43.8663_10.2675,Patabar,RESTAURANT,bar_cafe,https://raw.githubusercontent.com/pasqualelembo78/huntix-poi/main/italia/toscana/viareggio/pages/patabar_43.8663_10.2675.json,custom
43.863960,10.269310,ov_saintjames_il_pabbetto_43.8640_10.2693,Saintjames IL Pabbetto,RESTAURANT,bar_cafe,https://raw.githubusercontent.com/pasqualelembo78/huntix-poi/main/italia/toscana/viareggio/pages/saintjames_il_pabbetto_43.8640_10.2693.json,custom
43.864887,10.252386,ov_bar_degli_amici_43.8649_10.2524,Bar Degli Amici,RESTAURANT,bar_cafe,https://raw.githubusercontent.com/pasqualelembo78/huntix-poi/main/italia/toscana/viareggio/pages/bar_degli_amici_43.8649_10.2524.json,custom
43.864534,10.250663,ov_bar_sportivo_43.8645_10.2507,Bar Sportivo,RESTAURANT,bar_cafe,https://raw.githubusercontent.com/pasqualelembo78/huntix-poi/main/italia/toscana/viareggio/pages/bar_sportivo_43.8645_10.2507.json,custom
43.864609,10.242870,ov_sandy_cafe_43.8646_10.2429,Sandy Cafe,RESTAURANT,bar_cafe,https://raw.githubusercontent.com/pasqualelembo78/huntix-poi/main/italia/toscana/viareggio/pages/sandy_cafe_43.8646_10.2429.json,custom
43.864270,10.243325,ov_club_nautico_clipper_viareggio_43.8643_10.2433,Club Nautico Clipper Viareggio,RESTAURANT,bar_cafe,https://raw.githubusercontent.com/pasqualelembo78/huntix-poi/main/italia/toscana/viareggio/pages/club_nautico_clipper_viareggio_43.8643_10.2433.json,custom
43.863497,10.247923,ov_bobq_hamburgeria_birreria_gourmet_43.8635_10.2479,BOBQ Hamburgeria Birreria Gourmet,RESTAURANT,bar_cafe,https://raw.githubusercontent.com/pasqualelembo78/huntix-poi/main/italia/toscana/viareggio/pages/bobq_hamburgeria_birreria_gourmet_43.8635_10.2479.json,custom
43.863496,10.247621,ov_mia_cafe__43.8635_10.2476,Mia Cafe',RESTAURANT,bar_cafe,https://raw.githubusercontent.com/pasqualelembo78/huntix-poi/main/italia/toscana/viareggio/pages/mia_cafe_43.8635_10.2476.json,custom
43.863900,10.248750,ov_bar_caffetteria_aurora_43.8639_10.2487,Bar Caffetteria Aurora,RESTAURANT,bar_cafe,https://raw.githubusercontent.com/pasqualelembo78/huntix-poi/main/italia/toscana/viareggio/pages/bar_caffetteria_aurora_43.8639_10.2487.json,custom
43.863900,10.248750,ov_samy_s_bar___pub_43.8639_10.2487,Samy's Bar & Pub,RESTAURANT,bar_cafe,https://raw.githubusercontent.com/pasqualelembo78/huntix-poi/main/italia/toscana/viareggio/pages/samys_bar_pub_43.8639_10.2487.json,custom
43.863342,10.247381,ov_la_dolce_vita_bistrot_43.8633_10.2474,La Dolce Vita Bistrot,RESTAURANT,bar_cafe,https://raw.githubusercontent.com/pasqualelembo78/huntix-poi/main/italia/toscana/viareggio/pages/la_dolce_vita_bistrot_43.8633_10.2474.json,custom
43.861612,10.252519,ov_bar_alimentari_camping_italia_43.8616_10.2525,Bar alimentari camping Italia,RESTAURANT,bar_cafe,https://raw.githubusercontent.com/pasqualelembo78/huntix-poi/main/italia/toscana/viareggio/pages/bar_alimentari_camping_italia_43.8616_10.2525.json,custom
43.861711,10.245995,ov_logico_43.8617_10.2460,Logico,RESTAURANT,bar_cafe,https://raw.githubusercontent.com/pasqualelembo78/huntix-poi/main/italia/toscana/viareggio/pages/logico_43.8617_10.2460.json,custom
43.860841,10.252218,ov_il_kiosko_43.8608_10.2522,Il Kiosko,RESTAURANT,bar_cafe,https://raw.githubusercontent.com/pasqualelembo78/huntix-poi/main/italia/toscana/viareggio/pages/il_kiosko_43.8608_10.2522.json,custom
43.861590,10.244771,ov_bar_remo_43.8616_10.2448,Bar Remo,RESTAURANT,bar_cafe,https://raw.githubusercontent.com/pasqualelembo78/huntix-poi/main/italia/toscana/viareggio/pages/bar_remo_43.8616_10.2448.json,custom
43.862060,10.244480,ov_the_club_43.8621_10.2445,The Club,RESTAURANT,bar_cafe,https://raw.githubusercontent.com/pasqualelembo78/huntix-poi/main/italia/toscana/viareggio/pages/the_club_43.8621_10.2445.json,custom
43.861948,10.244692,ov_the_red_lion_pub_43.8619_10.2447,The Red Lion Pub,RESTAURANT,bar_cafe,https://raw.githubusercontent.com/pasqualelembo78/huntix-poi/main/italia/toscana/viareggio/pages/the_red_lion_pub_43.8619_10.2447.json,custom
43.865342,10.245161,ov_lungo_canale_cocktail_bar_43.8653_10.2452,Lungo Canale Cocktail Bar,RESTAURANT,bar_cafe,https://raw.githubusercontent.com/pasqualelembo78/huntix-poi/main/italia/toscana/viareggio/pages/lungo_canale_cocktail_bar_43.8653_10.2452.json,custom
43.865430,10.244260,ov_grecale_43.8654_10.2443,Grecale,RESTAURANT,bar_cafe,https://raw.githubusercontent.com/pasqualelembo78/huntix-poi/main/italia/toscana/viareggio/pages/grecale_43.8654_10.2443.json,custom
43.866056,10.246968,ov_barbana_cafe_43.8661_10.2470,Barbana Cafe,RESTAURANT,bar_cafe,https://raw.githubusercontent.com/pasqualelembo78/huntix-poi/main/italia/toscana/viareggio/pages/barbana_cafe_43.8661_10.2470.json,custom
43.866020,10.251130,ov_caffe_argentina_43.8660_10.2511,Caffe Argentina,RESTAURANT,bar_cafe,https://raw.githubusercontent.com/pasqualelembo78/huntix-poi/main/italia/toscana/viareggio/pages/caffe_argentina_43.8660_10.2511.json,custom
43.865877,10.251151,ov_la_bottega_vini_sfusi_43.8659_10.2512,La Bottega Vini Sfusi,RESTAURANT,bar_cafe,https://raw.githubusercontent.com/pasqualelembo78/huntix-poi/main/italia/toscana/viareggio/pages/la_bottega_vini_sfusi_43.8659_10.2512.json,custom
43.865817,10.251228,ov_let_it_beer_43.8658_10.2512,Let It Beer,RESTAURANT,bar_cafe,https://raw.githubusercontent.com/pasqualelembo78/huntix-poi/main/italia/toscana/viareggio/pages/let_it_beer_43.8658_10.2512.json,custom
43.865139,10.250131,ov_lucifero_43.8651_10.2501,Lucifero,RESTAURANT,bar_cafe,https://raw.githubusercontent.com/pasqualelembo78/huntix-poi/main/italia/toscana/viareggio/pages/lucifero_43.8651_10.2501.json,custom
43.865260,10.256490,ov_fib___federazione_italiana_barman_toscan_43.8653_10.2565,FIB - Federazione Italiana Barman Toscana,RESTAURANT,bar_cafe,https://raw.githubusercontent.com/pasqualelembo78/huntix-poi/main/italia/toscana/viareggio/pages/fib_-_federazione_italiana_barman_toscan_43.8653_10.2565.json,custom
43.865143,10.266326,ov_bar_oriano_43.8651_10.2663,Bar Oriano,RESTAURANT,bar_cafe,https://raw.githubusercontent.com/pasqualelembo78/huntix-poi/main/italia/toscana/viareggio/pages/bar_oriano_43.8651_10.2663.json,custom
43.866020,10.264039,ov_snack_bar_cinzia_43.8660_10.2640,Snack Bar Cinzia,RESTAURANT,bar_cafe,https://raw.githubusercontent.com/pasqualelembo78/huntix-poi/main/italia/toscana/viareggio/pages/snack_bar_cinzia_43.8660_10.2640.json,custom
43.866341,10.260521,ov_bar_lupo_di_mare_43.8663_10.2605,Bar Lupo Di Mare,RESTAURANT,bar_cafe,https://raw.githubusercontent.com/pasqualelembo78/huntix-poi/main/italia/toscana/viareggio/pages/bar_lupo_di_mare_43.8663_10.2605.json,custom
43.866120,10.262790,ov_indian_club_43.8661_10.2628,Indian Club,RESTAURANT,bar_cafe,https://raw.githubusercontent.com/pasqualelembo78/huntix-poi/main/italia/toscana/viareggio/pages/indian_club_43.8661_10.2628.json,custom
43.866804,10.253885,ov_il_vige_43.8668_10.2539,Il Vige,RESTAURANT,bar_cafe,https://raw.githubusercontent.com/pasqualelembo78/huntix-poi/main/italia/toscana/viareggio/pages/il_vige_43.8668_10.2539.json,custom
43.866939,10.253927,ov_this_agio_cocktail_bar_43.8669_10.2539,This Agio Cocktail Bar,RESTAURANT,bar_cafe,https://raw.githubusercontent.com/pasqualelembo78/huntix-poi/main/italia/toscana/viareggio/pages/this_agio_cocktail_bar_43.8669_10.2539.json,custom
43.866680,10.248007,ov_pasticceria_pieri_e_pezzini_43.8667_10.2480,Pasticceria Pieri e Pezzini,RESTAURANT,bar_cafe,https://raw.githubusercontent.com/pasqualelembo78/huntix-poi/main/italia/toscana/viareggio/pages/pasticceria_pieri_e_pezzini_43.8667_10.2480.json,custom
43.866682,10.249266,ov_caff__le_rose_43.8667_10.2493,Caffè Le Rose,RESTAURANT,bar_cafe,https://raw.githubusercontent.com/pasqualelembo78/huntix-poi/main/italia/toscana/viareggio/pages/caff_le_rose_43.8667_10.2493.json,custom
43.866320,10.251692,ov_bar_pasticceria_aladino_43.8663_10.2517,Bar Pasticceria Aladino,RESTAURANT,bar_cafe,https://raw.githubusercontent.com/pasqualelembo78/huntix-poi/main/italia/toscana/viareggio/pages/bar_pasticceria_aladino_43.8663_10.2517.json,custom
43.866465,10.243143,ov_guess_terrazza_43.8665_10.2431,GUESS Terrazza,RESTAURANT,bar_cafe,https://raw.githubusercontent.com/pasqualelembo78/huntix-poi/main/italia/toscana/viareggio/pages/guess_terrazza_43.8665_10.2431.json,custom
43.866841,10.243420,ov_bar_eden_viareggio_43.8668_10.2434,Bar Eden Viareggio,RESTAURANT,bar_cafe,https://raw.githubusercontent.com/pasqualelembo78/huntix-poi/main/italia/toscana/viareggio/pages/bar_eden_viareggio_43.8668_10.2434.json,custom
43.867542,10.242905,ov_gran_caffe_margherita_43.8675_10.2429,Gran Caffe Margherita,RESTAURANT,bar_cafe,https://raw.githubusercontent.com/pasqualelembo78/huntix-poi/main/italia/toscana/viareggio/pages/gran_caffe_margherita_43.8675_10.2429.json,custom
43.867644,10.242873,ov_bar_balena_43.8676_10.2429,Bar Balena,RESTAURANT,bar_cafe,https://raw.githubusercontent.com/pasqualelembo78/huntix-poi/main/italia/toscana/viareggio/pages/bar_balena_43.8676_10.2429.json,custom
43.867935,10.249946,ov_mamo_drinks_and_food_43.8679_10.2499,Mamo drinks and food,RESTAURANT,bar_cafe,https://raw.githubusercontent.com/pasqualelembo78/huntix-poi/main/italia/toscana/viareggio/pages/mamo_drinks_and_food_43.8679_10.2499.json,custom
43.867433,10.252599,ov_vineria_enotria_43.8674_10.2526,Vineria Enotria,RESTAURANT,bar_cafe,https://raw.githubusercontent.com/pasqualelembo78/huntix-poi/main/italia/toscana/viareggio/pages/vineria_enotria_43.8674_10.2526.json,custom
43.867503,10.250148,ov_accadueno_43.8675_10.2501,accadueno,RESTAURANT,bar_cafe,https://raw.githubusercontent.com/pasqualelembo78/huntix-poi/main/italia/toscana/viareggio/pages/accadueno_43.8675_10.2501.json,custom
43.867488,10.250256,ov_caff__garibaldi_43.8675_10.2503,Caffé Garibaldi,RESTAURANT,bar_cafe,https://raw.githubusercontent.com/pasqualelembo78/huntix-poi/main/italia/toscana/viareggio/pages/caff_garibaldi_43.8675_10.2503.json,custom
43.867415,10.250111,ov_enoteca_h2no_43.8674_10.2501,Enoteca H2NO,RESTAURANT,bar_cafe,https://raw.githubusercontent.com/pasqualelembo78/huntix-poi/main/italia/toscana/viareggio/pages/enoteca_h2no_43.8674_10.2501.json,custom
43.867415,10.252448,ov_enoteca_kairos_43.8674_10.2524,Enoteca Kairos,RESTAURANT,bar_cafe,https://raw.githubusercontent.com/pasqualelembo78/huntix-poi/main/italia/toscana/viareggio/pages/enoteca_kairos_43.8674_10.2524.json,custom
43.867536,10.252958,ov_caffetteria_la_modicana_43.8675_10.2530,Caffetteria La Modicana,RESTAURANT,bar_cafe,https://raw.githubusercontent.com/pasqualelembo78/huntix-poi/main/italia/toscana/viareggio/pages/caffetteria_la_modicana_43.8675_10.2530.json,custom
43.868971,10.248674,ov_caffe_cosi_come_43.8690_10.2487,Caffe Cosi Come,RESTAURANT,bar_cafe,https://raw.githubusercontent.com/pasqualelembo78/huntix-poi/main/italia/toscana/viareggio/pages/caffe_cosi_come_43.8690_10.2487.json,custom
43.868998,10.247849,ov_caffetteria_pardini_43.8690_10.2478,Caffetteria Pardini,RESTAURANT,bar_cafe,https://raw.githubusercontent.com/pasqualelembo78/huntix-poi/main/italia/toscana/viareggio/pages/caffetteria_pardini_43.8690_10.2478.json,custom
43.868307,10.250908,ov_bar_zuccherino_43.8683_10.2509,Bar Zuccherino,RESTAURANT,bar_cafe,https://raw.githubusercontent.com/pasqualelembo78/huntix-poi/main/italia/toscana/viareggio/pages/bar_zuccherino_43.8683_10.2509.json,custom
43.868327,10.245783,ov_caff__shelley_43.8683_10.2458,Caffè Shelley,RESTAURANT,bar_cafe,https://raw.githubusercontent.com/pasqualelembo78/huntix-poi/main/italia/toscana/viareggio/pages/caff_shelley_43.8683_10.2458.json,custom
43.868349,10.242627,ov_ritrovino_vineria_43.8683_10.2426,RitroVino Vineria,RESTAURANT,bar_cafe,https://raw.githubusercontent.com/pasqualelembo78/huntix-poi/main/italia/toscana/viareggio/pages/ritrovino_vineria_43.8683_10.2426.json,custom
43.868477,10.242369,ov_ccn_passeggiata_viareggio_43.8685_10.2424,CCN Passeggiata Viareggio,RESTAURANT,bar_cafe,https://raw.githubusercontent.com/pasqualelembo78/huntix-poi/main/italia/toscana/viareggio/pages/ccn_passeggiata_viareggio_43.8685_10.2424.json,custom
43.869063,10.242076,ov_birreria_lungomare_s_n_c__43.8691_10.2421,Birreria Lungomare S.n.c.,RESTAURANT,bar_cafe,https://raw.githubusercontent.com/pasqualelembo78/huntix-poi/main/italia/toscana/viareggio/pages/birreria_lungomare_snc_43.8691_10.2421.json,custom
43.871873,10.240263,ov_caff__22_43.8719_10.2403,Caffè 22,RESTAURANT,bar_cafe,https://raw.githubusercontent.com/pasqualelembo78/huntix-poi/main/italia/toscana/viareggio/pages/caff_22_43.8719_10.2403.json,custom
43.871852,10.244255,ov_bar_ok_43.8719_10.2443,Bar Ok,RESTAURANT,bar_cafe,https://raw.githubusercontent.com/pasqualelembo78/huntix-poi/main/italia/toscana/viareggio/pages/bar_ok_43.8719_10.2443.json,custom
43.872090,10.250950,ov_centro_servizi_dedalo_43.8721_10.2509,Centro Servizi Dedalo,RESTAURANT,bar_cafe,https://raw.githubusercontent.com/pasqualelembo78/huntix-poi/main/italia/toscana/viareggio/pages/centro_servizi_dedalo_43.8721_10.2509.json,custom
43.872540,10.239920,ov_roberto_felice_beach_bar_43.8725_10.2399,Roberto Felice Beach Bar,RESTAURANT,bar_cafe,https://raw.githubusercontent.com/pasqualelembo78/huntix-poi/main/italia/toscana/viareggio/pages/roberto_felice_beach_bar_43.8725_10.2399.json,custom
43.872823,10.239703,ov_bagno_bengasi_il_bar_43.8728_10.2397,Bagno Bengasi il Bar,RESTAURANT,bar_cafe,https://raw.githubusercontent.com/pasqualelembo78/huntix-poi/main/italia/toscana/viareggio/pages/bagno_bengasi_il_bar_43.8728_10.2397.json,custom
43.872904,10.239741,ov_bar_la_florentina_43.8729_10.2397,Bar La Florentina,RESTAURANT,bar_cafe,https://raw.githubusercontent.com/pasqualelembo78/huntix-poi/main/italia/toscana/viareggio/pages/bar_la_florentina_43.8729_10.2397.json,custom
43.872963,10.247036,ov_officina_del_caff__43.8730_10.2470,Officina del Caffè,RESTAURANT,bar_cafe,https://raw.githubusercontent.com/pasqualelembo78/huntix-poi/main/italia/toscana/viareggio/pages/officina_del_caff_43.8730_10.2470.json,custom
43.872871,10.246937,ov_distributori_h24_di_c_n__43.8729_10.2469,Distributori H24 di C.N.,RESTAURANT,bar_cafe,https://raw.githubusercontent.com/pasqualelembo78/huntix-poi/main/italia/toscana/viareggio/pages/distributori_h24_di_cn_43.8729_10.2469.json,custom
43.871727,10.255425,ov_bar_moreno_43.8717_10.2554,Bar Moreno,RESTAURANT,bar_cafe,https://raw.githubusercontent.com/pasqualelembo78/huntix-poi/main/italia/toscana/viareggio/pages/bar_moreno_43.8717_10.2554.json,custom
43.871523,10.259502,ov_bar_turi_43.8715_10.2595,Bar Turi,RESTAURANT,bar_cafe,https://raw.githubusercontent.com/pasqualelembo78/huntix-poi/main/italia/toscana/viareggio/pages/bar_turi_43.8715_10.2595.json,custom
43.870907,10.247786,ov_monia___clay_caff__43.8709_10.2478,Monia & Clay Caffè,RESTAURANT,bar_cafe,https://raw.githubusercontent.com/pasqualelembo78/huntix-poi/main/italia/toscana/viareggio/pages/monia_clay_caff_43.8709_10.2478.json,custom
43.870886,10.247024,ov_bar_irene_43.8709_10.2470,Bar Irene,RESTAURANT,bar_cafe,https://raw.githubusercontent.com/pasqualelembo78/huntix-poi/main/italia/toscana/viareggio/pages/bar_irene_43.8709_10.2470.json,custom
43.871257,10.242060,ov_l_orsa_minore_43.8713_10.2421,L'Orsa Minore,RESTAURANT,bar_cafe,https://raw.githubusercontent.com/pasqualelembo78/huntix-poi/main/italia/toscana/viareggio/pages/lorsa_minore_43.8713_10.2421.json,custom
43.870430,10.242040,ov_la_carmencita_caf__43.8704_10.2420,La Carmencita Cafè,RESTAURANT,bar_cafe,https://raw.githubusercontent.com/pasqualelembo78/huntix-poi/main/italia/toscana/viareggio/pages/la_carmencita_caf_43.8704_10.2420.json,custom
43.870400,10.247080,ov_lilli_bar_ristorante_di_elena_e_lisa_43.8704_10.2471,Lilli Bar Ristorante di Elena e Lisa,RESTAURANT,bar_cafe,https://raw.githubusercontent.com/pasqualelembo78/huntix-poi/main/italia/toscana/viareggio/pages/lilli_bar_ristorante_di_elena_e_lisa_43.8704_10.2471.json,custom
43.870391,10.247033,ov_battisti_207_bar___more_43.8704_10.2470,Battisti 207 Bar & More,RESTAURANT,bar_cafe,https://raw.githubusercontent.com/pasqualelembo78/huntix-poi/main/italia/toscana/viareggio/pages/battisti_207_bar_more_43.8704_10.2470.json,custom
43.870565,10.246224,ov_pasticceria_paolo_mantovani_43.8706_10.2462,Pasticceria Paolo Mantovani,RESTAURANT,bar_cafe,https://raw.githubusercontent.com/pasqualelembo78/huntix-poi/main/italia/toscana/viareggio/pages/pasticceria_paolo_mantovani_43.8706_10.2462.json,custom
43.870071,10.250275,ov_bottiglieria_lucchesi_43.8701_10.2503,Bottiglieria Lucchesi,RESTAURANT,bar_cafe,https://raw.githubusercontent.com/pasqualelembo78/huntix-poi/main/italia/toscana/viareggio/pages/bottiglieria_lucchesi_43.8701_10.2503.json,custom
43.870262,10.247436,ov_al_baretto_43.8703_10.2474,Al Baretto,RESTAURANT,bar_cafe,https://raw.githubusercontent.com/pasqualelembo78/huntix-poi/main/italia/toscana/viareggio/pages/al_baretto_43.8703_10.2474.json,custom
43.869631,10.244239,ov_giannoni_caff__43.8696_10.2442,Giannoni Caffè,RESTAURANT,bar_cafe,https://raw.githubusercontent.com/pasqualelembo78/huntix-poi/main/italia/toscana/viareggio/pages/giannoni_caff_43.8696_10.2442.json,custom
43.869745,10.243871,ov_smokecoffe_viareggio_43.8697_10.2439,Smokecoffe Viareggio,RESTAURANT,bar_cafe,https://raw.githubusercontent.com/pasqualelembo78/huntix-poi/main/italia/toscana/viareggio/pages/smokecoffe_viareggio_43.8697_10.2439.json,custom
43.869306,10.249078,ov_drunken_sailor_irish_pub_43.8693_10.2491,Drunken Sailor Irish Pub,RESTAURANT,bar_cafe,https://raw.githubusercontent.com/pasqualelembo78/huntix-poi/main/italia/toscana/viareggio/pages/drunken_sailor_irish_pub_43.8693_10.2491.json,custom
43.869421,10.248333,ov_caffe_mori_43.8694_10.2483,Caffe Mori,RESTAURANT,bar_cafe,https://raw.githubusercontent.com/pasqualelembo78/huntix-poi/main/italia/toscana/viareggio/pages/caffe_mori_43.8694_10.2483.json,custom
43.869708,10.247653,ov_bar_la_cubana_di_sciorio_43.8697_10.2477,Bar La Cubana Di Sciorio,RESTAURANT,bar_cafe,https://raw.githubusercontent.com/pasqualelembo78/huntix-poi/main/italia/toscana/viareggio/pages/bar_la_cubana_di_sciorio_43.8697_10.2477.json,custom
43.869790,10.266240,ov_circolo_amici_miei_43.8698_10.2662,Circolo AMICI MIEI,RESTAURANT,bar_cafe,https://raw.githubusercontent.com/pasqualelembo78/huntix-poi/main/italia/toscana/viareggio/pages/circolo_amici_miei_43.8698_10.2662.json,custom
43.872200,10.276090,ov_bar_pasticceria_patalani_di_orlandi_rosa_43.8722_10.2761,Bar Pasticceria Patalani Di Orlandi Rosanna,RESTAURANT,bar_cafe,https://raw.githubusercontent.com/pasqualelembo78/huntix-poi/main/italia/toscana/viareggio/pages/bar_pasticceria_patalani_di_orlandi_rosa_43.8722_10.2761.json,custom
43.872620,10.279590,ov_il_luccio_bar___ristorante_pesce_e_carne_43.8726_10.2796,Il Luccio Bar & Ristorante Pesce e Carne - Pranzi di lavoro,RESTAURANT,bar_cafe,https://raw.githubusercontent.com/pasqualelembo78/huntix-poi/main/italia/toscana/viareggio/pages/il_luccio_bar_ristorante_pesce_e_carne_-_43.8726_10.2796.json,custom
43.876830,10.244750,ov_noir_caf__43.8768_10.2447,Noir Cafè,RESTAURANT,bar_cafe,https://raw.githubusercontent.com/pasqualelembo78/huntix-poi/main/italia/toscana/viareggio/pages/noir_caf_43.8768_10.2447.json,custom
43.876757,10.244821,ov_birbar_43.8768_10.2448,BirBar,RESTAURANT,bar_cafe,https://raw.githubusercontent.com/pasqualelembo78/huntix-poi/main/italia/toscana/viareggio/pages/birbar_43.8768_10.2448.json,custom
43.875776,10.252732,ov_buggy_club_43.8758_10.2527,Buggy Club,RESTAURANT,bar_cafe,https://raw.githubusercontent.com/pasqualelembo78/huntix-poi/main/italia/toscana/viareggio/pages/buggy_club_43.8758_10.2527.json,custom
43.875346,10.252967,ov_pucci_sabrina_43.8753_10.2530,Pucci Sabrina,RESTAURANT,bar_cafe,https://raw.githubusercontent.com/pasqualelembo78/huntix-poi/main/italia/toscana/viareggio/pages/pucci_sabrina_43.8753_10.2530.json,custom
43.874423,10.245796,ov_tinto_viareggio_43.8744_10.2458,Tinto Viareggio,RESTAURANT,bar_cafe,https://raw.githubusercontent.com/pasqualelembo78/huntix-poi/main/italia/toscana/viareggio/pages/tinto_viareggio_43.8744_10.2458.json,custom
43.873737,10.246478,ov_4_20_electricaf__43.8737_10.2465,4/20 Electricafé,RESTAURANT,bar_cafe,https://raw.githubusercontent.com/pasqualelembo78/huntix-poi/main/italia/toscana/viareggio/pages/420_electricaf_43.8737_10.2465.json,custom
43.874782,10.246515,ov_pasticceria_storica_puccinelli_43.8748_10.2465,Pasticceria Storica Puccinelli,RESTAURANT,bar_cafe,https://raw.githubusercontent.com/pasqualelembo78/huntix-poi/main/italia/toscana/viareggio/pages/pasticceria_storica_puccinelli_43.8748_10.2465.json,custom
43.874617,10.250018,ov_angels_bar_43.8746_10.2500,Angels Bar,RESTAURANT,bar_cafe,https://raw.githubusercontent.com/pasqualelembo78/huntix-poi/main/italia/toscana/viareggio/pages/angels_bar_43.8746_10.2500.json,custom
43.875234,10.245720,ov_bar_l_oasi_viareggio_43.8752_10.2457,Bar L'Oasi Viareggio,RESTAURANT,bar_cafe,https://raw.githubusercontent.com/pasqualelembo78/huntix-poi/main/italia/toscana/viareggio/pages/bar_loasi_viareggio_43.8752_10.2457.json,custom
43.875250,10.240480,ov_il_giardino_viareggio_43.8753_10.2405,IL Giardino Viareggio,RESTAURANT,bar_cafe,https://raw.githubusercontent.com/pasqualelembo78/huntix-poi/main/italia/toscana/viareggio/pages/il_giardino_viareggio_43.8753_10.2405.json,custom
43.875250,10.240480,ov_caf__el_diez_43.8753_10.2405,Cafè El Diez,RESTAURANT,bar_cafe,https://raw.githubusercontent.com/pasqualelembo78/huntix-poi/main/italia/toscana/viareggio/pages/caf_el_diez_43.8753_10.2405.json,custom
43.875149,10.237656,ov_bagno_annita_bar_43.8751_10.2377,Bagno Annita Bar,RESTAURANT,bar_cafe,https://raw.githubusercontent.com/pasqualelembo78/huntix-poi/main/italia/toscana/viareggio/pages/bagno_annita_bar_43.8751_10.2377.json,custom
43.873919,10.238542,ov_bagno_il_sole_di_martinelli_anna_gloria__43.8739_10.2385,Bagno il Sole di Martinelli Anna Gloria e Pieraccini Annalis,RESTAURANT,bar_cafe,https://raw.githubusercontent.com/pasqualelembo78/huntix-poi/main/italia/toscana/viareggio/pages/bagno_il_sole_di_martinelli_anna_gloria__43.8739_10.2385.json,custom
43.875710,10.237560,ov_bagno_lasalute_viareggio_43.8757_10.2376,Bagno LaSalute Viareggio,RESTAURANT,bar_cafe,https://raw.githubusercontent.com/pasqualelembo78/huntix-poi/main/italia/toscana/viareggio/pages/bagno_lasalute_viareggio_43.8757_10.2376.json,custom
43.877557,10.236313,ov_questapaginanonhanome_43.8776_10.2363,Questapaginanonhanome,RESTAURANT,bar_cafe,https://raw.githubusercontent.com/pasqualelembo78/huntix-poi/main/italia/toscana/viareggio/pages/questapaginanonhanome_43.8776_10.2363.json,custom
43.878943,10.236283,ov_cafe_fappani_43.8789_10.2363,Cafe Fappani,RESTAURANT,bar_cafe,https://raw.githubusercontent.com/pasqualelembo78/huntix-poi/main/italia/toscana/viareggio/pages/cafe_fappani_43.8789_10.2363.json,custom
43.878031,10.236897,ov_fanatiko_snack_music___co__43.8780_10.2369,FANATIKO snack music & co.,RESTAURANT,bar_cafe,https://raw.githubusercontent.com/pasqualelembo78/huntix-poi/main/italia/toscana/viareggio/pages/fanatiko_snack_music_co_43.8780_10.2369.json,custom
43.878647,10.250802,ov_house_caf__43.8786_10.2508,House Cafè,RESTAURANT,bar_cafe,https://raw.githubusercontent.com/pasqualelembo78/huntix-poi/main/italia/toscana/viareggio/pages/house_caf_43.8786_10.2508.json,custom
43.878458,10.250682,ov_bar_pasticceria_elena_43.8785_10.2507,Bar Pasticceria Elena,RESTAURANT,bar_cafe,https://raw.githubusercontent.com/pasqualelembo78/huntix-poi/main/italia/toscana/viareggio/pages/bar_pasticceria_elena_43.8785_10.2507.json,custom
43.879031,10.250299,ov_why_not_coffee___books_43.8790_10.2503,Why Not Coffee & Books,RESTAURANT,bar_cafe,https://raw.githubusercontent.com/pasqualelembo78/huntix-poi/main/italia/toscana/viareggio/pages/why_not_coffee_books_43.8790_10.2503.json,custom
43.880820,10.247691,ov_la_baia_43.8808_10.2477,La Baia,RESTAURANT,bar_cafe,https://raw.githubusercontent.com/pasqualelembo78/huntix-poi/main/italia/toscana/viareggio/pages/la_baia_43.8808_10.2477.json,custom
43.880017,10.258832,ov_bar_baldassari_dal_1974_43.8800_10.2588,Bar Baldassari dal 1974,RESTAURANT,bar_cafe,https://raw.githubusercontent.com/pasqualelembo78/huntix-poi/main/italia/toscana/viareggio/pages/bar_baldassari_dal_1974_43.8800_10.2588.json,custom
43.881542,10.235394,ov_la_terrazza_rooftop_bar_43.8815_10.2354,La Terrazza Rooftop Bar,RESTAURANT,bar_cafe,https://raw.githubusercontent.com/pasqualelembo78/huntix-poi/main/italia/toscana/viareggio/pages/la_terrazza_rooftop_bar_43.8815_10.2354.json,custom
43.881380,10.235260,ov_bar_gb_43.8814_10.2353,Bar GB,RESTAURANT,bar_cafe,https://raw.githubusercontent.com/pasqualelembo78/huntix-poi/main/italia/toscana/viareggio/pages/bar_gb_43.8814_10.2353.json,custom
43.881181,10.235455,ov_tuscany_coast_43.8812_10.2355,Tuscany Coast,RESTAURANT,bar_cafe,https://raw.githubusercontent.com/pasqualelembo78/huntix-poi/main/italia/toscana/viareggio/pages/tuscany_coast_43.8812_10.2355.json,custom
43.880485,10.235177,ov_i_m_the_beach_bar_43.8805_10.2352,I'm The Beach Bar,RESTAURANT,bar_cafe,https://raw.githubusercontent.com/pasqualelembo78/huntix-poi/main/italia/toscana/viareggio/pages/im_the_beach_bar_43.8805_10.2352.json,custom
43.880173,10.235321,ov_bar_gelateria_orsi_43.8802_10.2353,Bar Gelateria Orsi,RESTAURANT,bar_cafe,https://raw.githubusercontent.com/pasqualelembo78/huntix-poi/main/italia/toscana/viareggio/pages/bar_gelateria_orsi_43.8802_10.2353.json,custom
43.880340,10.235030,ov_felix_beach_bar_43.8803_10.2350,Felix Beach Bar,RESTAURANT,bar_cafe,https://raw.githubusercontent.com/pasqualelembo78/huntix-poi/main/italia/toscana/viareggio/pages/felix_beach_bar_43.8803_10.2350.json,custom
43.882338,10.232917,ov_acquamarina_ristobar_43.8823_10.2329,Acquamarina Ristobar,RESTAURANT,bar_cafe,https://raw.githubusercontent.com/pasqualelembo78/huntix-poi/main/italia/toscana/viareggio/pages/acquamarina_ristobar_43.8823_10.2329.json,custom
43.883220,10.233260,ov_bar_ristorante_milena_43.8832_10.2333,Bar/Ristorante Milena,RESTAURANT,bar_cafe,https://raw.githubusercontent.com/pasqualelembo78/huntix-poi/main/italia/toscana/viareggio/pages/barristorante_milena_43.8832_10.2333.json,custom
43.885867,10.230972,ov_bobo_beach_43.8859_10.2310,Bobo beach,RESTAURANT,bar_cafe,https://raw.githubusercontent.com/pasqualelembo78/huntix-poi/main/italia/toscana/viareggio/pages/bobo_beach_43.8859_10.2310.json,custom
43.885325,10.242159,ov_caffe_baroni_43.8853_10.2422,Caffe Baroni,RESTAURANT,bar_cafe,https://raw.githubusercontent.com/pasqualelembo78/huntix-poi/main/italia/toscana/viareggio/pages/caffe_baroni_43.8853_10.2422.json,custom
43.885773,10.242265,ov_bar_pasticceria_baroni_43.8858_10.2423,bar pasticceria Baroni,RESTAURANT,bar_cafe,https://raw.githubusercontent.com/pasqualelembo78/huntix-poi/main/italia/toscana/viareggio/pages/bar_pasticceria_baroni_43.8858_10.2423.json,custom
43.885796,10.247637,ov_la_contea_43.8858_10.2476,La Contea,RESTAURANT,bar_cafe,https://raw.githubusercontent.com/pasqualelembo78/huntix-poi/main/italia/toscana/viareggio/pages/la_contea_43.8858_10.2476.json,custom
43.885825,10.247586,ov_caffe_kaldi_43.8858_10.2476,Caffe Kaldi,RESTAURANT,bar_cafe,https://raw.githubusercontent.com/pasqualelembo78/huntix-poi/main/italia/toscana/viareggio/pages/caffe_kaldi_43.8858_10.2476.json,custom
43.884071,10.243143,ov_bonny_bar_43.8841_10.2431,Bonny Bar,RESTAURANT,bar_cafe,https://raw.githubusercontent.com/pasqualelembo78/huntix-poi/main/italia/toscana/viareggio/pages/bonny_bar_43.8841_10.2431.json,custom
43.883460,10.242950,ov_il_caff__di_alessia_43.8835_10.2430,Il caffè di Alessia,RESTAURANT,bar_cafe,https://raw.githubusercontent.com/pasqualelembo78/huntix-poi/main/italia/toscana/viareggio/pages/il_caff_di_alessia_43.8835_10.2430.json,custom
43.883305,10.242102,ov_red_bar_la_pasticceria_43.8833_10.2421,Red Bar La Pasticceria,RESTAURANT,bar_cafe,https://raw.githubusercontent.com/pasqualelembo78/huntix-poi/main/italia/toscana/viareggio/pages/red_bar_la_pasticceria_43.8833_10.2421.json,custom
43.889423,10.241360,ov_baby_bar_43.8894_10.2414,Baby Bar,RESTAURANT,bar_cafe,https://raw.githubusercontent.com/pasqualelembo78/huntix-poi/main/italia/toscana/viareggio/pages/baby_bar_43.8894_10.2414.json,custom
43.888748,10.243749,ov_unione_italiana_sport_per_tutti_comitato_43.8887_10.2437,Unione Italiana Sport Per Tutti Comitato Lucca Versilia,RESTAURANT,bar_cafe,https://raw.githubusercontent.com/pasqualelembo78/huntix-poi/main/italia/toscana/viareggio/pages/unione_italiana_sport_per_tutti_comitato_43.8887_10.2437.json,custom
43.888359,10.243750,ov_bar_centropolo_43.8884_10.2437,Bar Centropolo,RESTAURANT,bar_cafe,https://raw.githubusercontent.com/pasqualelembo78/huntix-poi/main/italia/toscana/viareggio/pages/bar_centropolo_43.8884_10.2437.json,custom
43.888590,10.244782,ov_il_mastro_briao_birreria_viareggio_43.8886_10.2448,Il Mastro Briao Birreria Viareggio,RESTAURANT,bar_cafe,https://raw.githubusercontent.com/pasqualelembo78/huntix-poi/main/italia/toscana/viareggio/pages/il_mastro_briao_birreria_viareggio_43.8886_10.2448.json,custom
43.886838,10.242078,ov_caffe_lippi_43.8868_10.2421,Caffe Lippi,RESTAURANT,bar_cafe,https://raw.githubusercontent.com/pasqualelembo78/huntix-poi/main/italia/toscana/viareggio/pages/caffe_lippi_43.8868_10.2421.json,custom
43.887630,10.229770,ov_citt__giardino_beach_bar_43.8876_10.2298,Città Giardino Beach Bar,RESTAURANT,bar_cafe,https://raw.githubusercontent.com/pasqualelembo78/huntix-poi/main/italia/toscana/viareggio/pages/citt_giardino_beach_bar_43.8876_10.2298.json,custom
43.887630,10.229770,ov_bar_ristorante_siam_simpatici_43.8876_10.2298,Bar Ristorante Siam Simpatici,RESTAURANT,bar_cafe,https://raw.githubusercontent.com/pasqualelembo78/huntix-poi/main/italia/toscana/viareggio/pages/bar_ristorante_siam_simpatici_43.8876_10.2298.json,custom
43.886875,10.229897,ov_amelia_beach_bar_43.8869_10.2299,Amelia beach bar,RESTAURANT,bar_cafe,https://raw.githubusercontent.com/pasqualelembo78/huntix-poi/main/italia/toscana/viareggio/pages/amelia_beach_bar_43.8869_10.2299.json,custom
43.994005,10.227099,ov_chimera_caffe_43.9940_10.2271,Chimera Caffe,RESTAURANT,bar_cafe,https://raw.githubusercontent.com/pasqualelembo78/huntix-poi/main/italia/toscana/viareggio/pages/chimera_caffe_43.9940_10.2271.json,custom
43.934660,10.306997,ov_pasticceria_smeraldo_43.9347_10.3070,Pasticceria Smeraldo,RESTAURANT,bar_cafe,https://raw.githubusercontent.com/pasqualelembo78/huntix-poi/main/italia/toscana/viareggio/pages/pasticceria_smeraldo_43.9347_10.3070.json,custom
43.867562,10.252388,osm_bar_pasticceria_cusimano_43.8676_10.2524,Bar Pasticceria Cusimano,bar_cafe,bar_cafe,https://raw.githubusercontent.com/pasqualelembo78/huntix-poi/main/italia/toscana/viareggio/pages/bar_pasticceria_cusimano_43.8676_10.2524.json,custom
43.879973,10.258884,osm_bar_baldassari_1974_43.8800_10.2589,bar Baldassari 1974,bar_cafe,bar_cafe,https://raw.githubusercontent.com/pasqualelembo78/huntix-poi/main/italia/toscana/viareggio/pages/bar_baldassari_1974_43.8800_10.2589.json,custom
43.867388,10.254381,osm_special_negroni_club_43.8674_10.2544,Special Negroni Club,bar_cafe,bar_cafe,https://raw.githubusercontent.com/pasqualelembo78/huntix-poi/main/italia/toscana/viareggio/pages/special_negroni_club_43.8674_10.2544.json,custom
43.869935,10.248466,osm_caff__pasticceria_patalani_43.8699_10.2485,Caffè Pasticceria Patalani,bar_cafe,bar_cafe,https://raw.githubusercontent.com/pasqualelembo78/huntix-poi/main/italia/toscana/viareggio/pages/caff_pasticceria_patalani_43.8699_10.2485.json,custom
43.867373,10.242963,osm_gran_caff__margherita_43.8674_10.2430,Gran Caffè Margherita,bar_cafe,bar_cafe,https://raw.githubusercontent.com/pasqualelembo78/huntix-poi/main/italia/toscana/viareggio/pages/gran_caff_margherita_43.8674_10.2430.json,custom
43.866298,10.249460,osm_caffetteria_lukylu_43.8663_10.2495,Caffetteria Lukylu,bar_cafe,bar_cafe,https://raw.githubusercontent.com/pasqualelembo78/huntix-poi/main/italia/toscana/viareggio/pages/caffetteria_lukylu_43.8663_10.2495.json,custom
43.866003,10.243755,osm_bar_italia_43.8660_10.2438,Bar Italia,bar_cafe,bar_cafe,https://raw.githubusercontent.com/pasqualelembo78/huntix-poi/main/italia/toscana/viareggio/pages/bar_italia_43.8660_10.2438.json,custom
43.880579,10.235182,osm_galliano_1923_43.8806_10.2352,Galliano 1923,bar_cafe,bar_cafe,https://raw.githubusercontent.com/pasqualelembo78/huntix-poi/main/italia/toscana/viareggio/pages/galliano_1923_43.8806_10.2352.json,custom
43.863913,10.269381,osm_chicco_pezzini_43.8639_10.2694,Chicco Pezzini,bar_cafe,bar_cafe,https://raw.githubusercontent.com/pasqualelembo78/huntix-poi/main/italia/toscana/viareggio/pages/chicco_pezzini_43.8639_10.2694.json,custom
43.879969,10.235513,osm_caff__new_york_43.8800_10.2355,Caffè New York,bar_cafe,bar_cafe,https://raw.githubusercontent.com/pasqualelembo78/huntix-poi/main/italia/toscana/viareggio/pages/caff_new_york_43.8800_10.2355.json,custom
43.866371,10.251732,osm_dolci_sapori_43.8664_10.2517,Dolci Sapori,bar_cafe,bar_cafe,https://raw.githubusercontent.com/pasqualelembo78/huntix-poi/main/italia/toscana/viareggio/pages/dolci_sapori_43.8664_10.2517.json,custom
43.890254,10.246588,osm_break_food_caf__43.8903_10.2466,Break Food Cafè,bar_cafe,bar_cafe,https://raw.githubusercontent.com/pasqualelembo78/huntix-poi/main/italia/toscana/viareggio/pages/break_food_caf_43.8903_10.2466.json,custom
43.874066,10.246296,osm_bar_leone_43.8741_10.2463,Bar Leone,bar_cafe,bar_cafe,https://raw.githubusercontent.com/pasqualelembo78/huntix-poi/main/italia/toscana/viareggio/pages/bar_leone_43.8741_10.2463.json,custom
43.867972,10.249978,osm_mamo_drink_and_food_43.8680_10.2500,Mamo Drink and Food,bar_cafe,bar_cafe,https://raw.githubusercontent.com/pasqualelembo78/huntix-poi/main/italia/toscana/viareggio/pages/mamo_drink_and_food_43.8680_10.2500.json,custom
43.865351,10.243763,osm_caffe__liberty_43.8654_10.2438,Caffe' Liberty,bar_cafe,bar_cafe,https://raw.githubusercontent.com/pasqualelembo78/huntix-poi/main/italia/toscana/viareggio/pages/caffe_liberty_43.8654_10.2438.json,custom
43.825430,10.293100,ov_family_service_srl_43.8254_10.2931,Family service srl,GYM,palestra,https://raw.githubusercontent.com/pasqualelembo78/huntix-poi/main/italia/toscana/viareggio/pages/family_service_srl_43.8254_10.2931.json,custom
43.826670,10.290320,ov_uoei_torre_del_lago_puccini_43.8267_10.2903,Uoei Torre del Lago Puccini,GYM,palestra,https://raw.githubusercontent.com/pasqualelembo78/huntix-poi/main/italia/toscana/viareggio/pages/uoei_torre_del_lago_puccini_43.8267_10.2903.json,custom
43.826600,10.290750,ov_centro_di_aggregazione_giovanile___tdl_43.8266_10.2907,Centro di Aggregazione Giovanile - TDL,GYM,palestra,https://raw.githubusercontent.com/pasqualelembo78/huntix-poi/main/italia/toscana/viareggio/pages/centro_di_aggregazione_giovanile_-_tdl_43.8266_10.2907.json,custom
43.827816,10.291099,ov_palestra_vanity_gym_43.8278_10.2911,Palestra Vanity Gym,GYM,palestra,https://raw.githubusercontent.com/pasqualelembo78/huntix-poi/main/italia/toscana/viareggio/pages/palestra_vanity_gym_43.8278_10.2911.json,custom
43.829380,10.290660,ov_yoseikan_viareggio_43.8294_10.2907,Yoseikan Viareggio,GYM,palestra,https://raw.githubusercontent.com/pasqualelembo78/huntix-poi/main/italia/toscana/viareggio/pages/yoseikan_viareggio_43.8294_10.2907.json,custom
43.830220,10.290230,ov_let_s_dance_43.8302_10.2902,Let's Dance,GYM,palestra,https://raw.githubusercontent.com/pasqualelembo78/huntix-poi/main/italia/toscana/viareggio/pages/lets_dance_43.8302_10.2902.json,custom
43.850810,10.258664,ov_palestrina_de__comparini_43.8508_10.2587,Palestrina De' Comparini,GYM,palestra,https://raw.githubusercontent.com/pasqualelembo78/huntix-poi/main/italia/toscana/viareggio/pages/palestrina_de_comparini_43.8508_10.2587.json,custom
43.853780,10.243520,ov_bagno_fortunato_beach_43.8538_10.2435,Bagno Fortunato Beach,GYM,palestra,https://raw.githubusercontent.com/pasqualelembo78/huntix-poi/main/italia/toscana/viareggio/pages/bagno_fortunato_beach_43.8538_10.2435.json,custom
43.854590,10.260359,ov_associazione_pescatori_sportivi_del_port_43.8546_10.2604,Associazione Pescatori Sportivi del porto di Viareggio - new,GYM,palestra,https://raw.githubusercontent.com/pasqualelembo78/huntix-poi/main/italia/toscana/viareggio/pages/associazione_pescatori_sportivi_del_port_43.8546_10.2604.json,custom
43.859431,10.260351,ov_manuela_falorni___personal_trainer_per_d_43.8594_10.2604,Manuela Falorni - Personal trainer per donne - Project Woman,GYM,palestra,https://raw.githubusercontent.com/pasqualelembo78/huntix-poi/main/italia/toscana/viareggio/pages/manuela_falorni_-_personal_trainer_per_d_43.8594_10.2604.json,custom
43.858246,10.248286,ov_palestra_gymnasium_viareggio_43.8582_10.2483,Palestra Gymnasium Viareggio,GYM,palestra,https://raw.githubusercontent.com/pasqualelembo78/huntix-poi/main/italia/toscana/viareggio/pages/palestra_gymnasium_viareggio_43.8582_10.2483.json,custom
43.858505,10.248490,ov_palazzetto_dello_sport_paolo_barsacchi_43.8585_10.2485,Palazzetto dello Sport Paolo Barsacchi,GYM,palestra,https://raw.githubusercontent.com/pasqualelembo78/huntix-poi/main/italia/toscana/viareggio/pages/palazzetto_dello_sport_paolo_barsacchi_43.8585_10.2485.json,custom
43.857580,10.274698,ov_sfera_fitness_club_43.8576_10.2747,Sfera Fitness Club,GYM,palestra,https://raw.githubusercontent.com/pasqualelembo78/huntix-poi/main/italia/toscana/viareggio/pages/sfera_fitness_club_43.8576_10.2747.json,custom
43.860373,10.274622,ov_crossfit_55049_viareggio_43.8604_10.2746,CrossFit 55049 Viareggio,GYM,palestra,https://raw.githubusercontent.com/pasqualelembo78/huntix-poi/main/italia/toscana/viareggio/pages/crossfit_55049_viareggio_43.8604_10.2746.json,custom
43.855933,10.284240,ov_centro_ippico_burlamacco_43.8559_10.2842,Centro Ippico Burlamacco,GYM,palestra,https://raw.githubusercontent.com/pasqualelembo78/huntix-poi/main/italia/toscana/viareggio/pages/centro_ippico_burlamacco_43.8559_10.2842.json,custom
43.855616,10.271213,ov_asd_hollywood_team_43.8556_10.2712,Asd Hollywood Team,GYM,palestra,https://raw.githubusercontent.com/pasqualelembo78/huntix-poi/main/italia/toscana/viareggio/pages/asd_hollywood_team_43.8556_10.2712.json,custom
43.868542,10.268900,ov_centro_sportivo_vasco_zappelli_43.8685_10.2689,Centro sportivo Vasco Zappelli,GYM,palestra,https://raw.githubusercontent.com/pasqualelembo78/huntix-poi/main/italia/toscana/viareggio/pages/centro_sportivo_vasco_zappelli_43.8685_10.2689.json,custom
43.867613,10.270478,ov_palestra_dorando_pedri_43.8676_10.2705,palestra dorando pedri,GYM,palestra,https://raw.githubusercontent.com/pasqualelembo78/huntix-poi/main/italia/toscana/viareggio/pages/palestra_dorando_pedri_43.8676_10.2705.json,custom
43.867420,10.272070,ov_aia_viareggio___sezione_angelo_domenici_43.8674_10.2721,AIA Viareggio - Sezione Angelo Domenici,GYM,palestra,https://raw.githubusercontent.com/pasqualelembo78/huntix-poi/main/italia/toscana/viareggio/pages/aia_viareggio_-_sezione_angelo_domenici_43.8674_10.2721.json,custom
43.865995,10.268710,ov_tennistavolo_dlf_viareggio_43.8660_10.2687,Tennistavolo DLF Viareggio,GYM,palestra,https://raw.githubusercontent.com/pasqualelembo78/huntix-poi/main/italia/toscana/viareggio/pages/tennistavolo_dlf_viareggio_43.8660_10.2687.json,custom
43.861399,10.273916,ov_asd_one_love_dance_school_43.8614_10.2739,ASD One Love Dance School,GYM,palestra,https://raw.githubusercontent.com/pasqualelembo78/huntix-poi/main/italia/toscana/viareggio/pages/asd_one_love_dance_school_43.8614_10.2739.json,custom
43.862872,10.268410,ov_santucci_running_43.8629_10.2684,Santucci Running,GYM,palestra,https://raw.githubusercontent.com/pasqualelembo78/huntix-poi/main/italia/toscana/viareggio/pages/santucci_running_43.8629_10.2684.json,custom
43.864031,10.269690,ov_iyengar_yoga_studio_43.8640_10.2697,Iyengar Yoga Studio,GYM,palestra,https://raw.githubusercontent.com/pasqualelembo78/huntix-poi/main/italia/toscana/viareggio/pages/iyengar_yoga_studio_43.8640_10.2697.json,custom
43.864851,10.245905,ov_gym_viareggio_berchielli_43.8649_10.2459,Gym Viareggio Berchielli,GYM,palestra,https://raw.githubusercontent.com/pasqualelembo78/huntix-poi/main/italia/toscana/viareggio/pages/gym_viareggio_berchielli_43.8649_10.2459.json,custom
43.864610,10.242870,ov_beach_stadium__matteo_valenti__molo_di_v_43.8646_10.2429,Beach Stadium  Matteo Valenti  Molo di Viareggio,GYM,palestra,https://raw.githubusercontent.com/pasqualelembo78/huntix-poi/main/italia/toscana/viareggio/pages/beach_stadium_matteo_valenti_molo_di_via_43.8646_10.2429.json,custom
43.863465,10.241225,ov_lega_navale_italiana___viareggio_43.8635_10.2412,Lega Navale Italiana - Viareggio,GYM,palestra,https://raw.githubusercontent.com/pasqualelembo78/huntix-poi/main/italia/toscana/viareggio/pages/lega_navale_italiana_-_viareggio_43.8635_10.2412.json,custom
43.863410,10.249220,ov_kyma_purpose_training_43.8634_10.2492,Kyma Purpose Training,GYM,palestra,https://raw.githubusercontent.com/pasqualelembo78/huntix-poi/main/italia/toscana/viareggio/pages/kyma_purpose_training_43.8634_10.2492.json,custom
43.861330,10.262190,ov_club_subacqueo_artiglio_43.8613_10.2622,Club Subacqueo Artiglio,GYM,palestra,https://raw.githubusercontent.com/pasqualelembo78/huntix-poi/main/italia/toscana/viareggio/pages/club_subacqueo_artiglio_43.8613_10.2622.json,custom
43.865199,10.248403,ov_palestra_la_fabbrica_del_ghiaccio_43.8652_10.2484,Palestra La Fabbrica Del Ghiaccio,GYM,palestra,https://raw.githubusercontent.com/pasqualelembo78/huntix-poi/main/italia/toscana/viareggio/pages/palestra_la_fabbrica_del_ghiaccio_43.8652_10.2484.json,custom
43.865402,10.262110,ov_welldance_43.8654_10.2621,WellDance,GYM,palestra,https://raw.githubusercontent.com/pasqualelembo78/huntix-poi/main/italia/toscana/viareggio/pages/welldance_43.8654_10.2621.json,custom
43.865803,10.262247,ov_blound_dancing_girls___boys_43.8658_10.2622,Blound Dancing Girls & Boys,GYM,palestra,https://raw.githubusercontent.com/pasqualelembo78/huntix-poi/main/italia/toscana/viareggio/pages/blound_dancing_girls_boys_43.8658_10.2622.json,custom
43.866325,10.260394,ov_eva_lab_asd_43.8663_10.2604,Eva lab asd,GYM,palestra,https://raw.githubusercontent.com/pasqualelembo78/huntix-poi/main/italia/toscana/viareggio/pages/eva_lab_asd_43.8663_10.2604.json,custom
43.866710,10.242503,ov_b2k_balena_2000_43.8667_10.2425,B2K Balena 2000,GYM,palestra,https://raw.githubusercontent.com/pasqualelembo78/huntix-poi/main/italia/toscana/viareggio/pages/b2k_balena_2000_43.8667_10.2425.json,custom
43.868199,10.247271,ov_scuola_di_danza_cristin_jazz_43.8682_10.2473,Scuola di danza Cristin Jazz,GYM,palestra,https://raw.githubusercontent.com/pasqualelembo78/huntix-poi/main/italia/toscana/viareggio/pages/scuola_di_danza_cristin_jazz_43.8682_10.2473.json,custom
43.869043,10.264729,ov_shakti_43.8690_10.2647,shakti,GYM,palestra,https://raw.githubusercontent.com/pasqualelembo78/huntix-poi/main/italia/toscana/viareggio/pages/shakti_43.8690_10.2647.json,custom
43.869081,10.264852,ov_koin_danza_43.8691_10.2649,Koinédanza,GYM,palestra,https://raw.githubusercontent.com/pasqualelembo78/huntix-poi/main/italia/toscana/viareggio/pages/koindanza_43.8691_10.2649.json,custom
43.872570,10.248310,ov_bike_fitting_e_performance_lab_43.8726_10.2483,BIKE fitting e performance LAB,GYM,palestra,https://raw.githubusercontent.com/pasqualelembo78/huntix-poi/main/italia/toscana/viareggio/pages/bike_fitting_e_performance_lab_43.8726_10.2483.json,custom
43.871247,10.247843,ov_femme_et_homme_43.8712_10.2478,Femme et Homme,GYM,palestra,https://raw.githubusercontent.com/pasqualelembo78/huntix-poi/main/italia/toscana/viareggio/pages/femme_et_homme_43.8712_10.2478.json,custom
43.870692,10.250465,ov_street_soul_asd_43.8707_10.2505,Street Soul ASD,GYM,palestra,https://raw.githubusercontent.com/pasqualelembo78/huntix-poi/main/italia/toscana/viareggio/pages/street_soul_asd_43.8707_10.2505.json,custom
43.870780,10.250376,ov_il_centro_4_0_43.8708_10.2504,Il Centro 4.0,GYM,palestra,https://raw.githubusercontent.com/pasqualelembo78/huntix-poi/main/italia/toscana/viareggio/pages/il_centro_40_43.8708_10.2504.json,custom
43.869846,10.266171,ov_revolution_dance___fitness_43.8698_10.2662,Revolution Dance & Fitness,GYM,palestra,https://raw.githubusercontent.com/pasqualelembo78/huntix-poi/main/italia/toscana/viareggio/pages/revolution_dance_fitness_43.8698_10.2662.json,custom
43.869797,10.266186,ov_dance_with_me_school_43.8698_10.2662,Dance with me school,GYM,palestra,https://raw.githubusercontent.com/pasqualelembo78/huntix-poi/main/italia/toscana/viareggio/pages/dance_with_me_school_43.8698_10.2662.json,custom
43.869428,10.264140,ov_studio_live_functional_personal_training_43.8694_10.2641,Studio Live Functional Personal Training,GYM,palestra,https://raw.githubusercontent.com/pasqualelembo78/huntix-poi/main/italia/toscana/viareggio/pages/studio_live_functional_personal_training_43.8694_10.2641.json,custom
43.872522,10.266979,ov_fenix_a_s_d__43.8725_10.2670,Fenix a.s.d.,GYM,palestra,https://raw.githubusercontent.com/pasqualelembo78/huntix-poi/main/italia/toscana/viareggio/pages/fenix_asd_43.8725_10.2670.json,custom
43.877560,10.247054,ov_fusion_dance_and_yoga_studio_43.8776_10.2471,Fusion Dance and Yoga Studio,GYM,palestra,https://raw.githubusercontent.com/pasqualelembo78/huntix-poi/main/italia/toscana/viareggio/pages/fusion_dance_and_yoga_studio_43.8776_10.2471.json,custom
43.877102,10.242957,ov_il_pirata_43.8771_10.2430,Il Pirata,GYM,palestra,https://raw.githubusercontent.com/pasqualelembo78/huntix-poi/main/italia/toscana/viareggio/pages/il_pirata_43.8771_10.2430.json,custom
43.876759,10.251554,ov_palestra_dinamic_center_43.8768_10.2516,Palestra Dinamic Center,GYM,palestra,https://raw.githubusercontent.com/pasqualelembo78/huntix-poi/main/italia/toscana/viareggio/pages/palestra_dinamic_center_43.8768_10.2516.json,custom
43.876626,10.250471,ov_green_planet_asd_43.8766_10.2505,GREEN Planet ASD,GYM,palestra,https://raw.githubusercontent.com/pasqualelembo78/huntix-poi/main/italia/toscana/viareggio/pages/green_planet_asd_43.8766_10.2505.json,custom
43.875673,10.251208,ov_alessandro_dini_academy_asd_43.8757_10.2512,Alessandro Dini Academy ASD,GYM,palestra,https://raw.githubusercontent.com/pasqualelembo78/huntix-poi/main/italia/toscana/viareggio/pages/alessandro_dini_academy_asd_43.8757_10.2512.json,custom
43.876592,10.255477,ov_old_style_gym_43.8766_10.2555,Old Style Gym,GYM,palestra,https://raw.githubusercontent.com/pasqualelembo78/huntix-poi/main/italia/toscana/viareggio/pages/old_style_gym_43.8766_10.2555.json,custom
43.875550,10.254510,ov_new_perfect_gym_43.8755_10.2545,New perfect gym,GYM,palestra,https://raw.githubusercontent.com/pasqualelembo78/huntix-poi/main/italia/toscana/viareggio/pages/new_perfect_gym_43.8755_10.2545.json,custom
43.875531,10.253948,ov_air_climbing_43.8755_10.2539,Air Climbing,GYM,palestra,https://raw.githubusercontent.com/pasqualelembo78/huntix-poi/main/italia/toscana/viareggio/pages/air_climbing_43.8755_10.2539.json,custom
43.875419,10.255476,ov_momo_dance_school_43.8754_10.2555,MOMO Dance School,GYM,palestra,https://raw.githubusercontent.com/pasqualelembo78/huntix-poi/main/italia/toscana/viareggio/pages/momo_dance_school_43.8754_10.2555.json,custom
43.873746,10.255078,ov_palestra_metropolis_43.8737_10.2551,Palestra Metropolis,GYM,palestra,https://raw.githubusercontent.com/pasqualelembo78/huntix-poi/main/italia/toscana/viareggio/pages/palestra_metropolis_43.8737_10.2551.json,custom
43.874341,10.246862,ov_amici_della_danza_bice_cinquini_43.8743_10.2469,Amici della Danza Bice Cinquini,GYM,palestra,https://raw.githubusercontent.com/pasqualelembo78/huntix-poi/main/italia/toscana/viareggio/pages/amici_della_danza_bice_cinquini_43.8743_10.2469.json,custom
43.875071,10.250818,ov_studio_personal_trainer_musetti_nicola_43.8751_10.2508,Studio Personal Trainer Musetti Nicola,GYM,palestra,https://raw.githubusercontent.com/pasqualelembo78/huntix-poi/main/italia/toscana/viareggio/pages/studio_personal_trainer_musetti_nicola_43.8751_10.2508.json,custom
43.875472,10.242158,ov_palestra_green_planet_43.8755_10.2422,Palestra Green Planet,GYM,palestra,https://raw.githubusercontent.com/pasqualelembo78/huntix-poi/main/italia/toscana/viareggio/pages/palestra_green_planet_43.8755_10.2422.json,custom
43.877886,10.246968,ov_linda_luna_melani_fusion_bellydancer_43.8779_10.2470,Linda Luna Melani Fusion BellyDancer,GYM,palestra,https://raw.githubusercontent.com/pasqualelembo78/huntix-poi/main/italia/toscana/viareggio/pages/linda_luna_melani_fusion_bellydancer_43.8779_10.2470.json,custom
43.877850,10.246928,ov_scuola_di_danza_classica_erna_bonk_43.8779_10.2469,Scuola di Danza Classica Erna Bonk,GYM,palestra,https://raw.githubusercontent.com/pasqualelembo78/huntix-poi/main/italia/toscana/viareggio/pages/scuola_di_danza_classica_erna_bonk_43.8779_10.2469.json,custom
43.878031,10.253975,ov_newgymtec_43.8780_10.2540,Newgymtec,GYM,palestra,https://raw.githubusercontent.com/pasqualelembo78/huntix-poi/main/italia/toscana/viareggio/pages/newgymtec_43.8780_10.2540.json,custom
43.884129,10.242955,ov_se_re_lab_43.8841_10.2430,Se.Re Lab,GYM,palestra,https://raw.githubusercontent.com/pasqualelembo78/huntix-poi/main/italia/toscana/viareggio/pages/sere_lab_43.8841_10.2430.json,custom
43.885350,10.245848,ov_mc_ever_fit_muscle_house___nutrition_43.8853_10.2458,Mc Ever Fit Muscle House & Nutrition,GYM,palestra,https://raw.githubusercontent.com/pasqualelembo78/huntix-poi/main/italia/toscana/viareggio/pages/mc_ever_fit_muscle_house_nutrition_43.8853_10.2458.json,custom
43.883900,10.242305,ov_centro_yoga_antares_43.8839_10.2423,Centro Yoga Antares,GYM,palestra,https://raw.githubusercontent.com/pasqualelembo78/huntix-poi/main/italia/toscana/viareggio/pages/centro_yoga_antares_43.8839_10.2423.json,custom
43.882930,10.241500,ov_ritmo_caliente_scuola_di_ballo_43.8829_10.2415,Ritmo Caliente Scuola di Ballo,GYM,palestra,https://raw.githubusercontent.com/pasqualelembo78/huntix-poi/main/italia/toscana/viareggio/pages/ritmo_caliente_scuola_di_ballo_43.8829_10.2415.json,custom
43.889736,10.242804,ov_asd_soy_cubarico_43.8897_10.2428,Asd Soy Cubarico,GYM,palestra,https://raw.githubusercontent.com/pasqualelembo78/huntix-poi/main/italia/toscana/viareggio/pages/asd_soy_cubarico_43.8897_10.2428.json,custom
43.889738,10.242801,ov_keos_dance_project___dancemod_43.8897_10.2428,Keos Dance Project - Dancemod,GYM,palestra,https://raw.githubusercontent.com/pasqualelembo78/huntix-poi/main/italia/toscana/viareggio/pages/keos_dance_project_-_dancemod_43.8897_10.2428.json,custom
43.888719,10.245066,ov_athletica_sports_conditioning___rehab_43.8887_10.2451,Athletica Sports Conditioning & Rehab,GYM,palestra,https://raw.githubusercontent.com/pasqualelembo78/huntix-poi/main/italia/toscana/viareggio/pages/athletica_sports_conditioning_rehab_43.8887_10.2451.json,custom
43.887634,10.229817,ov_bagno_avvenire_43.8876_10.2298,Bagno Avvenire,GYM,palestra,https://raw.githubusercontent.com/pasqualelembo78/huntix-poi/main/italia/toscana/viareggio/pages/bagno_avvenire_43.8876_10.2298.json,custom
43.886730,10.230680,ov_we_ride_surf_school_43.8867_10.2307,WE RIDE Surf School,GYM,palestra,https://raw.githubusercontent.com/pasqualelembo78/huntix-poi/main/italia/toscana/viareggio/pages/we_ride_surf_school_43.8867_10.2307.json,custom
43.891221,10.241949,ov_campo_sportivo_basalari_43.8912_10.2419,Campo Sportivo Basalari,GYM,palestra,https://raw.githubusercontent.com/pasqualelembo78/huntix-poi/main/italia/toscana/viareggio/pages/campo_sportivo_basalari_43.8912_10.2419.json,custom
43.895884,10.260630,ov_ranch_stella_43.8959_10.2606,Ranch Stella,GYM,palestra,https://raw.githubusercontent.com/pasqualelembo78/huntix-poi/main/italia/toscana/viareggio/pages/ranch_stella_43.8959_10.2606.json,custom
43.832686,10.306440,ov_belvedere_giacomo_puccini_43.8327_10.3064,Belvedere Giacomo Puccini,MONUMENT,monumento,https://raw.githubusercontent.com/pasqualelembo78/huntix-poi/main/italia/toscana/viareggio/pages/belvedere_giacomo_puccini_43.8327_10.3064.json,custom
43.832519,10.306043,ov_villa_museo_giacomo_puccini___torre_del__43.8325_10.3060,Villa Museo Giacomo Puccini - Torre del Lago,MUSEUM,monumento,https://raw.githubusercontent.com/pasqualelembo78/huntix-poi/main/italia/toscana/viareggio/pages/villa_museo_giacomo_puccini_-_torre_del__43.8325_10.3060.json,custom
43.832163,10.306864,ov_torre_del_lago_villa_puccini_43.8322_10.3069,Torre Del Lago Villa Puccini,MUSEUM,monumento,https://raw.githubusercontent.com/pasqualelembo78/huntix-poi/main/italia/toscana/viareggio/pages/torre_del_lago_villa_puccini_43.8322_10.3069.json,custom
43.864932,10.248696,ov_museo_della_marineria_43.8649_10.2487,Museo della Marineria,MUSEUM,monumento,https://raw.githubusercontent.com/pasqualelembo78/huntix-poi/main/italia/toscana/viareggio/pages/museo_della_marineria_43.8649_10.2487.json,custom
43.863016,10.239444,ov_monumento_della_madonnina_43.8630_10.2394,Monumento della Madonnina,MONUMENT,monumento,https://raw.githubusercontent.com/pasqualelembo78/huntix-poi/main/italia/toscana/viareggio/pages/monumento_della_madonnina_43.8630_10.2394.json,custom
43.868198,10.246281,ov_museo_archeologico_alberto_carlo_blanc_43.8682_10.2463,Museo Archeologico Alberto Carlo Blanc,MUSEUM,monumento,https://raw.githubusercontent.com/pasqualelembo78/huntix-poi/main/italia/toscana/viareggio/pages/museo_archeologico_alberto_carlo_blanc_43.8682_10.2463.json,custom
43.868209,10.246099,ov_musei_civici_di_villa_paolina_43.8682_10.2461,Musei Civici di Villa Paolina,MUSEUM,monumento,https://raw.githubusercontent.com/pasqualelembo78/huntix-poi/main/italia/toscana/viareggio/pages/musei_civici_di_villa_paolina_43.8682_10.2461.json,custom
43.871139,10.243277,ov_il_giardino_delle_muse_43.8711_10.2433,Il Giardino delle Muse,MUSEUM,monumento,https://raw.githubusercontent.com/pasqualelembo78/huntix-poi/main/italia/toscana/viareggio/pages/il_giardino_delle_muse_43.8711_10.2433.json,custom
43.874822,10.246082,ov_villa_argentina_43.8748_10.2461,Villa Argentina,MUSEUM,monumento,https://raw.githubusercontent.com/pasqualelembo78/huntix-poi/main/italia/toscana/viareggio/pages/villa_argentina_43.8748_10.2461.json,custom
43.881143,10.237089,ov_villino_giacomo_puccini_43.8811_10.2371,Villino Giacomo Puccini,MUSEUM,monumento,https://raw.githubusercontent.com/pasqualelembo78/huntix-poi/main/italia/toscana/viareggio/pages/villino_giacomo_puccini_43.8811_10.2371.json,custom
43.893604,10.246862,ov_museo_carnevale_viareggio_43.8936_10.2469,Museo Carnevale Viareggio,MUSEUM,monumento,https://raw.githubusercontent.com/pasqualelembo78/huntix-poi/main/italia/toscana/viareggio/pages/museo_carnevale_viareggio_43.8936_10.2469.json,custom
43.883777,10.248842,ov_tribunale_43.8838_10.2488,Tribunale,GOVERNMENT,ufficio_pubblico,https://raw.githubusercontent.com/pasqualelembo78/huntix-poi/main/italia/toscana/viareggio/pages/tribunale_43.8838_10.2488.json,custom
43.864204,10.252470,osm_poste_italiane_43.8642_10.2525,Poste Italiane,ufficio_postale,ufficio_postale,https://raw.githubusercontent.com/pasqualelembo78/huntix-poi/main/italia/toscana/viareggio/pages/poste_italiane_43.8642_10.2525.json,custom
43.865460,10.266400,osm_poste_italiane_43.8655_10.2664,Poste Italiane,ufficio_postale,ufficio_postale,https://raw.githubusercontent.com/pasqualelembo78/huntix-poi/main/italia/toscana/viareggio/pages/poste_italiane_43.8655_10.2664.json,custom
43.871889,10.244488,osm_poste_italiane_43.8719_10.2445,Poste Italiane,ufficio_postale,ufficio_postale,https://raw.githubusercontent.com/pasqualelembo78/huntix-poi/main/italia/toscana/viareggio/pages/poste_italiane_43.8719_10.2445.json,custom
43.886258,10.250110,osm_poste_italiane_43.8863_10.2501,Poste Italiane,ufficio_postale,ufficio_postale,https://raw.githubusercontent.com/pasqualelembo78/huntix-poi/main/italia/toscana/viareggio/pages/poste_italiane_43.8863_10.2501.json,custom
43.871771,10.259562,osm_poste_italiane_43.8718_10.2596,Poste Italiane,ufficio_postale,ufficio_postale,https://raw.githubusercontent.com/pasqualelembo78/huntix-poi/main/italia/toscana/viareggio/pages/poste_italiane_43.8718_10.2596.json,custom
43.853643,10.263117,osm_poste_italiane_43.8536_10.2631,Poste Italiane,ufficio_postale,ufficio_postale,https://raw.githubusercontent.com/pasqualelembo78/huntix-poi/main/italia/toscana/viareggio/pages/poste_italiane_43.8536_10.2631.json,custom
43.872573,10.253021,osm_poste_italiane_43.8726_10.2530,Poste Italiane,ufficio_postale,ufficio_postale,https://raw.githubusercontent.com/pasqualelembo78/huntix-poi/main/italia/toscana/viareggio/pages/poste_italiane_43.8726_10.2530.json,custom
43.868529,10.252781,osm_poste_italiane_43.8685_10.2528,Poste Italiane,ufficio_postale,ufficio_postale,https://raw.githubusercontent.com/pasqualelembo78/huntix-poi/main/italia/toscana/viareggio/pages/poste_italiane_43.8685_10.2528.json,custom
43.826438,10.290557,ov_biblioteca_g__puccini_story_43.8264_10.2906,Biblioteca G. Puccini STORY,LIBRARY,biblioteca,https://raw.githubusercontent.com/pasqualelembo78/huntix-poi/main/italia/toscana/viareggio/pages/biblioteca_g_puccini_story_43.8264_10.2906.json,custom
43.823440,10.279340,ov_biblioteca_senatore_milziade_caprili_43.8234_10.2793,Biblioteca Senatore Milziade Caprili,LIBRARY,biblioteca,https://raw.githubusercontent.com/pasqualelembo78/huntix-poi/main/italia/toscana/viareggio/pages/biblioteca_senatore_milziade_caprili_43.8234_10.2793.json,custom
43.871084,10.243394,ov_palazzo_delle_muse_43.8711_10.2434,Palazzo delle Muse,LIBRARY,biblioteca,https://raw.githubusercontent.com/pasqualelembo78/huntix-poi/main/italia/toscana/viareggio/pages/palazzo_delle_muse_43.8711_10.2434.json,custom
43.871016,10.243399,ov_biblioteca_comunale_guglielmo_marconi_43.8710_10.2434,Biblioteca Comunale Guglielmo Marconi,LIBRARY,biblioteca,https://raw.githubusercontent.com/pasqualelembo78/huntix-poi/main/italia/toscana/viareggio/pages/biblioteca_comunale_guglielmo_marconi_43.8710_10.2434.json,custom
43.872517,10.267037,ov_biblioteca_don_franco_rossi_43.8725_10.2670,Biblioteca don Franco Rossi,LIBRARY,biblioteca,https://raw.githubusercontent.com/pasqualelembo78/huntix-poi/main/italia/toscana/viareggio/pages/biblioteca_don_franco_rossi_43.8725_10.2670.json,custom
43.866391,10.252391,osm_biblioteca_delle_suore_di_san_giovanni_b_43.8664_10.2524,Biblioteca delle Suore di San Giovanni Battista (Medee),biblioteca,biblioteca,https://raw.githubusercontent.com/pasqualelembo78/huntix-poi/main/italia/toscana/viareggio/pages/biblioteca_delle_suore_di_san_giovanni_b_43.8664_10.2524.json,custom
43.865512,10.264598,osm_biblioteca_della_scuola_materna_ed_eleme_43.8655_10.2646,Biblioteca della Scuola materna ed elementare Santa Marta,biblioteca,biblioteca,https://raw.githubusercontent.com/pasqualelembo78/huntix-poi/main/italia/toscana/viareggio/pages/biblioteca_della_scuola_materna_ed_eleme_43.8655_10.2646.json,custom
43.867195,10.252007,osm_biblioteca_dell_istituto_mantellate_serv_43.8672_10.2520,Biblioteca dell'Istituto Mantellate Serve di Maria,biblioteca,biblioteca,https://raw.githubusercontent.com/pasqualelembo78/huntix-poi/main/italia/toscana/viareggio/pages/biblioteca_dellistituto_mantellate_serve_43.8672_10.2520.json,custom
43.873514,10.244237,osm_biblioteca_dell_istituto_interdiocesano__43.8735_10.2442,Biblioteca dell'Istituto Interdiocesano di Scienze Religiose,biblioteca,biblioteca,https://raw.githubusercontent.com/pasqualelembo78/huntix-poi/main/italia/toscana/viareggio/pages/biblioteca_dellistituto_interdiocesano_d_43.8735_10.2442.json,custom
43.868341,10.246143,osm_biblioteca_del_civico_museo_preistorico__43.8683_10.2461,Biblioteca del Civico museo preistorico e archeologico Alber,biblioteca,biblioteca,https://raw.githubusercontent.com/pasqualelembo78/huntix-poi/main/italia/toscana/viareggio/pages/biblioteca_del_civico_museo_preistorico__43.8683_10.2461.json,custom
43.871178,10.243343,osm_biblioteca_del_centro_matteucci_per_l_ar_43.8712_10.2433,Biblioteca del Centro Matteucci per l'Arte Moderna,biblioteca,biblioteca,https://raw.githubusercontent.com/pasqualelembo78/huntix-poi/main/italia/toscana/viareggio/pages/biblioteca_del_centro_matteucci_per_lart_43.8712_10.2433.json,custom
43.867719,10.247414,osm_biblioteca_dei_servi_di_maria_osm_43.8677_10.2474,Biblioteca dei Servi di Maria OSM,biblioteca,biblioteca,https://raw.githubusercontent.com/pasqualelembo78/huntix-poi/main/italia/toscana/viareggio/pages/biblioteca_dei_servi_di_maria_osm_43.8677_10.2474.json,custom
43.868347,10.253605,osm_biblioteca_dei_frati_minori_francescani__43.8683_10.2536,Biblioteca dei Frati Minori Francescani OFM,biblioteca,biblioteca,https://raw.githubusercontent.com/pasqualelembo78/huntix-poi/main/italia/toscana/viareggio/pages/biblioteca_dei_frati_minori_francescani__43.8683_10.2536.json,custom
43.871811,10.265963,osm_biblioteca_ragazzi_anna_malfatti_43.8718_10.2660,Biblioteca Ragazzi Anna Malfatti,biblioteca,biblioteca,https://raw.githubusercontent.com/pasqualelembo78/huntix-poi/main/italia/toscana/viareggio/pages/biblioteca_ragazzi_anna_malfatti_43.8718_10.2660.json,custom
43.870812,10.243517,osm_biblioteca_multimedia_immaginaria_dei_ra_43.8708_10.2435,Biblioteca Multimedia Immaginaria dei Ragazzi,biblioteca,biblioteca,https://raw.githubusercontent.com/pasqualelembo78/huntix-poi/main/italia/toscana/viareggio/pages/biblioteca_multimedia_immaginaria_dei_ra_43.8708_10.2435.json,custom
43.825145,10.282450,osm_biblioteca_comunale_giacomo_puccini_43.8251_10.2824,Biblioteca Comunale Giacomo Puccini,biblioteca,biblioteca,https://raw.githubusercontent.com/pasqualelembo78/huntix-poi/main/italia/toscana/viareggio/pages/biblioteca_comunale_giacomo_puccini_43.8251_10.2824.json,custom
43.851628,10.262320,osm_biblioteca_atena_dell_associazione_l_uov_43.8516_10.2623,Biblioteca Atena dell'Associazione L'uovo di Colombo onlus,biblioteca,biblioteca,https://raw.githubusercontent.com/pasqualelembo78/huntix-poi/main/italia/toscana/viareggio/pages/biblioteca_atena_dellassociazione_luovo__43.8516_10.2623.json,custom
