# lat,lng,id,name,building_type,type
# Huntix Global POI Database - All categories from OpenStreetMap
47.220837,9.604171,osm_krankenhaus_maria_ebene_47.2208_9.6042,Krankenhaus Maria Ebene,hospital,hospital
45.555665,11.546719,osm_ingresso_palazzina_uffici_dellospedale_45.5557_11.5467,ingresso Palazzina Uffici dell'Ospedale,hospital,hospital
45.536063,11.524656,osm_guardia_medica_servizio_di_continuit_ass_45.5361_11.5247,Guardia Medica - Servizio di continuità assistenziale,hospital,hospital
44.217969,12.033122,osm_ospedali_privati_forl_villa_serena_44.2180_12.0331,Ospedali Privati Forlì Villa Serena,hospital,hospital
44.217181,12.058278,osm_ospedali_privati_forl_villa_igea_44.2172_12.0583,Ospedali Privati Forlì Villa Igea,hospital,hospital
46.583624,16.160671,osm_zdravstveni_dom_verej_46.5836_16.1607,Zdravstveni dom Veržej,hospital,hospital
46.685874,16.189205,osm_splona_ambulanta_martjanci_46.6859_16.1892,Splošna ambulanta Martjanci,hospital,hospital
46.501100,15.748825,osm_zdravstveni_dom_spodnji_duplek_46.5011_15.7488,Zdravstveni dom Spodnji Duplek,hospital,hospital
47.423764,10.253098,osm_fachklinik_fr_orthopdie_und_rheumatologi_47.4238_10.2531,Fachklinik für Orthopädie und Rheumatologie,hospital,hospital
46.142383,9.299683,osm_ospedale_moriggia_pelascini_46.1424_9.2997,Ospedale Moriggia Pelascini,hospital,hospital
36.041749,14.240499,osm_entru_tassaa_irrabat_gawdex_36.0417_14.2405,Ċentru Tas-Saħħa Ir-Rabat (Għawdex),hospital,hospital
45.614015,11.492417,osm_centro_diagnostico_veneto_45.6140_11.4924,Centro Diagnostico Veneto,hospital,hospital
44.577434,11.358319,osm_poliambulatorio_ausl_44.5774_11.3583,Poliambulatorio AUSL,hospital,hospital
44.344830,8.434595,osm_rsa_del_santuario_44.3448_8.4346,RSA del Santuario,hospital,hospital
42.815878,10.319724,osm_oce_ospedale_civile_elbano_42.8159_10.3197,O.C.E. Ospedale Civile Elbano,hospital,hospital
45.823500,9.061060,osm_villa_aprica_45.8235_9.0611,Villa Aprica,hospital,hospital
41.887076,12.398394,osm_aurelia_hospital_41.8871_12.3984,Aurelia Hospital,hospital,hospital
42.766098,10.392600,osm_guardia_medica_medical_assistance_42.7661_10.3926,Guardia Medica - Medical Assistance,hospital,hospital
45.847447,13.960318,osm_zdravstvena_postaja_vipava_45.8474_13.9603,Zdravstvena postaja Vipava,hospital,hospital
44.480713,11.348530,osm_villa_regina_44.4807_11.3485,Villa Regina,hospital,hospital
44.424577,12.204527,osm_casa_di_cura_san_francesco_44.4246_12.2045,Casa di cura San Francesco,hospital,hospital
43.958530,11.374664,osm_pronto_soccorso_ospedale_del_mugello_43.9585_11.3747,Pronto Soccorso Ospedale del Mugello,hospital,hospital
40.760578,14.020801,osm_ospedale_civile_albano_francescano_40.7606_14.0208,Ospedale Civile Albano Francescano,hospital,hospital
40.425666,15.192128,osm_distretto_asl_sa3_di_roccadaspide_40.4257_15.1921,Distretto ASL SA3 di Roccadaspide,hospital,hospital
40.993263,17.225376,osm_punto_di_primo_intervento_40.9933_17.2254,Punto di primo intervento,hospital,hospital
45.656005,12.427968,osm_casa_di_cura_papa_giovanni_xxiii_45.6560_12.4280,Casa di Cura Papa Giovanni XXIII,hospital,hospital
42.851470,13.622729,osm_casa_di_cura_san_giuseppe_42.8515_13.6227,Casa di Cura San Giuseppe,hospital,hospital
45.032079,9.285239,osm_istituto_per_la_riabilitazione_maugeri_45.0321_9.2852,Istituto per la Riabilitazione Maugeri,hospital,hospital
43.942730,11.901485,osm_ospedale_nefetti_43.9427_11.9015,Ospedale Nefetti,hospital,hospital
45.676271,9.239370,osm_istituti_clinici_zucchi_45.6763_9.2394,Istituti Clinici Zucchi,hospital,hospital
42.849251,13.588178,osm_casa_di_cura_villa_san_marco_42.8493_13.5882,Casa di Cura Villa San Marco,hospital,hospital
41.092284,16.076359,osm_ospedale_civile_41.0923_16.0764,Ospedale Civile,hospital,hospital
46.699500,12.988740,osm_landeskrankenhaus_laas_46.6995_12.9887,Landeskrankenhaus Laas,hospital,hospital
47.425048,14.760535,osm_unfallkrankenhaus_steiermark_standort_ka_47.4250_14.7605,"Unfallkrankenhaus Steiermark, Standort Kalwang",hospital,hospital
45.647155,11.788763,osm_ospedale_di_cittadella_45.6472_11.7888,Ospedale di Cittadella,hospital,hospital
42.068810,12.762497,osm_san_salvatore_42.0688_12.7625,San Salvatore,hospital,hospital
41.802364,12.448645,osm_istituto_dermatologico_san_gallicano_41.8024_12.4486,Istituto Dermatologico San Gallicano,hospital,hospital
44.281636,11.109729,osm_vergato_44.2816_11.1097,Vergato,hospital,hospital
45.581819,10.716125,osm_casa_di_cura_villa_garda_45.5818_10.7161,Casa di Cura Villa Garda,hospital,hospital
41.775187,12.920955,osm_casa_di_comunit_41.7752_12.9210,Casa di comunità,hospital,hospital
45.597315,17.227051,osm_daruvarske_toplice_specijalna_bolnica_za_45.5973_17.2271,Daruvarske toplice specijalna bolnica za medicinsku rehab...,hospital,hospital
44.319367,8.491168,osm_emergency_room_44.3194_8.4912,Emergency Room,hospital,hospital
45.895533,12.286322,osm_ass_la_nostra_famiglia_45.8955_12.2863,Ass. La Nostra Famiglia,hospital,hospital
45.355709,12.327481,osm_istituto_carlo_steeb_45.3557_12.3275,Istituto Carlo Steeb,hospital,hospital
44.911400,8.986571,osm_centro_paolo_vi_44.9114_8.9866,centro paolo VI,hospital,hospital
45.350005,11.864774,osm_usl_16_albignasego_45.3500_11.8648,USL 16 Albignasego,hospital,hospital
45.191558,7.894861,osm_ospedale_civile_di_chivasso_45.1916_7.8949,Ospedale Civile di Chivasso,hospital,hospital
41.712356,12.717015,osm_villa_delle_querce_41.7124_12.7170,Villa delle Querce,hospital,hospital
36.830039,10.192194,osm_poi_36.8300_10.1922,المركز المندمج للشباب والطفولة بالخضراء,hospital,hospital
43.612266,11.464712,osm_frate_sole_43.6123_11.4647,Frate Sole,hospital,hospital
43.657762,11.186530,osm_asl_43.6578_11.1865,A.S.L.,hospital,hospital
40.615038,14.972650,osm_santa_maria_della_speranza_40.6150_14.9726,Santa Maria della Speranza,hospital,hospital
40.524112,14.921643,osm_campolongo_hospital_40.5241_14.9216,Campolongo Hospital,hospital,hospital
45.446032,12.162343,osm_consultorio_usl_13_45.4460_12.1623,Consultorio USL 13,hospital,hospital
47.492367,18.636105,osm_bicskei_egszsggyi_kzpont_47.4924_18.6361,Bicskei Egészségügyi Központ,hospital,hospital
44.388742,11.826037,osm_poliambulatorio_44.3887_11.8260,Poliambulatorio,hospital,hospital
41.907911,15.337454,osm_pronto_soccorso_estivo_41.9079_15.3375,Pronto Soccorso Estivo,hospital,hospital
43.527308,18.782292,osm_univerzitetska_bolnica_foa_43.5273_18.7823,Univerzitetska bolnica Foča,hospital,hospital
45.759956,7.731839,osm_continuit_assistenziale_ex_guardia_medic_45.7600_7.7318,Continuità Assistenziale (Ex Guardia Medica) ASL-Ambulatorio,hospital,hospital
42.457316,18.508930,osm_institut_dr_simo_miloevi_ii_faza_42.4573_18.5089,Institut Dr. Simo Milošević - II Faza,hospital,hospital
45.872938,8.411802,osm_ospedale_madonna_del_popolo_45.8729_8.4118,Ospedale Madonna del Popolo,hospital,hospital
45.591747,12.235585,osm_park_villa_napoleon_casa_di_cura_neurops_45.5917_12.2356,Park Villa Napoleon - casa di cura neuropsichiatrica,hospital,hospital
40.056446,18.015112,osm_ospedale_sacro_cuore_di_ges_40.0564_18.0151,Ospedale Sacro Cuore di Gesù,hospital,hospital
45.080022,7.575810,osm_azienda_sanitaria_locale_to3_45.0800_7.5758,Azienda Sanitaria Locale TO3,hospital,hospital
40.473025,17.247886,osm_ospedale_militare_marittimo_40.4730_17.2479,Ospedale Militare Marittimo,hospital,hospital
46.059841,8.692509,osm_opera_pia_dr_domenico_uccelli_46.0598_8.6925,Opera Pia Dr. Domenico Uccelli,hospital,hospital
45.828192,11.837492,osm_suem_118_guardia_medica_45.8282_11.8375,SUEM 118 GUARDIA MEDICA,hospital,hospital
44.326274,7.672198,osm_residenza_per_anziani_la_meridiana_44.3263_7.6722,Residenza per anziani La Meridiana,hospital,hospital
39.294540,16.248318,osm_pronto_soccorso_39.2945_16.2483,Pronto Soccorso,hospital,hospital
42.452148,18.557435,osm_vojna_bolnica_42.4521_18.5574,Vojna bolnica,hospital,hospital
44.330279,7.490469,osm_asl_cuneo_n1_44.3303_7.4905,ASL Cuneo n.1,hospital,hospital
44.329600,7.548367,osm_azienda_sanitaria_locale_cn1_centralino_44.3296_7.5484,Azienda Sanitaria Locale cn1 Centralino,hospital,hospital
44.321258,7.679427,osm_azienda_sanitaria_locale_cn1_44.3213_7.6794,Azienda Sanitaria Locale cn1,hospital,hospital
44.491354,9.765020,osm_santa_maria_44.4914_9.7650,Santa Maria,hospital,hospital
40.848373,14.470515,osm_casa_di_cura_trusso_40.8484_14.4705,Casa di cura Trusso,hospital,hospital
40.832974,14.499819,osm_clinica_santa_lucia_40.8330_14.4998,Clinica Santa Lucia,hospital,hospital
41.500221,13.062097,osm_casa_della_salute_di_sezze_41.5002_13.0621,Casa della salute di Sezze,hospital,hospital
37.982326,12.960570,osm_ospedale_san_vito_e_santo_spirito_37.9823_12.9606,Ospedale San Vito e Santo Spirito,hospital,hospital
45.388032,11.791150,osm_ulss_6_euganea_45.3880_11.7911,ULSS 6 Euganea,hospital,hospital
43.867192,10.341411,osm_misericordia_43.8672_10.3414,Misericordia,hospital,hospital
45.873998,17.851350,osm_egszsggyi_kzpont_45.8740_17.8514,Egészségügyi Központ,hospital,hospital
44.956489,7.182563,osm_presidio_sanitario_di_pomaretto_44.9565_7.1826,Presidio Sanitario di Pomaretto,hospital,hospital
39.084274,17.113431,osm_asp_39.0843_17.1134,ASP,hospital,hospital
46.579920,17.406377,osm_krhz_46.5799_17.4064,Kórház,hospital,hospital
46.642260,11.356095,osm_spital_sarnthein_46.6423_11.3561,Spital Sarnthein,hospital,hospital
42.095899,13.871516,osm_croce_verde_42.0959_13.8715,Croce Verde,hospital,hospital
44.534092,11.508588,osm_centro_protesi_inail_44.5341_11.5086,Centro Protesi INAIL,hospital,hospital
44.482578,11.286157,osm_villa_chiara_44.4826_11.2862,Villa Chiara,hospital,hospital
38.474684,16.453356,osm_guardia_medica_servizio_di_continuit_ass_38.4747_16.4534,Guardia Medica - Servizio di continuità assistenziale,hospital,hospital
44.521189,11.371521,osm_pubblica_assistenza_croce_italia_44.5212_11.3715,Pubblica Assistenza Croce Italia,hospital,hospital
40.094856,15.405689,osm_guardia_medica_40.0949_15.4057,Guardia Medica,hospital,hospital
43.956301,12.194793,osm_ospedale_capelli_43.9563_12.1948,Ospedale Capelli,hospital,hospital
44.468227,11.956587,osm_presidio_ospedaliero_44.4682_11.9566,Presidio Ospedaliero,hospital,hospital
42.745873,11.865376,osm_ospedale_santa_maria_della_scala_42.7459_11.8654,Ospedale Santa Maria della Scala,hospital,hospital
44.058770,6.147572,osm_centre_des_carmes_44.0588_6.1476,Centre des Carmes,hospital,hospital
46.076244,18.240882,osm_lnc_utcai_rendel_46.0762_18.2409,Lánc utcai rendelő,hospital,hospital
46.064268,18.200501,osm_veress_endre_utcai_rendel_46.0643_18.2005,Veress Endre utcai rendelő,hospital,hospital
45.603387,7.773594,osm_poliambulatorio_di_donnas_45.6034_7.7736,Poliambulatorio di Donnas,hospital,hospital
45.939276,6.714928,osm_sancellemoz_45.9393_6.7149,Sancellemoz,hospital,hospital
44.414853,7.424215,osm_ospedale_di_caraglio_asl_cn1_44.4149_7.4242,Ospedale di Caraglio ASL CN1,hospital,hospital
42.460409,12.384392,osm_centro_salute_orte_42.4604_12.3844,Centro Salute Orte,hospital,hospital
45.755019,7.737931,osm_casa_di_cura_per_la_salute_della_mente_45.7550_7.7379,Casa Di Cura Per La Salute Della Mente,hospital,hospital
43.467259,13.556103,osm_ospedale_di_comunit_di_castelfidardo_43.4673_13.5561,Ospedale di Comunità di Castelfidardo,hospital,hospital
43.847875,10.661653,osm_misericordia_di_montecarlo_43.8479_10.6617,Misericordia di Montecarlo,hospital,hospital
47.406297,9.740213,osm_krankenhaus_dornbirn_47.4063_9.7402,Krankenhaus Dornbirn,hospital,hospital
44.694109,10.104399,osm_azienda_usl_polo_sanitario_44.6941_10.1044,Azienda Usl - Polo sanitario,hospital,hospital
44.059260,12.591387,osm_ospedale_dei_villeggianti_44.0593_12.5914,Ospedale dei villeggianti,hospital,hospital
44.622972,9.331584,osm_casa_della_salute_44.6230_9.3316,Casa della salute,hospital,hospital
42.050427,12.621430,osm_ospedale_ss_gonfalone_42.0504_12.6214,Ospedale SS Gonfalone,hospital,hospital
45.688139,10.661684,osm_guardia_medica_45.6881_10.6617,Guardia Medica,hospital,hospital
46.046922,14.499268,osm_tudentski_zdravstveni_dom_46.0469_14.4993,Študentski zdravstveni dom,hospital,hospital
40.638386,14.612279,osm_ospedale_della_costa_40.6384_14.6123,Ospedale della costa,hospital,hospital
45.145060,10.012796,osm_casa_di_cura_figlie_di_san_camillo_45.1451_10.0128,Casa di cura Figlie di San Camillo,hospital,hospital
40.549929,17.713841,osm_guardia_medica_40.5499_17.7138,guardia medica,hospital,hospital
44.818823,11.599840,osm_guardia_medica_servizi_socio_sanitari_44.8188_11.5998,Guardia Medica - Servizi socio sanitari,hospital,hospital
45.364056,14.313483,osm_specijalna_bolnica_dr_nemec_45.3641_14.3135,Specijalna bolnica dr. Nemec,hospital,hospital
41.120071,16.868737,osm_first_aid_university_41.1201_16.8687,First Aid - university,hospital,hospital
40.742336,16.821738,osm_centro_nazionale_riabilitativo_per_hanse_40.7423_16.8217,Centro Nazionale Riabilitativo per Hanseniani,hospital,hospital
45.482293,10.054013,osm_ambulatorio_medico_45.4823_10.0540,Ambulatorio medico,hospital,hospital
45.410424,10.408787,osm_spedali_civili_brescia_montichiari_45.4104_10.4088,Spedali Civili Brescia Montichiari,hospital,hospital
41.831644,15.576580,osm_aslfg_41.8316_15.5766,a.s.l.fg,hospital,hospital
44.189587,12.409409,osm_ospedale_di_cesenatico_44.1896_12.4094,Ospedale di Cesenatico,hospital,hospital
44.994752,9.014534,osm_ospedale_civile_di_voghera_entrata_poste_44.9948_9.0145,Ospedale civile di voghera entrata posteriore,hospital,hospital
43.831820,11.205142,osm_azienda_usl_10_di_firenze_43.8318_11.2051,Azienda Usl 10 Di Firenze,hospital,hospital
47.274231,12.763730,osm_ambulatorium_optimed_sportmedizin_47.2742_12.7637,Ambulatorium Optimed Sportmedizin,hospital,hospital
47.052044,15.395523,osm_militrspital_47.0520_15.3955,Militärspital,hospital,hospital
40.269937,15.622227,osm_guardia_medica_40.2699_15.6222,Guardia Medica,hospital,hospital
42.451547,18.555055,osm_porodilite_meljine_42.4515_18.5551,Porodilište Meljine,hospital,hospital
44.845504,11.618975,osm_casa_di_cura_salus_44.8455_11.6190,Casa di cura Salus,hospital,hospital
43.751808,11.183088,osm_misericordia_di_lastra_a_signa_sez_scand_43.7518_11.1831,Misericordia di Lastra a Signa sez. Scandicci,hospital,hospital
43.479712,12.692685,osm_infermeria_fisps_43.4797_12.6927,Infermeria FISPS,hospital,hospital
39.448547,16.286989,osm_poliambulatorio_39.4485_16.2870,Poliambulatorio,hospital,hospital
41.712051,15.641054,osm_ospedale_di_san_marco_in_lamis_41.7121_15.6411,Ospedale di San Marco in Lamis,hospital,hospital
47.397678,18.460117,osm_fejr_megyei_szent_gyrgy_krhz_cskvri_gygy_47.3977_18.4601,Fejér Megyei Szent György Kórház Csákvári gyógyintézete,hospital,hospital
40.815057,14.344496,osm_guardia_medica_40.8151_14.3445,Guardia medica,hospital,hospital
44.895565,11.828626,osm_casa_della_salute_terra_e_fiumi_44.8956_11.8286,Casa della Salute Terra e Fiumi,hospital,hospital
44.700147,11.810702,osm_ospedale_carlo_eppi_44.7001_11.8107,Ospedale Carlo Eppi,hospital,hospital
45.733050,12.252365,osm_casa_di_riposo_e_centro_diurno_gino_e_pi_45.7331_12.2524,Casa di riposo e Centro diurno Gino e Pierina MARANI,hospital,hospital
45.738484,7.351557,osm_servizio_ausili_ausl_valle_daosta_45.7385_7.3516,Servizio Ausili AUSL Valle d'Aosta,hospital,hospital
43.773438,10.717936,osm_distretto_sociosanitario_galleno_43.7734_10.7179,Distretto socio-sanitario Galleno,hospital,hospital
40.900992,9.547115,osm_ospedale_mater_olbia_40.9010_9.5471,Ospedale Mater Olbia,hospital,hospital
43.334787,10.744294,osm_guardia_medica_43.3348_10.7443,Guardia Medica,hospital,hospital
40.891201,16.953664,osm_guardia_medica_40.8912_16.9537,Guardia Medica,hospital,hospital
45.364367,9.673324,osm_asl_45.3644_9.6733,ASL,hospital,hospital
45.598095,8.419509,osm_guardia_medica_di_ghemme_45.5981_8.4195,Guardia Medica di Ghemme,hospital,hospital
45.598163,8.419646,osm_ospedale_di_ghemme_45.5982_8.4196,Ospedale di Ghemme,hospital,hospital
43.675419,10.548131,osm_guardia_medica_43.6754_10.5481,Guardia Medica,hospital,hospital
41.759597,12.708199,osm_asl_41.7596_12.7082,ASL,hospital,hospital
45.811690,8.918469,osm_ambulatorio_45.8117_8.9185,Ambulatorio,hospital,hospital
40.630512,14.540210,osm_guardia_medica_40.6305_14.5402,Guardia Medica,hospital,hospital
40.546267,17.436926,osm_asl_40.5463_17.4369,ASL,hospital,hospital
46.955890,16.267906,osm_rendelintzet_szentgotthrd_46.9559_16.2679,Rendelőintézet Szentgotthárd,hospital,hospital
44.910348,9.027153,osm_fondazione_don_carlo_gnocchi_centro_sant_44.9103_9.0272,Fondazione Don Carlo Gnocchi - Centro Santa Maria alle Fonti,hospital,hospital
36.536950,6.715447,osm_ahmed_ouroua_36.5370_6.7154,Ahmed Ouroua,hospital,hospital
46.187442,11.258575,osm_guardia_medica_46.1874_11.2586,Guardia Medica,hospital,hospital
47.494558,17.849329,osm_egszsgcentrum_47.4946_17.8493,Egészségcentrum,hospital,hospital
45.066405,9.324603,osm_croce_rossa_italiana_stradella_45.0664_9.3246,Croce Rossa Italiana - Stradella,hospital,hospital
44.176248,8.329262,osm_croce_verde_finalborgo_44.1762_8.3293,Croce Verde Finalborgo,hospital,hospital
38.888768,16.407675,osm_ambulatorio_medico_38.8888_16.4077,Ambulatorio Medico,hospital,hospital
44.856799,10.071196,osm_italian_red_cross_44.8568_10.0712,Italian Red Cross,hospital,hospital
46.274770,11.049077,osm_guardia_medica_46.2748_11.0491,Guardia Medica,hospital,hospital
45.851147,10.981325,osm_guardia_medica_45.8511_10.9813,Guardia Medica,hospital,hospital
46.320341,11.066111,osm_guardia_medica_46.3203_11.0661,Guardia Medica,hospital,hospital
45.469241,9.514923,osm_ospedale_santa_marta_45.4692_9.5149,Ospedale Santa Marta,hospital,hospital
45.399855,8.918511,osm_centro_diagnostico_fleming_45.3999_8.9185,Centro Diagnostico Fleming,hospital,hospital
45.977491,9.446168,osm_asst_lecco_presidio_di_introbio_45.9775_9.4462,ASST Lecco - Presidio di Introbio,hospital,hospital
45.842194,15.971548,osm_specijalna_bolnica_za_plune_bolesti_45.8422_15.9715,Specijalna bolnica za plućne bolesti,hospital,hospital
43.794308,10.268302,osm_pronto_soccorso_43.7943_10.2683,Pronto Soccorso,hospital,hospital
44.989953,8.998731,osm_casa_di_cura_santa_maria_delle_grazie_44.9900_8.9987,Casa di Cura Santa Maria delle Grazie,hospital,hospital
46.395538,15.562284,osm_zdravstveni_dom_slovenska_bistrica_46.3955_15.5623,Zdravstveni dom Slovenska Bistrica,hospital,hospital
47.360489,18.681723,osm_egszsghz_47.3605_18.6817,Egészségház,hospital,hospital
38.409641,16.076312,osm_presidio_ospedaliero_santa_maria_degli_u_38.4096_16.0763,Presidio Ospedaliero Santa Maria degli Ungheresi,hospital,hospital
44.111407,8.115215,osm_soccorso_cinofilo_liguria_sede_operativa_44.1114_8.1152,Soccorso Cinofilo Liguria - Sede Operativa,hospital,hospital
40.860234,14.527493,osm_casa_di_cura_la_madonnina_40.8602_14.5275,Casa di cura La Madonnina,hospital,hospital
40.317910,15.060939,osm_guardia_medica_torchiara_40.3179_15.0609,Guardia Medica Torchiara,hospital,hospital
42.145036,12.493635,osm_croce_rossa_morlupo_42.1450_12.4936,Croce Rossa Morlupo,hospital,hospital
45.312374,8.422306,osm_clinica_santa_rita_45.3124_8.4223,Clinica Santa Rita,hospital,hospital
43.751749,13.095052,osm_ospedale_bartolini_43.7517_13.0951,Ospedale Bartolini,hospital,hospital
47.499057,18.023708,osm_batthyny_kzmr_szakkrhz_s_rendelintzet_47.4991_18.0237,Batthyány Kázmér Szakkórház és Rendelőintézet,hospital,hospital
45.815495,13.519820,osm_pronto_soccorso_monfalcone_45.8155_13.5198,Pronto Soccorso Monfalcone,hospital,hospital
41.933337,12.126958,osm_postazione_118_41.9333_12.1270,POSTAZIONE 118,hospital,hospital
45.399455,11.860115,osm_centro_di_foniatria_casa_di_curas_triest_45.3995_11.8601,Centro di Foniatria - Casa di Curas Trieste,hospital,hospital
45.411822,11.916031,osm_croce_rossa_45.4118_11.9160,Croce Rossa,hospital,hospital
46.057019,12.984471,osm_ambulatorio_46.0570_12.9845,Ambulatorio,hospital,hospital
47.073040,18.685532,osm_orvosi_rendel_47.0730_18.6855,Orvosi rendelő,hospital,hospital
43.606623,7.112585,osm_centre_monsignery_43.6066_7.1126,Centre Monsignery,hospital,hospital
36.802143,10.156802,osm_poi_36.8021_10.1568,مستشفى الرابطة,hospital,hospital
40.790260,13.418478,osm_croce_rossa_40.7903_13.4185,Croce Rossa,hospital,hospital
43.446789,13.117499,osm_ambulatori_43.4468_13.1175,Ambulatori,hospital,hospital
45.036144,7.674020,osm_aou_citt_della_salute_e_della_scienza_di_45.0361_7.6740,A.O.U. CITTÀ DELLA SALUTE E DELLA SCIENZA DI TORINO – OSP...,hospital,hospital
36.821818,6.505678,osm_poi_36.8218_6.5057,قاعة علاج برج القائد,hospital,hospital
45.399066,11.842646,osm_dipartimento_socio_sanitario_ai_colli_45.3991_11.8426,Dipartimento Socio Sanitario ai Colli,hospital,hospital
40.147868,16.289125,osm_asl_40.1479_16.2891,ASL,hospital,hospital
44.681166,8.468272,osm_casa_di_cura_villa_igea_44.6812_8.4683,Casa di cura Villa Igea,hospital,hospital
46.253086,14.487460,osm_zdravstveni_dom_46.2531_14.4875,zdravstveni dom,hospital,hospital
46.006835,8.270202,osm_distretto_sanitario_asl_14_46.0068_8.2702,Distretto Sanitario ASL 14,hospital,hospital
40.856676,15.859678,osm_pronto_soccorso_40.8567_15.8597,Pronto Soccorso,hospital,hospital
45.636588,9.032423,osm_laboratorio_analisi_mediche_gestione_lab_45.6366_9.0324,laboratorio analisi mediche gestione laboratori scientifi...,hospital,hospital
43.670579,12.518902,osm_distretto_sanitario_n_2_di_urbania_43.6706_12.5189,Distretto sanitario N° 2 di Urbania,hospital,hospital
46.085518,14.471324,osm_studio_ank_46.0855_14.4713,Studio ANK,hospital,hospital
44.225040,12.050886,osm_azienda_unit_sanitaria_locale_della_roma_44.2250_12.0509,Azienda Unità Sanitaria Locale della Romagna,hospital,hospital
46.103804,14.530640,osm_fizioterapija_46.1038_14.5306,Fizioterapija,hospital,hospital
46.042854,14.498070,osm_zasebna_ambulanta_46.0429_14.4981,Zasebna ambulanta,hospital,hospital
47.045083,16.779207,osm_orvosi_rendel_47.0451_16.7792,Orvosi rendelő,hospital,hospital
47.030277,16.741996,osm_orvosi_rendel_47.0303_16.7420,Orvosi rendelő,hospital,hospital
47.052425,16.806339,osm_orvosi_rendel_47.0524_16.8063,Orvosi rendelő,hospital,hospital
45.068931,7.703882,osm_azienda_asl_to2_circoscrizione_7_45.0689_7.7039,Azienda Asl TO2 Circoscrizione 7,hospital,hospital
40.817075,16.420735,osm_pronto_soccorso_40.8171_16.4207,Pronto Soccorso,hospital,hospital
39.156681,9.399676,osm_guardia_medica_39.1567_9.3997,Guardia Medica,hospital,hospital
40.816990,16.420953,osm_guardia_medica_40.8170_16.4210,Guardia Medica,hospital,hospital
44.880293,11.414321,osm_ospedale_fratelli_borselli_44.8803_11.4143,Ospedale Fratelli Borselli,hospital,hospital
44.518358,10.200758,osm_croce_rossa_pronto_soccorso_44.5184_10.2008,Croce Rossa (Pronto Soccorso),hospital,hospital
45.442346,8.622118,osm_pronto_soccorso_asl_novara_45.4423_8.6221,Pronto Soccorso ASL Novara,hospital,hospital
45.289308,9.855996,osm_guardia_medica_45.2893_9.8560,Guardia Medica,hospital,hospital
44.631227,8.059406,osm_casa_di_cura_la_residenza_44.6312_8.0594,Casa di cura La Residenza,hospital,hospital
40.532746,15.373229,osm_guardia_medica_40.5327_15.3732,Guardia medica,hospital,hospital
44.915200,8.622999,osm_hospice_il_gelso_44.9152_8.6230,Hospice Il Gelso,hospital,hospital
44.912463,8.612151,osm_salus_44.9125_8.6122,SALUS,hospital,hospital
46.289617,17.449933,osm_gondvisels_szocilis_otthon_szenvedlybete_46.2896_17.4499,Gondviselés Szociális Otthon Szenvedélybetegek Rehabilitá...,hospital,hospital
41.118368,16.484709,osm_diagnostica_srl_41.1184_16.4847,Diagnostica s.r.l.,hospital,hospital
44.898434,8.596424,osm_asl_20_44.8984_8.5964,ASL 20,hospital,hospital
45.814351,13.512776,osm_one_smile_centro_dentale_45.8144_13.5128,One Smile centro dentale,hospital,hospital
45.674951,9.235171,osm_bianalisi_srl_analisi_mediche_45.6750_9.2352,Bianalisi s.r.l. Analisi Mediche,hospital,hospital
46.183159,6.099386,osm_centre_dhmodialyse_donex_46.1832_6.0994,Centre d'hémodialyse d'Onex,hospital,hospital
38.826435,16.619816,osm_postazione_di_continuit_assistenziale_gu_38.8264_16.6198,Postazione di continuità assistenziale / Guardia Medica,hospital,hospital
46.075354,18.205607,osm_srgssgi_betegfelvtel_46.0754_18.2056,Sürgősségi betegfelvétel,hospital,hospital
39.344357,16.154463,osm_casa_di_cura_villa_igea_39.3444_16.1545,Casa di cura Villa Igea,hospital,hospital
45.540413,11.781439,osm_distretto_sanitario_45.5404_11.7814,Distretto Sanitario,hospital,hospital
40.648352,15.828625,osm_croce_rossa_italiana_40.6484_15.8286,Croce Rossa Italiana,hospital,hospital
45.664253,7.691464,osm_clinica_veterinaria_di_verrs_45.6643_7.6915,Clinica Veterinaria di Verrès,hospital,hospital
41.192353,14.548363,osm_covermark_point_camouflage_41.1924_14.5484,Covermark Point camouflage,hospital,hospital
41.194671,14.550727,osm_guardia_medica_41.1947_14.5507,Guardia Medica,hospital,hospital
44.140616,11.155653,osm_casa_di_cura_prof_nobili_44.1406_11.1557,Casa di cura Prof. Nobili,hospital,hospital
46.214035,13.220726,osm_ass_4_friuli_centrale_46.2140_13.2207,ASS 4 - Friuli Centrale,hospital,hospital
45.006453,8.926404,osm_studio_medico_45.0065_8.9264,Studio Medico,hospital,hospital
43.547653,12.650819,osm_ospedale_civile_a_celli_43.5477_12.6508,Ospedale Civile A. Celli,hospital,hospital
36.039627,14.245451,osm_vgh_gozo_general_hospital_36.0396_14.2455,VGH Gozo General Hospital,hospital,hospital
36.442610,6.269641,osm_centre_dimagerie_36.4426_6.2696,Centre d'Imagerie,hospital,hospital
44.825417,9.191087,osm_ospedale_civile_di_varzi_ss_annunziata_44.8254_9.1911,Ospedale Civile di Varzi SS. Annunziata,hospital,hospital
42.164109,12.843778,osm_farmacia_42.1641_12.8438,Farmacia,hospital,hospital
45.687963,10.752021,osm_infermeria_piccole_suore_della_sacra_fam_45.6880_10.7520,Infermeria Piccole Suore della Sacra Famiglia,hospital,hospital
45.598404,8.636269,osm_asl13_ambulatori_oleggio_45.5984_8.6363,ASL13 - Ambulatori Oleggio,hospital,hospital
44.716745,9.791689,osm_guardia_medica_44.7167_9.7917,Guardia Medica,hospital,hospital
39.221640,9.112644,osm_pronto_soccorso_39.2216_9.1126,Pronto Soccorso,hospital,hospital
36.877037,6.608606,osm_amg_36.8770_6.6086,AMG,hospital,hospital
43.085358,6.157011,osm_institut_helio_marin_43.0854_6.1570,Institut Helio Marin,hospital,hospital
36.170185,6.161062,osm_hpital_chelghoum_lad_36.1702_6.1611,Hôpital Chelghoum Laïd,hospital,hospital
36.163561,6.172927,osm_polyclinique_36.1636_6.1729,Polyclinique,hospital,hospital
36.163918,6.166417,osm_hpital_36.1639_6.1664,Hôpital,hospital,hospital
45.714524,7.881750,osm_ambulatorio_45.7145_7.8818,Ambulatorio,hospital,hospital
45.676113,9.222186,osm_policlinico_di_monza_45.6761_9.2222,Policlinico di Monza,hospital,hospital
44.123289,9.948800,osm_centro_diurno_di_sarzana_44.1233_9.9488,Centro Diurno di Sarzana,hospital,hospital
44.724266,8.856054,osm_azienda_sanitaria_al_44.7243_8.8561,Azienda Sanitaria AL,hospital,hospital
45.065524,11.787884,osm_casa_di_cura_privata_citt_di_rovigo_45.0655_11.7879,Casa di cura Privata Città di Rovigo,hospital,hospital
41.262935,15.911110,osm_centro_medico_riabilitazione_vita_41.2629_15.9111,Centro Medico Riabilitazione VITA,hospital,hospital
36.881470,8.564734,osm_poi_36.8815_8.5647,مركز أم الطبول الصحي,hospital,hospital
45.871335,12.279848,osm_centro_di_medicina_45.8713_12.2798,Centro di medicina,hospital,hospital
45.687747,9.675601,osm_associazione_psicologia_e_psicoterapia_i_45.6877_9.6756,Associazione psicologia e psicoterapia Il Conventino,hospital,hospital
46.053733,14.836526,osm_zdravstveni_dom_litija_46.0537_14.8365,Zdravstveni dom Litija,hospital,hospital
44.527881,18.706689,osm_medical_institute_bayer_44.5279_18.7067,Medical Institute Bayer,hospital,hospital
41.674097,13.427558,osm_la_citt_bianca_41.6741_13.4276,La Città Bianca,hospital,hospital
36.398043,6.326128,osm_hpital_36.3980_6.3261,Hôpital,hospital,hospital
40.249007,16.699793,osm_guardia_medica_40.2490_16.6998,Guardia Medica,hospital,hospital
45.825828,7.714936,osm_volontari_soccorso_valle_dayas_45.8258_7.7149,Volontari Soccorso Valle d'Ayas,hospital,hospital
36.131672,7.533409,osm_poi_36.1317_7.5334,المؤسسة العمومية الاستشفائية هواري بومدين,hospital,hospital
36.132408,7.530187,osm_poi_36.1324_7.5302,المستشفى القديم,hospital,hospital
42.627768,13.286519,osm_ospedale_grifoni_42.6278_13.2865,Ospedale Grifoni,hospital,hospital
36.287151,7.971397,osm_policlinique_diar_zarga_36.2872_7.9714,policlinique Diar Zarga,hospital,hospital
44.058855,6.148102,osm_centre_de_radaptation_44.0589_6.1481,Centre de Réadaptation,hospital,hospital
38.102095,13.361324,osm_medicina_clinica_e_patologie_emergenti_38.1021_13.3613,Medicina clinica e patologie emergenti,hospital,hospital
38.102559,13.360633,osm_medicina_del_lavoro_e_preventiva_38.1026_13.3606,Medicina del lavoro e preventiva,hospital,hospital
38.104120,13.356999,osm_medicine_38.1041_13.3570,Medicine,hospital,hospital
38.103547,13.356395,osm_maternit_38.1035_13.3564,Maternità,hospital,hospital
38.102671,13.356773,osm_chirurgia_plastica_38.1027_13.3568,Chirurgia plastica,hospital,hospital
38.102648,13.357414,osm_chirurgia_toracica_38.1026_13.3574,Chirurgia toracica,hospital,hospital
41.183554,16.680436,osm_pronto_soccorso_41.1836_16.6804,Pronto Soccorso,hospital,hospital
46.532552,6.017385,osm_hpital_lon_brard_46.5326_6.0174,Hôpital Léon Bérard,hospital,hospital
46.044074,14.508366,osm_ambulanta_kus_46.0441_14.5084,Ambulanta Kus,hospital,hospital
41.878130,14.294852,osm_farmacia_ambulatorio_medico_41.8781_14.2949,Farmacia - Ambulatorio Medico,hospital,hospital
36.370418,7.529848,osm_poi_36.3704_7.5298,صيدلية بوجاهم,hospital,hospital
44.050275,10.058430,osm_distretto_avenza_asl_nordovest_44.0503_10.0584,Distretto Avenza ASL Nord-Ovest,hospital,hospital
45.509458,10.326954,osm_azienda_tutela_salute_45.5095_10.3270,Azienda Tutela Salute,hospital,hospital
42.037177,12.633827,osm_casa_di_cura_villa_tiberia_42.0372_12.6338,Casa Di Cura Villa Tiberia,hospital,hospital
45.057532,9.691401,osm_marina_drssa_anna_rita_veterinaria_45.0575_9.6914,Marina Dr.Ssa Anna Rita Veterinaria,hospital,hospital
45.051522,9.685110,osm_croce_rossa_italiana_45.0515_9.6851,Croce Rossa Italiana,hospital,hospital
45.055831,9.683632,osm_ospedale_guglielmo_da_saliceto_neurologi_45.0558_9.6836,Ospedale Guglielmo da Saliceto - Neurologia - Day Service,hospital,hospital
45.056502,9.681530,osm_sert_45.0565_9.6815,Ser.T,hospital,hospital
44.832734,11.631468,osm_citt_della_salute_cittadella_san_rocco_44.8327_11.6315,Città della Salute Cittadella San Rocco,hospital,hospital
42.430889,18.699147,osm_kids_hospital_42.4309_18.6991,kids hospital,hospital,hospital
36.316047,7.161381,osm_entree_des_urgence_36.3160_7.1614,Entree des Urgence,hospital,hospital
44.599904,8.356561,osm_residenza_i_boschi_44.5999_8.3566,Residenza I Boschi,hospital,hospital
36.866726,10.289584,osm_poi_36.8667_10.2896,حالة طوارئ,hospital,hospital
44.334083,11.187030,osm_corpo_nazionale_soccorso_alpino_e_speleo_44.3341_11.1870,Corpo Nazionale Soccorso Alpino e Speleologico,hospital,hospital
44.507651,11.472026,osm_poliambulatorio_44.5077_11.4720,Poliambulatorio,hospital,hospital
44.317038,11.255408,osm_pubblica_assistenza_vado_44.3170_11.2554,Pubblica Assistenza Vado,hospital,hospital
46.077364,13.228853,osm_pronto_soccorso_udine_46.0774_13.2289,Pronto Soccorso Udine,hospital,hospital
36.929647,6.588945,osm_psp_kerkera_36.9296_6.5889,PSP Kerkera,hospital,hospital
36.910736,7.746547,osm_poi_36.9107_7.7465,مستشفى ابن رشد,hospital,hospital
40.473904,17.245295,osm_azienda_sanitaria_locale_ta1_40.4739_17.2453,Azienda Sanitaria Locale TA/1,hospital,hospital
45.721523,8.651560,osm_medical_center_45.7215_8.6516,Medical Center,hospital,hospital
45.721587,8.651508,osm_centro_baroncini_45.7216_8.6515,Centro Baroncini,hospital,hospital
36.856289,7.737211,osm_poi_36.8563_7.7372,المؤسسة الاستشفائية المتخصصة عبد الله نواورية البوني أمرا...,hospital,hospital
41.675869,13.576804,osm_casa_di_cura_santa_maria_teresa_41.6759_13.5768,Casa Di Cura Santa Maria Teresa,hospital,hospital
45.403115,9.937024,osm_poliambulatorio_bongi_45.4031_9.9370,Poliambulatorio Bongi,hospital,hospital
40.832577,17.356611,osm_pronto_soccorso_40.8326_17.3566,Pronto Soccorso,hospital,hospital
36.839101,6.640814,osm_bloc_opratoire_36.8391_6.6408,bloc opératoire,hospital,hospital
40.852187,17.118339,osm_ospedale_santa_maria_degli_angeli_40.8522_17.1183,Ospedale Santa Maria Degli Angeli,hospital,hospital
44.464517,11.404900,osm_villa_arcobaleno_44.4645_11.4049,Villa Arcobaleno,hospital,hospital
45.584293,7.812177,osm_ambulatorio_medico_45.5843_7.8122,Ambulatorio Medico,hospital,hospital
44.868719,11.059116,osm_pubblica_assistenza_croce_blu_mirandola_44.8687_11.0591,Pubblica Assistenza Croce Blu Mirandola,hospital,hospital
44.156182,11.795011,osm_cra_madonna_del_cantone_44.1562_11.7950,CRA Madonna del Cantone,hospital,hospital
44.156335,11.795415,osm_casa_della_salute_modigliana_44.1563_11.7954,Casa della Salute Modigliana,hospital,hospital
46.094187,15.837130,osm_klinika_magdalena_46.0942_15.8371,Klinika Magdalena,hospital,hospital
44.393700,11.344606,osm_pubblica_assistenza_pianoro_44.3937_11.3446,Pubblica Assistenza Pianoro,hospital,hospital
46.481034,12.458695,osm_ambulatorio_dottsa_vizzini_46.4810_12.4587,Ambulatorio dott.sa Vizzini,hospital,hospital
41.858334,12.630325,osm_pronto_soccorso_policlinico_tor_vergata_41.8583_12.6303,Pronto Soccorso Policlinico Tor Vergata,hospital,hospital
45.194742,9.140386,osm_guardia_medica_45.1947_9.1404,Guardia Medica,hospital,hospital
40.749770,14.013091,osm_ospedale_civile_gaetanina_scotto_40.7498_14.0131,Ospedale Civile Gaetanina Scotto,hospital,hospital
41.932977,13.409121,osm_istituto_neurotraumatologico_italiano_41.9330_13.4091,Istituto Neurotraumatologico Italiano,hospital,hospital
43.360110,11.312657,osm_rugani_hospital_43.3601_11.3127,Rugani Hospital,hospital,hospital
45.769600,13.001796,osm_pronto_soccorso_ospedale_civile_di_latis_45.7696_13.0018,Pronto Soccorso Ospedale Civile di Latisana,hospital,hospital
46.288039,13.125322,osm_punto_di_primo_intervento_gemona_46.2880_13.1253,Punto di Primo Intervento Gemona,hospital,hospital
46.154807,13.008951,osm_pronto_soccorso_san_daniele_46.1548_13.0090,Pronto Soccorso San Daniele,hospital,hospital
45.970876,12.652490,osm_ingresso_pronto_soccorso_ospedale_santa__45.9709_12.6525,Ingresso Pronto Soccorso Ospedale Santa Maria degli Angeli,hospital,hospital
45.968186,12.653921,osm_pronto_soccorso_pediatrico_ospedale_sant_45.9682_12.6539,Pronto Soccorso Pediatrico Ospedale Santa Maria degli Angeli,hospital,hospital
45.912230,12.856510,osm_pronto_soccorso_ospedale_santa_maria_dei_45.9122_12.8565,Pronto Soccorso Ospedale Santa Maria dei Battuti,hospital,hospital
43.917844,10.903596,osm_pronto_soccorso_ospedale_san_jacopo_43.9178_10.9036,Pronto Soccorso Ospedale San Jacopo,hospital,hospital
44.056397,10.788388,osm_punto_di_primo_soccorso_di_san_marcello_44.0564_10.7884,Punto di primo soccorso di San Marcello,hospital,hospital
45.190881,9.149624,osm_laboratorio_analisi_mediche_san_giorgio_45.1909_9.1496,Laboratorio Analisi Mediche San Giorgio,hospital,hospital
39.064110,17.117261,osm_asl_39.0641_17.1173,ASL,hospital,hospital
36.789120,8.195468,osm_hpital_bouteldja_36.7891_8.1955,Hôpital bouteldja,hospital,hospital
43.464389,11.878791,osm_arciconfraternita_della_misercordia_di_a_43.4644_11.8788,Arciconfraternita della Misercordia di Arezzo,hospital,hospital
41.117526,16.780880,osm_pronto_soccorso_ospedale_san_paolo_41.1175_16.7809,Pronto Soccorso Ospedale San Paolo,hospital,hospital
41.099241,16.887796,osm_pronto_soccorso_ospedale_pediatrico_giov_41.0992_16.8878,Pronto Soccorso Ospedale Pediatrico Giovanni XXIII,hospital,hospital
41.066967,16.926881,osm_pronto_soccorso_ospedale_francesca_falla_41.0670_16.9269,Pronto Soccorso Ospedale Francesca Fallacara,hospital,hospital
41.191532,16.591254,osm_pronto_soccorso_ospedale_don_tonino_bell_41.1915_16.5913,Pronto Soccorso Ospedale Don Tonino Bello,hospital,hospital
40.851781,17.116985,osm_pronto_soccorso_ospedale_s_m_angeli_40.8518_17.1170,Pronto Soccorso Ospedale S. M. Angeli,hospital,hospital
40.175998,18.158447,osm_pronto_soccorso_ospedale_santa_caterina__40.1760_18.1584,Pronto Soccorso Ospedale Santa Caterina Novella,hospital,hospital
40.402691,17.639884,osm_pronto_soccorso_presidio_ospedaliero_mar_40.4027_17.6399,Pronto Soccorso Presidio Ospedaliero Marianna Giannuzzi,hospital,hospital
40.539555,17.576892,osm_pronto_soccorso_ospedale_francavilla_fon_40.5396_17.5769,Pronto Soccorso Ospedale Francavilla Fontana,hospital,hospital
41.932207,13.086293,osm_pronto_soccorso_ospedale_arnaldo_angeluc_41.9322_13.0863,Pronto Soccorso Ospedale Arnaldo Angelucci,hospital,hospital
41.298947,13.232148,osm_pronto_soccorso_ospedale_alfredo_fiorini_41.2989_13.2321,Pronto Soccorso Ospedale Alfredo Fiorini,hospital,hospital
41.918129,12.420685,osm_pronto_soccorso_ospedale_cristo_re_41.9181_12.4207,Pronto Soccorso Ospedale Cristo Re,hospital,hospital
41.638426,13.326154,osm_pronto_soccorso_ospedale_spaziani_41.6384_13.3262,Pronto Soccorso Ospedale Spaziani,hospital,hospital
41.729198,12.299277,osm_pronto_soccorso_ospadale_giovanni_battis_41.7292_12.2993,Pronto Soccorso Ospadale Giovanni Battista Grassi,hospital,hospital
41.728169,13.004069,osm_pronto_soccorso_ospedale_leopoldo_parodi_41.7282_13.0041,Pronto Soccorso Ospedale Leopoldo Parodi Delfino,hospital,hospital
42.745929,11.864872,osm_pronto_soccorso_ospedale_santa_maria_del_42.7459_11.8649,Pronto Soccorso Ospedale Santa Maria della Scala,hospital,hospital
41.460786,12.636533,osm_pronto_soccorso_ospedali_riuniti_di_anzi_41.4608_12.6365,Pronto Soccorso Ospedali Riuniti di Anzio e Nettuno,hospital,hospital
41.737609,13.334406,osm_pronto_soccorso_ospedale_san_benedetto_41.7376_13.3344,Pronto Soccorso Ospedale San Benedetto,hospital,hospital
42.422376,12.906766,osm_pronto_soccorso_ospedale_camillo_de_lell_42.4224_12.9068,Pronto Soccorso Ospedale Camillo de Lellis,hospital,hospital
41.960370,12.802126,osm_pronto_soccorso_ospedale_san_giovanni_ev_41.9604_12.8021,Pronto Soccorso Ospedale San Giovanni Evangelista,hospital,hospital
41.809000,12.675656,osm_pronto_soccorso_ospedale_san_sebastiano_41.8090_12.6757,Pronto Soccorso Ospedale San Sebastiano,hospital,hospital
41.461811,12.909011,osm_pronto_soccorso_ospedale_santa_maria_gor_41.4618_12.9090,Pronto Soccorso Ospedale Santa Maria Goretti,hospital,hospital
42.050449,12.621063,osm_pronto_soccorso_ospedale_42.0504_12.6211,Pronto Soccorso Ospedale,hospital,hospital
41.900656,12.462585,osm_pronto_soccorso_ospedale_santo_spirito_i_41.9007_12.4626,Pronto Soccorso Ospedale Santo Spirito in Sassia,hospital,hospital
46.139364,12.201494,osm_pronto_soccorso_ospedale_san_martino_46.1394_12.2015,Pronto Soccorso Ospedale San Martino,hospital,hospital
46.431358,12.376385,osm_pronto_soccorso_ospedale_del_cadore_giov_46.4314_12.3764,Pronto Soccorso Ospedale del Cadore Giovanni Paolo II,hospital,hospital
46.023844,11.907948,osm_pronto_soccorso_ospedale_civile_feltre_46.0238_11.9079,Pronto Soccorso Ospedale Civile Feltre,hospital,hospital
45.647362,11.788805,osm_pronto_soccorso_ospedale_cittadella_45.6474_11.7888,Pronto Soccorso Ospedale Cittadella,hospital,hospital
45.071329,11.816220,osm_pronto_soccorso_ospedale_santa_maria_del_45.0713_11.8162,Pronto Soccorso Ospedale Santa Maria della Misericordia,hospital,hospital
45.987234,12.318724,osm_pronto_soccorso_ospedale_vittorio_veneto_45.9872_12.3187,Pronto Soccorso Ospedale Vittorio Veneto,hospital,hospital
45.881637,12.290392,osm_pronto_soccorso_ospedale_conegliano_45.8816_12.2904,Pronto Soccorso Ospedale Conegliano,hospital,hospital
45.676701,11.931635,osm_pronto_soccorso_ospedale_san_giacomo_apo_45.6767_11.9316,Pronto Soccorso Ospedale San Giacomo Apostolo,hospital,hospital
45.659614,12.261092,osm_pronto_soccorso_ospedale_ca_foncello_45.6596_12.2611,Pronto Soccorso Ospedale Ca' Foncello,hospital,hospital
45.781419,12.488001,osm_pronto_soccorso_ospedale_oderzo_45.7814_12.4880,Pronto Soccorso Ospedale Oderzo,hospital,hospital
45.198147,12.282180,osm_pronto_soccorso_ospedale_chioggia_45.1981_12.2822,Pronto Soccorso Ospedale Chioggia,hospital,hospital
44.505580,11.315448,osm_triage_ps_carlo_alberto_pizzardi_44.5056_11.3154,Triage PS Carlo Alberto Pizzardi,hospital,hospital
44.163261,10.970303,osm_pronto_soccorso_ospedale_costa_44.1633_10.9703,Pronto Soccorso Ospedale Costa,hospital,hospital
44.281601,11.108494,osm_pronto_soccorso_ospedale_vergato_44.2816_11.1085,Pronto Soccorso Ospedale Vergato,hospital,hospital
40.580673,9.001298,osm_pronto_soccorso_ospedale_antonio_segni_40.5807_9.0013,Pronto Soccorso Ospedale Antonio Segni,hospital,hospital
40.896858,9.102729,osm_pronto_soccorso_ospedale_paolo_dettori_40.8969_9.1027,Pronto Soccorso Ospedale Paolo Dettori,hospital,hospital
41.217425,9.407035,osm_pronto_soccorso_ospedale_paolo_merlo_41.2174_9.4070,Pronto Soccorso Ospedale Paolo Merlo,hospital,hospital
40.324431,9.315838,osm_pronto_soccorso_ospedale_san_francesco_40.3244_9.3158,Pronto Soccorso Ospedale San Francesco,hospital,hospital
40.120641,8.834917,osm_pronto_soccorso_ospedale_gp_delogu_40.1206_8.8349,Pronto Soccorso Ospedale G.P. Delogu,hospital,hospital
39.557769,8.793848,osm_pronto_soccorso_ospedale_nostra_signora__39.5578_8.7938,Pronto Soccorso Ospedale Nostra Signora di Bonaria,hospital,hospital
39.213699,9.174566,osm_pronto_soccorso_39.2137_9.1746,Pronto Soccorso,hospital,hospital
39.742577,9.109633,osm_pronto_soccorso_ospedale_san_giuseppe_39.7426_9.1096,Pronto Soccorso Ospedale San Giuseppe,hospital,hospital
43.891115,11.063674,osm_pronto_soccorso_ospedale_santo_stefano_43.8911_11.0637,Pronto Soccorso Ospedale Santo Stefano,hospital,hospital
41.086211,14.335214,osm_pronto_soccorso_ospedale_santanna_e_san__41.0862_14.3352,Pronto Soccorso Ospedale Sant'Anna e San Sebastiano,hospital,hospital
44.121370,9.949773,osm_pronto_soccorso_ospedale_san_bartolomeo_44.1214_9.9498,Pronto Soccorso Ospedale San Bartolomeo,hospital,hospital
44.717104,10.229990,osm_casa_della_salute_44.7171_10.2300,Casa Della Salute,hospital,hospital
44.814765,10.319631,osm_ausl_44.8148_10.3196,Ausl,hospital,hospital
43.464619,12.253571,osm_asl_1_ambulatori_e_uffici_43.4646_12.2536,ASL 1 - Ambulatori e Uffici,hospital,hospital
41.866219,12.540776,osm_ncl_41.8662_12.5408,NCL,hospital,hospital
45.552307,10.244037,osm_unit_operativa_neuropsichiatria_dellinfa_45.5523_10.2440,Unità operativa neuropsichiatria dell'infanzia e dell'ado...,hospital,hospital
44.011607,10.099074,osm_asl_n_1_44.0116_10.0991,ASL n. 1,hospital,hospital
41.689366,15.383780,osm_ortopedia_davena_41.6894_15.3838,Ortopedia D'Avena,hospital,hospital
41.690421,15.386569,osm_pronto_soccorso_41.6904_15.3866,Pronto Soccorso,hospital,hospital
45.791975,9.084741,osm_ex_sanatorio_g_b_grassi_45.7920_9.0847,Ex Sanatorio G. B. Grassi,hospital,hospital
41.908668,12.512412,osm_casa_di_cura_san_domenico_41.9087_12.5124,Casa di Cura San Domenico,hospital,hospital
39.009464,16.728881,osm_asl_39.0095_16.7289,asl,hospital,hospital
45.332380,11.787829,osm_ambulatorio_di_salute_mentale_45.3324_11.7878,Ambulatorio di Salute Mentale,hospital,hospital
40.633647,15.787191,osm_polo_sanitario_madre_teresa_di_calcutta_40.6336_15.7872,Polo Sanitario 'Madre Teresa di Calcutta',hospital,hospital
45.442609,8.622878,osm_poliambulatorio_45.4426_8.6229,Poliambulatorio,hospital,hospital
45.442786,8.619681,osm_ospedale_dei_bambini_eletto_lualdi_45.4428_8.6197,Ospedale dei Bambini Eletto Lualdi,hospital,hospital
45.442689,8.620401,osm_pronto_soccorso_ostetricoginecologicoped_45.4427_8.6204,Pronto Soccorso Ostetrico-Ginecologico-Pediatrico,hospital,hospital
43.310548,10.535895,osm_centro_medico_salus_43.3105_10.5359,Centro Medico Salus,hospital,hospital
45.690892,8.530920,osm_ambulatorio_45.6909_8.5309,Ambulatorio,hospital,hospital
45.447178,12.330553,osm_istituto_ospedaliero_fatebenefratelli_45.4472_12.3306,Istituto Ospedaliero Fatebenefratelli,hospital,hospital
44.796115,10.319852,osm_casa_della_salute_pintormolinetto_44.7961_10.3199,Casa della Salute Pintor-Molinetto,hospital,hospital
45.695518,9.659230,osm_cup_clinica_castelli_45.6955_9.6592,CUP Clinica Castelli,hospital,hospital
45.849311,18.238198,osm_harkny_terml_rehabilitcis_kzpont_45.8493_18.2382,Harkány Termál Rehabilitációs Központ,hospital,hospital
44.916617,9.789650,osm_casa_della_salute_44.9166_9.7896,Casa della Salute,hospital,hospital
40.477916,15.115793,osm_guardia_medica_di_albanella_40.4779_15.1158,Guardia Medica di Albanella,hospital,hospital
41.469898,15.539422,osm_dipartimento_dipendenze_patologiche_41.4699_15.5394,Dipartimento Dipendenze Patologiche,hospital,hospital
44.168754,17.778597,osm_altamedica_44.1688_17.7786,Altamedica,hospital,hospital
36.904244,7.766738,osm_poi_36.9042_7.7667,مستشفى ابن سينا,hospital,hospital
39.173915,16.315296,osm_ospedale_39.1739_16.3153,Ospedale,hospital,hospital
46.259371,10.585406,osm_centro_servizi_tonale_46.2594_10.5854,centro servizi Tonale,hospital,hospital
44.516538,11.317960,osm_rems_casa_degli_svizzeri_44.5165_11.3180,REMS - Casa degli Svizzeri,hospital,hospital
46.055241,13.223203,osm_policlinico_citt_di_udine_polo_2_46.0552_13.2232,Policlinico Città di Udine Polo 2,hospital,hospital
44.529226,11.294914,osm_primo_soccorso_aeroportuale_44.5292_11.2949,Primo Soccorso Aeroportuale,hospital,hospital
44.529119,11.296127,osm_canale_sanitario_44.5291_11.2961,Canale Sanitario,hospital,hospital
42.687215,11.332441,osm_punto_di_primo_soccorso_42.6872_11.3324,Punto di Primo Soccorso,hospital,hospital
46.967347,7.483802,osm_notfallzentrum_kinder_jugendpsychiatrie_46.9673_7.4838,Notfallzentrum Kinder- Jugendpsychiatrie,hospital,hospital
44.631488,10.380648,osm_casa_della_salute_44.6315_10.3806,Casa della Salute,hospital,hospital
47.391939,13.676540,osm_diakonissenkrankenhaus_schladming_47.3919_13.6765,Diakonissenkrankenhaus Schladming,hospital,hospital
47.058047,6.606183,osm_psychatrie_adulte_chi_hte_comt_47.0580_6.6062,Psychatrie Adulte CHI HTE Comté,hospital,hospital
46.074828,18.230091,osm_pcsi_tudomnyegyetem_urolgiai_klinika_flo_46.0748_18.2301,Pécsi Tudományegyetem Urológiai Klinika Fül-Orr-Gégeklinika,hospital,hospital
36.448296,6.264832,osm_poi_36.4483_6.2648,الحكيمة بوعروج,hospital,hospital
44.721449,11.149055,osm_casa_della_salute_delle_terre_dacqua_44.7214_11.1491,Casa della Salute delle Terre d'acqua,hospital,hospital
44.723829,11.146020,osm_centro_odontoiatrico_perti_44.7238_11.1460,Centro Odontoiatrico Perti,hospital,hospital
46.142097,9.299421,osm_pronto_soccorso_ospedale_moriggia_pelasc_46.1421_9.2994,Pronto Soccorso Ospedale Moriggia Pelascini,hospital,hospital
45.654911,9.246776,osm_dedalo_psicologia_45.6549_9.2468,Dedalo Psicologia,hospital,hospital
45.486159,9.167656,osm_pronto_soccorso_presidio_ospedaliero_buz_45.4862_9.1677,Pronto Soccorso Presidio Ospedaliero Buzzi,hospital,hospital
45.485017,9.225311,osm_pronto_soccorso_istituto_clinico_citta_s_45.4850_9.2253,Pronto Soccorso Istituto Clinico Citta' Studi,hospital,hospital
45.459239,9.196118,osm_pronto_soccorso_45.4592_9.1961,Pronto Soccorso,hospital,hospital
45.433552,9.161117,osm_pronto_soccorso_ospedale_san_paolo_45.4336_9.1611,Pronto Soccorso Ospedale San Paolo,hospital,hospital
45.319926,8.864898,osm_pronto_soccorso_ospedale_civile_vigevano_45.3199_8.8649,Pronto Soccorso Ospedale Civile Vigevano,hospital,hospital
46.133727,9.573647,osm_pronto_soccorso_ospedale_morbegno_46.1337_9.5736,Pronto Soccorso Ospedale  Morbegno,hospital,hospital
46.321715,9.399289,osm_pronto_soccorso_ospedale_di_chiavenna_46.3217_9.3993,Pronto soccorso ospedale di Chiavenna,hospital,hospital
43.863137,11.082641,osm_studi_medici_di_famiglia_43.8631_11.0826,Studi medici di famiglia,hospital,hospital
43.862959,11.082451,osm_studi_medici_pediatri_43.8630_11.0825,Studi medici Pediatri,hospital,hospital
39.463934,8.746526,osm_avis_39.4639_8.7465,AVIS,hospital,hospital
39.463999,8.746555,osm_admo_39.4640_8.7466,ADMO,hospital,hospital
44.556979,11.321800,osm_airam_centro_medico_bologna_44.5570_11.3218,AIRAM Centro Medico Bologna,hospital,hospital
44.556991,11.321620,osm_airam_centro_fisioterapico_bologna_44.5570_11.3216,AIRAM Centro Fisioterapico Bologna,hospital,hospital
44.557036,11.321727,osm_airam_clinica_odontoiatrica_bologna_44.5570_11.3217,AIRAM Clinica Odontoiatrica Bologna,hospital,hospital
44.556944,11.321724,osm_airam_clinica_di_medicina_estetica_bolog_44.5569_11.3217,AIRAM Clinica di Medicina Estetica Bologna,hospital,hospital
43.820153,11.142858,osm_azienda_usl_toscana_centro_distretto_cam_43.8202_11.1429,Azienda USL Toscana centro - distretto Campi Bisenzio,hospital,hospital
45.908034,15.594031,osm_zdravstveni_dom_breice_45.9080_15.5940,Zdravstveni dom Brežice,hospital,hospital
43.763192,11.275934,osm_asl_presidio_orsini_43.7632_11.2759,ASL Presidio Orsini,hospital,hospital
38.137489,13.350453,osm_asl_n6_38.1375_13.3505,A.S.L. n.6,hospital,hospital
46.064615,18.200885,osm_fiziotherapia_szakrendels_46.0646_18.2009,Fiziotherapia Szakrendelés,hospital,hospital
46.064590,18.201220,osm_veress_endre_utcai_rendel_46.0646_18.2012,Veress Endre utcai rendelő,hospital,hospital
46.075449,18.205250,osm_janus_pannonius_klinikai_tmb_46.0754_18.2052,Janus Pannonius Klinikai Tömb,hospital,hospital
46.071453,18.205567,osm_rextra_orvosi_mszer_46.0715_18.2056,Rextra (orvosi műszer),hospital,hospital
46.071678,18.205802,osm_ortoprofil_46.0717_18.2058,OrtoProfil,hospital,hospital
44.154235,8.283932,osm_ambulanze_pietra_soccorso_44.1542_8.2839,Ambulanze Pietra Soccorso,hospital,hospital
44.109827,8.241622,osm_croce_bianca_borghetto_ss_44.1098_8.2416,Croce Bianca Borghetto S.S.,hospital,hospital
44.337335,8.333579,osm_croce_bianca_altare_44.3373_8.3336,Croce Bianca Altare,hospital,hospital
44.447979,8.312617,osm_croce_bianca_dego_44.4480_8.3126,Croce Bianca Dego,hospital,hospital
44.316093,8.162333,osm_croce_verde_murialdo_44.3161_8.1623,Croce Verde Murialdo,hospital,hospital
44.192913,8.134249,osm_croce_verde_bardineto_44.1929_8.1342,Croce Verde Bardineto,hospital,hospital
43.683731,11.249819,osm_asl_10_impruneta_43.6837_11.2498,ASL 10 Impruneta,hospital,hospital
45.554000,10.227427,osm_pronto_soccorso_45.5540_10.2274,Pronto Soccorso,hospital,hospital
45.589074,10.152504,osm_guardia_medica_45.5891_10.1525,Guardia Medica,hospital,hospital
40.493096,15.414818,osm_pietra_del_sole_40.4931_15.4148,Pietra del Sole,hospital,hospital
39.398760,8.400382,osm_croce_azzurra_39.3988_8.4004,Croce Azzurra,hospital,hospital
45.849136,18.238106,osm_psoriasis_centrum_harkny_45.8491_18.2381,Psoriasis Centrum Harkány,hospital,hospital
41.361741,13.415471,osm_pronto_soccorso_ospedale_san_giovanni_di_41.3617_13.4155,Pronto Soccorso Ospedale San Giovanni di Dio,hospital,hospital
46.018805,11.905258,osm_ex_casa_di_cura_villabruna_bellati_46.0188_11.9053,Ex casa di cura Villabruna Bellati,hospital,hospital
41.829639,12.489070,osm_studio_odontoiatrico_dominici_41.8296_12.4891,Studio Odontoiatrico Dominici,hospital,hospital
44.416285,7.431509,osm_croce_rossa_italiana_comitato_di_caragli_44.4163_7.4315,Croce Rossa Italiana - Comitato di Caraglio Onlus,hospital,hospital
43.574668,6.933990,osm_unit_de_dittique_somedi_43.5747_6.9340,Unité de diététique Somedi,hospital,hospital
42.815816,10.331259,osm_pubblica_assistenza_ss_sacramento_42.8158_10.3313,Pubblica Assistenza SS Sacramento,hospital,hospital
43.903802,10.222863,osm_cms_versilia_43.9038_10.2229,C.M.S. Versilia,hospital,hospital
42.355146,14.400895,osm_dsb_ortona_42.3551_14.4009,DSB Ortona,hospital,hospital
41.457765,15.567156,osm_asl_fg_41.4578_15.5672,ASL FG,hospital,hospital
45.770991,12.841905,osm_ospedale_di_portogruaro_45.7710_12.8419,Ospedale di Portogruaro,hospital,hospital
44.808888,10.317245,osm_poliambulatorio_gemini_44.8089_10.3172,Poliambulatorio Gemini,hospital,hospital
40.465893,16.939389,osm_guardia_medica_presidio_estivo_40.4659_16.9394,Guardia medica presidio estivo,hospital,hospital
45.436343,8.627961,osm_centro_prelievi_45.4363_8.6280,Centro Prelievi,hospital,hospital
43.868114,10.810785,osm_pubblica_assistenza_monsummanese_43.8681_10.8108,Pubblica Assistenza Monsummanese,hospital,hospital
47.478572,8.451204,osm_adus_klinik_47.4786_8.4512,ADUS Klinik,hospital,hospital
47.005933,7.007744,osm_centre_neuchtelois_de_psychiatrie_cnp_47.0059_7.0077,Centre neuchâtelois de psychiatrie CNP,hospital,hospital
43.813041,11.248890,osm_ospedale_ponte_nuovo_43.8130_11.2489,Ospedale Ponte Nuovo,hospital,hospital
47.263451,6.026611,osm_hopital_de_jour_catalpa_47.2635_6.0266,Hopital de Jour Catalpa,hospital,hospital
47.235363,6.020974,osm_hpital_saintjacques_47.2354_6.0210,Hôpital Saint-Jacques,hospital,hospital
36.852599,10.168555,osm_poi_36.8526_10.1686,بارافرماسي,hospital,hospital
43.812068,11.268341,osm_ospedale_i_fraticini_43.8121_11.2683,Ospedale I Fraticini,hospital,hospital
46.078045,7.146294,osm_maison_de_la_sant_de_la_gravenne_46.0780_7.1463,Maison de la Santé de la Gravenne,hospital,hospital
45.708256,11.565936,osm_distretto_di_breganze_usll_n7_45.7083_11.5659,Distretto di Breganze Usll n°7,hospital,hospital
44.570382,8.954395,osm_clinica_veterinaria_44.5704_8.9544,Clinica Veterinaria,hospital,hospital
41.828142,15.773427,osm_polyambulatorio_41.8281_15.7734,Polyambulatorio,hospital,hospital
45.091738,8.731084,osm_avis_45.0917_8.7311,AVIS,hospital,hospital
45.053319,9.704026,osm_farmacia_dr_zacconi_davide_45.0533_9.7040,Farmacia Dr. Zacconi Davide,hospital,hospital
45.049999,9.685260,osm_casa_di_cura_santonino_45.0500_9.6853,Casa di Cura S.Antonino,hospital,hospital
42.326648,13.590832,osm_distretto_sanitario_di_barisciano_42.3266_13.5908,Distretto sanitario di Barisciano,hospital,hospital
40.830698,14.312244,osm_azienda_sanitaria_locale_na1_distr_52_40.8307_14.3122,Azienda Sanitaria Locale NA1 - Distr. 52,hospital,hospital
46.788608,16.931739,osm_vdni_rendel_46.7886_16.9317,Védőnői rendelő,hospital,hospital
46.788557,16.931600,osm_fogszati_rendel_46.7886_16.9316,Fogászati rendelő,hospital,hospital
46.788653,16.931823,osm_orvosi_rendel_46.7887_16.9318,Orvosi rendelő,hospital,hospital
36.367085,7.521216,osm_poi_36.3671_7.5212,العيادة المتعددة الخدمات الجديدة,hospital,hospital
41.074045,16.864182,osm_asl_municipio_4_sez_vaccini_41.0740_16.8642,ASL - Municipio 4 -  Sez. Vaccini,hospital,hospital
45.555129,11.545446,osm_pretriage_45.5551_11.5454,Pre-Triage,hospital,hospital
44.855891,7.839479,osm_associazione_collegino_milena_44.8559_7.8395,Associazione Collegino Milena,hospital,hospital
40.854090,14.254908,osm_ospedale_santa_maria_del_popolo_degli_in_40.8541_14.2549,Ospedale Santa Maria del Popolo degli Incurabili,hospital,hospital
46.315333,13.105917,osm_ambulatorio_46.3153_13.1059,Ambulatorio,hospital,hospital
44.799903,10.306288,osm_pronto_soccorso_44.7999_10.3063,Pronto Soccorso,hospital,hospital
44.804648,10.307928,osm_pronto_soccorso_pediatrico_44.8046_10.3079,Pronto Soccorso Pediatrico,hospital,hospital
44.805198,10.308636,osm_pronto_soccorso_ginecologico_44.8052_10.3086,Pronto Soccorso Ginecologico,hospital,hospital
44.802011,10.308087,osm_guardia_medica_44.8020_10.3081,Guardia Medica,hospital,hospital
40.521622,17.283068,osm_cittadella_della_carita_40.5216_17.2831,Cittadella della Carita',hospital,hospital
41.856867,12.474477,osm_ospedale_pediatrico_bambino_ges_sede_di__41.8569_12.4745,Ospedale Pediatrico Bambino Gesù - Sede di via Baldelli,hospital,hospital
43.734737,7.414525,osm_fondation_hector_ott_43.7347_7.4145,Fondation Hector Ott,hospital,hospital
40.993499,14.253889,osm_ospedale_marines_usa_40.9935_14.2539,Ospedale Marines USA,hospital,hospital
36.450657,10.735608,osm_immeuble_city_center_36.4507_10.7356,Immeuble City Center,hospital,hospital
38.055475,14.911634,osm_servizio_di_continuit_assistenziale_ex_g_38.0555_14.9116,Servizio di Continuità Assistenziale (Ex Guardia Medica),hospital,hospital
44.617147,10.268508,osm_valparma_hospital_44.6171_10.2685,Valparma Hospital,hospital,hospital
45.381497,11.041009,osm_dottssa_silvia_gaspari_fisioterapista_e__45.3815_11.0410,Dott.ssa Silvia Gaspari - Fisioterapista e Osteopata San ...,hospital,hospital
44.147378,18.134853,osm_ambulanta_zgoa_44.1474_18.1349,Ambulanta Zgošća,hospital,hospital
41.770752,12.467073,osm_pronto_soccorso_41.7708_12.4671,Pronto Soccorso,hospital,hospital
44.433953,10.408263,osm_pronto_soccorso_ospedale_s_anna_44.4340_10.4083,Pronto Soccorso Ospedale S. Anna,hospital,hospital
45.647374,11.787083,osm_ospedale_di_cittadella_ex_entrata_45.6474_11.7871,Ospedale di Cittadella - Ex Entrata,hospital,hospital
42.265670,13.769566,osm_distretto_sanitario_di_capestrano_42.2657_13.7696,Distretto sanitario di Capestrano,hospital,hospital
38.050045,15.099524,osm_guardia_medica_38.0500_15.0995,Guardia medica,hospital,hospital
43.754218,11.271895,osm_cur_112_toscana_43.7542_11.2719,CUR 112 TOSCANA,hospital,hospital
38.137898,13.351457,osm_radial_diagnostica_per_immagini_38.1379_13.3515,Radial - Diagnostica per Immagini,hospital,hospital
41.086793,14.334828,osm_ospedale_di_caserta_lato_nuovo_41.0868_14.3348,Ospedale di Caserta - LATO NUOVO,hospital,hospital
41.053550,16.697066,osm_guardia_medica_41.0535_16.6971,Guardia Medica,hospital,hospital
42.625560,12.100831,osm_casa_della_salute_42.6256_12.1008,Casa della Salute,hospital,hospital
41.332280,15.706262,osm_centro_servizi_41.3323_15.7063,Centro Servizi,hospital,hospital
41.057002,16.707430,osm_poliambulatorio_41.0570_16.7074,Poliambulatorio,hospital,hospital
43.905670,8.078592,osm_asl_1_imperiese_43.9057_8.0786,Asl 1 Imperiese,hospital,hospital
36.833963,10.151090,osm_laboratoire_danalyses_mdicales_atf_kamou_36.8340_10.1511,Laboratoire d'analyses médicales Atf Kamoun,hospital,hospital
36.468018,10.747208,osm_csb_36.4680_10.7472,CSB,hospital,hospital
44.880387,10.178866,osm_guardia_medica_44.8804_10.1789,Guardia Medica,hospital,hospital
44.615548,10.270774,osm_casa_della_salute_langhirano_44.6155_10.2708,Casa della Salute Langhirano,hospital,hospital
42.401060,14.052169,osm_croce_rossa_italiana_unit_territoriale_p_42.4011_14.0522,Croce Rossa Italiana Unità Territoriale Pianella,hospital,hospital
45.557684,11.543240,osm_centro_raccolta_sangue_45.5577_11.5432,Centro Raccolta Sangue,hospital,hospital
45.552041,11.534033,osm_sefamo_srl_45.5520_11.5340,SE.FA.MO S.R.L.,hospital,hospital
40.725937,17.573915,osm_pronto_soccorso_ostuni_40.7259_17.5739,Pronto Soccorso Ostuni,hospital,hospital
41.067437,15.058582,osm_punto_vaccinale_41.0674_15.0586,Punto vaccinale,hospital,hospital
45.710653,11.470337,osm_centro_sanitario_polifunzionale_45.7107_11.4703,Centro Sanitario Polifunzionale,hospital,hospital
41.279794,14.566059,osm_psaut_primo_soccorso_41.2798_14.5661,PSAUT Primo soccorso,hospital,hospital
45.491400,12.155318,osm_distretto_socio_sanitario_spinea_45.4914_12.1553,Distretto Socio Sanitario Spinea,hospital,hospital
36.496676,6.059463,osm_cabinet_mdical_gnral_dr_boulfous_36.4967_6.0595,Cabinet médical général Dr. Boulfous,hospital,hospital
45.715167,7.737291,osm_ambulatorio_comunale_sede_provvisoria_si_45.7152_7.7373,Ambulatorio Comunale - sede provvisoria sino settembre 2022,hospital,hospital
38.092415,13.513319,osm_istituto_ortopedico_rizzoli_38.0924_13.5133,Istituto Ortopedico Rizzoli,hospital,hospital
44.847138,10.444764,osm_guardia_medica_44.8471_10.4448,Guardia Medica,hospital,hospital
44.935993,10.375079,osm_guardia_medica_44.9360_10.3751,Guardia Medica,hospital,hospital
44.917994,10.226520,osm_guardia_medica_44.9180_10.2265,Guardia Medica,hospital,hospital
44.981716,10.044096,osm_guardia_medica_44.9817_10.0441,Guardia Medica,hospital,hospital
44.818176,9.983272,osm_guardia_medica_44.8182_9.9833,Guardia Medica,hospital,hospital
44.807418,10.182672,osm_guardia_medica_44.8074_10.1827,Guardia Medica,hospital,hospital
44.759034,10.137157,osm_guardia_medica_44.7590_10.1372,Guardia Medica,hospital,hospital
44.732067,9.929303,osm_guardia_medica_44.7321_9.9293,Guardia Medica,hospital,hospital
44.663806,9.845621,osm_guardia_medica_44.6638_9.8456,Guardia Medica,hospital,hospital
44.631409,9.732989,osm_guardia_medica_44.6314_9.7330,Guardia Medica,hospital,hospital
44.491754,9.765002,osm_pronto_soccorso_44.4918_9.7650,Pronto Soccorso,hospital,hospital
44.491832,9.765061,osm_guardia_medica_44.4918_9.7651,Guardia Medica,hospital,hospital
44.503577,9.632527,osm_guardia_medica_44.5036_9.6325,Guardia Medica,hospital,hospital
44.509502,9.992039,osm_guardia_medica_44.5095_9.9920,Guardia Medica,hospital,hospital
44.493645,10.241578,osm_guardia_medica_44.4936_10.2416,Guardia Medica,hospital,hospital
44.640439,10.384110,osm_guardia_medica_44.6404_10.3841,Guardia Medica,hospital,hospital
44.623819,10.270318,osm_guardia_medica_44.6238_10.2703,Guardia Medica,hospital,hospital
44.641289,10.947335,osm_punto_vaccinazioni_covid_2021_44.6413_10.9473,Punto Vaccinazioni COVID 2021,hospital,hospital
45.308565,7.992319,osm_casa_di_cura_mons_luigi_novarese_45.3086_7.9923,Casa di Cura Mons. Luigi Novarese,hospital,hospital
43.798118,11.284804,osm_ospedale_camerata_43.7981_11.2848,Ospedale Camerata,hospital,hospital
44.531073,11.423646,osm_accesso_camera_iperbarica_44.5311_11.4236,Accesso Camera Iperbarica,hospital,hospital
41.119709,14.774621,osm_azienda_sanitaria_locale_bn_1sportello_c_41.1197_14.7746,Azienda Sanitaria Locale Bn 1-Sportello C.U.P.,hospital,hospital
46.033773,8.922675,osm_ferraroli_esp_46.0338_8.9227,Ferraroli ESP,hospital,hospital
44.549549,11.446654,osm_centro_medico_specialistico_bolognese_sr_44.5495_11.4467,Centro medico specialistico bolognese S.r.l,hospital,hospital
44.135853,12.479583,osm_guardia_medica_44.1359_12.4796,Guardia medica,hospital,hospital
45.792479,9.659418,osm_guardia_medica_45.7925_9.6594,Guardia medica,hospital,hospital
40.429178,16.889623,osm_guardia_medica_poliambulatrorio_40.4292_16.8896,Guardia Medica - Poliambulatrorio,hospital,hospital
46.776930,9.205259,osm_spital_regiunal_surselva_46.7769_9.2053,Spital regiunal Surselva,hospital,hospital
46.254389,7.531459,osm_le_refuge_centre_thrapeutique_et_de_bien_46.2544_7.5315,Le Refuge Centre thérapeutique et de bien-être,hospital,hospital
45.183361,9.145183,osm_dermatologo_dr_di_silverio_adriano_45.1834_9.1452,Dermatologo Dr. Di Silverio Adriano,hospital,hospital
41.678699,12.502123,osm_asl_roma_6_distretto_h5_pomezia_41.6787_12.5021,ASL Roma 6 - Distretto H5 Pomezia,hospital,hospital
46.457467,6.939002,osm_clinic_les_alpes_46.4575_6.9390,Clinic Les Alpes,hospital,hospital
43.978765,11.777626,osm_ospedale_premilcuore_43.9788_11.7776,Ospedale Premilcuore,hospital,hospital
40.823215,17.108757,osm_centro_vaccinale_anticovid19_putignano_m_40.8232_17.1088,Centro Vaccinale anti-Covid19 Putignano - Monte Laureto,hospital,hospital
43.943188,11.901566,osm_punto_primo_intervento_43.9432_11.9016,Punto Primo Intervento,hospital,hospital
44.103754,11.982063,osm_118_romagna_44.1038_11.9821,118 Romagna,hospital,hospital
45.610180,9.125016,osm_cpm_il_glicine_45.6102_9.1250,CPM Il Glicine,hospital,hospital
41.730519,13.002890,osm_aurora_hospital_41.7305_13.0029,Aurora Hospital,hospital,hospital
40.928861,14.196355,osm_asl_napoli_2_nord_distretto_sanitario_37_40.9289_14.1964,ASL Napoli 2 Nord - Distretto Sanitario 37 di Giugliano i...,hospital,hospital
43.754595,11.271430,osm_centrale_operativa_118_firenzeprato_43.7546_11.2714,Centrale Operativa 118 Firenze-Prato,hospital,hospital
44.255886,6.924837,osm_hpital_saintmaur_44.2559_6.9248,Hôpital Saint-Maur,hospital,hospital
45.598688,11.572368,osm_medicina_di_gruppo_mc8_45.5987_11.5724,Medicina di Gruppo MC8,hospital,hospital
45.555999,10.233438,osm_pronto_soccorso_odontoiatrico_45.5560_10.2334,Pronto Soccorso Odontoiatrico,hospital,hospital
44.069459,10.082266,osm_serd_44.0695_10.0823,SERD,hospital,hospital
45.553117,11.927802,osm_punto_medico_45.5531_11.9278,Punto Medico,hospital,hospital
47.280282,15.970184,osm_psychotherapie_hartberg_47.2803_15.9702,Psychotherapie Hartberg,hospital,hospital
45.791274,14.365674,osm_zdravstveni_dom_cerknica_45.7913_14.3657,Zdravstveni dom Cerknica,hospital,hospital
44.849793,11.583695,osm_poliambulatorio_citt_di_ferrara_44.8498_11.5837,Poliambulatorio Città di Ferrara,hospital,hospital
37.811427,13.302137,osm_ospedale_dei_bianchi_vittorio_emanuele_t_37.8114_13.3021,Ospedale dei Bianchi Vittorio Emanuele Terzo,hospital,hospital
47.298206,9.083915,osm_notfallzentrum_47.2982_9.0839,Notfallzentrum,hospital,hospital
40.454478,15.004606,osm_psaut_capaccio_asl_sa3_40.4545_15.0046,P.S.A.U.T. Capaccio ASL SA3,hospital,hospital
47.297689,9.083940,osm_gnz_wattwil_47.2977_9.0839,GNZ Wattwil,hospital,hospital
47.298034,9.084354,osm_tumor_zentrum_ostschweiz_47.2980_9.0844,Tumor Zentrum Ostschweiz,hospital,hospital
44.957595,6.878945,osm_sanimont_srl_44.9576_6.8789,Sanimont s.r.l,hospital,hospital
45.635359,9.872452,osm_istituto_delle_suore_delle_poverelle_ist_45.6354_9.8725,Istituto delle Suore delle Poverelle - Istituto Palazzolo,hospital,hospital
45.635763,13.784992,osm_ingresso_pronto_soccorso_pediatrico_45.6358_13.7850,Ingresso Pronto Soccorso Pediatrico,hospital,hospital
47.250619,8.697132,osm_notfallstation_spital_mnnedorf_47.2506_8.6971,Notfallstation Spital Männedorf,hospital,hospital
45.721389,11.356085,osm_casa_della_salute_ulss_7_pedemontana_45.7214_11.3561,Casa della Salute - ULSS 7 Pedemontana,hospital,hospital
43.715928,7.259568,osm_hpital_de_jour_le_bellagio_chs_saintemar_43.7159_7.2596,Hôpital de jour Le Bellagio CHS Sainte-Marie,hospital,hospital
44.987891,7.406434,osm_casa_di_cura_villa_patrizia_44.9879_7.4064,Casa di Cura Villa Patrizia,hospital,hospital
46.425552,15.875041,osm_sluba_nujne_medicinske_pomoi_46.4256_15.8750,Služba nujne medicinske pomoči,hospital,hospital
46.204179,6.172702,osm_ple_positif_46.2042_6.1727,Pôle Positif,hospital,hospital
41.933308,12.431537,osm_gemelli_curae_41.9333_12.4315,Gemelli CURAE,hospital,hospital
43.432586,10.566600,osm_ambulatorio_medico_di_base_43.4326_10.5666,Ambulatorio medico di base,hospital,hospital
44.539106,18.691963,osm_ukc_tuzla_poliklinika_za_transfuziologij_44.5391_18.6920,UKC Tuzla - Poliklinika za transfuziologiju,hospital,hospital
36.131957,7.533835,osm_poi_36.1320_7.5338,مستشفى هواري بومدين,hospital,hospital
45.827419,7.821988,osm_ambulatorio_medico_45.8274_7.8220,Ambulatorio Medico,hospital,hospital
43.737497,7.424189,osm_institut_mongasque_de_mdecine_du_sport_43.7375_7.4242,Institut Monégasque de Médecine du Sport,hospital,hospital
43.557080,7.026490,osm_centre_mdico_psychologique_43.5571_7.0265,Centre Médico Psychologique,hospital,hospital
45.800030,16.008180,osm_specijalna_bolnica_primamed_45.8000_16.0082,Specijalna bolnica Primamed,hospital,hospital
44.807875,10.334441,osm_medicina_riabilitativa_dellinfanzia_e_de_44.8079_10.3344,Medicina riabilitativa dell’infanzia e dell’età evolutiva,hospital,hospital
44.807707,10.335056,osm_pediatria_di_comunit_44.8077_10.3351,Pediatria di Comunità,hospital,hospital
44.806880,10.334730,osm_csm_centro_salute_mentale_44.8069_10.3347,CSM - Centro Salute Mentale,hospital,hospital
38.102071,13.360847,osm_psichiatria_38.1021_13.3608,Psichiatria,hospital,hospital
43.623280,11.554689,osm_misericordia_castelfranco_di_sopra_43.6233_11.5547,Misericordia Castelfranco Di Sopra,hospital,hospital
44.575112,8.943555,osm_asl3_busalla_44.5751_8.9436,ASL3 Busalla,hospital,hospital
45.862107,11.522636,osm_ospedale_civile_ulss_7_pedemontana_45.8621_11.5226,Ospedale Civile - ULSS 7 Pedemontana,hospital,hospital
44.108358,12.317860,osm_avis_44.1084_12.3179,AVIS,hospital,hospital
43.858079,11.978324,osm_ospedale_angioloni_43.8581_11.9783,Ospedale Angioloni,hospital,hospital
43.107807,17.705597,osm_dom_za_starije_betanija_43.1078_17.7056,Dom za starije Betanija,hospital,hospital
41.726622,12.660756,osm_asl_roma_6_41.7266_12.6608,ASL Roma 6,hospital,hospital
41.070319,14.349485,osm_checkpoint_41.0703_14.3495,Checkpoint®,hospital,hospital
45.060567,9.261157,osm_fisiomass_45.0606_9.2612,Fisio-Mass,hospital,hospital
46.218241,13.223496,osm_ass_4_friuli_centrale_46.2182_13.2235,ASS 4 - Friuli Centrale,hospital,hospital
45.565272,11.374922,osm_medicina_di_gruppo_trissino_castelgomber_45.5653_11.3749,Medicina di Gruppo Trissino Castelgomberto,hospital,hospital
45.564538,9.997291,osm_ao_mellino_mellini_45.5645_9.9973,A.O. Mellino Mellini,hospital,hospital
37.397996,14.378087,osm_ospedale_michele_chiello_37.3980_14.3781,Ospedale Michele Chiello,hospital,hospital
44.801336,10.307699,osm_centro_senologico_44.8013_10.3077,Centro Senologico,hospital,hospital
36.845457,10.200173,osm_carthagene_36.8455_10.2002,Carthagene قرطاجنة,hospital,hospital
40.797592,16.917196,osm_linam_asl_40.7976_16.9172,L'INAM ASL,hospital,hospital
43.113926,12.402918,osm_istituto_clinico_porta_sole_43.1139_12.4029,Istituto Clinico Porta Sole,hospital,hospital
45.642775,6.061792,osm_poste_de_secours_45.6428_6.0618,poste de secours,hospital,hospital
45.809297,16.002575,osm_specijalna_bolnica_sveta_katarina_45.8093_16.0026,Specijalna bolnica Sveta Katarina,hospital,hospital
46.296329,11.788147,osm_posto_di_soccorso_46.2963_11.7881,Posto di Soccorso,hospital,hospital
47.010647,8.643520,osm_tellklinik_47.0106_8.6435,TellKlinik,hospital,hospital
42.951002,12.004522,osm_usl_del_lago_trasimeno_42.9510_12.0045,U.S.L. Del Lago Trasimeno,hospital,hospital
46.492217,6.769539,osm_cabinet_mdical_46.4922_6.7695,Cabinet médical,hospital,hospital
41.023755,14.495486,osm_asl_arienzo_1_distretto_caserta_41.0238_14.4955,ASL Arienzo 1 - Distretto Caserta,hospital,hospital
46.555841,6.830167,osm_swiss_visio_palzieux_46.5558_6.8302,Swiss Visio Palézieux,hospital,hospital
36.537361,10.068641,osm_centre_amel_36.5374_10.0686,Centre Amel,hospital,hospital
36.685400,10.159957,osm_poi_36.6854_10.1600,مركز الصحة الاساسية المحمدية,hospital,hospital
43.590369,6.534810,osm_mdecininfirmiers_43.5904_6.5348,Médecin-Infirmiers,hospital,hospital
40.471004,17.241722,osm_dipartimento_dimsalute_mentale_40.4710_17.2417,Dipartimento dimsalute mentale,hospital,hospital
36.697413,10.169693,osm_poi_36.6974_10.1697,المستشفى الجهوي فوشانة,hospital,hospital
45.645474,13.783965,osm_csm_gambini_45.6455_13.7840,Csm Gambini,hospital,hospital
45.637393,13.787284,osm_csm_la_maddalena_45.6374_13.7873,CSM La maddalena,hospital,hospital
45.790220,9.441130,osm_azienda_ospedaliera_ospedale_di_lecco_45.7902_9.4411,Azienda Ospedaliera Ospedale Di Lecco,hospital,hospital
45.648401,9.602089,osm_asst_bergamo_ovest_45.6484_9.6021,ASST Bergamo Ovest,hospital,hospital
46.452424,16.999429,osm_patolgia_46.4524_16.9994,Patológia,hospital,hospital
46.163770,11.003223,osm_guardia_medica_e_punto_prelievi_46.1638_11.0032,Guardia Medica e Punto Prelievi,hospital,hospital
46.050248,11.409453,osm_casa_della_salute_raphael_46.0502_11.4095,Casa della Salute Raphael,hospital,hospital
45.534793,9.412130,osm_ospedale_serbelloni_gorgonzola_45.5348_9.4121,Ospedale Serbelloni - Gorgonzola,hospital,hospital
43.310680,11.358996,osm_lilt_siena_43.3107_11.3590,LILT Siena,hospital,hospital
47.111615,17.565605,osm_patolgia_47.1116_17.5656,Patológia,hospital,hospital
42.355121,14.400580,osm_distretto_sanitario_di_base_di_ortona_42.3551_14.4006,Distretto Sanitario di Base di Ortona,hospital,hospital
41.250114,14.066682,osm_asl_caserta_teano_41.2501_14.0667,ASL Caserta Teano,hospital,hospital
44.699314,7.854026,osm_asl_cn2_dipartimento_salute_mentale_44.6993_7.8540,ASL CN2 Dipartimento Salute Mentale,hospital,hospital
47.416026,9.437769,osm_augenklinik_bellavista_47.4160_9.4378,Augenklinik Bellavista,hospital,hospital
40.521262,17.272655,osm_guardia_medica_servizio_di_continuit_ass_40.5213_17.2727,Guardia medica - Servizio di Continuità Assistenziale,hospital,hospital
43.307427,13.315748,osm_ospedale_di_comunit_di_treia_43.3074_13.3157,Ospedale di Comunità di Treia,hospital,hospital
45.817274,8.253149,osm_casa_della_salute_varallo_45.8173_8.2531,Casa della Salute Varallo,hospital,hospital
45.915658,10.890333,osm_centro_di_riabilitazione_villa_san_pietr_45.9157_10.8903,Centro di Riabilitazione Villa San Pietro,hospital,hospital
39.337715,16.314433,osm_guardia_medica_39.3377_16.3144,Guardia Medica,hospital,hospital
45.516147,11.163969,osm_centro_sanitario_polifunzionale_tregnago_45.5161_11.1640,Centro Sanitario Polifunzionale - Tregnago,hospital,hospital
43.303872,17.007644,osm_specijalna_bolnica_biokovka_43.3039_17.0076,Specijalna bolnica Biokovka,hospital,hospital
45.580982,18.459982,osm_ljeilite_bizovake_toplice_45.5810_18.4600,Lječilište Bizovačke toplice,hospital,hospital
45.797742,8.848962,osm_asst_sette_laghi_casa_di_comunit_varese_45.7977_8.8490,ASST Sette Laghi - Casa di Comunità Varese,hospital,hospital
45.996404,8.746562,osm_pronto_soccorso_45.9964_8.7466,Pronto Soccorso,hospital,hospital
46.802002,7.138307,osm_urgences_notfall_46.8020_7.1383,Urgences / Notfall,hospital,hospital
39.303983,16.252367,osm_casa_di_cura_sacro_cuore_39.3040_16.2524,Casa di cura Sacro Cuore,hospital,hospital
39.306119,16.243710,osm_clinica_la_madonnina_39.3061_16.2437,Clinica La Madonnina,hospital,hospital
39.278436,16.239863,osm_casa_di_cura_madonna_della_catena_39.2784_16.2399,Casa Di Cura Madonna Della Catena,hospital,hospital
46.946900,7.425943,osm_kinderkliniken_inselspital_46.9469_7.4259,Kinderkliniken Inselspital,hospital,hospital
39.296040,16.248462,osm_casa_di_cura_scarnati_39.2960_16.2485,Casa di Cura Scarnati,hospital,hospital
39.355979,16.035851,osm_poliambulatorio_39.3560_16.0359,Poliambulatorio,hospital,hospital
45.676373,11.930893,osm_ospedale_san_giacomo_apostolo_45.6764_11.9309,Ospedale San Giacomo Apostolo,hospital,hospital
45.300919,10.472906,osm_avis_45.3009_10.4729,Avis,hospital,hospital
45.200504,9.146348,osm_pronto_soccorso_45.2005_9.1463,Pronto Soccorso,hospital,hospital
45.201121,9.147584,osm_soreu_pianura_45.2011_9.1476,SOREU Pianura,hospital,hospital
41.235661,14.501036,osm_azienda_sanitaria_locale_bn1_41.2357_14.5010,Azienda Sanitaria Locale BN-1,hospital,hospital
45.600104,8.751280,osm_casa_di_comunit_lonate_pozzolo_45.6001_8.7513,Casa di Comunità Lonate Pozzolo,hospital,hospital
39.531099,15.917588,osm_pronto_soccorso_39.5311_15.9176,Pronto Soccorso,hospital,hospital
39.531014,15.917409,osm_118_39.5310_15.9174,118,hospital,hospital
45.452968,8.461855,osm_asl_distretto_di_biandrate_45.4530_8.4619,ASL Distretto di Biandrate,hospital,hospital
45.639878,9.687354,osm_asl_45.6399_9.6874,ASL,hospital,hospital
39.206182,8.383645,osm_avis_39.2062_8.3836,AVIS,hospital,hospital
46.212700,6.032963,osm_centre_mdical_de_satigny_46.2127_6.0330,Centre Médical de Satigny,hospital,hospital
43.435379,6.755863,osm_elsan_clinique_les_lauriers_43.4354_6.7559,Elsan Clinique les Lauriers,hospital,hospital
40.820992,16.424957,osm_hsc_40.8210_16.4250,Hsc,hospital,hospital
46.168081,12.249389,osm_servizio_antincendio_aeroporto_di_bellun_46.1681_12.2494,Servizio Antincendio Aeroporto di Belluno LIDB,hospital,hospital
45.412925,11.884446,osm_ulss6_45.4129_11.8844,Ulss6,hospital,hospital
45.392685,11.891812,osm_ospedale_santantonio_45.3927_11.8918,Ospedale Sant'Antonio,hospital,hospital
45.091828,6.073098,osm_maison_mdicale_45.0918_6.0731,Maison Médicale,hospital,hospital
38.552109,15.937970,osm_gamma_center_38.5521_15.9380,Gamma Center,hospital,hospital
39.305446,16.235134,osm_asl_39.3054_16.2351,ASL,hospital,hospital
43.890113,10.246260,osm_centro_distrettuale_vaccinazioni_43.8901_10.2463,Centro Distrettuale Vaccinazioni,hospital,hospital
44.707215,10.448784,osm_casa_della_salute_lspreafico_44.7072_10.4488,Casa della Salute L.Spreafico,hospital,hospital
36.792340,10.176895,osm_cabinet_dentaire_dr_lina_attia_36.7923_10.1769,Cabinet dentaire Dr Lina Attia,hospital,hospital
45.850849,18.298257,osm_siklsi_krhz_45.8508_18.2983,Siklósi Kórház,hospital,hospital
38.112396,15.659994,osm_chirurgia_vascolare_38.1124_15.6600,Chirurgia Vascolare,hospital,hospital
45.763158,12.993234,osm_casa_della_comunit_ulss4_45.7632_12.9932,Casa della Comunità ULSS4,hospital,hospital
45.332137,14.427098,osm_dom_zdravlja_rijeka_ginekoloka_ambulanta_45.3321_14.4271,Dom zdravlja Rijeka – Ginekološka ambulanta,hospital,hospital
46.550227,11.006092,osm_ambulatorium_46.5502_11.0061,Ambulatorium,hospital,hospital
44.806817,10.334724,osm_casa_della_salute_parma_centro_44.8068_10.3347,Casa della Salute Parma Centro,hospital,hospital
39.309149,16.241906,osm_villa_del_sole_39.3091_16.2419,Villa del Sole,hospital,hospital
44.120552,9.948367,osm_centro_prelievi_44.1206_9.9484,Centro Prelievi,hospital,hospital
45.008016,7.825147,osm_santa_clara_45.0080_7.8251,Santa Clara,hospital,hospital
36.391359,6.128394,osm_dr_bekkouche_dentiste_36.3914_6.1284,Dr BEKKOUCHE Dentiste,hospital,hospital
40.917563,14.185525,osm_asl_napoli_2_nord_distretto_sanitario_39_40.9176_14.1855,ASL Napoli 2 Nord - Distretto Sanitario 39 di Villaricca,hospital,hospital
36.827210,10.120043,osm_centre_mdical_ahlem_36.8272_10.1200,Centre médical AHLEM,hospital,hospital
46.494800,11.390333,osm_gesundheitssprengel_kardaun_azienda_sani_46.4948_11.3903,Gesundheitssprengel Kardaun - Azienda Sanitaria Comprenso...,hospital,hospital
46.761771,7.632259,osm_notfallzentrum_spital_thun_46.7618_7.6323,Notfallzentrum Spital Thun,hospital,hospital
41.638156,13.323245,osm_asl_frosinone_41.6382_13.3232,ASL FROSINONE,hospital,hospital
41.256626,14.603129,osm_misericordia_di_guardia_sanframondi_41.2566_14.6031,Misericordia di Guardia Sanframondi,hospital,hospital
44.411363,12.185440,osm_cau_centro_di_assistenza_urgenza_44.4114_12.1854,CAU - Centro di Assistenza Urgenza,hospital,hospital
45.933546,6.116976,osm_unit_de_sant_affective_et_sexuelle_45.9335_6.1170,Unité de Santé Affective et Sexuelle,hospital,hospital
41.082307,16.786159,osm_centro_salute_mentale_41.0823_16.7862,Centro Salute Mentale,hospital,hospital
40.913512,14.147644,osm_cdsa_blunauti_centro_disturbo_dello_spet_40.9135_14.1476,CDSA BlunAuti - Centro Disturbo dello Spettro Autistico,hospital,hospital
46.074914,18.204944,osm_nukleris_medicina_46.0749_18.2049,Nukleáris medicina,hospital,hospital
47.242434,6.022308,osm_usld_bellevaux_47.2424_6.0223,USLD Bellevaux,hospital,hospital
41.817539,12.715024,osm_biologo_nutrizionista_41.8175_12.7150,Biologo Nutrizionista,hospital,hospital
41.106717,16.904457,osm_asl_bari_ufficio_patenti_speciali_41.1067_16.9045,ASL Bari - Ufficio Patenti speciali,hospital,hospital
46.212954,6.125314,osm_centre_imagerie_servette_46.2130_6.1253,Centre Imagerie Servette,hospital,hospital
39.293054,16.247098,osm_reparto_malattie_infettiveematologia_39.2931_16.2471,Reparto Malattie infettive-ematologia,hospital,hospital
42.762273,13.963419,osm_distretto_sanitario_di_base_giulianova_42.7623_13.9634,Distretto Sanitario Di Base Giulianova,hospital,hospital
42.762241,13.963442,osm_guardia_medica_turistica_42.7622_13.9634,Guardia Medica Turistica,hospital,hospital
42.762496,13.962420,osm_centro_nutrizionale_regionale_42.7625_13.9624,Centro Nutrizionale Regionale,hospital,hospital
39.292421,16.240388,osm_i_n_r_c_a_39.2924_16.2404,I. N. R. C. A.,hospital,hospital
40.747452,14.622695,osm_guardia_medica_pagani_40.7475_14.6227,Guardia Medica Pagani,hospital,hospital
45.511559,9.187671,osm_pronto_soccorso_ostetrico_45.5116_9.1877,Pronto Soccorso Ostetrico,hospital,hospital
40.635864,17.931977,osm_ospedale_a_di_summa_40.6359_17.9320,Ospedale A. Di Summa,hospital,hospital
40.635311,17.932736,osm_guardia_medica_40.6353_17.9327,Guardia Medica,hospital,hospital
40.725711,17.573710,osm_ospedale_di_ostuni_40.7257_17.5737,Ospedale di Ostuni,hospital,hospital
46.548694,11.003379,osm_ambulatorium_46.5487_11.0034,Ambulatorium,hospital,hospital
45.956457,8.760924,osm_studio_dentistico_mesenzana_45.9565_8.7609,Studio dentistico Mesenzana,hospital,hospital
41.014229,16.713097,osm_hospice_ex_ospedale_41.0142_16.7131,Hospice - EX Ospedale,hospital,hospital
45.475116,10.239313,osm_sede_territoriale_neuropsichiatria_infan_45.4751_10.2393,Sede territoriale neuropsichiatria infanzia e adolescenza,hospital,hospital
45.527717,10.233402,osm_asst_spedali_civili_sportelli_scelta_e_r_45.5277_10.2334,ASST Spedali Civili Sportelli Scelta e Revoca,hospital,hospital
45.527505,10.233329,osm_servizio_di_continuit_assistenziale_45.5275_10.2333,Servizio di continuità assistenziale,hospital,hospital
45.521580,10.236937,osm_fondazione_poliambulanza_istituto_ospeda_45.5216_10.2369,Fondazione Poliambulanza Istituto Ospedaliero,hospital,hospital
45.521080,10.237997,osm_obitorio_45.5211_10.2380,Obitorio,hospital,hospital
45.521701,10.237004,osm_prontosoccorso_poliambulanza_45.5217_10.2370,Prontosoccorso Poliambulanza,hospital,hospital
46.517585,6.629322,osm_osteo_77_46.5176_6.6293,Osteo 7/7,hospital,hospital
46.209101,6.143345,osm_osteo_77_46.2091_6.1433,Osteo 7/7,hospital,hospital
44.684155,10.630773,osm_arcispedale_santa_maria_nuova_44.6842_10.6308,Arcispedale Santa Maria Nuova,hospital,hospital
45.532476,10.236291,osm_fondazione_istituto_ispedaliero_di_sospi_45.5325_10.2363,Fondazione Istituto Ispedaliero di Sospiro,hospital,hospital
45.530099,10.243882,osm_ambulatorio_migranti_asst_spedali_civili_45.5301_10.2439,Ambulatorio Migranti - ASST Spedali Civili di Brescia,hospital,hospital
36.876726,10.199058,osm_poi_36.8767_10.1991,مركز الصحة بحي إنسيم,hospital,hospital
46.828675,9.855811,osm_hochgebirgsklinik_davos_46.8287_9.8558,Hochgebirgsklinik Davos,hospital,hospital
46.208379,6.143518,osm_centre_mdico_chirurgical_46.2084_6.1435,Centre Médico - Chirurgical,hospital,hospital
46.054635,14.520089,osm_urgenca_46.0546_14.5201,Urgenca,hospital,hospital
45.471371,12.225187,osm_distretto_socio_sanitario_via_tommaseo_45.4714_12.2252,Distretto Socio Sanitario Via Tommaseo,hospital,hospital
45.534849,9.224329,osm_centro_prelievi_ospedale_sesto_san_giova_45.5348_9.2243,Centro Prelievi Ospedale Sesto San Giovanni,hospital,hospital
40.815574,14.199935,osm_pronto_soccorso_ospedale_fatebenefratell_40.8156_14.1999,Pronto Soccorso Ospedale Fatebenefratelli,hospital,hospital
39.824357,15.781277,osm_sert_39.8244_15.7813,SERT,hospital,hospital
39.823996,15.782126,osm_guardia_medica_39.8240_15.7821,Guardia Medica,hospital,hospital
39.824095,15.782167,osm_118_39.8241_15.7822,118,hospital,hospital
47.368951,18.214201,osm_mr_vrosi_krhz_47.3690_18.2142,Mór Városi Kórház,hospital,hospital
45.917490,6.092123,osm_ple_de_sant_des_toriolets_45.9175_6.0921,Pôle de santé des Toriolets,hospital,hospital
42.229948,14.396991,osm_ospedale_renzetti_lanciano_pronto_soccor_42.2299_14.3970,Ospedale Renzetti Lanciano Pronto Soccorso,hospital,hospital
45.354805,12.327308,osm_san_camillo_45.3548_12.3273,San Camillo,hospital,hospital
36.904657,14.680424,osm_emergency_room_36.9047_14.6804,Emergency Room,hospital,hospital
38.596061,15.911034,osm_cane_pericoloso_38.5961_15.9110,Cane pericoloso,hospital,hospital
40.789892,17.587343,osm_guardia_medica_estiva_40.7899_17.5873,Guardia medica estiva,hospital,hospital
43.315033,11.336906,osm_centro_riabilitativo_il_tamburino_43.3150_11.3369,Centro riabilitativo Il Tamburino,hospital,hospital
42.622486,13.306032,osm_punto_primo_intervento_pass_amatrice_42.6225_13.3060,Punto Primo Intervento P.A.S.S. Amatrice,hospital,hospital
45.584032,9.295698,osm_policlinico_di_monza_45.5840_9.2957,Policlinico di Monza,hospital,hospital
41.061923,8.295730,osm_lazzaretto_di_cala_reale_41.0619_8.2957,Lazzaretto di Cala Reale,hospital,hospital
40.836661,14.837922,osm_presidio_ospedaliero_agostino_landolfi_40.8367_14.8379,Presidio Ospedaliero Agostino Landolfi,hospital,hospital
44.828440,17.298925,osm_banja_slatina_odjeljenje_7_44.8284_17.2989,Banja Slatina odjeljenje 7,hospital,hospital
45.454187,9.194139,osm_pronto_soccorso_istituto_gaetano_pini_45.4542_9.1941,Pronto Soccorso Istituto Gaetano Pini,hospital,hospital
47.237283,16.618144,osm_izotplabor_47.2373_16.6181,Izotóplabor,hospital,hospital
45.769478,6.984406,osm_studio_fisioterapia_montagna_45.7695_6.9844,Studio fisioterapia Montagna,hospital,hospital
45.546939,9.214908,osm_npia_via_m_gorki_50_cinisello_balsamo_45.5469_9.2149,NPIA Via M. Gorki 50 Cinisello Balsamo,hospital,hospital
46.228865,6.067412,osm_urgences_pdiatriques_de_lhopital_de_la_t_46.2289_6.0674,Urgences Pédiatriques de l'Hopital de la Tour,hospital,hospital
38.082018,13.500705,osm_punto_territoriale_di_emergenza_bagheria_38.0820_13.5007,Punto Territoriale di Emergenza Bagheria,hospital,hospital
45.427670,11.913806,osm_farmacia_studio_medico_45.4277_11.9138,Farmacia - studio medico,hospital,hospital
46.382350,6.504877,osm_centre_daccueil_thrapeutique_temps_parti_46.3824_6.5049,Centre d'Accueil Thérapeutique à Temps Partiel Adolescents,hospital,hospital
45.940732,6.634447,osm_centre_daccueil_thrapeutique_temps_parti_45.9407_6.6344,Centre d'Accueil Thérapeutique à Temps Partiel Infanto-ju...,hospital,hospital
45.940670,6.634453,osm_centre_mdico_psychologique_infantojuvnil_45.9407_6.6345,Centre Médico Psychologique Infanto-Juvénile,hospital,hospital
45.940663,6.634164,osm_centre_mdico_psychologique_pour_adultes_45.9407_6.6342,Centre Médico Psychologique pour Adultes,hospital,hospital
45.940736,6.634118,osm_hpital_de_jour_adultes_45.9407_6.6341,Hôpital De Jour Adultes,hospital,hospital
44.786030,7.374862,osm_distretto_pinerolese_sede_cavour_44.7860_7.3749,Distretto pinerolese sede cavour,hospital,hospital
45.777316,12.995914,osm_distretto_sociosanitario_riviera_bassa_f_45.7773_12.9959,Distretto Sociosanitario Riviera Bassa Friulana,hospital,hospital
47.477220,9.731196,osm_apotheke_am_monfortplatz_47.4772_9.7312,Apotheke am monfortplatz,hospital,hospital
44.530835,7.943860,osm_asl_cn1_distretto_di_dogliani_44.5308_7.9439,ASL CN1 Distretto di Dogliani,hospital,hospital
41.148234,16.740182,osm_continuit_assistenziale_41.1482_16.7402,Continuità Assistenziale,hospital,hospital
41.262949,15.911105,osm_centro_vita_41.2629_15.9111,Centro Vita,hospital,hospital
47.471712,8.305143,osm_ksb_city_47.4717_8.3051,KS_B City,hospital,hospital
43.933862,10.769081,osm_presidio_distrettuale_marliana_azienda_u_43.9339_10.7691,Presidio Distrettuale Marliana - Azienda USL Toscana Centro,hospital,hospital
43.884883,18.415694,osm_apoteka_43.8849_18.4157,Apoteka,hospital,hospital
40.849041,14.232138,osm_pronto_soccorso_ospedale_santobono_40.8490_14.2321,Pronto Soccorso Ospedale Santobono,hospital,hospital
45.650204,13.783027,osm_pronto_soccorso_casa_della_comunit_45.6502_13.7830,Pronto Soccorso - Casa della Comunità,hospital,hospital
47.357616,8.523080,osm_derma_medical_clinic_ag_47.3576_8.5231,Derma Medical Clinic AG,hospital,hospital
43.888010,18.415951,osm_ambulance_for_ost_metadon_buprenorphine__43.8880_18.4160,Ambulance for OST Metadon & Buprenorphine / Suboxone,hospital,hospital
45.555916,11.550055,osm_centro_prelievi_ospedale_vicenza_45.5559_11.5501,Centro prelievi ospedale Vicenza,hospital,hospital
45.756307,11.000403,osm_ospedale_di_comunit_45.7563_11.0004,Ospedale di Comunità,hospital,hospital
45.581959,9.126944,osm_clinica_san_carlo_45.5820_9.1269,Clinica San Carlo,hospital,hospital
44.054311,8.199165,osm_punto_di_primo_intervento_44.0543_8.1992,Punto di Primo Intervento,hospital,hospital
46.343342,18.699391,osm_izotpdiagnosztika_46.3433_18.6994,Izotópdiagnosztika,hospital,hospital
41.907995,12.449005,osm_pronto_soccorso_oftalmico_41.9080_12.4490,Pronto Soccorso Oftalmico,hospital,hospital
45.875191,12.295792,osm_ambulatorio_vaccinazioni_conegliano_45.8752_12.2958,Ambulatorio vaccinazioni Conegliano,hospital,hospital
47.356951,8.523552,osm_derma_medical_clinic_47.3570_8.5236,Derma Medical Clinic,hospital,hospital
37.006762,6.563740,osm_polyclinique_37.0068_6.5637,Polyclinique,hospital,hospital
45.658355,12.260716,osm_ospedale_regionale_cafoncello_45.6584_12.2607,Ospedale Regionale Ca'Foncello,hospital,hospital
45.479561,9.191507,osm_pronto_soccorso_oculistico_45.4796_9.1915,Pronto Soccorso Oculistico,hospital,hospital
45.478834,9.190542,osm_pronto_soccorso_medico_chirurgico_e_pedi_45.4788_9.1905,Pronto Soccorso Medico Chirurgico e Pediatrico,hospital,hospital
44.239031,10.130746,osm_pronto_soccorso_santantonio_abate_fivizz_44.2390_10.1307,🚑 Pronto Soccorso Sant'Antonio Abate Fivizzano,hospital,hospital
45.469425,9.114087,osm_pronto_soccorso_ospedale_san_carlo_borro_45.4694_9.1141,Pronto Soccorso Ospedale San Carlo Borromeo,hospital,hospital
45.443839,9.260645,osm_pronto_soccorso_centro_cardiologico_monz_45.4438_9.2606,Pronto Soccorso Centro Cardiologico Monzino,hospital,hospital
40.059176,17.992687,osm_asl_lecce_gallipoli_40.0592_17.9927,ASL Lecce (Gallipoli),hospital,hospital
40.853429,14.253291,osm_pronto_soccorso_ostetrico_40.8534_14.2533,Pronto Soccorso Ostetrico,hospital,hospital
45.872626,8.412367,osm_pronto_soccorso_45.8726_8.4124,Pronto Soccorso,hospital,hospital
44.716830,18.086118,osm_jzu_bolnica_sveti_apostol_luka_doboj_44.7168_18.0861,JZU Bolnica Sveti apostol Luka Doboj,hospital,hospital
41.905331,12.669240,osm_studio_di_psicologia_colle_degli_abeti_41.9053_12.6692,Studio di Psicologia Colle degli Abeti,hospital,hospital
45.931328,6.118337,osm_chirurgie_et_endoscopies_45.9313_6.1183,Chirurgie et endoscopies,hospital,hospital
45.842521,8.712358,osm_asst_sette_laghi_casa_di_comunit_di_gavi_45.8425_8.7124,ASST Sette Laghi - Casa di Comunità di Gavirate,hospital,hospital
45.514432,12.224177,osm_pronto_soccorso_ospedale_dellangelo_45.5144_12.2242,Pronto Soccorso Ospedale dell'Angelo,hospital,hospital
45.471959,9.145259,osm_pronto_soccorso_istituto_auxologico_san__45.4720_9.1453,Pronto Soccorso Istituto Auxologico San Luca,hospital,hospital
40.753808,14.685770,osm_le_mimose_40.7538_14.6858,Le Mimose,hospital,hospital
43.944946,7.515023,osm_hpital_de_proximit_43.9449_7.5150,Hôpital de proximité,hospital,hospital
47.084047,15.465554,osm_landeskrankenhausuniversittsklinikum_gra_47.0840_15.4656,Landeskrankenhaus-Universitätsklinikum Graz,hospital,hospital
42.459280,13.921287,osm_ospedale_san_massimo_42.4593_13.9213,Ospedale San Massimo,hospital,hospital
47.230693,9.580679,osm_landeskrankenhaus_feldkirch_47.2307_9.5807,Landeskrankenhaus Feldkirch,hospital,hospital
44.409547,8.973062,osm_ospedale_san_martino_44.4095_8.9731,Ospedale San Martino,hospital,hospital
43.659201,10.634301,osm_ospedale_felice_lotti_43.6592_10.6343,Ospedale Felice Lotti,hospital,hospital
45.808921,8.840026,osm_ospedale_di_circolo_fondazione_macchi_45.8089_8.8400,Ospedale di Circolo - Fondazione Macchi,hospital,hospital
47.215933,7.793667,osm_sro_spital_oberaargau_langenthal_47.2159_7.7937,SRO Spital Oberaargau Langenthal,hospital,hospital
42.259070,12.172579,osm_villa_paola_42.2591_12.1726,Villa Paola,hospital,hospital
41.920577,12.540456,osm_ospedale_sandro_pertini_41.9206_12.5405,Ospedale Sandro Pertini,hospital,hospital
44.384789,9.030342,osm_istituto_scientifico_di_nervi_44.3848_9.0303,Istituto Scientifico di Nervi,hospital,hospital
46.067615,14.487143,osm_bolnica_dr_petra_draja_46.0676_14.4871,Bolnica Dr. Petra Držaja,hospital,hospital
45.509883,9.186244,osm_asst_grande_ospedale_metropolitano_nigua_45.5099_9.1862,ASST Grande Ospedale Metropolitano Niguarda,hospital,hospital
42.292388,12.212196,osm_ospedale_santanna_42.2924_12.2122,Ospedale Sant'Anna,hospital,hospital
43.914386,10.223813,osm_ospedale_versilia_43.9144_10.2238,Ospedale Versilia,hospital,hospital
45.468108,9.114177,osm_ospedale_san_carlo_borromeo_45.4681_9.1142,Ospedale San Carlo Borromeo,hospital,hospital
41.906562,12.512047,osm_policlinico_umberto_i_41.9066_12.5120,Policlinico Umberto I,hospital,hospital
45.403635,10.993159,osm_policlinico_giambattista_rossi_45.4036_10.9932,Policlinico Giambattista Rossi,hospital,hospital
41.925292,12.512324,osm_centro_medicina_nucleare_italiano_villa__41.9253_12.5123,Centro Medicina Nucleare Italiano Villa Bianca,hospital,hospital
41.916237,12.523399,osm_policlinico_italia_41.9162_12.5234,Policlinico Italia,hospital,hospital
41.699478,12.674727,osm_istituto_san_giovanni_di_dio_41.6995_12.6747,Istituto San Giovanni Di Dio,hospital,hospital
41.858155,12.201647,osm_punto_di_primo_soccorso_41.8582_12.2016,Punto di Primo Soccorso,hospital,hospital
36.362916,6.639166,osm_ehs_sidi_mabrouk_maternit_36.3629_6.6392,EHS Sidi Mabrouk - Maternité,hospital,hospital
43.714181,13.209224,osm_ospedale_principe_di_piemonte_43.7142_13.2092,Ospedale Principe di Piemonte,hospital,hospital
38.104703,13.360528,osm_azienda_ospedaliera_universitaria_policl_38.1047_13.3605,Azienda Ospedaliera Universitaria Policlinico Paolo Giaccone,hospital,hospital
38.103208,13.358245,osm_ospedale_civico_e_benefratelli_g_di_cris_38.1032_13.3582,Ospedale Civico e Benefratelli G. Di Cristina e M. Ascoli,hospital,hospital
44.392873,8.988076,osm_ospedale_pediatrico_giannina_gaslini_44.3929_8.9881,Ospedale Pediatrico Giannina Gaslini,hospital,hospital
38.154715,13.336040,osm_ospedali_villa_sofia_cervello_38.1547_13.3360,Ospedali Villa Sofia Cervello,hospital,hospital
38.151390,13.340724,osm_centro_traumatologico_ortopedico_38.1514_13.3407,Centro Traumatologico Ortopedico,hospital,hospital
46.054066,14.521134,osm_univerzitetni_klinini_center_ljubljana_46.0541_14.5211,Univerzitetni klinični center Ljubljana,hospital,hospital
46.053336,14.523705,osm_leonie_ginekoloka_klinika_46.0533_14.5237,Leonišče - ginekološka klinika,hospital,hospital
45.600422,8.872327,osm_ospedale_multimedica_castellanza_45.6004_8.8723,Ospedale MultiMedica Castellanza,hospital,hospital
45.595376,8.931350,osm_ospedale_vecchio_di_legnano_45.5954_8.9314,Ospedale vecchio di Legnano,hospital,hospital
42.422591,12.907933,osm_ospedale_provinciale_camillo_de_lellis_42.4226_12.9079,Ospedale provinciale Camillo de Lellis,hospital,hospital
37.511127,15.076913,osm_ospedale_garibaldi_centro_37.5111_15.0769,Ospedale Garibaldi Centro,hospital,hospital
45.523081,9.173948,osm_ex_istituto_ortopedico_galeazzi_ora_chiu_45.5231_9.1739,"Ex Istituto Ortopedico Galeazzi, ora chiuso",hospital,hospital
43.801359,11.248325,osm_centro_traumatologico_ortopedico_neuromo_43.8014_11.2483,Centro traumatologico ortopedico neuromotorio,hospital,hospital
37.511496,15.043094,osm_ospedale_garibaldi_nesima_37.5115_15.0431,Ospedale Garibaldi Nesima,hospital,hospital
43.808533,11.246883,osm_azienda_ospedaliera_universitaria_di_car_43.8085_11.2469,Azienda Ospedaliera Universitaria di Careggi,hospital,hospital
45.496611,9.194014,osm_istituto_villa_marelli_45.4966_9.1940,Istituto Villa Marelli,hospital,hospital
45.519729,9.123459,osm_ospedale_luigi_sacco_45.5197_9.1235,Ospedale Luigi Sacco,hospital,hospital
43.995049,12.650267,osm_ospedale_ceccarini_43.9950_12.6503,Ospedale Ceccarini,hospital,hospital
43.801156,11.248408,osm_cto_centro_traumatologico_ortopedico_43.8012_11.2484,CTO Centro Traumatologico Ortopedico,hospital,hospital
47.279350,11.406559,osm_sanatorium_kettenbrcke_47.2794_11.4066,Sanatorium Kettenbrücke,hospital,hospital
44.046008,12.588003,osm_ospedale_infermi_rimini_44.0460_12.5880,Ospedale Infermi Rimini,hospital,hospital
45.051794,7.665609,osm_ospedale_mauriziano_umberto_i_45.0518_7.6656,Ospedale Mauriziano Umberto I,hospital,hospital
45.392526,11.279076,osm_ospedale_girolamo_fracastoro_45.3925_11.2791,Ospedale Girolamo Fracastoro,hospital,hospital
44.625925,10.924056,osm_hesperia_hospital_44.6259_10.9241,Hesperia Hospital,hospital,hospital
43.722414,10.933463,osm_ospedale_san_giuseppe_43.7224_10.9335,Ospedale San Giuseppe,hospital,hospital
45.586607,9.272096,osm_istituti_clinici_zucchi_45.5866_9.2721,Istituti Clinici Zucchi,hospital,hospital
44.206351,12.019749,osm_ospedale_morgagnipierantoni_44.2064_12.0197,Ospedale Morgagni-Pierantoni,hospital,hospital
41.947784,12.413663,osm_ospedale_san_filippo_neri_41.9478_12.4137,Ospedale San Filippo Neri,hospital,hospital
43.829911,18.310572,osm_dom_zdravlja_ilida_43.8299_18.3106,Dom zdravlja Ilidža,hospital,hospital
44.431220,8.850864,osm_ospedale_padre_antero_micone_44.4312_8.8509,Ospedale Padre Antero Micone,hospital,hospital
44.080636,10.105018,osm_centro_polispecialistico_monterosso_44.0806_10.1050,Centro Polispecialistico Monterosso,hospital,hospital
41.131207,16.535057,osm_ospedale_michele_sarcone_41.1312_16.5351,Ospedale Michele Sarcone,hospital,hospital
41.868994,12.456411,osm_ospedale_san_camillo_41.8690_12.4564,Ospedale San Camillo,hospital,hospital
43.717837,10.961309,osm_ecomedica_43.7178_10.9613,Ecomedica,hospital,hospital
46.009827,8.961024,osm_ospedale_regionale_di_lugano_46.0098_8.9610,Ospedale Regionale di Lugano,hospital,hospital
47.321478,8.801393,osm_gzo_spital_wetzikon_47.3215_8.8014,GZO Spital Wetzikon,hospital,hospital
43.550384,10.324607,osm_spedali_riuniti_43.5504_10.3246,Spedali Riuniti,hospital,hospital
44.172639,8.340830,osm_ospedale_ruffini_44.1726_8.3408,Ospedale Ruffini,hospital,hospital
44.054759,8.199795,osm_santa_maria_di_misericordia_44.0548_8.1998,Santa Maria di Misericordia,hospital,hospital
46.233849,15.261371,osm_splona_bolninica_celje_46.2338_15.2614,Splošna bolnišnica Celje,hospital,hospital
45.824577,16.006298,osm_kliniki_bolniki_centar_zagreb_45.8246_16.0063,Klinički bolnički centar Zagreb,hospital,hospital
45.820423,15.939302,osm_klinika_bolnica_sveti_duh_45.8204_15.9393,Klinička bolnica Sveti Duh,hospital,hospital
40.745080,14.651075,osm_ospedale_umberto_i_40.7451_14.6511,Ospedale Umberto I,hospital,hospital
44.641281,10.946942,osm_ex_aeronautica_44.6413_10.9469,EX Aeronautica,hospital,hospital
46.634144,14.304977,osm_klinikum_klagenfurt_am_wrthersee_46.6341_14.3050,Klinikum Klagenfurt am Wörthersee,hospital,hospital
45.573444,9.527833,osm_ospedale_crotta_oltrocchi_45.5734_9.5278,Ospedale Crotta Oltrocchi,hospital,hospital
41.111644,16.859040,osm_policlinico_di_bari_41.1116_16.8590,Policlinico di Bari,hospital,hospital
41.449602,12.627528,osm_villa_albani_41.4496_12.6275,Villa Albani,hospital,hospital
46.769899,15.558470,osm_lkh_sdweststeiemark_standort_wagna_46.7699_15.5585,"LKH Südweststeiemark, Standort Wagna",hospital,hospital
46.383654,18.143979,osm_szent_lukcs_krhz_46.3837_18.1440,Szent Lukács kórház,hospital,hospital
41.098677,16.887784,osm_ospedale_pediatrico_giovanni_xxiii_41.0987_16.8878,Ospedale Pediatrico Giovanni XXIII,hospital,hospital
41.106544,16.858022,osm_istituto_oncologico_giovanni_paolo_ii_41.1065_16.8580,Istituto Oncologico Giovanni Paolo II,hospital,hospital
41.103987,16.856432,osm_anthea_41.1040_16.8564,Anthea,hospital,hospital
45.928244,10.247723,osm_ospedale_di_vallecamonica_45.9282_10.2477,Ospedale di Vallecamonica,hospital,hospital
41.075912,16.862868,osm_ospedale_di_venere_41.0759_16.8629,Ospedale Di Venere,hospital,hospital
45.798899,8.848182,osm_padiglione_crt_45.7989_8.8482,Padiglione C.R.T.,hospital,hospital
46.996835,6.942780,osm_rseau_hospitalier_neuchtelois_pourtals_46.9968_6.9428,Réseau hospitalier neuchâtelois - Pourtalès,hospital,hospital
46.498411,11.310759,osm_ospedale_di_bolzano_krankenhaus_bozen_46.4984_11.3108,Ospedale di Bolzano - Krankenhaus Bozen,hospital,hospital
45.553939,10.227075,osm_istituto_clinico_citt_di_brescia_45.5539_10.2271,Istituto Clinico Città di Brescia,hospital,hospital
43.876938,18.409163,osm_klinika_jezero_43.8769_18.4092,Klinika Jezero,hospital,hospital
43.439046,6.751860,osm_centre_hospitalier_intercommunal_frjus_s_43.4390_6.7519,Centre hospitalier intercommunal Fréjus Saint-Raphaël,hospital,hospital
43.731358,11.306012,osm_ospedale_santa_maria_annunziata_43.7314_11.3060,Ospedale Santa Maria Annunziata,hospital,hospital
39.271122,9.125879,osm_policlinico_universitario_duilio_casula_39.2711_9.1259,Policlinico Universitario Duilio Casula,hospital,hospital
45.500660,11.014014,osm_ospedale_di_marzana_45.5007_11.0140,Ospedale di Marzana,hospital,hospital
37.657198,12.600449,osm_presidio_ospedaliero_abele_ajello_37.6572_12.6004,Presidio ospedaliero Abele Ajello,hospital,hospital
46.017706,8.952783,osm_ospedale_civico_46.0177_8.9528,Ospedale Civico,hospital,hospital
47.374413,8.552133,osm_careum_hochhaus_47.3744_8.5521,Careum Hochhaus,hospital,hospital
45.558550,10.230587,osm_pronto_soccorso_45.5586_10.2306,Pronto Soccorso,hospital,hospital
47.048357,7.620672,osm_spital_burgdorf_47.0484_7.6207,Spital Burgdorf,hospital,hospital
37.542827,15.116824,osm_ospedale_cannizzaro_37.5428_15.1168,Ospedale Cannizzaro,hospital,hospital
41.969257,12.080910,osm_posto_di_primo_soccorso_41.9693_12.0809,Posto di Primo Soccorso,hospital,hospital
47.239566,11.366545,osm_landeskrankenhaus_natters_47.2396_11.3665,Landeskrankenhaus Natters,hospital,hospital
47.380317,15.084998,osm_landeskrankenhaus_hochsteiermark_standor_47.3803_15.0850,Landeskrankenhaus Hochsteiermark - Standort Leoben,hospital,hospital
41.229369,16.303529,osm_ospedale_lorenzo_bonomo_41.2294_16.3035,Ospedale Lorenzo Bonomo,hospital,hospital
38.155180,13.313016,osm_ospedale_vincenzo_cervello_38.1552_13.3130,Ospedale Vincenzo Cervello,hospital,hospital
47.483391,11.127927,osm_klinikum_garmischpartenkirchen_47.4834_11.1279,Klinikum Garmisch-Partenkirchen,hospital,hospital
46.506903,13.302375,osm_poliambulatorio_46.5069_13.3024,Poliambulatorio,hospital,hospital
46.242059,13.156562,osm_ambulatori_46.2421_13.1566,Ambulatori,hospital,hospital
46.052050,13.210670,osm_policlinico_citt_di_udine_polo_1_46.0521_13.2107,Policlinico Città di Udine Polo 1,hospital,hospital
46.158477,13.224643,osm_ass4_centro_territoriale_di_tricesimo_46.1585_13.2246,ASS4 - Centro territoriale di Tricesimo,hospital,hospital
45.908057,13.312342,osm_distretto_sanitario_asl_n5_bassa_friulan_45.9081_13.3123,Distretto Sanitario ASL n.5 Bassa Friulana,hospital,hospital
41.853340,12.436328,osm_european_hospital_41.8533_12.4363,European Hospital,hospital,hospital
46.444999,6.216747,osm_clinique_de_genolier_46.4450_6.2167,Clinique de Genolier,hospital,hospital
46.061709,11.128102,osm_villa_igea_46.0617_11.1281,Villa Igea,hospital,hospital
46.900957,6.359791,osm_centre_hospitalier_de_pontarlier_46.9010_6.3598,Centre hospitalier de Pontarlier,hospital,hospital
46.070270,18.222453,osm_gyermekklinika_46.0703_18.2225,Gyermekklinika,hospital,hospital
46.868529,9.541042,osm_psychiatrische_klinik_waldhaus_46.8685_9.5410,Psychiatrische Klinik Waldhaus,hospital,hospital
40.870326,14.219095,osm_azienda_ospedaliera_universitaria_federi_40.8703_14.2191,Azienda Ospedaliera Universitaria Federico II,hospital,hospital
46.503503,6.412001,osm_institution_de_lavigny_46.5035_6.4120,Institution de Lavigny,hospital,hospital
45.739343,9.142027,osm_ospedale_santantonio_abate_45.7393_9.1420,Ospedale Sant'Antonio Abate,hospital,hospital
46.052139,14.569706,osm_psihiatrina_klinika_ljubljana_46.0521_14.5697,Psihiatrična klinika Ljubljana,hospital,hospital
45.599590,9.886261,osm_ospedale_e_casa_di_riposo_nobile_paolo_r_45.5996_9.8863,Ospedale e Casa di Riposo Nobile Paolo Richiedei,hospital,hospital
43.119049,6.112542,osm_centre_hospitalier_de_hyres_43.1190_6.1125,Centre hospitalier de Hyères,hospital,hospital
47.058560,8.296978,osm_luzerner_kantonsspital_47.0586_8.2970,Luzerner Kantonsspital,hospital,hospital
44.965656,7.566911,osm_istituto_per_la_ricerca_e_la_cura_del_ca_44.9657_7.5669,Istituto per la Ricerca e la Cura del Cancro Candiolo (IR...,hospital,hospital
45.145575,10.772666,osm_istituti_ospedalieri_carlo_poma_45.1456_10.7727,Istituti Ospedalieri Carlo Poma,hospital,hospital
45.403552,11.890669,osm_azienda_ospedaliera_di_padova_45.4036_11.8907,Azienda Ospedaliera di Padova,hospital,hospital
45.402002,11.893165,osm_istituto_oncologico_veneto_45.4020_11.8932,Istituto Oncologico Veneto,hospital,hospital
45.416229,11.870574,osm_ospedale_militare_di_padova_45.4162_11.8706,Ospedale Militare di Padova,hospital,hospital
46.072644,18.221778,osm_pcsi_diagnosztikai_kzpont_46.0726_18.2218,Pécsi Diagnosztikai Központ,hospital,hospital
46.073321,18.220258,osm_pte_klinikai_kzpont_46.0733_18.2203,PTE Klinikai Központ,hospital,hospital
43.532413,6.453188,osm_clinique_notredame_43.5324_6.4532,Clinique Notre-Dame,hospital,hospital
43.114722,6.124126,osm_clinique_saintemarguerite_43.1147_6.1241,Clinique Sainte-Marguerite,hospital,hospital
45.895987,6.126631,osm_clinique_gnrale_45.8960_6.1266,Clinique Générale,hospital,hospital
43.308499,13.695355,osm_ospedale_di_civitanova_marche_43.3085_13.6954,Ospedale di Civitanova Marche,hospital,hospital
45.582625,18.461938,osm_zavod_za_fizikalnu_medicinu_i_rehabilita_45.5826_18.4619,Zavod za fizikalnu medicinu i rehabilitaciju,hospital,hospital
46.075225,18.205810,osm_400_gyas_klinika_46.0752_18.2058,400 ágyas klinika,hospital,hospital
46.075285,18.204605,osm_szvgygyszati_klinika_46.0753_18.2046,Szívgyógyászati Klinika,hospital,hospital
43.233988,6.148229,osm_centre_hospitalier_henri_gurin_43.2340_6.1482,Centre hospitalier Henri Guérin,hospital,hospital
47.414948,8.517437,osm_fachspital_suneegge_47.4149_8.5174,Fachspital Sune-Egge,hospital,hospital
38.105618,13.385089,osm_ospedale_buccheri_la_ferla_fatebenefrate_38.1056_13.3851,Ospedale Buccheri La Ferla Fatebenefratelli,hospital,hospital
43.758156,11.203697,osm_nuovo_ospedale_san_giovanni_di_dio_43.7582_11.2037,Nuovo Ospedale San Giovanni di Dio,hospital,hospital
46.942742,7.474445,osm_sonnenhofspital_46.9427_7.4744,Sonnenhofspital,hospital,hospital
45.308559,9.013534,osm_ospedale_c_mira_45.3086_9.0135,ospedale C. Mira,hospital,hospital
45.656651,8.791989,osm_azienda_ospedaliera_santantonio_abate_45.6567_8.7920,Azienda Ospedaliera Sant'Antonio Abate,hospital,hospital
43.871204,18.424756,osm_klinika_za_plune_bolesti_i_tuberkulozu_p_43.8712_18.4248,Klinika za plućne bolesti i tuberkulozu Podhrastovi,hospital,hospital
46.618239,14.296135,osm_unfallkrankenhaus_46.6182_14.2961,Unfallkrankenhaus,hospital,hospital
44.638534,8.640417,osm_ospedale_civile_44.6385_8.6404,Ospedale Civile,hospital,hospital
46.199820,6.181998,osm_clinique_des_grangettes_46.1998_6.1820,Clinique des Grangettes,hospital,hospital
47.120806,9.310511,osm_kantonsspital_graubnden_standort_walenst_47.1208_9.3105,"Kantonsspital Graubünden, Standort Walenstadt",hospital,hospital
45.816557,9.226499,osm_ospedale_sacra_famiglia_fatebenefratelli_45.8166_9.2265,Ospedale Sacra Famiglia Fatebenefratelli,hospital,hospital
43.858562,18.407445,osm_opa_bolnica_prim_dr_abdulah_naka_43.8586_18.4074,Opća bolnica Prim. dr. Abdulah Nakaš,hospital,hospital
46.952608,7.448273,osm_klinik_beausite_46.9526_7.4483,Klinik Beau-Site,hospital,hospital
46.909031,7.242951,osm_betagtenzentrum_laupen_46.9090_7.2430,Betagtenzentrum Laupen,hospital,hospital
45.393257,11.892540,osm_ospedale_santantonio_45.3933_11.8925,Ospedale Sant'Antonio,hospital,hospital
41.460071,13.667352,osm_ospedale_civile_pasquale_del_prete_ponte_41.4601_13.6674,Ospedale Civile Pasquale Del Prete Pontecorvo,hospital,hospital
41.146116,16.423911,osm_ospedale_umberto_i_41.1461_16.4239,Ospedale Umberto I,hospital,hospital
43.343541,11.330111,osm_policlinico_santa_maria_alle_scotte_43.3435_11.3301,Policlinico Santa Maria alle Scotte,hospital,hospital
47.473575,10.712445,osm_bezirkskrankenhaus_reutte_47.4736_10.7124,Bezirkskrankenhaus Reutte,hospital,hospital
43.662412,11.193227,osm_casa_di_riposo_san_giuseppe_43.6624_11.1932,Casa di Riposo San Giuseppe,hospital,hospital
46.527339,6.628221,osm_clinique_de_la_source_46.5273_6.6282,Clinique de la Source,hospital,hospital
37.458994,14.961737,osm_nas_sigonella_hospital_37.4590_14.9617,NAS Sigonella Hospital,hospital,hospital
41.313770,16.253678,osm_ospedale_monsignor_dimiccoli_41.3138_16.2537,Ospedale Monsignor Dimiccoli,hospital,hospital
47.388366,8.060293,osm_kantonsspital_aarau_47.3884_8.0603,Kantonsspital Aarau,hospital,hospital
47.390703,8.042560,osm_hirslanden_klinik_aarau_47.3907_8.0426,Hirslanden Klinik Aarau,hospital,hospital
41.858083,12.486840,osm_ospedale_cto_andrea_alesini_41.8581_12.4868,Ospedale CTO Andrea Alesini,hospital,hospital
43.730288,7.411136,osm_centre_hospitalier_princesse_grace_chpg_43.7303_7.4111,Centre hospitalier Princesse Grace (CHPG),hospital,hospital
47.113679,6.832978,osm_rseau_hospitalier_neuchtelois_la_chauxde_47.1137_6.8330,Réseau hospitalier neuchâtelois - La Chaux-de-Fonds,hospital,hospital
46.192000,6.148100,osm_hpitaux_universitaires_de_genve_46.1920_6.1481,Hôpitaux universitaires de Genève,hospital,hospital
36.958356,14.608106,osm_ospedale_regina_margherita_36.9584_14.6081,Ospedale Regina Margherita,hospital,hospital
41.633374,15.918888,osm_ospedale_san_camillo_de_lellis_41.6334_15.9189,Ospedale San Camillo De Lellis,hospital,hospital
43.684364,11.255964,osm_misericordia_di_impruneta_43.6844_11.2560,Misericordia di Impruneta,hospital,hospital
46.925542,6.630028,osm_hpital_neuchtelois_valdetravers_46.9255_6.6300,Hôpital neuchâtelois Val-de-Travers,hospital,hospital
47.205135,7.530431,osm_obach_47.2051_7.5304,Obach,hospital,hospital
45.326241,14.470046,osm_kliniki_bolniki_centar_rijeka_lokacija_s_45.3262_14.4700,"Klinički bolnički centar Rijeka, lokacija Sušak",hospital,hospital
43.059780,11.492571,osm_ospedale_di_montalcino_43.0598_11.4926,Ospedale di Montalcino,hospital,hospital
45.902068,16.848121,osm_opa_bolnica_dr_anelko_vii_bjelovar_45.9021_16.8481,Opća bolnica dr. Anđelko Višić Bjelovar,hospital,hospital
37.646546,14.871299,osm_ospedale_maria_santissima_addolorata_37.6465_14.8713,Ospedale Maria Santissima Addolorata,hospital,hospital
41.361257,13.415447,osm_san_giovanni_di_dio_41.3613_13.4154,San Giovanni di Dio,hospital,hospital
44.680358,8.450874,osm_ospedale_monsignor_giovanni_galliano_44.6804_8.4509,Ospedale Monsignor Giovanni Galliano,hospital,hospital
42.851565,13.620168,osm_ospedale_costanzo_e_gaetano_mazzoni_42.8516_13.6202,Ospedale Costanzo e Gaetano Mazzoni,hospital,hospital
44.358915,9.214226,osm_nostra_signora_di_montallegro_44.3589_9.2142,Nostra Signora di Montallegro,hospital,hospital
45.084116,10.261018,osm_fondazione_elisabetta_germani_45.0841_10.2610,Fondazione Elisabetta Germani,hospital,hospital
45.715438,9.693522,osm_don_orione_45.7154_9.6935,Don Orione,hospital,hospital
41.900577,12.425682,osm_clinica_villa_benedetta_41.9006_12.4257,Clinica Villa Benedetta,hospital,hospital
42.536283,12.031177,osm_ospedale_civile_di_montefiascone_42.5363_12.0312,Ospedale Civile di Montefiascone,hospital,hospital
45.399819,11.841938,osm_complesso_sociosanitario_ai_colli_45.3998_11.8419,Complesso Socio-Sanitario Ai Colli,hospital,hospital
43.958576,11.374601,osm_ospedale_del_mugello_43.9586_11.3746,Ospedale del Mugello,hospital,hospital
45.731577,9.725730,osm_ospedale_pesenti_fenaroli_45.7316_9.7257,Ospedale Pesenti Fenaroli,hospital,hospital
44.110894,15.099050,osm_psihijatrijska_bolnica_ugljan_44.1109_15.0991,Psihijatrijska bolnica Ugljan,hospital,hospital
45.132273,8.453185,osm_clinica_santanna_45.1323_8.4532,Clinica Sant'Anna,hospital,hospital
41.988409,14.991418,osm_ospedale_civile_san_timoteo_41.9884_14.9914,Ospedale Civile San Timoteo,hospital,hospital
43.609197,7.011647,osm_arnault_tzanck_mougins_43.6092_7.0116,Arnault Tzanck Mougins,hospital,hospital
44.683542,10.628648,osm_arcispedale_santa_maria_nuova_44.6835_10.6286,Arcispedale Santa Maria Nuova,hospital,hospital
43.907458,12.907138,osm_ospedale_san_salvatore_di_pesaro_sede_ce_43.9075_12.9071,Ospedale San Salvatore di Pesaro sede centrale,hospital,hospital
45.547633,9.045557,osm_ospedale_giuseppe_casati_45.5476_9.0456,Ospedale Giuseppe Casati,hospital,hospital
45.940739,6.634087,osm_hopital_de_jour_pour_adultes_de_sallanch_45.9407_6.6341,Hopital de jour pour adultes de Sallanches,hospital,hospital
45.940667,6.634220,osm_centre_medico_psychologique_adultes_de_s_45.9407_6.6342,Centre Medico Psychologique Adultes de Sallanches,hospital,hospital
44.599111,10.691810,osm_ospedale_cesare_magati_44.5991_10.6918,Ospedale Cesare Magati,hospital,hospital
40.834514,15.394697,osm_azienda_ospedialiera_san_carlo_40.8345_15.3947,Azienda Ospedialiera San Carlo,hospital,hospital
46.368537,6.466192,osm_hpital_de_jour_petite_enfance_bleu_solei_46.3685_6.4662,Hôpital de jour petite enfance Bleu Soleil,hospital,hospital
46.361402,6.461303,osm_hopital_de_jour_pedo_psychiatrique_46.3614_6.4613,Hopital de Jour Pedo Psychiatrique,hospital,hospital
47.059224,8.296888,osm_haus_31_spitalzentrum_47.0592_8.2969,Haus 31 (Spitalzentrum),hospital,hospital
44.775590,10.782713,osm_ospedale_san_sebastiano_44.7756_10.7827,Ospedale San Sebastiano,hospital,hospital
41.469641,15.527825,osm_casa_della_divina_provvidenza_ospedale_d_41.4696_15.5278,Casa della Divina Provvidenza Ospedale Don Uva,hospital,hospital
41.455635,15.547135,osm_casa_di_cura_maria_grazia_barone_41.4556_15.5471,Casa di Cura Maria Grazia Barone,hospital,hospital
37.530089,15.070335,osm_ospedale_gaspare_rodolico_37.5301_15.0703,Ospedale Gaspare Rodolico,hospital,hospital
45.837012,9.663011,osm_casa_di_cura_quarenghi_45.8370_9.6630,Casa di Cura Quarenghi,hospital,hospital
45.694846,8.535378,osm_istituto_scientifico_di_riabilitazione_d_45.6948_8.5354,Istituto Scientifico di Riabilitazione di Veruno - Fondaz...,hospital,hospital
45.072632,11.816111,osm_santa_maria_della_misericordia_45.0726_11.8161,Santa Maria della Misericordia,hospital,hospital
45.968983,12.653498,osm_ospedale_santa_maria_degli_angeli_45.9690_12.6535,Ospedale Santa Maria degli Angeli,hospital,hospital
45.120350,8.446546,osm_ospedale_santo_spirito_45.1204_8.4465,Ospedale Santo Spirito,hospital,hospital
45.170391,9.651768,osm_ospedale_civico_rossi_45.1704_9.6518,Ospedale Civico Rossi,hospital,hospital
37.352886,13.833926,osm_ospedale_barone_lombardo_37.3529_13.8339,Ospedale Barone Lombardo,hospital,hospital
44.319840,8.492203,osm_ospedale_san_paolo_44.3198_8.4922,Ospedale San Paolo,hospital,hospital
45.475130,9.231370,osm_istituto_nazionale_dei_tumori_45.4751_9.2314,Istituto Nazionale dei Tumori,hospital,hospital
42.424606,14.274893,osm_azienda_sanitaria_locale_asl2_lanciano_v_42.4246_14.2749,Azienda Sanitaria Locale ASL2 - Lanciano Vasto Chieti,hospital,hospital
44.399594,8.941023,osm_ospedale_galliera_44.3996_8.9410,Ospedale Galliera,hospital,hospital
44.414749,8.897421,osm_ospedale_villa_scassi_44.4147_8.8974,Ospedale Villa Scassi,hospital,hospital
44.499130,8.899797,osm_ospedale_andrea_gallino_44.4991_8.8998,Ospedale Andrea Gallino,hospital,hospital
46.959831,7.436956,osm_engeriedspital_46.9598_7.4370,Engeriedspital,hospital,hospital
45.919381,10.870296,osm_casa_di_cura_eremo_45.9194_10.8703,Casa di cura Eremo,hospital,hospital
43.971916,10.159615,osm_san_camillo_43.9719_10.1596,San Camillo,hospital,hospital
40.694581,14.710810,osm_presidio_ospedaliero_santa_maria_dellolm_40.6946_14.7108,Presidio Ospedaliero Santa Maria dell'Olmo,hospital,hospital
46.517697,10.124437,osm_casa_della_sanit_46.5177_10.1244,Casa della Sanità,hospital,hospital
45.558742,18.713346,osm_kliniki_bolniki_centar_osijek_45.5587_18.7133,Klinički bolnički centar Osijek,hospital,hospital
45.816828,15.897714,osm_klinika_za_psihijatriju_vrape_45.8168_15.8977,Klinika za psihijatriju Vrapče,hospital,hospital
45.809810,15.964725,osm_klinika_za_djeje_bolesti_45.8098_15.9647,Klinika za dječje bolesti,hospital,hospital
45.834625,16.035409,osm_klinika_bolnica_dubrava_45.8346_16.0354,Klinička bolnica Dubrava,hospital,hospital
45.925790,8.548741,osm_presidio_ospedalieri_g_castelli_45.9258_8.5487,Presidio ospedalieri G. Castelli,hospital,hospital
45.608868,10.796252,osm_ospedale_di_caprino_veronese_45.6089_10.7963,Ospedale di Caprino Veronese,hospital,hospital
46.191484,6.149836,osm_clinique_de_la_colline_46.1915_6.1498,Clinique de la Colline,hospital,hospital
45.816010,15.951540,osm_kliniki_bolniki_centar_sestre_milosrdnic_45.8160_15.9515,Klinički bolnički centar Sestre milosrdnice - Vinogradska,hospital,hospital
46.771284,6.646886,osm_hpital_dyverdonlesbains_46.7713_6.6469,Hôpital d'Yverdon-les-Bains,hospital,hospital
38.095200,13.365674,osm_ospedale_guadagna_38.0952_13.3657,Ospedale Guadagna,hospital,hospital
38.100810,13.358836,osm_cardiologia_38.1008_13.3588,Cardiologia,hospital,hospital
38.103341,13.354723,osm_ospedale_civico_e_benefratelli_g_di_cris_38.1033_13.3547,Ospedale Civico e Benefratelli G. Di Cristina e M. Ascoli,hospital,hospital
38.108571,13.335196,osm_asl_ex_ospedale_psichiatrico_38.1086_13.3352,ASL (ex Ospedale Psichiatrico),hospital,hospital
38.092817,13.311401,osm_ospedale_g_f_ingrassia_38.0928_13.3114,Ospedale G. F. Ingrassia,hospital,hospital
41.703481,12.757604,osm_ospedale_san_raffaele_41.7035_12.7576,Ospedale San Raffaele,hospital,hospital
45.825739,16.003420,osm_klinika_za_plune_bolesti_45.8257_16.0034,Klinika za plućne bolesti,hospital,hospital
45.830239,15.981376,osm_klinika_za_infektivne_bolesti_dr_fran_mi_45.8302_15.9814,Klinika za infektivne bolesti Dr. Fran Mihaljević,hospital,hospital
47.078679,15.398079,osm_unfallkrankenhaus_steiermark_standort_gr_47.0787_15.3981,"Unfallkrankenhaus Steiermark, Standort Graz",hospital,hospital
47.037979,15.418632,osm_lkh_graz_ii_standort_sd_47.0380_15.4186,LKH Graz II Standort Süd,hospital,hospital
38.148605,13.371670,osm_ospedale_enrico_albanese_38.1486_13.3717,Ospedale Enrico Albanese,hospital,hospital
47.077724,15.399752,osm_lkh_graz_ii_standort_west_47.0777_15.3998,LKH Graz II Standort West,hospital,hospital
46.182798,6.157297,osm_home_de_valfleuri_46.1828_6.1573,Home de Val-Fleuri,hospital,hospital
46.198670,6.084809,osm_hpital_de_lox_46.1987_6.0848,Hôpital de Loëx,hospital,hospital
45.917010,11.167132,osm_croce_rossa_e_guardia_medica_45.9170_11.1671,Croce Rossa e Guardia Medica,hospital,hospital
44.400303,8.663688,osm_la_colletta_44.4003_8.6637,La Colletta,hospital,hospital
45.728844,8.996809,osm_casa_di_cura_le_betulle_45.7288_8.9968,Casa di cura Le Betulle,hospital,hospital
45.317094,8.413849,osm_ospedale_santandrea_45.3171_8.4138,Ospedale Sant'Andrea,hospital,hospital
41.704198,12.678494,osm_ospedale_de_santis_41.7042_12.6785,Ospedale De Santis,hospital,hospital
43.950255,12.455513,osm_ospedale_di_stato_istituto_per_la_sicure_43.9503_12.4555,Ospedale di Stato - Istituto per la Sicurezza Sociale,hospital,hospital
44.916108,8.621967,osm_ospedale_civile_santi_antonio_e_biagio_e_44.9161_8.6220,Ospedale Civile Santi Antonio e Biagio e Cesare Arrigo,hospital,hospital
44.916181,8.625918,osm_ospedale_infantile_cesare_arrigo_44.9162_8.6259,Ospedale Infantile Cesare Arrigo,hospital,hospital
46.208442,6.215671,osm_hpital_des_troischne_46.2084_6.2157,Hôpital des Trois-Chêne,hospital,hospital
43.537727,10.307501,osm_casa_di_cura_villa_tirrena_43.5377_10.3075,Casa di Cura Villa Tirrena,hospital,hospital
46.203697,6.183094,osm_ems_le_nouveau_prieur_46.2037_6.1831,EMS Le Nouveau Prieuré,hospital,hospital
46.204685,6.183179,osm_foyer_eynard_fatio_46.2047_6.1832,Foyer Eynard Fatio,hospital,hospital
47.048096,7.279696,osm_spital_aarberg_47.0481_7.2797,Spital Aarberg,hospital,hospital
47.251763,17.083676,osm_markusovszky_egyetemi_oktatkrhz_47.2518_17.0837,Markusovszky Egyetemi Oktatókórház,hospital,hospital
43.736573,11.223957,osm_misericordia_del_galluzzo_43.7366_11.2240,Misericordia del Galluzzo,hospital,hospital
44.121179,9.949244,osm_presidio_ospedaliero_san_bartolomeo_44.1212_9.9492,Presidio Ospedaliero San Bartolomeo,hospital,hospital
47.060614,6.602947,osm_centre_hospitalier_paul_nappez_morteau_47.0606_6.6029,Centre Hospitalier Paul Nappez Morteau,hospital,hospital
44.568150,6.069117,osm_centre_rhneazur_44.5681_6.0691,Centre Rhône-Azur,hospital,hospital
43.377572,6.296554,osm_hopital_local_dpartemental_43.3776_6.2966,Hopital local départemental,hospital,hospital
46.958174,7.427875,osm_lindenhofspital_46.9582_7.4279,Lindenhofspital,hospital,hospital
43.818940,6.090125,osm_hpital_de_riez_43.8189_6.0901,Hôpital de Riez,hospital,hospital
36.810809,10.083077,osm_poi_36.8108_10.0831,مستشفى الرازي,hospital,hospital
47.230828,7.842796,osm_haus_c_47.2308_7.8428,Haus C,hospital,hospital
44.912303,8.194291,osm_ospedale_cardinal_massaia_44.9123_8.1943,Ospedale Cardinal Massaia,hospital,hospital
45.997175,18.682378,osm_mohcsi_krhz_45.9972_18.6824,Mohácsi Kórház,hospital,hospital
36.867059,10.291253,osm_poi_36.8671_10.2913,مستشفى المنجي سليم,hospital,hospital
47.423115,15.267657,osm_landeskrankenhaus_hochsteiermark_standor_47.4231_15.2677,Landeskrankenhaus Hochsteiermark - Standort Bruck an der Mur,hospital,hospital
43.737703,7.424841,osm_centre_cardio_thoracique_de_monaco_43.7377_7.4248,Centre Cardio Thoracique de Monaco,hospital,hospital
45.791460,9.089182,osm_vecchio_ospedale_santanna_45.7915_9.0892,Vecchio Ospedale Sant'Anna,hospital,hospital
36.796725,10.168807,osm_poi_36.7967_10.1688,مستشفى عزيزة عثمانة,hospital,hospital
36.802716,10.160736,osm_poi_36.8027_10.1607,مستشفى شارل نيكول,hospital,hospital
36.802286,10.155065,osm_poi_36.8023_10.1551,مستشفى الرابطة,hospital,hospital
36.785902,10.178562,osm_poi_36.7859_10.1786,المستشفى العسكري الأصلي للتعليم بتونس,hospital,hospital
40.872831,14.277093,osm_ospedale_san_giovanni_bosco_40.8728_14.2771,Ospedale San Giovanni Bosco,hospital,hospital
45.914062,6.862329,osm_centre_hospitalier_chamonix_mont_blanc_45.9141_6.8623,Centre hospitalier Chamonix Mont Blanc,hospital,hospital
43.340661,12.906127,osm_ospedale_engles_profili_43.3407_12.9061,Ospedale Engles Profili,hospital,hospital
41.931765,12.429715,osm_policlinico_universitario_agostino_gemel_41.9318_12.4297,Policlinico Universitario Agostino Gemelli,hospital,hospital
41.963588,12.450711,osm_ospedale_san_pietro_fatebenefratelli_41.9636_12.4507,Ospedale San Pietro Fatebenefratelli,hospital,hospital
41.805223,12.602731,osm_azienda_unit_sanitaria_locale_roma_h_41.8052_12.6027,Azienda Unità Sanitaria Locale Roma H,hospital,hospital
47.052483,15.140432,osm_lkh_graz_ii_standort_voitsberg_47.0525_15.1404,"LKH Graz II, Standort Voitsberg",hospital,hospital
46.812119,15.230734,osm_lkh_sdweststeiermark_standort_deutschlan_46.8121_15.2307,"LKH Südweststeiermark, Standort Deutschlandsberg",hospital,hospital
36.829149,10.315662,osm_poi_36.8291_10.3157,مستشفى خير الدين,hospital,hospital
47.352510,6.357945,osm_hpital_saintecroix_47.3525_6.3579,Hôpital Sainte-Croix,hospital,hospital
44.510176,11.828107,osm_ospedale_conselice_44.5102_11.8281,Ospedale Conselice,hospital,hospital
36.831937,10.230919,osm_polyclinique_les_berges_du_lac_36.8319_10.2309,Polyclinique Les Berges du Lac,hospital,hospital
41.868755,12.589588,osm_policlinico_casilino_41.8688_12.5896,Policlinico Casilino,hospital,hospital
41.901338,12.430532,osm_istituto_dermopatico_dellimmacolata_41.9013_12.4305,Istituto Dermopatico dell'Immacolata,hospital,hospital
41.066536,16.926716,osm_ospedale_francesca_fallacara_41.0665_16.9267,Ospedale Francesca Fallacara,hospital,hospital
46.769218,14.353452,osm_krankenhaus_der_barmherzigen_brder_stvei_46.7692_14.3535,Krankenhaus der Barmherzigen Brüder St.Veit/Glan,hospital,hospital
40.618830,15.050459,osm_presidio_ospedaliero_maria_ss_addolorata_40.6188_15.0505,Presidio Ospedaliero Maria SS. Addolorata,hospital,hospital
46.393622,16.433851,osm_upanijska_bolnica_akovec_46.3936_16.4339,Županijska bolnica Čakovec,hospital,hospital
36.831944,10.155795,osm_poi_36.8319_10.1558,مصحة التوفيق,hospital,hospital
40.603232,15.047799,osm_azienda_sanitaria_locale_40.6032_15.0478,Azienda Sanitaria Locale,hospital,hospital
40.667777,15.101490,osm_azienda_sanitaria_locale_40.6678_15.1015,Azienda Sanitaria Locale,hospital,hospital
43.684839,11.214634,osm_terme_di_firenze_43.6848_11.2146,Terme di Firenze,hospital,hospital
44.891953,11.611520,osm_casa_di_cura_privata_di_s_m_maddalena_44.8920_11.6115,Casa di Cura Privata di S. M. Maddalena,hospital,hospital
36.840709,10.191437,osm_poi_36.8407_10.1914,مركز الطب الرياضي,hospital,hospital
36.833380,10.181212,osm_poi_36.8334_10.1812,الصيدلية المركزية,hospital,hospital
46.676957,11.152183,osm_franztappeinerkrankenhaus_ospedale_franz_46.6770_11.1522,Franz-Tappeiner-Krankenhaus - Ospedale Franz Tappeiner,hospital,hospital
36.766049,10.261014,osm_poi_36.7660_10.2610,المستشفى الجهوي برادس,hospital,hospital
45.158980,9.712778,osm_ospedale_civico_di_codogno_45.1590_9.7128,Ospedale Civico di Codogno,hospital,hospital
41.926962,12.429917,osm_complesso_integrato_columbus_41.9270_12.4299,Complesso Integrato Columbus,hospital,hospital
45.082045,7.656848,osm_ospedale_maria_vittoria_45.0820_7.6568,Ospedale Maria Vittoria,hospital,hospital
41.931299,12.426744,osm_hospice_villa_speranza_41.9313_12.4267,Hospice Villa Speranza,hospital,hospital
41.920427,12.414807,osm_asl_rme_41.9204_12.4148,ASL RME,hospital,hospital
41.917897,12.420785,osm_ospedale_cristo_re_41.9179_12.4208,Ospedale Cristo Re,hospital,hospital
45.975756,11.092579,osm_ambulatori_medico_e_guardia_medica_45.9758_11.0926,Ambulatori Medico e Guardia Medica,hospital,hospital
46.083233,6.407588,osm_emas_46.0832_6.4076,EMAS,hospital,hospital
47.069581,15.426272,osm_krankenhaus_der_elisabethinen_graz_47.0696_15.4263,Krankenhaus der Elisabethinen Graz,hospital,hospital
37.829081,12.802929,osm_presidio_ospedaliero_vittorio_emanuele_i_37.8291_12.8029,Presidio ospedaliero Vittorio Emanuele III,hospital,hospital
44.463828,11.391438,osm_ospedale_bellaria_44.4638_11.3914,Ospedale Bellaria,hospital,hospital
36.867753,10.177636,osm_hpital_ibn_nafis_36.8678_10.1776,Hôpital Ibn Nafis,hospital,hospital
36.867836,10.182901,osm_poi_36.8678_10.1829,مستشفى محمود الماطري بأريانة,hospital,hospital
46.522157,6.500135,osm_hpital_de_morges_46.5222_6.5001,Hôpital de Morges,hospital,hospital
36.823455,10.179222,osm_poi_36.8235_10.1792,معهد باستور,hospital,hospital
46.078745,13.228087,osm_ospedale_civile_santa_maria_della_miseri_46.0787_13.2281,Ospedale Civile Santa Maria della Misericordia,hospital,hospital
45.770559,9.269536,osm_ospedale_villa_beretta_45.7706_9.2695,Ospedale Villa Beretta,hospital,hospital
43.158466,13.714375,osm_villa_verde_43.1585_13.7144,Villa Verde,hospital,hospital
45.097202,7.701375,osm_ospedale_san_giovanni_bosco_45.0972_7.7014,Ospedale San Giovanni Bosco,hospital,hospital
45.802280,9.102372,osm_hospice_45.8023_9.1024,Hospice,hospital,hospital
46.178176,11.070943,osm_croce_bianca_fai_della_paganella_46.1782_11.0709,Croce bianca Fai della Paganella,hospital,hospital
44.423967,6.000384,osm_centre_mdical_rio_vert_44.4240_6.0004,Centre médical Rio Vert,hospital,hospital
45.055194,9.680342,osm_guglielmo_da_saliceto_45.0552_9.6803,Guglielmo da Saliceto,hospital,hospital
45.513209,12.222786,osm_ospedale_dellangelo_45.5132_12.2228,Ospedale dell'Angelo,hospital,hospital
44.071995,7.257919,osm_hpital_saintantoine_44.0720_7.2579,Hôpital Saint-Antoine,hospital,hospital
40.922421,14.746102,osm_casa_di_cura_montevergine_40.9224_14.7461,Casa di Cura Montevergine,hospital,hospital
37.161287,9.796917,osm_poi_37.1613_9.7969,المستشفى الجهوي بمنزل بورقيبة,hospital,hospital
45.047493,9.685081,osm_ex_ospedale_militare_45.0475_9.6851,Ex Ospedale Militare,hospital,hospital
45.299014,14.278332,osm_klinika_za_ortopediju_lovran_45.2990_14.2783,Klinika za ortopediju Lovran,hospital,hospital
43.505483,16.469030,osm_kbc_split_kriine_43.5055_16.4690,KBC Split - Križine,hospital,hospital
46.787518,9.814512,osm_spital_davos_46.7875_9.8145,Spital Davos,hospital,hospital
43.613912,13.439148,osm_clinica_di_riabilitazione_villa_adria_43.6139_13.4391,Clinica di Riabilitazione Villa Adria,hospital,hospital
41.444684,15.560882,osm_asl_foggia_41.4447_15.5609,ASL Foggia,hospital,hospital
44.319732,9.325033,osm_polo_ospedaliero_di_chiavari_44.3197_9.3250,Polo Ospedaliero di Chiavari,hospital,hospital
42.666692,13.714839,osm_ospedale_civile_giuseppe_mazzini_42.6667_13.7148,Ospedale Civile Giuseppe Mazzini,hospital,hospital
45.553182,9.186677,osm_asst_nord_milano_casa_di_comunit_di_cusa_45.5532_9.1867,ASST Nord Milano - Casa di Comunità di Cusano Milanino,hospital,hospital
40.464443,17.248579,osm_ospedale_ss_annunziata_40.4644_17.2486,Ospedale SS. Annunziata,hospital,hospital
44.488485,11.367429,osm_policlinico_santorsolamalpighi_44.4885_11.3674,Policlinico Sant'Orsola-Malpighi,hospital,hospital
44.491510,11.360962,osm_policlinico_santorsolamalpighi_44.4915_11.3610,Policlinico Sant'Orsola-Malpighi,hospital,hospital
44.490259,11.364714,osm_policlinico_santorsolamalpighi_44.4903_11.3647,Policlinico Sant'Orsola-Malpighi,hospital,hospital
47.494946,9.463187,osm_seniorenzentrum_horn_47.4949_9.4632,Seniorenzentrum Horn,hospital,hospital
43.784752,7.648217,osm_pronto_soccorso_ospedale_saint_charles_43.7848_7.6482,Pronto Soccorso Ospedale Saint Charles,hospital,hospital
47.430683,9.388578,osm_kantonsspital_st_gallen_47.4307_9.3886,Kantonsspital St. Gallen,hospital,hospital
42.792693,13.801303,osm_ospedale_val_vibrata_42.7927_13.8013,Ospedale Val Vibrata,hospital,hospital
43.461484,11.867389,osm_ospedale_san_donato_43.4615_11.8674,Ospedale San Donato,hospital,hospital
47.351893,8.576156,osm_hirslanden_herzzentrum_47.3519_8.5762,Hirslanden Herzzentrum,hospital,hospital
40.682025,14.766065,osm_oo_rr_s_giovanni_di_dio_e_ruggi_daragona_40.6820_14.7661,O.O. R.R. S. Giovanni di Dio e Ruggi D'Aragona,hospital,hospital
37.221985,14.515899,osm_presidio_ospedaliero_gravina_e_san_pietr_37.2220_14.5159,Presidio Ospedaliero Gravina e San Pietro - ospedale Gravina,hospital,hospital
36.770641,10.229487,osm_dispensaire_mgrine_36.7706_10.2295,Dispensaire Mégrine,hospital,hospital
36.910753,7.746560,osm_chu_ibn_rochd_36.9108_7.7466,CHU Ibn Rochd,hospital,hospital
39.294170,16.248644,osm_azienda_ospedaliera_di_cosenza_ss_annunz_39.2942_16.2486,Azienda Ospedaliera di Cosenza SS. Annunziata,hospital,hospital
46.641322,7.060155,osm_hpital_riaz_46.6413_7.0602,Hôpital Riaz,hospital,hospital
44.387799,6.649527,osm_hpital_pierre_grous_44.3878_6.6495,Hôpital Pierre Grouès,hospital,hospital
47.362851,9.681368,osm_landeskrankenhaus_hohenems_47.3629_9.6814,Landeskrankenhaus Hohenems,hospital,hospital
47.270542,15.324175,osm_klinikum_theresienhof_47.2705_15.3242,Klinikum Theresienhof,hospital,hospital
44.329216,7.548256,osm_presidio_sanitario_multifunzionale_44.3292_7.5483,Presidio sanitario multifunzionale,hospital,hospital
43.593974,6.924314,osm_clinique_du_val_destreilles_43.5940_6.9243,Clinique du Val d'Estreilles,hospital,hospital
38.353019,16.005877,osm_ospedale_di_taurianova_38.3530_16.0059,Ospedale di Taurianova,hospital,hospital
46.172403,12.713396,osm_ospedale_immacolata_concezione_46.1724_12.7134,Ospedale Immacolata Concezione,hospital,hospital
43.850657,10.517812,osm_cittadella_della_salute_campo_di_marte_43.8507_10.5178,Cittadella della Salute Campo di Marte,hospital,hospital
44.643626,7.661741,osm_ospedale_maggiore_santissima_annunziata_44.6436_7.6617,Ospedale Maggiore Santissima Annunziata,hospital,hospital
46.649706,16.188750,osm_splona_bolninica_murska_sobota_46.6497_16.1888,Splošna bolnišnica Murska Sobota,hospital,hospital
40.653239,16.611667,osm_ospedale_madonna_delle_grazie_40.6532_16.6117,Ospedale Madonna delle Grazie,hospital,hospital
46.656089,7.066967,osm_hpital_de_marsens_46.6561_7.0670,Hôpital de Marsens,hospital,hospital
46.547125,6.607494,osm_hpital_de_cery_46.5471_6.6075,Hôpital de Cery,hospital,hospital
44.557176,6.072937,osm_centre_hospitalier_intercommunal_des_alp_44.5572_6.0729,Centre hospitalier intercommunal des Alpes du Sud,hospital,hospital
45.332359,14.427440,osm_kliniki_bolniki_centar_rijeka_45.3324_14.4274,Klinički bolnički centar Rijeka,hospital,hospital
45.410054,11.860031,osm_casa_di_cura_villa_maria_45.4101_11.8600,Casa di Cura Villa Maria,hospital,hospital
45.935730,13.604934,osm_ospedale_san_giovanni_di_dio_45.9357_13.6049,Ospedale San Giovanni di Dio,hospital,hospital
40.718587,8.554131,osm_ospedale_civile_santissima_annunziata_40.7186_8.5541,Ospedale Civile Santissima Annunziata,hospital,hospital
46.188137,6.149945,osm_hpital_beausjour_hug_46.1881_6.1499,Hôpital Beau-Séjour (HUG),hospital,hospital
46.258559,6.205965,osm_hpital_de_bellerive_hug_46.2586_6.2060,Hôpital de Bellerive (HUG),hospital,hospital
37.643671,12.614849,osm_poliambulatorio_lo_re_37.6437_12.6148,Poliambulatorio Lo Re,hospital,hospital
40.754876,14.526200,osm_ospedale_mauro_scarlato_40.7549_14.5262,Ospedale Mauro Scarlato,hospital,hospital
43.411012,11.135992,osm_usl_colle_di_val_delsa_43.4110_11.1360,USL Colle di Val d'Elsa,hospital,hospital
46.540008,9.878767,osm_spital_oberengadin_ospidel_engiadinota_46.5400_9.8788,Spital Oberengadin / Ospidel Engiadin'Ota,hospital,hospital
45.476428,16.369505,osm_opa_bolnica_dr_ivo_pedii_45.4764_16.3695,Opća bolnica dr. Ivo Pedišić,hospital,hospital
38.027948,12.549865,osm_presidio_ospedaliero_santantonio_abate_38.0279_12.5499,Presidio Ospedaliero Sant'Antonio Abate,hospital,hospital
37.674185,12.796632,osm_presidio_ospedaliero_vittorio_emanuele_i_37.6742_12.7966,Presidio Ospedaliero Vittorio Emanuele II,hospital,hospital
40.583102,17.122787,osm_matteo_pagliari_40.5831_17.1228,Matteo Pagliari,hospital,hospital
38.188675,15.252451,osm_presidio_ospedaliero_giuseppe_fogliani_38.1887_15.2525,Presidio ospedaliero Giuseppe Fogliani,hospital,hospital
38.356738,16.078657,osm_struttura_polispecialistica_cittanova_38.3567_16.0787,Struttura polispecialistica Cittanova,hospital,hospital
42.351042,14.173875,osm_ex_ospedale_civile_42.3510_14.1739,Ex Ospedale Civile,hospital,hospital
45.556402,11.545980,osm_ospedale_civile_di_vicenza_san_bortolo_45.5564_11.5460,Ospedale Civile di Vicenza San Bortolo,hospital,hospital
45.557571,11.543468,osm_ospedale_civile_di_vicenza_san_bortolo_45.5576_11.5435,Ospedale Civile di Vicenza San Bortolo,hospital,hospital
46.138699,12.200634,osm_ospedale_san_martino_46.1387_12.2006,Ospedale San Martino,hospital,hospital
45.431715,12.322875,osm_ospedale_giustinian_45.4317_12.3229,Ospedale Giustinian,hospital,hospital
45.485817,12.209958,osm_servizio_per_le_dipendenze_serd_45.4858_12.2100,Servizio per le Dipendenze (SerD),hospital,hospital
45.548521,11.559344,osm_casa_di_cura_villa_berica_45.5485_11.5593,Casa di cura Villa Berica,hospital,hospital
45.543644,11.545564,osm_casa_di_cura_privata_eretenia_45.5436_11.5456,Casa di Cura privata Eretenia,hospital,hospital
45.543117,11.532052,osm_complesso_san_felice_ulss_8_45.5431_11.5321,Complesso San Felice ULSS 8,hospital,hospital
44.788574,10.319669,osm_piccole_figlie_hospital_44.7886_10.3197,Piccole Figlie Hospital,hospital,hospital
43.918078,10.904116,osm_ospedale_san_jacopo_43.9181_10.9041,Ospedale San Jacopo,hospital,hospital
43.686242,7.211942,osm_centre_antoine_lacassagne_43.6862_7.2119,Centre Antoine Lacassagne,hospital,hospital
43.689137,7.241226,osm_clinique_santamaria_43.6891_7.2412,Clinique Santa-Maria,hospital,hospital
43.689436,7.241645,osm_fondation_lenval_hpital_pour_enfants_43.6894_7.2416,Fondation Lenval - Hôpital pour Enfants,hospital,hospital
38.152102,15.221314,osm_ospedale_giuseppe_cutroni_zodda_38.1521_15.2213,Ospedale Giuseppe Cutroni Zodda,hospital,hospital
45.878727,12.292560,osm_presidio_ospedaliero_de_gironcoli_45.8787_12.2926,Presidio Ospedaliero De Gironcoli,hospital,hospital
45.881899,12.289211,osm_presidio_ospedaliero_di_conegliano_45.8819_12.2892,Presidio Ospedaliero di Conegliano,hospital,hospital
45.513342,11.543124,osm_villa_margherita_45.5133_11.5431,Villa Margherita,hospital,hospital
45.007376,8.634576,osm_asl_al_presidio_di_valenza_45.0074_8.6346,ASL AL - Presidio di Valenza,hospital,hospital
43.612398,11.475812,osm_ospedale_serristori_43.6124_11.4758,Ospedale Serristori,hospital,hospital
45.421681,12.384583,osm_distretto_socio_sanitario_del_lido_45.4217_12.3846,Distretto Socio Sanitario del Lido,hospital,hospital
44.732697,10.402720,osm_ospedale_maria_luigia_44.7327_10.4027,Ospedale Maria Luigia,hospital,hospital
43.504060,16.459193,osm_kliniki_bolniki_centar_split_firule_43.5041_16.4592,Klinički bolnički centar Split - Firule,hospital,hospital
44.412860,8.896770,osm_padiglione_dea_44.4129_8.8968,Padiglione DEA,hospital,hospital
41.690307,15.384894,osm_ospedale_teresa_masselli_mascia_41.6903_15.3849,Ospedale Teresa Masselli Mascia,hospital,hospital
43.678162,7.228442,osm_cabinet_dorthodontie_corazza_debize_43.6782_7.2284,CABINET D'ORTHODONTIE CORAZZA DEBIZE,hospital,hospital
41.897629,12.438663,osm_san_carlo_di_nancy_41.8976_12.4387,San Carlo di Nancy,hospital,hospital
46.010476,15.302519,osm_zdravstveni_dom_sevnica_46.0105_15.3025,Zdravstveni dom Sevnica,hospital,hospital
37.073284,14.230394,osm_ospedale_civile_vittorio_emanuele_37.0733_14.2304,Ospedale Civile Vittorio Emanuele,hospital,hospital
42.366009,14.152719,osm_ospedale_clinicizzato_santissima_annunzi_42.3660_14.1527,Ospedale Clinicizzato Santissima Annunziata,hospital,hospital
45.536560,9.219258,osm_multimedica_45.5366_9.2193,Multimedica,hospital,hospital
45.536610,9.224211,osm_ospedale_citt_di_sesto_san_giovanni_45.5366_9.2242,Ospedale città di Sesto San Giovanni,hospital,hospital
41.286183,13.256421,osm_villa_azzurra_hospice_poliambulatorio_41.2862_13.2564,Villa Azzurra - Hospice Poliambulatorio,hospital,hospital
40.646750,14.875189,osm_asl_40.6468_14.8752,A.S.L.,hospital,hospital
45.776924,12.035427,osm_ospedale_civile_di_montebelluna_san_vale_45.7769_12.0354,Ospedale Civile di Montebelluna San Valentino,hospital,hospital
45.634687,12.573533,osm_ospedale_di_san_don_di_piave_45.6347_12.5735,Ospedale di San Donà di Piave,hospital,hospital
45.632593,12.562909,osm_casa_di_cura_rizzola_45.6326_12.5629,Casa di Cura Rizzola,hospital,hospital
45.348233,10.838792,osm_ospedale_marcello_magalini_45.3482_10.8388,Ospedale Marcello Magalini,hospital,hospital
40.341243,14.997022,osm_presidio_ospedaliero_agropoli_40.3412_14.9970,Presidio ospedaliero Agropoli,hospital,hospital
40.614893,15.067387,osm_azienda_sanitaria_locale_40.6149_15.0674,Azienda Sanitaria Locale,hospital,hospital
46.631619,14.302876,osm_lkh_klagenfurt_46.6316_14.3029,LKH Klagenfurt,hospital,hospital
40.324826,9.316470,osm_ospedale_san_francesco_40.3248_9.3165,Ospedale San Francesco,hospital,hospital
40.321736,9.318117,osm_ospedale_cesare_zonchello_40.3217_9.3181,Ospedale Cesare Zonchello,hospital,hospital
45.698099,9.427393,osm_ospedale_san_leopoldo_mandic_45.6981_9.4274,Ospedale San Leopoldo Mandic,hospital,hospital
45.039464,7.674238,osm_ospedale_molinette_45.0395_7.6742,Ospedale Molinette,hospital,hospital
41.055598,14.342353,osm_asl_caserta_palazzo_della_salute_41.0556_14.3424,ASL Caserta Palazzo della salute,hospital,hospital
44.537715,10.793144,osm_casa_di_cura_villa_fiorita_44.5377_10.7931,Casa di cura Villa Fiorita,hospital,hospital
46.023592,11.908035,osm_ospedale_santa_maria_del_prato_46.0236_11.9080,Ospedale Santa Maria del Prato,hospital,hospital
45.713858,9.679070,osm_casa_di_cura_privata_villa_santa_apollon_45.7139_9.6791,Casa di Cura Privata Villa Santa Apollonia,hospital,hospital
44.474283,11.636072,osm_polo_sanitario_di_medicina_44.4743_11.6361,Polo Sanitario di Medicina,hospital,hospital
40.069672,15.617904,osm_presidio_ospedaliero_dellimmacolata_40.0697_15.6179,Presidio Ospedaliero dell'Immacolata,hospital,hospital
43.837772,13.022381,osm_ospedale_santa_croce_43.8378_13.0224,Ospedale Santa Croce,hospital,hospital
40.702341,14.490075,osm_ospedale_san_leonardo_40.7023_14.4901,Ospedale San Leonardo,hospital,hospital
40.703207,14.489885,osm_clinica_villa_stabia_40.7032_14.4899,Clinica Villa Stabia,hospital,hospital
40.660799,14.426158,osm_ospedale_de_luca_e_rossano_40.6608_14.4262,Ospedale De Luca e Rossano,hospital,hospital
41.112663,16.851891,osm_la_madonnina_lifecare_41.1127_16.8519,La Madonnina Life&Care,hospital,hospital
45.546466,9.215530,osm_ospedale_bassini_45.5465_9.2155,Ospedale Bassini,hospital,hospital
44.465591,11.409191,osm_villa_silvia_44.4656_11.4092,Villa Silvia,hospital,hospital
38.181690,15.544235,osm_azienda_ospedale_piemonte_38.1817_15.5442,Azienda Ospedale Piemonte,hospital,hospital
44.288630,11.874431,osm_ospedale_degli_infermi_44.2886_11.8744,Ospedale degli Infermi,hospital,hospital
44.286335,11.866553,osm_san_pier_damiano_hospital_44.2863_11.8666,San Pier Damiano Hospital,hospital,hospital
45.987437,12.320611,osm_presidio_ospedaliero_di_vittorio_veneto_45.9874_12.3206,Presidio Ospedaliero di Vittorio Veneto,hospital,hospital
43.890501,11.063921,osm_ospedale_santo_stefano_43.8905_11.0639,Ospedale Santo Stefano,hospital,hospital
44.819526,7.205713,osm_ospedale_valdese_44.8195_7.2057,Ospedale Valdese,hospital,hospital
44.715830,11.149959,osm_pubblica_assistenza_crevalcore_44.7158_11.1500,Pubblica Assistenza Crevalcore,hospital,hospital
38.164839,15.533420,osm_policlinico_universitario_gaetano_martin_38.1648_15.5334,Policlinico Universitario Gaetano Martino,hospital,hospital
41.932123,13.087046,osm_arnaldo_angelucci_41.9321_13.0870,Arnaldo Angelucci,hospital,hospital
46.479074,6.852815,osm_fondation_de_nant_46.4791_6.8528,Fondation de Nant,hospital,hospital
43.710085,10.429134,osm_pubblica_assistenza_sr_pisa_43.7101_10.4291,Pubblica Assistenza S.R. Pisa,hospital,hospital
46.627411,14.296366,osm_privatklinik_maria_hilf_46.6274_14.2964,Privatklinik Maria Hilf,hospital,hospital
45.522757,10.201177,osm_pilastroni_45.5228_10.2012,Pilastroni,hospital,hospital
46.141208,6.320756,osm_centre_hospitalier_alpes_lman_46.1412_6.3208,Centre hospitalier Alpes Léman,hospital,hospital
39.219511,9.110867,osm_ospedale_militare_amerigo_demurtas_39.2195_9.1109,Ospedale Militare Amerigo Demurtas,hospital,hospital
39.221049,9.111999,osm_ospedale_civile_san_giovanni_di_dio_39.2210_9.1120,Ospedale Civile San Giovanni di Dio,hospital,hospital
44.409013,12.187191,osm_mezzi_soccorso_118_44.4090_12.1872,Mezzi Soccorso 118,hospital,hospital
42.231154,14.397785,osm_ospedale_floraspe_renzetti_42.2312_14.3978,Ospedale Floraspe Renzetti,hospital,hospital
38.263889,15.596925,osm_azienda_ospedaliera_papardo_38.2639_15.5969,Azienda Ospedaliera Papardo,hospital,hospital
43.882074,10.767156,osm_clinica_santa_rita_43.8821_10.7672,Clinica Santa Rita,hospital,hospital
45.467067,7.872991,osm_ospedale_civile_ivrea_45.4671_7.8730,Ospedale Civile Ivrea,hospital,hospital
38.377902,15.870446,osm_asp_5_reggio_calabria_ex_asl_10_palmi_38.3779_15.8704,ASP 5 Reggio Calabria - Ex ASL 10 Palmi,hospital,hospital
41.119659,14.796324,osm_ospedale_gaetano_rummosan_pio_41.1197_14.7963,Ospedale Gaetano Rummo-San Pio,hospital,hospital
43.595243,6.539824,osm_clinique_43.5952_6.5398,Clinique,hospital,hospital
43.823678,7.778804,osm_ospedale_civile_sanremo_43.8237_7.7788,Ospedale Civile Sanremo,hospital,hospital
45.769487,6.984400,osm_studio_fisioterapia_di_montagna_45.7695_6.9844,Studio fisioterapia di Montagna,hospital,hospital
47.332253,13.160939,osm_landesklinik_st_veit_47.3323_13.1609,Landesklinik St. Veit,hospital,hospital
41.582710,14.222049,osm_ospedale_ferdinando_veneziale_41.5827_14.2220,Ospedale Ferdinando Veneziale,hospital,hospital
41.741387,13.162636,osm_presidio_sanitario_anagni_41.7414_13.1626,Presidio sanitario Anagni,hospital,hospital
44.207355,10.795537,osm_casa_della_comunit_cimone_44.2074_10.7955,Casa della comunità Cimone,hospital,hospital
45.698572,12.256032,osm_centro_di_medicina_45.6986_12.2560,Centro di Medicina,hospital,hospital
42.458545,18.513239,osm_institut_dr_simo_miloevi_42.4585_18.5132,Institut Dr. Simo Milošević,hospital,hospital
43.810191,11.252726,osm_ospedale_pediatrico_meyer_43.8102_11.2527,Ospedale pediatrico Meyer,hospital,hospital
46.629007,10.778347,osm_bezirkskrankenhaus_schlanders_ospedale_d_46.6290_10.7783,Bezirkskrankenhaus Schlanders - Ospedale di distretto Sil...,hospital,hospital
47.229917,7.842510,osm_luzerner_psychiatrie_sturban_lups_47.2299_7.8425,Luzerner Psychiatrie St.Urban LUPS,hospital,hospital
45.742995,7.341208,osm_ospedale_beauregard_hpital_beauregard_45.7430_7.3412,Ospedale Beauregard / Hôpital Beauregard,hospital,hospital
36.848296,10.167803,osm_polyclinique_el_farabi_36.8483_10.1678,Polyclinique el Farabi,hospital,hospital
45.980678,14.576780,osm_zdravstveni_dom_kofljica_45.9807_14.5768,Zdravstveni dom Škofljica,hospital,hospital
44.124567,12.065272,osm_istituto_scientifico_romagnolo_per_lo_st_44.1246_12.0653,Istituto Scientifico Romagnolo per lo Studio e la Cura de...,hospital,hospital
44.029110,10.144025,osm_obitorio_comunale_44.0291_10.1440,Obitorio Comunale,hospital,hospital
44.877618,18.795624,osm_zdravstveni_centar_brko_44.8776_18.7956,Zdravstveni Centar Brčko,hospital,hospital
44.176498,9.619506,osm_ospedale_san_nicol_44.1765_9.6195,Ospedale San Nicolò,hospital,hospital
46.483086,15.577038,osm_oddelek_za_pljune_bolezni_46.4831_15.5770,Oddelek za pljučne bolezni,hospital,hospital
47.298102,9.083920,osm_ambi_wattwil_berit_klinik_47.2981_9.0839,Ambi Wattwil Berit Klinik,hospital,hospital
44.833200,11.297880,osm_casa_della_salute_finale_emilia_44.8332_11.2979,Casa della Salute Finale Emilia,hospital,hospital
38.205977,15.519160,osm_ircss_centro_neurolesi_bonino_pulejo_38.2060_15.5192,IRCSS Centro Neurolesi Bonino - Pulejo,hospital,hospital
45.054150,9.613751,osm_casa_protetta_fontanella_45.0541_9.6138,Casa Protetta Fontanella,hospital,hospital
45.051798,9.596500,osm_centro_socio_riabilitativo_45.0518_9.5965,Centro Socio Riabilitativo,hospital,hospital
45.206260,11.723023,osm_ospedali_riuniti_padova_sud_madre_teresa_45.2063_11.7230,Ospedali Riuniti Padova Sud Madre Teresa di Calcutta,hospital,hospital
41.087637,16.866387,osm_casa_di_cura_santa_rita_41.0876_16.8664,Casa di cura Santa Rita,hospital,hospital
47.090408,17.910334,osm_csolnoky_ferenc_krhz_47.0904_17.9103,Csolnoky Ferenc Kórház,hospital,hospital
44.647306,10.920725,osm_ospedale_estense_44.6473_10.9207,Ospedale Estense,hospital,hospital
38.920473,16.582872,osm_ospedale_pugliese_ciaccio_38.9205_16.5829,Ospedale Pugliese Ciaccio,hospital,hospital
45.143567,17.989978,osm_dom_zdravlja_brod_45.1436_17.9900,Dom zdravlja Brod,hospital,hospital
45.608256,9.356376,osm_asst_brianza_ospedale_di_vimercate_45.6083_9.3564,ASST Brianza - Ospedale di Vimercate,hospital,hospital
44.434415,10.408543,osm_ospedale_di_santanna_44.4344_10.4085,Ospedale di Sant’Anna,hospital,hospital
44.452342,10.467321,osm_cnsas_servregemilia_romagna_44.4523_10.4673,C.N.S.A.S. Serv.Reg.Emilia Romagna,hospital,hospital
43.723598,17.224696,osm_dom_zdravlja_tomislavgrad_43.7236_17.2247,Dom zdravlja Tomislavgrad,hospital,hospital
44.192326,17.745991,osm_hrvatska_bolnica_dr_fra_mato_nikoli_44.1923_17.7460,Hrvatska bolnica Dr. fra Mato Nikolić,hospital,hospital
46.180805,6.248066,osm_centre_joseph_daquin_46.1808_6.2481,Centre Joseph Daquin,hospital,hospital
46.181087,6.248404,osm_maison_des_adolescents_vetraz_monthoux_46.1811_6.2484,Maison des Adolescents Vetraz Monthoux,hospital,hospital
45.709403,13.867368,osm_bolninica_seana_45.7094_13.8674,Bolnišnica Sežana,hospital,hospital
36.409689,6.044284,osm_dispensaire_36.4097_6.0443,Dispensaire,hospital,hospital
45.440361,12.343466,osm_ospedale_santi_giovanni_e_paolo_45.4404_12.3435,Ospedale Santi Giovanni e Paolo,hospital,hospital
39.326625,8.530925,osm_ospedale_fratelli_crobu_39.3266_8.5309,Ospedale Fratelli Crobu,hospital,hospital
39.315071,8.538468,osm_ospedale_santa_barbara_39.3151_8.5385,Ospedale Santa Barbara,hospital,hospital
39.310071,8.524846,osm_ospedale_cto_39.3101_8.5248,Ospedale C.T.O.,hospital,hospital
47.421195,7.971805,osm_klinik_barmelweid_47.4212_7.9718,Klinik Barmelweid,hospital,hospital
36.469121,6.173821,osm_polyclinique_lefilef_mohamed_36.4691_6.1738,Polyclinique Lefilef Mohamed,hospital,hospital
44.699725,8.030938,osm_casa_della_salute_ex_ospedale_san_lazzar_44.6997_8.0309,Casa della Salute (ex Ospedale San Lazzaro),hospital,hospital
46.552776,15.648350,osm_univerzitetni_klinini_center_maribor_46.5528_15.6483,Univerzitetni klinični center Maribor,hospital,hospital
44.809231,15.855174,osm_kantonalna_bolnica_dr_irfan_ljubijanki_44.8092_15.8552,Kantonalna bolnica Dr. Irfan Ljubijankić,hospital,hospital
44.994966,9.015959,osm_ospedale_civile_di_voghera_44.9950_9.0160,Ospedale Civile di Voghera,hospital,hospital
45.810375,15.984498,osm_klinika_za_traumatologiju_45.8104_15.9845,Klinika za traumatologiju,hospital,hospital
46.359476,17.799233,osm_kaposi_mr_krhz_46.3595_17.7992,Kaposi Mór Kórház,hospital,hospital
46.064522,14.510997,osm_zdravstveni_dom_46.0645_14.5110,Zdravstveni dom,hospital,hospital
40.965382,17.110662,osm_presidio_ospedaliero_fiorenzo_jaia_40.9654_17.1107,presidio ospedaliero Fiorenzo Jaia,hospital,hospital
38.114743,15.670056,osm_istituto_ortopedico_del_mezzogiorno_dita_38.1147_15.6701,Istituto Ortopedico del Mezzogiorno d'Italia,hospital,hospital
38.262388,15.614828,osm_istituto_ortopedico_del_mezzogiorno_dita_38.2624_15.6148,Istituto Ortopedico del Mezzogiorno d'Italia Franco Scala...,hospital,hospital
46.426535,15.876309,osm_splona_bolninica_dr_joeta_potra_ptuj_46.4265_15.8763,Splošna bolnišnica dr. Jožeta Potrča Ptuj,hospital,hospital
46.425498,15.875286,osm_jz_zdravstveni_dom_ptuj_46.4255_15.8753,JZ Zdravstveni dom Ptuj,hospital,hospital
37.101047,15.268963,osm_casa_di_cura_villa_aurelia_37.1010_15.2690,Casa di cura Villa Aurelia,hospital,hospital
45.625156,10.573346,osm_casa_di_cura_villa_gemma_45.6252_10.5733,Casa di Cura Villa Gemma,hospital,hospital
41.087072,14.333687,osm_azienda_ospedaliera_di_caserta_santanna__41.0871_14.3337,Azienda Ospedaliera di Caserta Sant'Anna e San Sebastiano,hospital,hospital
39.250843,16.697474,osm_ospedale_civile_di_san_giovanni_in_fiore_39.2508_16.6975,Ospedale Civile di San Giovanni in Fiore,hospital,hospital
45.720808,8.900552,osm_ospedale_di_tradate_luigi_galmarini_45.7208_8.9006,Ospedale di Tradate Luigi Galmarini,hospital,hospital
43.315260,10.530593,osm_ospedale_di_cecina_43.3153_10.5306,Ospedale di Cecina,hospital,hospital
45.719883,8.911343,osm_istituto_di_riabilitazione_salvatore_mau_45.7199_8.9113,Istituto di riabilitazione Salvatore Maugeri,hospital,hospital
45.719829,8.911353,osm_istituti_clinici_scientifici_maugeri_45.7198_8.9114,Istituti Clinici Scientifici Maugeri,hospital,hospital
45.708641,8.912685,osm_asst_sette_laghi_casa_di_comunit_di_trad_45.7086_8.9127,ASST Sette Laghi - Casa di Comunità di Tradate,hospital,hospital
36.437533,10.674281,osm_poi_36.4375_10.6743,المستشفى الجامعي محمد الطاهر المعموري بنابل,hospital,hospital
44.723863,11.290051,osm_santissima_annunziata_44.7239_11.2901,Santissima Annunziata,hospital,hospital
44.780555,6.867680,osm_centre_hospitalier_aiguillesqueyras_44.7806_6.8677,Centre hospitalier Aiguilles-Queyras,hospital,hospital
45.630106,9.039753,osm_ospedale_di_saronno_45.6301_9.0398,Ospedale di Saronno,hospital,hospital
46.051279,14.521198,osm_university_medical_centre_ljubljana_46.0513_14.5212,University Medical Centre Ljubljana,hospital,hospital
46.053289,14.522173,osm_ortopedska_klinika_46.0533_14.5222,Ortopedska klinika,hospital,hospital
46.051313,14.517320,osm_negovalna_bolninica_46.0513_14.5173,Negovalna bolnišnica,hospital,hospital
46.221427,14.613087,osm_zdravstveni_dom_kamnik_46.2214_14.6131,Zdravstveni dom Kamnik,hospital,hospital
46.270221,6.230791,osm_hospice_gnral_foyer_danires_46.2702_6.2308,Hospice général - Foyer d'Anières,hospital,hospital
45.770403,12.839299,osm_ex_silos_45.7704_12.8393,Ex Silos,hospital,hospital
45.769986,12.841824,osm_ospedale_di_portogruaro_45.7700_12.8418,Ospedale di Portogruaro,hospital,hospital
44.885126,7.346292,osm_sisp_aslto3_44.8851_7.3463,SISP AslTo3,hospital,hospital
45.320389,8.866013,osm_ospedale_civile_di_vigevano_45.3204_8.8660,Ospedale Civile di Vigevano,hospital,hospital
45.779643,12.839026,osm_casa_di_riposo_45.7796_12.8390,Casa di Riposo,hospital,hospital
45.780342,12.487095,osm_ospedale_di_oderzo_45.7803_12.4871,Ospedale di Oderzo,hospital,hospital
45.783623,12.499640,osm_centro_life_45.7836_12.4996,Centro LIFE,hospital,hospital
38.290476,15.986802,osm_ospedale_di_oppido_mamertina_38.2905_15.9868,Ospedale di Oppido Mamertina,hospital,hospital
45.609131,8.906692,osm_humanitas_mater_domini_45.6091_8.9067,Humanitas Mater Domini,hospital,hospital
47.255710,17.157503,osm_markusovszky_egyetemi_oktatkrhz_47.2557_17.1575,Markusovszky Egyetemi Oktatókórház,hospital,hospital
47.478956,9.516800,osm_gesundheitszentrum_rorschach_47.4790_9.5168,Gesundheitszentrum Rorschach,hospital,hospital
36.801695,10.156128,osm_hpital_ernest_conseil_36.8017_10.1561,Hôpital Ernest Conseil,hospital,hospital
36.802160,10.155596,osm_poi_36.8022_10.1556,مستشفى الرابطة,hospital,hospital
36.801038,10.158216,osm_poi_36.8010_10.1582,المعهد الوطني لأمراض الأعصاب,hospital,hospital
36.805552,10.156996,osm_poi_36.8056_10.1570,المعهد الوطني لأمراض الأعصاب,hospital,hospital
36.806653,10.158985,osm_poi_36.8067_10.1590,مستشفى الأطفال,hospital,hospital
36.806309,10.159806,osm_poi_36.8063_10.1598,معهد الهادي الرايس لأمراض العيون,hospital,hospital
36.807191,10.158348,osm_poi_36.8072_10.1583,معهد صالح عزيز,hospital,hospital
44.491404,9.765073,osm_ospedale_santa_maria_44.4914_9.7651,Ospedale Santa Maria,hospital,hospital
46.456418,15.626908,osm_zdravstveni_dom_fram_46.4564_15.6269,Zdravstveni dom Fram,hospital,hospital
43.842796,10.533059,osm_ospedale_san_luca_43.8428_10.5331,Ospedale San Luca,hospital,hospital
36.845551,10.284667,osm_hannibal_medical_center_36.8456_10.2847,Hannibal Medical Center,hospital,hospital
41.217512,9.406791,osm_ospedale_paolo_merlo_41.2175_9.4068,Ospedale Paolo Merlo,hospital,hospital
46.188710,6.161905,osm_clinique_gnrale_beaulieu_46.1887_6.1619,Clinique Générale Beaulieu,hospital,hospital
45.406293,10.501675,osm_sistema_polimodulare_di_rems_provvisorie_45.4063_10.5017,Sistema Polimodulare di REMS Provvisorie,hospital,hospital
46.283964,12.038338,osm_ospedale_di_agordo_46.2840_12.0383,Ospedale di Agordo,hospital,hospital
46.186585,6.142971,osm_clinique_de_carouge_46.1866_6.1430,Clinique de Carouge,hospital,hospital
46.180355,6.101529,osm_ems_46.1804_6.1015,EMS,hospital,hospital
47.238016,16.617997,osm_markusovszky_egyetemi_oktatkrhz_47.2380_16.6180,Markusovszky Egyetemi Oktatókórház,hospital,hospital
46.054260,14.525265,osm_zavod_rs_za_transfuzijsko_medicino_46.0543_14.5253,Zavod RS za transfuzijsko medicino,hospital,hospital
44.944196,9.409340,osm_punto_salute_di_pianello_44.9442_9.4093,Punto salute di Pianello,hospital,hospital
45.155429,18.025541,osm_opa_bolnica_dr_josip_benevi_slavonski_br_45.1554_18.0255,Opća bolnica Dr. Josip Benčević Slavonski Brod,hospital,hospital
45.561807,12.180682,osm_centro_diurno_albero_maestro_45.5618_12.1807,Centro Diurno Albero Maestro,hospital,hospital
45.537010,9.189402,osm_casa_di_comunit_45.5370_9.1894,Casa di Comunità,hospital,hospital
44.134287,12.259502,osm_ospedale_maurizio_bufalini_44.1343_12.2595,Ospedale Maurizio Bufalini,hospital,hospital
45.471489,10.520679,osm_azienda_ospedaliera_di_desenzano_del_gar_45.4715_10.5207,Azienda Ospedaliera di Desenzano del Garda,hospital,hospital
40.906436,14.799147,osm_villa_esther_40.9064_14.7991,Villa Esther,hospital,hospital
40.911729,14.774709,osm_casa_di_cura_malzoni_villa_dei_platani_40.9117_14.7747,Casa di Cura Malzoni - Villa dei Platani,hospital,hospital
45.000803,7.630856,osm_asl_8_nichelino_45.0008_7.6309,Asl 8 Nichelino,hospital,hospital
45.000677,7.631566,osm_asl_8_nichelino_45.0007_7.6316,Asl 8 Nichelino,hospital,hospital
45.198485,12.283200,osm_ospedale_di_chioggia_45.1985_12.2832,Ospedale di Chioggia,hospital,hospital
44.156170,11.795324,osm_casa_della_salute_guardia_medica_44.1562_11.7953,Casa della salute - Guardia Medica,hospital,hospital
45.058540,12.048644,osm_croce_verde_45.0585_12.0486,Croce verde,hospital,hospital
46.056525,14.515180,osm_zdravstveni_dom_metelkova_46.0565_14.5152,Zdravstveni dom Metelkova,hospital,hospital
45.470644,7.866620,osm_clinica_eporediese_45.4706_7.8666,Clinica Eporediese,hospital,hospital
41.811755,12.673924,osm_ospedale_san_sebastiano_di_frascati_41.8118_12.6739,Ospedale San Sebastiano di Frascati,hospital,hospital
46.054980,14.528390,osm_oesna_klinika_ljubljana_46.0550_14.5284,Očesna klinika Ljubljana,hospital,hospital
40.795606,16.758028,osm_ospedale_civile_monte_iacoviello_40.7956_16.7580,Ospedale Civile Monte Iacoviello,hospital,hospital
46.196117,6.189232,osm_ems_les_marronniers_46.1961_6.1892,EMS Les Marronniers,hospital,hospital
45.499298,12.112436,osm_ospedale_civile_di_mirano_45.4993_12.1124,Ospedale Civile di Mirano,hospital,hospital
45.543363,12.163014,osm_distretto_sociosanitario_martellago_45.5434_12.1630,Distretto Sociosanitario Martellago,hospital,hospital
45.551201,12.075410,osm_casa_di_comunit_noale_ex_ospedale_45.5512_12.0754,Casa di Comunità Noale (ex Ospedale),hospital,hospital
45.422774,12.069639,osm_ospedale_di_dolo_45.4228_12.0696,Ospedale di Dolo,hospital,hospital
45.292801,12.029562,osm_presidio_ospedaliero_di_piove_di_sacco_45.2928_12.0296,Presidio Ospedaliero di Piove di Sacco,hospital,hospital
40.930912,15.161710,osm_ospedale_g_criscuoli_40.9309_15.1617,Ospedale G. Criscuoli,hospital,hospital
45.057613,7.684160,osm_ospedale_evangelico_valdese_45.0576_7.6842,Ospedale Evangelico Valdese,hospital,hospital
45.066855,9.264789,osm_ospedale_arnaboldi_45.0669_9.2648,Ospedale Arnaboldi,hospital,hospital
45.063631,7.687957,osm_presidio_san_giovanni_antica_sede_45.0636_7.6880,Presidio San Giovanni Antica Sede,hospital,hospital
38.576667,16.321662,osm_ospedale_san_bruno_38.5767_16.3217,Ospedale San Bruno,hospital,hospital
45.956655,12.499471,osm_ospedale_san_gregorio_45.9567_12.4995,Ospedale San Gregorio,hospital,hospital
45.911586,12.855565,osm_ospedale_santa_maria_dei_battuti_45.9116_12.8556,Ospedale Santa Maria dei Battuti,hospital,hospital
43.827060,17.002210,osm_upanijska_bolnica_dr_mihovil_sui_43.8271_17.0022,Županijska bolnica dr. Mihovil Sučić,hospital,hospital
36.794887,14.699564,osm_ospedale_busacca_36.7949_14.6996,Ospedale Busacca,hospital,hospital
36.354026,10.207375,osm_dispensaire_de_zriba_36.3540_10.2074,Dispensaire de Zriba,hospital,hospital
45.554761,10.230680,osm_area_stauffer_spedali_civili_45.5548_10.2307,Area Stauffer Spedali Civili,hospital,hospital
46.232237,15.262312,osm_zdravstveni_dom_celje_46.2322_15.2623,Zdravstveni dom Celje,hospital,hospital
36.879107,10.325005,osm_hospital_des_forces_de_securit_interieur_36.8791_10.3250,Hospital des Forces de Securité Interieures (F.S.I),hospital,hospital
45.773568,12.598396,osm_ospedale_riabilitativo_di_motta_di_liven_45.7736_12.5984,Ospedale Riabilitativo di Motta di Livenza,hospital,hospital
45.615971,9.281699,osm_centro_medico_45.6160_9.2817,Centro Medico,hospital,hospital
42.710110,18.352003,osm_bolnica_trebinje_42.7101_18.3520,Bolnica Trebinje,hospital,hospital
46.046169,14.481053,osm_kirurki_sanatorij_46.0462_14.4811,Kirurški sanatorij,hospital,hospital
45.268512,11.006509,osm_ospedale_civile_di_isola_della_scala_45.2685_11.0065,Ospedale civile di Isola della Scala,hospital,hospital
45.137516,12.092732,osm_cittadella_socio_sanitaria_45.1375_12.0927,Cittadella Socio Sanitaria,hospital,hospital
46.076279,18.205389,osm_ll_belgygyszati_klinika_s_nephrolgiai_ce_46.0763_18.2054,ll. Belgyógyászati Klinika és Nephrológiai Centrum,hospital,hospital
46.009738,8.630042,osm_istituto_auxologico_piancavallo_46.0097_8.6300,Istituto Auxologico Piancavallo,hospital,hospital
46.103341,14.531837,osm_zdravstveni_dom_rnue_46.1033_14.5318,Zdravstveni dom Črnuče,hospital,hospital
46.055917,14.531514,osm_zd_ljubljana_mostepolje_46.0559_14.5315,ZD Ljubljana - MOSTE-POLJE,hospital,hospital
46.060693,14.500704,osm_elezniki_zdravstveni_dom_46.0607_14.5007,Železniški zdravstveni dom,hospital,hospital
43.084900,6.113198,osm_hpital_san_salvadour_43.0849_6.1132,Hôpital San Salvadour,hospital,hospital
45.364428,10.216815,osm_ospedale_di_leno_45.3644_10.2168,Ospedale di Leno,hospital,hospital
36.245825,6.590367,osm_hpital_militaire_de_ali_mendjeli_36.2458_6.5904,Hôpital Militaire de Ali Mendjeli,hospital,hospital
36.390221,6.647366,osm_hopital_psychiatrique_36.3902_6.6474,Hopital Psychiatrique,hospital,hospital
46.931486,7.517697,osm_siloah_46.9315_7.5177,Siloah,hospital,hospital
46.457873,6.854353,osm_hpital_rivierachablais_site_de_la_provid_46.4579_6.8544,"Hôpital Riviera-Chablais, Site de la Providence",hospital,hospital
45.540282,9.116515,osm_ospedale_di_bollate_45.5403_9.1165,Ospedale di Bollate,hospital,hospital
43.952391,12.735859,osm_ausl_cerversi_43.9524_12.7359,Ausl Cerversi,hospital,hospital
44.849911,11.612110,osm_centro_di_medicina_dello_sport_44.8499_11.6121,Centro di Medicina dello Sport,hospital,hospital
45.026295,12.223742,osm_casa_di_cura_maddonna_della_salute_45.0263_12.2237,Casa di Cura Maddonna della Salute,hospital,hospital
47.392066,13.676321,osm_klinik_diakonissen_schladming_47.3921_13.6763,Klinik Diakonissen Schladming,hospital,hospital
47.153387,15.294963,osm_lkh_graz_ii_standort_enzenbach_47.1534_15.2950,LKH Graz II Standort Enzenbach,hospital,hospital
46.692203,15.992111,osm_lkh_sdweststeiemark_standort_bad_radkers_46.6922_15.9921,"LKH Südweststeiemark, Standort Bad Radkersburg",hospital,hospital
46.950718,15.881583,osm_landeskrankenhaus_oststeiermark_standort_46.9507_15.8816,"Landeskrankenhaus Oststeiermark, Standort",hospital,hospital
47.046785,16.085435,osm_landeskrankenhaus_oststeiermark_standort_47.0468_16.0854,"Landeskrankenhaus Oststeiermark, Standort Fürstenfeld",hospital,hospital
47.272924,15.966302,osm_landeskrankenhaus_oststeiermark_standort_47.2729_15.9663,"Landeskrankenhaus Oststeiermark, Standort Hartberg",hospital,hospital
47.166066,14.655573,osm_landeskrankenhaus_murtal_standort_judenb_47.1661_14.6556,"Landeskrankenhaus Murtal, Standort Judenburg",hospital,hospital
47.215499,14.820453,osm_landeskrankenhaus_murtal_standort_knitte_47.2155_14.8205,"Landeskrankenhaus Murtal, Standort Knittelfeld",hospital,hospital
47.212563,15.636761,osm_landeskrankenhaus_weiz_47.2126_15.6368,Landeskrankenhaus Weiz,hospital,hospital
46.554462,12.131670,osm_ospedale_codivillaputti_46.5545_12.1317,Ospedale Codivilla-Putti,hospital,hospital
46.557982,12.133799,osm_ospedale_codivillaputti_46.5580_12.1338,Ospedale Codivilla-Putti,hospital,hospital
46.379992,6.920674,osm_hrc_hpital_rivierachablais_46.3800_6.9207,HRC Hôpital Riviera-Chablais,hospital,hospital
47.467481,9.037455,osm_psychiatrie_stgallen_47.4675_9.0375,Psychiatrie St.Gallen,hospital,hospital
41.857634,12.475364,osm_ospedale_pediatrico_bambino_ges_sede_di__41.8576_12.4754,Ospedale Pediatrico Bambino Gesù - Sede di San Paolo,hospital,hospital
45.890059,9.918317,osm_centro_dialisi_piario_45.8901_9.9183,Centro Dialisi Piario,hospital,hospital
46.769124,17.252082,osm_vrosi_krhz_keszthely_46.7691_17.2521,Városi Kórház Keszthely,hospital,hospital
46.431553,12.376269,osm_ospedale_del_cadore_giovanni_paolo_ii_46.4316_12.3763,Ospedale del Cadore Giovanni Paolo II,hospital,hospital
44.124001,8.250453,osm_presentazione_44.1240_8.2505,Presentazione,hospital,hospital
44.346783,8.436253,osm_ricovero_rsa_noceti_44.3468_8.4363,Ricovero RSA Noceti,hospital,hospital
47.159645,9.820783,osm_landeskrankenhaus_bludenz_47.1596_9.8208,Landeskrankenhaus Bludenz,hospital,hospital
41.001727,16.860101,osm_casa_di_cura_padre_pio_41.0017_16.8601,Casa di Cura - Padre Pio,hospital,hospital
43.891384,8.030198,osm_ospedale_43.8914_8.0302,Ospedale,hospital,hospital
41.886686,12.498124,osm_policlinico_militare_celio_41.8867_12.4981,Policlinico militare Celio,hospital,hospital
44.314848,8.485366,osm_anfass_savona_44.3148_8.4854,ANFASS Savona,hospital,hospital
44.338485,8.509932,osm_casa_di_riposo_44.3385_8.5099,Casa di Riposo,hospital,hospital
44.391520,8.621136,osm_area_ed_edifici_ex_ospedale_psichiatrico_44.3915_8.6211,Area ed edifici Ex Ospedale Psichiatrico,hospital,hospital
45.676428,10.183819,osm_ospedale_di_gardone_val_trompia_45.6764_10.1838,Ospedale di Gardone Val Trompia,hospital,hospital
44.893332,8.863985,osm_ospedale_tortona_44.8933_8.8640,Ospedale Tortona,hospital,hospital
46.054851,17.790261,osm_szigetvri_vrosi_krhz_s_rendelintzet_46.0549_17.7903,Szigetvári Városi Kórház és Rendelőintézet,hospital,hospital
41.841014,12.829148,osm_ospedale_san_giovanni_battista_41.8410_12.8291,Ospedale San Giovanni Battista,hospital,hospital
44.345230,17.271307,osm_opa_bolnica_jajce_44.3452_17.2713,Opća bolnica Jajce,hospital,hospital
45.510023,9.611530,osm_azienda_ospedaliera_treviglio_caravaggio_45.5100_9.6115,Azienda Ospedaliera Treviglio Caravaggio,hospital,hospital
45.506184,9.265433,osm_istituto_di_ricovero_e_cura_a_carattere__45.5062_9.2654,Istituto di Ricovero e Cura a Carattere Scientifico San R...,hospital,hospital
41.885905,12.470911,osm_ospedale_nuovo_regina_margherita_41.8859_12.4709,Ospedale Nuovo Regina Margherita,hospital,hospital
40.762347,8.569086,osm_struttura_sanitaria_san_camillo_40.7623_8.5691,Struttura sanitaria San Camillo,hospital,hospital
44.112551,9.831243,osm_ospedale_civile_santandrea_44.1126_9.8312,Ospedale Civile Sant'Andrea,hospital,hospital
44.095429,9.883265,osm_pubblica_assistenza_di_pitelli_onlus_44.0954_9.8833,Pubblica Assistenza di Pitelli Onlus,hospital,hospital
46.835317,16.845450,osm_zala_vrmegyei_szent_rafael_krhz_46.8353_16.8454,Zala Vármegyei Szent Rafael Kórház,hospital,hospital
40.176102,18.157697,osm_ospedale_santa_caterina_novella_40.1761_18.1577,Ospedale Santa Caterina Novella,hospital,hospital
36.691284,10.588551,osm_hpital_circonscription_fattouma_limam_me_36.6913_10.5886,Hôpital Circonscription Fattouma Limam - Menzel Bouzelfa,hospital,hospital
45.450612,8.615973,osm_clinica_san_gaudenzio_45.4506_8.6160,Clinica San Gaudenzio,hospital,hospital
46.195723,6.185366,osm_foyer_des_aveugles_46.1957_6.1854,Foyer des Aveugles,hospital,hospital
44.597598,11.048231,osm_casa_della_salute_regina_margherita_44.5976_11.0482,Casa della Salute Regina Margherita,hospital,hospital
36.854122,11.090971,osm_hpital_de_klibia_36.8541_11.0910,Hôpital de kélibia,hospital,hospital
45.185581,11.315871,osm_ospedale_mater_salutis_45.1856_11.3159,Ospedale Mater Salutis,hospital,hospital
44.786971,10.877096,osm_ospedale_ramazzini_44.7870_10.8771,Ospedale Ramazzini,hospital,hospital
44.882869,11.064730,osm_ospedale_santa_maria_bianca_44.8829_11.0647,Ospedale Santa Maria Bianca,hospital,hospital
41.461950,12.902868,osm_clinica_san_marco_41.4620_12.9029,Clinica San Marco,hospital,hospital
41.048178,15.026549,osm_villa_maria_41.0482_15.0265,Villa Maria,hospital,hospital
45.907395,8.622749,osm_asst_sette_laghi_casa_di_comunit_di_lave_45.9074_8.6227,ASST Sette Laghi - Casa di Comunità di Laveno Mombello,hospital,hospital
43.854844,10.533469,osm_distretto_socio_sanitario_asl2_san_vito_43.8548_10.5335,Distretto Socio Sanitario ASL2 San Vito,hospital,hospital
42.559221,12.412044,osm_ospedale_santa_maria_dei_laici_42.5592_12.4120,Ospedale Santa Maria dei Laici,hospital,hospital
46.956607,17.898638,osm_magyar_honvdsg_balatonfredi_kardiolgiai__46.9566_17.8986,Magyar Honvédség Balatonfüredi Kardiológiai Rehabilitáció...,hospital,hospital
46.178187,6.161017,osm_ems_maison_de_vessy_46.1782_6.1610,EMS Maison de Vessy,hospital,hospital
45.375667,11.132483,osm_ospedale_chiarenzi_45.3757_11.1325,Ospedale Chiarenzi,hospital,hospital
46.508390,15.081587,osm_splona_bolninica_slovenj_gradec_46.5084_15.0816,Splošna Bolnišnica Slovenj Gradec,hospital,hospital
36.655183,6.838312,osm_hpital_del_harrouch_36.6552_6.8383,Hôpital d'El Harrouch,hospital,hospital
37.210800,10.125134,osm_poi_37.2108_10.1251,المستشفى المحلي حسان بلخوجة براس الجبل,hospital,hospital
46.299726,7.481433,osm_clinique_bernoise_montana_46.2997_7.4814,Clinique Bernoise Montana,hospital,hospital
46.502850,6.450430,osm_ems_les_lusiades_46.5029_6.4504,EMS Les Lusiades,hospital,hospital
46.733774,12.284202,osm_krankenhaus_innichen_ospedale_san_candid_46.7338_12.2842,Krankenhaus Innichen - Ospedale San Candido,hospital,hospital
45.443908,10.706690,osm_ospedale_piero_pederzoli_45.4439_10.7067,Ospedale Piero Pederzoli,hospital,hospital
45.493109,12.248614,osm_policlinico_san_marco_45.4931_12.2486,Policlinico San Marco,hospital,hospital
44.112564,10.415139,osm_ospedale_santa_croce_44.1126_10.4151,Ospedale Santa Croce,hospital,hospital
46.185152,6.105680,osm_ems_le_foyer_bethel_46.1852_6.1057,EMS le foyer Bethel,hospital,hospital
45.656638,11.602137,osm_centro_sanitario_polifunzionale_maraschi_45.6566_11.6021,Centro Sanitario Polifunzionale Maraschin-Zannini,hospital,hospital
45.812370,15.944073,osm_klinika_za_tumore_45.8124_15.9441,Klinika za tumore,hospital,hospital
42.371661,12.491267,osm_presidio_marzio_marini_42.3717_12.4913,Presidio Marzio Marini,hospital,hospital
45.622526,8.845622,osm_azienda_ospedaliera_ospedale_di_circolo__45.6225_8.8456,Azienda Ospedaliera Ospedale di Circolo di Busto Arsizio,hospital,hospital
44.430154,8.745731,osm_ospedale_evangelico_internazionale_44.4302_8.7457,Ospedale Evangelico Internazionale,hospital,hospital
44.783466,17.177369,osm_univerzitetski_kliniki_centar_republike__44.7835_17.1774,Univerzitetski klinički centar Republike Srpske,hospital,hospital
38.690617,16.541476,osm_ospedale_civile_38.6906_16.5415,Ospedale Civile,hospital,hospital
44.905889,6.632977,osm_centre_hospitalier_des_escartons_44.9059_6.6330,Centre hospitalier des Escartons,hospital,hospital
43.846721,6.507957,osm_hpital_local_de_castellane_43.8467_6.5080,Hôpital local de Castellane,hospital,hospital
40.225813,15.262483,osm_ospedale_san_luca_40.2258_15.2625,Ospedale San Luca,hospital,hospital
41.924429,12.542580,osm_casa_di_cura_nuova_itor_41.9244_12.5426,Casa di Cura Nuova ITOR,hospital,hospital
40.232216,15.270483,osm_guardia_medica_40.2322_15.2705,Guardia Medica,hospital,hospital
40.231332,15.242849,osm_casa_di_cura_cobellis_40.2313_15.2428,Casa di Cura Cobellis,hospital,hospital
41.158351,15.326068,osm_asl_41.1584_15.3261,ASL,hospital,hospital
40.819321,14.616985,osm_sanatorio_40.8193_14.6170,Sanatorio,hospital,hospital
41.809169,12.675190,osm_ospedale_san_sebastiano_di_frascati_41.8092_12.6752,Ospedale San Sebastiano di Frascati,hospital,hospital
47.129165,13.809377,osm_landesklinik_tamsweg_47.1292_13.8094,Landesklinik Tamsweg,hospital,hospital
43.890761,12.286928,osm_ospedale_sacra_famiglia_43.8908_12.2869,Ospedale Sacra Famiglia,hospital,hospital
44.062965,12.449469,osm_ospedale_franchini_di_santarcangelo_di_r_44.0630_12.4495,Ospedale Franchini di Santarcangelo di Romagna,hospital,hospital
43.913604,12.648381,osm_casa_di_cura_montanari_43.9136_12.6484,Casa di Cura Montanari,hospital,hospital
45.683948,8.714585,osm_presidio_ospedaliero_angelo_bellini_45.6839_8.7146,Presidio Ospedaliero Angelo Bellini,hospital,hospital
41.770347,12.469783,osm_policlinico_universitario_campus_biomedi_41.7703_12.4698,Policlinico Universitario Campus Bio-Medico,hospital,hospital
42.577990,13.987415,osm_ospedale_san_liberatore_42.5780_13.9874,Ospedale San Liberatore,hospital,hospital
40.851976,17.117426,osm_ospedale_s_m_angeli_40.8520_17.1174,Ospedale S. M. Angeli,hospital,hospital
43.912752,8.085283,osm_centro_medico_dea_diana_43.9128_8.0853,Centro Medico Dea Diana,hospital,hospital
45.771211,12.033840,osm_ospedale_vecchio_di_montebelluna_45.7712_12.0338,Ospedale Vecchio di Montebelluna,hospital,hospital
41.841167,12.515088,osm_fondazione_santa_lucia_41.8412_12.5151,Fondazione Santa Lucia,hospital,hospital
44.239027,10.130816,osm_ospedale_santantonio_abate_44.2390_10.1308,Ospedale “Sant'Antonio Abate”,hospital,hospital
41.053629,17.077848,osm_distretto_socio_sanitario_n6_area_sud_41.0536_17.0778,Distretto socio sanitario n°6 area sud,hospital,hospital
40.912336,9.471555,osm_ospedale_giovanni_paolo_secondo_40.9123_9.4716,Ospedale Giovanni Paolo Secondo,hospital,hospital
40.931568,9.501249,osm_ospedale_san_giovanni_di_dio_40.9316_9.5012,Ospedale San Giovanni di Dio,hospital,hospital
46.799858,11.936420,osm_krankenhaus_bruneck_ospedale_brunico_46.7999_11.9364,Krankenhaus Bruneck - Ospedale Brunico,hospital,hospital
45.796094,11.912221,osm_ospedale_di_asolo_ulss_2_marca_trevigian_45.7961_11.9122,Ospedale di Asolo - ULSS 2 Marca Trevigiana,hospital,hospital
45.877585,11.947927,osm_ospedale_di_pederobba_45.8776_11.9479,Ospedale di Pederobba,hospital,hospital
44.071496,6.173870,osm_centre_hospitalier_de_dignelesbains_44.0715_6.1739,Centre hospitalier de Digne-les-Bains,hospital,hospital
36.509947,8.101076,osm_hopital_mohamed_boudiaf_36.5099_8.1011,Hopital Mohamed BOUDIAF,hospital,hospital
45.183079,16.813801,osm_dom_zdravlja_kozma_i_damjan_45.1831_16.8138,Dom zdravlja Kozma i Damjan,hospital,hospital
40.539640,17.277065,osm_ospedale_san_giuseppe_moscati_40.5396_17.2771,Ospedale San Giuseppe Moscati,hospital,hospital
47.247543,16.619834,osm_gyermek_s_ifjsg_pszichitriai_gondoz_vas__47.2475_16.6198,"Gyermek és Ifjúság Pszichiátriai Gondozó, Vas megyei",hospital,hospital
45.674807,12.251329,osm_ospedale_generale_di_zona_san_camillo_45.6748_12.2513,Ospedale generale di zona San Camillo,hospital,hospital
45.051977,11.778259,osm_pediatra_panin_45.0520_11.7783,Pediatra Panin,hospital,hospital
46.888889,18.617890,osm_fejr_megyei_nkormnyzat_szent_gyrgy_krhza_46.8889_18.6179,Fejér Megyei Önkormányzat Szent György Kórháza és Rendelő...,hospital,hospital
41.076555,14.262679,osm_ospedale_san_giuseppe_e_melorio_41.0766_14.2627,Ospedale San Giuseppe e Melorio,hospital,hospital
41.039345,14.374733,osm_clinica_san_michele_41.0393_14.3747,Clinica San Michele,hospital,hospital
45.626335,9.196078,osm_asst_brianza_ospedale_pio_xi_45.6263_9.1961,ASST Brianza - Ospedale Pio XI,hospital,hospital
36.922270,14.742457,osm_ospedale_maria_patern_arezzo_36.9223_14.7425,Ospedale Maria Paternò Arezzo,hospital,hospital
38.141513,14.969301,osm_ospedale_barone_romeo_38.1415_14.9693,Ospedale Barone Romeo,hospital,hospital
41.461268,12.909419,osm_ospedale_santa_maria_goretti_41.4613_12.9094,Ospedale Santa Maria Goretti,hospital,hospital
41.105357,14.509193,osm_ospedale_santalfonso_maria_de_liguori_41.1054_14.5092,Ospedale Sant'Alfonso Maria de' Liguori,hospital,hospital
36.443837,6.262227,osm_hpital_de_mila_36.4438_6.2622,Hôpital de Mila,hospital,hospital
36.449936,6.262399,osm_hpital_du_jour_36.4499_6.2624,Hôpital DU JOUR,hospital,hospital
46.116728,8.287231,osm_ospedale_san_biagio_46.1167_8.2872,Ospedale San Biagio,hospital,hospital
45.135434,12.089770,osm_ipab_centro_residenziale_per_anziani_a_d_45.1354_12.0898,Ipab - Centro Residenziale per Anziani A. Danielato,hospital,hospital
45.525998,11.331568,osm_ospedale_di_arzignano_45.5260_11.3316,Ospedale di Arzignano,hospital,hospital
36.447587,6.147456,osm_salle_de_soins_36.4476_6.1475,Salle de Soins,hospital,hospital
36.411918,6.128204,osm_salle_de_soins_36.4119_6.1282,Salle de Soins,hospital,hospital
41.836442,12.886802,osm_ospedale_civico_coniugi_bernardini_41.8364_12.8868,Ospedale Civico Coniugi Bernardini,hospital,hospital
43.889710,12.928358,osm_ospedale_san_salvatore_di_pesaro_sede_mu_43.8897_12.9284,Ospedale San Salvatore di Pesaro sede Muraglia,hospital,hospital
38.095748,15.647553,osm_ospedale_morelli_38.0957_15.6476,Ospedale Morelli,hospital,hospital
42.420776,18.763588,osm_opta_bolnica_kotor_42.4208_18.7636,Opšta bolnica Kotor,hospital,hospital
40.832663,16.552068,osm_ospedale_umberto_i_40.8327_16.5521,Ospedale Umberto I,hospital,hospital
47.274362,8.659839,osm_privatklinik_hohenegg_47.2744_8.6598,Privatklinik Hohenegg,hospital,hospital
45.254426,9.129052,osm_poliambulatorio_sede_asl_45.2544_9.1291,Poliambulatorio - Sede ASL,hospital,hospital
45.509035,11.399106,osm_ospedale_di_montecchio_maggiore_45.5090_11.3991,Ospedale di Montecchio Maggiore,hospital,hospital
47.250878,8.695961,osm_spital_mnnedorf_47.2509_8.6960,Spital Männedorf,hospital,hospital
46.451627,16.999301,osm_kanizsai_dorottya_krhz_46.4516_16.9993,Kanizsai Dorottya kórház,hospital,hospital
40.580759,9.002301,osm_ospedale_antonio_segni_40.5808_9.0023,Ospedale Antonio Segni,hospital,hospital
39.897860,8.585433,osm_ospedale_civile_san_martino_39.8979_8.5854,Ospedale civile San Martino,hospital,hospital
41.722737,12.676155,osm_ospedale_specializzato_luigi_spolverini_41.7227_12.6762,Ospedale Specializzato Luigi Spolverini,hospital,hospital
46.723873,11.647950,osm_krankenhaus_brixen_ospedale_bressanone_46.7239_11.6479,Krankenhaus Brixen - Ospedale Bressanone,hospital,hospital
45.602285,9.260169,osm_ospedale_san_gerardo_45.6023_9.2602,Ospedale San Gerardo,hospital,hospital
40.120494,8.834473,osm_ospedale_gian_pietro_delogu_40.1205_8.8345,Ospedale Gian Pietro Delogu,hospital,hospital
40.021514,9.099912,osm_ospedale_san_camillo_40.0215_9.0999,Ospedale San Camillo,hospital,hospital
45.146966,10.770725,osm_clinica_san_clemente_45.1470_10.7707,Clinica San Clemente,hospital,hospital
45.154539,9.372263,osm_asl_corteolona_45.1545_9.3723,ASL - Corteolona,hospital,hospital
46.577322,15.828667,osm_zdravstveni_dom_lenart_46.5773_15.8287,Zdravstveni dom Lenart,hospital,hospital
40.653047,14.807683,osm_asl_salerno_via_leucosia_40.6530_14.8077,Asl Salerno Via Leucosia,hospital,hospital
41.191317,16.591503,osm_ospedale_don_tonino_bello_41.1913_16.5915,Ospedale Don Tonino Bello,hospital,hospital
36.856035,7.737258,osm_hpital_de_el_bouni_36.8560_7.7373,Hôpital de El Bouni,hospital,hospital
45.501399,9.237358,osm_servizi_territoriali_asst_fatebenefratel_45.5014_9.2374,Servizi Territoriali ASST Fatebenefratelli Sacco,hospital,hospital
42.672617,13.730175,osm_asl_dipartimento_di_prevenzione_42.6726_13.7302,ASL Dipartimento di prevenzione,hospital,hospital
45.762295,11.431762,osm_distretto_sanitario_45.7623_11.4318,Distretto sanitario,hospital,hospital
40.999964,16.678511,osm_ex_ospedale_di_toritto_41.0000_16.6785,Ex Ospedale di Toritto,hospital,hospital
40.051957,15.838592,osm_ospedale_beato_domenico_lentini_40.0520_15.8386,Ospedale Beato Domenico Lentini,hospital,hospital
45.730935,11.519029,osm_distretto_sociosanitario_ulss_7_pedemont_45.7309_11.5190,Distretto Socio-Sanitario - ULSS 7 Pedemontana,hospital,hospital
36.453644,10.731789,osm_hpital_de_nabeul_36.4536_10.7318,Hôpital de Nabeul,hospital,hospital
46.733311,14.087047,osm_ffentliches_krankenhaus_waiern_46.7333_14.0870,Öffentliches Krankenhaus Waiern,hospital,hospital
46.733370,14.087069,osm_ffentliches_krankenhaus_waiern_feldkirch_46.7334_14.0871,Öffentliches Krankenhaus Waiern Feldkirchen,hospital,hospital
46.952094,7.453640,osm_salemspital_46.9521_7.4536,Salem-Spital,hospital,hospital
43.507325,13.182236,osm_casa_di_cura_villa_serena_43.5073_13.1822,Casa di Cura Villa Serena,hospital,hospital
45.357408,10.741801,osm_centro_polifunzionale_di_valeggio_sul_mi_45.3574_10.7418,Centro polifunzionale di Valeggio sul Mincio - ULS22,hospital,hospital
46.137417,14.747284,osm_zdravstveni_dom_morave_46.1374_14.7473,Zdravstveni dom Moravče,hospital,hospital
42.954396,13.874358,osm_casa_di_cura_stella_maris_42.9544_13.8744,Casa di cura Stella Maris,hospital,hospital
43.903545,10.690408,osm_ospedale_santi_cosma_e_damiano_43.9035_10.6904,Ospedale Santi Cosma e Damiano,hospital,hospital
45.740555,7.313698,osm_hpital_rgional_daosta_umberto_parini_45.7406_7.3137,Hôpital régional d'Aosta Umberto Parini,hospital,hospital
40.811802,14.600928,osm_ospedale_martiri_di_villa_malta_40.8118_14.6009,Ospedale Martiri di Villa Malta,hospital,hospital
37.351753,13.607825,osm_ospedale_san_giovanni_di_dio_37.3518_13.6078,Ospedale San Giovanni di Dio,hospital,hospital
40.849316,14.072736,osm_ospedale_la_schiana_40.8493_14.0727,Ospedale La Schiana,hospital,hospital
36.839214,6.640398,osm_hpital_de_tamalous_36.8392_6.6404,Hôpital de Tamalous,hospital,hospital
36.834834,6.643147,osm_clinique_obsttrique_36.8348_6.6431,Clinique obstétrique,hospital,hospital
41.253089,13.588987,osm_casa_del_sole_41.2531_13.5890,Casa del Sole,hospital,hospital
41.740022,14.851601,osm_guardia_medica_41.7400_14.8516,Guardia Medica,hospital,hospital
45.281517,9.870878,osm_polo_sanitario_nuovo_robbiani_45.2815_9.8709,Polo sanitario Nuovo Robbiani,hospital,hospital
46.801963,13.491171,osm_krankenhaus_spittaldrau_46.8020_13.4912,Krankenhaus Spittal/Drau,hospital,hospital
36.864884,6.921123,osm_polyclinique_lessak_abdelmajid_36.8649_6.9211,Polyclinique Lessak Abdelmajid,hospital,hospital
41.727639,13.004713,osm_ospedale_leopoldo_parodi_delfino_41.7276_13.0047,Ospedale Leopoldo Parodi Delfino,hospital,hospital
36.862411,6.897575,osm_nouvel_hpital_abderezzak_bouhara_36.8624_6.8976,Nouvel Hôpital Abderezzak Bouhara,hospital,hospital
36.882267,6.908540,osm_hpital_de_skikda_36.8823_6.9085,Hôpital de Skikda,hospital,hospital
46.523537,15.671612,osm_olska_in_pediatrina_ambulanta_46.5235_15.6716,Šolska in pediatrična ambulanta,hospital,hospital
46.206354,6.208887,osm_clinique_de_belleide_46.2064_6.2089,Clinique de Belle-Idée,hospital,hospital
43.132503,6.015379,osm_hpital_clmenceau_43.1325_6.0154,Hôpital Clémenceau,hospital,hospital
47.488448,7.730851,osm_kantonsspital_liestal_47.4884_7.7309,Kantonsspital Liestal,hospital,hospital
46.943289,7.786573,osm_spital_langnau_46.9433_7.7866,Spital Langnau,hospital,hospital
47.296415,7.947070,osm_spital_zofingen_47.2964_7.9471,Spital Zofingen,hospital,hospital
41.085821,14.337132,osm_asl_caserta_41.0858_14.3371,ASL Caserta,hospital,hospital
36.254225,6.286211,osm_hpital_des_frres_boukhechem_36.2542_6.2862,Hôpital des frères Boukhechem مستشفى الاخوة بوخشم,hospital,hospital
37.105590,14.493030,osm_presidio_ospedaliero_gravina_e_san_pietr_37.1056_14.4930,Presidio Ospedaliero Gravina e San Pietro - ospedale San ...,hospital,hospital
43.721110,7.273455,osm_hpital_de_cimiez_43.7211_7.2735,Hôpital de Cimiez,hospital,hospital
43.723686,7.280360,osm_clinique_saintluc_43.7237_7.2804,Clinique Saint-Luc,hospital,hospital
36.439381,6.158431,osm_salle_de_soins_al_arsa_36.4394_6.1584,Salle de soins Al Arsa,hospital,hospital
46.144546,6.076736,osm_centre_mdicopsychologique_adultes_de_sai_46.1445_6.0767,Centre médico-psychologique Adultes de Saint-Julien-en-Ge...,hospital,hospital
45.942996,15.483554,osm_zdravstveni_dom_krko_45.9430_15.4836,Zdravstveni dom Krško,hospital,hospital
41.062802,14.560100,osm_guardia_medica_41.0628_14.5601,Guardia Medica,hospital,hospital
45.429932,17.188257,osm_opa_upanijska_bolnica_pakrac_i_bolnica_h_45.4299_17.1883,Opća županijska bolnica Pakrac i bolnica hrvatskih veterana,hospital,hospital
44.500507,11.088622,osm_ospedale_don_giuseppe_dossetti_44.5005_11.0886,Ospedale Don Giuseppe Dossetti,hospital,hospital
44.910892,7.678940,osm_ospedale_44.9109_7.6789,Ospedale,hospital,hospital
39.358716,16.241811,osm_poliambulatorio_g_de_maio_39.3587_16.2418,Poliambulatorio G. De Maio,hospital,hospital
44.478974,11.385042,osm_villa_laura_44.4790_11.3850,Villa Laura,hospital,hospital
44.490356,11.368925,osm_istituto_santanna_44.4904_11.3689,Istituto Sant'Anna,hospital,hospital
42.732427,12.725581,osm_ospedale_san_matteo_degli_infermi_42.7324_12.7256,Ospedale San Matteo degli Infermi,hospital,hospital
44.019333,10.153485,osm_ospedale_del_cuore_44.0193_10.1535,Ospedale del Cuore,hospital,hospital
43.563678,7.004594,osm_centre_hospitalier_de_cannes_simone_veil_43.5637_7.0046,Centre hospitalier de Cannes Simone Veil,hospital,hospital
38.960586,16.302384,osm_presidio_ospedaliero_giovanni_paolo_ii_38.9606_16.3024,Presidio Ospedaliero Giovanni Paolo II,hospital,hospital
45.815578,8.834429,osm_ospedale_filippo_del_ponte_45.8156_8.8344,Ospedale Filippo Del Ponte,hospital,hospital
42.200891,14.217009,osm_ospedale_maria_santissima_immacolata_42.2009_14.2170,Ospedale Maria Santissima Immacolata,hospital,hospital
46.962141,17.874351,osm_rendelintzet_46.9621_17.8744,Rendelőintézet,hospital,hospital
46.359163,6.474238,osm_equipe_mobile_psychosociale_du_chablais_46.3592_6.4742,Equipe Mobile Psycho-sociale du Chablais,hospital,hospital
45.605193,10.522382,osm_ospedale_di_sal_45.6052_10.5224,Ospedale di Salò,hospital,hospital
39.420899,9.569688,osm_ospedale_san_marcellino_39.4209_9.5697,Ospedale San Marcellino,hospital,hospital
39.491520,16.389348,osm_presidio_ospedaliero_beato_angelo_39.4915_16.3893,Presidio Ospedaliero Beato Angelo,hospital,hospital
44.521767,11.342292,osm_villa_erbosa_44.5218_11.3423,Villa Erbosa,hospital,hospital
44.505589,11.313454,osm_ospedale_maggiore_carlo_alberto_pizzardi_44.5056_11.3135,Ospedale Maggiore Carlo Alberto Pizzardi,hospital,hospital
44.475682,11.340218,osm_istituto_ortopedico_rizzoli_poliambulato_44.4757_11.3402,Istituto Ortopedico Rizzoli - Poliambulatorio Barbiano,hospital,hospital
44.480846,11.341955,osm_istituto_ortopedico_rizzoli_ospedale_44.4808_11.3420,Istituto Ortopedico Rizzoli - Ospedale,hospital,hospital
39.078637,17.117572,osm_ospedale_civile_san_giovanni_di_dio_39.0786_17.1176,Ospedale Civile San Giovanni di Dio,hospital,hospital
39.061555,17.130670,osm_casa_di_cura_santanna_39.0616_17.1307,Casa di Cura Sant'Anna,hospital,hospital
44.634074,11.415499,osm_ospedale_di_bentivoglio_44.6341_11.4155,Ospedale di Bentivoglio,hospital,hospital
44.701287,11.399478,osm_polo_sanitario_anacleto_bonora_44.7013_11.3995,Polo Sanitario Anacleto Bonora,hospital,hospital
44.635899,11.410831,osm_fondazione_sergnoli_hospice_bentivoglio_44.6359_11.4108,Fondazione Seràgnoli - Hospice Bentivoglio,hospital,hospital
46.166084,14.313121,osm_zdravstveni_dom_kofja_loka_46.1661_14.3131,Zdravstveni dom Škofja Loka,hospital,hospital
45.580329,8.887934,osm_ospedale_nuovo_di_legnano_45.5803_8.8879,Ospedale nuovo di Legnano,hospital,hospital
43.610496,10.969620,osm_ospedale_santa_verdiana_43.6105_10.9696,Ospedale Santa Verdiana,hospital,hospital
39.056526,17.089990,osm_casa_di_cura_santanna_39.0565_17.0900,Casa di Cura Sant'Anna,hospital,hospital
44.358138,11.688942,osm_ospedale_di_imola_santa_maria_della_scal_44.3581_11.6889,Ospedale di Imola Santa Maria della Scaletta,hospital,hospital
44.621106,11.663782,osm_poliambulatorio_di_molinella_44.6211_11.6638,Poliambulatorio di Molinella,hospital,hospital
44.414037,8.942927,osm_ospedale_evangelico_internazionale_44.4140_8.9429,Ospedale Evangelico Internazionale,hospital,hospital
44.449803,11.360378,osm_villa_serena_44.4498_11.3604,Villa Serena,hospital,hospital
36.030780,10.508499,osm_poi_36.0308_10.5085,المستوصف المحلي,hospital,hospital
41.136085,14.773610,osm_ospedale_sacro_cuore_di_ges_fatebenefrat_41.1361_14.7736,Ospedale Sacro Cuore di Gesù Fatebenefratelli,hospital,hospital
36.453771,6.630322,osm_eph_didouche_morad_36.4538_6.6303,EPH Didouche Morad,hospital,hospital
45.534519,9.034744,osm_ospedale_di_circolo_rho_45.5345_9.0347,Ospedale di Circolo - Rho,hospital,hospital
46.317056,7.981868,osm_spitalzentrum_oberwallis_szo_brig_46.3171_7.9819,Spitalzentrum Oberwallis (SZO) Brig,hospital,hospital
45.529771,10.937363,osm_ospedale_sacro_cuore_don_calabria_45.5298_10.9374,Ospedale Sacro Cuore Don Calabria,hospital,hospital
43.549732,6.988305,osm_clinique_du_mridien_43.5497_6.9883,Clinique du Méridien,hospital,hospital
36.123168,6.784931,osm_centre_mdical_36.1232_6.7849,Centre médical,hospital,hospital
36.017697,6.569526,osm_hpital_slimane_amirat_36.0177_6.5695,Hôpital Slimane Amirat,hospital,hospital
36.038602,6.563879,osm_clinique_dhmodialyse_36.0386_6.5639,Clinique d'Hémodialyse,hospital,hospital
38.599051,16.222275,osm_presidio_ospedaliero_di_soriano_calabro_38.5991_16.2223,Presidio ospedaliero di Soriano Calabro,hospital,hospital
44.952219,7.769343,osm_asl_to5_44.9522_7.7693,ASL TO5,hospital,hospital
39.877053,9.549052,osm_ospedale_nostra_signora_della_mercede_39.8771_9.5491,Ospedale Nostra Signora della Mercede,hospital,hospital
39.936177,18.356219,osm_azienda_ospedaliera_cardinale_giovanni_p_39.9362_18.3562,Azienda Ospedaliera Cardinale Giovanni Panico,hospital,hospital
39.937188,18.358590,osm_casa_di_betania_onlus_39.9372_18.3586,Casa di Betania Onlus,hospital,hospital
39.241371,9.175535,osm_korian_39.2414_9.1755,Korian,hospital,hospital
39.226388,9.125589,osm_clinica_villa_selena_39.2264_9.1256,Clinica Villa S.Elena,hospital,hospital
39.213803,9.173072,osm_ospedale_marino_39.2138_9.1731,Ospedale Marino,hospital,hospital
39.226192,9.117360,osm_casa_di_cura_santanna_39.2262_9.1174,Casa di cura Sant'Anna,hospital,hospital
46.302992,16.326738,osm_opa_bolnica_varadin_46.3030_16.3267,Opća bolnica Varaždin,hospital,hospital
39.873641,16.535740,osm_presidio_ospedaliero_di_trebisacce_39.8736_16.5357,Presidio Ospedaliero di Trebisacce,hospital,hospital
36.513893,8.757902,osm_poi_36.5139_8.7579,المستشفى الجهوي بجندوبة,hospital,hospital
45.801310,15.162658,osm_zdravstveni_dom_45.8013_15.1627,Zdravstveni dom,hospital,hospital
45.799968,15.163829,osm_splona_bolninica_45.8000_15.1638,Splošna bolnišnica,hospital,hospital
45.810485,9.088186,osm_ospedale_valduce_45.8105_9.0882,Ospedale Valduce,hospital,hospital
45.793282,9.045731,osm_ospedale_santanna_di_como_45.7933_9.0457,Ospedale Sant'Anna di Como,hospital,hospital
43.730893,10.807536,osm_ospedale_san_pietro_igneo_43.7309_10.8075,Ospedale San Pietro Igneo,hospital,hospital
46.959089,17.897310,osm_vastegszsggyi_rehabilitcis_intzet_46.9591_17.8973,Vasútegészségügyi Rehabilitációs Intézet,hospital,hospital
44.376111,7.531368,osm_villa_santa_croce_44.3761_7.5314,Villa Santa Croce,hospital,hospital
46.354862,17.995520,osm_kaposi_mr_oktat_krhz_mosdsi_telephely_46.3549_17.9955,Kaposi Mór Oktató Kórház Mosdósi Telephely,hospital,hospital
39.548600,8.786765,osm_consultorio_familiare_39.5486_8.7868,Consultorio Familiare,hospital,hospital
43.318585,12.619022,osm_gubbio_soccorso_43.3186_12.6190,Gubbio Soccorso,hospital,hospital
46.442725,14.036722,osm_splona_bolninica_jesenice_46.4427_14.0367,Splošna bolnišnica Jesenice,hospital,hospital
42.715230,13.014803,osm_centro_di_riabilitazione_intensiva_osped_42.7152_13.0148,Centro di Riabilitazione Intensiva Ospedaliera Santa Rita...,hospital,hospital
36.867042,6.900813,osm_polyclinique_700_logements_36.8670_6.9008,Polyclinique 700 Logements,hospital,hospital
36.869739,6.914348,osm_clinique_abu_alquassim_36.8697_6.9143,Clinique Abu Al-Quassim,hospital,hospital
45.918132,9.322619,osm_asl_mandello_del_lario_45.9181_9.3226,ASL Mandello del Lario,hospital,hospital
45.918105,9.322878,osm_soccorso_degli_alpini_45.9181_9.3229,Soccorso degli Alpini,hospital,hospital
45.787948,9.288711,osm_la_nostra_famiglia_lungodegenza_riabilit_45.7879_9.2887,La Nostra Famiglia - Lungodegenza / Riabilitazione per Di...,hospital,hospital
46.873602,16.859459,osm_zala_megyei_krhz_pzvai_telephely_46.8736_16.8595,"Zala Megyei Kórház, Pózvai telephely",hospital,hospital
40.278453,18.047313,osm_ospedale_san_giuseppe_da_copertino_40.2785_18.0473,Ospedale San Giuseppe da Copertino,hospital,hospital
45.572832,8.047826,osm_casa_di_cura_villa_vialarda_45.5728_8.0478,Casa di cura Villa Vialarda,hospital,hospital
40.455087,15.010850,osm_asl_sa_distretto_sanitario_primario_40.4551_15.0109,ASL SA Distretto Sanitario Primario,hospital,hospital
46.343632,18.698477,osm_balassa_jnos_krhz_46.3436_18.6985,Balassa János Kórház,hospital,hospital
45.601852,12.881437,osm_pronto_soccorso_ospedale_caorle_45.6019_12.8814,Pronto Soccorso Ospedale Caorle,hospital,hospital
46.345305,18.701884,osm_balassa_jnos_krhz_46.3453_18.7019,Balassa János Kórház,hospital,hospital
40.305203,18.157563,osm_ospedale_a_galateo_di_san_cesario_40.3052_18.1576,Ospedale A. Galateo Di San Cesario,hospital,hospital
36.080653,9.375317,osm_poi_36.0807_9.3753,المستشفى الجهوي بسليانة,hospital,hospital
41.810721,14.377140,osm_presidio_ospedaliero_caracciolo_41.8107_14.3771,Presidio ospedaliero Caracciolo,hospital,hospital
44.930052,15.809764,osm_ljeilite_gata_44.9301_15.8098,Lječilište Gata,hospital,hospital
46.171481,9.880962,osm_ospedale_civile_di_sondrio_46.1715_9.8810,Ospedale Civile di Sondrio,hospital,hospital
46.321776,9.399787,osm_ospedale_di_chiavenna_46.3218_9.3998,Ospedale di Chiavenna,hospital,hospital
40.329663,18.158674,osm_vito_fazzi_40.3297_18.1587,Vito Fazzi,hospital,hospital
46.133678,9.573454,osm_presidio_ospedaliero_territoriale_di_mor_46.1337_9.5735,Presidio Ospedaliero Territoriale di Morbegno,hospital,hospital
45.323952,10.655730,osm_ospedale_civile_di_volta_mantovana_srl_45.3240_10.6557,Ospedale Civile di Volta Mantovana s.r.l.,hospital,hospital
36.233937,6.945983,osm_hopital_36.2339_6.9460,Hopital,hospital,hospital
37.918036,15.780101,osm_ospedale_tiberio_evoli_37.9180_15.7801,Ospedale Tiberio Evoli,hospital,hospital
38.113110,15.659230,osm_ospedali_riuniti_bianchi_melacrino_morel_38.1131_15.6592,Ospedali Riuniti Bianchi Melacrino Morelli,hospital,hospital
38.115096,15.661487,osm_policlinico_madonna_della_consolazione_38.1151_15.6615,Policlinico Madonna della consolazione,hospital,hospital
46.178818,10.331192,osm_ospedale_di_edolo_46.1788_10.3312,Ospedale di Edolo,hospital,hospital
39.058032,17.114565,osm_asp_39.0580_17.1146,ASP,hospital,hospital
45.074164,7.670618,osm_ospedale_oftalmico_sperino_45.0742_7.6706,Ospedale Oftalmico Sperino,hospital,hospital
45.235464,7.598824,osm_ospedale_civile_di_ciri_45.2355_7.5988,Ospedale Civile di Ciriè,hospital,hospital
39.596392,16.637581,osm_ospedale_civile_nicola_giannettasio_39.5964_16.6376,Ospedale Civile Nicola Giannettasio,hospital,hospital
46.383217,6.227454,osm_hpital_de_nyon_46.3832_6.2275,Hôpital de Nyon,hospital,hospital
45.088243,7.660292,osm_ospedale_amedeo_di_savoiabirago_di_visch_45.0882_7.6603,Ospedale Amedeo di Savoia-Birago di Vische,hospital,hospital
45.069377,7.743553,osm_villa_maria_pia_45.0694_7.7436,Villa Maria Pia,hospital,hospital
36.786529,7.616132,osm_poi_36.7865_7.6161,مركز الصحة حجر الديس,hospital,hospital
45.829613,15.982134,osm_specijalna_bolnica_za_plune_bolesti_45.8296_15.9821,Specijalna bolnica za plućne bolesti,hospital,hospital
45.962749,14.293630,osm_zdravstveni_dom_vrhnika_45.9627_14.2936,Zdravstveni dom Vrhnika,hospital,hospital
45.852056,9.415021,osm_ospedale_alessandro_manzoni_45.8521_9.4150,Ospedale Alessandro Manzoni,hospital,hospital
36.281842,7.964321,osm_poi_36.2818_7.9643,المستشفى الجهوية سوق أهراس,hospital,hospital
47.107104,6.143156,osm_centre_hospitalier_saintlouis_47.1071_6.1432,Centre Hospitalier Saint-Louis,hospital,hospital
44.314850,9.349134,osm_ospedale_di_lavagna_44.3148_9.3491,Ospedale di Lavagna,hospital,hospital
42.635484,11.674451,osm_ospedale_petruccioli_42.6355_11.6745,Ospedale Petruccioli,hospital,hospital
41.821314,12.472375,osm_ospedale_santeugenio_41.8213_12.4724,Ospedale Sant'Eugenio,hospital,hospital
45.761261,8.558489,osm_centro_di_assistenza_primaria_cap_45.7613_8.5585,Centro di Assistenza Primaria (CAP),hospital,hospital
45.001817,7.689945,osm_ospedale_santa_croce_45.0018_7.6899,Ospedale Santa Croce,hospital,hospital
39.354096,16.040434,osm_san_francesco_di_paola_39.3541_16.0404,San Francesco di Paola,hospital,hospital
45.040430,10.928182,osm_poliambulatorio_45.0404_10.9282,Poliambulatorio,hospital,hospital
37.082934,15.270501,osm_presidi_ospedalieri_umberto_i_e_alessand_37.0829_15.2705,Presidi Ospedalieri Umberto I e Alessandro Rizza - ospeda...,hospital,hospital
44.779586,14.720150,osm_upanijska_specijalna_bolnica_insula_44.7796_14.7201,Županijska specijalna bolnica Insula,hospital,hospital
45.867058,8.982424,osm_ospedale_regionale_di_mendrisio_beata_ve_45.8671_8.9824,Ospedale Regionale di Mendrisio Beata Vergine,hospital,hospital
36.803206,6.516005,osm_poi_36.8032_6.5160,قاعة علاج الطاحونة,hospital,hospital
36.806856,6.522578,osm_poi_36.8069_6.5226,قاعة علاج عين رويبح,hospital,hospital
39.092948,16.790925,osm_ospedale_di_campizzi_39.0929_16.7909,Ospedale di Campizzi,hospital,hospital
39.114610,16.783322,osm_asl_39.1146_16.7833,ASL,hospital,hospital
46.491616,6.388683,osm_hopital_daubonne_46.4916_6.3887,Hopital d'Aubonne,hospital,hospital
41.709274,15.707468,osm_casa_sollievo_della_sofferenza_41.7093_15.7075,Casa Sollievo della Sofferenza,hospital,hospital
43.724576,7.282155,osm_centre_hospitalier_universitaire_de_nice_43.7246_7.2822,Centre hospitalier universitaire de Nice,hospital,hospital
40.599970,8.565700,osm_ospedale_g_a_alivesi_40.6000_8.5657,Ospedale G. A. Alivesi,hospital,hospital
37.572167,14.898402,osm_ospedale_santissimo_salvatore_37.5722_14.8984,Ospedale Santissimo Salvatore,hospital,hospital
45.126036,7.755565,osm_ospedale_civico_di_settimo_torinese_45.1260_7.7556,Ospedale Civico di Settimo Torinese,hospital,hospital
41.882442,12.562844,osm_clinica_guarnieri_41.8824_12.5628,Clinica Guarnieri,hospital,hospital
40.522978,8.714191,osm_ospedale_civile_di_thiesi_40.5230_8.7142,Ospedale Civile di Thiesi,hospital,hospital
47.249388,16.942007,osm_rendelintzet_47.2494_16.9420,Rendelőintézet,hospital,hospital
40.897706,9.102519,osm_ospedale_paolo_dettori_40.8977_9.1025,Ospedale Paolo Dettori,hospital,hospital
43.722527,7.281227,osm_polyclinique_saintfranois_43.7225_7.2812,Polyclinique Saint-François,hospital,hospital
45.035363,7.673788,osm_ospedale_ginecologicoostetrico_santanna_45.0354_7.6738,Ospedale Ginecologico-Ostetrico Sant'Anna,hospital,hospital
45.033349,7.674352,osm_centro_traumatologico_ortopedico_45.0333_7.6744,Centro Traumatologico Ortopedico,hospital,hospital
46.322601,10.062195,osm_ospedale_san_sisto_46.3226_10.0622,Ospedale San Sisto,hospital,hospital
41.355062,14.375796,osm_guardia_medica_41.3551_14.3758,Guardia medica,hospital,hospital
45.028716,7.556944,osm_ospedale_san_luigi_gonzaga_45.0287_7.5569,Ospedale San Luigi Gonzaga,hospital,hospital
45.059501,7.521300,osm_ospedale_di_rivoli_45.0595_7.5213,Ospedale di Rivoli,hospital,hospital
36.835298,10.151085,osm_poi_36.8353_10.1511,مصحة المنار,hospital,hospital
45.442901,8.621286,osm_azienda_universitarioospedaliera_maggior_45.4429_8.6213,Azienda Universitario-Ospedaliera Maggiore della Carità,hospital,hospital
41.252365,13.051529,osm_istituto_fisioterapico_di_riabilitazione_41.2524_13.0515,Istituto Fisioterapico di Riabilitazione Clara Franceschini,hospital,hospital
40.741128,14.631991,osm_villa_chiarugi_40.7411_14.6320,Villa Chiarugi,hospital,hospital
36.455812,7.435567,osm_hpital_el_hakim_okbi_36.4558_7.4356,Hôpital El Hakim Okbi,hospital,hospital
37.073847,15.283027,osm_presidi_ospedalieri_umberto_i_e_alessand_37.0738_15.2830,Presidi Ospedalieri Umberto I e Alessandro Rizza - ospeda...,hospital,hospital
36.926580,15.158452,osm_ospedale_unico_avolanoto_presidio_giusep_36.9266_15.1585,Ospedale Unico Avola-Noto - presidio Giuseppe Di Maria,hospital,hospital
47.451253,9.419835,osm_oberwaid_hotel_klink_47.4513_9.4198,Oberwaid Hotel & Klink,hospital,hospital
36.644943,9.633902,osm_poi_36.6449_9.6339,المستشفى الجهوي بمجاز الباب,hospital,hospital
45.538078,9.934451,osm_asst_franciacorta_45.5381_9.9345,A.S.S.T. - Franciacorta,hospital,hospital
40.913835,14.402260,osm_clinica_san_felice_40.9138_14.4023,Clinica San Felice,hospital,hospital
45.156266,9.313305,osm_presidio_ospedaliero_irccs_san_matteo_ug_45.1563_9.3133,Presidio Ospedaliero IRCCS San Matteo Ugo Dozzio,hospital,hospital
43.844625,7.850083,osm_ospedale_de_carit_onlus_43.8446_7.8501,Ospedale de Carità Onlus,hospital,hospital
45.867667,8.908454,osm_istituto_madonna_della_croce_45.8677_8.9085,Istituto Madonna della Croce,hospital,hospital
42.271184,12.686700,osm_asl_42.2712_12.6867,ASL,hospital,hospital
36.373432,6.616746,osm_chu_ibn_badis_36.3734_6.6167,CHU Ibn Badis,hospital,hospital
38.196168,15.549311,osm_casa_di_cura_cristo_re_38.1962_15.5493,Casa di cura Cristo Re,hospital,hospital
45.620307,9.797680,osm_ospedale_di_calcinate_fm_passi_45.6203_9.7977,Ospedale di Calcinate F.M. Passi,hospital,hospital
36.839260,14.765207,osm_ospedale_maggiore_nino_baglieri_36.8393_14.7652,Ospedale Maggiore Nino Baglieri,hospital,hospital
43.471016,11.150768,osm_usl_toscana_sud_est_distretto_poggibonsi_43.4710_11.1508,USL Toscana Sud Est - Distretto Poggibonsi,hospital,hospital
45.068671,7.700020,osm_istituti_clinici_scientifici_maugeri_ics_45.0687_7.7000,Istituti Clinici Scientifici Maugeri - ICS Torino,hospital,hospital
41.587662,12.648473,osm_casa_di_cura_citt_di_aprilia_41.5877_12.6485,Casa di Cura Città di Aprilia,hospital,hospital
46.166143,16.337505,osm_sluba_za_produeno_lijeenje_i_palijativnu_46.1661_16.3375,Služba za produženo liječenje i palijativnu skrb Novi Marof,hospital,hospital
46.210514,16.421102,osm_specijalna_bolnica_za_medicinsku_rehabil_46.2105_16.4211,Specijalna bolnica za medicinsku rehabilitaciju Varaždins...,hospital,hospital
40.755904,15.495303,osm_poliambulatorio_di_muro_lucano_40.7559_15.4953,Poliambulatorio di Muro Lucano,hospital,hospital
37.080364,15.297907,osm_casa_di_cura_santa_lucia_37.0804_15.2979,Casa di cura Santa Lucia,hospital,hospital
47.262715,8.589996,osm_seespital_horgen_47.2627_8.5900,See-Spital Horgen,hospital,hospital
45.145102,17.246944,osm_opta_bolnica_gradika_45.1451_17.2469,Opšta bolnica Gradiška,hospital,hospital
46.947309,7.424395,osm_inselspital_46.9473_7.4244,Inselspital,hospital,hospital
40.120398,18.293155,osm_asl_lecce_distretto_socio_sanitario_di_m_40.1204_18.2932,ASL Lecce Distretto Socio Sanitario di Maglie,hospital,hospital
46.139637,14.596467,osm_zdravstveni_dom_domale_46.1396_14.5965,Zdravstveni dom Domžale,hospital,hospital
39.558058,8.793654,osm_ospedale_nostra_signora_di_bonaria_39.5581_8.7937,Ospedale Nostra Signora di Bonaria,hospital,hospital
37.101992,15.268836,osm_casa_di_cura_villa_azzurra_37.1020_15.2688,Casa di cura Villa Azzurra,hospital,hospital
37.100480,15.269521,osm_casa_di_cura_villa_mauritius_37.1005_15.2695,Casa di cura Villa Mauritius,hospital,hospital
36.953832,14.545704,osm_ospedale_riccardo_guzzardi_36.9538_14.5457,Ospedale Riccardo Guzzardi,hospital,hospital
46.064517,14.502536,osm_iatros_46.0645_14.5025,IATROS,hospital,hospital
46.238810,15.640266,osm_pivnica_donat_46.2388_15.6403,Pivnica Donat,hospital,hospital
46.238665,15.640908,osm_terapija_46.2387_15.6409,Terapija,hospital,hospital
46.239146,15.634285,osm_zdravstveni_dom_46.2391_15.6343,Zdravstveni dom,hospital,hospital
45.717461,7.241298,osm_istituto_clinico_valle_daosta_45.7175_7.2413,Istituto Clinico Valle d'Aosta,hospital,hospital
36.260369,6.708286,osm_hopital_elkhroub_36.2604_6.7083,Hopital El-Khroub,hospital,hospital
44.406604,8.306855,osm_residenza_protetta_pra_ellera_comunit_te_44.4066_8.3069,"Residenza Protetta Pra' Ellera, Comunità Terapeutica",hospital,hospital
42.361455,14.293105,osm_distretto_sanitario_di_base_42.3615_14.2931,Distretto Sanitario di Base,hospital,hospital
39.365230,17.125138,osm_asl_cir_marina_39.3652_17.1251,ASL Cirò Marina,hospital,hospital
37.079300,15.278393,osm_clinica_villa_rizzo_37.0793_15.2784,Clinica Villa Rizzo,hospital,hospital
45.704647,8.458914,osm_ospedale_santissima_trinit_45.7046_8.4589,Ospedale Santissima Trinità,hospital,hospital
45.154056,10.780918,osm_neuropsichiatria_infantile_territoriale_45.1541_10.7809,Neuropsichiatria infantile territoriale,hospital,hospital
44.493043,11.330234,osm_roncati_44.4930_11.3302,Roncati,hospital,hospital
41.399378,9.163440,osm_centre_hospitalier_de_bonifacio_41.3994_9.1634,Centre hospitalier de Bonifacio,hospital,hospital
45.543206,8.062812,osm_nuovo_ospedale_degli_infermi_45.5432_8.0628,Nuovo Ospedale degli Infermi,hospital,hospital
44.410777,12.187900,osm_santa_maria_delle_croci_44.4108_12.1879,Santa Maria delle Croci,hospital,hospital
45.373436,9.165124,osm_istituto_clinico_humanitas_45.3734_9.1651,Istituto Clinico Humanitas,hospital,hospital
46.052530,18.228069,osm_pte_akc_utcai_klinikai_tmb_46.0525_18.2281,PTE Akác utcai klinikai tömb,hospital,hospital
45.152990,10.775055,osm_rsa_isabella_deste_rsa_luigi_bianchi_45.1530_10.7751,R.S.A. Isabella d'Este - R.S.A. Luigi Bianchi,hospital,hospital
45.670649,9.246363,osm_asst_brianza_ospedale_di_carate_brianza_45.6706_9.2464,ASST Brianza - Ospedale di Carate Brianza,hospital,hospital
43.597874,13.315495,osm_ospedale_di_comunit_maria_montessori_43.5979_13.3155,Ospedale di Comunità Maria Montessori,hospital,hospital
40.816772,16.420748,osm_ospedale_40.8168_16.4207,Ospedale,hospital,hospital
36.392890,6.127628,osm_poi_36.3929_6.1276,مركز صحي,hospital,hospital
43.895794,10.559928,osm_casa_della_salute_del_comune_di_capannor_43.8958_10.5599,Casa della Salute del Comune di Capannori,hospital,hospital
45.588191,10.439807,osm_ospedale_di_gavardo_45.5882_10.4398,Ospedale di Gavardo,hospital,hospital
39.078769,16.381464,osm_ospedale_di_soveria_mannelli_39.0788_16.3815,Ospedale di Soveria Mannelli,hospital,hospital
45.385214,11.393481,osm_ospedale_san_giovanni_battista_45.3852_11.3935,Ospedale San Giovanni Battista,hospital,hospital
45.190758,11.223134,osm_distretto_sanitario_3_di_cerea_45.1908_11.2231,Distretto Sanitario 3 di Cerea,hospital,hospital
45.384495,11.401139,osm_casa_di_riposo_di_lonigo_45.3845_11.4011,Casa di Riposo di Lonigo,hospital,hospital
37.245631,15.234512,osm_ospedale_emanuele_muscatello_37.2456_15.2345,Ospedale Emanuele Muscatello,hospital,hospital
45.477556,15.537911,osm_opa_bolnica_karlovac_45.4776_15.5379,Opća bolnica Karlovac,hospital,hospital
43.437938,12.864136,osm_ospedale_santantonio_abate_43.4379_12.8641,Ospedale Sant'Antonio Abate,hospital,hospital
46.145610,14.405487,osm_zdravstveni_dom_medvode_46.1456_14.4055,Zdravstveni dom Medvode,hospital,hospital
41.881008,12.543434,osm_ospedale_generale_madre_giuseppina_vanni_41.8810_12.5434,Ospedale generale Madre Giuseppina Vannini,hospital,hospital
43.660866,7.186461,osm_institut_arnault_tzanck_43.6609_7.1865,Institut Arnault Tzanck,hospital,hospital
41.637899,13.323507,osm_ospedale_fabrizio_spaziani_41.6379_13.3235,Ospedale Fabrizio Spaziani,hospital,hospital
44.468601,11.336678,osm_clinica_privata_villalba_44.4686_11.3367,Clinica privata Villalba,hospital,hospital
40.643819,17.517718,osm_presidio_territoriale_assistenziale_ex_o_40.6438_17.5177,Presidio Territoriale Assistenziale - ex Ospedale Civile,hospital,hospital
46.552679,10.132561,osm_international_medical_center_46.5527_10.1326,International Medical Center,hospital,hospital
38.190103,15.543876,osm_cot_38.1901_15.5439,COT,hospital,hospital
46.235340,7.386921,osm_hpital_de_sion_46.2353_7.3869,Hôpital de Sion,hospital,hospital
41.553435,14.659317,osm_casa_di_cura_villa_maria_41.5534_14.6593,Casa di Cura Villa Maria,hospital,hospital
41.118895,16.780851,osm_ospedale_san_paolo_41.1189_16.7809,Ospedale San Paolo,hospital,hospital
44.518177,7.478304,osm_croce_rossa_italiana_44.5182_7.4783,Croce Rossa Italiana,hospital,hospital
46.186709,6.224405,osm_hpital_priv_pays_de_savoie_46.1867_6.2244,Hôpital privé Pays de Savoie,hospital,hospital
40.644732,17.536502,osm_presidio_ospedaliero_di_riabilitazione_f_40.6447_17.5365,Presidio Ospedaliero di Riabilitazione - Fondazione San R...,hospital,hospital
46.074818,18.229186,osm_pcsi_irgalmasrendi_krhz_46.0748_18.2292,Pécsi Irgalmasrendi Kórház,hospital,hospital
46.089705,18.225861,osm_da_vinci_magnklinika_46.0897_18.2259,Da Vinci magánklinika,hospital,hospital
44.353091,6.360261,osm_eps_valle_de_la_blanche_44.3531_6.3603,EPS Vallée de la Blanche,hospital,hospital
41.056705,14.625233,osm_asl_montesarchio_41.0567_14.6252,ASL Montesarchio,hospital,hospital
40.910811,14.196262,osm_villa_dei_fiori_40.9108_14.1963,Villa dei fiori,hospital,hospital
46.078323,18.210623,osm_klinikai_kzpont_46.0783_18.2106,Klinikai Központ,hospital,hospital
36.898419,7.724866,osm_hpital_psychiatrique_aboubaker_errazi_36.8984_7.7249,Hôpital psychiatrique Aboubaker Errazi,hospital,hospital
45.726876,11.414723,osm_ospedale_alto_vicentino_ulss_7_pedemonta_45.7269_11.4147,Ospedale Alto Vicentino - ULSS 7 Pedemontana,hospital,hospital
36.445792,7.309224,osm_centre_de_sant_36.4458_7.3092,centre de santé,hospital,hospital
36.904415,15.069698,osm_ospedale_unico_avolanoto_presidio_raffae_36.9044_15.0697,Ospedale Unico Avola-Noto - presidio Raffaele Trigona,hospital,hospital
44.678321,7.274037,osm_croce_rossa_italiana_delegazione_di_paes_44.6783_7.2740,Croce Rossa Italiana - Delegazione di Paesana,hospital,hospital
41.866094,12.457752,osm_istituto_nazionale_per_le_malattie_infet_41.8661_12.4578,Istituto nazionale per le malattie infettive Lazzaro Spal...,hospital,hospital
40.652047,15.805152,osm_ospedale_san_carlo_40.6520_15.8052,Ospedale San Carlo,hospital,hospital
45.234123,11.871620,osm_ospedale_di_conselve_45.2341_11.8716,Ospedale di Conselve,hospital,hospital
45.771587,14.210233,osm_bolnica_za_enske_bolezni_in_porodninica_45.7716_14.2102,Bolnica za ženske bolezni in porodnišnica,hospital,hospital
42.117951,14.710246,osm_ospedale_san_pio_da_pietrelcina_42.1180_14.7102,Ospedale San Pio da Pietrelcina,hospital,hospital
39.235631,9.106837,osm_ospedale_santissima_trinit_39.2356_9.1068,Ospedale Santissima Trinità,hospital,hospital
39.211312,9.137114,osm_ospedale_roberto_binaghi_39.2113_9.1371,Ospedale Roberto Binaghi,hospital,hospital
44.994146,10.412332,osm_avis_comunale_di_casalmaggiore_associazi_44.9941_10.4123,Avis comunale di Casalmaggiore - Associazione volontari i...,hospital,hospital
45.568547,14.243502,osm_zdravstveni_dom_urgenca_45.5685_14.2435,Zdravstveni dom - urgenca,hospital,hospital
44.055971,10.788538,osm_ospedale_lorenzo_pacini_44.0560_10.7885,Ospedale Lorenzo Pacini,hospital,hospital
45.475724,10.849037,osm_ospedale_orlandi_45.4757_10.8490,Ospedale Orlandi,hospital,hospital
41.226322,16.072240,osm_ospedale_civile_di_canosa_di_puglia_41.2263_16.0722,Ospedale Civile di Canosa di Puglia,hospital,hospital
43.655923,10.618957,osm_ambulatorio_palazzo_blu_43.6559_10.6190,Ambulatorio Palazzo Blu,hospital,hospital
41.085736,14.338805,osm_iatropolis_citt_della_medicina_41.0857_14.3388,Iatropolis Città della Medicina,hospital,hospital
45.294119,11.534627,osm_complesso_ospedaliero_di_noventa_vicenti_45.2941_11.5346,Complesso Ospedaliero di Noventa Vicentina,hospital,hospital
41.919979,12.480279,osm_clinica_valle_giulia_41.9200_12.4803,Clinica Valle Giulia,hospital,hospital
41.922847,12.487765,osm_clinica_parioli_41.9228_12.4878,Clinica Parioli,hospital,hospital
47.260297,9.647324,osm_landeskrankenhaus_rankweil_47.2603_9.6473,Landeskrankenhaus Rankweil,hospital,hospital
44.107467,15.234677,osm_opa_bolnica_zadar_44.1075_15.2347,Opća bolnica Zadar,hospital,hospital
41.923928,12.487903,osm_clinica_mater_dei_41.9239_12.4879,Clinica Mater Dei,hospital,hospital
41.714044,12.690736,osm_villa_von_siebenthal_41.7140_12.6907,Villa Von Siebenthal,hospital,hospital
44.799357,11.696523,osm_arcispedale_santanna_44.7994_11.6965,Arcispedale Sant'Anna,hospital,hospital
45.048665,12.053721,osm_ospedale_civile_santa_maria_regina_degli_45.0487_12.0537,Ospedale Civile Santa Maria Regina degli Angeli,hospital,hospital
41.729627,13.635408,osm_ospedale_santissima_trinit_41.7296_13.6354,Ospedale Santissima Trinità,hospital,hospital
45.620261,9.238348,osm_ospedale_di_lissone_45.6203_9.2383,Ospedale di Lissone,hospital,hospital
36.732526,10.247801,osm_poi_36.7325_10.2478,المستشفى الجهوي ببن عروس,hospital,hospital
45.564790,11.928284,osm_ospedale_di_camposampiero_45.5648_11.9283,Ospedale di Camposampiero,hospital,hospital
45.562912,11.928396,osm_centro_servizi_socio_sanitari_guido_de_r_45.5629_11.9284,Centro Servizi Socio Sanitari Guido de Rossignoli,hospital,hospital
45.626997,11.702542,osm_asl_15_alta_padovana_distaccamento_carmi_45.6270_11.7025,ASL 15 Alta Padovana - Distaccamento Carmignano di Brenta,hospital,hospital
36.344726,6.603612,osm_pharmacie_36.3447_6.6036,PHARMACIE,hospital,hospital
40.853799,14.344385,osm_ospedale_del_mare_40.8538_14.3444,Ospedale del Mare,hospital,hospital
40.851638,14.345213,osm_ospedale_del_mare_40.8516_14.3452,Ospedale del Mare,hospital,hospital
36.351585,6.594474,osm_hpital_hafid_boudjema_36.3516_6.5945,Hôpital hafid boudjema,hospital,hospital
40.731464,14.560954,osm_asl_salerno_distretto_sanitario_61_40.7315_14.5610,ASL Salerno - Distretto Sanitario 61,hospital,hospital
47.189051,8.859424,osm_spital_lachen_47.1891_8.8594,Spital Lachen,hospital,hospital
46.249018,14.353431,osm_zdravstveni_dom_kranj_46.2490_14.3534,Zdravstveni dom Kranj,hospital,hospital
44.680060,10.620188,osm_casa_di_cura_policlinica_villa_verde_44.6801_10.6202,Casa di cura policlinica Villa Verde,hospital,hospital
44.467372,11.371367,osm_casa_di_cura_toniolo_44.4674_11.3714,Casa di Cura Toniolo,hospital,hospital
41.930334,12.513661,osm_clinica_sanatrix_41.9303_12.5137,Clinica Sanatrix,hospital,hospital
46.111806,12.890552,osm_ospedale_san_giovanni_dei_battuti_46.1118_12.8906,Ospedale San Giovanni dei Battuti,hospital,hospital
36.368291,6.634571,osm_ehs_sidi_mabrouk_hpital_pdiatrique_manso_36.3683_6.6346,EHS Sidi Mabrouk - Hôpital Pédiatrique Mansourah,hospital,hospital
43.869731,18.415965,osm_kliniki_centar_univerziteta_u_sarajevu_43.8697_18.4160,Klinički centar Univerziteta u Sarajevu,hospital,hospital
40.931159,15.674778,osm_istituto_di_ricovero_e_cura_a_carattere__40.9312_15.6748,Istituto di ricovero e cura a carattere scientifico - Cen...,hospital,hospital
47.414978,10.260863,osm_adula_klinik_47.4150_10.2609,Adula Klinik,hospital,hospital
43.657688,10.631139,osm_azienda_usl_toscana_nord_ovest_43.6577_10.6311,Azienda USL Toscana Nord Ovest,hospital,hospital
43.658019,10.631093,osm_distretto_sociosanitario_via_fleming_43.6580_10.6311,Distretto Socio-sanitario Via Fleming,hospital,hospital
46.232093,17.362255,osm_nagyatdi_krhz_46.2321_17.3623,Nagyatádi Kórház,hospital,hospital
45.993241,9.039388,osm_cof_lanzo_45.9932_9.0394,COF Lanzo,hospital,hospital
41.874879,12.456457,osm_casa_di_cura_citt_di_roma_41.8749_12.4565,Casa di Cura Città di Roma,hospital,hospital
47.262080,11.386634,osm_universittsklinik_innsbruck_47.2621_11.3866,Universitätsklinik Innsbruck,hospital,hospital
36.903458,7.766107,osm_hpital_frantz_fanon_36.9035_7.7661,Hôpital Frantz Fanon,hospital,hospital
36.903960,7.757770,osm_centre_sanitaire_36.9040_7.7578,Centre Sanitaire,hospital,hospital
44.327446,7.556051,osm_cdr_monsignor_calandri_44.3274_7.5561,CDR Monsignor Calandri,hospital,hospital
36.909480,7.676721,osm_ehs_seradi_36.9095_7.6767,EHS Seraïdi,hospital,hospital
44.706712,10.449687,osm_ospedale_ercole_franchini_44.7067_10.4497,Ospedale Ercole Franchini,hospital,hospital
45.995874,8.745819,osm_ospedale_luini_confalonieri_45.9959_8.7458,Ospedale Luini Confalonieri,hospital,hospital
45.394171,8.912882,osm_ospedale_costantino_cant_45.3942_8.9129,Ospedale Costantino Cantù,hospital,hospital
42.038647,13.932821,osm_ospedale_civile_ss_annunziata_42.0386_13.9328,Ospedale Civile SS. Annunziata,hospital,hospital
41.147491,16.423882,osm_obitorio_41.1475_16.4239,Obitorio,hospital,hospital
40.852323,14.374270,osm_presidio_sanitario_raffaele_apicella_40.8523_14.3743,Presidio Sanitario Raffaele Apicella,hospital,hospital
45.604237,9.590972,osm_policlinico_san_marco_45.6042_9.5910,Policlinico San Marco,hospital,hospital
45.519586,9.750399,osm_ospedale_santissima_trinit_45.5196_9.7504,Ospedale Santissima Trinità,hospital,hospital
36.832935,10.096663,osm_poi_36.8329_10.0967,مستشفى التّضامن,hospital,hospital
36.444516,8.437219,osm_poi_36.4445_8.4372,المستشفى المحلي بغار الدماء,hospital,hospital
44.766534,7.678355,osm_poliambulatorio_e_ospedale_civile_44.7665_7.6784,Poliambulatorio e Ospedale civile,hospital,hospital
36.726344,9.194682,osm_etawlid_36.7263_9.1947,ETAWLID,hospital,hospital
46.540490,6.588958,osm_ems_chteau_des_novalles_46.5405_6.5890,EMS Château des Novalles,hospital,hospital
44.653179,7.655592,osm_azienda_sanitalia_locale_cn1_savigliano_44.6532_7.6556,Azienda Sanitalia Locale CN1 - Savigliano,hospital,hospital
44.642094,7.494506,osm_ospedale_civile_di_saluzzo_44.6421_7.4945,Ospedale Civile di Saluzzo,hospital,hospital
44.653393,7.469670,osm_centrale_118_e_nue_112_44.6534_7.4697,Centrale 118 e Nue 112,hospital,hospital
43.764119,11.182817,osm_asl_43.7641_11.1828,ASL,hospital,hospital
45.663296,10.052112,osm_ospedale_civile_di_iseo_as_mellino_melli_45.6633_10.0521,Ospedale Civile di Iseo - A.S. Mellino Mellini,hospital,hospital
45.250267,8.756970,osm_ospedale_asilo_vittoria_45.2503_8.7570,Ospedale Asilo Vittoria,hospital,hospital
45.223512,10.411098,osm_ospedale_di_asola_45.2235_10.4111,Ospedale di Asola,hospital,hospital
37.009721,6.558361,osm_hpital_de_collo_37.0097_6.5584,Hôpital de Collo,hospital,hospital
45.582145,10.437509,osm_azienda_sanitaria_locale_gavardo_45.5821_10.4375,Azienda Sanitaria Locale Gavardo,hospital,hospital
43.759096,11.206904,osm_istituto_don_gnocchi_43.7591_11.2069,Istituto Don Gnocchi,hospital,hospital
40.361472,15.825685,osm_ospedale_di_villa_dagri_40.3615_15.8257,Ospedale di Villa d'Agri,hospital,hospital
45.775603,8.578930,osm_ospedale_carlo_ondoli_45.7756_8.5789,Ospedale Carlo Ondoli,hospital,hospital
36.262836,7.951960,osm_hpital_ibn_rochd_36.2628_7.9520,Hôpital Ibn Rochd,hospital,hospital
36.778226,10.997564,osm_poi_36.7782_10.9976,المستشفى الجهوي بمنزل تميم,hospital,hospital
45.358442,9.341001,osm_presidio_ospedaliero_di_vizzolo_predabis_45.3584_9.3410,Presidio Ospedaliero di Vizzolo Predabissi,hospital,hospital
45.750966,13.687011,osm_casa_di_cura_pineta_del_carso_45.7510_13.6870,Casa di Cura Pineta del Carso,hospital,hospital
45.509437,8.822565,osm_ospedale_di_cuggiono_45.5094_8.8226,Ospedale di Cuggiono,hospital,hospital
40.618115,16.148687,osm_don_gnocchi_40.6181_16.1487,Don Gnocchi,hospital,hospital
46.178025,11.831538,osm_poliambulatorio_46.1780_11.8315,Poliambulatorio,hospital,hospital
36.834730,11.944957,osm_ospedale_bernardo_nagar_36.8347_11.9450,Ospedale Bernardo Nagar,hospital,hospital
45.934691,8.806728,osm_le_terrazze_45.9347_8.8067,Le Terrazze,hospital,hospital
45.691213,9.207832,osm_asst_brianza_ospedale_di_giussano_45.6912_9.2078,ASST Brianza - Ospedale di Giussano,hospital,hospital
45.589724,10.152112,osm_ospedale_e_casa_di_riposo_nobile_paolo_r_45.5897_10.1521,Ospedale e Casa di Riposo Nobile Paolo Richiedei,hospital,hospital
47.071859,15.432038,osm_krankenhaus_der_barmherzigen_brder_graz_47.0719_15.4320,Krankenhaus der Barmherzigen Brüder Graz,hospital,hospital
44.070316,10.480153,osm_ospedale_san_francesco_44.0703_10.4802,Ospedale San Francesco,hospital,hospital
39.007005,16.321477,osm_avis_sezione_di_platania_39.0070_16.3215,Avis sezione di Platania,hospital,hospital
39.004411,16.318767,osm_guardia_medica_39.0044_16.3188,Guardia Medica,hospital,hospital
44.905150,7.675936,osm_asl_44.9051_7.6759,Asl,hospital,hospital
47.277857,8.329881,osm_spital_muri_47.2779_8.3299,Spital Muri,hospital,hospital
37.284943,14.982765,osm_ospedale_di_lentini_37.2849_14.9828,Ospedale di Lentini,hospital,hospital
43.236087,13.188774,osm_ospedale_bartolomeo_eustachio_43.2361_13.1888,Ospedale Bartolomeo Eustachio,hospital,hospital
46.147853,12.217840,osm_bellunomedica_salus_46.1479_12.2178,Bellunomedica - Salus,hospital,hospital
41.995790,12.481423,osm_casa_della_salute_41.9958_12.4814,Casa della Salute,hospital,hospital
41.989083,12.491359,osm_san_raffaele_flaminia_residenza_sanitari_41.9891_12.4914,San Raffaele Flaminia - Residenza Sanitaria Assitenziale,hospital,hospital
36.134259,10.367666,osm_poi_36.1343_10.3677,مستشفى النفيضة,hospital,hospital
39.249449,9.109106,osm_ospedale_san_michele_39.2494_9.1091,Ospedale San Michele,hospital,hospital
45.839887,16.027652,osm_zatvorska_bolnica_45.8399_16.0277,Zatvorska bolnica,hospital,hospital
41.547811,14.622494,osm_ospedale_antonio_cardarelli_41.5478_14.6225,Ospedale Antonio Cardarelli,hospital,hospital
41.443624,15.544528,osm_clinica_s_francesco_41.4436_15.5445,Clinica S. Francesco,hospital,hospital
45.828655,17.389363,osm_opa_bolnica_virovitica_45.8287_17.3894,Opća bolnica Virovitica,hospital,hospital
37.845598,15.279332,osm_ospedale_san_vincenzo_37.8456_15.2793,Ospedale San Vincenzo,hospital,hospital
40.757941,14.445004,osm_azienda_sanitariaex_ospedale_civile_40.7579_14.4450,Azienda Sanitaria-Ex Ospedale Civile,hospital,hospital
44.475793,11.274195,osm_casa_della_salute_44.4758_11.2742,Casa della Salute,hospital,hospital
41.965653,12.599370,osm_casa_di_cura_santalessandro_41.9657_12.5994,Casa di cura Sant'Alessandro,hospital,hospital
47.339216,12.814907,osm_tauernklinikum_standort_zell_am_see_47.3392_12.8149,Tauernklinikum Standort Zell am See,hospital,hospital
47.281031,12.483945,osm_tauernklinikum_standort_mittersill_47.2810_12.4839,Tauernklinikum Standort Mittersill,hospital,hospital
45.815918,15.992869,osm_klinika_za_enske_bolesti_i_porode_45.8159_15.9929,Klinika za ženske bolesti i porode,hospital,hospital
44.983673,16.730947,osm_bolnica_dr_mladen_stojanovi_44.9837_16.7309,Bolnica Dr. Mladen Stojanović,hospital,hospital
40.944960,17.298262,osm_san_camillo_40.9450_17.2983,San Camillo,hospital,hospital
37.553878,14.301973,osm_presidio_ospedaliero_umberto_i_37.5539_14.3020,Presidio ospedaliero Umberto I,hospital,hospital
43.540438,10.701684,osm_casa_della_salute_la_rosa_43.5404_10.7017,Casa della Salute La Rosa,hospital,hospital
40.815409,14.199558,osm_ospedale_fatebenefratelli_40.8154_14.1996,Ospedale Fatebenefratelli,hospital,hospital
37.066560,7.378006,osm_poi_37.0666_7.3780,مستشفى أحمد قواسمي,hospital,hospital
40.631560,17.938874,osm_asl_brindisi_40.6316_17.9389,ASL Brindisi,hospital,hospital
45.604839,9.116618,osm_villa_bianca_multimedica_45.6048_9.1166,Villa Bianca - Multimedica,hospital,hospital
40.812596,14.206047,osm_presidio_ospedaliero_pausillipon_diparti_40.8126_14.2060,Presidio Ospedaliero Pausillipon -  Dipartimento di Oncol...,hospital,hospital
40.705818,17.343761,osm_presidio_ospedaliero_valle_ditria_40.7058_17.3438,Presidio Ospedaliero Valle d'Itria,hospital,hospital
39.077080,17.109965,osm_marrelli_hospital_39.0771_17.1100,Marrelli Hospital,hospital,hospital
36.472075,7.725353,osm_hpital_de_bouchegouf_36.4721_7.7254,Hôpital de Bouchegouf,hospital,hospital
40.447690,17.275314,osm_casa_di_cura_villa_verde_40.4477_17.2753,Casa di cura Villa Verde,hospital,hospital
43.655648,17.952237,osm_opa_bolnica_konjic_43.6556_17.9522,Opća bolnica Konjic,hospital,hospital
43.869796,18.413879,osm_klinika_urgentne_medicine_43.8698_18.4139,Klinika urgentne medicine,hospital,hospital
43.870553,18.414146,osm_klinika_za_infektivne_bolesti_43.8706_18.4141,Klinika za infektivne bolesti,hospital,hospital
45.770652,8.895192,osm_centro_di_riabilitazione_la_nostra_famig_45.7707_8.8952,Centro di riabilitazione La Nostra Famiglia,hospital,hospital
46.382617,17.825517,osm_dr_baka_jzsef_diagnosztikai_onkoradiolgi_46.3826_17.8255,"Dr. Baka József Diagnosztikai, Onkoradiológiai, Kutatási ...",hospital,hospital
46.381877,17.825462,osm_sugrterpia_46.3819_17.8255,Sugárterápia,hospital,hospital
36.804462,7.744325,osm_hopital_delhadjar_36.8045_7.7443,Hopital d'El-hadjar,hospital,hospital
36.881449,8.564718,osm_poi_36.8814_8.5647,مركز الصحي أم الطبول,hospital,hospital
45.636751,8.899737,osm_fondazione_raimondi_francesco_45.6368_8.8997,Fondazione Raimondi Francesco,hospital,hospital
36.909360,7.730074,osm_hpital_dorban_annaba_36.9094_7.7301,Hôpital Dorban Annaba,hospital,hospital
45.494780,9.189372,osm_humanitas_san_pio_x_45.4948_9.1894,Humanitas San Pio X,hospital,hospital
42.648918,18.076713,osm_opa_bolnica_dubrovnik_42.6489_18.0767,Opća bolnica Dubrovnik,hospital,hospital
36.722265,7.725929,osm_centre_de_sente_36.7223_7.7259,Centre de sente,hospital,hospital
43.083778,17.957007,osm_dom_zdravlja_stolac_43.0838_17.9570,Dom zdravlja Stolac,hospital,hospital
45.681741,13.120497,osm_pronto_soccorso_e_guardia_medica_turisti_45.6817_13.1205,Pronto Soccorso e Guardia Medica Turistica,hospital,hospital
40.632242,14.398519,osm_distretto_sanitario_59_40.6322_14.3985,Distretto Sanitario 59,hospital,hospital
41.960515,12.802392,osm_ospedale_san_giovanni_evangelista_41.9605_12.8024,Ospedale San Giovanni Evangelista,hospital,hospital
43.947656,15.447232,osm_specijalna_bolnica_za_ortopediju_43.9477_15.4472,Specijalna bolnica za ortopediju,hospital,hospital
40.635325,17.027306,osm_ospedale_umberto_i_40.6353_17.0273,Ospedale Umberto I,hospital,hospital
46.248708,14.354081,osm_bolninica_za_ginekologijo_in_porodnitvo__46.2487_14.3541,Bolnišnica za ginekologijo in porodništvo Kranj,hospital,hospital
43.607980,10.292825,osm_irccs_stella_maris_43.6080_10.2928,IRCCS Stella Maris,hospital,hospital
45.698514,9.667238,osm_habilita_san_marco_spa_sede_45.6985_9.6672,Habilita San Marco s.p.a. - sede,hospital,hospital
45.699361,9.668787,osm_habilita_san_marco_spa_sezione_45.6994_9.6688,Habilita San Marco s.p.a. - sezione,hospital,hospital
45.669872,12.222747,osm_madonnina_45.6699_12.2227,Madonnina,hospital,hospital
44.939883,8.617734,osm_centro_riabilitativo_polifunzionale_tere_44.9399_8.6177,Centro Riabilitativo Polifunzionale Teresio Borsalino,hospital,hospital
44.939883,8.617734,osm_presidio_riabilitativo_teresio_borsalino_44.9399_8.6177,Presidio Riabilitativo Teresio Borsalino,hospital,hospital
42.789358,13.097086,osm_ospedale_di_norcia_42.7894_13.0971,Ospedale di Norcia,hospital,hospital
36.169314,6.174597,osm_centre_dhemodialyse_maghreb_36.1693_6.1746,centre d'hemodialyse maghreb,hospital,hospital
45.042135,7.356335,osm_ospedale_civile_di_giaveno_45.0421_7.3563,Ospedale Civile di Giaveno,hospital,hospital
44.635463,10.942673,osm_policlinico_di_modena_44.6355_10.9427,Policlinico di Modena,hospital,hospital
40.935828,14.367685,osm_villa_dei_fiori_40.9358_14.3677,Villa dei Fiori,hospital,hospital
40.946660,14.379191,osm_asl_na_2_nord_distretto_46_acerra_40.9467_14.3792,ASL NA 2 NORD - Distretto 46 Acerra,hospital,hospital
41.838937,12.888351,osm_asl_roma_5_sede_di_palestrina_41.8389_12.8884,ASL Roma 5 – Sede di Palestrina,hospital,hospital
41.839126,12.887786,osm_croce_rossa_italiana_palestrina_41.8391_12.8878,Croce Rossa Italiana – Palestrina,hospital,hospital
36.801882,10.110123,osm_poi_36.8019_10.1101,مستشفى الدندان,hospital,hospital
36.399883,10.615620,osm_hpital_dhammamet_36.3999_10.6156,Hôpital d'Hammamet,hospital,hospital
38.102399,13.360869,osm_policlinico_nuove_aule_38.1024_13.3609,Policlinico (Nuove aule),hospital,hospital
46.322046,6.058292,osm_hpital_local_du_pays_de_gex_46.3220_6.0583,Hôpital Local du Pays de Gex,hospital,hospital
42.393176,12.123676,osm_ospedale_santa_rosa_42.3932_12.1237,Ospedale Santa Rosa,hospital,hospital
46.440175,14.044661,osm_zdravstveni_dom_jesenice_46.4402_14.0447,Zdravstveni dom Jesenice,hospital,hospital
37.107072,13.925115,osm_ospedale_san_giacomo_37.1071_13.9251,Ospedale San Giacomo,hospital,hospital
45.590078,9.605257,osm_istituto_di_neuroriabilitazione_ad_alta__45.5901_9.6053,Istituto di Neuroriabilitazione ad Alta Complessità Habilita,hospital,hospital
40.766619,14.452209,osm_ospedale_civile_di_boscotrecase_40.7666_14.4522,Ospedale Civile di Boscotrecase,hospital,hospital
46.470297,6.305194,osm_ehc_hpital_de_gilly_46.4703_6.3052,EHC Hôpital de Gilly,hospital,hospital
47.283869,11.514208,osm_landeskrankenhaus_hall_47.2839_11.5142,Landeskrankenhaus Hall,hospital,hospital
46.761094,7.632495,osm_spital_thun_46.7611_7.6325,Spital Thun,hospital,hospital
41.454604,15.522116,osm_medicina_universitaria_41.4546_15.5221,Medicina Universitaria,hospital,hospital
45.164049,10.790148,osm_poliambulatori_asst_mantova_45.1640_10.7901,Poliambulatori - Asst Mantova,hospital,hospital
40.801818,14.384581,osm_presidio_ospedaliero_maresca_40.8018_14.3846,Presidio Ospedaliero Maresca,hospital,hospital
43.127518,13.050677,osm_ospedale_santa_maria_della_piet_43.1275_13.0507,Ospedale Santa Maria della Pietà,hospital,hospital
44.514473,7.472021,osm_ospedale_civile_di_busca_44.5145_7.4720,Ospedale Civile di Busca,hospital,hospital
46.851012,6.844194,osm_hpital_intercantonal_de_la_broye_46.8510_6.8442,Hôpital Intercantonal de la Broye,hospital,hospital
45.380988,7.708589,osm_ospedale_civile_di_castellamonte_45.3810_7.7086,Ospedale Civile di Castellamonte,hospital,hospital
37.490401,14.031016,osm_azienda_ospedaliera_santelia_37.4904_14.0310,Azienda ospedaliera Sant'Elia,hospital,hospital
45.651760,10.251999,osm_fondazione_salvatore_maugeri_45.6518_10.2520,Fondazione Salvatore Maugeri,hospital,hospital
45.307128,8.870146,osm_istituto_clinico_beato_matteo_45.3071_8.8701,Istituto Clinico Beato Matteo,hospital,hospital
44.389841,7.521342,osm_ospedale_carle_44.3898_7.5213,Ospedale Carle,hospital,hospital
36.314850,7.161971,osm_eph_de_oued_zenati_36.3148_7.1620,EPH de Oued Zenati,hospital,hospital
46.880931,7.552577,osm_psychiatriezentrum_mnsingen_46.8809_7.5526,Psychiatriezentrum Münsingen,hospital,hospital
46.885072,17.441426,osm_dek_jen_krhz_46.8851_17.4414,Deák Jenő Kórház,hospital,hospital
36.421560,6.599085,osm_dispensaire_hamma_bouziane_36.4216_6.5991,Dispensaire Hamma Bouziane,hospital,hospital
46.354777,17.994145,osm_kaposi_mr_oktat_krhz_td_s_szvkrhza_46.3548_17.9941,Kaposi Mór Oktató Kórház Tüdő és szívkórháza.,hospital,hospital
38.923736,16.577325,osm_presidio_ospedaliero_ciaccio_de_lellis_38.9237_16.5773,Presidio Ospedaliero Ciaccio - De Lellis,hospital,hospital
36.763197,8.324395,osm_poi_36.7632_8.3244,مستشفى الطارف,hospital,hospital
36.895565,8.443487,osm_eph_bouzid_ammar_el_kala_36.8956_8.4435,EPH Bouzid Ammar El Kala;المؤسسة الاستشفائية للصحة الجوار...,hospital,hospital
36.463291,7.428437,osm_poi_36.4633_7.4284,مستشفى ابن زهر,hospital,hospital
45.909032,15.594617,osm_splona_bolninica_breice_45.9090_15.5946,Splošna bolnišnica Brežice,hospital,hospital
47.281735,6.124323,osm_centre_hospitalier_de_novillars_47.2817_6.1243,Centre Hospitalier de Novillars,hospital,hospital
43.764365,11.181662,osm_croce_rossa_43.7644_11.1817,Croce Rossa,hospital,hospital
41.804738,12.737223,osm_san_raffaele_montecompatri_41.8047_12.7372,San Raffaele Montecompatri,hospital,hospital
42.449690,13.918958,osm_asl_42.4497_13.9190,ASL,hospital,hospital
37.479997,15.038350,osm_ospedale_san_marco_37.4800_15.0384,Ospedale San Marco,hospital,hospital
46.010325,8.850785,osm_clinica_di_riabilitazione_eoc_novaggio_46.0103_8.8508,CLINICA DI RIABILITAZIONE EOC - NOVAGGIO,hospital,hospital
44.601832,7.481438,osm_asl_cn1_avis_44.6018_7.4814,A.S.L. CN1 - Avis,hospital,hospital
36.169222,8.034459,osm_hpital_de_taoura_36.1692_8.0345,Hôpital de Taoura,hospital,hospital
45.653907,9.205679,osm_asst_brianza_ospedale_di_seregno_45.6539_9.2057,ASST Brianza - Ospedale di Seregno,hospital,hospital
41.242596,16.488710,osm_ospedale_vittorio_emanuele_ii_41.2426_16.4887,Ospedale Vittorio Emanuele II,hospital,hospital
45.140501,7.134720,osm_polo_logistico_di_protezione_civile_45.1405_7.1347,Polo Logistico di Protezione Civile,hospital,hospital
44.343478,11.269460,osm_118_bologna_soccorso_44.3435_11.2695,118 Bologna Soccorso,hospital,hospital
44.266787,11.325523,osm_ospedale_simiani_di_loiano_44.2668_11.3255,Ospedale Simiani di Loiano,hospital,hospital
42.852717,13.622632,osm_centro_di_riabilitazione_santo_stefano_v_42.8527_13.6226,Centro di Riabilitazione Santo Stefano Venerabile Marcucci,hospital,hospital
43.099974,12.394030,osm_clinica_lami_43.1000_12.3940,Clinica Lami,hospital,hospital
45.793657,9.666886,osm_rsa_mons_speranza_45.7937_9.6669,RSA Mons. Speranza,hospital,hospital
45.793408,9.666615,osm_rsa_mons_speranza_45.7934_9.6666,RSA Mons. Speranza,hospital,hospital
36.569930,10.853681,osm_poi_36.5699_10.8537,مستشفى قربة,hospital,hospital
44.385307,7.537078,osm_ospedale_santa_croce_44.3853_7.5371,Ospedale Santa Croce,hospital,hospital
45.485700,9.166637,osm_ospedale_dei_bambini_vittore_buzzi_45.4857_9.1666,Ospedale dei Bambini Vittore Buzzi,hospital,hospital
36.451676,7.442808,osm_nouvel_hpital_de_guelma_36.4517_7.4428,Nouvel Hôpital de Guelma,hospital,hospital
40.580258,8.311203,osm_ospedale_marino_regina_margherita_40.5803_8.3112,Ospedale Marino Regina Margherita,hospital,hospital
47.100550,6.824975,osm_hpital_neuchatelois_policlinique_pdiatri_47.1005_6.8250,Hôpital neuchatelois Policlinique pédiatrique des Montagnes,hospital,hospital
36.904940,14.681125,osm_ospedale_giovanni_paolo_ii_36.9049_14.6811,Ospedale Giovanni Paolo II,hospital,hospital
45.029795,11.466601,osm_ospedale_san_luca_45.0298_11.4666,Ospedale San Luca,hospital,hospital
46.228621,6.067317,osm_hpital_de_la_tour_46.2286_6.0673,Hôpital de la Tour,hospital,hospital
46.093434,15.838020,osm_specijalna_bolnica_za_medicinsku_rehabil_46.0934_15.8380,Specijalna bolnica za medicinsku rehabilitaciju Krapinske...,hospital,hospital
37.617210,15.052393,osm_centro_cuore_morgagni_37.6172_15.0524,Centro Cuore Morgagni,hospital,hospital
42.071590,13.255071,osm_ospedale_civile_di_tagliacozzo_umberto_i_42.0716_13.2551,Ospedale Civile di Tagliacozzo Umberto I,hospital,hospital
47.134646,9.522689,osm_liechtensteinisches_landesspital_47.1346_9.5227,Liechtensteinisches Landesspital,hospital,hospital
39.828793,16.313875,osm_ambulatorio_medico_39.8288_16.3139,Ambulatorio Medico,hospital,hospital
44.609427,17.988713,osm_opa_bolnica_teanj_44.6094_17.9887,Opća bolnica Tešanj,hospital,hospital
41.728968,12.644441,osm_presidio_ospedaliero_san_giuseppe_albano_41.7290_12.6444,Presidio Ospedaliero San Giuseppe Albano,hospital,hospital
45.037921,18.689059,osm_upanijska_bolnica_oraje_45.0379_18.6891,Županijska bolnica Orašje,hospital,hospital
43.741283,7.277821,osm_clinique_les_sources_43.7413_7.2778,Clinique Les Sources,hospital,hospital
41.245077,16.500019,osm_casa_della_divina_provvidenza_41.2451_16.5000,Casa della Divina Provvidenza,hospital,hospital
43.732407,15.900150,osm_opa_bolnica_ibenskokninske_upanije_43.7324_15.9001,Opća bolnica Šibensko-kninske županije,hospital,hospital
40.923224,14.199151,osm_san_giuliano_40.9232_14.1992,San Giuliano,hospital,hospital
45.959685,14.653154,osm_zd_grosuplje_45.9597_14.6532,ZD Grosuplje,hospital,hospital
46.359579,6.480392,osm_hpitaux_du_lman_46.3596_6.4804,Hôpitaux du Léman,hospital,hospital
41.857629,12.630979,osm_policlinico_tor_vergata_41.8576_12.6310,Policlinico Tor Vergata,hospital,hospital
45.909320,15.593812,osm_bolninica_breice_ambulante_45.9093_15.5938,Bolnišnica Brežice - Ambulante,hospital,hospital
45.098603,13.633741,osm_bolnica_za_ortopediju_i_rehabilitaciju_m_45.0986_13.6337,Bolnica za ortopediju i rehabilitaciju Martin Horvat Rovinj,hospital,hospital
43.042507,10.890168,osm_ospedale_santandrea_43.0425_10.8902,Ospedale Sant'Andrea,hospital,hospital
40.657702,17.713650,osm_pubblica_assistenza_fratellanza_popolare_40.6577_17.7137,Pubblica Assistenza Fratellanza Popolare San Vito dei Nor...,hospital,hospital
37.584635,13.746822,osm_ospedale_maria_immacolata_longo_37.5846_13.7468,Ospedale Maria Immacolata Longo,hospital,hospital
36.754831,9.718646,osm_dispensaire_36.7548_9.7186,Dispensaire,hospital,hospital
45.833207,8.659176,osm_fondazione_gaetano_e_piera_borghi_45.8332_8.6592,Fondazione Gaetano e Piera Borghi,hospital,hospital
46.360861,11.032717,osm_ospedale_valli_del_noce_46.3609_11.0327,Ospedale Valli del Noce,hospital,hospital
45.463501,9.171909,osm_ospedale_san_giuseppe_45.4635_9.1719,Ospedale San Giuseppe,hospital,hospital
45.815964,13.519067,osm_ospedale_san_polo_45.8160_13.5191,Ospedale San Polo,hospital,hospital
45.668503,6.369272,osm_centre_hospitalier_larlandaz_dalbertvill_45.6685_6.3693,Centre hospitalier L'Arlandaz d'Albertville-Moûtiers,hospital,hospital
46.061222,6.324936,osm_etablissement_public_de_sant_mentale_de__46.0612_6.3249,Etablissement Public de Santé Mentale de la Vallée de l'Arve,hospital,hospital
45.935034,6.641001,osm_hpitaux_du_montblanc_site_de_sallanches_45.9350_6.6410,Hôpitaux du Mont-Blanc - Site de Sallanches,hospital,hospital
45.580979,13.727820,osm_valdoltra_ortopedska_bolninica_ospedale__45.5810_13.7278,Valdoltra Ortopedska Bolnišnica / Ospedale ortopedico Val...,hospital,hospital
41.730229,13.000228,osm_asl_roma_5_distretto_di_colleferro_41.7302_13.0002,ASL Roma 5 – Distretto di Colleferro,hospital,hospital
45.066473,7.628334,osm_ospedale_martini_45.0665_7.6283,Ospedale Martini,hospital,hospital
36.849200,10.198685,osm_poi_36.8492_10.1987,مصحة باستور,hospital,hospital
45.574182,16.638684,osm_neuropsihijatrijska_bolnica_dr_ivan_barb_45.5742_16.6387,Neuropsihijatrijska bolnica dr. Ivan Barbot Popovača,hospital,hospital
40.865262,14.224296,osm_ospedale_antonio_cardarelli_40.8653_14.2243,Ospedale Antonio Cardarelli,hospital,hospital
46.081839,6.406413,osm_centre_martel_de_janville_46.0818_6.4064,Centre Martel de Janville,hospital,hospital
47.352924,8.724131,osm_spital_uster_47.3529_8.7241,Spital Uster,hospital,hospital
44.419686,12.184886,osm_casa_di_cura_domus_nova_44.4197_12.1849,Casa di cura Domus Nova,hospital,hospital
44.409698,12.188726,osm_pronto_soccorso_44.4097_12.1887,Pronto Soccorso,hospital,hospital
47.237546,18.669510,osm_szilomb_idsek_otthona_47.2375_18.6695,Őszilomb Idősek Otthona,hospital,hospital
41.794876,12.756879,osm_ospedale_antonio_e_carlo_cartoni_41.7949_12.7569,Ospedale Antonio e Carlo Cartoni,hospital,hospital
44.605009,10.871049,osm_ospedale_santagostinoestense_44.6050_10.8710,Ospedale Sant’Agostino–Estense,hospital,hospital
36.741958,10.197005,osm_2_36.7420_10.1970,المركز العلاجي الوسيط لامروج 2,hospital,hospital
41.043102,14.380366,osm_ospedale_di_maddaloni_41.0431_14.3804,Ospedale di Maddaloni,hospital,hospital
41.883342,12.462502,osm_salvator_mundi_international_hospital_41.8833_12.4625,Salvator Mundi international Hospital,hospital,hospital
44.784987,10.357843,osm_casa_della_comunit_lubianasan_lazzaro_44.7850_10.3578,Casa della Comunità Lubiana-San Lazzaro,hospital,hospital
43.545915,11.554049,osm_ospedale_della_gruccia_43.5459_11.5540,Ospedale della Gruccia,hospital,hospital
41.730348,13.003886,osm_asl_roma_5_consultorio_familiare_uos_pre_41.7303_13.0039,ASL Roma 5 – Consultorio Familiare – UOS Prevenzione Età ...,hospital,hospital
40.539667,17.577272,osm_presidio_ospedaliero_dario_camberlingo_40.5397_17.5773,Presidio ospedaliero Dario Camberlingo,hospital,hospital
44.019364,10.099394,osm_nuovo_ospedale_apuano_44.0194_10.0994,Nuovo Ospedale Apuano,hospital,hospital
45.946550,12.659885,osm_casa_di_cura_san_giorgio_45.9466_12.6599,Casa di Cura San Giorgio,hospital,hospital
43.823058,11.487889,osm_centro_diurno_handicap_43.8231_11.4879,Centro diurno handicap,hospital,hospital
44.355149,11.705403,osm_ospedale_vecchio_polo_sanitario_territor_44.3551_11.7054,Ospedale vecchio - Polo Sanitario territoriale,hospital,hospital
46.034812,13.222373,osm_dipartimento_dipendenze_e_salute_mentale_46.0348_13.2224,Dipartimento Dipendenze e Salute Mentale,hospital,hospital
45.859010,8.856983,osm_protezione_civile_della_comunit_montana__45.8590_8.8570,Protezione Civile della Comunità Montana del Piambello,hospital,hospital
45.859157,8.857190,osm_asst_sette_laghi_casa_di_comunit_di_arci_45.8592_8.8572,ASST Sette Laghi - Casa di Comunità di Arcisate,hospital,hospital
40.549904,14.236566,osm_ospedale_capilupi_40.5499_14.2366,Ospedale Capilupi,hospital,hospital
40.747921,14.621382,osm_ospedale_andrea_tortora_40.7479_14.6214,Ospedale Andrea Tortora,hospital,hospital
41.690983,12.790598,osm_casa_di_cura_il_pigneto_41.6910_12.7906,Casa di cura Il Pigneto,hospital,hospital
47.366477,8.497454,osm_stadtspital_triemli_47.3665_8.4975,Stadtspital Triemli,hospital,hospital
45.047228,16.382041,osm_dom_zdravlja_novi_grad_45.0472_16.3820,Dom zdravlja Novi Grad,hospital,hospital
44.758050,8.792704,osm_ospedale_san_giacomo_44.7581_8.7927,Ospedale San Giacomo,hospital,hospital
38.037515,13.115406,osm_ospedale_civico_di_partinico_38.0375_13.1154,Ospedale Civico di Partinico,hospital,hospital
44.017534,10.084634,osm_don_gnocchi_santa_maria_alla_pineta_44.0175_10.0846,Don Gnocchi - Santa Maria alla Pineta,hospital,hospital
47.380823,8.557512,osm_klinik_bethanien_47.3808_8.5575,Klinik Bethanien,hospital,hospital
44.229398,17.654807,osm_bolnica_travnik_44.2294_17.6548,Bolnica Travnik,hospital,hospital
43.887968,18.418090,osm_psihijatrijska_bolnica_kantona_sarajevo_43.8880_18.4181,Psihijatrijska Bolnica Kantona Sarajevo,hospital,hospital
43.919531,18.773634,osm_zavod_za_forenziku_psihijatriju_sokolac_43.9195_18.7736,Zavod za forenzičku psihijatriju Sokolac,hospital,hospital
45.616359,6.763883,osm_multiple_de_sant_de_montagne_45.6164_6.7639,Multipôle de Santé de Montagne,hospital,hospital
45.278200,6.341401,osm_centre_hospitalier_de_saintjeandemaurien_45.2782_6.3414,Centre hospitalier de Saint-Jean-de-Maurienne,hospital,hospital
45.483601,6.534870,osm_centre_hospitalier_dalbertvillemotiers_45.4836_6.5349,Centre hospitalier d'Albertville-Moûtiers,hospital,hospital
44.886047,7.319837,osm_cottolengo_44.8860_7.3198,Cottolengo,hospital,hospital
44.988960,10.424273,osm_comete_cooperativa_medici_del_territorio_44.9890_10.4243,Co.Me.Te. Cooperativa Medici del Territorio - Societa' Co...,hospital,hospital
42.357234,13.404725,osm_croce_rossa_italiana_laquila_42.3572_13.4047,Croce Rossa Italiana - L'Aquila,hospital,hospital
45.137221,10.039610,osm_casa_di_cura_san_camillo_45.1372_10.0396,Casa di cura San Camillo,hospital,hospital
45.106682,10.161105,osm_istituto_ospedaliero_di_sospiro_45.1067_10.1611,Istituto Ospedaliero di Sospiro,hospital,hospital
45.107114,10.158464,osm_istituto_ospedaliero_di_sospiro_45.1071_10.1585,Istituto Ospedaliero di Sospiro,hospital,hospital
41.946119,12.557980,osm_villa_tiberia_41.9461_12.5580,Villa Tiberia,hospital,hospital
41.952484,12.473896,osm_nuova_villa_claudia_41.9525_12.4739,Nuova Villa Claudia,hospital,hospital
36.824732,10.139588,osm_poi_36.8247_10.1396,صيدلية الليل,hospital,hospital
36.824919,10.139421,osm_poi_36.8249_10.1394,صيدلية اليوم,hospital,hospital
39.185833,8.507663,osm_ospedale_sirai_39.1858_8.5077,Ospedale Sirai,hospital,hospital
40.681319,14.768591,osm_casa_di_cura_tortorella_40.6813_14.7686,Casa di Cura Tortorella,hospital,hospital
46.188169,18.271722,osm_krhz_46.1882_18.2717,Kórház,hospital,hospital
41.927660,12.450596,osm_villa_stuart_41.9277_12.4506,Villa Stuart,hospital,hospital
46.060721,6.322616,osm_centre_de_consultation_46.0607_6.3226,Centre de consultation,hospital,hospital
44.334668,10.835609,osm_ospedale_di_pavullo_44.3347_10.8356,Ospedale di Pavullo,hospital,hospital
41.802327,12.451186,osm_istituto_nazionale_tumori_regina_elena_41.8023_12.4512,Istituto Nazionale Tumori Regina Elena,hospital,hospital
36.250146,6.288468,osm_hpital_psychiatrique_36.2501_6.2885,Hôpital psychiatrique مستشفى الأمراض العقلية,hospital,hospital
37.109719,15.231260,osm_casa_di_cura_villa_salus_37.1097_15.2313,Casa di cura Villa Salus,hospital,hospital
45.137444,7.050965,osm_ospedale_di_susa_45.1374_7.0510,Ospedale di Susa,hospital,hospital
45.977506,15.935534,osm_specijalna_bolnica_za_medicinsku_rehabil_45.9775_15.9355,Specijalna bolnica za medicinsku rehabilitaciju Stubičke ...,hospital,hospital
46.369087,15.902571,osm_zdravstveni_dom_videm_pri_ptuju_46.3691_15.9026,Zdravstveni dom Videm pri Ptuju,hospital,hospital
45.522786,9.516254,osm_azienda_ospedaliera_anastasio_zappatoni_45.5228_9.5163,Azienda Ospedaliera Anastasio Zappatoni,hospital,hospital
40.832788,17.356890,osm_ospedale_civile_umberto_i_40.8328_17.3569,Ospedale Civile Umberto I,hospital,hospital
40.171438,18.035124,osm_ospedale_civile_giuseppe_sambiasi_40.1714_18.0351,Ospedale Civile Giuseppe Sambiasi,hospital,hospital
39.728245,16.142861,osm_casa_della_salute_39.7282_16.1429,Casa della Salute,hospital,hospital
45.454874,9.193713,osm_presidio_ospedaliero_gaetano_pini_asst_p_45.4549_9.1937,Presidio Ospedaliero Gaetano Pini - ASST Pini-CTO,hospital,hospital
41.121269,14.384325,osm_villa_delle_magnolie_41.1213_14.3843,Villa delle Magnolie,hospital,hospital
43.485211,13.487583,osm_ospedale_santi_benvenuto_e_rocco_43.4852_13.4876,Ospedale Santi Benvenuto e Rocco,hospital,hospital
43.370763,13.692900,osm_istituto_santo_stefano_43.3708_13.6929,Istituto Santo Stefano,hospital,hospital
45.261484,17.390225,osm_opa_bolnica_nova_gradika_45.2615_17.3902,Opća bolnica Nova Gradiška,hospital,hospital
46.017755,15.940695,osm_opa_bolnica_zabok_i_bolnica_hrvatskih_ve_46.0178_15.9407,Opća bolnica Zabok i bolnica hrvatskih veterana,hospital,hospital
45.820442,15.997019,osm_klinika_bolnica_merkur_45.8204_15.9970,Klinička bolnica Merkur,hospital,hospital
41.303206,13.019968,osm_punto_di_assistenza_territoriale_41.3032_13.0200,Punto di assistenza territoriale,hospital,hospital
40.479085,18.004829,osm_ospedale_n_melli_40.4791_18.0048,Ospedale N. Melli,hospital,hospital
36.607354,8.967382,osm_poi_36.6074_8.9674,مستشفى بوسالم,hospital,hospital
37.928318,14.357599,osm_ospedale_santissimo_salvatore_37.9283_14.3576,Ospedale Santissimo Salvatore,hospital,hospital
45.184285,15.804852,osm_gradska_bolnica_45.1843_15.8049,Gradska Bolnica,hospital,hospital
45.672616,8.159414,osm_asl_bi_presidio_sanitario_ex_ospedaletto_45.6726_8.1594,ASL BI - Presidio sanitario (ex Ospedaletto),hospital,hospital
41.589380,12.830647,osm_pronto_soccorso_41.5894_12.8306,Pronto Soccorso,hospital,hospital
39.311269,8.976044,osm_nuova_casa_di_cura_srl_39.3113_8.9760,Nuova Casa di Cura S.r.l.,hospital,hospital
39.311039,8.974066,osm_aias_39.3110_8.9741,A.I.A.S.,hospital,hospital
44.866502,13.856574,osm_opa_bolnica_pula_44.8665_13.8566,Opća bolnica Pula,hospital,hospital
42.441545,18.764177,osm_specijalna_bolnica_za_psihijatriju_kotor_42.4415_18.7642,Specijalna bolnica za psihijatriju Kotor,hospital,hospital
47.398405,8.520427,osm_stadtspital_waid_47.3984_8.5204,Stadtspital Waid,hospital,hospital
44.930332,9.910519,osm_ospedale_unico_della_val_darda_44.9303_9.9105,Ospedale unico della Val d'Arda,hospital,hospital
47.015639,8.659638,osm_spital_schwyz_47.0156_8.6596,Spital Schwyz,hospital,hospital
47.130753,8.739924,osm_spital_und_gesundheitszentrum_einsiedeln_47.1308_8.7399,Spital und Gesundheitszentrum Einsiedeln,hospital,hospital
47.377754,8.550767,osm_universittsspital_zrich_47.3778_8.5508,Universitätsspital Zürich,hospital,hospital
37.004420,6.557649,osm_poi_37.0044_6.5576,قاعة علاج,hospital,hospital
44.837334,8.621633,osm_casa_di_riposo_villa_san_fortunato_44.8373_8.6216,Casa di riposo  Villa San Fortunato,hospital,hospital
36.918950,7.760414,osm_poi_36.9190_7.7604,مستشفى أمراض الأطفال سان تيراس,hospital,hospital
41.595138,12.631440,osm_san_michele_hospital_41.5951_12.6314,San Michele Hospital,hospital,hospital
38.127281,14.788691,osm_ospedale_di_naso_38.1273_14.7887,Ospedale di Naso,hospital,hospital
42.548384,8.765383,osm_centre_hospitalier_de_calvibalagne_42.5484_8.7654,Centre hospitalier de Calvi-Balagne,hospital,hospital
44.561250,6.493236,osm_centre_hospitalier_dembrun_44.5613_6.4932,Centre hospitalier d'Embrun,hospital,hospital
44.632072,10.612307,osm_residenza_sanitaria_riabilitativa_ex_osp_44.6321_10.6123,Residenza sanitaria riabilitativa - ex ospedale Papa Giov...,hospital,hospital
45.649499,13.782072,osm_ospedale_maggiore_45.6495_13.7821,Ospedale Maggiore,hospital,hospital
36.831316,10.091275,osm_centre_de_sant_de_base_36.8313_10.0913,centre de santé de base,hospital,hospital
43.344879,17.789155,osm_sveuilina_klinika_bolnica_mostar_43.3449_17.7892,Sveučilišna Klinička Bolnica Mostar,hospital,hospital
45.466341,9.219085,osm_ospedale_macedonio_melloni_45.4663_9.2191,Ospedale Macedonio Melloni,hospital,hospital
44.837730,11.276078,osm_polo_emergenze_finale_emilia_44.8377_11.2761,Polo Emergenze Finale Emilia,hospital,hospital
44.933816,10.375322,osm_casa_della_salute_di_colornotorrile_44.9338_10.3753,Casa Della Salute di Colorno-Torrile,hospital,hospital
45.145490,10.011745,osm_ospedale_figlie_di_san_camillo_45.1455_10.0117,Ospedale Figlie di San Camillo,hospital,hospital
39.053194,17.085917,osm_san_dionigi_hospital_39.0532_17.0859,San Dionigi Hospital,hospital,hospital
43.888101,18.416010,osm_ju_zavod_za_bolesti_ovisnosti_kantona_sa_43.8881_18.4160,JU Zavod za bolesti ovisnosti Kantona Sarajevo,hospital,hospital
42.290496,12.420483,osm_ospedale_andosilla_di_civita_castellana_42.2905_12.4205,Ospedale Andosilla di Civita Castellana,hospital,hospital
40.914177,14.275500,osm_azienda_sanitaria_locale_napoli_2_nord_d_40.9142_14.2755,Azienda Sanitaria Locale Napoli 2 Nord- Dipartimento di S...,hospital,hospital
40.748418,17.021032,osm_casa_di_cura_monte_imperatore_40.7484_17.0210,Casa di cura Monte Imperatore,hospital,hospital
47.182061,15.483310,osm_sonderkrankenanstalt_rehabilitationszent_47.1821_15.4833,Sonderkrankenanstalt Rehabilitationszentrum St. Radegund,hospital,hospital
44.440777,11.064913,osm_associazione_pubblica_assistenza_castell_44.4408_11.0649,Associazione Pubblica Assistenza Castello di Serravalle ODV,hospital,hospital
44.773140,17.183714,osm_zu_bolnica_iz_hirurkih_oblasti_laganin_44.7731_17.1837,ZU BOLNICA iz hirurških oblasti LAGANIN,hospital,hospital
42.556154,12.655069,osm_azienda_ospedaliera_santa_maria_42.5562_12.6551,Azienda Ospedaliera Santa Maria,hospital,hospital
46.611557,14.359321,osm_rztezentrum_46.6116_14.3593,Ärztezentrum,hospital,hospital
41.452908,12.624856,osm_residenza_sanitaria_teresiana_41.4529_12.6249,Residenza Sanitaria Teresiana,hospital,hospital
44.508564,11.309658,osm_croce_rossa_italiana_corpo_militare_44.5086_11.3097,Croce Rossa Italiana corpo militare,hospital,hospital
46.557713,7.372980,osm_spital_zweisimmen_46.5577_7.3730,Spital Zweisimmen,hospital,hospital
44.399240,11.593426,osm_ospedale_di_castel_san_pietro_terme_44.3992_11.5934,Ospedale di Castel San Pietro Terme,hospital,hospital
46.860950,9.542071,osm_frauenklinik_fontana_46.8610_9.5421,Frauenklinik Fontana,hospital,hospital
46.863683,9.539687,osm_kantonsspital_graubnden_46.8637_9.5397,Kantonsspital Graubünden,hospital,hospital
47.230194,7.843305,osm_luzerner_psychiatrie_st_urban_47.2302_7.8433,Luzerner Psychiatrie St. Urban,hospital,hospital
47.277333,8.466881,osm_kinderreha_schweiz_47.2773_8.4669,Kinder-Reha Schweiz,hospital,hospital
46.860269,9.536271,osm_kreuzspital_chur_46.8603_9.5363,Kreuzspital Chur,hospital,hospital
44.317967,11.801103,osm_casa_della_salute_44.3180_11.8011,Casa della salute,hospital,hospital
41.463525,12.616165,osm_casa_di_cura_villa_dei_pini_41.4635_12.6162,Casa di Cura Villa dei Pini,hospital,hospital
41.677353,12.648340,osm_nuovo_ospedale_dei_castelli_romani_41.6774_12.6483,Nuovo Ospedale dei Castelli Romani,hospital,hospital
44.416209,11.919401,osm_ospedale_umberto_primo_44.4162_11.9194,Ospedale Umberto Primo,hospital,hospital
40.347512,18.177810,osm_asl_lecce_40.3475_18.1778,ASL Lecce,hospital,hospital
43.759203,11.233359,osm_casa_di_cura_villa_dei_pini_43.7592_11.2334,Casa di Cura Villa dei Pini,hospital,hospital
43.823965,11.223096,osm_villa_donatello_43.8240_11.2231,Villa Donatello,hospital,hospital
40.948162,14.271616,osm_ospedale_civile_di_frattamaggiore_san_gi_40.9482_14.2716,Ospedale Civile di Frattamaggiore San Giovanni di Dio,hospital,hospital
44.531367,10.793536,osm_nuovo_ospedale_civile_44.5314_10.7935,Nuovo Ospedale Civile,hospital,hospital
46.851225,17.878372,osm_iris_polsi_otthon_46.8512_17.8784,IRIS Ápolási Otthon,hospital,hospital
45.691731,9.841417,osm_ospedale_santisidoro_ferb_45.6917_9.8414,Ospedale Sant'Isidoro - F.E.R.B.,hospital,hospital
43.601294,7.118710,osm_centre_hospitalier_dantibes_juanlespins_43.6013_7.1187,Centre hospitalier d'Antibes - Juan-les-Pins,hospital,hospital
46.078487,18.209065,osm_pte_szlszeti_s_ngygyszati_klinika_46.0785_18.2091,PTE Szülészeti és Nőgyógyászati Klinika,hospital,hospital
43.961200,10.229784,osm_ospedale_di_pietrasanta_43.9612_10.2298,Ospedale di Pietrasanta,hospital,hospital
43.681311,10.861242,osm_ospedale_degli_infermi_43.6813_10.8612,Ospedale degli Infermi,hospital,hospital
46.900821,18.043660,osm_sifoki_krhzrendelintzet_46.9008_18.0437,Siófoki Kórház-Rendelőintézet,hospital,hospital
40.580158,8.319852,osm_ospedale_civile_40.5802_8.3199,Ospedale Civile,hospital,hospital
36.651064,7.590038,osm_hopital_de_ain_berda_36.6511_7.5900,Hopital De Ain Berda,hospital,hospital
42.890155,11.534786,osm_presidio_ospedaliero_amiata_grossetana_42.8902_11.5348,Presidio Ospedaliero Amiata Grossetana,hospital,hospital
42.882653,11.674277,osm_presidio_ospedaliero_amiata_val_dorcia_42.8827_11.6743,Presidio Ospedaliero Amiata Val d'Orcia,hospital,hospital
45.470919,8.893613,osm_ospedale_giuseppe_fornaroli_45.4709_8.8936,Ospedale Giuseppe Fornaroli,hospital,hospital
36.405967,10.591545,osm_polyclinique_hammamet_36.4060_10.5915,Polyclinique Hammamet,hospital,hospital
39.530763,15.919020,osm_ospedale_di_cetraro_giovanni_iannelli_39.5308_15.9190,Ospedale di Cetraro Giovanni Iannelli,hospital,hospital
44.702567,7.848319,osm_ex_ospedale_santo_spirito_44.7026_7.8483,Ex Ospedale Santo Spirito,hospital,hospital
37.525982,13.073870,osm_ospedale_giovanni_paolo_ii_37.5260_13.0739,Ospedale Giovanni Paolo II,hospital,hospital
40.649018,14.827773,osm_san_giovanni_di_dio_ruggi_daragona_40.6490_14.8278,San Giovanni di Dio Ruggi d'Aragona,hospital,hospital
47.393562,8.430470,osm_spital_limmattal_47.3936_8.4305,Spital Limmattal,hospital,hospital
43.766858,7.483691,osm_centre_hospitalier_de_menton_43.7669_7.4837,Centre hospitalier de Menton,hospital,hospital
43.396727,13.551768,osm_ospedale_recanati_santa_lucia_43.3967_13.5518,Ospedale Recanati Santa Lucia,hospital,hospital
43.248713,6.571459,osm_centre_hospitaier_de_sainttropez_43.2487_6.5715,Centre hospitaier de Saint-Tropez,hospital,hospital
43.436507,13.606816,osm_ospedale_di_comunit_santa_casa_43.4365_13.6068,Ospedale di Comunità Santa Casa,hospital,hospital
43.294573,13.459300,osm_ospedale_macerata_43.2946_13.4593,Ospedale Macerata,hospital,hospital
43.371757,13.216717,osm_ospedale_di_cingoli_43.3718_13.2167,Ospedale di Cingoli,hospital,hospital
36.786261,10.177118,osm_poi_36.7863_10.1771,مستشفى حبيب ثامر,hospital,hospital
47.454689,8.278305,osm_kantonsspital_baden_47.4547_8.2783,Kantonsspital Baden,hospital,hospital
43.878824,7.451560,osm_centre_hospitalier_saintloi_43.8788_7.4516,Centre hospitalier Saint-Éloi,hospital,hospital
47.352223,8.727779,osm_psychiatriezentrum_uster_alterstagesklin_47.3522_8.7278,Psychiatriezentrum Uster Alterstagesklinik,hospital,hospital
47.478299,8.451156,osm_gesundheitszentrum_dielsdorf_47.4783_8.4512,Gesundheitszentrum Dielsdorf,hospital,hospital
47.223593,8.994834,osm_spital_linth_47.2236_8.9948,Spital Linth,hospital,hospital
37.271737,9.861945,osm_hpital_militaire_de_bizerte_37.2717_9.8619,Hôpital Militaire de Bizerte,hospital,hospital
37.275009,9.863293,osm_unit_de_diagnostic_antnatal_udanb_37.2750_9.8633,Unité De Diagnostic Anténatal UDANB,hospital,hospital
36.554203,10.847756,osm_polyclinique_el_hakim_36.5542_10.8478,Polyclinique El Hakim,hospital,hospital
46.464207,6.346403,osm_hpital_de_rolle_46.4642_6.3464,Hôpital de Rolle,hospital,hospital
46.518247,6.600501,osm_centre_mdical_de_vidy_46.5182_6.6005,Centre Médical de Vidy,hospital,hospital
46.509669,6.635694,osm_clinique_de_montchoisi_46.5097_6.6357,Clinique de Montchoisi,hospital,hospital
46.511911,6.630519,osm_clinique_boiscerf_46.5119_6.6305,Clinique Bois-Cerf,hospital,hospital
46.515908,6.636127,osm_clinique_longeraie_46.5159_6.6361,Clinique Longeraie,hospital,hospital
46.520255,6.621555,osm_clinique_cecil_46.5203_6.6216,Clinique Cecil,hospital,hospital
46.524619,6.622924,osm_fondation_asile_des_aveugles_46.5246_6.6229,Fondation Asile des aveugles,hospital,hospital
46.601571,6.221694,osm_hpital_de_la_valle_de_joux_46.6016_6.2217,Hôpital de la Vallée de Joux,hospital,hospital
46.183306,6.099166,osm_permanence_donex_46.1833_6.0992,Permanence d'Onex,hospital,hospital
47.348697,8.598921,osm_spital_zollikerberg_47.3487_8.5989,Spital Zollikerberg,hospital,hospital
46.099595,7.068320,osm_hpital_de_martigny_46.0996_7.0683,Hôpital de Martigny,hospital,hospital
46.213274,6.997962,osm_clinique_saintam_46.2133_6.9980,Clinique Saint-Amé,hospital,hospital
46.251588,6.941115,osm_hpital_du_chablais_de_monthey_46.2516_6.9411,Hôpital du Chablais de Monthey,hospital,hospital
46.341707,7.008345,osm_ems_miremont_46.3417_7.0083,EMS Miremont,hospital,hospital
46.287362,7.883650,osm_spital_visp_46.2874_7.8837,Spital Visp,hospital,hospital
46.292162,7.521433,osm_hpital_de_sierre_46.2922_7.5214,Hôpital de Sierre,hospital,hospital
46.478179,7.140719,osm_hpital_du_pays_denhaut_46.4782_7.1407,Hôpital du Pays d'Enhaut,hospital,hospital
46.944598,7.392270,osm_hirslanden_klinik_permanence_46.9446_7.3923,Hirslanden Klinik Permanence,hospital,hospital
47.429607,9.393935,osm_ostschweizer_kinderspital_st_gallen_47.4296_9.3939,Ostschweizer Kinderspital St. Gallen,hospital,hospital
47.428844,9.389104,osm_geriatrische_klinik_st_gallen_47.4288_9.3891,Geriatrische Klinik St. Gallen,hospital,hospital
46.892022,7.494160,osm_spital_und_altersheim_belp_46.8920_7.4942,Spital und Altersheim Belp,hospital,hospital
46.221061,6.117564,osm_clinique_de_jolimont_46.2211_6.1176,Clinique de Jolimont,hospital,hospital
46.802036,7.137993,osm_hfr_fribourg_hpital_cantonal_46.8020_7.1380,HFR Fribourg – Hôpital cantonal,hospital,hospital
46.800929,7.140671,osm_hpital_daler_46.8009_7.1407,Hôpital Daler,hospital,hospital
46.959881,8.357408,osm_spital_nidwalden_46.9599_8.3574,Spital Nidwalden,hospital,hospital
47.465319,9.057910,osm_spital_wil_47.4653_9.0579,Spital Wil,hospital,hospital
46.187552,6.177405,osm_clinique_vertpr_46.1876_6.1774,Clinique Vert-Pré,hospital,hospital
46.222434,6.199468,osm_hpital_de_jour_clairival_46.2224_6.1995,Hôpital de jour Clairival,hospital,hospital
47.173503,9.448883,osm_spital_grabs_47.1735_9.4489,Spital Grabs,hospital,hospital
47.446391,9.527020,osm_hirslanden_klinik_am_rosenberg_47.4464_9.5270,Hirslanden Klinik am Rosenberg,hospital,hospital
47.066457,8.073816,osm_luzerner_kantonsspital_wolhusen_47.0665_8.0738,Luzerner Kantonsspital Wolhusen,hospital,hospital
47.168413,8.117629,osm_luzerner_kantonsspital_sursee_47.1684_8.1176,Luzerner Kantonsspital Sursee,hospital,hospital
47.141294,8.591160,osm_klinik_adelheid_47.1413_8.5912,Klinik Adelheid,hospital,hospital
47.493929,7.614624,osm_klinik_arlesheim_47.4939_7.6146,Klinik Arlesheim,hospital,hospital
46.922301,7.107873,osm_spital_des_seebezirks_46.9223_7.1079,Spital des Seebezirks,hospital,hospital
46.799746,7.154469,osm_clinique_gnrale_steanne_46.7997_7.1545,Clinique Générale Ste-Anne,hospital,hospital
46.183493,9.026536,osm_ospedale_regionale_di_bellinzona_e_valli_46.1835_9.0265,Ospedale Regionale di Bellinzona e Valli,hospital,hospital
37.052653,11.016774,osm_hpital_de_haouaria_37.0527_11.0168,Hôpital De Haouaria,hospital,hospital
47.481310,8.217201,osm_psychiatrische_dienste_aargau_47.4813_8.2172,Psychiatrische Dienste Aargau,hospital,hospital
40.700148,14.775556,osm_villa_del_sole_casa_di_cura_40.7001_14.7756,Villa del Sole - Casa di Cura,hospital,hospital
38.027945,14.012502,osm_fondazione_istituto_giuseppe_giglio_38.0279_14.0125,Fondazione Istituto Giuseppe Giglio,hospital,hospital
38.462263,14.954221,osm_ospedale_civile_di_lipari_38.4623_14.9542,Ospedale Civile di Lipari,hospital,hospital
43.565358,7.028280,osm_hpital_priv_cannes_oxford_43.5654_7.0283,Hôpital Privé Cannes Oxford,hospital,hospital
47.045133,9.065361,osm_kantonsspital_glarus_47.0451_9.0654,Kantonsspital Glarus,hospital,hospital
46.882300,8.637156,osm_kantonsspital_uri_46.8823_8.6372,Kantonsspital Uri,hospital,hospital
46.178481,8.797581,osm_clinica_santa_croce_46.1785_8.7976,Clinica Santa Croce,hospital,hospital
46.007034,8.937755,osm_clinica_luganese_sa_sede_san_rocco_46.0070_8.9378,Clinica Luganese SA Sede San Rocco,hospital,hospital
46.005113,8.939872,osm_clinica_luganese_moncucco_46.0051_8.9399,Clinica Luganese Moncucco,hospital,hospital
46.000182,8.939075,osm_ospedale_santanna_46.0002_8.9391,Ospedale Sant'Anna,hospital,hospital
46.697098,9.436782,osm_spital_thusis_46.6971_9.4368,Spital Thusis,hospital,hospital
46.768977,9.815184,osm_rehaklinik_davos_clavadel_46.7690_9.8152,Rehaklinik Davos Clavadel,hospital,hospital
46.606615,10.432719,osm_center_da_sand_val_mstair_46.6066_10.4327,Center da sandà Val Müstair,hospital,hospital
47.495344,7.615146,osm_haus_lukas_47.4953_7.6151,Haus Lukas,hospital,hospital
47.281984,7.373766,osm_hpital_de_moutier_47.2820_7.3738,Hôpital de Moutier,hospital,hospital
47.257074,6.996947,osm_hpital_du_jura_47.2571_6.9969,Hôpital du Jura,hospital,hospital
47.148595,6.984136,osm_hpital_du_jura_bernois_stimier_47.1486_6.9841,Hôpital du Jura bernois - St-Imier,hospital,hospital
47.057108,6.742874,osm_hpital_neuchtelois_le_locle_47.0571_6.7429,Hôpital neuchâtelois Le Locle,hospital,hospital
47.032509,6.906803,osm_hpital_neuchtelois_valderuz_47.0325_6.9068,Hôpital neuchâtelois Val-de-Ruz,hospital,hospital
46.995288,6.939146,osm_hpital_catholique_de_la_providence_46.9953_6.9391,Hôpital catholique de la Providence,hospital,hospital
36.747318,10.214289,osm_poi_36.7473_10.2143,مركز الإصابات والحروق البليغة,hospital,hospital
36.483587,10.699833,osm_sos_animaux_tunisie_36.4836_10.6998,SOS Animaux Tunisie,hospital,hospital
40.276143,8.770711,osm_presidio_ospedaliero_di_macomer_40.2761_8.7707,Presidio ospedaliero di Macomer,hospital,hospital
43.723916,10.375238,osm_casa_di_cura_san_rossore_43.7239_10.3752,Casa di Cura San Rossore,hospital,hospital
36.709782,10.481374,osm_hpital_de_soliman_36.7098_10.4814,Hôpital de Soliman,hospital,hospital
45.695438,9.659194,osm_clinica_castelli_45.6954_9.6592,Clinica Castelli,hospital,hospital
36.726017,10.340529,osm_polyclinique_hammamlif_36.7260_10.3405,Polyclinique Hammam-Lif,hospital,hospital
46.810213,7.212032,osm_hfr_spital_tafers_46.8102_7.2120,HFR Spital Tafers,hospital,hospital
46.813739,7.478160,osm_spital_riggisberg_46.8137_7.4782,Spital Riggisberg,hospital,hospital
47.133193,7.263077,osm_hirslanden_privatklinik_linde_clinique_d_47.1332_7.2631,Hirslanden - Privatklinik Linde - Clinique des Tilleuls,hospital,hospital
46.749566,7.624971,osm_hohmad_privatklinik_46.7496_7.6250,Hohmad Privatklinik,hospital,hospital
46.989205,9.637007,osm_reha_seewis_46.9892_9.6370,Reha Seewis,hospital,hospital
47.382433,9.541238,osm_spital_altsttten_47.3824_9.5412,Spital Altstätten,hospital,hospital
47.442515,9.531504,osm_medizinisches_ambulatorium_47.4425_9.5315,Medizinisches Ambulatorium,hospital,hospital
46.398359,6.257500,osm_hpital_psychiatrique_de_prangins_46.3984_6.2575,Hôpital Psychiatrique de Prangins,hospital,hospital
46.729141,6.533341,osm_hpital_dorbe_46.7291_6.5333,Hôpital d'Orbe,hospital,hospital
46.779221,6.608898,osm_hpital_de_chamblon_46.7792_6.6089,Hôpital de Chamblon,hospital,hospital
46.256667,6.944230,osm_hpital_psychiatrique_de_malvoz_46.2567_6.9442,Hôpital psychiatrique de Malévoz,hospital,hospital
46.694262,6.902202,osm_hfr_hpital_de_billens_46.6943_6.9022,HFR Hôpital de Billens,hospital,hospital
47.230666,6.959118,osm_clinique_le_noirmont_47.2307_6.9591,Clinique le Noirmont,hospital,hospital
47.368529,7.338733,osm_hpital_du_jura_delmont_47.3685_7.3387,Hôpital du Jura - Delémont,hospital,hospital
47.419314,7.058435,osm_hpital_du_jura_47.4193_7.0584,Hôpital du Jura,hospital,hospital
46.749927,7.693680,osm_reha_heiligenschwendi_46.7499_7.6937,Reha Heiligenschwendi,hospital,hospital
46.168628,8.790747,osm_ospedale_regionale_la_carit_46.1686_8.7907,Ospedale Regionale La Carità,hospital,hospital
46.167045,8.799981,osm_clinica_santa_chiara_sa_46.1670_8.8000,Clinica Santa Chiara SA,hospital,hospital
46.039863,8.924241,osm_clinica_ars_medica_46.0399_8.9242,clinica ARS medica,hospital,hospital
46.595191,9.600600,osm_kreisspital_surses_46.5952_9.6006,Kreisspital Surses,hospital,hospital
36.224894,8.358353,osm_poi_36.2249_8.3584,مستشفى ساقية سيدي يوسف,hospital,hospital
43.784555,10.384712,osm_asl_5_presidio_distrettuale_vecchiano_43.7846_10.3847,Asl 5 Presidio Distrettuale Vecchiano,hospital,hospital
46.799863,10.303821,osm_ospidal_dengiadina_bassa_46.7999_10.3038,Ospidal d'Engiadina Bassa,hospital,hospital
46.971067,9.686162,osm_spital_schiers_46.9711_9.6862,Spital Schiers,hospital,hospital
47.446381,9.412337,osm_klinik_stephanshorn_47.4464_9.4123,Klinik Stephanshorn,hospital,hospital
47.440211,9.008523,osm_clienia_littenheid_47.4402_9.0085,Clienia Littenheid,hospital,hospital
46.996163,8.604635,osm_seeklinik_brunnen_46.9962_8.6046,Seeklinik Brunnen,hospital,hospital
47.142115,8.130855,osm_schweizer_paraplegikerzentrum_spz_47.1421_8.1309,Schweizer Paraplegiker-Zentrum (SPZ),hospital,hospital
47.245957,8.190285,osm_asana_spital_menziken_47.2460_8.1903,Asana Spital Menziken,hospital,hospital
46.966958,7.483022,osm_universitre_psychiatrische_dienste_bern_46.9670_7.4830,Universitäre Psychiatrische Dienste Bern,hospital,hospital
47.199600,7.539468,osm_brgerspital_solothurn_47.1996_7.5395,Bürgerspital Solothurn,hospital,hospital
47.371544,9.473681,osm_klinik_gais_47.3715_9.4737,Klinik Gais,hospital,hospital
36.468010,10.747221,osm_poi_36.4680_10.7472,مستوصف دار شعبان الفهري البلدي,hospital,hospital
43.773578,11.260359,osm_ospedale_di_santa_maria_nuova_43.7736_11.2604,Ospedale di Santa Maria Nuova,hospital,hospital
43.549338,6.445073,osm_centre_hospitalier_de_la_dracnie_43.5493_6.4451,Centre hospitalier de la Dracénie,hospital,hospital
45.314478,9.510878,osm_ospedale_maggiore_45.3145_9.5109,Ospedale Maggiore,hospital,hospital
41.833069,15.574024,osm_studio_dentistico_41.8331_15.5740,Studio dentistico,hospital,hospital
45.156487,10.770753,osm_villa_al_lago_45.1565_10.7708,Villa Al Lago,hospital,hospital
42.681462,9.427308,osm_centre_hospitalier_de_bastia_42.6815_9.4273,Centre hospitalier de Bastia,hospital,hospital
43.619659,6.930526,osm_centre_hospitalier_de_grasse_site_clavar_43.6197_6.9305,Centre hospitalier de Grasse - Site Clavary,hospital,hospital
46.079442,18.216920,osm_br_nemikrtani_s_onkodermatolgiai_klinika_46.0794_18.2169,"Bőr-, Nemikórtani és Onkodermatológiai Klinika",hospital,hospital
43.843226,10.422228,osm_ville_di_nozzano_43.8432_10.4222,Ville di Nozzano,hospital,hospital
44.912966,8.636195,osm_citt_di_alessandria_policlinico_di_monza_44.9130_8.6362,Città di Alessandria Policlinico di Monza,hospital,hospital
45.313838,9.508426,osm_ospedale_vecchio_45.3138_9.5084,Ospedale Vecchio,hospital,hospital
45.555981,10.230821,osm_pronto_soccorso_pediatrico_cavaliere_del_45.5560_10.2308,Pronto Soccorso Pediatrico Cavaliere del Lavoro Francesco...,hospital,hospital
46.903881,6.370528,osm_unit_de_psychiatrie_le_grandvallier_46.9039_6.3705,Unité de psychiatrie Le Grandvallier,hospital,hospital
47.242426,6.022461,osm_centre_de_long_sjour_bellevaux_47.2424_6.0225,Centre de Long Séjour Bellevaux,hospital,hospital
44.385293,9.885577,osm_ospedale_santantonio_abate_44.3853_9.8856,Ospedale Sant'Antonio Abate,hospital,hospital
41.083606,16.798127,osm_dipartimento_dipendenze_patologiche_41.0836_16.7981,Dipartimento Dipendenze Patologiche,hospital,hospital
44.208387,9.967585,osm_azienda_usl_toscana_nord_ovest_distretto_44.2084_9.9676,Azienda USL Toscana Nord Ovest - Distretto Aulla,hospital,hospital
43.979912,8.158023,osm_croce_bianca_laigueglia_43.9799_8.1580,Croce Bianca Laigueglia,hospital,hospital
43.403525,6.066587,osm_centre_hospitalier_de_brignoles_43.4035_6.0666,Centre hospitalier de Brignoles,hospital,hospital
43.249938,6.571790,osm_clinique_du_golfe_gassosainttropez_43.2499_6.5718,Clinique du Golfe Gasso-Saint-Tropez,hospital,hospital
43.733204,7.277911,osm_polyclinique_saintgeorge_43.7332_7.2779,Polyclinique Saint-George,hospital,hospital
43.696571,7.226564,osm_hpital_de_larchet_43.6966_7.2266,Hôpital de l'Archet,hospital,hospital
43.649456,6.915100,osm_ch_de_grasse_site_du_petit_paris_43.6495_6.9151,CH de Grasse - Site du Petit Paris,hospital,hospital
41.571228,13.340483,osm_ospedale_civile_fr5_41.5712_13.3405,Ospedale Civile FR5,hospital,hospital
41.598699,9.276993,osm_clinique_de_lospedale_41.5987_9.2770,Clinique de l'Ospedale,hospital,hospital
36.356029,6.653262,osm_poi_36.3560_6.6533,مستشفى جراحة القلب الرياض بن شيكو,hospital,hospital
40.939573,14.203732,osm_clinica_hera_40.9396_14.2037,Clinica Hera,hospital,hospital
38.166981,13.314043,osm_la_maddalena_spa_38.1670_13.3140,La Maddalena S.P.A.,hospital,hospital
43.720639,10.393100,osm_polo_ospedaliero_santa_chiara_43.7206_10.3931,Polo Ospedaliero Santa Chiara,hospital,hospital
46.134071,6.411489,osm_hpital_dpartemental_dufresne_sommeiller_46.1341_6.4115,Hôpital départemental Dufresne Sommeiller,hospital,hospital
44.013568,7.302971,osm_centre_jean_chanton_44.0136_7.3030,Centre Jean Chanton,hospital,hospital
43.826798,10.292576,osm_centro_prelievi_usl_toscana_43.8268_10.2926,Centro Prelievi USL Toscana,hospital,hospital
44.696743,7.858583,osm_casa_di_cura_privata_citt_di_bra_44.6967_7.8586,Casa di Cura Privata Città di Bra,hospital,hospital
43.589409,10.477785,osm_azienda_usl_toscana_nord_ovest_distretto_43.5894_10.4778,Azienda USL Toscana Nord Ovest - Distretto Collesalvetti,hospital,hospital
43.714193,10.622590,osm_asl_5_43.7142_10.6226,ASL 5,hospital,hospital
44.987102,10.754654,osm_ospedale_di_suzzara_44.9871_10.7547,Ospedale di Suzzara,hospital,hospital
43.480090,11.880138,osm_centro_chirurgico_toscano_43.4801_11.8801,Centro Chirurgico Toscano,hospital,hospital
37.794663,12.498567,osm_ospedale_paolo_borsellino_37.7947_12.4986,Ospedale Paolo Borsellino,hospital,hospital
44.090147,7.594453,osm_hpital_de_tende_44.0901_7.5945,Hôpital de Tende,hospital,hospital
46.470320,6.305563,osm_hpital_de_gilly_46.4703_6.3056,Hôpital de Gilly,hospital,hospital
43.278678,11.924290,osm_ospedale_della_valdichiana_santa_margher_43.2787_11.9243,Ospedale della Valdichiana Santa Margherita,hospital,hospital
45.931489,13.641561,osm_splona_bolninica_dr_franca_derganca_nova_45.9315_13.6416,Splošna bolnišnica »Dr. Franca Derganca« Nova Gorica,hospital,hospital
43.447371,11.827352,osm_istituto_privato_di_riabilitazione_madre_43.4474_11.8274,Istituto Privato di Riabilitazione Madre della Divina Pro...,hospital,hospital
45.275802,7.486490,osm_ospedale_mauriziano_45.2758_7.4865,Ospedale Mauriziano,hospital,hospital
43.118859,11.825618,osm_ospedali_riuniti_della_valdichiana_senes_43.1189_11.8256,Ospedali Riuniti della Valdichiana Senese,hospital,hospital
44.614941,10.889889,osm_ospedale_villa_igea_44.6149_10.8899,Ospedale Villa Igea,hospital,hospital
40.402913,18.012826,osm_presidio_territoriale_di_assistenza_asl__40.4029_18.0128,Presidio Territoriale di Assistenza ASL LE,hospital,hospital
40.939510,14.247595,osm_asl_napoli_3_40.9395_14.2476,ASL Napoli 3,hospital,hospital
45.633592,13.826942,osm_ospedale_di_cattinara_45.6336_13.8269,Ospedale di Cattinara,hospital,hospital
40.917583,14.185553,osm_distretto_sanitario_di_villaricca_ds_39_40.9176_14.1856,Distretto Sanitario di Villaricca (DS 39),hospital,hospital
43.113138,12.380872,osm_casa_di_cura_liotti_43.1131_12.3809,Casa di Cura Liotti,hospital,hospital
43.103670,12.382701,osm_casa_di_cura_villa_fiorita_43.1037_12.3827,Casa di Cura Villa Fiorita,hospital,hospital
42.732166,12.145217,osm_ospedale_santa_maria_della_stella_42.7322_12.1452,Ospedale Santa Maria della Stella,hospital,hospital
43.063726,12.622792,osm_ospedale_di_assisi_43.0637_12.6228,Ospedale di Assisi,hospital,hospital
44.169471,11.215786,osm_primo_soccorso_e_farmacia_44.1695_11.2158,Primo Soccorso e Farmacia,hospital,hospital
41.505452,13.843532,osm_ospedale_santa_scolastica_41.5055_13.8435,Ospedale Santa Scolastica,hospital,hospital
40.538880,17.425953,osm_presidio_ospedaliero_san_marco_40.5389_17.4260,Presidio Ospedaliero San Marco,hospital,hospital
41.353752,14.355987,osm_ospedale_civile_ave_gratia_plena_41.3538_14.3560,Ospedale Civile Ave Gratia Plena,hospital,hospital
37.652479,14.411317,osm_ospedale_ferro_capra_branciforti_37.6525_14.4113,Ospedale Ferro Capra Branciforti,hospital,hospital
44.390823,7.802195,osm_ospedale_regina_montis_regalis_44.3908_7.8022,Ospedale Regina Montis Regalis,hospital,hospital
45.656806,12.428516,osm_casa_di_cura_papa_giovanni_xxiii_45.6568_12.4285,Casa di Cura Papa Giovanni XXIII,hospital,hospital
39.181086,16.987122,osm_romolo_hospital_39.1811_16.9871,Romolo Hospital,hospital,hospital
40.643862,14.414207,osm_distretto_sanitario_40.6439_14.4142,Distretto Sanitario,hospital,hospital
46.180675,6.250912,osm_cmp_enfants_vetraz_monthoux_46.1807_6.2509,CMP Enfants Vetraz Monthoux,hospital,hospital
43.797904,18.390779,osm_bolnica_srbija_istono_sarajevo_43.7979_18.3908,Bolnica Srbija Istočno Sarajevo,hospital,hospital
41.249955,14.067186,osm_ospedale_civile_di_teano_41.2500_14.0672,Ospedale Civile di Teano,hospital,hospital
45.413616,17.161026,osm_toplice_lipik_specijalna_bolnica_za_medi_45.4136_17.1610,Toplice Lipik - Specijalna bolnica za medicinsku rehabili...,hospital,hospital
46.478132,8.805056,osm_clinica_di_riabilitazione_eoc_faido_46.4781_8.8051,CLINICA DI RIABILITAZIONE EOC - FAIDO,hospital,hospital
46.833129,14.848685,osm_landeskrankenhaus_wolfsberg_46.8331_14.8487,Landeskrankenhaus Wolfsberg,hospital,hospital
43.824007,7.786877,osm_residenza_per_anziani_villa_speranza_43.8240_7.7869,Residenza per Anziani Villa Speranza,hospital,hospital
45.195233,9.172012,osm_istituto_di_riabilitazione_e_di_cura_san_45.1952_9.1720,Istituto di riabilitazione e di cura Santa Margherita,hospital,hospital
45.192302,9.167388,osm_istituto_di_cura_citt_di_pavia_45.1923_9.1674,Istituto di Cura Città di Pavia,hospital,hospital
38.362460,15.855477,osm_ospedale_civile_francesco_pentimalli_38.3625_15.8555,Ospedale civile Francesco Pentimalli,hospital,hospital
46.046540,14.486944,osm_zdravstveni_dom_ljubljana_virudnik_pedia_46.0465_14.4869,Zdravstveni dom Ljubljana Vič-Rudnik pediatrics,hospital,hospital
47.326563,17.470373,osm_grf_esterhzy_krhz_s_rendelintzeti_szakre_47.3266_17.4704,Gróf Esterházy Kórház és Rendelőintézeti Szakrendelő,hospital,hospital
44.568717,6.070387,osm_polyclinique_des_alpes_du_sud_44.5687_6.0704,Polyclinique des Alpes du Sud,hospital,hospital
44.848267,10.041301,osm_ospedale_di_fidenza_44.8483_10.0413,Ospedale di Fidenza,hospital,hospital
43.755168,11.272150,osm_ospedale_piero_palagi_43.7552_11.2721,Ospedale Piero Palagi,hospital,hospital
45.079536,7.681509,osm_piccola_casa_della_divina_provvidenza_45.0795_7.6815,Piccola Casa della Divina Provvidenza,hospital,hospital
36.131948,7.533526,osm_poi_36.1319_7.5335,المؤسسة العمومية الاستشفائية هواري بومدين,hospital,hospital
43.786918,11.255998,osm_maria_teresa_hospital_43.7869_11.2560,Maria Teresa Hospital,hospital,hospital
43.808335,11.255374,osm_meyer_health_campus_43.8083_11.2554,Meyer Health Campus,hospital,hospital
38.927112,16.580145,osm_santanna_hospital_38.9271_16.5801,Sant'Anna Hospital,hospital,hospital
39.622949,15.847782,osm_tirrenia_hospital_39.6229_15.8478,Tirrenia Hospital,hospital,hospital
41.148500,15.084483,osm_asl_avellino_presidio_ospedaliero_santot_41.1485_15.0845,"ASL Avellino, Presidio Ospedaliero Sant'Ottone Frangipane",hospital,hospital
41.148438,15.083750,osm_ospedale_santottone_frangipane_41.1484_15.0837,Ospedale Sant'Ottone Frangipane,hospital,hospital
39.817944,16.209952,osm_ospedale_civile_ferrari_39.8179_16.2100,Ospedale Civile Ferrari,hospital,hospital
36.758910,6.285112,osm_poi_36.7589_6.2851,مستشفى بشير منتوري - الميلية,hospital,hospital
36.666285,6.021976,osm_poi_36.6663_6.0220,عيادة متعددة الخدمات,hospital,hospital
36.908185,7.746913,osm_poi_36.9082_7.7469,مصحة المنظر الجميل,hospital,hospital
45.402842,11.886915,osm_azienda_ospedaliera_di_padova_45.4028_11.8869,Azienda Ospedaliera di Padova,hospital,hospital
41.118966,14.198995,osm_casa_di_cura_villa_fiorita_41.1190_14.1990,Casa di Cura Villa Fiorita,hospital,hospital
41.072015,14.316512,osm_clinica_villa_del_sole_41.0720_14.3165,Clinica Villa del Sole,hospital,hospital
41.746308,12.349141,osm_icc_istituto_clinico_casalpalocco_41.7463_12.3491,ICC - Istituto Clinico Casalpalocco,hospital,hospital
41.899485,12.602830,osm_rome_american_hospital_41.8995_12.6028,Rome American Hospital,hospital,hospital
44.144182,8.271070,osm_ospedale_santa_corona_44.1442_8.2711,Ospedale Santa Corona,hospital,hospital
40.904708,14.293214,osm_ospedale_santa_maria_della_piet_40.9047_14.2932,Ospedale Santa Maria della Pietà,hospital,hospital
44.674966,7.933124,osm_ospedale_michele_e_pietro_ferrero_44.6750_7.9331,Ospedale Michele e Pietro Ferrero,hospital,hospital
41.136457,13.865221,osm_clinica_padre_pio_41.1365_13.8652,Clinica Padre Pio,hospital,hospital
40.858933,14.331714,osm_ospedale_evangelico_villa_betania_40.8589_14.3317,Ospedale Evangelico Villa Betania,hospital,hospital
43.699541,11.820810,osm_ospedale_del_casentino_43.6995_11.8208,Ospedale del Casentino,hospital,hospital
46.553438,12.440144,osm_ospedale_civile_di_auronzo_46.5534_12.4401,Ospedale Civile di Auronzo,hospital,hospital
41.835746,12.428416,osm_ospedale_israelitico_41.8357_12.4284,Ospedale Israelitico,hospital,hospital
45.436207,8.628730,osm_ospedale_san_giuliano_45.4362_8.6287,Ospedale San Giuliano,hospital,hospital
41.850276,12.420927,osm_villa_sandra_41.8503_12.4209,Villa Sandra,hospital,hospital
36.416679,10.132297,osm_poi_36.4167_10.1323,المستشفى الجهوي بزغوان,hospital,hospital
36.786102,11.009095,osm_polyclinique_du_cap_bon_36.7861_11.0091,Polyclinique du Cap Bon,hospital,hospital
45.635942,13.784793,osm_irccs_materno_infantile_burlo_garofolo_45.6359_13.7848,IRCCS Materno Infantile Burlo Garofolo,hospital,hospital
43.244579,6.531941,osm_hpital_de_jour_de_psychatrie_infantojuvn_43.2446_6.5319,Hôpital de Jour de Psychatrie Infanto-Juvénile,hospital,hospital
41.853894,12.423697,osm_policlinico_luigi_di_liegro_41.8539_12.4237,Policlinico Luigi di Liegro,hospital,hospital
46.381617,17.825873,osm_onkoradiolgiai_fekvbetegellt_kzpont_46.3816_17.8259,Onkoradiológiai fekvőbeteg-ellátó központ,hospital,hospital
41.353677,14.365931,osm_casa_di_cura_athena_villa_dei_pini_41.3537_14.3659,Casa di Cura  Athena - Villa dei Pini,hospital,hospital
44.377675,8.038240,osm_ospedale_poveri_infermi_44.3777_8.0382,Ospedale Poveri Infermi,hospital,hospital
41.217651,14.532067,osm_casa_di_cura_gepos_41.2177_14.5321,Casa di Cura Gepos,hospital,hospital
41.492261,13.838145,osm_casa_di_cura_santanna_41.4923_13.8381,Casa di Cura Sant'Anna,hospital,hospital
41.918482,12.513168,osm_casa_di_cura_assunzione_di_maria_santiss_41.9185_12.5132,Casa di Cura Assunzione di Maria Santissima,hospital,hospital
41.855434,12.505973,osm_nuova_clinica_annunziatella_41.8554_12.5060,Nuova Clinica Annunziatella,hospital,hospital
45.646162,13.789487,osm_sanatorio_triestino_45.6462_13.7895,Sanatorio Triestino,hospital,hospital
46.072029,18.207006,osm_fogszati_klinika_46.0720_18.2070,Fogászati Klinika,hospital,hospital
36.169439,6.177735,osm_ancienne_urgence_36.1694_6.1777,ancienne urgence,hospital,hospital
45.819134,15.964243,osm_specijalna_bolnica_za_zatitu_djece_s_neu_45.8191_15.9642,Specijalna bolnica za zaštitu djece s neurorazvojnim i mo...,hospital,hospital
41.606326,8.935716,osm_centre_hospitalier_de_sartne_41.6063_8.9357,Centre Hospitalier de Sartène,hospital,hospital
39.231707,9.117757,osm_cittadella_della_salute_39.2317_9.1178,Cittadella della Salute,hospital,hospital
45.186043,14.676958,osm_thalassotherapia_crikvenica_45.1860_14.6770,Thalassotherapia Crikvenica,hospital,hospital
46.407190,16.142975,osm_zdravstveni_dom_ormo_46.4072_16.1430,Zdravstveni dom Ormož,hospital,hospital
43.110830,17.704925,osm_dom_zdravlja_apljina_43.1108_17.7049,Dom zdravlja Čapljina,hospital,hospital
46.049552,13.237433,osm_istituto_di_medicina_fisica_e_di_riabili_46.0496_13.2374,Istituto di Medicina Fisica e di Riabilitazione Gervasutta,hospital,hospital
41.877924,12.416552,osm_san_raffaele_pisana_41.8779_12.4166,San Raffaele Pisana,hospital,hospital
45.328957,14.300043,osm_thalassotherapia_opatija_45.3290_14.3000,Thalassotherapia Opatija,hospital,hospital
45.610842,9.122904,osm_presidio_giuseppe_corberi_45.6108_9.1229,Presidio Giuseppe Corberi,hospital,hospital
47.161210,10.593495,osm_krankenhaus_st_vinzenz_zams_47.1612_10.5935,Krankenhaus St. Vinzenz Zams,hospital,hospital
47.283652,11.244525,osm_landeskrankenhaus_hochzirl_47.2837_11.2445,Landeskrankenhaus Hochzirl,hospital,hospital
47.344079,11.704468,osm_bezirkskrankenhaus_schwaz_47.3441_11.7045,Bezirkskrankenhaus Schwaz,hospital,hospital
46.835107,12.764452,osm_bezirkskrankenhaus_lienz_46.8351_12.7645,Bezirkskrankenhaus Lienz,hospital,hospital
42.575776,14.095423,osm_croce_rossa_italiana_118_42.5758_14.0954,Croce Rossa Italiana - 118,hospital,hospital
46.377825,6.920111,osm_espace_sant_rennaz_46.3778_6.9201,Espace Santé Rennaz,hospital,hospital
39.591052,16.520851,osm_ospedale_guido_compagna_39.5911_16.5209,Ospedale Guido Compagna,hospital,hospital
45.646938,11.307504,osm_ospedale_san_lorenzo_45.6469_11.3075,Ospedale San Lorenzo,hospital,hospital
46.615634,13.857541,osm_landeskrankenhaus_villach_46.6156_13.8575,Landeskrankenhaus Villach,hospital,hospital
43.580569,7.058953,osm_centre_hospitalier_de_vallauris_43.5806_7.0590,Centre hospitalier de Vallauris,hospital,hospital
41.071991,14.341044,osm_asl_caserta_41.0720_14.3410,ASL Caserta,hospital,hospital
37.302039,13.600848,osm_cittadella_sanitaria_37.3020_13.6008,Cittadella Sanitaria,hospital,hospital
37.152613,14.384831,osm_ospedale_suor_cecilia_basarocco_37.1526_14.3848,Ospedale Suor Cecilia Basarocco,hospital,hospital
45.698995,9.575380,osm_policlinico_san_pietro_45.6990_9.5754,Policlinico San Pietro,hospital,hospital
45.121780,10.534617,osm_fondazione_monsignor_benedini_45.1218_10.5346,Fondazione Monsignor Benedini,hospital,hospital
46.405904,13.006099,osm_ospedale_civile_santantonio_abate_di_tol_46.4059_13.0061,Ospedale Civile Sant’Antonio Abate di Tolmezzo,hospital,hospital
44.288605,7.520617,osm_istituto_climatico_di_robilante_44.2886_7.5206,Istituto Climatico di Robilante,hospital,hospital
46.218556,10.168810,osm_presidio_socio_sanitario_territoriale_di_46.2186_10.1688,Presidio socio sanitario territoriale di Tirano,hospital,hospital
45.079693,7.604732,osm_clinica_della_memoria_giovanni_paolo_ii_45.0797_7.6047,Clinica della Memoria Giovanni Paolo II,hospital,hospital
43.843998,18.337992,osm_medicana_sarajevo_43.8440_18.3380,Medicana Sarajevo,hospital,hospital
40.695433,14.522597,osm_ospedale_nuovo_di_gragnano_40.6954_14.5226,Ospedale Nuovo di Gragnano,hospital,hospital
44.972088,17.911189,osm_dom_zdravlja_derventa_44.9721_17.9112,Dom zdravlja Derventa,hospital,hospital
45.203500,9.139636,osm_fondazione_casimiro_mondino_45.2035_9.1396,Fondazione Casimiro Mondino,hospital,hospital
45.204282,9.141692,osm_fondazione_salvatore_maugeri_45.2043_9.1417,Fondazione Salvatore Maugeri,hospital,hospital
45.180024,9.503583,osm_istituto_di_riabilitazione_psichiatrica__45.1800_9.5036,Istituto di riabilitazione psichiatrica Sacro Cuore di Ge...,hospital,hospital
45.201091,9.143922,osm_centro_nazionale_di_adroterapia_oncologi_45.2011_9.1439,Centro Nazionale di Adroterapia Oncologica (CNAO),hospital,hospital
45.145551,17.247488,osm_jzu_bolnica_gradika_45.1456_17.2475,JZU Bolnica Gradiška,hospital,hospital
42.266942,13.996251,osm_distretto_sociosanitario_scafa_42.2669_13.9963,Distretto socio-sanitario - Scafa,hospital,hospital
45.191991,9.135693,osm_centro_riabilitativo_media_assistenza_45.1920_9.1357,Centro Riabilitativo Media Assistenza,hospital,hospital
45.196009,9.149904,osm_poliambulatori_policlinico_san_matteo_45.1960_9.1499,Poliambulatori Policlinico San Matteo,hospital,hospital
45.189008,9.150156,osm_istituto_clinico_scientifico_salvatore_m_45.1890_9.1502,Istituto Clinico Scientifico Salvatore Maugeri di via Boezio,hospital,hospital
44.118165,9.850774,osm_asl_n5_farmacia_casa_della_salute_44.1182_9.8508,ASL n5 Farmacia Casa della Salute,hospital,hospital
36.930448,6.482429,osm_poi_36.9304_6.4824,عيادة متعددة الخدمات,hospital,hospital
47.449175,8.565807,osm_universittsspital_flughafen_47.4492_8.5658,Universitätsspital Flughafen,hospital,hospital
44.995987,9.929515,osm_casa_della_salute_44.9960_9.9295,Casa della Salute,hospital,hospital
45.919252,10.883739,osm_le_palme_45.9193_10.8837,Le Palme,hospital,hospital
45.919666,10.874507,osm_ospedale_di_arco_45.9197_10.8745,Ospedale di Arco,hospital,hospital
45.916944,10.887508,osm_regina_45.9169_10.8875,Regina,hospital,hospital
47.230376,7.843897,osm_haus_b_47.2304_7.8439,Haus B,hospital,hospital
43.059008,10.624853,osm_azienda_usl_toscana_nord_ovest_distretto_43.0590_10.6249,Azienda USL Toscana Nord Ovest - Distretto Campiglia Mari...,hospital,hospital
43.557153,11.170629,osm_ospedale_naldini_torrigiani_43.5572_11.1706,Ospedale Naldini Torrigiani,hospital,hospital
45.568323,6.154015,osm_centre_hospitalier_de_saintpierre_dalbig_45.5683_6.1540,Centre hospitalier de Saint-Pierre d'Albigny,hospital,hospital
40.123393,16.216071,osm_ospedale_san_giovanni_40.1234_16.2161,Ospedale San Giovanni,hospital,hospital
45.871144,9.654657,osm_ospedale_civile_di_san_giovanni_bianco_45.8711_9.6547,Ospedale Civile di San Giovanni Bianco,hospital,hospital
40.359812,16.648089,osm_ospedale_di_tinchi_40.3598_16.6481,Ospedale di Tinchi,hospital,hospital
42.027761,13.648325,osm_ospedale_serafino_rinaldi_42.0278_13.6483,Ospedale Serafino Rinaldi,hospital,hospital
45.917037,15.904152,osm_specijalna_bolnica_za_kronine_bolesti_dj_45.9170_15.9042,Specijalna bolnica za kronične bolesti dječje dobi Gornja...,hospital,hospital
44.633866,18.361547,osm_dom_zdravlja_ozren_petrovo_44.6339_18.3615,Dom zdravlja Ozren Petrovo,hospital,hospital
44.919489,10.667374,osm_ospedale_civile_di_guastalla_44.9195_10.6674,Ospedale Civile di Guastalla,hospital,hospital
44.760594,17.187655,osm_bolnica_stetik_44.7606_17.1877,Bolnica S-tetik,hospital,hospital
47.111135,17.564927,osm_magyar_imre_krhz_47.1111_17.5649,Magyar Imre Kórház,hospital,hospital
46.594148,13.826350,osm_privatklinik_villach_46.5941_13.8263,Privatklinik Villach,hospital,hospital
40.485303,17.200214,osm_regione_puglia_arpa_40.4853_17.2002,Regione Puglia - ARPA,hospital,hospital
44.229075,17.658361,osm_bolnica_za_plune_bolesti_i_tuberkulozu_t_44.2291_17.6584,Bolnica za plućne bolesti i tuberkulozu Travnik,hospital,hospital
37.812195,13.998392,osm_guardia_medica_37.8122_13.9984,Guardia medica,hospital,hospital
42.350763,14.389367,osm_ospedale_gaetano_bernabeo_42.3508_14.3894,Ospedale Gaetano Bernabeo,hospital,hospital
45.814920,15.963046,osm_psihijatrijska_bolnica_za_djecu_i_mlade_45.8149_15.9630,Psihijatrijska bolnica za djecu i mladež,hospital,hospital
47.430508,8.963885,osm_rehaklinik_dussnang_ag_47.4305_8.9639,Rehaklinik Dussnang AG,hospital,hospital
41.005598,14.777445,osm_asl_41.0056_14.7774,ASL,hospital,hospital
45.908336,13.336593,osm_ospedale_civile_di_palmanova_45.9083_13.3366,Ospedale Civile di Palmanova,hospital,hospital
45.821872,9.593947,osm_lavs_brembilla_45.8219_9.5939,LAVS Brembilla,hospital,hospital
45.820173,9.595942,osm_ex_villa_fiorita_45.8202_9.5959,ex Villa Fiorita,hospital,hospital
41.003838,14.776895,osm_guardia_medica_41.0038_14.7769,Guardia Medica,hospital,hospital
37.724144,15.170229,osm_ospedale_san_giovanni_di_dio_e_santisido_37.7241_15.1702,Ospedale San Giovanni Di Dio e Sant'Isidoro,hospital,hospital
45.965660,12.610898,osm_centro_esperia_45.9657_12.6109,Centro Esperia,hospital,hospital
45.520954,9.124959,osm_padiglione_62_45.5210_9.1250,Padiglione 62,hospital,hospital
40.765237,14.692633,osm_casa_di_cura_di_riabilitazione_g_f_monte_40.7652_14.6926,Casa di Cura di Riabilitazione G. F. Montesano,hospital,hospital
45.678755,13.383163,osm_clinica_santa_eufemia_grado_medical_cent_45.6788_13.3832,Clinica Santa Eufemia - Grado Medical Center,hospital,hospital
43.942877,18.082417,osm_dom_zdravlja_kiseljak_43.9429_18.0824,Dom Zdravlja Kiseljak,hospital,hospital
46.584114,7.641683,osm_spital_frutigen_46.5841_7.6417,Spital Frutigen,hospital,hospital
45.520654,9.162941,osm_presidio_territoriale_ippocrate_45.5207_9.1629,Presidio territoriale Ippocrate,hospital,hospital
45.410411,9.277124,osm_irccs_policlinico_san_donato_45.4104_9.2771,I.R.C.C.S. Policlinico San Donato,hospital,hospital
44.784872,10.339312,osm_casa_di_cura_citt_di_parma_44.7849_10.3393,Casa di Cura Città di Parma,hospital,hospital
45.314412,9.506236,osm_ospedale_fissiraga_45.3144_9.5062,Ospedale Fissiraga,hospital,hospital
46.146891,6.079545,osm_centre_hospitalier_annecy_genevois_46.1469_6.0795,Centre hospitalier Annecy Genevois,hospital,hospital
44.716473,18.085844,osm_bolnica_sveti_apostol_luka_44.7165_18.0858,Bolnica Sveti apostol Luka,hospital,hospital
45.953869,14.835372,osm_bolninica_za_otroke_entvid_pri_stini_45.9539_14.8354,Bolnišnica za otroke Šentvid pri Stični,hospital,hospital
41.548295,14.613221,osm_responsible_research_hospital_41.5483_14.6132,Responsible Research Hospital,hospital,hospital
41.358449,14.038520,osm_casa_di_cura_villa_giovanna_41.3584_14.0385,Casa di Cura Villa Giovanna,hospital,hospital
44.882773,7.319652,osm_ospedale_civile_edoardo_agnelli_44.8828_7.3197,Ospedale Civile Edoardo Agnelli,hospital,hospital
45.645480,13.053916,osm_pronto_soccorso_bibione_45.6455_13.0539,Pronto Soccorso Bibione,hospital,hospital
41.514617,14.060515,osm_irccs_neuromed_41.5146_14.0605,IRCCS Neuromed,hospital,hospital
44.466660,11.395115,osm_hospice_bellaria_44.4667_11.3951,Hospice Bellaria,hospital,hospital
44.535158,11.535431,osm_ospedale_di_budrio_44.5352_11.5354,Ospedale di Budrio,hospital,hospital
44.474100,11.636349,osm_poliambulatorio_di_medicina_44.4741_11.6363,Poliambulatorio di Medicina,hospital,hospital
44.484432,11.333539,osm_villa_baruzziana_44.4844_11.3335,Villa Baruzziana,hospital,hospital
44.491810,11.356462,osm_ospedale_villa_nigrisoli_44.4918_11.3565,Ospedale Villa Nigrisoli,hospital,hospital
37.277613,14.795919,osm_ospedale_mario_basso_ragusa_37.2776_14.7959,Ospedale Mario Basso Ragusa,hospital,hospital
43.506774,16.469384,osm_zavod_za_pomorsku_medicinu_43.5068_16.4694,Zavod za pomorsku medicinu,hospital,hospital
44.496167,11.357550,osm_villa_torri_44.4962_11.3576,Villa Torri,hospital,hospital
45.751615,10.796867,osm_ospedale_di_malcesine_45.7516_10.7969,Ospedale di Malcesine,hospital,hospital
40.912102,14.394935,osm_asl_napoli_3_sud_distretto_51_40.9121_14.3949,ASL Napoli 3 Sud - Distretto 51,hospital,hospital
42.301854,9.154319,osm_centre_hospitalier_intercommunal_corte_t_42.3019_9.1543,Centre Hospitalier Intercommunal Corte Tattone,hospital,hospital
43.906751,11.097019,osm_casa_di_cura_villa_fiorita_43.9068_11.0970,Casa di cura Villa Fiorita,hospital,hospital
46.236282,7.388853,osm_clinique_romande_de_radaptation_sion_46.2363_7.3889,Clinique romande de réadaptation Sion,hospital,hospital
40.399759,16.234461,osm_ospedale_distrettuale_salvatore_peragine_40.3998_16.2345,Ospedale Distrettuale Salvatore Peragine,hospital,hospital
45.532754,9.053957,osm_unit_operativa_di_neuropsichiatria_delli_45.5328_9.0540,Unità Operativa di Neuropsichiatria dell’Infanzia e dell’...,hospital,hospital
44.184587,10.292356,osm_azienda_usl_toscana_nord_ovest_distretto_44.1846_10.2924,Azienda USL Toscana Nord Ovest - Distretto Piazza al Serchio,hospital,hospital
45.583161,9.094652,osm_ospedale_guido_salvini_45.5832_9.0947,Ospedale Guido Salvini,hospital,hospital
44.103720,11.982582,osm_118_romagna_44.1037_11.9826,118 Romagna,hospital,hospital
44.156213,11.795520,osm_118_romagna_44.1562_11.7955,118 Romagna,hospital,hospital
40.922314,14.446348,osm_asl_napoli_3_sud_distretto_48_40.9223_14.4463,ASL Napoli 3 Sud - Distretto 48,hospital,hospital
40.624832,14.368824,osm_ospedale_di_sorrento_40.6248_14.3688,Ospedale di Sorrento,hospital,hospital
40.958095,14.209304,osm_ospedale_san_giuseppe_moscati_40.9581_14.2093,Ospedale San Giuseppe Moscati,hospital,hospital
43.877575,10.245014,osm_ospedale_civile_giuseppe_tabarracci_43.8776_10.2450,Ospedale Civile Giuseppe Tabarracci,hospital,hospital
44.825511,17.299963,osm_klinika_za_ortopedsku_hirurgiju_slatina_44.8255_17.3000,Klinika za ortopedsku hirurgiju Slatina,hospital,hospital
47.496707,6.820131,osm_clinique_du_pays_de_montbliard_47.4967_6.8201,Clinique du Pays de Montbéliard,hospital,hospital
41.007723,15.356302,osm_ospedale_di_gugliemo_41.0077_15.3563,Ospedale Di Gugliemo,hospital,hospital
40.848722,14.073709,osm_ospedale_santa_maria_delle_grazie_40.8487_14.0737,Ospedale Santa Maria delle Grazie,hospital,hospital
45.010600,7.823694,osm_ospedale_maggiore_asl_to5_45.0106_7.8237,Ospedale Maggiore - A.S.L. TO5,hospital,hospital
45.548754,11.578119,osm_us_army_health_center_vicenza_45.5488_11.5781,U.S. Army Health Center - Vicenza,hospital,hospital
41.087008,14.336343,osm_ospedale_covid19_caserta_41.0870_14.3363,Ospedale COVID-19 Caserta,hospital,hospital
40.691042,15.236562,osm_san_francesco_dassisi_40.6910_15.2366,San Francesco D'Assisi,hospital,hospital
47.182352,15.484039,osm_sonderkrankenanstalt_rehabilitationszent_47.1824_15.4840,Sonderkrankenanstalt Rehabilitationszentrum St. Radegund,hospital,hospital
47.180627,15.499144,osm_privatklinik_st_radegund_47.1806_15.4991,Privatklinik St. Radegund,hospital,hospital
47.497160,9.745753,osm_landeskrankenhaus_bregenz_47.4972_9.7458,Landeskrankenhaus Bregenz,hospital,hospital
46.018552,9.228008,osm_asst_lariana_46.0186_9.2280,ASST Lariana,hospital,hospital
45.825591,15.965857,osm_specijalna_bolnica_za_zatitu_djece_s_neu_45.8256_15.9659,Specijalna bolnica za zaštitu djece s neurorazvojnim i mo...,hospital,hospital
41.028011,14.374491,osm_asl_maddaloni_distretto_13_41.0280_14.3745,ASL Maddaloni - Distretto 13,hospital,hospital
40.911131,14.260025,osm_asl_napoli_2_nord_distretto_sanitario_42_40.9111_14.2600,ASL Napoli 2 NORD Distretto Sanitario 42 Poliambulatorio,hospital,hospital
45.808015,9.596328,osm_rsa_santa_maria_45.8080_9.5963,RSA Santa Maria,hospital,hospital
41.545068,13.518727,osm_ipab_ferrari_41.5451_13.5187,IPAB Ferrari,hospital,hospital
40.343896,14.997017,osm_distretto_santario_vallo_della_lucaniaag_40.3439_14.9970,Distretto Santario Vallo della Lucania/Agropoli,hospital,hospital
41.042341,14.663606,osm_azienda_sanitaria_locale_avellino_41.0423_14.6636,Azienda Sanitaria Locale Avellino,hospital,hospital
42.702642,13.797622,osm_fondazione_il_cireneo_onlus_per_lautismo_42.7026_13.7976,Fondazione Il Cireneo - Onlus per l'Autismo,hospital,hospital
39.180214,16.320805,osm_azienda_sanitaria_provinciale_di_cosenza_39.1802_16.3208,Azienda Sanitaria Provinciale di Cosenza - Distretto Rogl...,hospital,hospital
45.118926,7.613621,osm_polo_sanitario_di_venaria_45.1189_7.6136,Polo Sanitario di Venaria,hospital,hospital
36.028830,10.495030,osm_hopital_hergla_36.0288_10.4950,hopital Hergla,hospital,hospital
45.208865,7.634136,osm_presidio_ospedaliero_riabilitativo_beata_45.2089_7.6341,Presidio ospedaliero riabilitativo Beata Vergine della Co...,hospital,hospital
45.915304,10.879622,osm_san_pancrazio_45.9153_10.8796,San Pancrazio,hospital,hospital
44.226013,17.661564,osm_hitna_pomo_44.2260_17.6616,Hitna pomoć,hospital,hospital
41.938747,12.462392,osm_fondazione_don_gnocchi_centro_santa_mari_41.9387_12.4624,Fondazione Don Gnocchi - Centro Santa Maria della Pace,hospital,hospital
46.019460,11.905071,osm_medicina_di_gruppo_integrata_vallata_fel_46.0195_11.9051,Medicina di gruppo integrata Vallata Feltrina,hospital,hospital
41.898630,12.518966,osm_policlinico_umberto_i_clinica_di_neurops_41.8986_12.5190,Policlinico Umberto I - Clinica di Neuropsichiatria infan...,hospital,hospital
41.907360,12.514436,osm_presidio_ospedaliero_george_eastman_41.9074_12.5144,Presidio ospedaliero George Eastman,hospital,hospital
41.935349,8.714037,osm_centre_hospitalier_spcialis_de_castelluc_41.9353_8.7140,Centre Hospitalier Spécialisé de Castelluccio,hospital,hospital
44.423377,18.034719,osm_dom_zdravlja_44.4234_18.0347,Dom zdravlja,hospital,hospital
41.923589,8.735026,osm_clinisud_41.9236_8.7350,Clinisud,hospital,hospital
41.885150,12.498716,osm_ospedale_san_giovanni_presidio_addolorat_41.8851_12.4987,Ospedale San Giovanni - Presidio Addolorata,hospital,hospital
41.884300,12.497293,osm_ospedale_britannico_41.8843_12.4973,Ospedale Britannico,hospital,hospital
40.653788,16.612568,osm_pronto_soccorso_118_40.6538_16.6126,Pronto Soccorso 118,hospital,hospital
42.449461,14.213303,osm_centro_erogazione_servizi_cers_pescara_s_42.4495_14.2133,Centro Erogazione Servizi (CERS) Pescara Sud,hospital,hospital
44.768097,16.650735,osm_opa_bolnica_sanski_most_44.7681_16.6507,Opća bolnica Sanski Most,hospital,hospital
38.236342,16.245007,osm_ospedale_di_locri_38.2363_16.2450,Ospedale di Locri,hospital,hospital
45.488769,18.097707,osm_opa_upanijska_bolnica_naice_45.4888_18.0977,Opća županijska bolnica Našice,hospital,hospital
37.744787,14.389741,osm_ospedale_carlo_basilotta_37.7448_14.3897,Ospedale Carlo Basilotta,hospital,hospital
43.685487,12.804066,osm_ospedale_civile_fossombrone_43.6855_12.8041,Ospedale Civile Fossombrone,hospital,hospital
44.807800,10.334597,osm_casa_della_salute_per_il_bambino_e_ladol_44.8078_10.3346,Casa della Salute per il Bambino e l'Adolescente,hospital,hospital
45.522337,9.096381,osm_ospedale_galeazzi_santambrogio_45.5223_9.0964,Ospedale Galeazzi Sant'Ambrogio,hospital,hospital
45.769413,13.002808,osm_ospedale_civile_di_latisana_45.7694_13.0028,Ospedale civile di Latisana,hospital,hospital
37.816608,13.298847,osm_ospedale_dei_bianchi_37.8166_13.2988,Ospedale dei Bianchi,hospital,hospital
41.730903,12.665340,osm_ospedale_regina_apostolorum_41.7309_12.6653,Ospedale Regina Apostolorum,hospital,hospital
46.818665,6.946254,osm_hpital_intercantonal_de_la_broye_46.8187_6.9463,Hôpital intercantonal de la Broye,hospital,hospital
41.091113,14.499844,osm_asl_bn_distretto_santagata_de_goti_41.0911_14.4998,ASL BN - Distretto Sant'Agata de' Goti,hospital,hospital
45.236910,11.459492,osm_ospedale_di_montagnana_45.2369_11.4595,Ospedale di Montagnana,hospital,hospital
37.818834,14.090981,osm_ospedale_madonna_dellalto_37.8188_14.0910,Ospedale Madonna dell'Alto,hospital,hospital
45.845973,8.752661,osm_villa_rovera_molina_onlys_45.8460_8.7527,Villa Rovera Molina Onlys,hospital,hospital
40.869808,14.213970,osm_ospedale_cotugno_40.8698_14.2140,Ospedale Cotugno,hospital,hospital
40.517809,15.500132,osm_ospedale_luigi_curto_40.5178_15.5001,Ospedale Luigi Curto,hospital,hospital
41.097712,16.885847,osm_ospedale_mater_dei_41.0977_16.8858,Ospedale Mater Dei,hospital,hospital
46.898165,11.425741,osm_krankenhaus_sterzing_ospedale_vipiteno_46.8982_11.4257,Krankenhaus Sterzing - Ospedale Vipiteno,hospital,hospital
36.259180,6.708223,osm_poi_36.2592_6.7082,مركز علاج الإدمان,hospital,hospital
43.127227,12.054788,osm_ospedale_civile_santagostino_43.1272_12.0548,Ospedale Civile Sant'Agostino,hospital,hospital
36.381679,6.470415,osm_ibn_ziad_centre_medical_36.3817_6.4704,Ibn Ziad Centre Medical,hospital,hospital
41.878144,12.576243,osm_casa_di_cura_villa_mendicini_41.8781_12.5762,Casa di cura Villa Mendicini,hospital,hospital
41.695025,15.292638,osm_asl_41.6950_15.2926,ASL,hospital,hospital
44.189923,12.089110,osm_cra_sm_nazaret_44.1899_12.0891,CRA S.M. Nazaret,hospital,hospital
47.410503,10.282092,osm_klinik_oberstdorf_47.4105_10.2821,Klinik Oberstdorf,hospital,hospital
40.820310,16.469975,osm_ospedale_della_murgia_fabio_perinei_40.8203_16.4700,Ospedale della Murgia Fabio Perinei,hospital,hospital
37.615678,15.143231,osm_ospedale_santa_marta_e_santa_venera_37.6157_15.1432,Ospedale Santa Marta e Santa Venera,hospital,hospital
37.788994,14.836226,osm_ospedale_castiglioneprestianni_37.7890_14.8362,Ospedale Castiglione-Prestianni,hospital,hospital
44.494003,11.267405,osm_villa_bellombra_44.4940_11.2674,Villa Bellombra,hospital,hospital
38.831634,16.631140,osm_distretto_sociosanitario_polo_sanitario__38.8316_16.6311,Distretto Socio-Sanitario / Polo Sanitario Territoriale /...,hospital,hospital
43.474193,12.253276,osm_ospedale_citt_di_castello_43.4742_12.2533,Ospedale Città di Castello,hospital,hospital
43.309519,12.326695,osm_ospedale_di_umbertide_43.3095_12.3267,Ospedale di Umbertide,hospital,hospital
43.267244,12.686382,osm_ospedale_di_branca_43.2672_12.6864,Ospedale di Branca,hospital,hospital
44.776450,17.190082,osm_medicinska_elektronika_44.7765_17.1901,Medicinska elektronika,hospital,hospital
43.079148,12.355305,osm_ospedale_santa_maria_della_misericordia_43.0791_12.3553,Ospedale Santa Maria della Misericordia,hospital,hospital
42.956795,12.716377,osm_casa_di_cura_villa_aurora_42.9568_12.7164,Casa di Cura Villa Aurora,hospital,hospital
39.614815,16.168140,osm_guardia_medica_39.6148_16.1681,Guardia Medica,hospital,hospital
42.878535,12.749189,osm_struttura_complessa_di_riabilitazione_in_42.8785_12.7492,Struttura Complessa di Riabilitazione Intensiva Neuromotoria,hospital,hospital
42.517027,12.521803,osm_ospedale_degli_infermi_42.5170_12.5218,Ospedale degli Infermi,hospital,hospital
43.590721,10.674466,osm_minihospital_sandro_pertini_43.5907_10.6745,MiniHospital Sandro Pertini,hospital,hospital
46.153379,15.046992,osm_splona_bolninica_trbovlje_46.1534_15.0470,Splošna Bolnišnica Trbovlje,hospital,hospital
46.041803,10.724187,osm_ospedale_di_tione_46.0418_10.7242,Ospedale di Tione,hospital,hospital
46.288494,11.455231,osm_ospedale_di_fiemme_46.2885_11.4552,Ospedale di Fiemme,hospital,hospital
47.058681,8.298009,osm_haus_33_kinderspital_47.0587_8.2980,Haus 33 Kinderspital,hospital,hospital
47.413149,7.075773,osm_centre_mdicopsychologique_enfants_et_ado_47.4131_7.0758,Centre médico-psychologique: enfants et adolescents,hospital,hospital
44.483017,11.010705,osm_ospedale_di_vignola_44.4830_11.0107,Ospedale di Vignola,hospital,hospital
41.120181,16.487856,osm_poliambulatorio_di_ruvo_di_puglia_41.1202_16.4879,Poliambulatorio di Ruvo di Puglia,hospital,hospital
39.201298,9.145924,osm_farmacia_soresi_39.2013_9.1459,Farmacia SORESI,hospital,hospital
46.146852,12.209694,osm_istituto_zooprofilattico_delle_venezie_s_46.1469_12.2097,Istituto Zooprofilattico delle Venezie - sede di Belluno,hospital,hospital
42.994656,11.862351,osm_asl_sarteano_42.9947_11.8624,ASL Sarteano,hospital,hospital
45.907312,8.860754,osm_protezione_civile_di_cuasso_al_monte_45.9073_8.8608,Protezione Civile di Cuasso al Monte,hospital,hospital
44.505452,11.303816,osm_ospedale_privato_santa_viola_44.5055_11.3038,Ospedale Privato Santa Viola,hospital,hospital
44.163318,10.969745,osm_ospedale_costa_di_porretta_terme_44.1633_10.9697,Ospedale Costa di Porretta Terme,hospital,hospital
45.069850,7.705814,osm_presidio_sanitario_gradenigo_45.0699_7.7058,Presidio Sanitario Gradenigo,hospital,hospital
44.518141,11.277912,osm_casa_della_salute_borgo_reno_44.5181_11.2779,Casa della Salute Borgo Reno,hospital,hospital
46.946630,14.410343,osm_krankenhaus_des_deutschen_ordens_friesac_46.9466_14.4103,Krankenhaus des Deutschen Ordens Friesach,hospital,hospital
45.078676,7.680834,osm_presidio_sanitario_ospedale_cottolengo_45.0787_7.6808,Presidio Sanitario Ospedale Cottolengo,hospital,hospital
45.034770,7.674867,osm_ospedale_infantile_regina_margherita_45.0348_7.6749,Ospedale Infantile Regina Margherita,hospital,hospital
44.189328,12.127634,osm_ospedale_di_comunit_44.1893_12.1276,Ospedale di Comunità,hospital,hospital
46.288556,13.124802,osm_ospedale_civile_san_michele_46.2886_13.1248,Ospedale Civile San Michele,hospital,hospital
44.611662,11.834606,osm_ospedale_civile_mazzolanivandini_44.6117_11.8346,Ospedale Civile Mazzolani-Vandini,hospital,hospital
38.424600,15.905769,osm_ospedale_giovanni_xxiii_38.4246_15.9058,Ospedale Giovanni XXIII,hospital,hospital
47.078750,15.393178,osm_krankenhaus_der_elisabethinen_grazeggenb_47.0787_15.3932,Krankenhaus der Elisabethinen Graz-Eggenberg,hospital,hospital
46.850695,17.877302,osm_irisz_intzet_46.8507_17.8773,Irisz Intézet,hospital,hospital
45.937670,14.805789,osm_zdravstveni_dom_ivanna_gorica_45.9377_14.8058,Zdravstveni dom Ivančna Gorica,hospital,hospital
44.113771,12.503014,osm_sol_et_salus_44.1138_12.5030,Sol et salus,hospital,hospital
36.282092,7.958536,osm_poi_36.2821_7.9585,مركز العتيق للاشعة,hospital,hospital
45.462370,9.603711,osm_ospedale_caimi_45.4624_9.6037,Ospedale Caimi,hospital,hospital
44.119195,9.841871,osm_casa_di_cura_alma_mater_44.1192_9.8419,Casa di cura Alma Mater,hospital,hospital
45.510448,12.658597,osm_presidio_ospedaliero_di_jesolo_45.5104_12.6586,Presidio Ospedaliero Di Jesolo,hospital,hospital
45.913020,6.707290,osm_clinique_parassy_45.9130_6.7073,Clinique Parassy,hospital,hospital
38.486735,15.982211,osm_azienda_sanitaria_provinciale_38.4867_15.9822,Azienda Sanitaria Provinciale,hospital,hospital
36.453367,6.049796,osm_policlinique_36.4534_6.0498,Policlinique,hospital,hospital
44.401818,8.270382,osm_ospedale_san_giuseppe_44.4018_8.2704,Ospedale San Giuseppe,hospital,hospital
38.250282,15.718201,osm_ospedale_scillesi_damerica_38.2503_15.7182,Ospedale Scillesi d'America,hospital,hospital
46.064526,11.248950,osm_ospedale_riabilitativo_villa_rosa_46.0645_11.2489,Ospedale Riabilitativo Villa Rosa,hospital,hospital
43.866256,18.415177,osm_ona_klinika_43.8663_18.4152,Očna Klinika,hospital,hospital
40.624407,17.913479,osm_presidio_ospedaliero_antonio_perrino_40.6244_17.9135,Presidio Ospedaliero Antonio Perrino,hospital,hospital
44.647981,8.957620,osm_ospedale_ente_morale_isola_del_cantone_o_44.6480_8.9576,Ospedale - Ente morale Isola del Cantone ONLUS,hospital,hospital
43.879446,11.091111,osm_presidio_sanitario_misericordia_e_dolce_43.8794_11.0911,Presidio Sanitario Misericordia e Dolce,hospital,hospital
42.909611,12.334395,osm_azienda_usl_umbria_1_42.9096_12.3344,Azienda USL Umbria 1,hospital,hospital
40.923687,14.832617,osm_asl_av2_di_atripalda_40.9237_14.8326,ASL AV2 di Atripalda,hospital,hospital
40.996961,15.641067,osm_ospedale_san_giovanni_di_dio_40.9970_15.6411,Ospedale San Giovanni di Dio,hospital,hospital
46.249735,14.486697,osm_zdravstveni_dom_cerklje_46.2497_14.4867,Zdravstveni dom Cerklje,hospital,hospital
41.044453,15.783437,osm_poliambulatorio_41.0445_15.7834,Poliambulatorio,hospital,hospital
42.970339,13.353221,osm_ospedale_dei_sibillini_beato_antonio_di__42.9703_13.3532,Ospedale dei Sibillini Beato Antonio di Amandola,hospital,hospital
39.997509,15.719024,osm_ospedale_di_maratea_39.9975_15.7190,Ospedale di Maratea,hospital,hospital
40.862890,16.803107,osm_ente_ecclesiastico_ospedale_generale_reg_40.8629_16.8031,Ente Ecclesiastico Ospedale Generale Regionale Francesco ...,hospital,hospital
40.871069,17.330989,osm_ospedale_del_sudest_barese_di_monopolifa_40.8711_17.3310,Ospedale del Sud-Est Barese di Monopoli-Fasano,hospital,hospital
37.303418,14.208827,osm_presidio_ospedaliero_santo_stefano_37.3034_14.2088,Presidio Ospedaliero Santo Stefano,hospital,hospital
44.905046,18.611823,osm_ambulanta_pelagievo_44.9050_18.6118,Ambulanta Pelagićevo,hospital,hospital
36.790062,10.162069,osm_poi_36.7901_10.1621,مركز رعاية الأم و الطفل بالملاسين,hospital,hospital
45.760488,15.994006,osm_akromion_45.7605_15.9940,Akromion,hospital,hospital
39.182240,8.968263,osm_guardia_medica_39.1822_8.9683,Guardia medica,hospital,hospital
36.781654,10.168553,osm_poi_36.7817_10.1686,مركز الصحة الأساسية بحي هلال,hospital,hospital
45.825362,15.993638,osm_djeja_bolnica_srebrnjak_45.8254_15.9936,Dječja bolnica Srebrnjak,hospital,hospital
44.695817,12.190035,osm_ospedale_san_camillo_44.6958_12.1900,Ospedale San Camillo,hospital,hospital
44.775429,12.122326,osm_ospedale_del_delta_44.7754_12.1223,Ospedale del Delta,hospital,hospital
45.257370,15.231345,osm_opa_bolnica_i_bolnica_branitelja_domovin_45.2574_15.2313,Opća bolnica i bolnica branitelja domovinskog rata Ogulin,hospital,hospital
46.272788,16.076524,osm_sluba_za_plune_bolesti_i_tbc_klenovnik_46.2728_16.0765,Služba za plućne bolesti i TBC Klenovnik,hospital,hospital
46.163242,16.837273,osm_opa_bolnica_dr_tomislav_bardek_koprivnic_46.1632_16.8373,Opća bolnica  Dr. Tomislav Bardek Koprivnica,hospital,hospital
44.543496,15.362142,osm_opa_bolnica_gospi_44.5435_15.3621,Opća bolnica Gospić,hospital,hospital
44.052262,16.215219,osm_opa_i_veteranska_bolnica_hrvatski_ponos__44.0523_16.2152,Opća i veteranska bolnica Hrvatski Ponos Knin,hospital,hospital
45.706707,16.385628,osm_naftalan_specijalna_bolnica_za_medicinsk_45.7067_16.3856,"Naftalan, specijalna bolnica za medicinsku rehabilitaciju",hospital,hospital
45.453422,15.499788,osm_specijalna_bolnica_za_produeno_lijeenje__45.4534_15.4998,Specijalna bolnica za produženo liječenje Duga Resa,hospital,hospital
42.968196,16.712900,osm_specijalna_bolnica_za_medicinsku_rehabil_42.9682_16.7129,Specijalna bolnica za medicinsku rehabilitaciju Kalos,hospital,hospital
45.378330,14.441267,osm_psihijatrijska_bolnica_lopaa_45.3783_14.4413,Psihijatrijska bolnica Lopača,hospital,hospital
45.294502,15.972468,osm_ljeilite_topusko_45.2945_15.9725,Lječilište Topusko,hospital,hospital
37.492534,13.268671,osm_presidio_ospedaliero_fratelli_parlapiano_37.4925_13.2687,Presidio ospedaliero Fratelli Parlapiano,hospital,hospital
42.949396,17.136321,osm_dom_zdravlja_korula_42.9494_17.1363,Dom zdravlja Korčula,hospital,hospital
43.296323,13.454693,osm_casa_di_cura_dottor_bruno_marchetti_43.2963_13.4547,Casa di cura Dottor Bruno Marchetti,hospital,hospital
41.776020,14.116426,osm_ospedale_civile_di_castel_di_sangro_41.7760_14.1164,Ospedale Civile di Castel di Sangro,hospital,hospital
44.516497,14.501365,osm_ljeilite_veli_loinj_44.5165_14.5014,Lječilište Veli Lošinj,hospital,hospital
45.423510,16.276831,osm_opa_bolnica_dr_ivo_pedii_odjel_u_petrinj_45.4235_16.2768,"Opća bolnica dr. Ivo Pedišić, odjel u Petrinji",hospital,hospital
45.440294,16.344701,osm_opa_bolnica_dr_ivo_pedii_odjeli_za_pulmo_45.4403_16.3447,"Opća bolnica dr. Ivo Pedišić, odjeli za pulmologiju i pal...",hospital,hospital
46.034825,8.924547,osm_studio_dr_med_giunchi_presso_ars_medica__46.0348_8.9245,Studio Dr. med. Giunchi presso Ars Medica Centro Medico,hospital,hospital
39.290297,16.243107,osm_ospedale_mariano_santo_39.2903_16.2431,Ospedale Mariano Santo,hospital,hospital
46.990347,9.500899,osm_klinik_stpirminsberg_46.9903_9.5009,Klinik St.Pirminsberg,hospital,hospital
41.734400,15.261992,osm_asl_41.7344_15.2620,Asl,hospital,hospital
41.106465,16.849854,osm_istituto_clinico_scientifico_maugeri_41.1065_16.8499,Istituto Clinico Scientifico Maugeri,hospital,hospital
41.075866,14.261407,osm_asl_dipartimento_uosd_alcologia_41.0759_14.2614,ASL Dipartimento U.O.S.D. Alcologia,hospital,hospital
41.944906,8.769772,osm_centre_hospitalier_dajaccio_41.9449_8.7698,Centre hospitalier d'Ajaccio,hospital,hospital
42.699072,18.340493,osm_bolnica_sveti_arhiakon_stefan_deveti_jan_42.6991_18.3405,"Bolnica sveti arhiđakon Stefan – deveti januar, Trebinje",hospital,hospital
45.677050,11.931831,osm_ospedale_san_giacomo_apostolo_45.6770_11.9318,Ospedale San Giacomo Apostolo,hospital,hospital
41.928638,12.489078,osm_casa_di_cura_quisisana_41.9286_12.4891,Casa di cura Quisisana,hospital,hospital
46.461520,10.359580,osm_struttura_sanitaria_di_bormio_46.4615_10.3596,Struttura Sanitaria di Bormio,hospital,hospital
38.146312,13.368836,osm_presidio_ospedaliero_villa_belmonte_38.1463_13.3688,Presidio Ospedaliero Villa Belmonte,hospital,hospital
37.188178,14.184522,osm_ospedale_salvatore_federico_37.1882_14.1845,Ospedale Salvatore Federico,hospital,hospital
46.371358,14.108877,osm_zdravstveni_dom_bled_46.3714_14.1089,Zdravstveni dom Bled,hospital,hospital
45.740490,7.314095,osm_accettazione_covid_45.7405_7.3141,Accettazione Covid,hospital,hospital
45.910555,8.859106,osm_ospedale_di_cuasso_al_monte_45.9106_8.8591,Ospedale di Cuasso al Monte,hospital,hospital
47.005853,7.009222,osm_centre_neuchtelois_de_psychiatrie_prfarg_47.0059_7.0092,Centre Neuchâtelois de Psychiatrie Préfargier,hospital,hospital
44.416366,11.918719,osm_cau_lugo_44.4164_11.9187,CAU LUGO,hospital,hospital
40.300848,8.495828,osm_ospedale_a_g_mastino_40.3008_8.4958,Ospedale A. G. Mastino,hospital,hospital
45.704249,10.387365,osm_asst_garda_presidio_sociosanitario_di_no_45.7042_10.3874,ASST Garda - Presidio Socio-Sanitario di Nozza,hospital,hospital
47.260237,17.866862,osm_zirci_erzsbet_krhz_rendelintzet_47.2602_17.8669,Zirci Erzsébet Kórház - Rendelőintézet,hospital,hospital
45.912053,12.857765,osm_dipartimento_di_salute_mentale_45.9121_12.8578,Dipartimento di salute mentale,hospital,hospital
46.483482,9.835263,osm_klinik_gut_46.4835_9.8353,Klinik Gut,hospital,hospital
47.486270,7.613718,osm_spital_dornach_47.4863_7.6137,Spital Dornach,hospital,hospital
47.418705,11.837617,osm_reha_zentrum_mnster_47.4187_11.8376,Reha Zentrum Münster,hospital,hospital
39.050825,17.137361,osm_madonna_dello_scoglio_39.0508_17.1374,Madonna dello Scoglio,hospital,hospital
45.086829,6.754238,osm_soccorso_piste_45.0868_6.7542,Soccorso Piste,hospital,hospital
47.406794,10.258168,osm_curamed_privatklinik_stillachhaus_47.4068_10.2582,CuraMed Privatklinik Stillachhaus,hospital,hospital
36.536518,10.069453,osm_complex_sanitary_djebel_ouest_36.5365_10.0695,Complex Sanitary Djebel Ouest,hospital,hospital
36.092675,10.396481,osm_hpital_militaire_enfidha_36.0927_10.3965,Hôpital militaire Enfidha,hospital,hospital
45.778222,12.902610,osm_centro_medico_san_biagio_45.7782_12.9026,Centro medico San Biagio,hospital,hospital
42.358756,14.067919,osm_asl_cepagatti_dsb_42.3588_14.0679,ASL Cepagatti DSB,hospital,hospital
45.452904,10.983182,osm_ospedale_civile_maggiore_45.4529_10.9832,Ospedale Civile Maggiore,hospital,hospital
42.703005,13.796868,osm_centro_iperbarico_polivalente_e_di_ricer_42.7030_13.7969,Centro iperbarico polivalente e di ricerca,hospital,hospital
44.765003,17.196783,osm_klinika_za_psihijatriju_44.7650_17.1968,Klinika za psihijatriju,hospital,hospital
45.633994,6.301333,osm_les_ancolies_45.6340_6.3013,Les Ancolies,hospital,hospital
45.087168,6.766487,osm_soccorso_piste_45.0872_6.7665,Soccorso Piste,hospital,hospital
41.991415,9.401378,osm_centre_dimagerie_de_la_plaine_orientale_41.9914_9.4014,Centre d'Imagerie De La Plaine Orientale,hospital,hospital
47.193877,8.518186,osm_zuger_kantonsspital_47.1939_8.5182,Zuger Kantonsspital,hospital,hospital
46.887003,8.247634,osm_luzerner_psychiatrie_sarnen_46.8870_8.2476,Luzerner Psychiatrie Sarnen,hospital,hospital
41.237588,14.157133,osm_ambulatorio_medico_41.2376_14.1571,Ambulatorio medico,hospital,hospital
45.541387,10.413352,osm_ospedale_di_comunit_45.5414_10.4134,Ospedale di Comunità,hospital,hospital
47.057246,8.293412,osm_luzerner_psychiatrie_47.0572_8.2934,Luzerner Psychiatrie,hospital,hospital
46.381482,17.825338,osm_medicopus_nonprofit_kft_46.3815_17.8253,Medicopus Nonprofit Kft.,hospital,hospital
46.068398,6.581462,osm_cmpa_cattpa_de_cluse_46.0684_6.5815,CMPA / CATTPA de Cluse,hospital,hospital
46.061225,6.582091,osm_pej_point_ecoute_jeune_46.0612_6.5821,PEJ Point Ecoute Jeune,hospital,hospital
45.935106,6.642621,osm_antenne_de_prinatalit_45.9351_6.6426,Antenne de périnatalité,hospital,hospital
45.935154,6.642741,osm_psychiatrie_de_liaison_des_hopitaux_du_p_45.9352_6.6427,Psychiatrie de liaison des hopitaux du Pays du Mont-Blanc,hospital,hospital
45.937403,6.629740,osm_point_ecoute_jeunes_sallanches_45.9374_6.6297,Point Ecoute Jeunes Sallanches,hospital,hospital
46.063057,6.322641,osm_hpital_andrevetan_46.0631_6.3226,Hôpital Andrevetan,hospital,hospital
45.028852,7.557466,osm_azienda_ospedaliera_universitaria_san_lu_45.0289_7.5575,Azienda Ospedaliera Universitaria San Luigi Gonzaga,hospital,hospital
45.638615,14.866459,osm_standardna_lokacija_pristajalia_helikopt_45.6386_14.8665,Standardna lokacija pristajališča helikopterja z ekipo HNMP,hospital,hospital
46.049345,11.115694,osm_centro_di_protonterapia_46.0493_11.1157,Centro di Protonterapia,hospital,hospital
45.746666,11.744506,osm_ospedale_san_bassiano_ulss_7_pedemontana_45.7467_11.7445,Ospedale San Bassiano - ULSS 7 Pedemontana,hospital,hospital
44.823940,17.296931,osm_gerontoloki_centar_slateks_slatina_44.8239_17.2969,Gerontološki centar “Slateks” Slatina,hospital,hospital
37.983392,13.685991,osm_presidio_ospedaliero_salvatore_cimino_37.9834_13.6860,Presidio Ospedaliero Salvatore Cimino,hospital,hospital
42.344646,13.403757,osm_presidio_ospedaliero_di_collemaggio_42.3446_13.4038,Presidio Ospedaliero di Collemaggio,hospital,hospital
46.406892,13.010383,osm_distretto_sociosanitario_della_carnia_46.4069_13.0104,Distretto sociosanitario della Carnia,hospital,hospital
41.895536,12.420189,osm_casa_di_cura_pio_xi_41.8955_12.4202,Casa di Cura Pio XI,hospital,hospital
46.360220,6.480675,osm_centre_medico_psychologique_infantojuvni_46.3602_6.4807,Centre Medico Psychologique Infanto-juvénile,hospital,hospital
39.824054,15.781004,osm_poliambulatorio_di_scalea_39.8241_15.7810,Poliambulatorio di Scalea,hospital,hospital
44.781492,17.186833,osm_gerontoloki_centar_44.7815_17.1868,Gerontološki centar,hospital,hospital
39.917397,15.779976,osm_ospedale_di_praia_a_mare_39.9174_15.7800,Ospedale di Praia a Mare,hospital,hospital
41.221491,13.566746,osm_ospedale_luigi_di_liegro_gaeta_41.2215_13.5667,Ospedale Luigi di Liegro Gaeta,hospital,hospital
41.479718,14.038413,osm_ospedale_di_comunit_ss_rosario_41.4797_14.0384,Ospedale di comunità SS. Rosario,hospital,hospital
36.727050,10.955332,osm_clinique_menzel_horr_36.7270_10.9553,Clinique Menzel Horr,hospital,hospital
47.487130,11.102602,osm_deutsches_zentrum_fr_kinder_und_jugendrh_47.4871_11.1026,Deutsches Zentrum für Kinder- und Jugendrheumatologie,hospital,hospital
40.465343,15.478612,osm_presidio_ospedaliero_polla_santarsenio_40.4653_15.4786,Presidio Ospedaliero Polla Sant'Arsenio,hospital,hospital
36.945023,8.812754,osm_poi_36.9450_8.8128,المستشفى الجهوي بطبرقة,hospital,hospital
36.950874,8.762128,osm_samu_36.9509_8.7621,SAMU,hospital,hospital
45.049915,7.689936,osm_ospedale_san_vito_45.0499_7.6899,Ospedale San Vito,hospital,hospital
40.539548,17.577203,osm_presidio_ospedaliero_dario_camberlingo_40.5395_17.5772,Presidio Ospedaliero Dario Camberlingo,hospital,hospital
45.935160,13.634368,osm_ospedale_vecchio_di_gorizia_45.9352_13.6344,Ospedale vecchio di Gorizia,hospital,hospital
44.693009,10.103297,osm_cau_fornovo_di_taro_ausl_parma_44.6930_10.1033,CAU Fornovo di Taro - AUSL Parma,hospital,hospital
44.614581,9.979636,osm_guardia_medica_44.6146_9.9796,Guardia Medica,hospital,hospital
45.477752,9.230700,osm_istituto_neurologico_carlo_besta_45.4778_9.2307,Istituto Neurologico Carlo Besta,hospital,hospital
41.028406,14.315225,osm_ospedale_di_marcianise_anastasia_guerrie_41.0284_14.3152,Ospedale di Marcianise “Anastasia Guerriero”,hospital,hospital
39.780545,16.327673,osm_hospice_cassano_allionio_39.7805_16.3277,Hospice Cassano All'Ionio,hospital,hospital
46.064974,11.132125,osm_san_camillo_46.0650_11.1321,San Camillo,hospital,hospital
44.698305,18.302452,osm_opa_bolnica_dr_mustafa_beganovi_graanica_44.6983_18.3025,Opća bolnica dr. Mustafa Beganović Gračanica,hospital,hospital
41.802436,12.450841,osm_ifo_istituti_fisioterapici_ospitalieri_41.8024_12.4508,IFO - Istituti Fisioterapici Ospitalieri,hospital,hospital
41.908014,12.448550,osm_presidio_ospedaliero_oftalmico_41.9080_12.4485,Presidio ospedaliero Oftalmico,hospital,hospital
44.772730,8.355416,osm_punto_di_primo_intervento_44.7727_8.3554,Punto di Primo Intervento,hospital,hospital
45.434304,9.159884,osm_ospedale_san_paolo_45.4343_9.1599,Ospedale San Paolo,hospital,hospital
43.087440,6.116843,osm_hpital_lon_brard_43.0874_6.1168,Hôpital Léon Bérard,hospital,hospital
38.090048,13.514050,osm_ex_casa_di_cura_villa_maria_cristina_38.0900_13.5140,ex Casa di Cura Villa Maria Cristina,hospital,hospital
41.672036,12.496360,osm_casa_di_cura_santanna_policlinico_citt_d_41.6720_12.4964,Casa di cura Sant'Anna - Policlinico Città di Pomezia,hospital,hospital
44.717532,17.888462,osm_jzu_doma_zdravlja_stanari_ambulanta_cero_44.7175_17.8885,"JZU Doma zdravlja Stanari, ambulanta Cerovica",hospital,hospital
47.496971,17.804589,osm_gyrasszonyfai_egszsghz_47.4970_17.8046,Győrasszonyfai Egészségház,hospital,hospital
47.049984,16.322056,osm_klinik_gssing_47.0500_16.3221,Klinik Güssing,hospital,hospital
41.124561,14.775694,osm_centro_vaccinazioni_materno_infantile_41.1246_14.7757,Centro vaccinazioni materno infantile,hospital,hospital
44.925960,10.522995,osm_ospitale_civile_44.9260_10.5230,ospitale civile,hospital,hospital
45.910987,12.854352,osm_casa_di_comunit_di_san_vito_al_tagliamen_45.9110_12.8544,Casa di Comunità di San Vito al Tagliamento,hospital,hospital
45.443851,9.261737,osm_centro_cardiologico_monzino_45.4439_9.2617,Centro Cardiologico Monzino,hospital,hospital
46.062594,11.126744,osm_casa_di_cura_villa_bianca_46.0626_11.1267,Casa di Cura Villa Bianca,hospital,hospital
42.072923,14.448136,osm_ospedale_san_camillo_de_lellis_42.0729_14.4481,Ospedale San Camillo de Lellis,hospital,hospital
45.485249,9.225062,osm_istituto_clinico_citt_studi_45.4852_9.2251,Istituto Clinico Città Studi,hospital,hospital
40.846981,14.271811,osm_ospedale_santa_maria_di_loreto_mare_40.8470_14.2718,Ospedale Santa Maria di Loreto Mare,hospital,hospital
45.894213,8.667196,osm_ospedale_causa_maria_pia_luvini_cittigli_45.8942_8.6672,Ospedale Causa Maria Pia Luvini Cittiglio,hospital,hospital
40.850714,14.253388,osm_azienda_ospedaliera_universitaria_luigi__40.8507_14.2534,Azienda Ospedaliera Universitaria Luigi Vanvitelli,hospital,hospital
40.852916,14.253292,osm_azienda_ospedaliera_universitaria_luigi__40.8529_14.2533,Azienda Ospedaliera Universitaria “Luigi Vanvitelli”,hospital,hospital
40.850141,14.264132,osm_presidio_ospedaliero_cardinale_ascalesi_40.8501_14.2641,Presidio Ospedaliero Cardinale Ascalesi,hospital,hospital
40.827394,14.181992,osm_ospedale_san_paolo_40.8274_14.1820,Ospedale San Paolo,hospital,hospital
40.869970,14.210231,osm_ospedale_vincenzo_monaldi_40.8700_14.2102,Ospedale Vincenzo Monaldi,hospital,hospital
40.868676,14.245976,osm_centro_traumatologico_ortopedico_40.8687_14.2460,Centro Traumatologico Ortopedico,hospital,hospital
45.820759,8.814406,osm_clinica_la_quiete_45.8208_8.8144,Clinica La Quiete,hospital,hospital
44.053144,17.448110,osm_opa_bolnica_bugojno_44.0531_17.4481,Opća bolnica Bugojno,hospital,hospital
39.898843,15.993441,osm_ospedale_vincenzo_minervini_39.8988_15.9934,Ospedale Vincenzo Minervini,hospital,hospital
40.851007,14.265417,osm_presidio_ospedaliero_santissima_annunzia_40.8510_14.2654,Presidio Ospedaliero Santissima Annunziata,hospital,hospital
45.898998,8.733390,osm_centro_sanitario_valcuvia_45.8990_8.7334,Centro Sanitario Valcuvia,hospital,hospital
45.053607,9.603805,osm_casa_della_salute_e_della_comunit_di_san_45.0536_9.6038,Casa della Salute e della Comunità di San Nicolò,hospital,hospital
40.862750,14.246357,osm_ospedale_san_gennaro_dei_poveri_40.8628_14.2464,Ospedale San Gennaro dei Poveri,hospital,hospital
45.040928,9.681575,osm_casa_della_comunit_di_piacenza_belvedere_45.0409_9.6816,Casa della Comunità di Piacenza Belvedere,hospital,hospital
40.848932,14.232479,osm_ospedale_pediatrico_santobonopausillipon_40.8489_14.2325,Ospedale Pediatrico Santobono-Pausillipon,hospital,hospital
45.472120,9.145198,osm_istituto_scientifico_ospedale_san_luca_45.4721_9.1452,Istituto Scientifico Ospedale San Luca,hospital,hospital
44.869702,9.647268,osm_punto_salute_di_ponte_dellolio_44.8697_9.6473,Punto salute di Ponte dell'Olio,hospital,hospital
40.753779,14.685752,osm_distretto_sanitario_asl_60_nocera_superi_40.7538_14.6858,Distretto Sanitario ASL 60 - Nocera Superiore,hospital,hospital
46.316740,7.981927,osm_spitalzentrum_oberwallis_brig_46.3167_7.9819,Spitalzentrum Oberwallis Brig,hospital,hospital
40.847167,14.246972,osm_presidio_ospedaliero_dei_pellegrini_40.8472_14.2470,Presidio Ospedaliero dei Pellegrini,hospital,hospital
46.053669,14.524394,osm_porodninica_ljubljana_46.0537_14.5244,Porodnišnica Ljubljana,hospital,hospital
45.959837,13.461546,osm_ospedale_civile_di_cormons_45.9598_13.4615,Ospedale Civile di Cormons,hospital,hospital
46.063197,12.563609,osm_cro_centro_di_riferimento_oncologico_46.0632_12.5636,CRO - Centro di Riferimento Oncologico,hospital,hospital
45.908949,13.336498,osm_ospedale_civile_di_palmanova_45.9089_13.3365,Ospedale Civile di Palmanova,hospital,hospital
45.525041,9.212888,osm_centro_traumatologico_ortopedico_45.5250_9.2129,Centro Traumatologico Ortopedico,hospital,hospital
41.901059,12.462358,osm_ospedale_santo_spirito_in_sassia_41.9011_12.4624,Ospedale Santo Spirito in Sassia,hospital,hospital
47.404907,15.881820,osm_marienkrankenhaus_vorau_47.4049_15.8818,Marienkrankenhaus Vorau,hospital,hospital
36.785588,10.178107,osm_hopital_militaire_36.7856_10.1781,Hopital Militaire,hospital,hospital
47.321649,13.153680,osm_kardinal_schwarzenberg_klinikum_47.3216_13.1537,Kardinal Schwarzenberg Klinikum,hospital,hospital
45.815571,8.834401,osm_ospedale_del_ponte_45.8156_8.8344,Ospedale del Ponte,hospital,hospital
43.593856,13.512997,osm_inrca_presidio_ospedaliero_di_ricerca_ul_43.5939_13.5130,INRCA - Presidio Ospedaliero di Ricerca Ulderico Sestilli,hospital,hospital
41.919652,12.500157,osm_ospedale_sanna_asl_roma_a_41.9197_12.5002,Ospedale S.Anna - A.S.L. Roma A,hospital,hospital
45.845949,8.788640,osm_ospedale_di_circolo_fondazione_macchi_va_45.8459_8.7886,Ospedale di Circolo Fondazione Macchi Varese - Odontostom...,hospital,hospital
41.890909,12.476965,osm_fatebenefratelli_41.8909_12.4770,Fatebenefratelli,hospital,hospital
41.888063,12.503272,osm_ospedale_san_giovanni_presidio_santa_mar_41.8881_12.5033,Ospedale San Giovanni – Presidio Santa Maria,hospital,hospital
43.724588,7.280572,osm_centre_antoine_lacassagne_43.7246_7.2806,Centre Antoine Lacassagne,hospital,hospital
40.883757,17.155501,osm_irccs_saverio_de_bellis_40.8838_17.1555,IRCCS Saverio De Bellis,hospital,hospital
45.514185,12.239252,osm_villa_salus_45.5142_12.2393,Villa Salus,hospital,hospital
45.557470,10.231263,osm_spedali_civili_di_brescia_45.5575_10.2313,Spedali Civili di Brescia,hospital,hospital
38.109204,13.355801,osm_ospedale_dei_bambini_giovanni_di_cristin_38.1092_13.3558,Ospedale dei bambini Giovanni Di Cristina,hospital,hospital
41.886149,12.502220,osm_ospedale_san_giovanni_41.8861_12.5022,Ospedale San Giovanni,hospital,hospital
41.885729,12.500372,osm_policlinico_militare_celio_41.8857_12.5004,Policlinico militare Celio,hospital,hospital
45.712544,9.733151,osm_pia_fondazione_piccinelli_45.7125_9.7332,Pia Fondazione Piccinelli,hospital,hospital
46.067814,14.524767,osm_univerzitetni_rehabilitacijski_intitut_r_46.0678_14.5248,Univerzitetni rehabilitacijski inštitut Republike Sloveni...,hospital,hospital
44.840700,11.608910,osm_azienda_usl_di_ferrara_44.8407_11.6089,Azienda USL di Ferrara,hospital,hospital
46.626093,14.317370,osm_krankenhaus_der_elisabethinen_klagenfurt_46.6261_14.3174,Krankenhaus der Elisabethinen Klagenfurt,hospital,hospital
45.930269,6.115678,osm_units_dhospitalisation_complte_et_accuei_45.9303_6.1157,Unités d’hospitalisation complète et accueil familial thé...,hospital,hospital
46.976109,17.284738,osm_smeg_vrosi_krhz_s_rendelintzet_46.9761_17.2847,Sümeg Városi Kórház és Rendelőintézet,hospital,hospital
42.458668,18.527456,osm_dom_zdravlja_herceg_novi_42.4587_18.5275,Dom zdravlja Herceg Novi,hospital,hospital
43.731702,7.282343,osm_centre_hospitalier_saintemarie_43.7317_7.2823,Centre hospitalier Sainte-Marie,hospital,hospital
36.805104,10.156698,osm_poi_36.8051_10.1567,المركز الوطني للزرع النخاع العظمي,hospital,hospital
44.259981,12.346295,osm_san_giorgio_44.2600_12.3463,San Giorgio,hospital,hospital
45.046571,9.675502,osm_clinica_piacenza_45.0466_9.6755,Clinica Piacenza,hospital,hospital
44.114209,12.058846,osm_istituto_drudi_44.1142_12.0588,Istituto DRUDI,hospital,hospital
44.157674,11.789809,osm_casa_di_riposo_quisisana_44.1577_11.7898,Casa di Riposo Quisisana,hospital,hospital
45.685653,9.636856,osm_ospedale_papa_giovanni_xxiii_45.6857_9.6369,Ospedale Papa Giovanni XXIII,hospital,hospital
38.133316,13.184345,osm_santo_spirito_38.1333_13.1843,Santo Spirito,hospital,hospital
47.145351,15.303126,osm_landeskrankenhaus_hrgasenzenbach_47.1454_15.3031,Landeskrankenhaus Hörgas-Enzenbach,hospital,hospital
47.190949,14.738102,osm_landeskrankenhaus_judenburgknittelfeld_47.1909_14.7381,Landeskrankenhaus Judenburg-Knittelfeld,hospital,hospital
47.490142,15.376905,osm_lkh_hochsteiermark_47.4901_15.3769,LKH Hochsteiermark,hospital,hospital
41.909054,12.465113,osm_casa_di_cura_santa_famiglia_41.9091_12.4651,Casa di Cura Santa Famiglia,hospital,hospital
40.925587,14.800001,osm_ospedale_san_giuseppe_moscati_40.9256_14.8000,Ospedale San Giuseppe Moscati,hospital,hospital
41.810396,12.674846,osm_ospedale_san_sebastiano_di_frascati_41.8104_12.6748,Ospedale San Sebastiano di Frascati,hospital,hospital
45.932238,6.117550,osm_centre_hospitalier_annecygenevois_45.9322_6.1175,Centre hospitalier Annecy-Genevois,hospital,hospital
45.615822,10.111227,osm_clinica_san_rocco_45.6158_10.1112,Clinica San Rocco,hospital,hospital
42.921354,10.766239,osm_asl_9_centro_socio_sanitario_42.9214_10.7662,ASL 9 - Centro Socio Sanitario,hospital,hospital
45.521093,10.236788,osm_fondazione_poliambulanza_istituto_ospeda_45.5211_10.2368,Fondazione Poliambulanza Istituto Ospedaliero,hospital,hospital
45.688247,9.680370,osm_humanitas_gavazzeni_45.6882_9.6804,Humanitas Gavazzeni,hospital,hospital
45.499643,9.230606,osm_san_raffaele_turro_45.4996_9.2306,San Raffaele – Turro,hospital,hospital
45.732202,8.628078,osm_fondazione_renato_piatti_45.7322_8.6281,Fondazione Renato Piatti,hospital,hospital
45.547109,10.230153,osm_ospedale_dei_bambini_ronchettino_45.5471_10.2302,Ospedale dei Bambini Ronchettino,hospital,hospital
45.882075,11.041908,osm_ospedale_santa_maria_del_carmine_45.8821_11.0419,Ospedale Santa Maria del Carmine,hospital,hospital
45.403647,11.886770,osm_ospedale_giustinianeo_45.4036_11.8868,Ospedale Giustinianeo,hospital,hospital
46.056988,11.463984,osm_ospedale_san_lorenzo_46.0570_11.4640,Ospedale San Lorenzo,hospital,hospital
45.555408,10.235975,osm_domus_salutis_45.5554_10.2360,Domus Salutis,hospital,hospital
45.129058,10.054862,osm_ospedale_maggiore_di_cremona_45.1291_10.0549,Ospedale Maggiore di Cremona,hospital,hospital
40.750346,13.895779,osm_ospedale_a_rizzoli_40.7503_13.8958,Ospedale A. Rizzoli,hospital,hospital
47.212805,17.622197,osm_tdszanatrium_47.2128_17.6222,Tüdőszanatórium,hospital,hospital
45.683289,9.718363,osm_ospedale_bolognini_45.6833_9.7184,Ospedale Bolognini,hospital,hospital
40.736756,14.626375,osm_villa_dei_fiori_40.7368_14.6264,Villa dei Fiori,hospital,hospital
45.402695,9.927272,osm_ospedale_tribandi_pavoni_45.4027_9.9273,Ospedale Tribandi Pavoni,hospital,hospital
45.888729,9.918889,osm_azienda_ospedaliera_bolognini_di_piario_45.8887_9.9189,Azienda Ospedaliera Bolognini di Piario,hospital,hospital
47.056796,15.410664,osm_landeskrankenhaus_graz_ii_47.0568_15.4107,Landeskrankenhaus Graz II,hospital,hospital
45.373993,9.165494,osm_humanitas_45.3740_9.1655,Humanitas,hospital,hospital
45.478839,9.191045,osm_ospedale_fatebenefratelli_45.4788_9.1910,Ospedale Fatebenefratelli,hospital,hospital
40.094040,18.302025,osm_ospedale_ignazio_veris_delli_ponti_40.0940_18.3020,Ospedale Ignazio Veris Delli Ponti,hospital,hospital
45.794796,9.828508,osm_ospedale_briolini_gazzaniga_45.7948_9.8285,Ospedale Briolini Gazzaniga,hospital,hospital
46.376791,14.201178,osm_psihiatrina_bolninica_46.3768_14.2012,Psihiatrična bolnišnica,hospital,hospital
45.771953,14.210725,osm_zdravstveni_dom_45.7720_14.2107,Zdravstveni dom,hospital,hospital
44.975446,10.467716,osm_ospedale_oglio_po_44.9754_10.4677,Ospedale Oglio Po,hospital,hospital
43.402929,10.872951,osm_ospedale_s_maria_maddalena_43.4029_10.8730,Ospedale S. Maria Maddalena,hospital,hospital
45.805974,15.876318,osm_klinika_za_psihijatriju_sveti_ivan_45.8060_15.8763,Klinika za psihijatriju Sveti Ivan,hospital,hospital
45.701526,9.619813,osm_istituto_di_recupero_e_rieducazine_funzi_45.7015_9.6198,Istituto di recupero e rieducazine funzionale,hospital,hospital
45.091383,8.731252,osm_ospedale_san_martino_45.0914_8.7313,Ospedale San Martino,hospital,hospital
46.956223,17.897353,osm_llami_szvkrhz_46.9562_17.8974,Állami Szívkórház,hospital,hospital
45.668902,9.954493,osm_ospedale_di_sarnico_45.6689_9.9545,Ospedale di Sarnico,hospital,hospital
45.034470,11.115541,osm_azienda_ospedaliera_carlo_poma_45.0345_11.1155,Azienda Ospedaliera Carlo Poma,hospital,hospital
47.191776,18.435255,osm_szent_gyrgy_krhz_47.1918_18.4353,Szent György Kórház,hospital,hospital
40.018234,18.156561,osm_ospedale_civile_francesco_ferrari_40.0182_18.1566,Ospedale Civile Francesco Ferrari,hospital,hospital
40.891053,16.953813,osm_azienda_sanitaria_locale_40.8911_16.9538,Azienda Sanitaria Locale,hospital,hospital
41.062520,17.087003,osm_asl_bari_distretto_11_41.0625_17.0870,ASL BARI - Distretto 11,hospital,hospital
41.777630,12.663052,osm_ini_istituto_traumatologico_41.7776_12.6631,I.N.I. Istituto Traumatologico,hospital,hospital
41.768916,12.668186,osm_ospedale_san_giuseppe_41.7689_12.6682,Ospedale San Giuseppe,hospital,hospital
43.035459,6.135892,osm_hpital_rene_sabran_43.0355_6.1359,Hôpital Renée Sabran,hospital,hospital
45.689233,9.664051,osm_casa_di_cura_beato_luigi_palazzolo_45.6892_9.6641,Casa di Cura Beato Luigi Palazzolo,hospital,hospital
45.695830,9.664345,osm_rsa_santa_chiara_45.6958_9.6643,R.S.A. Santa Chiara,hospital,hospital
45.696455,9.662789,osm_presidio_asl_matteo_rota_45.6965_9.6628,Presidio ASL Matteo Rota,hospital,hospital
47.203114,18.143258,osm_szent_dont_krhz_vrpalota_47.2031_18.1433,Szent Donát Kórház Várpalota,hospital,hospital
45.386852,7.650034,osm_ospedale_civile_di_cuorgn_45.3869_7.6500,Ospedale Civile di Cuorgnè,hospital,hospital
41.681259,13.577570,osm_presidio_sanitario_isola_del_liri_41.6813_13.5776,Presidio sanitario Isola del Liri,hospital,hospital
43.800940,11.249713,osm_unit_spinale_43.8009_11.2497,Unità spinale,hospital,hospital
46.091446,13.438676,osm_ospedale_civile_di_cividale_46.0914_13.4387,Ospedale Civile di Cividale,hospital,hospital
41.130288,14.783936,osm_asl_bn_1_41.1303_14.7839,ASL BN 1,hospital,hospital
45.697167,9.656284,osm_casa_di_cura_san_francesco_45.6972_9.6563,Casa di Cura San Francesco,hospital,hospital
46.786718,17.189482,osm_szent_andrs_reumakrhz_46.7867_17.1895,Szent András Reumakórház,hospital,hospital
36.813913,10.103017,osm_poi_36.8139_10.1030,معهد محمد القصاب للجبر وتقويم الأعضاء,hospital,hospital
43.785436,11.453730,osm_valdisieve_hospital_43.7854_11.4537,Valdisieve Hospital,hospital,hospital
41.687569,12.781412,osm_ospedale_civile_paolo_colombo_41.6876_12.7814,Ospedale Civile Paolo Colombo,hospital,hospital
41.673435,12.776656,osm_clinica_madonna_delle_grazie_41.6734_12.7767,Clinica Madonna delle Grazie,hospital,hospital
44.540561,18.666962,osm_dom_zdravlja_dr_mustafa_ehovi_tuzla_44.5406_18.6670,Dom zdravlja Dr Mustafa Šehović Tuzla,hospital,hospital
43.261248,18.114501,osm_bolnica_nevesinje_43.2612_18.1145,Bolnica Nevesinje,hospital,hospital
45.540976,10.232237,osm_clinica_san_camillo_45.5410_10.2322,Clinica San Camillo,hospital,hospital
41.394926,13.002002,osm_residenza_sanitaria_san_raffaele_41.3949_13.0020,Residenza Sanitaria San Raffaele,hospital,hospital
45.458182,9.199692,osm_policlinico_di_milano_45.4582_9.1997,Policlinico di Milano,hospital,hospital
41.298600,13.232875,osm_ospedale_alfredo_fiorini_41.2986_13.2329,Ospedale Alfredo Fiorini,hospital,hospital
46.954175,16.265961,osm_vas_megyei_rehabilitcis_krhz_46.9542_16.2660,Vas Megyei Rehabilitációs Kórház,hospital,hospital
41.576031,12.664785,osm_casa_di_cura_villa_clara_41.5760_12.6648,Casa di Cura Villa Clara,hospital,hospital
41.578674,12.665029,osm_casa_di_cura_villa_silvana_41.5787_12.6650,Casa di Cura Villa Silvana,hospital,hospital
43.616883,13.532423,osm_presidio_ospedaliero_gaspare_salesi_43.6169_13.5324,Presidio Ospedaliero Gaspare Salesi,hospital,hospital
41.407335,13.046679,osm_asl_azienda_sanitaria_di_pontinia_41.4073_13.0467,Asl azienda sanitaria di Pontinia,hospital,hospital
40.899333,14.262852,osm_poliambulatorio_stefania_bellone_40.8993_14.2629,Poliambulatorio Stefania Bellone,hospital,hospital
41.460804,12.636712,osm_ospedali_riuniti_di_anzio_e_nettuno_41.4608_12.6367,Ospedali Riuniti di Anzio e Nettuno,hospital,hospital
41.448434,12.622861,osm_policlinico_dipartimento_militare_di_lun_41.4484_12.6229,Policlinico Dipartimento Militare di lungodegenza “M.O.V....,hospital,hospital
42.336659,13.470292,osm_poliambulatorio_distrettuale_di_paganica_42.3367_13.4703,Poliambulatorio distrettuale di Paganica,hospital,hospital
47.284741,8.456560,osm_spital_affoltern_am_albis_47.2847_8.4566,Spital Affoltern am Albis,hospital,hospital
47.010871,16.591549,osm_dr_batthynystrattmann_lszl_krhz_47.0109_16.5915,Dr. Batthyány-Strattmann László Kórház,hospital,hospital
42.365420,13.351676,osm_ospedale_regionale_san_salvatore_42.3654_13.3517,Ospedale Regionale San Salvatore,hospital,hospital
47.249378,16.943482,osm_srvr_krhz_47.2494_16.9435,Sárvár Kórház,hospital,hospital
43.705262,10.442163,osm_ospedale_cisanello_43.7053_10.4422,Ospedale Cisanello,hospital,hospital
40.907458,14.368745,osm_azienda_sanitaria_locale_napoli_3_sud_40.9075_14.3687,Azienda Sanitaria Locale Napoli 3 Sud,hospital,hospital
43.602066,13.453877,osm_ospedali_riuniti_presidio_ospedaliero_di_43.6021_13.4539,Ospedali Riuniti - Presidio ospedaliero di Torrette,hospital,hospital
45.700486,9.285471,osm_casa_della_comunit_di_besana_brianza_45.7005_9.2855,Casa della Comunità di Besana Brianza,hospital,hospital
43.530800,13.222775,osm_ospedale_carlo_urbani_43.5308_13.2228,Ospedale Carlo Urbani,hospital,hospital
46.525524,6.642353,osm_centre_hospitalier_universitaire_vaudois_46.5255_6.6424,Centre hospitalier universitaire vaudois,hospital,hospital
46.892744,6.770572,osm_ancien_hpital_de_la_broche_46.8927_6.7706,Ancien Hôpital de la Béroche,hospital,hospital
40.056475,18.015300,osm_ospedale_sacro_cuore_40.0565_18.0153,Ospedale Sacro Cuore,hospital,hospital
46.680344,7.843374,osm_regionalspital_interlaken_46.6803_7.8434,Regionalspital Interlaken,hospital,hospital
43.591868,13.499769,osm_casa_di_cura_villa_igea_43.5919_13.4998,Casa di Cura Villa Igea,hospital,hospital
41.766911,12.918927,osm_valmontone_hospital_41.7669_12.9189,Valmontone Hospital,hospital,hospital
42.877911,12.403956,osm_ospedale_media_valle_del_tevere_42.8779_12.4040,Ospedale Media Valle del Tevere,hospital,hospital
42.958683,12.687498,osm_nuovo_ospedale_san_giovanni_battista_42.9587_12.6875,Nuovo Ospedale San Giovanni Battista,hospital,hospital
45.199183,9.146997,osm_fondazione_irccs_policlinico_san_matteo_45.1992_9.1470,Fondazione I.R.C.C.S. Policlinico San Matteo,hospital,hospital
45.508109,9.426280,osm_ospedale_santa_maria_delle_stelle_45.5081_9.4263,Ospedale Santa Maria delle Stelle,hospital,hospital
45.353613,9.680569,osm_ospedale_maggiore_di_crema_45.3536_9.6806,Ospedale Maggiore di Crema,hospital,hospital
46.976321,17.286362,osm_csolnoky_ferenc_krhz_pszichitriai_centru_46.9763_17.2864,Csolnoky Ferenc Kórház Pszichiátriai Centrum,hospital,hospital
43.162378,13.705550,osm_ospedale_civile_augusto_murri_43.1624_13.7055,Ospedale Civile Augusto Murri,hospital,hospital
46.062852,11.244690,osm_asl_46.0629_11.2447,A.S.L.,hospital,hospital
43.568873,12.830782,osm_ospedale_santi_carlo_e_donnino_43.5689_12.8308,Ospedale Santi Carlo e Donnino,hospital,hospital
42.210168,13.518550,osm_distretto_sanitario_di_rocca_di_mezzo_42.2102_13.5186,Distretto sanitario di Rocca di Mezzo,hospital,hospital
42.947847,13.876930,osm_ospedale_civile_madonna_del_soccorso_42.9478_13.8769,Ospedale Civile Madonna del Soccorso,hospital,hospital
46.075877,18.216621,osm_pcsi_tudomnyegyetem_klinikai_kzpont_46.0759_18.2166,Pécsi Tudományegyetem Klinikai Központ,hospital,hospital
42.286979,13.558275,osm_distretto_sanitario_di_san_demetrio_ne_v_42.2870_13.5583,Distretto sanitario di San Demetrio ne' Vestini,hospital,hospital
42.338001,13.259812,osm_distretto_sanitario_di_tornimparte_42.3380_13.2598,Distretto Sanitario di Tornimparte,hospital,hospital
42.519415,13.249378,osm_distretto_sanitario_di_montereale_42.5194_13.2494,Distretto Sanitario di Montereale,hospital,hospital
45.357282,10.146181,osm_ospedale_di_manerbio_45.3573_10.1462,Ospedale di Manerbio,hospital,hospital
42.175854,13.827361,osm_ospedale_santissima_trinit_42.1759_13.8274,Ospedale Santissima Trinità,hospital,hospital
44.209038,17.926372,osm_kantonalna_bolnica_zenica_44.2090_17.9264,Kantonalna Bolnica Zenica,hospital,hospital
42.072015,13.913222,osm_casa_di_cura_san_raffaele_42.0720_13.9132,Casa di Cura San Raffaele,hospital,hospital
43.323631,17.823429,osm_kantonalna_bolnica_dr_safet_muji_mostar_43.3236_17.8234,Kantonalna bolnica Dr. Safet Mujić Mostar,hospital,hospital
43.657817,6.929798,osm_clinique_du_palais_43.6578_6.9298,Clinique du Palais,hospital,hospital
44.801530,10.308660,osm_ospedale_maggiore_parma_44.8015_10.3087,Ospedale Maggiore Parma,hospital,hospital
44.537385,18.692456,osm_univerzitetski_kliniki_centar_tuzla_44.5374_18.6925,Univerzitetski Klinički Centar Tuzla,hospital,hospital
42.940035,10.511910,osm_ospedale_villamarina_42.9400_10.5119,Ospedale Villamarina,hospital,hospital
42.096248,12.172243,osm_ospedale_padre_pio_42.0962_12.1722,Ospedale Padre Pio,hospital,hospital
41.728357,12.300055,osm_ospedale_giovanni_battista_grassi_41.7284_12.3001,Ospedale Giovanni Battista Grassi,hospital,hospital
43.451081,11.148630,osm_ospedale_dellalta_val_delsa_43.4511_11.1486,Ospedale dell'Alta Val d'Elsa,hospital,hospital
42.409850,12.109233,osm_cittadella_della_salute_42.4099_12.1092,Cittadella della Salute,hospital,hospital
40.569643,9.685356,osm_ospedaletto_40.5696_9.6854,Ospedaletto,hospital,hospital
42.463857,14.196947,osm_ospedale_civile_santo_spirito_42.4639_14.1969,Ospedale Civile Santo Spirito,hospital,hospital
42.098049,11.809807,osm_ospedale_san_paolo_42.0980_11.8098,Ospedale San Paolo,hospital,hospital
37.533733,15.080578,osm_centro_clinico_diagnostico_giovanni_batt_37.5337_15.0806,Centro clinico diagnostico Giovanni Battista Morgagni - P...,hospital,hospital
42.032235,11.851080,osm_ospedale_bambin_ges_42.0322_11.8511,Ospedale Bambin Gesù,hospital,hospital
44.463374,11.396863,osm_madre_teresa_di_calcutta_44.4634_11.3969,Madre Teresa di Calcutta,hospital,hospital
45.343750,17.699474,osm_opa_upanijska_bolnica_poega_45.3438_17.6995,Opća županijska bolnica Požega,hospital,hospital
46.321922,18.696754,osm_medical_center_magnkrhz_46.3219_18.6968,Medical Center Magánkórház,hospital,hospital
42.518033,14.114881,osm_casa_di_cura_privata_villa_serena_42.5180_14.1149,Casa di Cura Privata “Villa Serena”,hospital,hospital
42.225825,13.987882,osm_asl_pescara_polisanitario_di_san_valenti_42.2258_13.9879,A.S.L. Pescara polisanitario di San Valentino A.C.,hospital,hospital
41.440916,12.901227,osm_icot_41.4409_12.9012,ICOT,hospital,hospital
43.877859,11.089095,osm_centro_socio_sanitario_roberto_giovannin_43.8779_11.0891,Centro Socio Sanitario Roberto Giovannini,hospital,hospital
47.181340,8.455305,osm_andreasklinik_cham_zug_47.1813_8.4553,AndreasKlinik Cham Zug,hospital,hospital
42.218069,13.914999,osm_rsa_azienda_sanitaria_locale_di_pescara_42.2181_13.9150,RSA - Azienda Sanitaria Locale Di Pescara,hospital,hospital
46.176092,18.221381,osm_komli_egszsgcentrum_bnyszati_utkezel_s_j_46.1761_18.2214,"Komlói Egészségcentrum, Bányászati Utókezelő és Éjjeli Sz...",hospital,hospital
41.983225,12.470480,osm_ospedale_santandrea_41.9832_12.4705,Ospedale Sant'Andrea,hospital,hospital
41.919131,12.141442,osm_ospedale_pediatrico_bambino_ges_41.9191_12.1414,Ospedale Pediatrico Bambino Gesù,hospital,hospital
42.446287,11.237826,osm_ospedale_san_giovanni_di_dio_42.4463_11.2378,Ospedale San Giovanni di Dio,hospital,hospital
45.523028,9.328590,osm_ospedale_ambrogio_uboldo_45.5230_9.3286,Ospedale Ambrogio Uboldo,hospital,hospital
45.523072,9.346506,osm_centro_santambrogio_fatebenefratelli_45.5231_9.3465,Centro Sant'Ambrogio - Fatebenefratelli,hospital,hospital
45.712408,8.261097,osm_ospedale_santi_pietro_e_paolo_45.7124_8.2611,Ospedale Santi Pietro e Paolo,hospital,hospital
47.388254,9.283852,osm_spital_herisau_47.3883_9.2839,Spital Herisau,hospital,hospital
47.058643,8.326207,osm_klinik_st_anna_47.0586_8.3262,Klinik St. Anna,hospital,hospital
41.067640,16.925921,osm_ospedale_francesca_fallacara_padiglione__41.0676_16.9259,Ospedale Francesca Fallacara Padiglione Nord,hospital,hospital
47.146999,7.244884,osm_centre_hospitalier_bienne_spitalzentrum__47.1470_7.2449,Centre hospitalier Bienne / Spitalzentrum Biel,hospital,hospital
36.697357,10.169697,osm_poi_36.6974_10.1697,مركز الصحة الاساسية بفوشانة,hospital,hospital
44.347795,11.632767,osm_montecatone_rehabilitation_institute_44.3478_11.6328,Montecatone Rehabilitation Institute,hospital,hospital
36.797058,10.181454,osm_poi_36.7971_10.1815,عمادة أطباء الأسنان بتونس,hospital,hospital
47.278869,16.206046,osm_klinik_oberwart_47.2789_16.2060,Klinik Oberwart,hospital,hospital
41.784580,12.380190,osm_poliambulatorio_casalbernocchi_41.7846_12.3802,Poliambulatorio Casalbernocchi,hospital,hospital
41.784293,12.380818,osm_asl_roma_3_casal_bernocchi_41.7843_12.3808,ASL Roma 3 - Casal Bernocchi,hospital,hospital
42.776783,11.126868,osm_ospedale_misericordia_di_grosseto_42.7768_11.1269,Ospedale Misericordia di Grosseto,hospital,hospital
43.124542,6.139468,osm_centre_mdical_pierre_chevalier_43.1245_6.1395,Centre médical Pierre Chevalier,hospital,hospital
46.335059,10.327464,osm_ospedale_eugenio_morelli_46.3351_10.3275,Ospedale Eugenio Morelli,hospital,hospital
45.483144,8.703890,osm_azienda_ospedaliera_novara_e_galliate_45.4831_8.7039,Azienda ospedaliera Novara e Galliate,hospital,hospital
44.696480,10.622349,osm_salus_hospital_44.6965_10.6223,Salus Hospital,hospital,hospital
47.268757,8.720126,osm_clienia_schlssli_47.2688_8.7201,Clienia Schlössli,hospital,hospital
47.352396,8.571234,osm_universittskinderspital_zrich_47.3524_8.5712,Universitäts-Kinderspital Zürich,hospital,hospital
47.356448,7.903713,osm_kantonsspital_olten_47.3564_7.9037,Kantonsspital Olten,hospital,hospital
44.396818,11.895789,osm_villa_maria_cecilia_hospital_44.3968_11.8958,Villa Maria Cecilia Hospital,hospital,hospital
46.666676,6.503547,osm_hpital_de_saintloup_46.6667_6.5035,Hôpital de Saint-Loup,hospital,hospital
45.055348,9.683163,osm_guglielmo_da_saliceto_45.0553_9.6832,Guglielmo Da Saliceto,hospital,hospital
46.889551,8.245999,osm_kantonsspital_obwalden_46.8896_8.2460,Kantonsspital Obwalden,hospital,hospital
41.828240,12.417874,osm_ospedale_san_giovanni_battista_41.8282_12.4179,Ospedale San Giovanni Battista,hospital,hospital
43.660281,7.137072,osm_polyclinique_saintjean_43.6603_7.1371,Polyclinique Saint-Jean,hospital,hospital
46.068246,6.581431,osm_cmpi_cattpi_de_cluses_46.0682_6.5814,CMPI /CATTPI de Cluses,hospital,hospital
45.229537,9.415326,osm_ospedale_delmati_45.2295_9.4153,Ospedale Delmati,hospital,hospital
41.897059,12.460618,osm_ospedale_pediatrico_bambino_ges_41.8971_12.4606,Ospedale Pediatrico Bambino Gesù,hospital,hospital
43.798583,11.242701,osm_poliambulatorio_morgagni_cup_43.7986_11.2427,Poliambulatorio Morgagni (CUP),hospital,hospital
44.280026,11.727599,osm_villa_azzurra_44.2800_11.7276,Villa Azzurra,hospital,hospital
42.746045,13.962591,osm_ospedale_maria_santissima_dello_splendor_42.7460_13.9626,Ospedale Maria Santissima dello Splendore,hospital,hospital
45.553844,10.180458,osm_istituto_clinico_santanna_45.5538_10.1805,Istituto Clinico Sant'Anna,hospital,hospital
45.961914,12.995677,osm_distretto_sanitario_di_codroipo_distret__45.9619_12.9957,Distretto Sanitario di Codroipo / Distret Sanitari di Cod...,hospital,hospital
45.179385,9.496579,osm_asp_valsasino_45.1794_9.4966,ASP Valsasino,hospital,hospital
43.871287,18.424633,osm_klinika_za_plune_bolesti_i_tubulozu_podh_43.8713_18.4246,Klinika za plućne bolesti i tubulozu Podhrastovi,hospital,hospital
47.119696,14.190368,osm_landeskrankenhaus_murtal_standort_stolza_47.1197_14.1904,"Landeskrankenhaus Murtal, Standort Stolzalpe",hospital,hospital
41.456651,15.523854,osm_ospedali_riuniti_di_foggia_41.4567_15.5239,Ospedali Riuniti di Foggia,hospital,hospital
46.154530,13.008605,osm_presidio_ospedaliero_di_san_daniele_46.1545_13.0086,Presidio Ospedaliero di San Daniele,hospital,hospital
46.056323,11.133291,osm_ospedale_santa_chiara_46.0563_11.1333,Ospedale Santa Chiara,hospital,hospital
41.672036,12.496360,osm_casa_di_cura_santanna_policlinico_citt_d_41.6720_12.4964,Casa di Cura Sant'Anna - Policlinico Città di Pomezia,hospital,hospital
46.316345,7.494241,osm_clinique_genevoise_46.3163_7.4942,Clinique Genevoise,hospital,hospital
39.246740,9.113520,osm_ospedale_pediatrico_microcitemico_antoni_39.2467_9.1135,Ospedale Pediatrico Microcitemico Antonio Cao,hospital,hospital
39.245768,9.114325,osm_ospedale_oncologico_armando_businco_39.2458_9.1143,Ospedale Oncologico Armando Businco,hospital,hospital
46.361765,15.115907,osm_zdravstveni_dom_velenje_46.3618_15.1159,Zdravstveni dom Velenje,hospital,hospital
43.312852,13.719956,osm_casa_di_cura_villa_dei_pini_43.3129_13.7200,Casa di Cura Villa dei Pini,hospital,hospital
45.563783,10.244937,osm_nikolajewka_45.5638_10.2449,Nikolajewka,hospital,hospital
45.659185,12.260905,osm_ospedale_ca_foncello_treviso_45.6592_12.2609,Ospedale Ca' Foncello Treviso,hospital,hospital
46.056129,14.522389,osm_klinika_za_infekcijske_bolezni_in_vroins_46.0561_14.5224,Klinika za infekcijske bolezni in vročinska stanja,hospital,hospital
46.055833,14.521720,osm_klinini_oddelek_za_gastroenterologijo_46.0558_14.5217,Klinični oddelek za gastroenterologijo,hospital,hospital
41.108638,16.862059,osm_ospedale_santa_maria_41.1086_16.8621,Ospedale Santa Maria,hospital,hospital
44.631861,11.194797,osm_ospedale_santissimo_salvatore_44.6319_11.1948,Ospedale Santissimo Salvatore,hospital,hospital
37.488658,15.005091,osm_humanitas_istituto_clinico_catanese_37.4887_15.0051,Humanitas Istituto Clinico Catanese,hospital,hospital
46.963885,7.464837,osm_lets_go_46.9639_7.4648,Let‘s Go,palestra,palestra
47.412305,8.624467,osm_sqashfit_47.4123_8.6245,Sqashfit,palestra,palestra
47.180437,8.109213,osm_activ_fitness_47.1804_8.1092,Activ Fitness,palestra,palestra
47.426409,9.378285,osm_kieser_training_47.4264_9.3783,Kieser Training,palestra,palestra
47.370164,8.551930,osm_kieser_training_47.3702_8.5519,Kieser Training,palestra,palestra
47.259675,8.599691,osm_kieser_training_47.2597_8.5997,Kieser Training,palestra,palestra
47.071828,15.421449,osm_kieser_training_47.0718_15.4214,Kieser Training,palestra,palestra
44.751393,10.334019,osm_palasprint_44.7514_10.3340,Palasprint,palestra,palestra
47.204450,7.540662,osm_kieser_47.2045_7.5407,Kieser,palestra,palestra
47.373645,8.527136,osm_zen_move_47.3736_8.5271,Zen Move,palestra,palestra
47.327531,17.461216,osm_corona_fitness_cafe_47.3275_17.4612,Corona fitness & cafe,palestra,palestra
46.901826,6.355537,osm_gigafit_46.9018_6.3555,Gigafit,palestra,palestra
45.544790,9.184983,osm_il_nuovo_tempio_del_fitness_45.5448_9.1850,Il nuovo tempio del fitness,palestra,palestra
45.546367,9.176625,osm_il_regno_del_fitness_45.5464_9.1766,Il regno del fitness,palestra,palestra
47.103139,8.375396,osm_update_fitness_47.1031_8.3754,update Fitness,palestra,palestra
47.277148,11.415101,osm_motion_rooms_47.2771_11.4151,Motion Rooms,palestra,palestra
46.905887,6.358428,osm_total_unity_training_46.9059_6.3584,Total Unity Training,palestra,palestra
47.239867,8.721768,osm_activ_fitness_47.2399_8.7218,Activ Fitness,palestra,palestra
47.498801,8.740416,osm_charlys_fitnesscenter_47.4988_8.7404,Charly's Fitnesscenter,palestra,palestra
42.512351,14.155412,osm_duel_42.5124_14.1554,Duel,palestra,palestra
47.135332,7.250342,osm_discount_fit_47.1353_7.2503,Discount Fit,palestra,palestra
47.045565,8.309757,osm_activ_fitness_47.0456_8.3098,Activ Fitness,palestra,palestra
46.054291,11.133023,osm_palestra_trim_46.0543_11.1330,Palestra Trim,palestra,palestra
47.396342,8.616870,osm_adishiv_47.3963_8.6169,Adishiv,palestra,palestra
47.263253,11.405823,osm_fitinn_47.2633_11.4058,FITINN,palestra,palestra
44.001788,12.634948,osm_lite_44.0018_12.6349,Èlite,palestra,palestra
46.956894,7.446729,osm_puregym_46.9569_7.4467,PureGym,palestra,palestra
47.367421,8.533960,osm_bionic_47.3674_8.5340,Bionic,palestra,palestra
47.266986,8.650083,osm_activ_fitness_47.2670_8.6501,Activ Fitness,palestra,palestra
47.380679,8.541599,osm_update_fitness_zrich_central_47.3807_8.5416,update Fitness Zürich Central,palestra,palestra
47.386468,8.522675,osm_balboa_im_viadukt_47.3865_8.5227,Balboa im Viadukt,palestra,palestra
43.877805,10.290449,osm_health_fitness_43.8778_10.2904,Health & Fitness,palestra,palestra
47.398082,8.618394,osm_activ_fitness_dbendorf_47.3981_8.6184,Activ Fitness Dübendorf,palestra,palestra
43.867451,10.242071,osm_b2k_balena_2000_43.8675_10.2421,B2K Balena 2000,palestra,palestra
46.945181,7.418144,osm_discountfitch_fitnesscenter_46.9452_7.4181,discountfit.ch fitnesscenter,palestra,palestra
47.487981,12.070195,osm_happy_fitness_47.4880_12.0702,Happy Fitness,palestra,palestra
44.355499,9.218199,osm_fitness_44.3555_9.2182,Fitness,palestra,palestra
47.275547,8.833322,osm_chili_fitness_47.2755_8.8333,Chili Fitness,palestra,palestra
45.800260,15.920314,osm_niky_by_bodyscupt_r_45.8003_15.9203,Niky by Bodyscupt R,palestra,palestra
36.825915,14.762846,osm_palestra_athena_36.8259_14.7628,Palestra Athena,palestra,palestra
46.065870,11.131910,osm_centro_relife_46.0659_11.1319,Centro Relife,palestra,palestra
46.067713,11.125653,osm_juta_wellness_center_46.0677_11.1257,Juta Wellness Center,palestra,palestra
47.369181,8.520853,osm_aurum_47.3692_8.5209,Aurum,palestra,palestra
45.467684,12.530314,osm_fitness_arena_45.4677_12.5303,Fitness Arena,palestra,palestra
46.945989,7.435635,osm_lets_go_46.9460_7.4356,Let's Go,palestra,palestra
46.962865,7.449153,osm_crossfit_bern_46.9629_7.4492,CrossFit Bern,palestra,palestra
47.375151,8.528897,osm_yoga_city_47.3752_8.5289,Yoga City,palestra,palestra
47.375934,8.529968,osm_studio_45_47.3759_8.5300,Studio 45,palestra,palestra
47.488758,12.070217,osm_invibe_47.4888_12.0702,Invibe,palestra,palestra
45.566433,10.230883,osm_hello_fit_brescia_nord_45.5664_10.2309,Hello Fit Brescia Nord,palestra,palestra
47.350999,9.882592,osm_studio_b_47.3510_9.8826,Studio B,palestra,palestra
47.262164,8.667690,osm_champyourself_47.2622_8.6677,Champyourself,palestra,palestra
43.592929,13.506076,osm_crossfit_ancona_43.5929_13.5061,CrossFit Ancona,palestra,palestra
46.992131,6.930965,osm_lets_go_fitness_46.9921_6.9310,Let's go fitness,palestra,palestra
36.950300,14.613327,osm_new_olimpia_36.9503_14.6133,New Olimpia,palestra,palestra
45.564104,18.652608,osm_ritam_pulsa_45.5641_18.6526,Ritam Pulsa,palestra,palestra
45.539283,9.167946,osm_palestra_santini_45.5393_9.1679,Palestra Santini,palestra,palestra
45.788398,15.930630,osm_bodybuilding_klub_maksimir_45.7884_15.9306,Bodybuilding klub Maksimir,palestra,palestra
46.504676,6.682786,osm_lets_go_fitness_46.5047_6.6828,Let's Go Fitness,palestra,palestra
43.800515,11.237162,osm_bodyline_center_43.8005_11.2372,Bodyline Center,palestra,palestra
46.486229,11.319036,osm_energym_46.4862_11.3190,Energym,palestra,palestra
47.398679,8.455429,osm_kieser_training_47.3987_8.4554,Kieser Training,palestra,palestra
47.246769,8.493612,osm_freiraum_47.2468_8.4936,Freiraum,palestra,palestra
45.322117,8.394344,osm_the_crew_fit_fight_45.3221_8.3943,The Crew - Fit & Fight,palestra,palestra
47.226134,8.815570,osm_aurum_47.2261_8.8156,Aurum,palestra,palestra
46.135896,12.201058,osm_sporting_46.1359_12.2011,Sporting,palestra,palestra
43.519412,16.445975,osm_champoin_gym_43.5194_16.4460,Champoin gym,palestra,palestra
46.625062,14.302482,osm_the_kitty_club_46.6251_14.3025,the Kitty Club,palestra,palestra
46.068887,11.128760,osm_fitpark_46.0689_11.1288,FitPark,palestra,palestra
43.420140,11.125861,osm_armonia_43.4201_11.1259,Armonia,palestra,palestra
43.420848,11.124809,osm_palestra_tecce_43.4208_11.1248,Palestra Tecce,palestra,palestra
40.910520,14.263506,osm_in_fit_cub_ex_linus_fitness_club_40.9105_14.2635,In Fit Cub ex Linus Fitness Club,palestra,palestra
41.860535,12.492509,osm_corefit_41.8605_12.4925,Corefit,palestra,palestra
43.466029,12.245911,osm_starbene_palestra_43.4660_12.2459,Starbene Palestra,palestra,palestra
46.056863,11.455272,osm_gym_tonik_46.0569_11.4553,Gym Tonik,palestra,palestra
46.971856,15.495117,osm_mrs_sporty_46.9719_15.4951,Mrs. Sporty,palestra,palestra
47.079060,15.433323,osm_studio_herzfeld_47.0791_15.4333,STUDIO herzfeld,palestra,palestra
45.501928,9.182883,osm_virgin_active_45.5019_9.1829,Virgin Active,palestra,palestra
47.372102,15.087795,osm_clever_fit_47.3721_15.0878,Clever fit,palestra,palestra
44.404509,8.967250,osm_curves_44.4045_8.9673,Curves,palestra,palestra
47.259593,15.971802,osm_homebase_fit_for_life_47.2596_15.9718,HomeBase Fit for Life,palestra,palestra
43.557641,10.340325,osm_original_gym_43.5576_10.3403,Original gym,palestra,palestra
46.094424,11.109944,osm_star_club_46.0944_11.1099,Star Club,palestra,palestra
47.410456,8.533623,osm_kinetic_concept_47.4105_8.5336,Kinetic Concept,palestra,palestra
47.368961,8.533931,osm_now_47.3690_8.5339,Now,palestra,palestra
43.702645,7.269652,osm_keepcool_43.7026_7.2697,KeepCool,palestra,palestra
47.204010,7.541241,osm_flowerpower_47.2040_7.5412,FlowerPower,palestra,palestra
46.637099,14.340322,osm_smartfit_46.6371_14.3403,Smartfit,palestra,palestra
45.798692,15.940161,osm_plank_reformer_studio_45.7987_15.9402,Plank reformer studio,palestra,palestra
47.062379,8.522572,osm_gym_47.0624_8.5226,Gym,palestra,palestra
47.258230,11.376316,osm_happy_fitness_47.2582_11.3763,Happy Fitness,palestra,palestra
43.620564,7.036217,osm_fitness_park_43.6206_7.0362,Fitness Park,palestra,palestra
41.963012,12.520854,osm_virgin_active_41.9630_12.5209,Virgin Active,palestra,palestra
45.668882,9.246358,osm_action_fit_45.6689_9.2464,Action Fit,palestra,palestra
43.615843,13.514370,osm_urban_fitness_43.6158_13.5144,Urban Fitness,palestra,palestra
47.100068,15.414659,osm_curves_47.1001_15.4147,Curves,palestra,palestra
47.025976,15.435173,osm_injoy_47.0260_15.4352,INJOY,palestra,palestra
38.357994,15.856227,osm_crossfit_38.3580_15.8562,Crossfit,palestra,palestra
41.100789,14.212978,osm_planet_fitness_41.1008_14.2130,Planet Fitness,palestra,palestra
41.678489,13.349943,osm_jump_41.6785_13.3499,Jump,palestra,palestra
47.492167,10.720754,osm_easyfit_reutte_47.4922_10.7208,Easyfit Reutte,palestra,palestra
47.028593,15.434943,osm_happy_fit_47.0286_15.4349,Happy Fit,palestra,palestra
45.480640,15.549552,osm_fitness_centar_grabrik_45.4806_15.5496,Fitness centar Grabrik,palestra,palestra
46.725757,6.531968,osm_lusine_fitness_23_46.7258_6.5320,L'Usine fitness 23,palestra,palestra
43.549597,6.965339,osm_fitlane_43.5496_6.9653,Fitlane,palestra,palestra
43.844040,10.746790,osm_power_gym_43.8440_10.7468,Power Gym,palestra,palestra
46.893590,11.437924,osm_bodyfit_46.8936_11.4379,Bodyfit,palestra,palestra
44.412543,8.880584,osm_virgin_active_44.4125_8.8806,Virgin Active,palestra,palestra
46.889706,7.317711,osm_schneider_gesundheitstraining_46.8897_7.3177,Schneider Gesundheitstraining,palestra,palestra
45.059805,7.684536,osm_wod_hub_45.0598_7.6845,wod hub,palestra,palestra
43.711569,7.284514,osm_fitness_park_43.7116_7.2845,Fitness Park,palestra,palestra
45.800809,15.928963,osm_tanga_45.8008_15.9290,Štanga,palestra,palestra
40.703302,17.331515,osm_la_palestra_40.7033_17.3315,La Palestra,palestra,palestra
47.057867,6.901157,osm_lets_go_fitness_47.0579_6.9012,Let's go fitness,palestra,palestra
47.473636,9.488376,osm_puregym_47.4736_9.4884,PureGym,palestra,palestra
47.304497,8.557065,osm_kraftgenuss_47.3045_8.5571,KRAFTgenuss,palestra,palestra
43.790411,11.228256,osm_virgin_active_43.7904_11.2283,Virgin Active,palestra,palestra
45.470637,10.850522,osm_anytime_fitness_45.4706_10.8505,Anytime fitness,palestra,palestra
46.198216,6.241996,osm_easyfit_46.1982_6.2420,Easyfit,palestra,palestra
45.490306,15.549757,osm_gyms4you_45.4903_15.5498,Gyms4you,palestra,palestra
44.362026,11.725731,osm_oficina_do_corpo_44.3620_11.7257,Oficina do Corpo,palestra,palestra
45.415028,9.270435,osm_judo_club_45.4150_9.2704,Judo Club,palestra,palestra
47.482467,12.380128,osm_archeneo_fitness_treff_47.4825_12.3801,Archeneo Fitness Treff,palestra,palestra
41.883733,12.508805,osm_istituto_yoga_universale_41.8837_12.5088,Istituto Yoga Universale,palestra,palestra
47.060153,15.450887,osm_3d_lady_fit_47.0602_15.4509,3D Lady Fit,palestra,palestra
44.362164,11.725535,osm_palestra_free_time_44.3622_11.7255,Palestra Free Time,palestra,palestra
47.484955,9.731362,osm_vital_plus_47.4850_9.7314,Vital Plus,palestra,palestra
47.370372,8.508367,osm_activ_fitness_47.3704_8.5084,Activ Fitness,palestra,palestra
42.517719,14.146324,osm_fisicoidea_42.5177_14.1463,Fisicoidea,palestra,palestra
47.347075,7.908138,osm_kraftwerk_47.3471_7.9081,Kraftwerk,palestra,palestra
46.138546,11.113043,osm_centro_doms_46.1385_11.1130,Centro DOMS,palestra,palestra
45.464963,9.195660,osm_skorpion_45.4650_9.1957,Skorpion,palestra,palestra
45.554862,9.216634,osm_sporting_club_palestra_45.5549_9.2166,Sporting Club Palestra,palestra,palestra
47.384434,8.533475,osm_vif_fitness_club_47.3844_8.5335,Vif Fitness Club,palestra,palestra
43.758336,11.211945,osm_klab_marignolle_43.7583_11.2119,KLAB Marignolle,palestra,palestra
45.465615,9.193401,osm_prime_milano_duomo_45.4656_9.1934,Prime Milano Duomo,palestra,palestra
45.321907,8.432473,osm_new_gold_gym_45.3219_8.4325,New Gold Gym,palestra,palestra
45.462038,9.189497,osm_virgin_active_45.4620_9.1895,Virgin Active,palestra,palestra
45.462517,9.187875,osm_city_club_45.4625_9.1879,City Club,palestra,palestra
44.565918,6.102463,osm_fitness_park_44.5659_6.1025,Fitness Park,palestra,palestra
43.980651,12.497799,osm_palestra_dynamic_43.9807_12.4978,Palestra Dynamic,palestra,palestra
44.976955,7.707205,osm_virgin_active_44.9770_7.7072,Virgin Active,palestra,palestra
45.805487,15.923905,osm_gibi_gib_zagreb_ii_45.8055_15.9239,Gibi Gib Zagreb II,palestra,palestra
46.641375,14.288153,osm_fitinn_46.6414_14.2882,FITINN,palestra,palestra
47.374435,8.523613,osm_activ_fitness_forum_47.3744_8.5236,ACTIV Fitness Forum,palestra,palestra
47.452550,8.564637,osm_airport_fitness_47.4526_8.5646,Airport Fitness,palestra,palestra
43.933718,18.085849,osm_teretana_43.9337_18.0858,Teretana,palestra,palestra
45.367865,8.167711,osm_twentyfit_45.3679_8.1677,Twentyfit,palestra,palestra
45.482715,9.179674,osm_20hours_best_price_45.4827_9.1797,20Hours & Best Price,palestra,palestra
43.521263,10.316717,osm_villa_letizia_43.5213_10.3167,Villa Letizia,palestra,palestra
45.797668,15.988364,osm_silsport_45.7977_15.9884,Sil-sport,palestra,palestra
45.582206,9.286341,osm_judo_club_ronin_45.5822_9.2863,Judo Club Ronin,palestra,palestra
45.490893,9.190878,osm_tra_cielo_e_terra_45.4909_9.1909,Tra cielo e terra,palestra,palestra
47.069680,15.433698,osm_mandu_47.0697_15.4337,Mandu,palestra,palestra
47.495410,9.730344,osm_injoy_47.4954_9.7303,INJOY,palestra,palestra
45.577821,9.269471,osm_palestra_san_carlo_45.5778_9.2695,Palestra San Carlo,palestra,palestra
45.521662,9.215578,osm_virgin_active_45.5217_9.2156,Virgin Active,palestra,palestra
45.586163,9.269323,osm_ladynmove_45.5862_9.2693,Lady'n'move,palestra,palestra
45.584059,9.264835,osm_palestra_freesport_45.5841_9.2648,Palestra Freesport,palestra,palestra
40.538712,17.440027,osm_palestra_gym_for_healt_40.5387_17.4400,Palestra Gym for Healt,palestra,palestra
45.586022,9.286748,osm_mirtillo_club_45.5860_9.2867,Mirtillo Club,palestra,palestra
45.575794,9.279236,osm_sport_village_monza_45.5758_9.2792,Sport Village Monza,palestra,palestra
45.583036,9.265761,osm_get_fit_45.5830_9.2658,Get Fit,palestra,palestra
45.482863,9.186905,osm_virgin_active_45.4829_9.1869,Virgin Active,palestra,palestra
45.489391,9.194692,osm_you_fit_45.4894_9.1947,You Fit,palestra,palestra
39.071267,17.129922,osm_dolphin_39.0713_17.1299,Dolphin,palestra,palestra
39.067353,17.130134,osm_oxyde_39.0674_17.1301,Oxyde,palestra,palestra
45.578142,9.269036,osm_palestra_la_baita_45.5781_9.2690,Palestra La Baita,palestra,palestra
45.794890,15.931910,osm_gibigib_45.7949_15.9319,Gibigib,palestra,palestra
45.661725,8.793405,osm_life_village_45.6617_8.7934,Life Village,palestra,palestra
44.288440,11.877033,osm_lotofit_44.2884_11.8770,Lotofit,palestra,palestra
46.093240,11.117817,osm_max_village_wellness_club_46.0932_11.1178,Max Village Wellness Club,palestra,palestra
46.059789,11.115720,osm_palestra_defants_club_46.0598_11.1157,Palestra Defant's Club,palestra,palestra
46.047105,14.461167,osm_osebnitrenerjisi_46.0471_14.4612,OsebniTrenerji.si,palestra,palestra
39.073337,17.127163,osm_magna_graecia_39.0733_17.1272,Magna Graecia,palestra,palestra
45.645957,8.817979,osm_actionfit_gallarate_45.6460_8.8180,ActionFit Gallarate,palestra,palestra
47.367406,8.560771,osm_ems_sportwelt_47.3674_8.5608,EMS Sportwelt,palestra,palestra
43.780559,10.384294,osm_shabby_chic_fitness_43.7806_10.3843,Shabby Chic fitness,palestra,palestra
45.565179,9.268922,osm_fit_active_45.5652_9.2689,Fit Active,palestra,palestra
45.344064,10.843654,osm_la_spalliera_45.3441_10.8437,La Spalliera,palestra,palestra
45.476128,9.226131,osm_poli_squash_45.4761_9.2261,Poli Squash,palestra,palestra
47.058734,16.069938,osm_morefit_47.0587_16.0699,MoreFit,palestra,palestra
45.577738,9.277484,osm_ironfit_45.5777_9.2775,Ironfit,palestra,palestra
45.580963,9.263634,osm_palestra_renbukai_k1_45.5810_9.2636,Palestra Renbukai K1,palestra,palestra
44.047943,12.558803,osm_virtute_training_44.0479_12.5588,Virtute Training,palestra,palestra
44.064626,12.568734,osm_palestra_02_rimini_44.0646_12.5687,Palestra 0.2 Rimini,palestra,palestra
44.059682,12.542998,osm_igym_44.0597_12.5430,IGym,palestra,palestra
44.044853,12.559337,osm_fitup_44.0449_12.5593,FitUp,palestra,palestra
44.042427,12.587274,osm_schilling_squash_gym_44.0424_12.5873,Schilling Squash & Gym,palestra,palestra
44.058264,12.572902,osm_gym_44.0583_12.5729,gym,palestra,palestra
44.042554,12.591401,osm_mia_gym_44.0426_12.5914,Mia Gym,palestra,palestra
47.387025,8.081287,osm_aikidoclub_aarau_47.3870_8.0813,Aikido-Club Aarau,palestra,palestra
46.493522,11.341000,osm_circuitgym_46.4935_11.3410,CircuitGym,palestra,palestra
46.500548,11.338320,osm_eden_2000_palestra_fitness_center_46.5005_11.3383,Eden 2000 Palestra Fitness Center,palestra,palestra
46.484645,11.331871,osm_centro_fitness_2fit_46.4846_11.3319,Centro Fitness 2Fit,palestra,palestra
46.501059,11.352213,osm_train_to_smile_46.5011_11.3522,Train To Smile,palestra,palestra
46.707512,11.661690,osm_knackig_46.7075_11.6617,Knackig,palestra,palestra
43.711081,10.400733,osm_52_43.7111_10.4007,5.2,palestra,palestra
47.099345,15.416721,osm_fitino_47.0993_15.4167,fitino,palestra,palestra
37.149957,9.802939,osm_salle_de_sport_37.1500_9.8029,Salle de Sport,palestra,palestra
46.603556,13.863686,osm_fitinn_46.6036_13.8637,FITINN,palestra,palestra
43.997796,12.630298,osm_palestra_gold_43.9978_12.6303,Palestra Gold,palestra,palestra
37.989748,13.884834,osm_fitlab_37.9897_13.8848,Fitlab,palestra,palestra
44.508471,11.333347,osm_time4fit_44.5085_11.3333,Time4fit,palestra,palestra
46.516239,6.633648,osm_non_stop_gym_46.5162_6.6336,Non Stop Gym,palestra,palestra
45.602342,8.938585,osm_fitactive_45.6023_8.9386,FitActive,palestra,palestra
45.677419,9.396524,osm_new_physic_center_45.6774_9.3965,New Physic Center,palestra,palestra
44.484086,11.268761,osm_virgin_active_44.4841_11.2688,Virgin Active,palestra,palestra
45.101308,7.535672,osm_palestra_vip_45.1013_7.5357,Palestra VIP,palestra,palestra
46.511984,6.495776,osm_lets_go_46.5120_6.4958,Let's Go,palestra,palestra
45.468276,9.181569,osm_20_hours_45.4683_9.1816,20 Hours,palestra,palestra
45.467914,8.886190,osm_noha_olistic_fitness_45.4679_8.8862,noha olistic & fitness,palestra,palestra
46.745786,12.420320,osm_gesundheitswelt_46.7458_12.4203,Gesundheitswelt,palestra,palestra
47.390577,8.518221,osm_fitnesspark_puls_5_47.3906_8.5182,Fitnesspark Puls 5,palestra,palestra
46.945150,7.436572,osm_kieser_training_46.9452_7.4366,Kieser Training,palestra,palestra
47.070597,15.433747,osm_yoga_gudi_47.0706_15.4337,Yoga Gudi,palestra,palestra
44.234742,12.082714,osm_caliup_44.2347_12.0827,CaliUp,palestra,palestra
46.522531,6.565515,osm_infitgym_46.5225_6.5655,Infitgym,palestra,palestra
43.710754,10.400161,osm_twenty_43.7108_10.4002,Twenty,palestra,palestra
47.388412,16.542659,osm_aloha_egszsgcentrum_s_masszzs_stdi_47.3884_16.5427,Aloha Egészségcentrum és Masszázs Stúdió,palestra,palestra
47.105270,15.706354,osm_mrs_sporty_47.1053_15.7064,Mrs. Sporty,palestra,palestra
43.272047,6.640573,osm_fitline_43.2720_6.6406,Fitline,palestra,palestra
45.595708,8.925458,osm_gym_tonik_45.5957_8.9255,GYM TONIK,palestra,palestra
46.383897,6.233176,osm_activ_fitness_nyon_morche_46.3839_6.2332,ACTIV FITNESS Nyon Morâche,palestra,palestra
45.461511,9.180799,osm_youpilates_45.4615_9.1808,Youpilates,palestra,palestra
45.895123,9.940828,osm_palestra_tiger_45.8951_9.9408,Palestra Tiger,palestra,palestra
47.370695,8.513411,osm_uetli_gym_47.3707_8.5134,Uetli Gym,palestra,palestra
43.573295,7.090394,osm_basicfit_43.5733_7.0904,Basic-Fit,palestra,palestra
46.943742,7.427309,osm_krper_formen_46.9437_7.4273,Körper Formen,palestra,palestra
47.154915,9.820058,osm_enjoy_fitness_47.1549_9.8201,enjoy Fitness,palestra,palestra
45.527946,9.109573,osm_virgin_active_45.5279_9.1096,Virgin Active,palestra,palestra
47.391727,8.539048,osm_am_noura_47.3917_8.5390,AM Noura,palestra,palestra
42.354242,13.415280,osm_my_gym_palestra_42.3542_13.4153,My Gym - palestra,palestra,palestra
42.456989,14.227316,osm_together_42.4570_14.2273,Together,palestra,palestra
47.397996,8.177400,osm_budget_fitness_47.3980_8.1774,BUDGET Fitness,palestra,palestra
36.705511,6.854625,osm_poi_36.7055_6.8546,قاعة رياضة كمال الأجسام,palestra,palestra
45.803732,15.989342,osm_gyms_4_you_vmd_45.8037_15.9893,Gyms 4 you VMD,palestra,palestra
47.110807,11.305623,osm_fit_fitnessstudio_47.1108_11.3056,Fit+ Fitnessstudio,palestra,palestra
46.010735,8.956223,osm_golden_lab_46.0107_8.9562,Golden Lab,palestra,palestra
45.069782,7.695978,osm_asd_club_32_45.0698_7.6960,ASD Club 32,palestra,palestra
45.067916,7.696777,osm_forma_e_benessere_45.0679_7.6968,Forma e benessere,palestra,palestra
47.263361,11.430492,osm_body_and_soul_47.2634_11.4305,Body and Soul,palestra,palestra
43.734152,7.422073,osm_monaco_fitness_center_43.7342_7.4221,Monaco Fitness Center,palestra,palestra
47.278350,15.974640,osm_fit4life_47.2783_15.9746,fit4life,palestra,palestra
47.228950,16.608915,osm_ntde_sportcentrum_47.2289_16.6089,Öntöde Sportcentrum,palestra,palestra
45.070951,7.548552,osm_evolution_fitness_45.0710_7.5486,Evolution fitness,palestra,palestra
46.050782,18.282423,osm_gorilla_gym_46.0508_18.2824,Gorilla GYM,palestra,palestra
47.067536,15.444350,osm_fitinn_47.0675_15.4444,FITINN,palestra,palestra
45.468550,10.863367,osm_new_gym_45.4685_10.8634,New Gym,palestra,palestra
47.044562,18.008995,osm_erd_terem_47.0446_18.0090,Erőd Terem,palestra,palestra
46.848932,16.834213,osm_xxl_fitness_kzpont_46.8489_16.8342,XXL Fitness Központ,palestra,palestra
44.407744,8.960287,osm_fit_club_44.4077_8.9603,Fit Club,palestra,palestra
46.948996,7.396183,osm_discountfit_46.9490_7.3962,discountfit,palestra,palestra
41.622201,12.461423,osm_non_solo_fitness_41.6222_12.4614,Non Solo Fitness,palestra,palestra
47.349840,8.718322,osm_activ_fitness_47.3498_8.7183,Activ Fitness,palestra,palestra
40.117207,18.293414,osm_auxesia_village_40.1172_18.2934,Auxesia Village,palestra,palestra
46.166608,8.773376,osm_activ_fitness_46.1666_8.7734,Activ Fitness,palestra,palestra
47.077559,15.433836,osm_bodystreet_47.0776_15.4338,Bodystreet,palestra,palestra
47.135020,7.244229,osm_kieser_training_47.1350_7.2442,Kieser Training,palestra,palestra
44.507141,11.374279,osm_sport_village_44.5071_11.3743,Sport Village,palestra,palestra
44.567368,11.357374,osm_palestre_italiane_44.5674_11.3574,Palestre Italiane,palestra,palestra
47.103661,15.401463,osm_injoy_47.1037_15.4015,INJOY,palestra,palestra
45.679009,13.401442,osm_beutyful_body_center_45.6790_13.4014,Beutyful Body Center,palestra,palestra
45.686185,13.130251,osm_alcatraz_gym_45.6862_13.1303,Alcatraz Gym,palestra,palestra
38.158252,15.210897,osm_new_life_38.1583_15.2109,New Life,palestra,palestra
45.467824,8.894528,osm_raw_gym_45.4678_8.8945,Raw Gym,palestra,palestra
36.350990,6.600659,osm_salle_de_musculation_36.3510_6.6007,Salle de musculation,palestra,palestra
43.626494,7.131888,osm_fitness_park_43.6265_7.1319,Fitness Park,palestra,palestra
47.483357,8.208188,osm_puregym_47.4834_8.2082,PureGym,palestra,palestra
45.449594,9.189652,osm_palestra_bocconi_45.4496_9.1897,Palestra Bocconi,palestra,palestra
46.090511,13.232015,osm_spazio_armonico_46.0905_13.2320,Spazio armonico,palestra,palestra
46.064424,13.234741,osm_yoga_lounge_46.0644_13.2347,Yoga lounge,palestra,palestra
46.060731,13.248013,osm_spazio_movimento_46.0607_13.2480,Spazio movimento,palestra,palestra
46.059469,13.226983,osm_lets_move_46.0595_13.2270,Let's move,palestra,palestra
46.071083,13.238210,osm_centro_pilates_46.0711_13.2382,Centro pilates,palestra,palestra
46.061713,13.230226,osm_fitness_island_46.0617_13.2302,Fitness Island,palestra,palestra
46.197040,6.144486,osm_digital_fight_club_sports_46.1970_6.1445,Digital Fight Club Sports,palestra,palestra
44.403738,8.682602,osm_rr_fit_44.4037_8.6826,RR fit,palestra,palestra
47.413208,8.552111,osm_activ_fitness_47.4132_8.5521,Activ Fitness,palestra,palestra
41.199406,14.492098,osm_palestra_angelo_fasano_41.1994_14.4921,Palestra Angelo Fasano,palestra,palestra
45.707089,9.197468,osm_body_life_45.7071_9.1975,Body Life,palestra,palestra
45.960728,12.653579,osm_black_diamond_45.9607_12.6536,Black Diamond,palestra,palestra
47.418473,8.278610,osm_arena_47.4185_8.2786,Arena,palestra,palestra
47.413322,8.266406,osm_fit_54_47.4133_8.2664,fit 54,palestra,palestra
44.408234,8.935913,osm_area_51_44.4082_8.9359,Area 51,palestra,palestra
44.330464,8.513561,osm_bad_boys_nutrition_44.3305_8.5136,Bad Boys Nutrition,palestra,palestra
44.405641,8.938005,osm_il_tempio_della_salute_44.4056_8.9380,Il Tempio della salute,palestra,palestra
46.795380,13.492112,osm_shiatsu_yoga_eva_wilhelm_46.7954_13.4921,Shiatsu & Yoga Eva Wilhelm,palestra,palestra
47.193919,18.415978,osm_loft_47.1939_18.4160,Loft,palestra,palestra
46.951473,15.888006,osm_mrs_sporty_46.9515_15.8880,Mrs. Sporty,palestra,palestra
47.365248,8.554931,osm_be_47.3652_8.5549,Be:,palestra,palestra
46.093690,13.422787,osm_blue_fitness_46.0937_13.4228,Blue Fitness,palestra,palestra
44.368452,9.147027,osm_palestra_health_club_44.3685_9.1470,Palestra Health Club,palestra,palestra
47.068349,15.442316,osm_city_yoga_47.0683_15.4423,City Yoga,palestra,palestra
45.800805,9.095028,osm_palestra_cento_45.8008_9.0950,Palestra Cento,palestra,palestra
47.359484,8.524026,osm_kieser_training_47.3595_8.5240,Kieser Training,palestra,palestra
44.478789,11.381137,osm_fitactive_44.4788_11.3811,FitActive,palestra,palestra
42.073508,12.290526,osm_asd_be_first_42.0735_12.2905,A.S.d. Be First,palestra,palestra
41.156550,16.417141,osm_life_41.1566_16.4171,Life,palestra,palestra
45.481767,9.205812,osm_gonzaga_sport_club_45.4818_9.2058,Gonzaga Sport Club,palestra,palestra
47.169718,13.105095,osm_sports_world_47.1697_13.1051,Sports World,palestra,palestra
40.360165,18.191130,osm_be_fit_personal_gym_center_40.3602_18.1911,Be Fit Personal Gym Center,palestra,palestra
47.381395,15.094142,osm_speedfit_47.3814_15.0941,Speedfit,palestra,palestra
46.620419,13.944194,osm_nonstop_fitness_46.6204_13.9442,Nonstop Fitness,palestra,palestra
45.578340,10.228681,osm_gianluca_mazzolini_exclusive_gym_45.5783_10.2287,Gianluca Mazzolini Exclusive Gym,palestra,palestra
45.577495,10.229379,osm_palestra_yin_yang_karate_do_45.5775_10.2294,Palestra Yin & Yang Karate Do,palestra,palestra
47.259716,11.376042,osm_invibe_47.2597_11.3760,Invibe,palestra,palestra
37.073778,14.229762,osm_snopy_37.0738_14.2298,Snopy,palestra,palestra
47.394661,8.063755,osm_swiss_training_47.3947_8.0638,Swiss Training,palestra,palestra
37.517605,15.078594,osm_new_fitness_37.5176_15.0786,New Fitness,palestra,palestra
43.873569,11.062807,osm_virgin_active_43.8736_11.0628,Virgin Active,palestra,palestra
47.135735,8.585294,osm_yoga_47.1357_8.5853,Yoga,palestra,palestra
45.535503,9.237626,osm_centro_fit_45.5355_9.2376,Centro Fit,palestra,palestra
47.328234,9.083683,osm_budo_club_toggenburg_47.3282_9.0837,Budo Club Toggenburg,palestra,palestra
47.195345,8.523222,osm_fitnesscenter_dober_47.1953_8.5232,Fitnesscenter Dober,palestra,palestra
45.455661,9.163496,osm_solaris_fitness_center_45.4557_9.1635,Solaris Fitness Center,palestra,palestra
37.611502,15.027096,osm_mandala_club_37.6115_15.0271,Mandala Club,palestra,palestra
45.686474,12.257357,osm_palestra_to_be_gym_45.6865_12.2574,Palestra To Be Gym,palestra,palestra
47.047988,8.304971,osm_evo_47.0480_8.3050,EVO,palestra,palestra
45.479052,9.217387,osm_fitinn_45.4791_9.2174,FITINN,palestra,palestra
42.659486,13.715813,osm_wellness_42.6595_13.7158,Wellness,palestra,palestra
42.666279,13.689316,osm_life_club_42.6663_13.6893,Life Club,palestra,palestra
42.967008,13.874073,osm_palestra_body_line_42.9670_13.8741,Palestra Body Line,palestra,palestra
45.620760,9.474905,osm_centro_fitness_new_energy_45.6208_9.4749,Centro Fitness New Energy,palestra,palestra
47.049557,8.313243,osm_kieser_training_47.0496_8.3132,Kieser Training,palestra,palestra
45.953060,13.669707,osm_magma_fitnes_skupinske_vadbe_45.9531_13.6697,"Magma Fitnes, Skupinske vadbe",palestra,palestra
45.500707,9.171019,osm_youcan_fitness_45.5007_9.1710,Youcan Fitness,palestra,palestra
45.600455,9.300467,osm_forma_club_45.6005_9.3005,Forma Club,palestra,palestra
47.200876,8.756122,osm_crossfit_47.2009_8.7561,CrossFit,palestra,palestra
40.823301,14.177335,osm_virgin_active_40.8233_14.1773,Virgin Active,palestra,palestra
46.197989,6.262466,osm_keepcool_46.1980_6.2625,KeepCool,palestra,palestra
47.492158,9.240838,osm_update_fitness_47.4922_9.2408,update Fitness,palestra,palestra
46.518349,6.633371,osm_atelier_forme_46.5183_6.6334,Atelier Forme,palestra,palestra
45.643320,9.083689,osm_meeting_point_gym_45.6433_9.0837,Meeting Point Gym,palestra,palestra
46.930276,7.122039,osm_la_perle_46.9303_7.1220,La Perle,palestra,palestra
42.920033,10.760068,osm_centro_studi_danza_42.9200_10.7601,Centro Studi Danza,palestra,palestra
42.920053,10.760348,osm_palestra_motoria_42.9201_10.7603,Palestra Motoria,palestra,palestra
43.851576,18.374958,osm_progres_fitness_43.8516_18.3750,Progres Fitness,palestra,palestra
45.488079,9.170670,osm_get_fit_45.4881_9.1707,Get Fit,palestra,palestra
40.321006,9.307043,osm_palestra_polivalente_40.3210_9.3070,Palestra Polivalente,palestra,palestra
45.810606,16.016700,osm_beta_fitness_45.8106_16.0167,BETA Fitness,palestra,palestra
47.416782,8.549483,osm_iwama_aikido_zrich_47.4168_8.5495,Iwama Aikido Zürich,palestra,palestra
45.454987,9.197288,osm_urban_fitness_45.4550_9.1973,urban fitness,palestra,palestra
45.791214,15.914218,osm_invictus_fitness_45.7912_15.9142,Invictus Fitness,palestra,palestra
45.577416,8.921420,osm_palestre_italiane_45.5774_8.9214,Palestre Italiane,palestra,palestra
46.023825,14.537014,osm_t_spot_fitnes_46.0238_14.5370,T SPOT- Fitnes,palestra,palestra
46.208187,11.095477,osm_rotaliana_fitness_46.2082_11.0955,Rotaliana Fitness,palestra,palestra
46.517412,6.703161,osm_lets_go_fitness_46.5174_6.7032,Let's Go fitness,palestra,palestra
45.558092,10.217670,osm_esedra_fitness_club_45.5581_10.2177,Esedra Fitness Club,palestra,palestra
47.368107,8.537364,osm_luxor_fitness_47.3681_8.5374,Luxor fitness,palestra,palestra
46.725595,7.619282,osm_self_fitness_gwattthun_46.7256_7.6193,Self Fitness (Gwatt-Thun),palestra,palestra
45.424552,12.326287,osm_palestra_popolare_zenobia_45.4246_12.3263,Palestra popolare Zenobia,palestra,palestra
41.860657,12.553806,osm_palestra_bodyland_41.8607_12.5538,palestra Bodyland,palestra,palestra
45.692462,9.666901,osm_area_donna_45.6925_9.6669,Area Donna,palestra,palestra
45.697516,9.675761,osm_hello_fit_45.6975_9.6758,Hello fit,palestra,palestra
45.692820,9.661067,osm_centro_fitness_45.6928_9.6611,Centro Fitness,palestra,palestra
45.697884,9.667515,osm_club_san_marco_45.6979_9.6675,Club San Marco,palestra,palestra
46.690670,7.873645,osm_selffitnessch_interlaken_46.6907_7.8736,self-fitness.ch (Interlaken),palestra,palestra
45.491965,12.290538,osm_palestra_spazio_fitness_45.4920_12.2905,Palestra Spazio Fitness,palestra,palestra
47.213131,15.625574,osm_lifestyle_weiz_47.2131_15.6256,Lifestyle Weiz,palestra,palestra
45.870148,8.398914,osm_palestra_step_45.8701_8.3989,Palestra Step,palestra,palestra
45.572356,10.231162,osm_bulb_45.5724_10.2312,BULB,palestra,palestra
46.545075,6.562837,osm_fitness_nergie_46.5451_6.5628,Fitness Énergie,palestra,palestra
46.063430,14.827770,osm_fitness_koderman_46.0634_14.8278,Fitness Koderman,palestra,palestra
47.375579,8.519472,osm_puregym_47.3756_8.5195,Puregym,palestra,palestra
44.075478,6.186719,osm_vita_libert_44.0755_6.1867,Vita Liberté,palestra,palestra
44.498360,11.357157,osm_skillathletic_44.4984_11.3572,SkillAthletic,palestra,palestra
45.744860,8.877257,osm_le_officine_45.7449_8.8773,Le officine,palestra,palestra
47.230252,8.079778,osm_mtt_physiotherapie_47.2303_8.0798,MTT Physiotherapie,palestra,palestra
45.426209,9.264848,osm_trefor_45.4262_9.2648,Trefor,palestra,palestra
36.809015,7.710306,osm_bodybuilding_gym_36.8090_7.7103,BodyBuilding Gym,palestra,palestra
36.824802,7.722543,osm_bodybuilding_gym_36.8248_7.7225,BodyBuilding Gym,palestra,palestra
45.444067,10.995287,osm_yogastudio_verona_45.4441_10.9953,Yogastudio Verona,palestra,palestra
46.098553,13.241703,osm_le_acciaierie_crossfit_46.0986_13.2417,Le Acciaierie CrossFit,palestra,palestra
46.996127,9.078474,osm_physio_med_glarnerland_46.9961_9.0785,Physio Med Glarnerland,palestra,palestra
45.507124,9.085508,osm_fitness_dance_45.5071_9.0855,Fitness & Dance,palestra,palestra
44.691469,7.832007,osm_palestra_o2_44.6915_7.8320,Palestra O2,palestra,palestra
47.479820,8.314706,osm_flow_row_47.4798_8.3147,Flow Row,palestra,palestra
47.480509,8.315126,osm_semper_fi_body_concept_gmbh_47.4805_8.3151,semper fi body concept GmbH,palestra,palestra
46.065937,15.783606,osm_terme_fitness_centre_46.0659_15.7836,Terme fitness centre,palestra,palestra
46.915937,7.467340,osm_update_fitness_46.9159_7.4673,update Fitness,palestra,palestra
45.560486,9.991069,osm_justfit_45.5605_9.9911,JustFit,palestra,palestra
45.490155,9.225532,osm_3fit_club_45.4902_9.2255,3FIT Club,palestra,palestra
45.492344,9.239958,osm_tonic_45.4923_9.2400,Tonic,palestra,palestra
45.331977,7.692055,osm_california_gym_45.3320_7.6921,California gym,palestra,palestra
46.294981,8.360304,osm_premia_terme_46.2950_8.3603,Premia Terme,palestra,palestra
45.751553,11.723239,osm_bassano_fitness_45.7516_11.7232,Bassano fitness,palestra,palestra
47.362579,7.350537,osm_extrem_fitness_47.3626_7.3505,Extrem Fitness,palestra,palestra
45.387738,8.923550,osm_big_gym_45.3877_8.9236,Big Gym,palestra,palestra
47.495987,8.750915,osm_puregym_47.4960_8.7509,PureGym,palestra,palestra
45.572192,11.549886,osm_enjoy_45.5722_11.5499,Enjoy,palestra,palestra
38.222939,15.242309,osm_believe_it_38.2229_15.2423,Believe It,palestra,palestra
38.221974,15.240102,osm_phisico_mania_38.2220_15.2401,Phisico Mania,palestra,palestra
46.637317,14.346660,osm_bettis_gymhaus_46.6373_14.3467,Bettis Gymhaus,palestra,palestra
46.949348,6.853012,osm_lets_go_fitness_46.9493_6.8530,Let's Go Fitness,palestra,palestra
46.960042,6.863428,osm_fitform_srl_46.9600_6.8634,Fit-Form Sàrl,palestra,palestra
47.490081,8.748457,osm_top_therapie_47.4901_8.7485,Top Therapie,palestra,palestra
45.783281,9.239204,osm_centro_sportivo_merone_45.7833_9.2392,Centro Sportivo Merone,palestra,palestra
45.763466,9.205011,osm_zeronero_45.7635_9.2050,Zeronero,palestra,palestra
45.455646,8.889462,osm_met_evolution_45.4556_8.8895,Met Evolution,palestra,palestra
42.935747,10.778915,osm_fitup_42.9357_10.7789,FitUP,palestra,palestra
37.533955,15.115051,osm_virgin_active_37.5340_15.1151,Virgin Active,palestra,palestra
37.561710,15.158349,osm_acitrezza_fitness_37.5617_15.1583,Acitrezza Fitness,palestra,palestra
45.551547,11.555342,osm_palestra_ikaro_45.5515_11.5553,Palestra Ikaro,palestra,palestra
45.787769,15.927326,osm_vjebaonica_45.7878_15.9273,Vježbaonica,palestra,palestra
45.453401,9.178139,osm_20_hours_45.4534_9.1781,20 Hours,palestra,palestra
47.498390,8.724384,osm_activ_fitness_archhfe_47.4984_8.7244,ACTIV Fitness Archhöfe,palestra,palestra
47.497490,8.724419,osm_bodystation_47.4975_8.7244,Bodystation,palestra,palestra
47.492604,8.762026,osm_wintifit_47.4926_8.7620,Wintifit,palestra,palestra
47.494721,8.712867,osm_puregym_47.4947_8.7129,PureGym,palestra,palestra
47.403752,8.603686,osm_palomapaoletto_training_47.4038_8.6037,Paloma-Paoletto Training,palestra,palestra
45.679905,8.717112,osm_gr_fitness_45.6799_8.7171,GR Fitness,palestra,palestra
47.275055,8.909918,osm_bleichefit_47.2751_8.9099,Bleichefit,palestra,palestra
46.750294,13.177608,osm_bodyshape_46.7503_13.1776,Body-Shape,palestra,palestra
47.408356,15.272401,osm_mandu_47.4084_15.2724,m.a.n.d.u.,palestra,palestra
45.609065,9.234667,osm_fit_club_45.6091_9.2347,Fit Club,palestra,palestra
47.479877,9.576776,osm_activ_fitness_47.4799_9.5768,Activ Fitness,palestra,palestra
45.428083,11.061963,osm_neos_fitness_45.4281_11.0620,Neos Fitness,palestra,palestra
47.461008,9.043997,osm_update_fitness_47.4610_9.0440,update Fitness,palestra,palestra
45.072039,7.640362,osm_club_trapani_45.0720_7.6404,Club Trapani,palestra,palestra
47.368678,8.535642,osm_balboa_bar_gym_47.3687_8.5356,Balboa Bar & Gym,palestra,palestra
45.055692,9.701919,osm_fitness_boutique_45.0557_9.7019,Fitness boutique,palestra,palestra
43.787202,7.620123,osm_personal_trainer_43.7872_7.6201,Personal Trainer,palestra,palestra
46.931038,7.125532,osm_discountfit_46.9310_7.1255,discountfit,palestra,palestra
43.522806,16.447889,osm_crossfit_43.5228_16.4479,CrossFit,palestra,palestra
43.999195,12.652193,osm_gymnasium_club_43.9992_12.6522,Gymnasium Club,palestra,palestra
44.006107,12.640420,osm_fast_slim_44.0061_12.6404,Fast & Slim,palestra,palestra
44.001023,12.640389,osm_ludus_44.0010_12.6404,Ludus,palestra,palestra
43.990892,12.615258,osm_dynamo_fitness_club_43.9909_12.6153,Dynamo Fitness Club,palestra,palestra
43.984419,12.673388,osm_fox_line_fitness_43.9844_12.6734,Fox Line Fitness,palestra,palestra
43.996158,12.645513,osm_zero100_43.9962_12.6455,ZERO100,palestra,palestra
44.064837,12.447241,osm_new_body_club_44.0648_12.4472,New Body Club,palestra,palestra
47.461596,9.040282,osm_activ_fitness_47.4616_9.0403,Activ Fitness,palestra,palestra
44.662167,8.498416,osm_palestra_e_piscina_44.6622_8.4984,Palestra e piscina,palestra,palestra
44.327819,8.501314,osm_naos_44.3278_8.5013,Naos,palestra,palestra
43.998591,12.425458,osm_nicefit_younique_43.9986_12.4255,NiceFit Younique,palestra,palestra
44.003393,12.434861,osm_fitness_club_personal_trainer_44.0034_12.4349,Fitness Club Personal Trainer,palestra,palestra
47.412029,9.250443,osm_update_47.4120_9.2504,Update,palestra,palestra
42.918150,13.901464,osm_estetica_37_di_giulia_daniela_42.9181_13.9015,Estetica 37 di Giulia & Daniela,palestra,palestra
36.446145,7.424707,osm_poi_36.4461_7.4247,صالة الحديد,palestra,palestra
47.413167,9.254899,osm_activ_fitness_47.4132_9.2549,Activ Fitness,palestra,palestra
46.049557,18.212255,osm_cutler_gym_fitness_center_pcs_46.0496_18.2123,Cutler Gym & Fitness Center Pécs,palestra,palestra
36.908928,7.755395,osm_salle_de_sport_36.9089_7.7554,Salle de sport,palestra,palestra
45.206086,9.137659,osm_vitruviospa_45.2061_9.1377,VitruvioSpa,palestra,palestra
45.472236,9.196483,osm_virgin_active_45.4722_9.1965,Virgin Active,palestra,palestra
44.514731,11.398532,osm_fashion_fitness_44.5147_11.3985,Fashion & Fitness,palestra,palestra
44.504727,11.338825,osm_tuina_44.5047_11.3388,Tuina,palestra,palestra
45.757819,11.004803,osm_mandala_45.7578_11.0048,mand.ala,palestra,palestra
44.497459,11.392445,osm_body_line_sun_44.4975_11.3924,Body Line Sun,palestra,palestra
45.553775,11.564258,osm_djk_studio_45.5538_11.5643,DJK Studio,palestra,palestra
44.469805,11.271088,osm_centro_estetico_44.4698_11.2711,Centro Estetico,palestra,palestra
44.652907,10.772360,osm_box_42048_rubiera_44.6529_10.7724,Box 42048 Rubiera,palestra,palestra
45.653701,12.228618,osm_code_fitness_45.6537_12.2286,Code Fitness,palestra,palestra
45.686931,12.248132,osm_asd_sports_team_45.6869_12.2481,A.S.D Sports Team,palestra,palestra
45.322548,8.426806,osm_centro_judo_45.3225_8.4268,Centro Judo,palestra,palestra
47.193385,18.400953,osm_royal_gym_47.1934_18.4010,Royal Gym,palestra,palestra
47.364185,8.566895,osm_boostd_47.3642_8.5669,Boostd,palestra,palestra
44.783891,17.206979,osm_trend_sport_44.7839_17.2070,Trend Sport,palestra,palestra
45.520304,9.369505,osm_fit_express_45.5203_9.3695,Fit Express,palestra,palestra
45.532135,9.406558,osm_ivana_salute_bellezza_45.5321_9.4066,Ivana salute bellezza,palestra,palestra
45.517399,9.363468,osm_tempio_per_me_45.5174_9.3635,Tempio per me,palestra,palestra
40.743449,17.425659,osm_olimpo_40.7434_17.4257,Olimpo,palestra,palestra
45.518206,11.686629,osm_sportingmed_45.5182_11.6866,SportingMed,palestra,palestra
45.457549,10.972423,osm_centro_bernstein_45.4575_10.9724,Centro Bernstein,palestra,palestra
45.437227,10.971468,osm_il_tempio_degli_elfi_45.4372_10.9715,Il Tempio degli Elfi,palestra,palestra
45.436663,10.976692,osm_new_one_club_45.4367_10.9767,New One Club,palestra,palestra
45.442121,10.966102,osm_trib_pt_studio_45.4421_10.9661,Tribù PT Studio,palestra,palestra
45.634527,12.686800,osm_palestra_atenas_45.6345_12.6868,Palestra Atenas,palestra,palestra
44.815931,11.607511,osm_happy_sun_44.8159_11.6075,Happy Sun,palestra,palestra
45.579261,10.228599,osm_mad_climbers_45.5793_10.2286,Mad Climbers,palestra,palestra
38.218013,15.238288,osm_iron_fit_38.2180_15.2383,Iron Fit,palestra,palestra
41.873948,12.523335,osm_de_rossi_fitness_wellness_41.8739_12.5233,De Rossi Fitness & Wellness,palestra,palestra
46.258111,6.112767,osm_up2you_46.2581_6.1128,Up2You,palestra,palestra
45.574452,9.508258,osm_leon_centro_fitness_45.5745_9.5083,Leon Centro Fitness,palestra,palestra
42.006026,12.634880,osm_centro_ginnastica_42.0060_12.6349,Centro Ginnastica,palestra,palestra
44.266613,9.418985,osm_fisicamente_44.2666_9.4190,FISICAmente,palestra,palestra
42.073533,11.817561,osm_palestra_ricucci_asd_cestistica_civitave_42.0735_11.8176,Palestra Ricucci ASD Cestistica Civitavecchia,palestra,palestra
45.871975,8.377118,osm_centro_mandali_45.8720_8.3771,Centro Mandali,palestra,palestra
45.762108,11.433856,osm_new_body_fitness_45.7621_11.4339,New Body Fitness,palestra,palestra
45.412281,10.979843,osm_mcfit_verona_45.4123_10.9798,Mcfit verona,palestra,palestra
47.476131,9.483270,osm_yoga8sam_47.4761_9.4833,yoga8sam,palestra,palestra
41.795449,12.242374,osm_be_relax_41.7954_12.2424,Be Relax,palestra,palestra
44.397252,11.248219,osm_palestra_asterix_44.3973_11.2482,palestra Asterix,palestra,palestra
45.662151,9.177790,osm_20_hours_club_meda_45.6622_9.1778,20 hours club meda,palestra,palestra
42.785980,11.103583,osm_k2_climbing_gym_42.7860_11.1036,K2 Climbing Gym,palestra,palestra
46.359112,17.793270,osm_cutler_gym_fitness_46.3591_17.7933,Cutler Gym & Fitness,palestra,palestra
47.044301,8.307298,osm_mrs_sporty_47.0443_8.3073,Mrs. Sporty,palestra,palestra
47.216270,7.512297,osm_ingolds_body_gym_47.2163_7.5123,Ingold's Body Gym,palestra,palestra
44.192411,12.400557,osm_champions_cesenatico_44.1924_12.4006,Champions Cesenatico,palestra,palestra
36.394539,6.130822,osm_poi_36.3945_6.1308,كمال الاجسام,palestra,palestra
45.508149,9.204651,osm_anytime_fitness_45.5081_9.2047,Anytime Fitness,palestra,palestra
47.349661,11.702429,osm_invibe_47.3497_11.7024,INVIBE,palestra,palestra
46.991072,8.525035,osm_fitness_gersau_46.9911_8.5250,Fitness Gersau,palestra,palestra
45.455462,9.033646,osm_qfitness_45.4555_9.0336,QFitness,palestra,palestra
47.083360,17.922926,osm_hifitness_47.0834_17.9229,HIFitness,palestra,palestra
46.550658,15.663389,osm_fitnes_forma_46.5507_15.6634,Fitnes Forma,palestra,palestra
47.405982,8.397431,osm_puregym_47.4060_8.3974,PureGym,palestra,palestra
46.536074,6.620392,osm_gold_gym_lausanne_46.5361_6.6204,Gold Gym Lausanne,palestra,palestra
45.547073,9.242132,osm_palestra_gb_fitness_45.5471_9.2421,Palestra GB Fitness,palestra,palestra
45.936404,10.296162,osm_palestra_comunale_45.9364_10.2962,Palestra Comunale,palestra,palestra
45.936309,10.296009,osm_kinetic_45.9363_10.2960,Kinetic,palestra,palestra
45.419021,9.067913,osm_equilibrio_e_benessere_45.4190_9.0679,Equilibrio e Benessere,palestra,palestra
45.703472,11.463973,osm_sala_boulder_area_57_jm_45.7035_11.4640,Sala Boulder Area 57 JM,palestra,palestra
44.299857,8.453247,osm_palestra_waza_44.2999_8.4532,Palestra Waza,palestra,palestra
47.484046,9.474309,osm_jump_fitnesscenter_47.4840_9.4743,Jump Fitnesscenter,palestra,palestra
43.581552,7.121145,osm_fitness_house_43.5816_7.1211,Fitness House,palestra,palestra
47.294891,9.093765,osm_update_fitness_47.2949_9.0938,update Fitness,palestra,palestra
44.614161,11.673135,osm_azzurra_centro_fitness_44.6142_11.6731,Azzurra Centro Fitness,palestra,palestra
45.918280,10.867848,osm_fit_plus_arco_45.9183_10.8678,Fit Plus Arco,palestra,palestra
47.386486,8.517891,osm_kieser_training_47.3865_8.5179,Kieser Training,palestra,palestra
47.064740,15.454921,osm_bodystreet_47.0647_15.4549,Bodystreet,palestra,palestra
47.042878,8.320770,osm_fitness_praxis_47.0429_8.3208,Fitness Praxis,palestra,palestra
44.301719,9.211045,osm_splendido_mare_44.3017_9.2110,Splendido Mare,palestra,palestra
43.961444,12.748183,osm_body_project_43.9614_12.7482,Body Project,palestra,palestra
47.478798,9.487909,osm_city_fitness_47.4788_9.4879,City Fitness,palestra,palestra
43.597048,10.471452,osm_club_sport_collesalvetti_43.5970_10.4715,Club Sport Collesalvetti,palestra,palestra
46.614393,15.211363,osm_fit_center_radlje_46.6144_15.2114,FIT center Radlje,palestra,palestra
45.911299,13.516513,osm_palestra_comunale_45.9113_13.5165,Palestra comunale,palestra,palestra
41.832206,12.599484,osm_home_fit_41.8322_12.5995,Home Fit,palestra,palestra
44.799202,10.329043,osm_fisi_labor_44.7992_10.3290,Fisi Labor,palestra,palestra
44.800360,10.327217,osm_modern_sporting_club_44.8004_10.3272,Modern Sporting Club,palestra,palestra
44.799070,10.337139,osm_parmayoga_44.7991_10.3371,Parmayoga,palestra,palestra
44.803986,10.336037,osm_scuola_di_danza_thul_44.8040_10.3360,Scuola di danza Thul,palestra,palestra
44.801218,10.338338,osm_jazz_dance_studio_44.8012_10.3383,Jazz Dance Studio,palestra,palestra
44.804588,10.335773,osm_kick_ass_palestra_44.8046_10.3358,Kick Ass Palestra,palestra,palestra
44.799600,10.319281,osm_aiki_juku_parma_dojo_44.7996_10.3193,Aiki Juku Parma Dojo,palestra,palestra
40.009641,18.170024,osm_accademia_asd_genesis_non_solo_palestra_40.0096_18.1700,Accademia asd Genesis - non solo palestra,palestra,palestra
37.574115,15.054830,osm_olympic_club_37.5741_15.0548,Olympic Club,palestra,palestra
44.492921,11.340952,osm_cristalide_44.4929_11.3410,Cristalide,palestra,palestra
44.970709,7.617717,osm_profumeria_44.9707_7.6177,Profumeria,palestra,palestra
45.646175,13.768642,osm_palestra_comunale_nicol_cobolli_45.6462_13.7686,Palestra Comunale Nicolò Cobolli,palestra,palestra
43.640737,7.131797,osm_fitlane_villeneuve_a8_43.6407_7.1318,Fitlane Villeneuve A8,palestra,palestra
45.367412,11.925030,osm_carelab_45.3674_11.9250,carelab,palestra,palestra
45.454178,8.876522,osm_new_trefor_45.4542_8.8765,New Trefor,palestra,palestra
45.666791,8.633126,osm_palestra_45.6668_8.6331,Palestra,palestra,palestra
44.738439,10.516712,osm_palestra_scolastica_cad_44.7384_10.5167,Palestra scolastica Cadè,palestra,palestra
44.656044,10.925757,osm_greentheory_modena_centro_44.6560_10.9258,GreenTheory Modena Centro,palestra,palestra
44.637983,10.909349,osm_contatto_44.6380_10.9093,ConTatto,palestra,palestra
44.648911,10.943503,osm_fitactive_modena_44.6489_10.9435,FitActive Modena,palestra,palestra
44.628045,10.972833,osm_greentheory_modena_est_44.6280_10.9728,GreenTheory Modena Est,palestra,palestra
44.642729,10.906516,osm_tonic_modena_44.6427_10.9065,Tonic Modena,palestra,palestra
44.641588,10.903692,osm_fitactive_44.6416_10.9037,FitActive,palestra,palestra
39.929929,18.357320,osm_palestra_catarsi_39.9299_18.3573,Palestra Catarsi,palestra,palestra
45.483775,9.167358,osm_urban_fitness_45.4838_9.1674,Urban Fitness,palestra,palestra
45.483099,9.169498,osm_tonic_45.4831_9.1695,Tonic,palestra,palestra
45.436619,10.366429,osm_palestra_di_vighizzolo_45.4366_10.3664,Palestra di Vighizzolo,palestra,palestra
44.985329,16.732104,osm_living_44.9853_16.7321,Living,palestra,palestra
44.979272,16.710949,osm_bbk_300_44.9793_16.7109,BBK 300,palestra,palestra
47.070723,15.449673,osm_casa_ananda_47.0707_15.4497,Casa Ananda,palestra,palestra
46.529512,6.600901,osm_lets_go_46.5295_6.6009,Let's go,palestra,palestra
45.566329,9.261942,osm_exfactory_45.5663_9.2619,ExFactory,palestra,palestra
46.537490,15.641052,osm_fitnes_betnava_46.5375_15.6411,Fitnes Betnava,palestra,palestra
41.461388,12.928536,osm_il_chiodo_fitness_center_41.4614_12.9285,Il Chiodo Fitness Center,palestra,palestra
42.356878,13.387252,osm_olympus_club_42.3569_13.3873,Olympus Club,palestra,palestra
38.219833,15.236514,osm_box_71_38.2198_15.2365,Box 71,palestra,palestra
45.084873,7.664186,osm_palesta_le_colonne_45.0849_7.6642,Palesta Le Colonne,palestra,palestra
45.061256,7.685467,osm_ryoga_45.0613_7.6855,RYoga,palestra,palestra
46.661455,11.148859,osm_2fit_46.6615_11.1489,2Fit,palestra,palestra
44.303500,8.468981,osm_palestra_gp_44.3035_8.4690,Palestra GP,palestra,palestra
45.583010,9.146135,osm_palestra_in_action_45.5830_9.1461,Palestra In Action,palestra,palestra
45.695767,9.686749,osm_coral_45.6958_9.6867,Coral,palestra,palestra
44.262865,11.783314,osm_scuola_valori_divini_44.2629_11.7833,Scuola Valori Divini,palestra,palestra
44.295764,11.861742,osm_jlab_44.2958_11.8617,Jlab,palestra,palestra
47.398232,8.462621,osm_david_gym_zhwest_47.3982_8.4626,David Gym ZH-West,palestra,palestra
44.751583,10.333807,osm_crossfit_44.7516_10.3338,CrossFit,palestra,palestra
44.771862,10.419631,osm_evolve_fitness_44.7719_10.4196,Evolve Fitness,palestra,palestra
44.795411,10.347692,osm_fit_for_lady_44.7954_10.3477,Fit for Lady,palestra,palestra
47.246822,9.609287,osm_zenshoan_dojo_aikido_tai_ji_47.2468_9.6093,"Zenshoan Dojo - Aikido, Tai Ji",palestra,palestra
47.251071,9.612947,osm_my_body_47.2511_9.6129,My Body,palestra,palestra
45.500729,9.222966,osm_webfit_45.5007_9.2230,Webfit,palestra,palestra
44.846119,11.603654,osm_yoga_corner_44.8461_11.6037,Yoga Corner,palestra,palestra
44.370818,11.735413,osm_oroluce_studio_yoga_suoni_44.3708_11.7354,OROLUCE Studio Yoga & Suoni,palestra,palestra
44.369182,11.718472,osm_biolife_44.3692_11.7185,Biolife,palestra,palestra
38.211035,15.248625,osm_officine_38.2110_15.2486,Officine,palestra,palestra
47.498978,9.733428,osm_clever_fit_47.4990_9.7334,Clever fit,palestra,palestra
46.084151,14.485004,osm_4p_fitnessclub_stegne_46.0842_14.4850,4P Fitnessclub Stegne,palestra,palestra
45.516361,9.246410,osm_milano_fit_45.5164_9.2464,Milano Fit,palestra,palestra
44.593528,11.051780,osm_fitlife_active_lab_44.5935_11.0518,Fitlife Active Lab,palestra,palestra
44.596159,11.050515,osm_pilates_functional_44.5962_11.0505,Pilates & Functional,palestra,palestra
44.589143,11.067201,osm_41013_studio_44.5891_11.0672,41013 Studio,palestra,palestra
44.265543,11.324729,osm_associazione_shanti_om_44.2655_11.3247,Associazione Shanti Om,palestra,palestra
47.367280,8.043742,osm_gesundheitszentrum_47.3673_8.0437,Gesundheitszentrum,palestra,palestra
44.464790,11.501305,osm_crossfit_ozzano_44.4648_11.5013,CrossFit Ozzano,palestra,palestra
44.476304,11.413050,osm_eden_park_44.4763_11.4130,Eden Park,palestra,palestra
41.855541,12.567641,osm_la_crisalide_41.8555_12.5676,La Crisalide,palestra,palestra
44.339644,8.512018,osm_palestra_stars_gym_44.3396_8.5120,Palestra Star's GYM,palestra,palestra
44.489751,11.317512,osm_centro_yoga_samadhi_associazione_samadhi_44.4898_11.3175,Centro Yoga Samadhi - Associazione Samadhi,palestra,palestra
44.479524,11.386070,osm_palestra_regis_asdaps_44.4795_11.3861,Palestra Regis ASD-APS,palestra,palestra
47.265237,11.401057,osm_mcfit_47.2652_11.4011,McFit,palestra,palestra
46.843691,7.141672,osm_saf_socit_daviron_fribourg_46.8437_7.1417,SAF Société d'Aviron Fribourg,palestra,palestra
46.810498,9.257628,osm_aua_grava_46.8105_9.2576,Aua Grava,palestra,palestra
45.605160,8.908775,osm_crossfit_sempione_45.6052_8.9088,Crossfit Sempione,palestra,palestra
42.670709,13.675137,osm_palestra_crossfit_42.6707_13.6751,Palestra Crossfit,palestra,palestra
41.083211,14.317056,osm_agogh_wellness_asd_41.0832_14.3171,Agoghè Wellness ASD,palestra,palestra
47.265442,11.435468,osm_powerplatten_47.2654_11.4355,Powerplatten,palestra,palestra
47.267758,11.429111,osm_crossfit_47.2678_11.4291,CrossFit,palestra,palestra
47.012744,7.000427,osm_esprit_fitness_47.0127_7.0004,Esprit Fitness,palestra,palestra
47.132443,7.249225,osm_physical_fitness_47.1324_7.2492,physical fitness,palestra,palestra
41.128605,16.550651,osm_happy_forma_41.1286_16.5507,Happy Forma,palestra,palestra
43.953873,10.216245,osm_palestra_comunale_paolo_tommasi_43.9539_10.2162,palestra comunale paolo tommasi,palestra,palestra
43.818898,15.669495,osm_spartan_43.8189_15.6695,Spartan,palestra,palestra
47.489370,12.062097,osm_mrs_sporty_47.4894_12.0621,Mrs. Sporty,palestra,palestra
44.038729,10.060168,osm_heavy_work_44.0387_10.0602,Heavy Work,palestra,palestra
46.638232,6.636255,osm_lets_go_fitness_46.6382_6.6363,Let's Go Fitness,palestra,palestra
46.027225,13.259554,osm_fitness_university_46.0272_13.2596,Fitness University,palestra,palestra
47.357782,8.523593,osm_fitnesspark_sihlcity_47.3578_8.5236,Fitnesspark Sihlcity,palestra,palestra
47.421050,8.557961,osm_fitnesspark_glattpark_47.4210_8.5580,Fitnesspark Glattpark,palestra,palestra
47.366354,8.535162,osm_fitnesspark_stockerhof_47.3664_8.5352,Fitnesspark Stockerhof,palestra,palestra
45.739880,12.285204,osm_wakepark_cable_7_45.7399_12.2852,Wakepark Cable 7,palestra,palestra
45.469021,9.218468,osm_new_fitness_club_45.4690_9.2185,New Fitness Club,palestra,palestra
47.382156,8.529627,osm_activ_fitness_47.3822_8.5296,Activ Fitness,palestra,palestra
47.393614,8.529565,osm_activ_fitness_nordbrcke_47.3936_8.5296,ACTIV Fitness Nordbrücke,palestra,palestra
47.366744,8.546441,osm_activ_fitness_47.3667_8.5464,Activ Fitness,palestra,palestra
47.377675,8.544117,osm_activ_fitness_47.3777_8.5441,Activ Fitness,palestra,palestra
47.351456,8.561483,osm_activ_fitness_tiefenbrunnen_47.3515_8.5615,ACTIV Fitness Tiefenbrunnen,palestra,palestra
47.373223,8.530342,osm_activ_fitness_47.3732_8.5303,Activ Fitness,palestra,palestra
47.391412,8.487588,osm_activ_fitness_47.3914_8.4876,Activ Fitness,palestra,palestra
47.380210,8.506622,osm_holmes_place_crowne_plaza_47.3802_8.5066,Holmes Place Crowne Plaza,palestra,palestra
47.373957,8.536902,osm_holmes_place_47.3740_8.5369,Holmes Place,palestra,palestra
39.342965,9.363436,osm_no_pain_no_gain_39.3430_9.3634,No Pain No Gain,palestra,palestra
44.481380,11.275767,osm_my_sun_44.4814_11.2758,My Sun,palestra,palestra
45.805612,15.940723,osm_quantum_premium_gym_trenjevka_45.8056_15.9407,QUANTUM Premium Gym Trešnjevka,palestra,palestra
45.811021,15.711667,osm_fitnessof_45.8110_15.7117,FitnessOF,palestra,palestra
47.184079,14.677855,osm_fit_und_fun_47.1841_14.6779,Fit und Fun,palestra,palestra
45.483685,9.157409,osm_anytime_fitness_45.4837_9.1574,Anytime Fitness,palestra,palestra
45.484127,9.160197,osm_fit_inn_45.4841_9.1602,Fit Inn,palestra,palestra
46.214876,6.146828,osm_gym_by_harmony_46.2149_6.1468,Gym by Harmony,palestra,palestra
45.900660,11.041279,osm_palestra_liberty_dance_45.9007_11.0413,Palestra Liberty Dance,palestra,palestra
47.256177,11.412250,osm_invibe_47.2562_11.4123,INVIBE,palestra,palestra
46.000854,14.553993,osm_svarun_46.0009_14.5540,Svarun,palestra,palestra
47.381121,8.505921,osm_frota_academy_47.3811_8.5059,Frota Academy,palestra,palestra
47.256216,11.377598,osm_alfa_sports_spa_47.2562_11.3776,Alfa Sports & Spa,palestra,palestra
44.412656,8.960150,osm_taekwondolimpico_genova_44.4127_8.9602,Taekwondolimpico Genova,palestra,palestra
47.260401,11.391623,osm_bodystreet_47.2604_11.3916,Bodystreet,palestra,palestra
46.211521,6.144834,osm_activ_fitness_46.2115_6.1448,Activ Fitness,palestra,palestra
46.987288,15.458922,osm_myfitness_46.9873_15.4589,myFitness,palestra,palestra
38.174141,15.550093,osm_palestra_dna_38.1741_15.5501,Palestra DNA,palestra,palestra
41.156240,16.766046,osm_asd_body_aga_41.1562_16.7660,A.S.D. Body Aga,palestra,palestra
45.458266,7.871816,osm_la_direzione_del_benessere_45.4583_7.8718,La direzione del benessere,palestra,palestra
46.792048,6.621820,osm_urakan_crossfit_46.7920_6.6218,Urakan Crossfit,palestra,palestra
45.496860,9.192286,osm_basesana_45.4969_9.1923,Basesana,palestra,palestra
44.074308,10.094547,osm_baccio_fitness_center_44.0743_10.0945,Baccio Fitness Center,palestra,palestra
45.407640,9.152014,osm_virgin_active_45.4076_9.1520,Virgin Active,palestra,palestra
45.560153,18.678091,osm_gyms4you_45.5602_18.6781,Gyms4you,palestra,palestra
43.698286,7.287567,osm_fitness_43.6983_7.2876,Fitness,palestra,palestra
45.793309,15.970246,osm_the_fitness_hob_45.7933_15.9702,The Fitness HoB,palestra,palestra
45.778179,15.948123,osm_sparta_gym_spa_rotor_45.7782_15.9481,Sparta gym & spa Rotor,palestra,palestra
47.395722,8.600229,osm_basefitch_dbendorf_47.3957_8.6002,Basefit.ch Dübendorf,palestra,palestra
47.383518,8.495739,osm_puregym_47.3835_8.4957,Puregym,palestra,palestra
47.417235,8.538698,osm_puregym_47.4172_8.5387,PureGym,palestra,palestra
47.408882,8.543851,osm_evo_zrich_oerlikon_47.4089_8.5439,Evo Zürich Oerlikon,palestra,palestra
46.297251,6.166794,osm_silhouette_46.2973_6.1668,Silhouette,palestra,palestra
45.601560,8.855045,osm_mcfit_45.6016_8.8550,McFit,palestra,palestra
39.721679,8.638223,osm_palestra_giants_club_39.7217_8.6382,Palestra Giant's Club,palestra,palestra
47.363973,8.554777,osm_aurum_47.3640_8.5548,Aurum,palestra,palestra
47.260621,11.391953,osm_antaratma_yoga_shala_47.2606_11.3920,Antaratma Yoga Shala,palestra,palestra
45.549756,13.728288,osm_fit_mania_45.5498_13.7283,Fit Mania,palestra,palestra
47.140430,8.572442,osm_sportcenter_geri_47.1404_8.5724,Sportcenter Ägeri,palestra,palestra
45.459582,9.188512,osm_alaia_missori_45.4596_9.1885,Alaia Missori,palestra,palestra
47.362059,7.371698,osm_pool_dance_cours_47.3621_7.3717,Pool dance cours,palestra,palestra
42.148462,12.510326,osm_universal_club_42.1485_12.5103,Universal Club,palestra,palestra
41.897390,12.452395,osm_fitness_studio_41.8974_12.4524,Fitness studio,palestra,palestra
47.195956,8.526756,osm_goldengym_47.1960_8.5268,GoldenGym,palestra,palestra
47.336812,8.618418,osm_heartcheck_47.3368_8.6184,Heartcheck,palestra,palestra
47.165024,7.527850,osm_topdance_47.1650_7.5279,TopDance,palestra,palestra
43.652814,6.818480,osm_forme_et_combat_06_43.6528_6.8185,Forme et Combat 06,palestra,palestra
45.621441,11.458736,osm_new_fitness_srl_45.6214_11.4587,New Fitness Srl,palestra,palestra
46.531999,6.601743,osm_miss_fit_prilly_46.5320_6.6017,Miss Fit Prilly,palestra,palestra
46.227216,16.126197,osm_fitness_centar_next_level_46.2272_16.1262,Fitness centar Next Level,palestra,palestra
44.489061,11.248685,osm_unico_44.4891_11.2487,Unico,palestra,palestra
47.277899,11.498430,osm_invibe_47.2779_11.4984,INVIBE,palestra,palestra
45.462479,9.184307,osm_20_hours_club_45.4625_9.1843,20 Hours Club,palestra,palestra
41.926758,12.570182,osm_new_emme_2_gym_41.9268_12.5702,New emme 2 gym,palestra,palestra
44.358563,9.149768,osm_palestra_eden_44.3586_9.1498,Palestra Eden,palestra,palestra
44.369597,9.148031,osm_palestra_recco_judo_44.3696_9.1480,Palestra Recco Judo,palestra,palestra
38.101049,13.339092,osm_forma_fitness_38.1010_13.3391,Forma & Fitness,palestra,palestra
45.449374,8.883640,osm_fit_active_45.4494_8.8836,Fit Active,palestra,palestra
45.779522,16.005535,osm_fitness_studio_gymnasium_wellness_spa_45.7795_16.0055,Fitness Studio Gymnasium & Wellness Spa,palestra,palestra
45.596806,8.915797,osm_lady_fitness_45.5968_8.9158,Lady Fitness,palestra,palestra
45.425003,9.083129,osm_crossfit_corsico_45.4250_9.0831,Crossfit Corsico,palestra,palestra
44.383432,9.021765,osm_palestra_alla_scogliera_44.3834_9.0218,Palestra alla Scogliera,palestra,palestra
44.384083,9.023514,osm_movinup_44.3841_9.0235,Movin'up,palestra,palestra
38.124543,13.351266,osm_yoga_tai_chi_chuan_centro_di_cultura_ris_38.1245_13.3513,Yoga - T'ai Chi Chuan - Centro di Cultura Rishi Barag 1,palestra,palestra
41.856156,12.474073,osm_palestra_ego_san_paolo_41.8562_12.4741,Palestra Ego San Paolo,palestra,palestra
38.110403,13.339910,osm_winners_38.1104_13.3399,Winners,palestra,palestra
44.030991,10.089952,osm_infinitygym_44.0310_10.0900,InfinityGym,palestra,palestra
47.126323,8.749053,osm_ahlaya_47.1263_8.7491,Ahlaya,palestra,palestra
46.568201,12.720430,osm_palestra_monte_siera_46.5682_12.7204,Palestra Monte Siera,palestra,palestra
47.092265,8.356988,osm_one_training_center_47.0923_8.3570,ONE Training Center,palestra,palestra
45.360453,10.946620,osm_asd_taki_no_kan_45.3605_10.9466,ASD Taki no Kan,palestra,palestra
47.375425,8.513509,osm_raum_linde_47.3754_8.5135,Raum Linde,palestra,palestra
38.220149,15.235315,osm_dream_fitness_38.2201_15.2353,Dream fitness,palestra,palestra
41.874175,12.529244,osm_corallo_fitness_evolution_41.8742_12.5292,Corallo Fitness Evolution,palestra,palestra
45.350590,9.011833,osm_fitart_45.3506_9.0118,Fit'Art,palestra,palestra
40.968028,14.209341,osm_wave_space_aversa_40.9680_14.2093,Wav-e Space Aversa,palestra,palestra
46.067245,18.198533,osm_color_bike_crazy_fitness_world_46.0672_18.1985,Color Bike Crazy Fitness World,palestra,palestra
45.602353,9.233464,osm_academy_dance_fitness_45.6024_9.2335,Academy Dance & Fitness,palestra,palestra
45.429411,9.309145,osm_somalab_45.4294_9.3091,Somalab,palestra,palestra
38.102893,13.323788,osm_myo_shin_club_38.1029_13.3238,Myo Shin Club,palestra,palestra
45.010991,7.798163,osm_equilibrea_ssd_45.0110_7.7982,Equilibrea SSD,palestra,palestra
47.368583,8.380017,osm_mutschellenfit_47.3686_8.3800,Mutschellen-Fit,palestra,palestra
47.071047,15.418744,osm_mcfit_47.0710_15.4187,McFit,palestra,palestra
45.486344,9.161967,osm_20_hours_club_45.4863_9.1620,20 Hours Club,palestra,palestra
42.847049,13.613464,osm_ludus_srl_dilettantistica_42.8470_13.6135,Ludus Srl Dilettantistica,palestra,palestra
45.454340,9.122689,osm_my_personal_yoga_45.4543_9.1227,My Personal Yoga,palestra,palestra
38.661316,15.859321,osm_evolution_fitness_club_38.6613_15.8593,Evolution Fitness Club,palestra,palestra
36.356273,6.630661,osm_kouba_sport_36.3563_6.6307,KOUBA SPORT,palestra,palestra
47.396170,8.486138,osm_dream_team_boxing_47.3962_8.4861,Dream Team Boxing,palestra,palestra
46.064818,18.198329,osm_mecsek_fitness_46.0648_18.1983,Mecsek Fitness,palestra,palestra
47.400969,8.441811,osm_puregym_47.4010_8.4418,PureGym,palestra,palestra
41.452681,15.551845,osm_gym_tonic_41.4527_15.5518,Gym & Tonic,palestra,palestra
45.016890,7.616005,osm_crazy4sports_45.0169_7.6160,Crazy4Sports,palestra,palestra
45.572681,8.184207,osm_europa_club_45.5727_8.1842,Europa Club,palestra,palestra
45.446617,8.886496,osm_royalfit_gym_club_45.4466_8.8865,Royalfit gym club,palestra,palestra
45.461914,8.908625,osm_dynamic_training_lab_45.4619_8.9086,Dynamic Training LAB,palestra,palestra
47.432963,8.673673,osm_bodyfit_47.4330_8.6737,BodyFit,palestra,palestra
45.478229,9.180591,osm_acquago_45.4782_9.1806,AcquaGo,palestra,palestra
47.477146,9.494573,osm_just2dance_47.4771_9.4946,Just2Dance,palestra,palestra
47.405872,8.046772,osm_ass_47.4059_8.0468,ASS,palestra,palestra
42.126781,12.098506,osm_asd_glissade_42.1268_12.0985,ASD Glissade,palestra,palestra
39.933757,18.355557,osm_studio_di_kinesiterapia_de_blasi_39.9338_18.3556,Studio di Kinesiterapia De Blasi,palestra,palestra
41.787647,12.672429,osm_scuola_di_arti_marziali_41.7876_12.6724,Scuola di arti marziali,palestra,palestra
44.332522,8.517257,osm_personal_trainer_savona_asd_44.3325_8.5173,Personal Trainer Savona A.S.D.,palestra,palestra
45.608874,9.517328,osm_palestra_dynamic_center_45.6089_9.5173,Palestra Dynamic Center,palestra,palestra
36.901041,10.187220,osm_poi_36.9010_10.1872,أوكسيجين بلوس,palestra,palestra
47.296381,9.093265,osm_yoga_studio_47.2964_9.0933,Yoga Studio,palestra,palestra
46.968010,7.461924,osm_savo_46.9680_7.4619,savo,palestra,palestra
42.098008,12.176901,osm_planet_fitness_42.0980_12.1769,Planet Fitness,palestra,palestra
41.960975,12.083086,osm_palestra_body_real_41.9610_12.0831,Palestra Body Real,palestra,palestra
41.960620,12.084443,osm_asd_personal_power_41.9606_12.0844,A.S.D. Personal Power,palestra,palestra
41.893974,12.500656,osm_indomita_boxe_41.8940_12.5007,Indomita Boxe,palestra,palestra
46.946081,7.434815,osm_evo_fitness_46.9461_7.4348,Evo Fitness,palestra,palestra
45.672384,9.675214,osm_mc_fit_45.6724_9.6752,Mc Fit,palestra,palestra
41.774331,12.695367,osm_system_fitness_41.7743_12.6954,System Fitness,palestra,palestra
41.091472,14.273604,osm_jalmica_41.0915_14.2736,Jalmica,palestra,palestra
45.532798,9.402717,osm_sabbia_e_seta_45.5328_9.4027,Sabbia e Seta,palestra,palestra
46.556911,15.653039,osm_fitinn_46.5569_15.6530,FITINN,palestra,palestra
45.464829,9.182848,osm_miltronic_45.4648_9.1828,Miltronic,palestra,palestra
47.291603,11.590651,osm_kraftwerk_47.2916_11.5907,Kraftwerk,palestra,palestra
47.075268,15.451823,osm_letsfit_47.0753_15.4518,letsfit,palestra,palestra
47.373111,8.082447,osm_bellvida_47.3731_8.0824,Bellvida,palestra,palestra
36.906338,10.296512,osm_keep_cool_36.9063_10.2965,Keep Cool,palestra,palestra
47.049242,9.065350,osm_move_it_47.0492_9.0654,MOVE IT,palestra,palestra
44.266145,8.431915,osm_le_orme_44.2661_8.4319,Le ORME,palestra,palestra
45.693696,9.426967,osm_panther_gym_45.6937_9.4270,Panther Gym,palestra,palestra
39.068841,17.130207,osm_power_house_39.0688_17.1302,Power House,palestra,palestra
45.452293,9.116643,osm_fit4fight_45.4523_9.1166,Fit4Fight,palestra,palestra
47.386941,15.096375,osm_actic_fitness_47.3869_15.0964,Actic Fitness,palestra,palestra
47.325891,8.799097,osm_discountfit_47.3259_8.7991,discountfit,palestra,palestra
36.888112,10.313005,osm_body_factory_gym_36.8881_10.3130,Body Factory Gym,palestra,palestra
36.887734,10.302398,osm_tiger_gym_36.8877_10.3024,Tiger Gym,palestra,palestra
44.113499,9.810526,osm_palestra_futura_workout_44.1135_9.8105,Palestra Futura Workout,palestra,palestra
44.481627,8.921677,osm_la_serra_del_fitness_44.4816_8.9217,La Serra del Fitness,palestra,palestra
44.408526,8.964036,osm_free_time_44.4085_8.9640,Free Time,palestra,palestra
40.841064,14.250063,osm_polisportiva_fulgor_40.8411_14.2501,Polisportiva Fulgor,palestra,palestra
44.720192,10.233551,osm_zeus_44.7202_10.2336,Zeus,palestra,palestra
40.841139,14.250357,osm_mcfit_40.8411_14.2504,McFit,palestra,palestra
45.959939,17.459765,osm_barcsi_fitness_sportegyeslet_45.9599_17.4598,Barcsi Fitness Sportegyesület,palestra,palestra
40.136665,15.474905,osm_palestra_pulsariae_gymnasium_40.1367_15.4749,Palestra Pulsariae Gymnasium,palestra,palestra
47.378328,8.534216,osm_open_ride_47.3783_8.5342,Open Ride,palestra,palestra
45.664277,9.164523,osm_life_45.6643_9.1645,Life,palestra,palestra
41.855845,12.559749,osm_judo_tuscolano_41.8558_12.5597,Judo Tuscolano,palestra,palestra
44.785305,10.380110,osm_wellfit_44.7853_10.3801,Wellfit,palestra,palestra
46.556817,15.653761,osm_fitnes_portna_dvorana_lent_46.5568_15.6538,Fitnes Športna dvorana Lent,palestra,palestra
46.949146,7.437820,osm_activ_fitness_46.9491_7.4378,ACTIV FITNESS,palestra,palestra
40.921455,14.303495,osm_body_and_soul_40.9215_14.3035,Body And Soul,palestra,palestra
45.939679,13.623522,osm_ghost_house_45.9397_13.6235,Ghost house,palestra,palestra
41.787790,12.672367,osm_fit_and_go_41.7878_12.6724,Fit and Go,palestra,palestra
45.808223,9.230757,osm_tai_do_center_45.8082_9.2308,Tai Do Center,palestra,palestra
45.649992,9.200478,osm_fit_and_go_45.6500_9.2005,Fit and go,palestra,palestra
41.451715,12.872070,osm_gym_tonic_41.4517_12.8721,Gym Tonic,palestra,palestra
47.134870,7.248266,osm_cts_fitness_47.1349_7.2483,CTS Fitness,palestra,palestra
46.385231,6.931215,osm_fitness_lets_go_villeneuve_46.3852_6.9312,Fitness Let's Go Villeneuve,palestra,palestra
47.069166,9.056337,osm_well_come_fit_47.0692_9.0563,well come FIT,palestra,palestra
47.258154,11.322353,osm_body_soul_47.2582_11.3224,Body & Soul,palestra,palestra
40.203175,18.238871,osm_yis_yoga_in_salento_40.2032_18.2389,YIS - Yoga in Salento,palestra,palestra
45.731899,9.496346,osm_medical_fitness_45.7319_9.4963,Medical Fitness,palestra,palestra
44.486728,18.075973,osm_x_poject_44.4867_18.0760,X Poject,palestra,palestra
47.470724,9.729179,osm_purfitness_fitnessclub_ii_47.4707_9.7292,Purfitness Fitnessclub II.,palestra,palestra
45.543265,9.933852,osm_nexfit_45.5433_9.9339,Nexfit,palestra,palestra
47.413015,9.732019,osm_magic_fit_47.4130_9.7320,Magic Fit,palestra,palestra
47.343792,8.530298,osm_ems_sportwelt_47.3438_8.5303,EMS Sportwelt,palestra,palestra
45.782224,15.981481,osm_gyms4you_45.7822_15.9815,Gyms4you,palestra,palestra
41.997635,12.390405,osm_shape_up_fitness_41.9976_12.3904,Shape Up Fitness,palestra,palestra
43.103724,12.374410,osm_vitamins_personal_trainer_43.1037_12.3744,Vitamin's - Personal Trainer,palestra,palestra
47.269092,15.321423,osm_overpowergym_47.2691_15.3214,OverpowerGym,palestra,palestra
47.390201,8.425625,osm_yoga_und_theater_47.3902_8.4256,Yoga und Theater,palestra,palestra
45.417987,8.898940,osm_wild_lions_45.4180_8.8989,Wild Lions,palestra,palestra
46.444248,11.339323,osm_body_planet_asd_46.4442_11.3393,Body Planet A.S.D.,palestra,palestra
45.818117,13.131774,osm_reattivo_45.8181_13.1318,Reattivo,palestra,palestra
41.887886,12.530009,osm_h2o_fitness_center_41.8879_12.5300,H2O Fitness Center,palestra,palestra
42.099967,12.178083,osm_accademia_pugilistica_david_tobini_42.1000_12.1781,Accademia Pugilistica David Tobini,palestra,palestra
46.781189,6.645161,osm_lets_go_yverdon_46.7812_6.6452,Let's Go Yverdon,palestra,palestra
46.612802,14.042039,osm_neuhauser_46.6128_14.0420,Neuhauser,palestra,palestra
47.365011,8.549048,osm_fitnesspark_stadelhofen_47.3650_8.5490,Fitnesspark Stadelhofen,palestra,palestra
46.791735,6.621662,osm_crossfit_urakan_46.7917_6.6217,Crossfit Urakan,palestra,palestra
47.397692,8.063560,osm_citygym_24hfitnessclub_47.3977_8.0636,City-Gym 24h-Fitnessclub,palestra,palestra
45.527433,10.211318,osm_body_mind_center_45.5274_10.2113,Body Mind Center,palestra,palestra
44.046063,16.200300,osm_fortis_knin_44.0461_16.2003,Fortis knin,palestra,palestra
44.809949,9.981054,osm_london_studios_44.8099_9.9811,London studios,palestra,palestra
38.123425,13.349923,osm_body_club_38.1234_13.3499,Body Club,palestra,palestra
41.835472,12.500434,osm_fitfriends_sporting_club_41.8355_12.5004,Fitfriends Sporting Club,palestra,palestra
46.135196,9.567153,osm_moves_club_46.1352_9.5672,Moves Club,palestra,palestra
45.406168,11.862813,osm_gymup_45.4062_11.8628,GymUp,palestra,palestra
45.392434,11.817601,osm_mcfit_45.3924_11.8176,McFit,palestra,palestra
41.685640,15.388628,osm_work_out_41.6856_15.3886,Work Out,palestra,palestra
43.553825,7.017655,osm_fitlane_43.5538_7.0177,Fitlane,palestra,palestra
45.697848,9.208336,osm_palestra_futura_45.6978_9.2083,Palestra Futura,palestra,palestra
47.096764,17.921741,osm_gymstick_fitness_47.0968_17.9217,Gymstick Fitness,palestra,palestra
45.561042,18.699093,osm_centar_osobne_moi_45.5610_18.6991,Centar Osobne Moći,palestra,palestra
46.355420,16.808774,osm_gym_46.3554_16.8088,Gym,palestra,palestra
41.879086,12.466309,osm_easy_fit_trastevere_41.8791_12.4663,Easy Fit Trastevere,palestra,palestra
45.550873,18.713566,osm_fitness_pump_45.5509_18.7136,Fitness PUMP,palestra,palestra
45.550827,18.713742,osm_studio_eccentric_45.5508_18.7137,Studio Eccentric,palestra,palestra
47.187195,7.703405,osm_formabella_ladyfitness_47.1872_7.7034,formabella Lady-Fitness,palestra,palestra
43.713168,10.419652,osm_palestra_olympia_43.7132_10.4197,Palestra Olympia,palestra,palestra
47.313801,8.466637,osm_movimento_47.3138_8.4666,Movimento,palestra,palestra
45.511662,9.303102,osm_fba_estetica_45.5117_9.3031,FBA Estetica,palestra,palestra
45.744105,9.768495,osm_centro_sportivo_saletti_45.7441_9.7685,Centro sportivo Saletti,palestra,palestra
46.110707,7.095576,osm_cole_de_krav_oprationnel_et_professionne_46.1107_7.0956,École de Krav Opérationnel et Professionnel du Valais (EK...,palestra,palestra
41.118049,16.864978,osm_wellnessn_gym_41.1180_16.8650,Wellness'n Gym,palestra,palestra
47.324643,8.469122,osm_aktivpassiv_therapie_47.3246_8.4691,Aktiv-/Passiv Therapie,palestra,palestra
47.325007,8.472253,osm_ptfitnesscenter_bonstetten_47.3250_8.4723,PT-Fitnesscenter Bonstetten,palestra,palestra
47.062794,8.266148,osm_crossfit_luzern_47.0628_8.2661,Crossfit Luzern,palestra,palestra
46.423593,6.925465,osm_movit_fitness_46.4236_6.9255,Mov'it Fitness,palestra,palestra
46.430948,6.911053,osm_yoga_centre_montreux_46.4309_6.9111,Yoga Centre Montreux,palestra,palestra
46.094463,13.427367,osm_fitapp_46.0945_13.4274,Fitapp,palestra,palestra
45.439023,9.196105,osm_workout_milano_45.4390_9.1961,Workout Milano,palestra,palestra
45.428332,9.300340,osm_shadow_gym_45.4283_9.3003,Shadow Gym,palestra,palestra
44.085594,6.211429,osm_next_step_44.0856_6.2114,Next step,palestra,palestra
47.195630,14.741596,osm_yogami_47.1956_14.7416,yogami,palestra,palestra
47.224561,8.836980,osm_feelfit24_47.2246_8.8370,Feelfit24,palestra,palestra
47.423224,12.832197,osm_injoy_47.4232_12.8322,INJOY,palestra,palestra
41.855077,12.447408,osm_fitness_center_portuense_41.8551_12.4474,Fitness Center Portuense,palestra,palestra
44.301136,8.473918,osm_palextra_fitness_club_44.3011_8.4739,Palextra Fitness Club,palestra,palestra
43.403906,13.561935,osm_danza_artistica_43.4039_13.5619,Danza Artistica,palestra,palestra
43.404228,13.560938,osm_palestra_43.4042_13.5609,Palestra,palestra,palestra
46.610019,13.843592,osm_i_like_it_46.6100_13.8436,I like it,palestra,palestra
47.005598,7.680202,osm_amme_fit_47.0056_7.6802,Amme Fit,palestra,palestra
45.488267,9.027609,osm_golden_fit_45.4883_9.0276,Golden Fit,palestra,palestra
43.404270,13.562520,osm_noor_43.4043_13.5625,Noor,palestra,palestra
46.064000,14.503501,osm_petit_studio_46.0640_14.5035,Petit Studio,palestra,palestra
46.063936,14.503525,osm_ashtanga_yoga_46.0639_14.5035,Ashtanga Yoga,palestra,palestra
38.202217,15.319613,osm_franco_conti_38.2022_15.3196,Franco Conti,palestra,palestra
47.384070,8.500954,osm_lionsoul_zrich_47.3841_8.5010,Lionsoul Zürich,palestra,palestra
43.402829,13.550677,osm_palestra_venieri_43.4028_13.5507,Palestra Venieri,palestra,palestra
46.991585,6.916188,osm_fit2010_46.9916_6.9162,Fit2010,palestra,palestra
47.379953,8.488689,osm_padma_yoga_47.3800_8.4887,Padma Yoga,palestra,palestra
43.401130,13.552342,osm_palestra_di_via_roma_43.4011_13.5523,Palestra di Via Roma,palestra,palestra
43.459453,11.833876,osm_gold_star_gym_43.4595_11.8339,Gold Star Gym,palestra,palestra
43.400760,13.559618,osm_one_klub_43.4008_13.5596,One Klub,palestra,palestra
41.913167,12.571445,osm_atletico_aniene_41.9132_12.5714,Atletico Aniene,palestra,palestra
43.414689,13.447621,osm_eos_palestra_43.4147_13.4476,Eos Palestra,palestra,palestra
46.949106,7.409018,osm_atlethic_fitness_46.9491_7.4090,Atlethic Fitness,palestra,palestra
43.727618,10.420034,osm_new_point_43.7276_10.4200,New Point,palestra,palestra
47.354196,11.704166,osm_innfitness_47.3542_11.7042,Innfitness,palestra,palestra
37.069757,14.245925,osm_studio_posturale_pilates_37.0698_14.2459,Studio Posturale Pilates,palestra,palestra
38.692090,16.546150,osm_made_in_sub_soverato_diving_center_38.6921_16.5461,Made in Sub Soverato Diving Center,palestra,palestra
39.255533,9.115186,osm_bestrong_39.2555_9.1152,BeStrong,palestra,palestra
44.514058,11.266268,osm_panax_44.5141_11.2663,Panax,palestra,palestra
45.718896,11.402016,osm_webeat_schio_45.7189_11.4020,We_Beat Schio,palestra,palestra
43.380930,13.609751,osm_power_fitness_43.3809_13.6098,Power Fitness,palestra,palestra
41.935542,12.536155,osm_palestra_olimpia_41.9355_12.5362,Palestra Olimpia,palestra,palestra
44.471773,11.369770,osm_neptune_gym_44.4718_11.3698,Neptune Gym,palestra,palestra
44.395159,11.244717,osm_ninfea_44.3952_11.2447,Ninfea,palestra,palestra
43.370909,13.630710,osm_smile_club_43.3709_13.6307,Smile Club,palestra,palestra
43.362454,13.622170,osm_ala_sport_43.3625_13.6222,Ala Sport,palestra,palestra
47.313177,11.101278,osm_clever_fit_47.3132_11.1013,Clever fit,palestra,palestra
47.205133,14.795872,osm_vitanova_47.2051_14.7959,Vitanova,palestra,palestra
47.207695,14.796787,osm_bixpack_47.2077_14.7968,Bixpack,palestra,palestra
40.625431,14.374766,osm_openclub_sorrento_40.6254_14.3748,Openclub Sorrento,palestra,palestra
40.628572,14.388034,osm_central_fitness_club_40.6286_14.3880,Central Fitness Club,palestra,palestra
46.828065,16.833351,osm_elite_fit_46.8281_16.8334,Elite Fit,palestra,palestra
45.064131,7.628597,osm_mrs_sporty_45.0641_7.6286,Mrs. Sporty,palestra,palestra
45.062460,7.628642,osm_time_out_45.0625_7.6286,Time Out,palestra,palestra
45.072586,7.627783,osm_al_centro_del_movimento_45.0726_7.6278,Al Centro del Movimento,palestra,palestra
47.169257,14.661237,osm_mandu_47.1693_14.6612,M.A.N.D.U,palestra,palestra
43.300966,13.737765,osm_fit_and_go_43.3010_13.7378,Fit and Go,palestra,palestra
46.213267,6.125728,osm_fitwork_46.2133_6.1257,Fitwork,palestra,palestra
39.807527,15.799826,osm_adele_beauty_39.8075_15.7998,Adele Beauty,palestra,palestra
43.364326,13.691203,osm_feel_good_personal_trainer_43.3643_13.6912,Feel Good Personal Trainer,palestra,palestra
45.753612,8.546815,osm_crossfit_extrema_ratio_45.7536_8.5468,Crossfit Extrema ratio,palestra,palestra
45.851338,6.143620,osm_cap_fitness_45.8513_6.1436,Cap Fitness,palestra,palestra
44.506297,11.354114,osm_sempre_avanti_associazione_sportiva_44.5063_11.3541,Sempre Avanti! Associazione Sportiva,palestra,palestra
47.208444,14.676350,osm_sportness7_47.2084_14.6764,Sportness7,palestra,palestra
45.666869,15.651426,osm_fitnes_centar_torbar_45.6669_15.6514,Fitnes centar Torbar,palestra,palestra
47.412580,8.588859,osm_well_come_fit_wallisellen_47.4126_8.5889,well come FIT Wallisellen,palestra,palestra
47.215287,14.830123,osm_figure_belle_47.2153_14.8301,FIGURE BELLE,palestra,palestra
47.213046,14.831443,osm_injoy_fitness_47.2130_14.8314,Injoy Fitness,palestra,palestra
47.487948,6.843927,osm_fitness_park_47.4879_6.8439,Fitness Park,palestra,palestra
41.648678,13.339908,osm_fisiogym_41.6487_13.3399,Fisiogym,palestra,palestra
40.834918,16.557831,osm_fitlife_40.8349_16.5578,Fitlife,palestra,palestra
45.466240,9.181003,osm_urban_fitness_45.4662_9.1810,Urban Fitness,palestra,palestra
46.181143,12.280004,osm_palazzetto_dello_sport_di_ponte_nelle_al_46.1811_12.2800,Palazzetto dello Sport di Ponte nelle Alpi,palestra,palestra
46.609127,13.850735,osm_bodystreet_46.6091_13.8507,Bodystreet,palestra,palestra
44.965116,7.776862,osm_palestra_new_life_44.9651_7.7769,Palestra New Life,palestra,palestra
39.286285,9.080657,osm_crossfit_quinto_moro_39.2863_9.0807,CrossFit Quinto Moro,palestra,palestra
41.912598,12.416331,osm_palestra_passion_fitness_41.9126_12.4163,Palestra Passion Fitness,palestra,palestra
45.503009,9.322284,osm_fit_express_45.5030_9.3223,Fit Express,palestra,palestra
46.948280,7.401527,osm_durantes_gym_46.9483_7.4015,Durante's Gym,palestra,palestra
47.232065,10.742436,osm_ckever_fit_47.2321_10.7424,ckever fit,palestra,palestra
46.562567,7.895673,osm_sportzentrum_mrren_46.5626_7.8957,Sportzentrum Mürren,palestra,palestra
43.732100,10.397643,osm_asd_il_piccolo_drago_43.7321_10.3976,ASD Il Piccolo Drago,palestra,palestra
45.484771,9.007328,osm_fit_for_fight_45.4848_9.0073,Fit for fight,palestra,palestra
41.131449,9.444433,osm_centro_benessere_41.1314_9.4444,Centro Benessere,palestra,palestra
47.449210,8.582441,osm_mrs_sporty_47.4492_8.5824,Mrs. Sporty,palestra,palestra
47.063585,7.611118,osm_aemme_fit_47.0636_7.6111,Aemme Fit,palestra,palestra
45.461527,9.181189,osm_urban_fitness_45.4615_9.1812,Urban Fitness,palestra,palestra
40.932715,14.305796,osm_performance_40.9327_14.3058,Performance,palestra,palestra
45.579086,8.920327,osm_figurella_45.5791_8.9203,Figurella,palestra,palestra
43.407029,6.057847,osm_iron_gym_43.4070_6.0578,Iron Gym,palestra,palestra
46.786818,15.534142,osm_top_style_fitnesscenter_46.7868_15.5341,Top Style - Fitnesscenter,palestra,palestra
44.652235,7.660257,osm_asd_savigliano_boxe_44.6522_7.6603,ASD Savigliano Boxe,palestra,palestra
46.185060,6.274880,osm_happy_move_46.1851_6.2749,Happy Move,palestra,palestra
41.769915,12.660940,osm_il_tempio_degli_atleti_41.7699_12.6609,Il Tempio degli Atleti,palestra,palestra
39.264463,9.050574,osm_new_rock_gym_39.2645_9.0506,New Rock Gym,palestra,palestra
36.851137,10.174319,osm_black_diamond_36.8511_10.1743,Black Diamond,palestra,palestra
41.648010,13.335083,osm_omnia_fitness_41.6480_13.3351,Omnia Fitness,palestra,palestra
45.651161,9.200320,osm_fast_and_fit_45.6512_9.2003,Fast and fit,palestra,palestra
42.379069,12.283044,osm_cosmogym_42.3791_12.2830,CosmoGym,palestra,palestra
46.069437,13.227840,osm_mcfit_46.0694_13.2278,McFit,palestra,palestra
47.372476,8.533999,osm_indigo_47.3725_8.5340,Indigo,palestra,palestra
47.414805,8.552270,osm_fitnessplus_zrich_47.4148_8.5523,fitnessplus Zürich,palestra,palestra
47.392279,8.511507,osm_puregym_zrich_west_47.3923_8.5115,Puregym Zürich West,palestra,palestra
47.388682,8.538860,osm_evo_zrich_schaffhauserstrasse_47.3887_8.5389,Evo Zürich Schaffhauserstrasse,palestra,palestra
47.360483,8.525487,osm_evo_fitness_zrich_enge_47.3605_8.5255,EVO Fitness Zürich Enge,palestra,palestra
46.464952,6.841702,osm_activ_fitness_46.4650_6.8417,Activ Fitness,palestra,palestra
43.469411,12.233418,osm_the_hub_43.4694_12.2334,The Hub,palestra,palestra
47.253156,8.777083,osm_fitnesscenter_hombrechtikon_47.2532_8.7771,Fitness-Center Hombrechtikon,palestra,palestra
47.471787,8.305689,osm_fitnesscenter_baden_47.4718_8.3057,Fitnesscenter Baden,palestra,palestra
47.348447,8.563721,osm_booster_transform_studio_seefeld_47.3484_8.5637,Booster Transform - Studio Seefeld,palestra,palestra
42.068590,12.342762,osm_crossfit_06_42.0686_12.3428,CrossFit 06,palestra,palestra
43.780952,11.194109,osm_asd_firenze_5_palestre_43.7810_11.1941,ASD Firenze 5 Palestre,palestra,palestra
40.824598,14.332564,osm_centro_sportivo_portici_40.8246_14.3326,Centro Sportivo Portici,palestra,palestra
45.528462,9.133730,osm_crossfit_factory_45.5285_9.1337,Crossfit Factory,palestra,palestra
44.064033,12.585212,osm_storefit_44.0640_12.5852,Storefit,palestra,palestra
47.121505,9.306583,osm_riva_fit_47.1215_9.3066,Riva Fit,palestra,palestra
41.105866,16.882259,osm_mcfit_41.1059_16.8823,McFit,palestra,palestra
46.557962,15.638438,osm_unifit_pristan_46.5580_15.6384,Unifit Pristan,palestra,palestra
45.178593,13.745398,osm_energym_45.1786_13.7454,ENERGYM,palestra,palestra
47.357127,8.728032,osm_basefit_uster_47.3571_8.7280,Basefit Uster,palestra,palestra
45.981641,8.930132,osm_planet_wellness_village_45.9816_8.9301,Planet Wellness Village,palestra,palestra
47.201566,7.569524,osm_clever_fit_47.2016_7.5695,clever fit,palestra,palestra
46.179353,8.844306,osm_centro_annapurna_studio_yoga_46.1794_8.8443,"Centro Annapurna, studio yoga",palestra,palestra
47.229888,8.835218,osm_fnh_47.2299_8.8352,FNH,palestra,palestra
45.575493,11.815776,osm_rossi_stefania_45.5755_11.8158,Rossi Stefania,palestra,palestra
45.061677,7.655047,osm_mcfit_45.0617_7.6550,McFit,palestra,palestra
47.326318,11.176311,osm_bodypoint_seefeld_47.3263_11.1763,Bodypoint Seefeld,palestra,palestra
43.515205,16.423086,osm_mint_43.5152_16.4231,Mint,palestra,palestra
47.430882,8.468255,osm_fitnesspark_regensdorf_47.4309_8.4683,Fitnesspark Regensdorf,palestra,palestra
46.189193,9.014188,osm_sivasoorya_yoga_46.1892_9.0142,Sivasoorya Yoga,palestra,palestra
45.504931,9.162553,osm_officine_morghen_di_barbara_friedrich_45.5049_9.1626,Officine Morghen di Barbara Friedrich,palestra,palestra
43.096046,12.355505,osm_virgin_active_perugia_43.0960_12.3555,Virgin Active Perugia,palestra,palestra
46.035912,14.524482,osm_infinity_gym_46.0359_14.5245,Infinity Gym,palestra,palestra
45.867511,11.012245,osm_mad_tortuga_crossfit_rovereto_45.8675_11.0122,Mad Tortuga Crossfit Rovereto,palestra,palestra
45.884290,11.033403,osm_perfect_gym_45.8843_11.0334,Perfect Gym,palestra,palestra
39.926013,18.359373,osm_extreme_39.9260_18.3594,Extreme,palestra,palestra
46.399792,10.844185,osm_percorso_kneipp_rabbi_46.3998_10.8442,Percorso Kneipp Rabbi,palestra,palestra
46.058596,13.229014,osm_sportfit_46.0586_13.2290,Sport&Fit,palestra,palestra
45.091711,7.659870,osm_palestra_first_evolution_45.0917_7.6599,Palestra First Evolution,palestra,palestra
45.468022,9.163709,osm_urban_fitness_45.4680_9.1637,Urban Fitness,palestra,palestra
45.483137,11.911596,osm_corner_crossfit_45.4831_11.9116,Corner CrossFit,palestra,palestra
41.946978,12.538926,osm_nuova_erakles_41.9470_12.5389,Nuova Erakles,palestra,palestra
41.951862,12.543128,osm_big_41.9519_12.5431,BIG,palestra,palestra
47.370067,8.534016,osm_synergym_47.3701_8.5340,Synergym,palestra,palestra
47.366423,8.536823,osm_bytx_47.3664_8.5368,BYTX,palestra,palestra
36.848858,10.197261,osm_california_gym_cun_36.8489_10.1973,California GYM CUN,palestra,palestra
45.156483,18.016140,osm_flow_45.1565_18.0161,Flow,palestra,palestra
47.194747,14.759869,osm_lifequality_47.1947_14.7599,LifeQuality,palestra,palestra
45.584154,8.057841,osm_wake_up_45.5842_8.0578,Wake Up,palestra,palestra
40.336321,18.172162,osm_strong_fitness_40.3363_18.1722,Strong Fitness,palestra,palestra
46.072922,18.212892,osm_kszfit_crossgym_46.0729_18.2129,KószFit CrossGym,palestra,palestra
43.726842,7.412762,osm_world_class_43.7268_7.4128,World Class,palestra,palestra
43.429096,13.660878,osm_palestra_grotte_fabio_ballarini_43.4291_13.6609,Palestra Grotte Fabio Ballarini,palestra,palestra
45.811017,16.001759,osm_gyms_4_you_45.8110_16.0018,Gyms 4 you,palestra,palestra
45.531125,9.221716,osm_my_wellness_boutique_45.5311_9.2217,My Wellness Boutique,palestra,palestra
45.477461,9.172508,osm_club_ling_45.4775_9.1725,Club Ling,palestra,palestra
47.248301,8.780433,osm_crossfit_second_home_47.2483_8.7804,CrossFit Second Home,palestra,palestra
45.479785,9.167839,osm_romans_club_45.4798_9.1678,Roman's Club,palestra,palestra
47.208373,7.561467,osm_crossfit_uf_47.2084_7.5615,CrossFit Öuf,palestra,palestra
44.636914,10.385174,osm_palagym_44.6369_10.3852,Palagym,palestra,palestra
37.561887,14.279547,osm_mondial_37.5619_14.2795,Mondial,palestra,palestra
45.468409,8.894711,osm_studio_pilates_corbetta_45.4684_8.8947,Studio pilates Corbetta,palestra,palestra
43.461397,11.842366,osm_life_wellness_club_43.4614_11.8424,life wellness club,palestra,palestra
36.432648,6.120445,osm_poi_36.4326_6.1204,قاعة كمال الأجسام,palestra,palestra
45.486681,8.997519,osm_champions_sport_45.4867_8.9975,Champion's sport,palestra,palestra
45.528719,9.038276,osm_wifit_45.5287_9.0383,WiFit,palestra,palestra
47.103298,8.201774,osm_chraftwrch_47.1033_8.2018,Chraftwärch,palestra,palestra
45.234346,9.177679,osm_renoster_crossfit_45.2343_9.1777,Renoster CrossFit,palestra,palestra
44.706030,10.445697,osm_corpus_fitness_center_44.7060_10.4457,Corpus Fitness Center,palestra,palestra
47.483189,8.455519,osm_activ_fitness_dielsdorf_47.4832_8.4555,ACTIV Fitness Dielsdorf,palestra,palestra
46.056247,13.226647,osm_relax_center_46.0562_13.2266,Relax Center,palestra,palestra
41.869597,12.484611,osm_anytime_fitness_41.8696_12.4846,Anytime Fitness,palestra,palestra
46.076364,11.119309,osm_mrs_sporty_46.0764_11.1193,Mrs. Sporty,palestra,palestra
41.465832,15.532386,osm_asd_performance_palestra_41.4658_15.5324,A.S.D. Performance Palestra,palestra,palestra
46.095411,13.232283,osm_curves_46.0954_13.2323,Curves,palestra,palestra
46.094318,13.229057,osm_mcfit_46.0943_13.2291,McFit,palestra,palestra
46.093797,13.230425,osm_futura_46.0938_13.2304,Futura,palestra,palestra
41.222692,16.069736,osm_asd_body_masters_gym_41.2227_16.0697,ASD Body Masters Gym,palestra,palestra
47.303983,11.078287,osm_beauty_vibes_47.3040_11.0783,Beauty Vibes,palestra,palestra
47.316300,11.093578,osm_fitsun_47.3163_11.0936,Fit&Sun,palestra,palestra
47.141417,10.560790,osm_vitadom_47.1414_10.5608,Vitadom,palestra,palestra
47.143660,10.571363,osm_figurstudio_provitage_47.1437_10.5714,Figurstudio Provitage,palestra,palestra
47.186230,9.709209,osm_fitpark_47.1862_9.7092,Fitpark,palestra,palestra
47.218024,9.642641,osm_24h_fitness_frastanz_47.2180_9.6426,24h Fitness Frastanz,palestra,palestra
47.238785,9.596486,osm_zeus_body_lounge_47.2388_9.5965,Zeus Body Lounge,palestra,palestra
47.259651,9.607175,osm_life_fitness_club_20_47.2597_9.6072,Life Fitness Club 2.0,palestra,palestra
47.267270,9.614765,osm_fitinn_47.2673_9.6148,FITINN,palestra,palestra
47.269553,9.610597,osm_feelgood_fitness_47.2696_9.6106,Feelgood Fitness,palestra,palestra
47.340712,9.652413,osm_fitness_vitalcenter_bitschnau_47.3407_9.6524,Fitness & Vitalcenter Bitschnau,palestra,palestra
47.410603,9.718836,osm_mrs_sporty_47.4106_9.7188,Mrs. Sporty,palestra,palestra
47.366491,9.690969,osm_good_life_sports_hohenems_47.3665_9.6910,Good Life Sports Hohenems,palestra,palestra
47.413011,9.742118,osm_good_life_sports_dornbirn_47.4130_9.7421,Good Life Sports Dornbirn,palestra,palestra
47.498821,9.731638,osm_fitnessstudio_topfit_47.4988_9.7316,Fitnessstudio Top-Fit,palestra,palestra
47.031160,10.746829,osm_alpin_fitness_training_47.0312_10.7468,Alpin Fitness Training,palestra,palestra
47.481550,10.726806,osm_sportcenter_reutte_47.4816_10.7268,Sportcenter Reutte,palestra,palestra
47.160489,11.355055,osm_body_soul_47.1605_11.3551,Body & Soul,palestra,palestra
47.276879,11.448395,osm_fitinn_47.2769_11.4484,FITINN,palestra,palestra
47.161615,11.861652,osm_fitnesscenter_shape_47.1616_11.8617,Fitnesscenter Shape,palestra,palestra
47.340115,11.850207,osm_in_motion_47.3401_11.8502,IN MOTION,palestra,palestra
47.277998,12.482997,osm_active8_47.2780_12.4830,Active8,palestra,palestra
47.437063,12.402397,osm_invibe_47.4371_12.4024,Invibe,palestra,palestra
47.420143,12.847557,osm_injoy_47.4201_12.8476,INJOY,palestra,palestra
47.428608,11.876491,osm_gundis_fitness_47.4286_11.8765,Gundis Fitness,palestra,palestra
46.690167,11.642718,osm_lets_move_fitness_center_46.6902_11.6427,Let'S Move - Fitness Center,palestra,palestra
46.699605,11.646679,osm_rehateam_46.6996_11.6467,REHAteam,palestra,palestra
46.637956,11.562409,osm_am_training_studio_46.6380_11.5624,AM Training Studio,palestra,palestra
46.499833,11.339629,osm_fitnesslounge_46.4998_11.3396,Fitnesslounge,palestra,palestra
46.469277,11.329112,osm_bodys_best_form_46.4693_11.3291,Body´s Best Form,palestra,palestra
47.494339,11.095791,osm_clever_fit_47.4943_11.0958,Clever fit,palestra,palestra
47.494768,11.104152,osm_xfitness_gesundheitszentrum_47.4948_11.1042,X-Fitness Gesundheitszentrum,palestra,palestra
47.495595,11.094195,osm_fitlife_fitnessclub_47.4956_11.0942,Fit-Life Fitnessclub,palestra,palestra
38.087126,13.163980,osm_campo_sportivo_comunale_38.0871_13.1640,Campo Sportivo Comunale,palestra,palestra
47.163960,8.103432,osm_progress_47.1640_8.1034,Progress,palestra,palestra
46.193976,6.251297,osm_fitness_park_46.1940_6.2513,Fitness Park,palestra,palestra
47.398835,8.445500,osm_activ_fitness_schlieren_47.3988_8.4455,ACTIV Fitness Schlieren,palestra,palestra
41.856579,12.560186,osm_circolo_sportivo_imperi_41.8566_12.5602,Circolo sportivo Imperi,palestra,palestra
47.338577,8.618870,osm_indivico_47.3386_8.6189,Indivico,palestra,palestra
47.338231,8.619108,osm_physioline_47.3382_8.6191,Physioline,palestra,palestra
47.494783,8.749255,osm_activ_fitness_47.4948_8.7493,Activ Fitness,palestra,palestra
47.465915,8.327699,osm_discountfitch_47.4659_8.3277,discountfit.ch,palestra,palestra
45.460022,9.181895,osm_personal_training_studio_milano_ad_hoc_c_45.4600_9.1819,Personal Training Studio Milano AD HOC Carrobbio,palestra,palestra
45.410424,9.094701,osm_well_body_fit_45.4104_9.0947,Well & Body Fit,palestra,palestra
46.636885,11.560274,osm_fitnesscenter_klausen_46.6369_11.5603,Fitnesscenter Klausen,palestra,palestra
47.360583,8.518078,osm_atelier_yogart_47.3606_8.5181,Atelier Yogart,palestra,palestra
43.438914,13.641433,osm_pi_blu_43.4389_13.6414,Più Blu,palestra,palestra
47.145122,7.258056,osm_lets_go_fitness_47.1451_7.2581,Let‘s Go Fitness,palestra,palestra
44.678169,7.568086,osm_palestra_comunale_44.6782_7.5681,Palestra Comunale,palestra,palestra
47.495308,8.750208,osm_clever_fit_47.4953_8.7502,Clever fit,palestra,palestra
45.520638,12.148650,osm_trigonos_45.5206_12.1487,Trigonos,palestra,palestra
43.473343,12.227733,osm_clinique_43.4733_12.2277,Clinique,palestra,palestra
45.464470,12.212153,osm_mcfit_45.4645_12.2122,McFit,palestra,palestra
46.187332,6.127133,osm_activ_fitness_46.1873_6.1271,Activ Fitness,palestra,palestra
41.867484,12.549183,osm_palestra_roma_vitality_sport_41.8675_12.5492,Palestra Roma Vitality Sport,palestra,palestra
41.983329,12.510994,osm_colle_salario_41.9833_12.5110,Colle Salario,palestra,palestra
41.853978,12.451151,osm_get_up_41.8540_12.4512,Get Up,palestra,palestra
41.770804,12.362164,osm_movimento_verticale_41.7708_12.3622,Movimento Verticale,palestra,palestra
43.434510,13.660680,osm_palestra_43.4345_13.6607,Palestra,palestra,palestra
43.430256,13.662010,osm_palestra_43.4303_13.6620,Palestra,palestra,palestra
44.657453,11.136746,osm_pakestra_prince_44.6575_11.1367,Pakestra Prince,palestra,palestra
36.449550,10.724005,osm_energy_36.4496_10.7240,Energy,palestra,palestra
45.520341,10.229899,osm_hello_fit_revolution_45.5203_10.2299,Hello Fit Revolution,palestra,palestra
47.056757,8.327964,osm_yoga_center_luzern_47.0568_8.3280,Yoga Center Luzern,palestra,palestra
46.256405,10.517379,osm_palestra_fit_for_life_46.2564_10.5174,Palestra Fit for Life,palestra,palestra
47.023851,8.294851,osm_puregym_47.0239_8.2949,PureGym,palestra,palestra
44.103491,11.982565,osm_palestra_comunale_44.1035_11.9826,Palestra Comunale,palestra,palestra
44.495483,8.904738,osm_tonics_44.4955_8.9047,Tonic's,palestra,palestra
40.631376,14.409149,osm_open_club_palestre_40.6314_14.4091,Open Club Palestre,palestra,palestra
47.164104,9.478682,osm_activ_fitness_47.1641_9.4787,Activ Fitness,palestra,palestra
45.406270,9.921135,osm_my_personal_45.4063_9.9211,My Personal,palestra,palestra
45.410425,9.931309,osm_freebody_club_45.4104_9.9313,Freebody Club,palestra,palestra
46.073197,11.126733,osm_salus_46.0732_11.1267,Salus,palestra,palestra
40.856761,14.243745,osm_rocky_bulls_40.8568_14.2437,Rocky Bulls,palestra,palestra
43.723824,10.954340,osm_centro_kinetics_43.7238_10.9543,Centro Kinetics,palestra,palestra
46.055029,14.499353,osm_narodni_dom_46.0550_14.4994,Narodni dom,palestra,palestra
47.138642,7.246786,osm_puregym_47.1386_7.2468,PureGym,palestra,palestra
45.638662,9.223810,osm_crossfit_valax_45.6387_9.2238,Crossfit Valax,palestra,palestra
44.376886,7.523806,osm_palestra_o2_44.3769_7.5238,Palestra O2,palestra,palestra
47.256310,11.316834,osm_easyfitmed_47.2563_11.3168,easyfit-med,palestra,palestra
47.430375,11.736176,osm_lakesidegym_47.4304_11.7362,Lakeside-GYM,palestra,palestra
41.997721,14.994400,osm_luiss_gym_41.9977_14.9944,Luis's Gym,palestra,palestra
47.076723,15.461747,osm_ladyfit_graz_47.0767_15.4617,LadyFit Graz,palestra,palestra
47.434041,9.894152,osm_purfitness_premium_egg_47.4340_9.8942,Purfitness Premium Egg,palestra,palestra
45.558680,9.265045,osm_palextra_monza_asd_training_center_45.5587_9.2650,Palextra Monza A.S.D. Training Center,palestra,palestra
45.598193,9.241812,osm_moving_lissone_45.5982_9.2418,Moving Lissone,palestra,palestra
44.033598,15.615281,osm_gladijator_44.0336_15.6153,Gladijator,palestra,palestra
46.793365,9.820172,osm_davos_fitness_46.7934_9.8202,Davos Fitness,palestra,palestra
47.383145,8.668606,osm_puregym_47.3831_8.6686,PureGym,palestra,palestra
44.446680,8.893935,osm_energy_44.4467_8.8939,Energy,palestra,palestra
46.544277,6.660351,osm_lets_go_46.5443_6.6604,Let's go,palestra,palestra
43.720194,10.427122,osm_palestra_scuola_primaria_vasco_morroni_43.7202_10.4271,Palestra scuola primaria Vasco Morroni,palestra,palestra
37.081178,15.280114,osm_kiwy_club_37.0812_15.2801,Kiwy Club,palestra,palestra
44.385513,7.541068,osm_12100_cross_44.3855_7.5411,12100 Cross,palestra,palestra
37.096218,15.267413,osm_crossfit_tyrant_37.0962_15.2674,Crossfit Tyrant,palestra,palestra
37.096459,15.267197,osm_albi_center_37.0965_15.2672,Albi Center,palestra,palestra
37.088832,15.278688,osm_underground_37.0888_15.2787,Underground,palestra,palestra
37.082179,15.272746,osm_alessandro_paguni_37.0822_15.2727,Alessandro Paguni,palestra,palestra
40.368359,18.201990,osm_yourgym_40.3684_18.2020,Yourgym,palestra,palestra
45.688305,9.054270,osm_palestra_free_weights_45.6883_9.0543,Palestra Free Weights,palestra,palestra
41.639683,13.343228,osm_palestra_jump_asd_41.6397_13.3432,Palestra Jump ASD,palestra,palestra
47.406571,8.548391,osm_kampfkunstschmiede_47.4066_8.5484,Kampfkunstschmiede,palestra,palestra
37.079382,15.275495,osm_level_37.0794_15.2755,Level,palestra,palestra
46.014918,11.132581,osm_centro_benessere_greta_46.0149_11.1326,Centro benessere Greta,palestra,palestra
37.101415,15.271689,osm_fitness_club_37.1014_15.2717,Fitness Club,palestra,palestra
37.095928,15.267845,osm_move_in_time_37.0959_15.2678,Move in Time,palestra,palestra
43.873456,11.065691,osm_fit_star_fitness_club_43.8735_11.0657,Fit Star Fitness Club,palestra,palestra
44.902135,8.209193,osm_perfec7_coaching_asti_44.9021_8.2092,Perfec7 Coaching Asti,palestra,palestra
37.095515,15.271858,osm_palestra_jump_37.0955_15.2719,Palestra Jump,palestra,palestra
45.811889,15.151908,osm_4p_fitnessclub_novo_mesto_45.8119_15.1519,4P Fitnessclub Novo mesto,palestra,palestra
45.506335,10.826996,osm_parco_termale_aquardens_45.5063_10.8270,Parco Termale Aquardens,palestra,palestra
37.093168,15.290372,osm_total_fitness_37.0932_15.2904,Total Fitness,palestra,palestra
41.136789,16.845836,osm_crossfit080_41.1368_16.8458,Crossfit080,palestra,palestra
44.229393,12.051217,osm_fitactive_forl_44.2294_12.0512,FitActive Forlì,palestra,palestra
47.393230,8.485071,osm_intoku_47.3932_8.4851,Intoku,palestra,palestra
37.083935,15.288467,osm_warriors_37.0839_15.2885,Warriors,palestra,palestra
37.091353,15.288050,osm_new_olympia_club_37.0914_15.2881,New Olympia Club,palestra,palestra
45.654655,9.224193,osm_fitactive_45.6547_9.2242,FitActive,palestra,palestra
47.070830,15.432701,osm_vibes_fitness_47.0708_15.4327,Vibes Fitness,palestra,palestra
47.071048,15.438994,osm_vibes_fitness_47.0710_15.4390,Vibes Fitness,palestra,palestra
46.518224,6.517400,osm_lets_go_fitness_46.5182_6.5174,Let's Go Fitness,palestra,palestra
47.077832,15.454852,osm_vibes_fitness_47.0778_15.4549,Vibes Fitness,palestra,palestra
45.810780,10.070764,osm_the_gym_game_45.8108_10.0708,The Gym Game,palestra,palestra
36.823722,10.086323,osm_anis_36.8237_10.0863,ANIS,palestra,palestra
47.048612,8.260089,osm_athletic_sport_center_47.0486_8.2601,Athletic Sport Center,palestra,palestra
43.676345,10.431445,osm_quarter_body_fit_43.6763_10.4314,Quarter Body Fit,palestra,palestra
47.238659,6.021545,osm_basicfit_47.2387_6.0215,Basic-Fit,palestra,palestra
37.082054,15.282134,osm_b_zone_37.0821_15.2821,B Zone,palestra,palestra
37.088625,15.284925,osm_la_fonte_del_benessere_37.0886_15.2849,La Fonte del Benessere,palestra,palestra
47.446816,8.211641,osm_the_gym_47.4468_8.2116,The Gym,palestra,palestra
37.088743,15.289077,osm_sports_revolution_37.0887_15.2891,Sport's Revolution,palestra,palestra
41.887805,12.974246,osm_universal_gym_41.8878_12.9742,Universal Gym,palestra,palestra
46.318672,6.937351,osm_activ_fitness_46.3187_6.9374,Activ Fitness,palestra,palestra
45.860152,6.617874,osm_espace_forme_45.8602_6.6179,Espace forme,palestra,palestra
47.410955,9.625767,osm_update_fitness_47.4110_9.6258,update Fitness,palestra,palestra
46.934903,7.480767,osm_liechtifit_46.9349_7.4808,liechtifit,palestra,palestra
46.193494,6.165586,osm_nonstop_gym_46.1935_6.1656,Non-Stop Gym,palestra,palestra
46.942381,7.400978,osm_sh_fitness_46.9424_7.4010,SH fitness,palestra,palestra
45.544436,9.924380,osm_fitup_45.5444_9.9244,Fitup,palestra,palestra
46.010207,8.951250,osm_amore_in_relazione_imago_terapia_di_copp_46.0102_8.9512,"amore in relazione Imago, terapia di coppia",palestra,palestra
45.589941,9.896777,osm_fit_express_45.5899_9.8968,Fit Express,palestra,palestra
47.210566,14.806949,osm_clever_fit_47.2106_14.8069,Clever fit,palestra,palestra
43.783186,11.264643,osm_fit_and_go_43.7832_11.2646,Fit And Go,palestra,palestra
45.090248,7.659883,osm_fitactive_45.0902_7.6599,FitActive,palestra,palestra
46.094978,11.110130,osm_fitup_46.0950_11.1101,FitUp,palestra,palestra
47.261361,6.062422,osm_basicfit_47.2614_6.0624,Basic-Fit,palestra,palestra
47.272501,8.685237,osm_crossfit_meilen_47.2725_8.6852,CrossFit Meilen,palestra,palestra
38.209851,15.348982,osm_meeting_sporting_club_38.2099_15.3490,Meeting Sporting Club,palestra,palestra
45.722155,16.072391,osm_bull_gym_45.7222_16.0724,Bull Gym,palestra,palestra
40.636939,17.925109,osm_asd_mf_fitness_40.6369_17.9251,ASD M.F. Fitness,palestra,palestra
38.096972,13.314066,osm_athena_club_38.0970_13.3141,Athena Club,palestra,palestra
37.071951,15.285552,osm_body_studio_37.0720_15.2856,Body Studio,palestra,palestra
43.340748,13.575247,osm_palestra_comunale_montelupone_43.3407_13.5752,Palestra Comunale Montelupone,palestra,palestra
37.086357,15.288980,osm_muscle_fitness_37.0864_15.2890,Muscle & Fitness,palestra,palestra
37.075153,15.283566,osm_art_of_move_37.0752_15.2836,Art of Move,palestra,palestra
37.075756,15.284010,osm_palestra_archimede_37.0758_15.2840,Palestra Archimede,palestra,palestra
41.956893,13.536506,osm_azzurra_fit_village_41.9569_13.5365,Azzurra fit village,palestra,palestra
46.041528,9.150604,osm_4fit_46.0415_9.1506,4Fit,palestra,palestra
37.082250,15.276037,osm_sinergym_37.0823_15.2760,Sinergym,palestra,palestra
41.865143,12.479955,osm_mcfit_41.8651_12.4800,McFit,palestra,palestra
47.389625,8.493918,osm_survival_fitness_47.3896_8.4939,Survival Fitness,palestra,palestra
47.280567,8.454642,osm_carlson_gracie_jiu_jitsu_47.2806_8.4546,Carlson Gracie Jiu Jitsu,palestra,palestra
47.387387,8.539939,osm_pilatesfabrik_47.3874_8.5399,Pilatesfabrik,palestra,palestra
43.773177,11.233574,osm_time_out_43.7732_11.2336,Time Out,palestra,palestra
46.628518,14.301061,osm_movendus_46.6285_14.3011,Movendus,palestra,palestra
46.924200,7.413512,osm_activ_fitness_46.9242_7.4135,Activ Fitness,palestra,palestra
47.193590,8.852359,osm_physiotherapie_fitness_studio_fremouw_47.1936_8.8524,Physiotherapie & Fitness Studio Fremouw,palestra,palestra
37.067474,15.281833,osm_crossfit_lmb_37.0675_15.2818,Crossfit Lmb,palestra,palestra
46.215048,15.393736,osm_kockagym_46.2150_15.3937,KockaGym,palestra,palestra
44.802459,8.779021,osm_first_fitness_club_asd_44.8025_8.7790,First Fitness club asd,palestra,palestra
45.512652,9.610811,osm_world_of_fitness_45.5127_9.6108,World of Fitness,palestra,palestra
40.623937,17.926554,osm_uroboro_40.6239_17.9266,Uroboro,palestra,palestra
37.091662,15.292645,osm_palestra_zeus_37.0917_15.2926,Palestra Zeus,palestra,palestra
42.348490,13.395252,osm_yoga_laquila_42.3485_13.3953,Yoga L'Aquila,palestra,palestra
41.863967,12.549242,osm_roma_swimfitness_41.8640_12.5492,Roma Swim&fitness,palestra,palestra
41.862013,12.553617,osm_numidio_sporting_club_41.8620_12.5536,Numidio Sporting Club,palestra,palestra
43.105342,12.369272,osm_palestra_phoenix_43.1053_12.3693,Palestra Phoenix,palestra,palestra
46.413147,11.434617,osm_fit_for_me_sportstudio_46.4131_11.4346,Fit For Me - Sportstudio,palestra,palestra
45.477154,9.208484,osm_palestre_fitness_italia_45.4772_9.2085,Palestre Fitness Italia,palestra,palestra
43.746965,7.434322,osm_larvotto_gym_center_43.7470_7.4343,Larvotto Gym Center,palestra,palestra
43.775182,11.221811,osm_combat_lab_43.7752_11.2218,Combat Lab,palestra,palestra
40.645750,17.947395,osm_palestra_golden_40.6458_17.9474,Palestra Golden,palestra,palestra
37.063394,15.274313,osm_studio_uno_37.0634_15.2743,Studio Uno,palestra,palestra
45.432265,9.198788,osm_crossfit_ripamonti_45.4323_9.1988,CrossFit Ripamonti,palestra,palestra
45.060301,16.030906,osm_fitness_club_arena_45.0603_16.0309,Fitness club Arena,palestra,palestra
41.250726,13.596274,osm_golden_fitness_41.2507_13.5963,Golden Fitness,palestra,palestra
47.479306,10.721550,osm_sportbox_47.4793_10.7216,SportBox,palestra,palestra
41.916350,8.728998,osm_pla_41.9163_8.7290,Pla,palestra,palestra
44.387474,7.552363,osm_palestra_o2_44.3875_7.5524,Palestra O2,palestra,palestra
47.478856,12.053638,osm_xpack_47.4789_12.0536,X-Pack,palestra,palestra
37.070827,15.266195,osm_crossfit_siracusa_37.0708_15.2662,Crossfit Siracusa,palestra,palestra
37.083080,15.298837,osm_vertex_37.0831_15.2988,Vertex,palestra,palestra
47.237638,6.023170,osm_liberty_gym_47.2376_6.0232,Liberty Gym,palestra,palestra
47.400320,8.065076,osm_clever_fit_47.4003_8.0651,Clever fit,palestra,palestra
45.503574,11.903751,osm_spartan_movement_academy_45.5036_11.9038,Spartan Movement Academy,palestra,palestra
45.541174,9.187481,osm_busen_45.5412_9.1875,Bu-Sen,palestra,palestra
46.626311,14.312104,osm_injoy_46.6263_14.3121,INJOY,palestra,palestra
46.082354,18.214372,osm_doboz_mozgskzpont_46.0824_18.2144,Doboz Mozgásközpont,palestra,palestra
41.635749,13.323948,osm_hello_fit_frosinone_41.6357_13.3239,Hello Fit Frosinone,palestra,palestra
46.072373,18.216302,osm_mandala_jga_studio_46.0724_18.2163,Mandala Jóga Studio,palestra,palestra
37.102262,15.209231,osm_deluxefit_37.1023_15.2092,Deluxefit,palestra,palestra
42.920522,10.757937,osm_extrema_fighting_club_42.9205_10.7579,Extrema fighting club,palestra,palestra
46.074393,18.217192,osm_fitnexx_46.0744_18.2172,FitnexX,palestra,palestra
45.553845,18.707894,osm_xxl_fitness_45.5538_18.7079,XXL Fitness,palestra,palestra
44.126494,15.236989,osm_fitness_centar_popaj_44.1265_15.2370,Fitness Centar Popaj,palestra,palestra
46.071057,18.235966,osm_harcmvszeti_akadmia_46.0711_18.2360,Harcművészeti Akadémia,palestra,palestra
46.085321,6.981239,osm_salle_de_grimpe_bloc_46.0853_6.9812,Salle de grimpe bloc,palestra,palestra
44.793919,10.352536,osm_anytime_fitness_44.7939_10.3525,Anytime Fitness,palestra,palestra
41.868440,12.530739,osm_anytime_fitness_41.8684_12.5307,Anytime Fitness,palestra,palestra
41.931522,12.519208,osm_anytime_fitness_roma_viale_libia_41.9315_12.5192,Anytime Fitness - Roma Viale Libia,palestra,palestra
41.899336,12.566360,osm_anytime_fitness_roma_via_valente_41.8993_12.5664,Anytime Fitness - Roma Via Valente,palestra,palestra
41.917172,12.439053,osm_anytime_fitness_41.9172_12.4391,Anytime Fitness,palestra,palestra
41.910823,12.399853,osm_anytime_fitness_41.9108_12.3999,Anytime Fitness,palestra,palestra
41.909035,12.548871,osm_anytime_fitness_roma_via_dei_crispolti_41.9090_12.5489,Anytime Fitness - Roma Via dei Crispolti,palestra,palestra
39.939507,18.353163,osm_olympia_39.9395_18.3532,Olympia,palestra,palestra
45.832818,15.994646,osm_body_builder_klub_olympia_45.8328_15.9946,Body builder klub Olympia,palestra,palestra
43.464664,12.239399,osm_crossfit_43.4647_12.2394,CrossFit,palestra,palestra
44.071217,10.086382,osm_palestra_balance_44.0712_10.0864,Palestra Balance,palestra,palestra
43.599730,7.084842,osm_fitness_park_43.5997_7.0848,Fitness Park,palestra,palestra
46.201605,6.130250,osm_nonstop_gym_jonction_46.2016_6.1302,NonStop Gym Jonction,palestra,palestra
47.444270,8.464840,osm_clever_fit_47.4443_8.4648,Clever fit,palestra,palestra
44.563296,6.090052,osm_basicfit_44.5633_6.0901,Basic-Fit,palestra,palestra
47.020659,8.657672,osm_backinmotion_physiotherapie_47.0207_8.6577,Back-in-Motion Physiotherapie,palestra,palestra
47.008413,16.593785,osm_fittstdi_47.0084_16.5938,FittStúdió,palestra,palestra
46.134005,11.257086,osm_lake_fit_46.1340_11.2571,Lake Fit,palestra,palestra
46.717419,14.101571,osm_injoy_46.7174_14.1016,INJOY,palestra,palestra
46.944353,7.427020,osm_lets_go_fitness_ladies_46.9444_7.4270,Let's Go Fitness Ladies,palestra,palestra
46.766156,14.359077,osm_injoy_46.7662_14.3591,INJOY,palestra,palestra
46.945206,7.432815,osm_boxclub_bern_46.9452_7.4328,Boxclub Bern,palestra,palestra
47.243545,6.010247,osm_le_local_47.2435_6.0102,Le Local,palestra,palestra
46.943157,7.432340,osm_jazzercise_46.9432_7.4323,Jazzercise,palestra,palestra
46.509987,6.499106,osm_electrogym_46.5100_6.4991,Electrogym,palestra,palestra
46.196141,6.232225,osm_benfitcoach_46.1961_6.2322,BenfitCoach,palestra,palestra
43.680707,10.430561,osm_zone_43.6807_10.4306,ZONE,palestra,palestra
40.913289,14.215314,osm_zeus_40.9133_14.2153,Zeus,palestra,palestra
44.052976,10.050287,osm_stay_fit_wellness_club_44.0530_10.0503,Stay Fit Wellness Club,palestra,palestra
44.064976,10.073620,osm_over_the_top_44.0650_10.0736,Over The Top,palestra,palestra
47.226698,8.670462,osm_luftraum_47.2267_8.6705,luftraum,palestra,palestra
42.349728,13.402913,osm_eagle_fitness_center_laquila_42.3497_13.4029,Eagle Fitness center - L'Aquila,palestra,palestra
41.125287,14.781429,osm_fit_house_41.1253_14.7814,Fit House,palestra,palestra
40.810926,16.929104,osm_box_zeta_i_crossfit_40.8109_16.9291,Box Zeta I CrossFit,palestra,palestra
44.394583,7.552019,osm_boulegn_44.3946_7.5520,Boulegàn,palestra,palestra
46.572921,6.632208,osm_lets_go_fitness_46.5729_6.6322,Let's Go Fitness,palestra,palestra
47.069718,15.433865,osm_fit_intelligent_trainiert_47.0697_15.4339,FIT Intelligent Trainiert,palestra,palestra
44.511483,11.351965,osm_palestre_italiane_44.5115_11.3520,Palestre Italiane,palestra,palestra
46.966407,7.465989,osm_24_std_fitness_46.9664_7.4660,24 Std. Fitness,palestra,palestra
44.808513,10.282961,osm_fitness_time_44.8085_10.2830,Fitness Time,palestra,palestra
43.820612,7.770155,osm_romulo_fitness_43.8206_7.7702,Romulo Fitness,palestra,palestra
47.078615,14.425482,osm_fit2fun_47.0786_14.4255,Fit2Fun,palestra,palestra
43.845274,13.025038,osm_tigerfit_asd_body_experience_43.8453_13.0250,Tigerfit Asd Body Experience,palestra,palestra
47.212118,6.097464,osm_saone_fit_47.2121_6.0975,Saone Fit,palestra,palestra
43.189413,12.134304,osm_estetica_fidias_43.1894_12.1343,Estetica Fidias,palestra,palestra
46.164777,6.103659,osm_activ_fitness_46.1648_6.1037,Activ Fitness,palestra,palestra
42.401533,14.052220,osm_new_palextra_42.4015_14.0522,New Palextra,palestra,palestra
42.402264,14.055307,osm_fitness_room_42.4023_14.0553,Fitness Room,palestra,palestra
47.412397,8.541798,osm_nonstop_gym_47.4124_8.5418,NonStop Gym,palestra,palestra
44.088967,9.994798,osm_energy_44.0890_9.9948,Energy,palestra,palestra
43.825175,7.771487,osm_cwk_scuola_arti_marziali_43.8252_7.7715,CWK Scuola Arti Marziali,palestra,palestra
41.493859,14.594504,osm_spazio_kinetico_41.4939_14.5945,Spazio Kinetico,palestra,palestra
46.953070,16.271492,osm_ernlt_terem_46.9531_16.2715,Erőnlét Terem,palestra,palestra
47.045240,8.320218,osm_street_workout_47.0452_8.3202,Street Workout,palestra,palestra
47.174892,8.516707,osm_migros_fitnesspark_zug_47.1749_8.5167,Migros Fitnesspark Zug,palestra,palestra
45.746671,8.565188,osm_palestra_new_athlon_45.7467_8.5652,Palestra New Athlon,palestra,palestra
47.052448,8.358188,osm_vitaparcours_meggerwald_47.0524_8.3582,Vitaparcours Meggerwald,palestra,palestra
45.464595,9.173167,osm_studio_vedres_45.4646_9.1732,Studio Vedres,palestra,palestra
47.082385,8.400490,osm_vitaparcours_udligenswil_47.0824_8.4005,Vitaparcours Udligenswil,palestra,palestra
45.492199,10.734481,osm_la_quercia_fitness_45.4922_10.7345,La Quercia Fitness,palestra,palestra
46.060927,13.233230,osm_palestra_uptown_46.0609_13.2332,Palestra Uptown,palestra,palestra
46.856071,8.640415,osm_simon_briker_training_46.8561_8.6404,Simon Briker Training,palestra,palestra
46.879058,8.650306,osm_nicas_gym_46.8791_8.6503,Nicas Gym,palestra,palestra
45.467476,9.152728,osm_getfit_ravizza_45.4675_9.1527,GetFIT - Ravizza,palestra,palestra
36.357555,10.531221,osm_workout_36.3576_10.5312,Workout,palestra,palestra
45.473101,8.912729,osm_studio_pilates_corbetta_45.4731_8.9127,Studio Pilates Corbetta,palestra,palestra
44.732751,18.086653,osm_gradska_teretana_44.7328_18.0867,Gradska Teretana,palestra,palestra
46.930148,7.427831,osm_discountfit_46.9301_7.4278,discountfit,palestra,palestra
36.761336,8.329746,osm_poi_36.7613_8.3297,المركب الرياضي,palestra,palestra
47.055116,6.604744,osm_libert_fitness_47.0551_6.6047,Liberté Fitness,palestra,palestra
47.054605,6.604639,osm_libfit_47.0546_6.6046,Lib'Fit,palestra,palestra
36.763708,8.310364,osm_poi_36.7637_8.3104,قاعة متعددة الرياضات المجاهد طويل علي بن محمد,palestra,palestra
45.760710,8.553938,osm_palestra_siskj_45.7607_8.5539,Palestra S.I.S.K.J,palestra,palestra
41.853779,12.478424,osm_functional_jungle_gym_41.8538_12.4784,Functional Jungle Gym,palestra,palestra
46.180394,12.277385,osm_fase_20_46.1804_12.2774,Fase 2.0,palestra,palestra
47.387209,8.496580,osm_david_gym_48_47.3872_8.4966,David Gym 48,palestra,palestra
43.695997,7.265120,osm_fitness_park_43.6960_7.2651,Fitness Park,palestra,palestra
47.412323,8.624784,osm_xsund_fit_47.4123_8.6248,Xsund + Fit,palestra,palestra
44.585555,11.368875,osm_kings_club_44.5856_11.3689,King's Club,palestra,palestra
38.175363,13.300544,osm_ksw_calisthenics_studio_38.1754_13.3005,KSW Calisthenics Studio,palestra,palestra
42.712011,18.354530,osm_energy_gym_42.7120_18.3545,Energy gym,palestra,palestra
45.463326,9.227588,osm_mcfit_45.4633_9.2276,McFit,palestra,palestra
44.034916,10.055868,osm_aam_accademia_arti_marziali_44.0349_10.0559,AAM - Accademia Arti Marziali,palestra,palestra
45.551253,18.695532,osm_blue_gym_sjenjak_45.5513_18.6955,Blue Gym Sjenjak,palestra,palestra
40.935031,14.260181,osm_palestra_ellade_40.9350_14.2602,Palestra Ellade,palestra,palestra
41.807296,12.681595,osm_tusculum_sport_center_41.8073_12.6816,Tusculum Sport Center,palestra,palestra
41.803863,12.675681,osm_palestra_comunale_citt_di_frascati_41.8039_12.6757,Palestra Comunale Città di Frascati,palestra,palestra
42.416373,14.181376,osm_metropolitan_42.4164_14.1814,Metropolitan,palestra,palestra
46.929901,7.416606,osm_efit_46.9299_7.4166,Efit,palestra,palestra
45.067666,7.691253,osm_fit_go_45.0677_7.6913,Fit & Go,palestra,palestra
44.278557,11.915280,osm_unity_44.2786_11.9153,Unity,palestra,palestra
40.173873,18.028382,osm_palestra_golds_gym_40.1739_18.0284,Palestra Gold's Gym,palestra,palestra
36.742308,10.207535,osm_club_med_gym_36.7423_10.2075,Club Med Gym,palestra,palestra
43.554704,6.957040,osm_keepcool_43.5547_6.9570,KeepCool,palestra,palestra
45.887175,11.030843,osm_life_rovereto_asd_45.8872_11.0308,Life Rovereto A.S.D,palestra,palestra
47.492432,11.101627,osm_playground_functional_movement_47.4924_11.1016,Playground Functional Movement,palestra,palestra
46.997597,7.460057,osm_discountfit_46.9976_7.4601,discountfit,palestra,palestra
46.998269,7.459754,osm_bfit_46.9983_7.4598,B-Fit,palestra,palestra
46.604572,14.303216,osm_crossfit_9020_46.6046_14.3032,CrossFit 9020,palestra,palestra
46.909546,6.342130,osm_liberty_gym_46.9095_6.3421,Liberty Gym,palestra,palestra
46.912744,6.351444,osm_pontarlier_gym_46.9127_6.3514,Pontarlier Gym,palestra,palestra
43.580840,7.007142,osm_basicfit_43.5808_7.0071,Basic-Fit,palestra,palestra
41.220696,16.075307,osm_reasport_41.2207_16.0753,Reasport,palestra,palestra
45.899937,6.119790,osm_yoga_bikram_annecy_45.8999_6.1198,Yoga Bikram Annecy,palestra,palestra
46.963390,8.359015,osm_raum_der_welten_46.9634_8.3590,Raum der Welten,palestra,palestra
46.198109,9.024849,osm_palestra_sfg_bellinzona_46.1981_9.0248,Palestra SFG Bellinzona,palestra,palestra
47.115996,17.915074,osm_be_fit_power_plate_stdi_47.1160_17.9151,Be Fit Power Plate stúdió,palestra,palestra
47.107551,17.922643,osm_mangala_jga_stdi_47.1076_17.9226,Mangala Jóga Stúdió,palestra,palestra
37.080958,15.291740,osm_palestra_flygroup_37.0810_15.2917,Palestra Flygroup,palestra,palestra
45.462439,9.167777,osm_getfit_via_vico_45.4624_9.1678,GetFIT - Via Vico,palestra,palestra
46.640820,11.684296,osm_fitness_studio_x2_46.6408_11.6843,Fitness Studio X2,palestra,palestra
47.105949,6.824792,osm_tosal_gym_47.1059_6.8248,Tosal Gym,palestra,palestra
45.327099,8.411642,osm_power_house_di_michele_spampinato_45.3271_8.4116,Power House di Michele Spampinato,palestra,palestra
46.525993,6.631408,osm_wellness_sport_club_46.5260_6.6314,Wellness Sport Club,palestra,palestra
47.372365,7.999944,osm_xinqi_taiji_und_qigong_schule_47.3724_7.9999,XIN-QI Taiji und Qigong Schule,palestra,palestra
42.344879,13.414912,osm_zerogravity_42.3449_13.4149,ZeroGravity,palestra,palestra
47.403096,8.405416,osm_discount_fit_47.4031_8.4054,Discount Fit,palestra,palestra
45.025514,14.586187,osm_fitness_centar_45.0255_14.5862,Fitness Centar,palestra,palestra
46.812901,7.112287,osm_energym_46.8129_7.1123,Energym,palestra,palestra
47.252259,8.768444,osm_chili_health_hombrechtikon_47.2523_8.7684,Chili Health Hombrechtikon,palestra,palestra
47.253144,8.695610,osm_chili_health_mnnedorf_47.2531_8.6956,Chili Health Männedorf,palestra,palestra
47.299382,8.837430,osm_chili_health_hinwil_47.2994_8.8374,Chili Health Hinwil,palestra,palestra
45.470877,10.851154,osm_palestra_4you_45.4709_10.8512,Palestra 4you,palestra,palestra
45.513236,12.186590,osm_new_area_athletics_45.5132_12.1866,New Area Athletics,palestra,palestra
43.556192,6.954115,osm_basicfit_43.5562_6.9541,Basic-Fit,palestra,palestra
43.780036,11.283138,osm_piscina_artemio_franchi_43.7800_11.2831,Piscina Artemio Franchi,palestra,palestra
43.767512,11.290949,osm_palestra_43.7675_11.2909,Palestra,palestra,palestra
43.767399,11.292578,osm_piscina_piccola_43.7674_11.2926,Piscina piccola,palestra,palestra
46.221334,6.097272,osm_harmony_46.2213_6.0973,Harmony,palestra,palestra
47.408009,8.724031,osm_fritz_47.4080_8.7240,Fritz,palestra,palestra
44.697164,10.469162,osm_dynamica_fitness_44.6972_10.4692,Dynamica Fitness,palestra,palestra
46.806409,15.560812,osm_myfit_46.8064_15.5608,MyFit,palestra,palestra
47.181617,8.519019,osm_bodyworx_47.1816_8.5190,Bodyworx,palestra,palestra
45.659370,8.808444,osm_gyms_45.6594_8.8084,Gym's,palestra,palestra
47.215548,7.560414,osm_fitness_move_it_47.2155_7.5604,Fitness Move it,palestra,palestra
47.428886,8.687160,osm_bodyone_47.4289_8.6872,BodyOne,palestra,palestra
46.796919,15.559962,osm_injoy_46.7969_15.5600,INJOY,palestra,palestra
45.552543,11.541700,osm_studio_f_pilates_body_45.5525_11.5417,Studio F - Pilates & Body,palestra,palestra
45.800896,15.711377,osm_qfit_45.8009_15.7114,Qfit,palestra,palestra
47.359796,7.351154,osm_blocup_salle_de_bloc_47.3598_7.3512,BlocUp Salle de Bloc,palestra,palestra
43.508223,16.466858,osm_my_look_43.5082_16.4669,My Look,palestra,palestra
41.731408,12.304628,osm_palestra_insane_squad_training_41.7314_12.3046,Palestra Insane Squad Training,palestra,palestra
43.204732,17.665814,osm_fitness_teretana_i_aerobik_43.2047_17.6658,"Fitness, teretana i aerobik",palestra,palestra
44.643901,10.386465,osm_respira_studio_pilates_44.6439_10.3865,Respira Studio Pilates,palestra,palestra
43.842614,13.005257,osm_palestra_oleonardi_43.8426_13.0053,Palestra O.Leonardi,palestra,palestra
46.925150,6.344215,osm_lemon_one_fitness_46.9251_6.3442,Lemon One Fitness,palestra,palestra
44.045859,10.032118,osm_scuola_di_wing_chun_44.0459_10.0321,Scuola di wing chun,palestra,palestra
47.106145,6.837348,osm_evolution_47.1061_6.8373,Evolution,palestra,palestra
37.088985,15.270541,osm_swan_37.0890_15.2705,Swan,palestra,palestra
45.051905,17.312122,osm_ahilej_45.0519_17.3121,Ahilej,palestra,palestra
46.660319,16.165318,osm_t_spot_studio_46.6603_16.1653,T spot studio,palestra,palestra
46.798969,13.495637,osm_clever_fit_46.7990_13.4956,Clever fit,palestra,palestra
37.088528,15.263584,osm_sicania_sport_37.0885_15.2636,Sicania Sport,palestra,palestra
47.406579,8.548406,osm_yoga2day_47.4066_8.5484,Yoga2day,palestra,palestra
44.950734,12.329164,osm_palestra_comunale_di_via_giordano_44.9507_12.3292,Palestra comunale di Via Giordano,palestra,palestra
44.949249,12.329808,osm_palestra_sportiva_comunale_44.9492_12.3298,Palestra sportiva comunale,palestra,palestra
46.019091,11.904450,osm_manifattura_di_benessere_46.0191_11.9045,Manifattura di Benessere,palestra,palestra
40.822061,14.215502,osm_crossfit_posillipo_40.8221_14.2155,Crossfit Posillipo,palestra,palestra
47.363155,8.557949,osm_mrs_sporty_47.3632_8.5579,Mrs. Sporty,palestra,palestra
44.375351,11.733008,osm_xbene_44.3754_11.7330,XBene,palestra,palestra
43.525877,6.449868,osm_vita_libert_43.5259_6.4499,Vita liberté,palestra,palestra
45.465317,9.162220,osm_virgin_active_45.4653_9.1622,Virgin Active,palestra,palestra
40.361424,18.190651,osm_crossfit_40.3614_18.1907,CrossFit,palestra,palestra
46.262270,6.118101,osm_centre_sportif_henriettedangeville_46.2623_6.1181,Centre sportif Henriette-d'Angeville,palestra,palestra
43.509408,16.467916,osm_quattro_43.5094_16.4679,Quattro,palestra,palestra
45.134921,7.072782,osm_individual_training_45.1349_7.0728,Individual Training,palestra,palestra
46.015559,11.903999,osm_fitness_studio_46.0156_11.9040,Fitness studio,palestra,palestra
45.432992,10.710199,osm_b12_fitness_45.4330_10.7102,B12 Fitness,palestra,palestra
43.601447,7.083218,osm_basicfit_43.6014_7.0832,Basic-Fit,palestra,palestra
43.600580,7.082936,osm_topfit_43.6006_7.0829,Topfit,palestra,palestra
47.017901,8.307677,osm_liffitness24ch_47.0179_8.3077,LifFitness24.ch,palestra,palestra
47.030111,7.748585,osm_trainiq_kig_47.0301_7.7486,TrainiQ KIG,palestra,palestra
46.464206,6.839092,osm_lets_go_fitness_46.4642_6.8391,Let's Go Fitness,palestra,palestra
47.199638,8.796319,osm_groovi_fitness_47.1996_8.7963,groovi fitness,palestra,palestra
46.953354,7.458569,osm_update_fitness_46.9534_7.4586,update Fitness,palestra,palestra
41.911283,12.569704,osm_palestra_azzurro_sporting_club_41.9113_12.5697,Palestra Azzurro Sporting Club,palestra,palestra
47.180021,8.127961,osm_yoga_mit_leichtigkeit_47.1800_8.1280,Yoga mit Leichtigkeit,palestra,palestra
42.480444,14.193409,osm_360_training_club_ssd_42.4804_14.1934,360 Training Club S.S.D.,palestra,palestra
45.023510,11.292467,osm_palextra_45.0235_11.2925,Palextra,palestra,palestra
37.090874,15.275612,osm_icon_palestre_37.0909_15.2756,Icon Palestre,palestra,palestra
47.354948,8.709957,osm_wing_tsun_47.3549_8.7100,Wing Tsun,palestra,palestra
45.649315,9.213176,osm_centro_yoga_sathyam_45.6493_9.2132,Centro yoga Sathyam,palestra,palestra
45.596189,9.139150,osm_il_nascondino_45.5962_9.1391,Il Nascondino,palestra,palestra
47.066579,15.469680,osm_studyo_lisa_schopp_47.0666_15.4697,Studyo - Lisa Schopp,palestra,palestra
37.515514,15.097104,osm_mcfit_37.5155_15.0971,McFit,palestra,palestra
47.378005,8.557066,osm_yoga_am_zrichberg_47.3780_8.5571,Yoga am Zürichberg,palestra,palestra
47.090672,15.416752,osm_afc_47.0907_15.4168,A.F.C.,palestra,palestra
42.457664,14.219625,osm_palestra_adel_42.4577_14.2196,Palestra Adel,palestra,palestra
45.957641,15.495306,osm_kings_gym_45.9576_15.4953,King's Gym,palestra,palestra
45.541683,9.016806,osm_maxifit_45.5417_9.0168,MaxiFit,palestra,palestra
45.524667,9.266595,osm_maxifit_cologno_monzese_45.5247_9.2666,MaxiFit Cologno Monzese,palestra,palestra
43.353305,17.793869,osm_gladiator_43.3533_17.7939,Gladiator,palestra,palestra
45.488268,9.216164,osm_sporting_club_leonard_45.4883_9.2162,Sporting Club Leonard,palestra,palestra
45.544576,9.097066,osm_maxifit_45.5446_9.0971,MaxiFit,palestra,palestra
45.551757,6.643348,osm_crossfit_kintsugi_45.5518_6.6433,CrossFit Kintsugi,palestra,palestra
43.341777,17.801861,osm_mogym_43.3418_17.8019,Mo-Gym,palestra,palestra
44.402855,8.955162,osm_body_gym_44.4029_8.9552,Body Gym,palestra,palestra
45.822285,8.837670,osm_fitactive_45.8223_8.8377,FitActive,palestra,palestra
46.933817,7.418521,osm_gym7097_46.9338_7.4185,Gym7097,palestra,palestra
37.217643,14.527104,osm_iron_fitness_club_37.2176_14.5271,Iron Fitness Club,palestra,palestra
45.344851,7.748905,osm_olympia_45.3449_7.7489,Olympia,palestra,palestra
45.345836,7.752782,osm_maber_studio_45.3458_7.7528,MaBer Studio,palestra,palestra
44.404229,8.935478,osm_fitactive_44.4042_8.9355,FitActive,palestra,palestra
45.801592,15.713918,osm_energy_fitness_samobor_45.8016_15.7139,Energy fitness Samobor,palestra,palestra
47.364411,9.685267,osm_begle_balance_47.3644_9.6853,Begle Balance,palestra,palestra
47.416420,7.077115,osm_lets_go_fitness_47.4164_7.0771,Let's Go Fitness,palestra,palestra
43.524119,6.471458,osm_la_salle_43.5241_6.4715,La Salle,palestra,palestra
43.045112,10.886434,osm_palestra_dinamica_43.0451_10.8864,Palestra Dinamica,palestra,palestra
47.367112,9.687621,osm_iyengar_yoga_west_47.3671_9.6876,Iyengar Yoga West,palestra,palestra
45.606712,11.564951,osm_garage_training_45.6067_11.5650,Garage Training,palestra,palestra
47.487988,7.615659,osm_bodystories_praxis_fr_rolfing_47.4880_7.6157,Bodystories Praxis für Rolfing,palestra,palestra
45.459327,9.169433,osm_iyengar_yoga_45.4593_9.1694,Iyengar Yoga,palestra,palestra
45.460766,9.172399,osm_nalu_yoga_45.4608_9.1724,Nalu Yoga,palestra,palestra
47.044641,15.520878,osm_p2_fitness_studio_47.0446_15.5209,P2 Fitness Studio,palestra,palestra
46.909063,6.340451,osm_ltage_sport_club_46.9091_6.3405,L'Étage Sport Club,palestra,palestra
44.038950,10.060176,osm_palestra_heavy_work_44.0389_10.0602,Palestra Heavy Work,palestra,palestra
47.486891,12.062666,osm_ems_world_47.4869_12.0627,EMS World,palestra,palestra
45.056683,7.636517,osm_orange_rosselli_45.0567_7.6365,Orange Rosselli,palestra,palestra
43.026523,10.603895,osm_futura_athletic_club_43.0265_10.6039,Futura athletic club,palestra,palestra
44.454184,18.647990,osm_fitness_centar_ampion_44.4542_18.6480,Fitness centar Šampion,palestra,palestra
47.364937,9.690561,osm_studio_twenty_minutes_47.3649_9.6906,Studio twenty minutes,palestra,palestra
43.572938,12.144795,osm_palestra_giovagnoli_43.5729_12.1448,Palestra Giovagnoli,palestra,palestra
44.544301,6.062848,osm_instinct_fitness_44.5443_6.0628,Instinct Fitness,palestra,palestra
43.831593,10.520229,osm_genesi_fitness_43.8316_10.5202,Genesi Fitness,palestra,palestra
45.595556,8.894509,osm_avm_45.5956_8.8945,AVM,palestra,palestra
47.164559,9.464150,osm_jam_29_aerobic_factory_47.1646_9.4642,JAM 29 AEROBIC FACTORY,palestra,palestra
47.418910,7.081051,osm_aristote_concept_47.4189_7.0811,Aristote Concept,palestra,palestra
46.812944,15.225907,osm_domis_fitgarage_46.8129_15.2259,Domi's FitGarage,palestra,palestra
46.812865,15.225998,osm_boutique_fitnesstudio_steirafit_46.8129_15.2260,Boutique Fitnesstudio SteiraFIT,palestra,palestra
46.149333,7.174531,osm_dfi_sport_46.1493_7.1745,Défi Sport,palestra,palestra
40.637153,17.943472,osm_boxe_iaia_40.6372_17.9435,Boxe Iaia,palestra,palestra
40.632632,17.945356,osm_palestra_amilcare_giuseppe_oddo_40.6326_17.9454,Palestra Amilcare Giuseppe Oddo,palestra,palestra
45.823955,8.839258,osm_centro_sport_varese_45.8240_8.8393,Centro Sport Varese,palestra,palestra
43.955191,11.128174,osm_fit_in_valley_43.9552_11.1282,Fit In Valley,palestra,palestra
46.465380,17.014883,osm_victory_fitness_46.4654_17.0149,Victory Fitness,palestra,palestra
45.747320,8.554395,osm_arona_active_45.7473_8.5544,Arona Active,palestra,palestra
43.559671,11.853799,osm_olympic_in_43.5597_11.8538,Olympic In,palestra,palestra
45.699574,8.456575,osm_societ_sportiva_pesistica_borgomanero_45.6996_8.4566,Società Sportiva Pesistica Borgomanero,palestra,palestra
46.901748,6.350869,osm_crazy_form_46.9017_6.3509,Crazy Form,palestra,palestra
42.939924,10.504112,osm_morph_fitness_wellness_lab_42.9399_10.5041,"Morphè - Fitness, Wellness & Lab",palestra,palestra
46.241515,13.155545,osm_shiva_shakty_46.2415_13.1555,Shiva Shakty,palestra,palestra
39.242471,9.192378,osm_kalos_workout_garage_39.2425_9.1924,Kalos Workout Garage,palestra,palestra
42.446478,14.201175,osm_fashion_palestre_42.4465_14.2012,Fashion Palestre,palestra,palestra
43.954641,11.377839,osm_gymnasium_club_43.9546_11.3778,Gymnasium Club,palestra,palestra
46.934118,7.417988,osm_crossfit_bern_vidmar_46.9341_7.4180,Crossfit Bern Vidmar,palestra,palestra
43.761243,11.241183,osm_bodytec_43.7612_11.2412,Bodytec,palestra,palestra
43.760702,11.241295,osm_urban_gym_43.7607_11.2413,Urban Gym,palestra,palestra
45.459433,10.485033,osm_erboristeria_punto_benessere_45.4594_10.4850,Erboristeria Punto benessere,palestra,palestra
44.386018,7.812726,osm_asd_shuren_dojo_44.3860_7.8127,A.S.D. - Shuren Dojo,palestra,palestra
44.401117,7.826803,osm_evolution_gym_44.4011_7.8268,Evolution Gym,palestra,palestra
44.388266,7.820098,osm_centro_fitness_44.3883_7.8201,Centro Fitness,palestra,palestra
45.839719,8.838008,osm_gymnic_club_45.8397_8.8380,Gymnic Club,palestra,palestra
44.396558,7.823752,osm_fazzari_workout_44.3966_7.8238,Fazzari Workout,palestra,palestra
43.772089,11.248807,osm_florence_fitness_43.7721_11.2488,Florence Fitness,palestra,palestra
41.854709,12.589569,osm_synergym_cancun_41.8547_12.5896,Synergym Cancun,palestra,palestra
43.779897,11.239627,osm_sporting_club_savasana_43.7799_11.2396,Sporting Club Savasana,palestra,palestra
43.788984,11.230307,osm_fit_and_go_43.7890_11.2303,Fit and Go,palestra,palestra
47.427765,9.374495,osm_activ_fitness_47.4278_9.3745,Activ Fitness,palestra,palestra
47.414999,8.622421,osm_puregym_47.4150_8.6224,PureGym,palestra,palestra
47.426633,9.377023,osm_update_fitness_47.4266_9.3770,update Fitness,palestra,palestra
45.916546,6.132005,osm_olness_45.9165_6.1320,Olness,palestra,palestra
42.450527,14.209439,osm_freeweight_palestra_42.4505_14.2094,FreeWeight Palestra,palestra,palestra
46.557129,15.650683,osm_bodifit_46.5571_15.6507,BODIFIT,palestra,palestra
42.459545,14.216984,osm_crossfit_42.4595_14.2170,CrossFit,palestra,palestra
41.846737,12.627069,osm_xgym_41.8467_12.6271,XGym,palestra,palestra
44.389776,7.821580,osm_in_linea_sport_studio_44.3898_7.8216,In Linea Sport Studio,palestra,palestra
44.385226,7.818611,osm_planet_fitness_asd_44.3852_7.8186,Planet Fitness - A.S.D.,palestra,palestra
44.418464,7.846932,osm_palestra_o2_44.4185_7.8469,Palestra O2,palestra,palestra
44.403526,7.828985,osm_force_fitness_44.4035_7.8290,Force Fitness,palestra,palestra
42.455984,14.222187,osm_miafit_42.4560_14.2222,MiaFit,palestra,palestra
42.457605,14.221951,osm_silver_gym_42.4576_14.2220,Silver Gym,palestra,palestra
42.452063,14.229923,osm_fight_clubbing_42.4521_14.2299,Fight Clubbing,palestra,palestra
45.138961,8.456488,osm_palestra_vecchia_45.1390_8.4565,Palestra vecchia,palestra,palestra
45.138537,8.456354,osm_palestra_nuova_45.1385_8.4564,Palestra nuova,palestra,palestra
45.099655,8.729266,osm_energy_fitness_45.0997_8.7293,Energy Fitness,palestra,palestra
47.165364,8.283713,osm_activ_fitness_47.1654_8.2837,Activ Fitness,palestra,palestra
47.054832,8.344490,osm_athltx_47.0548_8.3445,athltx,palestra,palestra
37.308208,13.642547,osm_palestra_fitness_club_37.3082_13.6425,Palestra Fitness Club,palestra,palestra
42.464433,14.221785,osm_ego_lab_training_srl_ssd_42.4644_14.2218,Ego Lab Training srl ssd,palestra,palestra
43.715342,10.411119,osm_world_fitness_43.7153_10.4111,World Fitness,palestra,palestra
43.557106,7.014996,osm_body_fast_43.5571_7.0150,Body Fast,palestra,palestra
43.343061,17.775827,osm_body_zone_fitness_club_43.3431_17.7758,Body Zone Fitness Club,palestra,palestra
43.529950,10.328270,osm_evo_one_club_43.5300_10.3283,Evo one club,palestra,palestra
45.798160,15.993149,osm_fitness_centar_trnje_45.7982_15.9931,Fitness centar Trnje,palestra,palestra
46.338522,18.697445,osm_f7_training_zone_46.3385_18.6974,F7 Training Zone,palestra,palestra
45.850965,9.394341,osm_gocce_di_relax_45.8510_9.3943,Gocce di relax,palestra,palestra
36.457684,10.746570,osm_salle_de_sport_36.4577_10.7466,Salle de sport,palestra,palestra
47.425209,8.299993,osm_goodfit_47.4252_8.3000,Goodfit,palestra,palestra
41.841963,12.594792,osm_miriade_41.8420_12.5948,Miriade,palestra,palestra
47.204973,15.637748,osm_pole_beat_das_pole_dance_fitness_studio_47.2050_15.6377,Pole Beat - Das Pole Dance & Fitness Studio,palestra,palestra
45.633666,13.779481,osm_webfit_45.6337_13.7795,WebFit,palestra,palestra
46.792250,10.238098,osm_hif_sportclasse_46.7922_10.2381,HIF Sportclasse,palestra,palestra
44.655183,10.933689,osm_centro_la_fenice_44.6552_10.9337,Centro La Fenice,palestra,palestra
45.665750,9.137213,osm_tree_of_life_studio_pilates_45.6658_9.1372,Tree of Life. Studio Pilates,palestra,palestra
41.868172,12.484794,osm_fitness_center_41.8682_12.4848,Fitness center,palestra,palestra
45.409923,11.810548,osm_body_lab_45.4099_11.8105,Body Lab,palestra,palestra
43.870299,11.098378,osm_palestra_baumann_43.8703_11.0984,Palestra Baumann,palestra,palestra
41.959016,12.799897,osm_bushido_tivoli_41.9590_12.7999,Bushido Tivoli,palestra,palestra
42.474322,14.206060,osm_palestra_pescara_kinea_42.4743_14.2061,Palestra Pescara Kinea,palestra,palestra
45.653757,8.803632,osm_you_personal_trainer_45.6538_8.8036,You Personal Trainer,palestra,palestra
45.656653,8.798963,osm_urban_fitness_gallarate_45.6567_8.7990,Urban Fitness Gallarate,palestra,palestra
47.047669,15.150313,osm_fitnessstudio_pump_this_47.0477_15.1503,Fitnessstudio PUMP THIS!,palestra,palestra
42.386505,14.155013,osm_cyborg_42.3865_14.1550,Cyborg,palestra,palestra
46.838900,14.840800,osm_healthcare24_46.8389_14.8408,Healthcare24,palestra,palestra
46.838900,14.840800,osm_body_street_46.8389_14.8408,Body Street,palestra,palestra
43.457235,6.480386,osm_la_salle_43.4572_6.4804,La salle,palestra,palestra
46.225774,16.109497,osm_gym_23_46.2258_16.1095,Gym 23,palestra,palestra
45.453955,10.975300,osm_centro_forma_evolution_45.4540_10.9753,Centro Forma Evolution,palestra,palestra
45.610869,7.354182,osm_sala_pesi_45.6109_7.3542,Sala pesi,palestra,palestra
46.779447,6.624936,osm_vo2_sport_46.7794_6.6249,VO2 Sport,palestra,palestra
42.443337,14.174882,osm_palestra_colosseum_42.4433_14.1749,Palestra Colosseum,palestra,palestra
45.495736,10.167298,osm_artistica_brescia_45.4957_10.1673,Artistica Brescia,palestra,palestra
45.496919,10.735232,osm_spiaggia_doro_gym_45.4969_10.7352,Spiaggia D'Oro Gym,palestra,palestra
41.682147,12.504365,osm_crossfit_black_shark_41.6821_12.5044,CrossFit Black Shark,palestra,palestra
41.668488,12.493796,osm_phoenix_gym_41.6685_12.4938,Phoenix Gym,palestra,palestra
47.158344,10.589597,osm_invibe_47.1583_10.5896,INVIBE,palestra,palestra
41.664852,13.427887,osm_flex_n_fit_41.6649_13.4279,Flex N Fit,palestra,palestra
43.688768,7.230425,osm_accelerefr_43.6888_7.2304,Accelere.Fr,palestra,palestra
45.841201,9.049297,osm_kinesis_studio_45.8412_9.0493,Kinesis Studio,palestra,palestra
43.665042,7.170516,osm_basicfit_43.6650_7.1705,Basic-Fit,palestra,palestra
45.155897,10.764919,osm_crossfit_air_45.1559_10.7649,CrossFit Air,palestra,palestra
45.651236,9.196899,osm_isola_del_fitness_45.6512_9.1969,Isola del fitness,palestra,palestra
44.001233,12.636131,osm_co_wellness_44.0012_12.6361,Co Wellness,palestra,palestra
44.001211,12.636048,osm_my_trainer_44.0012_12.6360,My Trainer,palestra,palestra
45.646045,6.330751,osm_lorange_bleue_45.6460_6.3308,L'Orange Bleue,palestra,palestra
43.992382,12.656819,osm_muscle_gym_43.9924_12.6568,Muscle Gym,palestra,palestra
47.410919,8.542608,osm_kieser_training_47.4109_8.5426,Kieser Training,palestra,palestra
46.957390,7.452859,osm_casapilates_46.9574_7.4529,Casapilates,palestra,palestra
45.066670,11.137436,osm_palestra_delle_scuole_45.0667_11.1374,Palestra delle scuole,palestra,palestra
42.745358,12.716737,osm_x2_spoleto_fitness_club_42.7454_12.7167,X2 Spoleto fitness club,palestra,palestra
47.199465,18.139986,osm_szikla_47.1995_18.1400,Szikla,palestra,palestra
42.628516,14.051441,osm_palestra_area_57_gym_center_42.6285_14.0514,Palestra Area 57 Gym Center,palestra,palestra
43.695301,7.257307,osm_keepcool_43.6953_7.2573,KeepCool,palestra,palestra
45.363869,8.175361,osm_gym_tonic_45.3639_8.1754,Gym Tonic,palestra,palestra
47.016413,6.908224,osm_salle_de_gym_47.0164_6.9082,Salle de gym,palestra,palestra
43.773368,11.426544,osm_four_new_fitness_43.7734_11.4265,Four New Fitness,palestra,palestra
41.875251,12.526093,osm_centro_difesa_e_sport_41.8753_12.5261,Centro Difesa e Sport,palestra,palestra
47.073779,15.432362,osm_pilates_im_lend_47.0738_15.4324,Pilates im Lend,palestra,palestra
40.765529,15.990543,osm_bar_brothers_gym_club_40.7655_15.9905,Bar Brothers Gym Club,palestra,palestra
42.463670,14.207605,osm_viking_gym_42.4637_14.2076,Viking Gym,palestra,palestra
47.224423,10.748126,osm_gollners_fitness_47.2244_10.7481,Gollners Fitness,palestra,palestra
36.841369,10.181886,osm_factory_gym_36.8414_10.1819,Factory gym,palestra,palestra
46.528265,14.290781,osm_karawankenfit_ferlach_gmbh_46.5283_14.2908,Karawankenfit Ferlach Gmbh,palestra,palestra
47.060325,6.670214,osm_val_form_47.0603_6.6702,Val Form',palestra,palestra
45.537974,9.131473,osm_b_sporting_45.5380_9.1315,B Sporting,palestra,palestra
46.459847,6.846989,osm_log_3_fitness_46.4598_6.8470,Log 3 Fitness,palestra,palestra
42.053240,14.729550,osm_officina_benessere_42.0532_14.7296,Officina Benessere,palestra,palestra
42.053158,14.734915,osm_energy_life_42.0532_14.7349,Energy Life,palestra,palestra
47.409727,8.613365,osm_vicinity_functional_fitness_47.4097_8.6134,Vicinity Functional Fitness,palestra,palestra
46.753789,6.315051,osm_le_yoga_dmilie_46.7538_6.3151,Le Yoga d'Émilie,palestra,palestra
45.334573,8.424036,osm_crossfit_san_andreas_vercelli_45.3346_8.4240,CrossFit San Andreas Vercelli,palestra,palestra
40.961754,14.250796,osm_perfect_line_40.9618_14.2508,Perfect Line,palestra,palestra
46.032894,8.922826,osm_aequilibria_46.0329_8.9228,Aequilibria,palestra,palestra
37.296346,15.008287,osm_andromeda_37.2963_15.0083,Andromeda,palestra,palestra
43.540444,10.334441,osm_fit_or_fight_43.5404_10.3344,Fit or fight,palestra,palestra
45.940281,14.511172,osm_dom_krajanov_ika_vas_45.9403_14.5112,Dom krajanov Iška vas,palestra,palestra
45.372071,8.998125,osm_eagle_basket_45.3721_8.9981,Eagle Basket,palestra,palestra
47.448722,8.567780,osm_kieser_47.4487_8.5678,Kieser,palestra,palestra
41.910831,12.536863,osm_bodyarts_41.9108_12.5369,Body-Arts,palestra,palestra
47.013870,16.613868,osm_krmendi_dzsa_mte_47.0139_16.6139,Körmendi Dózsa MTE,palestra,palestra
46.908704,6.343358,osm_bodyhit_46.9087_6.3434,Bodyhit,palestra,palestra
46.453147,7.447270,osm_feldenkrais_lenk_46.4531_7.4473,Feldenkrais Lenk,palestra,palestra
45.506233,9.227361,osm_kwoon_kung_fu_45.5062_9.2274,Kwoon Kung Fu,palestra,palestra
45.553107,9.430851,osm_stabile_fight_team_45.5531_9.4309,Stabile Fight Team,palestra,palestra
45.539640,13.736176,osm_primafit_45.5396_13.7362,PrimaFit,palestra,palestra
45.353988,9.022700,osm_samart_fighting_ttraining_45.3540_9.0227,Samart Fighting & Ttraining,palestra,palestra
46.048076,17.785755,osm_timi_fitness_46.0481_17.7858,Timi fitness,palestra,palestra
45.814689,15.896509,osm_amazona_45.8147_15.8965,Amazona,palestra,palestra
37.239474,15.220752,osm_olimpia_ginevra_37.2395_15.2208,Olimpia Ginevra,palestra,palestra
45.492530,12.211041,osm_palestra_big_gym_45.4925_12.2110,Palestra Big Gym,palestra,palestra
44.598298,10.704785,osm_iron_gym_44.5983_10.7048,Iron Gym,palestra,palestra
45.354613,9.012317,osm_arabesque_dance_studio_45.3546_9.0123,Arabesque dance studio,palestra,palestra
47.052406,8.305904,osm_nano_47.0524_8.3059,Nano,palestra,palestra
45.013868,7.620608,osm_mames_45.0139_7.6206,Mames,palestra,palestra
47.311921,11.063998,osm_pilateszentrum_47.3119_11.0640,Pilateszentrum,palestra,palestra
46.825561,12.764082,osm_gesundheitswelt_lienz_46.8256_12.7641,Gesundheitswelt Lienz,palestra,palestra
45.581874,9.290238,osm_24hours7days_45.5819_9.2902,24hours7days,palestra,palestra
37.507725,13.065030,osm_bodyspin_fitness_center_37.5077_13.0650,Bodyspin fitness center,palestra,palestra
37.517205,13.073192,osm_asd_space_gym_37.5172_13.0732,A.S.D. Space Gym,palestra,palestra
47.343271,11.707836,osm_wellnessstudio_pure_energy_47.3433_11.7078,Wellnessstudio Pure Energy,palestra,palestra
43.552824,6.957873,osm_o_fit_center_43.5528_6.9579,O' Fit Center,palestra,palestra
43.553751,6.958855,osm_crossfit_43.5538_6.9589,CrossFit,palestra,palestra
44.285722,11.891350,osm_new_gimn_44.2857_11.8913,New Gimn,palestra,palestra
45.659745,6.372815,osm_esprit_2_corpts_45.6597_6.3728,Esprit 2 Corpts,palestra,palestra
45.658155,6.370878,osm_fitness_house_45.6582_6.3709,Fitness House,palestra,palestra
45.682574,8.951120,osm_moveit_45.6826_8.9511,MoveIt,palestra,palestra
45.676707,8.949560,osm_blackgym_asd_45.6767_8.9496,Blackgym A.s.d.,palestra,palestra
47.238840,16.606268,osm_iron_samson_gym_47.2388_16.6063,Iron Samson Gym,palestra,palestra
45.030784,7.655289,osm_fitactive_45.0308_7.6553,FitActive,palestra,palestra
47.252164,8.768154,osm_chili_health_training_47.2522_8.7682,Chili Health Training,palestra,palestra
43.447238,13.015651,osm_maria_maddalena_armenise_operagtrice_oli_43.4472_13.0157,Maria Maddalena Armenise (Operagtrice olistica),palestra,palestra
46.906337,15.712586,osm_mtz_medizinisches_trainingszentrum_46.9063_15.7126,MTZ – Medizinisches Trainingszentrum,palestra,palestra
47.277721,11.435842,osm_olympic_fitness_47.2777_11.4358,Olympic Fitness,palestra,palestra
47.276795,11.448487,osm_wir_bewegen_tirol_47.2768_11.4485,Wir bewegen Tirol,palestra,palestra
45.792953,15.912472,osm_train_station_45.7930_15.9125,Train station,palestra,palestra
43.658585,7.163039,osm_keepcool_43.6586_7.1630,KeepCool,palestra,palestra
42.475351,14.199594,osm_palestra_golden_gym_42.4754_14.1996,Palestra Golden Gym,palestra,palestra
46.964276,8.382193,osm_activ_fitness_stans_46.9643_8.3822,Activ Fitness Stans,palestra,palestra
46.527442,6.601923,osm_fitness_parc_46.5274_6.6019,Fitness Parc,palestra,palestra
47.400780,8.443046,osm_blanc7_47.4008_8.4430,Blanc7,palestra,palestra
45.622790,12.553879,osm_crossfit_arcadia_45.6228_12.5539,Crossfit Arcadia,palestra,palestra
46.196806,6.267083,osm_basicfit_46.1968_6.2671,Basic-Fit,palestra,palestra
41.682034,12.513020,osm_life62_41.6820_12.5130,Life62,palestra,palestra
45.477927,9.162133,osm_arkadia_fitness_45.4779_9.1621,Arkadia Fitness,palestra,palestra
46.465455,6.842200,osm_espace_le_lab_46.4655_6.8422,Espace Le Lab,palestra,palestra
47.054556,10.652912,osm_invibe_47.0546_10.6529,INVIBE,palestra,palestra
47.392781,8.514511,osm_wetone_47.3928_8.5145,wetone,palestra,palestra
43.517630,16.469996,osm_california_gym_43.5176_16.4700,California gym,palestra,palestra
47.461864,7.809114,osm_crossfit_sissach_47.4619_7.8091,CrossFit Sissach,palestra,palestra
43.829616,17.606731,osm_teretana_43.8296_17.6067,Teretana,palestra,palestra
43.824533,17.606860,osm_teretana_43.8245_17.6069,Teretana,palestra,palestra
37.515836,15.103699,osm_fit_280_37.5158_15.1037,Fit 280,palestra,palestra
43.850606,10.505326,osm_bad_beast_crossfit_43.8506_10.5053,Bad Beast Crossfit,palestra,palestra
42.024836,12.804343,osm_magic_42.0248_12.8043,Magic,palestra,palestra
40.825138,14.123806,osm_gherard_gym_40.8251_14.1238,Gherard gym,palestra,palestra
42.935506,10.781078,osm_forman_42.9355_10.7811,FormaN,palestra,palestra
46.458512,6.849915,osm_body_brain_46.4585_6.8499,Body Brain,palestra,palestra
46.946647,7.440741,osm_fitnesspark_bern_city_46.9466_7.4407,Fitnesspark Bern City,palestra,palestra
42.933032,10.784040,osm_palestra_atlantide_42.9330_10.7840,Palestra Atlantide,palestra,palestra
42.932905,10.783447,osm_palestra_iron_club_42.9329_10.7834,Palestra Iron Club,palestra,palestra
46.512772,6.498106,osm_activ_fitness_46.5128_6.4981,Activ Fitness,palestra,palestra
46.466965,6.844380,osm_terre_deveil_46.4670_6.8444,Terre d’Eveil,palestra,palestra
46.759391,7.624699,osm_update_fitness_46.7594_7.6247,update Fitness,palestra,palestra
47.038785,8.176497,osm_activ_fitness_47.0388_8.1765,Activ Fitness,palestra,palestra
42.936206,10.790681,osm_dude_crossfit_42.9362_10.7907,Dude Crossfit,palestra,palestra
43.616247,13.513049,osm_my_gym_10_43.6162_13.5130,My Gym 10,palestra,palestra
43.616118,13.513126,osm_happiness_43.6161_13.5131,Happiness,palestra,palestra
47.060137,15.609932,osm_bressfit_fitnesstudio_47.0601_15.6099,Bress-Fit Fitnesstudio,palestra,palestra
46.468395,6.842451,osm_pilates25_46.4684_6.8425,Pilates25,palestra,palestra
46.466939,6.844443,osm_terre_du_yoga_46.4669_6.8444,Terre du Yoga,palestra,palestra
44.200885,7.577205,osm_harmonia_44.2009_7.5772,Harmonia,palestra,palestra
37.521658,15.088264,osm_lincoln_sport_palestre_37.5217_15.0883,Lincoln Sport Palestre,palestra,palestra
41.857057,12.569802,osm_yoga_hatha_41.8571_12.5698,Yoga Hatha,palestra,palestra
45.186850,7.720080,osm_palestra_arcobaleno_45.1869_7.7201,Palestra Arcobaleno,palestra,palestra
46.551574,6.574101,osm_pkf_46.5516_6.5741,PKF,palestra,palestra
43.708443,10.400724,osm_palestra_legend_43.7084_10.4007,Palestra Legend,palestra,palestra
42.218426,14.388472,osm_centro_fitness_peter_pan_42.2184_14.3885,Centro Fitness Peter Pan,palestra,palestra
42.156752,12.663345,osm_fara_sport_center_42.1568_12.6633,Fara Sport Center,palestra,palestra
45.657261,9.165330,osm_crossfit_meda_45.6573_9.1653,Crossfit Meda,palestra,palestra
47.493825,7.609794,osm_life_swiss_health_club_47.4938_7.6098,LIFE Swiss Health Club,palestra,palestra
40.485691,18.046702,osm_palestra_gold_40.4857_18.0467,Palestra Gold,palestra,palestra
47.416511,8.047652,osm_pilates_pilates_pilates_47.4165_8.0477,Pilates Pilates Pilates,palestra,palestra
46.635345,14.315802,osm_my_gym_46.6353_14.3158,My Gym,palestra,palestra
43.535791,6.463238,osm_magic_form_43.5358_6.4632,Magic Form,palestra,palestra
47.222511,7.194629,osm_shiatsu_dominique_schild_47.2225_7.1946,SHIATSU Dominique Schild,palestra,palestra
37.155174,15.188697,osm_new_center_fitness_excalibur_37.1552_15.1887,New Center Fitness Excalibur,palestra,palestra
45.779654,9.184720,osm_palestra_comunale_di_orsenigo_45.7797_9.1847,Palestra comunale di Orsenigo,palestra,palestra
41.018933,14.327980,osm_great_gym_active_41.0189_14.3280,Great Gym Active,palestra,palestra
46.887180,6.330544,osm_crossfit_46.8872_6.3305,CrossFit,palestra,palestra
43.907466,8.079870,osm_palestra_arnold_club_43.9075_8.0799,Palestra Arnold Club,palestra,palestra
46.934752,7.418884,osm_prime_gym_46.9348_7.4189,Prime Gym,palestra,palestra
38.002587,12.976144,osm_moving_38.0026_12.9761,Moving,palestra,palestra
41.868944,12.823346,osm_studio_olistico_namast_41.8689_12.8233,Studio Olistico Namasté,palestra,palestra
46.925860,7.415618,osm_chniz_46.9259_7.4156,Chüniz,palestra,palestra
38.074395,13.451092,osm_tiger_king_38.0744_13.4511,Tiger King,palestra,palestra
45.052565,7.654137,osm_crono_sport_45.0526_7.6541,Crono sport,palestra,palestra
47.414542,8.560837,osm_danso_personal_training_gmbh_47.4145_8.5608,Danso Personal Training GmbH,palestra,palestra
47.272165,11.900242,osm_vitalfitness_47.2722_11.9002,Vital-Fitness,palestra,palestra
41.051611,14.371852,osm_asd_area_51_fitness_village_41.0516_14.3719,ASD Area 51 - Fitness Village,palestra,palestra
46.229469,17.357605,osm_vulcan_gym_46.2295_17.3576,Vulcan GYM,palestra,palestra
42.454250,14.219166,osm_boxing_team_42.4542_14.2192,Boxing Team,palestra,palestra
46.530355,6.768152,osm_come_on_fitness_46.5304_6.7682,Come On Fitness,palestra,palestra
44.438415,18.144408,osm_livfit_gym_44.4384_18.1444,LivFit Gym,palestra,palestra
45.992174,18.665150,osm_duna_fitness_45.9922_18.6652,Duna Fitness,palestra,palestra
47.414378,8.560712,osm_mini_gym_47.4144_8.5607,Mini Gym,palestra,palestra
36.731622,10.312377,osm_california_gym_36.7316_10.3124,California Gym,palestra,palestra
43.130929,11.016259,osm_acero_yoga_43.1309_11.0163,Acero Yoga,palestra,palestra
42.935319,10.779889,osm_ashtanga_yoga_42.9353_10.7799,Ashtanga Yoga,palestra,palestra
43.665644,10.543525,osm_palladium_gym_43.6656_10.5435,Palladium Gym,palestra,palestra
41.655861,12.527937,osm_valeas_club_41.6559_12.5279,Valeas Club,palestra,palestra
46.545631,6.830871,osm_crossfit_grancia_46.5456_6.8309,CrossFit Grancia,palestra,palestra
37.156780,15.188740,osm_freelife_37.1568_15.1887,Freelife,palestra,palestra
42.486732,14.187961,osm_palestra_smart_42.4867_14.1880,Palestra Smart,palestra,palestra
46.506310,6.670577,osm_yatoo_46.5063_6.6706,Yatoo,palestra,palestra
45.444464,11.894536,osm_fitactive_45.4445_11.8945,FitActive,palestra,palestra
45.476731,9.160291,osm_20_hours_club_45.4767_9.1603,20 hours club,palestra,palestra
47.068153,7.295155,osm_lysspark_fitness_47.0682_7.2952,Lysspark Fitness,palestra,palestra
41.737708,12.276268,osm_royal_fit_palestre_41.7377_12.2763,Royal Fit Palestre,palestra,palestra
42.462564,14.224970,osm_crossfit_42.4626_14.2250,CrossFit,palestra,palestra
46.818412,7.342670,osm_taff_46.8184_7.3427,TAFF,palestra,palestra
45.488681,9.219596,osm_heracles_gymnasium_45.4887_9.2196,Heracles Gymnasium,palestra,palestra
46.991079,6.930689,osm_yoki_46.9911_6.9307,Yoki,palestra,palestra
46.256739,6.112188,osm_lets_sweat_46.2567_6.1122,Let's sweat,palestra,palestra
47.470002,9.104687,osm_update_fitness_47.4700_9.1047,update Fitness,palestra,palestra
47.436944,9.133093,osm_update_fitness_47.4369_9.1331,update Fitness,palestra,palestra
40.483035,18.002528,osm_palestra_workout_40.4830_18.0025,Palestra Workout,palestra,palestra
41.869281,12.488188,osm_the_bridge_fitness_e_wellness_41.8693_12.4882,The Bridge Fitness e Wellness,palestra,palestra
41.869668,12.488095,osm_asd_la_palestra_41.8697_12.4881,a.s.d La Palestra,palestra,palestra
45.690866,9.115414,osm_yoga_in_valle_45.6909_9.1154,Yoga in valle,palestra,palestra
47.421984,8.560774,osm_pole_fitness_47.4220_8.5608,Pole Fitness,palestra,palestra
36.894413,7.755480,osm_poi_36.8944_7.7555,نادي الرياضات القتالية,palestra,palestra
46.161624,12.239509,osm_palestra_allfit_46.1616_12.2395,Palestra AllFit,palestra,palestra
45.552602,11.514739,osm_webeat_45.5526_11.5147,We_Beat,palestra,palestra
41.873941,12.469859,osm_lungotevere_fitness_41.8739_12.4699,Lungotevere fitness,palestra,palestra
45.759708,8.555793,osm_ashtanga_yoga_arona_45.7597_8.5558,Ashtanga Yoga Arona,palestra,palestra
45.804987,15.715267,osm_hornet_boxing_gym_45.8050_15.7153,Hornet Boxing Gym,palestra,palestra
41.899124,12.516534,osm_loft_studio_cerere_41.8991_12.5165,Loft Studio Cerere,palestra,palestra
45.794353,9.124248,osm_gym_club_america_45.7944_9.1242,Gym Club America,palestra,palestra
47.260642,11.410236,osm_yoga_mitte_47.2606_11.4102,Yoga Mitte,palestra,palestra
47.113505,15.503073,osm_body_mind_spirit_47.1135_15.5031,body mind spirit,palestra,palestra
47.148468,10.570342,osm_bodylife_47.1485_10.5703,Body-Life,palestra,palestra
41.862162,12.603084,osm_miami_sporting_club_41.8622_12.6031,Miami Sporting Club,palestra,palestra
37.152852,15.190292,osm_stenos_gym_37.1529_15.1903,Steno's Gym,palestra,palestra
44.475107,11.412151,osm_operazione_fitness_44.4751_11.4122,Operazione Fitness,palestra,palestra
43.562246,10.336429,osm_crossfit_livorno_43.5622_10.3364,Crossfit Livorno,palestra,palestra
47.423014,8.561682,osm_yoga_femina_47.4230_8.5617,Yoga Femina,palestra,palestra
47.462326,8.327521,osm_personaltrainingch_47.4623_8.3275,personal-training.ch,palestra,palestra
42.457084,14.227188,osm_studio_zona_pilates_42.4571_14.2272,Studio Zona Pilates,palestra,palestra
43.709858,7.291909,osm_the_wolf_pack_43.7099_7.2919,The Wolf Pack,palestra,palestra
39.871881,16.535225,osm_palestra_fit_village_evolution_39.8719_16.5352,Palestra fit village evolution,palestra,palestra
45.440125,10.966517,osm_la_palestra_45.4401_10.9665,La Palestra,palestra,palestra
37.157658,15.181343,osm_body_mind_37.1577_15.1813,Body & Mind,palestra,palestra
46.818749,6.791072,osm_sportfit_cheyrois_46.8187_6.7911,SportFit Cheyrois,palestra,palestra
47.415507,8.552404,osm_john_reed_47.4155_8.5524,JOHN REED,palestra,palestra
45.545382,9.072601,osm_hana_wa_45.5454_9.0726,Hana Wa,palestra,palestra
46.814287,7.511463,osm_fiteria_46.8143_7.5115,Fiteria,palestra,palestra
45.508385,9.236502,osm_spazio_intreccio_45.5084_9.2365,Spazio intreccio,palestra,palestra
36.871912,10.190401,osm_loisirs_1_2_3_36.8719_10.1904,loisirs 1 2 3,palestra,palestra
45.869110,8.974519,osm_quality_centro_fitness_45.8691_8.9745,Quality Centro Fitness,palestra,palestra
47.000293,7.460517,osm_swiss_gym_47.0003_7.4605,Swiss Gym,palestra,palestra
45.940446,6.076387,osm_fitness_park_45.9404_6.0764,Fitness Park,palestra,palestra
47.424638,9.377616,osm_haus_tao_47.4246_9.3776,Haus Tao,palestra,palestra
47.424635,9.377627,osm_shuniya_47.4246_9.3776,Shuniya,palestra,palestra
47.424636,9.377636,osm_atelier_fr_yoga_47.4246_9.3776,Atelier für Yoga,palestra,palestra
46.875085,8.637811,osm_pine_46.8751_8.6378,Pine,palestra,palestra
43.548598,10.313847,osm_palestra_universal_club_43.5486_10.3138,Palestra Universal club,palestra,palestra
45.184752,15.810531,osm_gym_gladiator_45.1848_15.8105,Gym Gladiator,palestra,palestra
47.470843,7.760131,osm_crossfit_timeout_47.4708_7.7601,Crossfit Timeout,palestra,palestra
43.632139,7.134233,osm_basicfit_43.6321_7.1342,Basic-Fit,palestra,palestra
45.692650,9.658935,osm_anytime_fitness_45.6926_9.6589,Anytime Fitness,palestra,palestra
36.836618,10.165775,osm_coco_club_fiteness_spa_36.8366_10.1658,Coco Club Fiteness & Spa,palestra,palestra
46.940037,7.440643,osm_update_46.9400_7.4406,update,palestra,palestra
43.792417,7.608045,osm_big_gym_43.7924_7.6080,Big Gym,palestra,palestra
43.792610,7.608169,osm_studio_palestra_play_sport_43.7926_7.6082,Studio Palestra Play Sport,palestra,palestra
44.336685,8.500681,osm_fisico_da_urlo_44.3367_8.5007,Fisico da urlo,palestra,palestra
45.816425,8.825665,osm_urban_fitness_45.8164_8.8257,Urban Fitness,palestra,palestra
38.359316,16.074776,osm_gymnasiumsport_38.3593_16.0748,GymnasiumSport,palestra,palestra
42.140726,12.283721,osm_alfa_fit_42.1407_12.2837,Alfa Fit,palestra,palestra
42.402006,14.167804,osm_my_suite_42.4020_14.1678,My Suite,palestra,palestra
45.636997,9.143239,osm_fitactive_45.6370_9.1432,Fitactive,palestra,palestra
36.863701,10.269628,osm_equinox_gym_36.8637_10.2696,Equinox Gym,palestra,palestra
46.211047,6.139854,osm_pratibha_46.2110_6.1399,Pratibha,palestra,palestra
46.211383,6.140893,osm_fleur_de_peau_46.2114_6.1409,À fleur de peau,palestra,palestra
45.650983,13.791711,osm_pole_dancing_school_45.6510_13.7917,Pole Dancing School,palestra,palestra
46.462461,17.016665,osm_fittlesz_46.4625_17.0167,Fittlesz,palestra,palestra
42.760790,11.119772,osm_wellness_club_mensana_42.7608_11.1198,Wellness Club Mensana,palestra,palestra
47.424188,8.560405,osm_clever_fit_47.4242_8.5604,clever fit,palestra,palestra
46.226262,7.335744,osm_fitness_xplode_46.2263_7.3357,Fitness Xplode,palestra,palestra
46.227686,7.340571,osm_progym_46.2277_7.3406,Progym,palestra,palestra
46.230356,7.351026,osm_yoga_om_46.2304_7.3510,Yoga OM,palestra,palestra
47.271482,11.453057,osm_clever_fit_47.2715_11.4531,Clever fit,palestra,palestra
45.716462,9.160091,osm_fitactive_cant_45.7165_9.1601,Fitactive Cantù,palestra,palestra
47.035784,18.013955,osm_fitkid_47.0358_18.0140,Fitkid,palestra,palestra
46.221822,7.298055,osm_david_fitness_46.2218_7.2981,David Fitness,palestra,palestra
43.998131,12.631465,osm_crossfit_riccione_43.9981_12.6315,Crossfit Riccione,palestra,palestra
47.397027,8.597041,osm_activ_fitness_47.3970_8.5970,Activ Fitness,palestra,palestra
46.795511,6.748856,osm_fitness_sant_46.7955_6.7489,Fitness Santé,palestra,palestra
42.332008,13.405684,osm_sport_science_biomechanics_and_training_42.3320_13.4057,Sport Science: Biomechanics and Training,palestra,palestra
46.225537,7.303112,osm_move_center_46.2255_7.3031,Move Center,palestra,palestra
42.762615,11.126560,osm_betaflag_42.7626_11.1266,Beta-Flag,palestra,palestra
47.429447,8.358196,osm_puregym_47.4294_8.3582,PureGym,palestra,palestra
41.755034,12.499196,osm_roma_ocr_41.7550_12.4992,Roma OCR,palestra,palestra
46.219459,7.348641,osm_sion_crossfit_46.2195_7.3486,Sion CrossFit,palestra,palestra
47.205943,7.534332,osm_physio_koch_47.2059_7.5343,Physio Koch,palestra,palestra
44.313664,8.477991,osm_circolo_scherma_savona_44.3137_8.4780,Circolo Scherma Savona,palestra,palestra
47.491544,9.706888,osm_kiing_athletic_47.4915_9.7069,Kiing Athletic,palestra,palestra
38.080442,13.437920,osm_taekwondo_club_38.0804_13.4379,Taekwondo Club,palestra,palestra
40.890892,14.407696,osm_stasia_40.8909_14.4077,Stasia,palestra,palestra
45.482495,9.202419,osm_anytime_fitness_45.4825_9.2024,Anytime Fitness,palestra,palestra
41.812468,12.679811,osm_crossfit774_41.8125_12.6798,Crossfit774,palestra,palestra
40.938986,14.264784,osm_il_tempio_della_boxe_40.9390_14.2648,Il tempio della boxe,palestra,palestra
41.814903,12.685384,osm_crossfit_frascati_41.8149_12.6854,CrossFit Frascati,palestra,palestra
40.913434,14.398663,osm_body_master_club_40.9134_14.3987,Body Master Club,palestra,palestra
38.473762,16.465059,osm_pls_gym_38.4738_16.4651,pls Gym,palestra,palestra
47.399335,8.605028,osm_lets_go_47.3993_8.6050,Let's Go,palestra,palestra
36.832244,14.770027,osm_start_36.8322_14.7700,Start,palestra,palestra
46.223886,7.304857,osm_california_46.2239_7.3049,California,palestra,palestra
43.654747,6.932811,osm_basicfit_43.6547_6.9328,Basic-Fit,palestra,palestra
46.226862,7.346011,osm_gestformladyfit_46.2269_7.3460,GestFormLady.Fit,palestra,palestra
40.950906,14.268671,osm_health_people_club_40.9509_14.2687,Health People Club,palestra,palestra
40.902873,14.347136,osm_evergreen_dance_fitness_40.9029_14.3471,Evergreen Dance & Fitness,palestra,palestra
46.956800,7.496319,osm_fitnesspark_timeout_ostermundigen_46.9568_7.4963,Fitnesspark Time-Out Ostermundigen,palestra,palestra
37.063525,15.294645,osm_centro_magatana_37.0635_15.2946,Centro Magatana,palestra,palestra
46.919472,6.304979,osm_ironbodyfit_46.9195_6.3050,IronBodyFit,palestra,palestra
47.249288,9.526997,osm_fh_fitness_spa_ag_47.2493_9.5270,FH Fitness & Spa AG,palestra,palestra
45.587018,9.078770,osm_time_sporting_club_45.5870_9.0788,Time sporting club,palestra,palestra
45.336738,9.098332,osm_centro_manzoni_45.3367_9.0983,Centro Manzoni,palestra,palestra
45.502118,9.265092,osm_anytime_fitness_45.5021_9.2651,Anytime Fitness,palestra,palestra
45.466930,8.886951,osm_pilatify_45.4669_8.8870,Pilatify,palestra,palestra
37.599864,13.207095,osm_kratas_37.5999_13.2071,Kratas,palestra,palestra
37.251993,15.092812,osm_regeneration_body_37.2520_15.0928,Regeneration Body,palestra,palestra
42.459305,14.221600,osm_fit_fun_42.4593_14.2216,Fit & Fun,palestra,palestra
46.934830,7.417319,osm_yoga_studio4_und_studio2_46.9348_7.4173,Yoga Studio4 und Studio2,palestra,palestra
41.062043,14.324884,osm_gym_factory_41.0620_14.3249,GYM FACTORY,palestra,palestra
45.277995,6.343021,osm_easygym_saintjeandemaurienne_45.2780_6.3430,easyGym Saint-Jean-de-Maurienne,palestra,palestra
44.760923,17.209917,osm_4_life_44.7609_17.2099,4 Life,palestra,palestra
46.992883,6.926016,osm_activ_fitness_46.9929_6.9260,Activ Fitness,palestra,palestra
45.774923,14.213854,osm_power_lifting_klub_oskar_co_postojna_45.7749_14.2139,Power Lifting klub Oskar & co Postojna,palestra,palestra
46.867313,6.223432,osm_octopus_46.8673_6.2234,Octopus,palestra,palestra
45.323873,14.438620,osm_terminal_7_45.3239_14.4386,Terminal 7,palestra,palestra
43.704014,7.267678,osm_basicfit_43.7040_7.2677,Basic-Fit,palestra,palestra
45.508498,9.227048,osm_leonidas_45.5085_9.2270,Leonidas,palestra,palestra
45.796305,15.940223,osm_gyms4you_zagreb_remiza_45.7963_15.9402,gyms4you Zagreb Remiza,palestra,palestra
37.085674,15.158304,osm_palestra_olympus_37.0857_15.1583,Palestra Olympus,palestra,palestra
44.008521,12.634142,osm_biostudio_bioginnastica_44.0085_12.6341,biostudio bioginnastica,palestra,palestra
42.852940,13.586985,osm_malib_42.8529_13.5870,Malibù,palestra,palestra
38.116066,13.334007,osm_body_center_38.1161_13.3340,Body Center,palestra,palestra
38.114961,13.330866,osm_omnia_sport_38.1150_13.3309,Omnia Sport,palestra,palestra
41.075718,14.318976,osm_wellfit_personal_training_club_41.0757_14.3190,WellFit Personal Training Club,palestra,palestra
47.081004,8.629542,osm_stygi_fit_47.0810_8.6295,Stygi Fit,palestra,palestra
42.439667,18.693498,osm_big_body_42.4397_18.6935,Big body,palestra,palestra
45.452920,9.209393,osm_reverbia_45.4529_9.2094,REVERBIA,palestra,palestra
45.443551,9.039822,osm_fitactive_45.4436_9.0398,FitActive,palestra,palestra
45.532631,13.654706,osm_telovadnica_tvd_partizan_arrigoni_45.5326_13.6547,Telovadnica TVD Partizan Arrigoni,palestra,palestra
43.559751,10.326704,osm_new_popeye_club_43.5598_10.3267,New popeye club,palestra,palestra
43.876049,18.412202,osm_fitnesshealth_studio_transform_43.8760_18.4122,Fitness&Health studio Transform,palestra,palestra
45.819809,15.977743,osm_the_fitness_kaptol_45.8198_15.9777,THE fitness Kaptol,palestra,palestra
40.867606,14.381146,osm_dance_fitness_40.8676_14.3811,Dance & Fitness,palestra,palestra
40.862418,14.357777,osm_animal_kingdom_xxxl_40.8624_14.3578,Animal Kingdom XXXL,palestra,palestra
47.440644,9.053155,osm_well_come_fit_47.4406_9.0532,well come FIT,palestra,palestra
47.249125,10.744715,osm_ladys_world_47.2491_10.7447,Lady´s World,palestra,palestra
46.203059,16.178696,osm_surya_international_yoga_study_center_46.2031_16.1787,Surya International Yoga Study Center,palestra,palestra
47.439608,8.564982,osm_zurich_nord_crossfit_47.4396_8.5650,Zurich Nord CrossFit,palestra,palestra
46.196388,6.237036,osm_basicfit_46.1964_6.2370,Basic-Fit,palestra,palestra
47.099903,6.827508,osm_discountfit_47.0999_6.8275,DiscountFit,palestra,palestra
47.448403,12.159019,osm_injoy_47.4484_12.1590,Injoy,palestra,palestra
37.514999,15.071276,osm_boxe_club_catania_37.5150_15.0713,Boxe Club Catania,palestra,palestra
47.210751,7.499999,osm_stmpfligym_47.2108_7.5000,Stämpfligym,palestra,palestra
41.616647,13.309646,osm_jump_4_fitness_41.6166_13.3096,Jump 4 Fitness,palestra,palestra
45.448950,9.178782,osm_sportyque_45.4490_9.1788,Sportyque,palestra,palestra
45.453230,9.161338,osm_fitclass_45.4532_9.1613,FITclass,palestra,palestra
46.153940,16.837057,osm_happy_step_46.1539_16.8371,Happy step,palestra,palestra
43.508912,16.451437,osm_olimpijski_centar_teakwondo_klub_marjan__43.5089_16.4514,Olimpijski centar - teakwondo klub Marjan Gripe,palestra,palestra
45.547318,9.436697,osm_iron_fit_pro_45.5473_9.4367,Iron Fit Pro,palestra,palestra
44.751889,7.800348,osm_extreme_fitness_44.7519_7.8003,Extreme Fitness,palestra,palestra
47.343210,7.867709,osm_ladyfitness_wangen_b_olten_47.3432_7.8677,Ladyfitness Wangen b. Olten,palestra,palestra
46.607491,14.281465,osm_fitinn_46.6075_14.2815,FITINN,palestra,palestra
43.764635,12.933274,osm_energy_club_43.7646_12.9333,Energy Club,palestra,palestra
45.414006,10.970844,osm_virgin_active_45.4140_10.9708,Virgin Active,palestra,palestra
46.959926,7.454867,osm_mrs_sporty_46.9599_7.4549,Mrs. Sporty,palestra,palestra
45.447870,9.163103,osm_shakti_yoga_45.4479_9.1631,Shakti Yoga,palestra,palestra
46.167494,8.771393,osm_maurapilates_46.1675_8.7714,Maurapilates,palestra,palestra
47.346871,8.716281,osm_lets_go_47.3469_8.7163,Let‘s Go,palestra,palestra
45.319317,13.571692,osm_novigrad_gym_45.3193_13.5717,Novigrad Gym,palestra,palestra
45.652926,9.135590,osm_fitland_center_45.6529_9.1356,Fitland center,palestra,palestra
45.608044,9.521150,osm_palestra_dynamic_45.6080_9.5211,Palestra Dynamic,palestra,palestra
46.948080,7.446049,osm_update_fitness_46.9481_7.4460,update fitness,palestra,palestra
45.438408,9.154149,osm_centro_ginnastica_45.4384_9.1541,Centro Ginnastica,palestra,palestra
45.059418,7.670876,osm_break_fit_45.0594_7.6709,Break Fit,palestra,palestra
43.117770,12.403360,osm_palestra_comunale_di_santerminio_43.1178_12.4034,Palestra Comunale di Sant'Erminio,palestra,palestra
46.830131,12.810690,osm_fitlounge_46.8301_12.8107,FitLounge,palestra,palestra
45.451076,9.178636,osm_anytime_fitness_45.4511_9.1786,Anytime Fitness,palestra,palestra
45.959686,10.913105,osm_drofitness_club_45.9597_10.9131,Drofitness Club,palestra,palestra
41.711668,12.630012,osm_crossfit_albalonga_41.7117_12.6300,CrossFit Albalonga,palestra,palestra
41.712436,12.629918,osm_palestra_danilo_boxe_41.7124_12.6299,Palestra Danilo Boxe,palestra,palestra
36.974972,15.197638,osm_dragonfly_36.9750_15.1976,Dragonfly,palestra,palestra
41.861759,12.621726,osm_emotion_41.8618_12.6217,eMotion,palestra,palestra
36.974427,15.198724,osm_dimensione_fitness_36.9744_15.1987,Dimensione Fitness,palestra,palestra
46.059595,14.518168,osm_clever_fit_ljubljana_situla_46.0596_14.5182,clever fit Ljubljana Situla,palestra,palestra
46.519359,6.023956,osm_body_smile_46.5194_6.0240,Body Smile,palestra,palestra
45.549327,9.392095,osm_fit_active_45.5493_9.3921,Fit Active,palestra,palestra
46.011586,11.884654,osm_palestra_gym_tonic_46.0116_11.8847,Palestra Gym Tonic,palestra,palestra
47.461835,7.814150,osm_fit_4ever_47.4618_7.8141,Fit 4ever,palestra,palestra
38.870187,16.608652,osm_sirock_gym_38.8702_16.6087,Sirock Gym,palestra,palestra
46.193618,6.129378,osm_gravity_functional_46.1936_6.1294,Gravity Functional,palestra,palestra
37.226837,14.521482,osm_ems_crio_37.2268_14.5215,EMS Crio,palestra,palestra
41.207247,14.504749,osm_impulse_fitness_41.2072_14.5047,Impulse Fitness,palestra,palestra
45.556113,9.074868,osm_club_fitness_arese_45.5561_9.0749,Club Fitness Arese,palestra,palestra
46.524810,6.626153,osm_update_fitness_46.5248_6.6262,update Fitness,palestra,palestra
45.537941,9.393244,osm_planet_fitness_45.5379_9.3932,Planet Fitness,palestra,palestra
40.604618,17.234945,osm_people_fitness_40.6046_17.2349,People Fitness,palestra,palestra
43.629844,10.624144,osm_gym_tonic_43.6298_10.6241,Gym Tonic,palestra,palestra
45.066628,7.656982,osm_crossfit_45.0666_7.6570,CrossFit,palestra,palestra
43.614691,13.526273,osm_spazio_kinesis_43.6147_13.5263,Spazio Kinesis,palestra,palestra
46.045274,13.251160,osm_essere_ora_46.0453_13.2512,essere ora,palestra,palestra
46.460153,17.010091,osm_full_body_by_meli_mozgsvilg_46.4602_17.0101,Full Body by Meli mozgásvilág,palestra,palestra
46.459581,17.009321,osm_narayana_jgastdi_46.4596_17.0093,Narayana Jógastúdió,palestra,palestra
47.061200,15.406459,osm_gyan_reiki_and_sound_47.0612_15.4065,Gyan Reiki and Sound,palestra,palestra
47.180140,8.519126,osm_fitdich_47.1801_8.5191,Fitdich.,palestra,palestra
45.902794,6.121647,osm_roots_fitness_45.9028_6.1216,Roots fitness,palestra,palestra
46.051556,13.263134,osm_postura_mente_46.0516_13.2631,Postura & Mente,palestra,palestra
40.113121,18.296086,osm_pump_40.1131_18.2961,Pump,palestra,palestra
40.850371,14.355059,osm_igea_club_40.8504_14.3551,Igea Club,palestra,palestra
45.309389,8.024541,osm_pianeta_salute_45.3094_8.0245,Pianeta Salute,palestra,palestra
39.238369,9.121340,osm_falcon_fitness_39.2384_9.1213,Falcon Fitness,palestra,palestra
45.551417,9.075134,osm_i_love_pilates_45.5514_9.0751,I Love Pilates,palestra,palestra
45.551694,9.075074,osm_vertex_45.5517_9.0751,Vertex,palestra,palestra
46.190909,6.154919,osm_lets_go_fitness_club_de_champel_46.1909_6.1549,Let's Go Fitness - Club de Champel,palestra,palestra
40.929933,14.269804,osm_up_level_frattamaggiore_40.9299_14.2698,UP Level - Frattamaggiore,palestra,palestra
47.063801,8.066563,osm_connection_wolhusen_47.0638_8.0666,Connection Wolhusen,palestra,palestra
47.082330,8.340294,osm_fit_n_fun_47.0823_8.3403,Fit n Fun,palestra,palestra
41.895902,12.512264,osm_yogalab_41.8959_12.5123,Yogalab,palestra,palestra
45.796396,15.996521,osm_spartak_45.7964_15.9965,Spartak,palestra,palestra
46.516024,6.626629,osm_update_fitness_46.5160_6.6266,update Fitness,palestra,palestra
46.625222,14.298177,osm_bodystreet_46.6252_14.2982,Bodystreet,palestra,palestra
46.942830,7.451042,osm_rope_fitness_46.9428_7.4510,Rope Fitness,palestra,palestra
45.231221,13.609476,osm_prime_45.2312_13.6095,Prime,palestra,palestra
46.485647,8.268197,osm_yoga_goms_46.4856_8.2682,Yoga Goms,palestra,palestra
46.963694,15.353085,osm_morefit_lieboch_46.9637_15.3531,MoreFit Lieboch,palestra,palestra
45.023440,7.641891,osm_orange_palestre_45.0234_7.6419,orange palestre,palestra,palestra
47.051720,15.435004,osm_ultimate_gym_47.0517_15.4350,Ultimate Gym,palestra,palestra
45.555339,9.386168,osm_new_energy_45.5553_9.3862,New Energy,palestra,palestra
41.039207,14.314375,osm_asd_planet_fitness_evolution_41.0392_14.3144,ASD PLANET FITNESS EVOLUTION,palestra,palestra
40.856081,14.280622,osm_ifo_40.8561_14.2806,Ifo,palestra,palestra
45.635887,12.547561,osm_fitactive_45.6359_12.5476,FitActive,palestra,palestra
46.974819,15.332699,osm_rainer_fitness_und_gesundheitsstudio_46.9748_15.3327,Rainer Fitness- und Gesundheitsstudio,palestra,palestra
45.678290,9.209085,osm_nextraininglab_45.6783_9.2091,Nextraininglab,palestra,palestra
47.034409,15.415580,osm_mcfit_47.0344_15.4156,McFit,palestra,palestra
47.480511,8.313934,osm_dein_yoga_47.4805_8.3139,Dein Yoga,palestra,palestra
45.638052,9.084640,osm_dynamic_up_45.6381_9.0846,Dynamic up,palestra,palestra
43.697598,7.259285,osm_basicfit_43.6976_7.2593,Basic-Fit,palestra,palestra
47.422010,9.372278,osm_nonstop_gym_47.4220_9.3723,Nonstop Gym,palestra,palestra
47.012013,15.409054,osm_fitinn_47.0120_15.4091,FITINN,palestra,palestra
41.701330,12.684266,osm_a_s_d_il_david_41.7013_12.6843,A S D Il David,palestra,palestra
45.066942,7.613358,osm_denny_gym_45.0669_7.6134,Denny Gym,palestra,palestra
46.522424,6.945643,osm_yogaltitude_46.5224_6.9456,Yog'altitude,palestra,palestra
47.054646,15.448668,osm_john_reed_fitness_47.0546_15.4487,JOHN REED Fitness,palestra,palestra
46.061427,14.541162,osm_clever_fit_46.0614_14.5412,Clever fit,palestra,palestra
45.444349,9.163399,osm_palestre_italiane_45.4443_9.1634,Palestre Italiane,palestra,palestra
45.496583,10.353965,osm_palestra_california_45.4966_10.3540,Palestra California,palestra,palestra
45.807809,15.973430,osm_crossfit_45.8078_15.9734,CrossFit,palestra,palestra
47.298688,9.550873,osm_fitin_47.2987_9.5509,FITIN,palestra,palestra
38.092528,13.333525,osm_palestra_new_fitness_asd_38.0925_13.3335,Palestra New Fitness Asd,palestra,palestra
45.595650,9.175030,osm_fit_express_45.5956_9.1750,Fit Express,palestra,palestra
43.786095,15.644545,osm_outdoor_gym_at_sports_park_jezera_43.7861_15.6445,Outdoor Gym at Sports Park Jezera,palestra,palestra
44.110002,9.951581,osm_gymtonic_44.1100_9.9516,GymTonic,palestra,palestra
45.500577,9.149306,osm_la_via_del_respiro_45.5006_9.1493,La Via del Respiro,palestra,palestra
47.282449,15.990802,osm_morefit_47.2824_15.9908,MoreFit,palestra,palestra
45.807099,9.080248,osm_como_fitness_club_45.8071_9.0802,Como Fitness Club,palestra,palestra
37.092418,15.150104,osm_hobby_sport_37.0924_15.1501,Hobby Sport,palestra,palestra
45.910908,10.871936,osm_techfitness_45.9109_10.8719,TechFitness,palestra,palestra
45.912658,10.876530,osm_box_crossfit_arco_45.9127_10.8765,Box Crossfit Arco,palestra,palestra
45.639322,9.204922,osm_fitup_45.6393_9.2049,Fitup,palestra,palestra
43.639758,6.979784,osm_roc_forme_43.6398_6.9798,Roc' Forme,palestra,palestra
38.216990,15.239168,osm_vfit_38.2170_15.2392,VFit,palestra,palestra
47.149015,9.512001,osm_fitcoachingli_47.1490_9.5120,fitcoaching.li,palestra,palestra
38.213459,15.243994,osm_dreams_fitness_38.2135_15.2440,Dreams Fitness,palestra,palestra
46.960343,7.455644,osm_studio_vemotion_46.9603_7.4556,Studio ve'motion,palestra,palestra
46.915565,7.934877,osm_fitin_46.9156_7.9349,Fit-in,palestra,palestra
47.228320,10.744998,osm_einfach_fit_47.2283_10.7450,Einfach Fit,palestra,palestra
46.790584,6.621413,osm_blue_fit_46.7906_6.6214,Blue Fit,palestra,palestra
46.164660,6.102833,osm_activ_fitness_planlesouates_46.1647_6.1028,ACTIV FITNESS Plan-les-Ouates,palestra,palestra
46.167744,6.102975,osm_lets_go_fitness_46.1677_6.1030,Let's Go Fitness,palestra,palestra
45.810040,13.355378,osm_new_dynamic_centre_45.8100_13.3554,New Dynamic Centre,palestra,palestra
43.136325,6.007489,osm_fitness_park_43.1363_6.0075,Fitness Park,palestra,palestra
43.131903,6.152705,osm_cslg_musculation_43.1319_6.1527,CSLG Musculation,palestra,palestra
43.583549,7.121883,osm_basicfit_43.5835_7.1219,Basic-Fit,palestra,palestra
43.803253,7.488209,osm_la_salle_43.8033_7.4882,La Salle,palestra,palestra
46.997763,7.460183,osm_mrs_sporty_46.9978_7.4602,Mrs. Sporty,palestra,palestra
41.304465,16.280709,osm_asd_dance_arts_caribe_fitness_41.3045_16.2807,a.s.d. Dance Arts Caribe & Fitness,palestra,palestra
40.825533,8.411799,osm_diamond_40.8255_8.4118,Diamond,palestra,palestra
46.804516,15.564711,osm_crossfit_46.8045_15.5647,CrossFit,palestra,palestra
46.904693,18.049713,osm_fitness_five_gym_46.9047_18.0497,Fitness Five & Gym,palestra,palestra
37.084731,15.160720,osm_palestra_big_master_37.0847_15.1607,Palestra Big Master,palestra,palestra
47.198608,9.542790,osm_ems_revolution_anstalt_47.1986_9.5428,Ems Revolution Anstalt,palestra,palestra
46.120451,7.939090,osm_saaswellfitch_46.1205_7.9391,SaasWellFit.ch,palestra,palestra
46.781679,6.636137,osm_arcades_fitness_46.7817_6.6361,Arcades Fitness,palestra,palestra
46.783817,6.633516,osm_osci_fit_46.7838_6.6335,Osci fit,palestra,palestra
40.664856,16.609353,osm_centro_di_meditazione_osho_kaivalya_40.6649_16.6094,Centro di meditazione OSHO Kaivalya,palestra,palestra
43.706173,7.291524,osm_fitness_park_43.7062_7.2915,Fitness Park,palestra,palestra
45.995822,11.254577,osm_xtreme_fitness_45.9958_11.2546,Xtreme fitness,palestra,palestra
45.682846,11.934279,osm_fitactive_45.6828_11.9343,FitActive,palestra,palestra
40.670823,16.581761,osm_yoga_matha_asd_40.6708_16.5818,Yoga Matha asd,palestra,palestra
46.605705,13.862913,osm_chrisport_personal_training_46.6057_13.8629,ChriSport Personal Training,palestra,palestra
46.969620,7.497551,osm_youngfit_46.9696_7.4976,Youngfit,palestra,palestra
45.896246,10.851874,osm_performance_fitness_center_45.8962_10.8519,Performance Fitness Center,palestra,palestra
45.896562,10.852534,osm_non_solo_fitness_45.8966_10.8525,Non Solo Fitness,palestra,palestra
44.285289,11.869533,osm_carbofitness_44.2853_11.8695,Carbofitness,palestra,palestra
42.851770,13.578817,osm_energia_42.8518_13.5788,Energia,palestra,palestra
40.631645,15.803156,osm_moving_planet_40.6316_15.8032,Moving Planet,palestra,palestra
45.931243,6.080359,osm_lappart_fitness_45.9312_6.0804,L'Appart Fitness,palestra,palestra
45.776681,12.923360,osm_fitness_akademy_45.7767_12.9234,Fitness Akademy,palestra,palestra
47.497906,18.748432,osm_infrashape_herceghalom_47.4979_18.7484,Infrashape Herceghalom,palestra,palestra
45.191507,6.646337,osm_salle_73_45.1915_6.6463,Salle 73,palestra,palestra
46.529041,6.601990,osm_jsc_crossfit_46.5290_6.6020,JSC Crossfit,palestra,palestra
46.603667,14.034869,osm_servus_fitness_46.6037_14.0349,Servus Fitness,palestra,palestra
47.381415,8.488117,osm_across_the_limits_47.3814_8.4881,Across the Limits,palestra,palestra
46.284813,6.940051,osm_vitaforme_46.2848_6.9401,Vitaforme,palestra,palestra
44.220937,11.308176,osm_gslgym_fitness_passion_44.2209_11.3082,GSL-GYM Fitness Passion,palestra,palestra
40.675010,16.599972,osm_centro_danza_asd_40.6750_16.6000,Centro Danza ASD,palestra,palestra
46.552598,9.320393,osm_koelman_46.5526_9.3204,Koelman,palestra,palestra
44.695892,8.040799,osm_black_bull_44.6959_8.0408,Black Bull,palestra,palestra
47.080642,15.429471,osm_laolie_47.0806_15.4295,Laolie,palestra,palestra
46.087630,14.474455,osm_fitinn_46.0876_14.4745,FITINN,palestra,palestra
45.897141,10.838587,osm_palestra_asd_team_atlantide_45.8971_10.8386,Palestra A.S.D. Team Atlantide,palestra,palestra
47.373485,8.524841,osm_bikram_yoga_zrich_47.3735_8.5248,Bikram Yoga Zürich,palestra,palestra
45.896927,10.841231,osm_palestra_fit_fun_45.8969_10.8412,Palestra Fit & Fun,palestra,palestra
43.568131,6.980711,osm_keepcool_43.5681_6.9807,KeepCool,palestra,palestra
47.059672,15.391710,osm_bodystreet_graz_wetzelsdorf_47.0597_15.3917,Bodystreet Graz Wetzelsdorf,palestra,palestra
45.855229,18.297294,osm_fitness_world_konditerem_szolrium_45.8552_18.2973,"Fitness World Konditerem, Szolárium",palestra,palestra
45.341200,16.973871,osm_ba_fit_45.3412_16.9739,Baš fit,palestra,palestra
47.367160,8.535112,osm_sparkcycle_47.3672_8.5351,sparkcycle,palestra,palestra
46.784581,6.625928,osm_fight_club_champions_boxing_46.7846_6.6259,Fight Club Champions Boxing,palestra,palestra
45.537456,12.637069,osm_fitness_studio_trainer_45.5375_12.6371,fitness studio trainer,palestra,palestra
45.014860,7.826721,osm_20_minutes_training_lab_45.0149_7.8267,20' minutes training lab,palestra,palestra
41.132341,16.547052,osm_planet_gym_41.1323_16.5471,Planet Gym,palestra,palestra
45.443544,9.174787,osm_action_fit_fitness_elite_liguria_45.4435_9.1748,Action Fit Fitness Elite Liguria,palestra,palestra
44.318628,8.472310,osm_monkey_box_44.3186_8.4723,Monkey box,palestra,palestra
45.438128,10.988969,osm_mcfit_45.4381_10.9890,McFit,palestra,palestra
43.939232,10.900944,osm_black_gym_43.9392_10.9009,Black Gym,palestra,palestra
46.220314,11.293855,osm_grumes_fitness_club_46.2203_11.2939,Grumes Fitness Club,palestra,palestra
45.505502,12.632507,osm_crossfit_jesolo_45.5055_12.6325,CrossFit Jesolo,palestra,palestra
43.116898,6.130244,osm_laroq_gym_hyres_43.1169_6.1302,Laroq Gym Hyères,palestra,palestra
46.822115,7.209466,osm_seisler_fit_46.8221_7.2095,Seisler Fit,palestra,palestra
47.397238,8.464445,osm_clever_fit_schlieren_47.3972_8.4644,CLEVER FIT SCHLIEREN,palestra,palestra
45.052231,7.684785,osm_la_sala_delle_armi_45.0522_7.6848,La Sala delle Armi,palestra,palestra
45.955773,12.978914,osm_sport_uno_45.9558_12.9789,Sport Uno,palestra,palestra
47.407854,9.628452,osm_tc_heerbrugg_47.4079_9.6285,TC Heerbrugg,palestra,palestra
47.218974,7.788852,osm_your_optimum_gmbh_47.2190_7.7889,Your Optimum GmbH,palestra,palestra
46.972935,7.440575,osm_tatkraft_46.9729_7.4406,Tatkraft,palestra,palestra
46.512298,6.484437,osm_bhightech_46.5123_6.4844,B-HighTech,palestra,palestra
45.452577,12.485685,osm_lacacia_45.4526_12.4857,L'acacia,palestra,palestra
45.519748,10.233119,osm_king_queen_45.5197_10.2331,King & Queen,palestra,palestra
45.464395,9.160498,osm_control_fitness_45.4644_9.1605,Control Fitness,palestra,palestra
40.748862,13.914195,osm_ischiasalusclub_40.7489_13.9142,IschiaSalusClub,palestra,palestra
42.240988,12.227857,osm_il_paladino_42.2410_12.2279,Il Paladino,palestra,palestra
45.490683,9.639925,osm_punto_fitness_45.4907_9.6399,Punto Fitness,palestra,palestra
42.456467,14.177990,osm_4fit_le_palestre_del_futuro_42.4565_14.1780,4FIT - Le palestre del futuro,palestra,palestra
46.666670,16.168869,osm_mo_gibanja_46.6667_16.1689,Moč gibanja,palestra,palestra
45.505222,6.065504,osm_fitness_house_45.5052_6.0655,Fitness House,palestra,palestra
45.856739,18.296635,osm_vida_power_gym_45.8567_18.2966,Vida Power Gym,palestra,palestra
45.936346,13.610540,osm_sport_fit_45.9363_13.6105,Sport & Fit,palestra,palestra
43.999220,12.425907,osm_palestra_02_43.9992_12.4259,Palestra 0.2,palestra,palestra
43.777384,11.280664,osm_wellness_firenze_marathon_43.7774_11.2807,Wellness Firenze Marathon,palestra,palestra
45.647080,9.629232,osm_hut_fit_45.6471_9.6292,Hut Fit,palestra,palestra
43.890615,8.041986,osm_dolla_wellness_43.8906_8.0420,Dolla Wellness,palestra,palestra
43.452603,6.691975,osm_basicfit_43.4526_6.6920,Basic-Fit,palestra,palestra
46.934872,16.014417,osm_fitlounge_fehring_46.9349_16.0144,Fitlounge Fehring,palestra,palestra
43.115129,6.134833,osm_life_club_hyres_43.1151_6.1348,Life Club Hyères,palestra,palestra
40.635117,14.905810,osm_fitactive_40.6351_14.9058,FitActive,palestra,palestra
47.393046,8.489846,osm_crossfit_kreis_9_47.3930_8.4898,CrossFit Kreis 9,palestra,palestra
47.394056,8.488000,osm_gymone_47.3941_8.4880,GYMONE,palestra,palestra
45.805800,15.987243,osm_gyms4you_45.8058_15.9872,Gyms4you,palestra,palestra
46.548360,6.567725,osm_lets_go_fitness_46.5484_6.5677,Let's Go Fitness,palestra,palestra
45.550539,9.215762,osm_fitactive_45.5505_9.2158,FitActive,palestra,palestra
46.527248,6.633029,osm_non_stop_gym_46.5272_6.6330,Non Stop Gym,palestra,palestra
46.105433,14.143004,osm_big_gym_46.1054_14.1430,BiG Gym,palestra,palestra
47.230213,8.836286,osm_shape_your_body_fitness_47.2302_8.8363,Shape your body Fitness,palestra,palestra
43.667669,7.044103,osm_rocforme_43.6677_7.0441,Roc'Forme,palestra,palestra
43.109494,17.704758,osm_fitness_centar_life_43.1095_17.7048,Fitness Centar Life,palestra,palestra
46.610062,13.858146,osm_yoga_im_tglichen_leben_das_system_46.6101_13.8581,Yoga im täglichen Leben - Das System,palestra,palestra
47.056547,15.446468,osm_merkur_gym_47.0565_15.4465,Merkur Gym,palestra,palestra
44.997152,9.007234,osm_boxestation_44.9972_9.0072,Boxestation,palestra,palestra
43.559013,7.021398,osm_basicfit_43.5590_7.0214,Basic-Fit,palestra,palestra
45.789052,16.008106,osm_record_gym_45.7891_16.0081,Record Gym,palestra,palestra
46.460428,6.844404,osm_iron_bodyfit_46.4604_6.8444,Iron Bodyfit,palestra,palestra
45.456140,9.186286,osm_inex_calisthenics_45.4561_9.1863,IN|EX calisthenics,palestra,palestra
45.457648,9.171221,osm_brooklyn_fitboxing_45.4576_9.1712,Brooklyn fitboxing,palestra,palestra
45.314573,9.206739,osm_energym_oasi_fitness_asd_45.3146_9.2067,Energym Oasi Fitness A.S.D.,palestra,palestra
45.345692,9.197834,osm_ssd_athletic_dance_45.3457_9.1978,SSD Athletic Dance,palestra,palestra
47.443546,12.048396,osm_fit5_bei_guido_47.4435_12.0484,FIT5 bei Guido,palestra,palestra
46.535739,6.567828,osm_nonstop_gym_ecublens_46.5357_6.5678,NonStop Gym Ecublens,palestra,palestra
47.031854,15.420647,osm_morefit_47.0319_15.4206,morefit,palestra,palestra
47.465615,8.325856,osm_physioflex_47.4656_8.3259,Physioflex,palestra,palestra
47.038843,18.021078,osm_herkules_gym_47.0388_18.0211,Herkules Gym,palestra,palestra
43.608244,13.513834,osm_millennium_club_43.6082_13.5138,Millennium Club,palestra,palestra
43.294306,11.309344,osm_palestra_accademia_43.2943_11.3093,Palestra Accademia,palestra,palestra
47.386130,9.283515,osm_activ_fitness_47.3861_9.2835,Activ Fitness,palestra,palestra
47.472145,8.305471,osm_x30_47.4721_8.3055,X30,palestra,palestra
39.927235,18.357695,osm_strong_fit_salento_39.9272_18.3577,Strong Fit Salento,palestra,palestra
44.353037,11.725682,osm_yoga_imola_yoga_della_conoscenza_44.3530_11.7257,Yoga Imola - Yoga della Conoscenza,palestra,palestra
38.118441,13.347461,osm_extra_fitness_club_38.1184_13.3475,Extra Fitness Club,palestra,palestra
44.400653,11.797991,osm_serre_degli_agrumi_44.4007_11.7980,Serre degli Agrumi,palestra,palestra
45.608713,8.923629,osm_anytime_fitness_45.6087_8.9236,Anytime Fitness,palestra,palestra
46.864523,8.635815,osm_activ_fitness_46.8645_8.6358,Activ Fitness,palestra,palestra
41.977934,15.007906,osm_la_vida_wellness_41.9779_15.0079,La Vida Wellness,palestra,palestra
47.146811,8.430417,osm_kernkraft_boutique_fitness_47.1468_8.4304,KernKraft - Boutique Fitness,palestra,palestra
47.049742,8.548158,osm_dober_fitness_47.0497_8.5482,Dober Fitness,palestra,palestra
47.363829,8.521823,osm_templeshape_47.3638_8.5218,Templeshape,palestra,palestra
45.635245,8.834554,osm_fitup_45.6352_8.8346,FitUp,palestra,palestra
47.492836,7.485058,osm_yoga_leymen_47.4928_7.4851,Yoga Leymen,palestra,palestra
45.794240,15.990274,osm_ultragym_45.7942_15.9903,Ultragym,palestra,palestra
41.825333,8.781119,osm_halle_des_sports_41.8253_8.7811,Halle des sports,palestra,palestra
44.694572,12.221243,osm_happy_sun_44.6946_12.2212,Happy Sun,palestra,palestra
47.123107,16.046712,osm_fitnessraum_47.1231_16.0467,Fitnessraum,palestra,palestra
43.666431,10.658813,osm_infit_43.6664_10.6588,InFit,palestra,palestra
46.148475,8.951647,osm_centro_mvat_46.1485_8.9516,Centro Mövat,palestra,palestra
44.880784,6.625271,osm_keepcool_44.8808_6.6253,KeepCool,palestra,palestra
44.902592,6.641768,osm_asptt_musculation_brianon_44.9026_6.6418,ASPTT Musculation Briançon,palestra,palestra
44.427756,8.781410,osm_il_cerchio_44.4278_8.7814,Il cerchio,palestra,palestra
44.107015,12.318394,osm_8_sporting_club_44.1070_12.3184,8 Sporting Club,palestra,palestra
42.661008,9.442500,osm_bodyhit_42.6610_9.4425,Bodyhit,palestra,palestra
44.554592,11.320775,osm_palestra_amici_del_fitness_44.5546_11.3208,Palestra Amici Del Fitness,palestra,palestra
41.112903,16.684369,osm_gymnica_41.1129_16.6844,Gymnica,palestra,palestra
47.209434,7.496817,osm_update_fitness_bellach_47.2094_7.4968,update Fitness Bellach,palestra,palestra
41.898748,12.537167,osm_fit_express_41.8987_12.5372,Fit Express,palestra,palestra
41.898314,12.504544,osm_palestre_italiane_termini_41.8983_12.5045,Palestre Italiane Termini,palestra,palestra
40.600589,14.980534,osm_netfit_40.6006_14.9805,Netfit,palestra,palestra
46.160718,12.231970,osm_palestra_miros_46.1607_12.2320,Palestra Miros,palestra,palestra
45.725546,9.164219,osm_fitexpress_45.7255_9.1642,Fitexpress,palestra,palestra
40.673776,16.587230,osm_studio_personal_40.6738_16.5872,Studio Personal,palestra,palestra
41.771720,12.921665,osm_old_style_gym_41.7717_12.9217,Old Style Gym,palestra,palestra
45.442704,9.211196,osm_personal_milano_45.4427_9.2112,Personal Milano,palestra,palestra
47.333272,8.818637,osm_wittmann_movement_47.3333_8.8186,Wittmann Movement,palestra,palestra
45.481887,10.906810,osm_matter_45.4819_10.9068,Matter,palestra,palestra
46.941349,7.465689,osm_activ_fitness_46.9413_7.4657,Activ Fitness,palestra,palestra
47.039296,18.023224,osm_infinity_fit_47.0393_18.0232,Infinity Fit,palestra,palestra
45.561513,18.672841,osm_blue_gym_45.5615_18.6728,Blue Gym,palestra,palestra
47.228361,8.849260,osm_activ_fitness_47.2284_8.8493,Activ Fitness,palestra,palestra
42.513909,14.150833,osm_palestra_spazio_libero_42.5139_14.1508,Palestra Spazio Libero,palestra,palestra
45.810335,15.938475,osm_the_fitness_rnomerec_45.8103_15.9385,THE fitness Črnomerec,palestra,palestra
47.260119,11.375129,osm_yoga_health_innsbruck_47.2601_11.3751,Yoga Health Innsbruck,palestra,palestra
47.059010,6.615418,osm_fitness_morteau_47.0590_6.6154,Fitness Morteau,palestra,palestra
38.398429,16.069132,osm_palestra_body_centerpolistena_38.3984_16.0691,Palestra Body Center-Polistena,palestra,palestra
45.330638,14.460369,osm_fitness_studio_s_45.3306_14.4604,Fitness Studio S,palestra,palestra
40.935278,9.517281,osm_black_swan_danza_fitness_40.9353_9.5173,Black Swan Danza & Fitness,palestra,palestra
45.595255,9.329823,osm_beauty_wellness_45.5953_9.3298,Beauty & Wellness,palestra,palestra
47.055004,6.605772,osm_latelier_47.0550_6.6058,L'atelier,palestra,palestra
47.415149,9.340090,osm_crossfit_st_gallen_47.4151_9.3401,Crossfit St. Gallen,palestra,palestra
41.053624,14.624766,osm_hercules_gym_club_41.0536_14.6248,Hercules Gym Club,palestra,palestra
43.717208,10.416086,osm_world_fitness_club_43.7172_10.4161,World Fitness Club,palestra,palestra
39.924158,18.356406,osm_dojang_taekwondo_coluccia_39.9242_18.3564,Dojang Taekwondo Coluccia,palestra,palestra
44.042690,16.849356,osm_teretana_44.0427_16.8494,Teretana,palestra,palestra
45.514691,9.173292,osm_fit_active_rossi_45.5147_9.1733,Fit Active Rossi,palestra,palestra
45.609691,9.368631,osm_n_studio_45.6097_9.3686,N Studio,palestra,palestra
46.211298,6.138662,osm_shanti_club_46.2113_6.1387,Shanti Club,palestra,palestra
46.624210,14.304302,osm_clever_fit_46.6242_14.3043,Clever fit,palestra,palestra
47.100701,6.825909,osm_activ_fitness_47.1007_6.8259,Activ Fitness,palestra,palestra
43.742660,10.402065,osm_zodiaco_43.7427_10.4021,Zodiaco,palestra,palestra
45.331802,8.432172,osm_move_45.3318_8.4322,Move,palestra,palestra
46.230512,7.353663,osm_no_time_46.2305_7.3537,No Time,palestra,palestra
45.798987,15.724784,osm_balans_45.7990_15.7248,Balans,palestra,palestra
45.777762,15.973978,osm_xxl_2_45.7778_15.9740,XXL 2,palestra,palestra
46.346957,11.026321,osm_eb_center_46.3470_11.0263,EB CENTER,palestra,palestra
43.612865,6.970200,osm_fitness_park_43.6129_6.9702,Fitness Park,palestra,palestra
47.106324,17.921675,osm_my_time_fitness_47.1063_17.9217,My Time Fitness,palestra,palestra
42.438633,18.691816,osm_pmyc_sports_club_42.4386_18.6918,PMYC Sports Club,palestra,palestra
45.489299,9.152702,osm_palestre_italiane_certosa_45.4893_9.1527,Palestre Italiane - Certosa,palestra,palestra
40.929474,14.225833,osm_up_level_fitness_colonne_40.9295_14.2258,Up Level Fitness - Colonne,palestra,palestra
40.931451,14.222607,osm_galu_sport_center_40.9315_14.2226,Galu Sport Center,palestra,palestra
43.686877,7.198285,osm_fitness_park_43.6869_7.1983,Fitness Park,palestra,palestra
37.292636,14.845666,osm_building_age_37.2926_14.8457,Building Age,palestra,palestra
47.437545,11.882960,osm_invibe_47.4375_11.8830,Invibe,palestra,palestra
45.792322,15.961491,osm_fitness_cvjetno_45.7923_15.9615,Fitness Cvjetno,palestra,palestra
44.701779,7.850976,osm_mv_personal_44.7018_7.8510,M.V. Personal,palestra,palestra
46.943559,7.061212,osm_dojo_karat_shotokan_46.9436_7.0612,Dojo Karaté Shotokan,palestra,palestra
45.528913,9.332145,osm_maida_kesseler_45.5289_9.3321,Maida Kesseler,palestra,palestra
36.469777,10.801723,osm_my_story_gym_center_36.4698_10.8017,My Story Gym Center,palestra,palestra
45.420673,9.113449,osm_centro_yoga_anahata_asd_45.4207_9.1134,Centro Yoga Anahata A.S.D.,palestra,palestra
45.807370,15.930171,osm_gyms4you_45.8074_15.9302,Gyms4you,palestra,palestra
47.448812,8.601351,osm_fitness_halle_41_47.4488_8.6014,FITNESS HALLE 41,palestra,palestra
45.440190,11.003958,osm_energym_45.4402_11.0040,Energym,palestra,palestra
43.336419,17.819657,osm_belvedere_43.3364_17.8197,Belvedere,palestra,palestra
43.829237,18.311297,osm_all_in_fitness_43.8292_18.3113,All In Fitness,palestra,palestra
45.724758,9.146971,osm_no_days_off_cant_45.7248_9.1470,No Days Off Cantù,palestra,palestra
43.137449,6.004090,osm_basicfit_43.1374_6.0041,Basic-Fit,palestra,palestra
43.432755,6.750182,osm_basicfit_43.4328_6.7502,Basic-Fit,palestra,palestra
47.350548,8.345078,osm_yoga_und_tanz_bremgarten_47.3505_8.3451,Yoga und Tanz Bremgarten,palestra,palestra
46.167325,9.864944,osm_gym_center_46.1673_9.8649,Gym Center,palestra,palestra
46.934244,7.501002,osm_bodywell_gmligen_46.9342_7.5010,Bodywell Gümligen,palestra,palestra
45.496071,9.139739,osm_mcfit_45.4961_9.1397,McFit,palestra,palestra
45.443300,9.223455,osm_accadue_45.4433_9.2235,Accadueò,palestra,palestra
45.385819,12.045568,osm_dance_activity_45.3858_12.0456,Dance & Activity,palestra,palestra
37.576568,14.895631,osm_new_selection_37.5766_14.8956,New Selection,palestra,palestra
45.053171,7.669859,osm_fusco_45.0532_7.6699,Fusco,palestra,palestra
42.742711,11.108216,osm_beside_officina_del_benessere_42.7427_11.1082,beside Officina del Benessere,palestra,palestra
46.935301,15.663889,osm_sgz_zerlach_46.9353_15.6639,SGZ Zerlach,palestra,palestra
42.789231,11.115389,osm_fit_express_42.7892_11.1154,Fit Express,palestra,palestra
42.088135,12.179696,osm_asd_val_fitness_42.0881_12.1797,ASD Valú Fitness,palestra,palestra
45.625250,11.567482,osm_palestra_saint_tropez_45.6253_11.5675,Palestra Saint Tropez,palestra,palestra
46.885113,7.039930,osm_usine_fitness_23_46.8851_7.0399,Usine fitness 23,palestra,palestra
45.328336,14.462175,osm_fitness_centar_spes_45.3283_14.4622,Fitness centar SPES,palestra,palestra
42.434963,18.699264,osm_core_fitness_42.4350_18.6993,CORE Fitness,palestra,palestra
45.877361,10.768095,osm_risen_gym_45.8774_10.7681,Risen Gym,palestra,palestra
41.604457,12.839738,osm_icon_41.6045_12.8397,ICON,palestra,palestra
45.458159,9.169251,osm_the_rise_fitness_45.4582_9.1693,The rise fitness,palestra,palestra
36.780568,10.112140,osm_my_gym_36.7806_10.1121,my gym,palestra,palestra
36.706035,10.167813,osm_fitness_factory_36.7060_10.1678,Fitness factory,palestra,palestra
36.703503,10.171420,osm_sparta_36.7035_10.1714,Sparta,palestra,palestra
45.053697,7.692528,osm_art_of_living_45.0537_7.6925,Art of Living,palestra,palestra
46.080553,10.371065,osm_palestra_comunale_di_cevo_46.0806_10.3711,Palestra comunale di Cevo,palestra,palestra
47.044082,8.548069,osm_fitdich_47.0441_8.5481,Fitdich,palestra,palestra
39.353757,16.235053,osm_power_gym_fitness_39.3538_16.2351,Power Gym & Fitness,palestra,palestra
46.607890,14.354852,osm_gesundheitsklub_power_point_46.6079_14.3549,Gesundheitsklub Power Point,palestra,palestra
44.770037,17.211915,osm_mr_happiness_44.7700_17.2119,Mr. Happiness,palestra,palestra
42.853521,13.816183,osm_skill_club_42.8535_13.8162,Skill Club,palestra,palestra
47.256280,11.317151,osm_fitnesscenter_injoy_47.2563_11.3172,Fitnesscenter Injoy,palestra,palestra
40.557802,17.793248,osm_life_fitness_40.5578_17.7932,Life fitness,palestra,palestra
47.322249,8.529285,osm_activ_fitness_adliswil_47.3222_8.5293,ACTIV Fitness Adliswil,palestra,palestra
47.274080,8.442666,osm_activ_fitness_affoltern_aa_47.2741_8.4427,ACTIV Fitness Affoltern a.A.,palestra,palestra
47.450717,8.583259,osm_activ_fitness_kloten_47.4507_8.5833,ACTIV Fitness Kloten,palestra,palestra
47.262624,8.853836,osm_activ_fitness_47.2626_8.8538,Activ Fitness,palestra,palestra
47.388410,8.680810,osm_activ_fitness_volketswil_47.3884_8.6808,ACTIV Fitness Volketswil,palestra,palestra
47.235931,8.635776,osm_activ_fitness_wdenswil_47.2359_8.6358,ACTIV Fitness Wädenswil,palestra,palestra
47.364413,8.554168,osm_activ_fitness_47.3644_8.5542,Activ Fitness,palestra,palestra
47.195977,8.536194,osm_activ_fitness_47.1960_8.5362,Activ Fitness,palestra,palestra
47.143622,8.434577,osm_activ_fitness_47.1436_8.4346,Activ Fitness,palestra,palestra
47.109285,8.450074,osm_activ_fitness_47.1093_8.4501,Activ Fitness,palestra,palestra
47.190831,8.851078,osm_activ_fitness_47.1908_8.8511,Activ Fitness,palestra,palestra
47.020488,8.655649,osm_activ_fitness_47.0205_8.6556,Activ Fitness,palestra,palestra
47.364450,8.554178,osm_physiotherapie_kreuzplatz_47.3644_8.5542,Physiotherapie Kreuzplatz,palestra,palestra
47.474565,9.484252,osm_update_fitness_rorschach_47.4746_9.4843,update Fitness Rorschach,palestra,palestra
37.302906,14.201645,osm_powerup_asd_37.3029_14.2016,PowerUp ASD,palestra,palestra
43.312822,13.723717,osm_lux_club_43.3128_13.7237,Lux Club,palestra,palestra
47.372335,8.545485,osm_zen_dojo_zrich_47.3723_8.5455,Zen Dojo Zürich,palestra,palestra
46.096794,14.526883,osm_ljubljana_feldenkrais_international_trai_46.0968_14.5269,Ljubljana Feldenkrais International Training,palestra,palestra
45.545072,13.726796,osm_fitnes_manija_45.5451_13.7268,Fitnes manija,palestra,palestra
47.374009,8.527546,osm_nonstop_gym_47.3740_8.5275,NonStop Gym,palestra,palestra
47.373632,8.527613,osm_why_tech_47.3736_8.5276,Why Tech,palestra,palestra
44.510076,11.347700,osm_palestra_sinergy_44.5101_11.3477,Palestra Sinergy,palestra,palestra
44.507131,11.348527,osm_calisthenics_bologna_center_44.5071_11.3485,Calisthenics Bologna Center,palestra,palestra
43.143305,6.358104,osm_lappart_fitness_43.1433_6.3581,L’Appart Fitness,palestra,palestra
46.944527,7.426896,osm_bike_that_beat_46.9445_7.4269,bike that beat,palestra,palestra
47.072812,15.417070,osm_fitinn_47.0728_15.4171,FITINN,palestra,palestra
47.484114,12.059003,osm_bov_temple_fitness_47.4841_12.0590,B.O.V. Temple Fitness,palestra,palestra
43.812793,10.498810,osm_stone_town_crossfit_lucca_43.8128_10.4988,Stone Town CrossFit Lucca,palestra,palestra
46.520824,6.510149,osm_society_sport_46.5208_6.5101,Society Sport,palestra,palestra
37.591902,14.035028,osm_asd_new_body_club_37.5919_14.0350,ASD New Body Club,palestra,palestra
45.324101,8.433660,osm_dreamfit_45.3241_8.4337,DreamFit,palestra,palestra
43.328629,6.597963,osm_physikcal_43.3286_6.5980,Physi’kcal,palestra,palestra
43.170765,6.526811,osm_club_musculation_municipal_43.1708_6.5268,Club musculation municipal,palestra,palestra
43.266652,6.653107,osm_ust_musculation_43.2667_6.6531,UST Musculation,palestra,palestra
43.262486,6.549752,osm_club_88_43.2625_6.5498,Club 88,palestra,palestra
44.729220,18.088294,osm_fitness_centar_id_workout_44.7292_18.0883,Fitness Centar ID Workout,palestra,palestra
46.008606,8.928892,osm_centro_yoga_amrita_46.0086_8.9289,Centro Yoga Amrita,palestra,palestra
45.732292,10.458535,osm_zeta_training_45.7323_10.4585,Zeta Training,palestra,palestra
47.391123,8.536757,osm_yoga2be_47.3911_8.5368,Yoga2be,palestra,palestra
43.698034,7.288923,osm_nice_elite_sport_43.6980_7.2889,Nice Elite Sport,palestra,palestra
41.959592,12.801286,osm_acqua_fitness_marima_41.9596_12.8013,Acqua Fitness Marima,palestra,palestra
44.703525,11.413282,osm_absolute_fitness_44.7035_11.4133,Absolute Fitness,palestra,palestra
37.093794,15.203463,osm_fisiofit_37.0938_15.2035,Fisiofit,palestra,palestra
39.355795,16.239235,osm_elite_fitness_39.3558_16.2392,Elite fitness,palestra,palestra
46.414643,15.867630,osm_fitnes_klub_elite_46.4146_15.8676,Fitnes klub Elite,palestra,palestra
47.058970,7.622939,osm_lady_fitness_47.0590_7.6229,Lady Fitness,palestra,palestra
47.279947,11.491470,osm_4_elements_academy_47.2799_11.4915,4 Elements Academy,palestra,palestra
45.660984,9.137192,osm_vibe_fitness_45.6610_9.1372,ViBe fitness,palestra,palestra
41.900305,12.508855,osm_agloft_41.9003_12.5089,Agloft,palestra,palestra
44.498839,11.341842,osm_asia_44.4988_11.3418,Asia,palestra,palestra
45.475497,12.224107,osm_anytime_fitness_45.4755_12.2241,Anytime Fitness,palestra,palestra
45.502819,9.631300,osm_ragnarok_crossfit_45.5028_9.6313,Ragnarok Crossfit,palestra,palestra
47.327008,8.530197,osm_zrifit_47.3270_8.5302,ZüriFit,palestra,palestra
46.138768,11.106088,osm_essere_centro_46.1388_11.1061,Essere Centro,palestra,palestra
46.139506,11.108825,osm_asd_revolutiongym_46.1395_11.1088,A.S.D. RevolutionGym,palestra,palestra
43.780648,7.666257,osm_deluxe_fitness_43.7806_7.6663,De-Luxe Fitness,palestra,palestra
47.389955,8.538831,osm_bionic_47.3900_8.5388,Bionic,palestra,palestra
44.003985,12.432488,osm_asd_roland_44.0040_12.4325,ASD Roland,palestra,palestra
45.530835,10.509855,osm_deepfit_45.5308_10.5099,Deepfit,palestra,palestra
45.651244,13.778097,osm_webfit_45.6512_13.7781,WebFit,palestra,palestra
46.626331,14.332486,osm_i_like_it_46.6263_14.3325,I like it,palestra,palestra
47.375946,8.521308,osm_alab_fitness_47.3759_8.5213,A'lab Fitness,palestra,palestra
47.369117,8.537108,osm_pilatesfabrik_47.3691_8.5371,Pilatesfabrik,palestra,palestra
45.460288,9.172505,osm_foundry_milano_45.4603_9.1725,Foundry Milano,palestra,palestra
38.028087,12.883252,osm_ego_fit_club_38.0281_12.8833,Ego Fit Club,palestra,palestra
40.771314,14.474225,osm_asd_ever_green_40.7713_14.4742,ASD Ever Green,palestra,palestra
44.006532,12.435797,osm_silvia_pezzi_personal_trainer_44.0065_12.4358,Silvia Pezzi Personal Trainer,palestra,palestra
47.247452,6.035670,osm_beauty_bike_47.2475_6.0357,Beauty Bike,palestra,palestra
44.410209,8.954883,osm_body_dream_44.4102_8.9549,Body & dream,palestra,palestra
47.055536,7.631334,osm_hallenbad_47.0555_7.6313,Hallenbad,palestra,palestra
47.420104,9.354538,osm_mrs_sporty_47.4201_9.3545,Mrs. Sporty,palestra,palestra
46.192245,9.023165,osm_fast_fit_bellinzona_46.1922_9.0232,Fast Fit Bellinzona,palestra,palestra
40.847839,17.131477,osm_nadir_40.8478_17.1315,Nadir,palestra,palestra
44.496307,11.339323,osm_palestra_performance_44.4963_11.3393,Palestra Performance,palestra,palestra
44.409467,8.955635,osm_anytime_fitness_44.4095_8.9556,Anytime Fitness,palestra,palestra
42.447692,14.221803,osm_nonsolofitness_42.4477_14.2218,NonSoloFitness,palestra,palestra
45.774774,8.989901,osm_ideal_fit_millennium_gym_45.7748_8.9899,Ideal Fit Millennium Gym,palestra,palestra
43.607604,13.501185,osm_centro_olistico_del_conero_43.6076_13.5012,Centro Olistico del Conero,palestra,palestra
46.168841,9.429712,osm_iron_fit_2_46.1688_9.4297,Iron Fit 2,palestra,palestra
45.336605,8.418809,osm_palestra_vigor_45.3366_8.4188,Palestra Vigor,palestra,palestra
40.627567,17.926978,osm_equipo_25_40.6276_17.9270,Equipo 25,palestra,palestra
46.204420,6.277092,osm_easyfit_46.2044_6.2771,Easyfit,palestra,palestra
45.770725,9.009881,osm_pentafit_45.7707_9.0099,PentaFit,palestra,palestra
45.545392,10.221098,osm_fit_inn_45.5454_10.2211,Fit Inn,palestra,palestra
47.305844,7.930474,osm_lets_go_fitness_47.3058_7.9305,Let's Go Fitness,palestra,palestra
41.036103,14.655590,osm_centro_fisio_41.0361_14.6556,Centro Fisio,palestra,palestra
44.298466,11.621574,osm_palestra_comunale_44.2985_11.6216,Palestra comunale,palestra,palestra
47.091505,8.103703,osm_tci_gesundheitszentrum_47.0915_8.1037,TCI Gesundheitszentrum,palestra,palestra
43.851423,18.373881,osm_all4sport_fitness_centar_43.8514_18.3739,All4Sport Fitness Centar,palestra,palestra
45.412073,11.876151,osm_energym_club_padova_45.4121_11.8762,Energym Club Padova,palestra,palestra
42.461987,14.194078,osm_puglistica_pescara_42.4620_14.1941,Puglistica Pescara,palestra,palestra
36.769473,10.113187,osm_salle_de_sport_36.7695_10.1132,salle de sport,palestra,palestra
36.762199,10.108838,osm_taki_gym_36.7622_10.1088,taki gym,palestra,palestra
45.888770,12.526599,osm_parchetto_di_allenamento_a_corpo_libero_45.8888_12.5266,Parchetto di Allenamento a Corpo Libero,palestra,palestra
45.610527,9.272123,osm_performance_training_studio_45.6105_9.2721,Performance Training Studio,palestra,palestra
43.576081,12.131591,osm_vitalis_43.5761_12.1316,Vitalis,palestra,palestra
45.226999,7.600169,osm_gym_club_45.2270_7.6002,Gym Club,palestra,palestra
36.701915,10.179141,osm_salle_de_sport_hassnaoui_36.7019_10.1791,Salle de sport Hassnaoui,palestra,palestra
43.315796,17.821190,osm_master_fitness_43.3158_17.8212,Master Fitness,palestra,palestra
44.770320,17.198374,osm_sport_centar_energija_44.7703_17.1984,Sport centar Energija,palestra,palestra
45.679486,9.242108,osm_extreme_fitness_45.6795_9.2421,Extreme fitness,palestra,palestra
44.886828,7.338399,osm_mamiani_palestra_e_benessere_44.8868_7.3384,Mamiani Palestra e Benessere,palestra,palestra
47.413235,8.448250,osm_fitdich_47.4132_8.4482,FitDich,palestra,palestra
45.069136,7.687910,osm_anytime_fitness_45.0691_7.6879,Anytime Fitness,palestra,palestra
46.051221,14.423383,osm_ok_fit_center_46.0512_14.4234,OK fit center,palestra,palestra
45.801980,16.002315,osm_the_fitness_greengold_45.8020_16.0023,THE fitness GreenGold,palestra,palestra
47.462431,8.518490,osm_born_to_move_btm_47.4624_8.5185,Born To Move (BTM),palestra,palestra
45.918305,10.868094,osm_palestra_fit_45.9183_10.8681,Palestra Fit+,palestra,palestra
47.166656,8.291768,osm_singha_47.1667_8.2918,Singha,palestra,palestra
47.411450,9.039721,osm_le_gym_47.4114_9.0397,Le Gym,palestra,palestra
45.469636,9.140107,osm_fiore_di_campo_45.4696_9.1401,Fiore di campo,palestra,palestra
47.385531,9.283580,osm_update_fitness_47.3855_9.2836,Update Fitness,palestra,palestra
46.856979,9.530295,osm_activ_fitness_46.8570_9.5303,Activ Fitness,palestra,palestra
44.532033,18.702074,osm_gym_fitness_billybodycontrol_44.5320_18.7021,Gym & Fitness Billybodycontrol,palestra,palestra
40.934241,9.496831,osm_life_centro_fitness_40.9342_9.4968,Life Centro Fitness,palestra,palestra
47.197522,7.616703,osm_ladygym_47.1975_7.6167,LadyGym,palestra,palestra
45.412148,11.136646,osm_olympia_fitness_club_45.4121_11.1366,Olympia Fitness Club,palestra,palestra
47.012412,8.308530,osm_fitdich_47.0124_8.3085,Fitdich,palestra,palestra
47.116196,7.989633,osm_activ_fitness_47.1162_7.9896,Activ Fitness,palestra,palestra
46.933468,7.506007,osm_ambafit_46.9335_7.5060,Ambafit,palestra,palestra
47.498213,9.451968,osm_fitnessrebellen_47.4982_9.4520,Fitness-Rebellen,palestra,palestra
47.304807,7.928917,osm_pure_gym_47.3048_7.9289,Pure Gym,palestra,palestra
44.110408,15.238518,osm_gym4you_44.1104_15.2385,gym4you,palestra,palestra
45.790217,15.910421,osm_dvorana_45.7902_15.9104,Dvorana,palestra,palestra
38.357341,16.006709,osm_pentathlon_fitness_38.3573_16.0067,Pentathlon Fitness,palestra,palestra
41.445930,12.879805,osm_centro_atletico_p2_trainer_41.4459_12.8798,Centro Atletico P2 Trainer,palestra,palestra
45.825991,10.098070,osm_energym_45.8260_10.0981,Energym,palestra,palestra
45.770366,9.811569,osm_fitestetik_45.7704_9.8116,FitEstetik,palestra,palestra
47.120702,11.452715,osm_injoy_wipptal_47.1207_11.4527,Injoy Wipptal,palestra,palestra
45.487490,9.171897,osm_getfit_45.4875_9.1719,GetFIT,palestra,palestra
47.068648,15.439541,osm_wahrhaft_yoga_47.0686_15.4395,Wahrhaft Yoga,palestra,palestra
46.956208,17.888405,osm_fredgym_46.9562_17.8884,FüredGym,palestra,palestra
46.516489,6.626764,osm_beat_fitness_46.5165_6.6268,Beat fitness,palestra,palestra
43.503389,10.323356,osm_palestra_g_follati_43.5034_10.3234,Palestra G. Follati,palestra,palestra
43.126066,6.094286,osm_keep_cool_43.1261_6.0943,Keep Cool,palestra,palestra
43.510548,6.481697,osm_spartan_gym_43.5105_6.4817,Spartan gym,palestra,palestra
46.689783,7.680335,osm_fitself_46.6898_7.6803,Fit-Self,palestra,palestra
45.326051,11.283128,osm_energy_fit_wellness_club_45.3261_11.2831,Energy Fit & Wellness Club,palestra,palestra
43.541936,10.308435,osm_kripton_club_43.5419_10.3084,Kripton club,palestra,palestra
40.439719,17.260389,osm_mastersport_40.4397_17.2604,Mastersport,palestra,palestra
45.331956,8.432255,osm_sudsakorn_training_camp_italy_45.3320_8.4323,Sudsakorn Training Camp Italy,palestra,palestra
44.818310,7.223222,osm_new_energym_asd_44.8183_7.2232,New Energym ASD,palestra,palestra
45.746528,12.318467,osm_fitclub_asd_45.7465_12.3185,FitClub ASD,palestra,palestra
45.509271,12.653533,osm_new_body_center_45.5093_12.6535,New Body Center,palestra,palestra
43.663686,7.127813,osm_topfit_43.6637_7.1278,TopFit,palestra,palestra
42.581280,12.618606,osm_icon_palestre_42.5813_12.6186,Icon Palestre,palestra,palestra
36.702560,10.157489,osm_academy_fight_sport_36.7026_10.1575,Academy fight sport,palestra,palestra
44.982915,17.929485,osm_technogym_44.9829_17.9295,TechnoGym,palestra,palestra
36.696292,10.166362,osm_salle_de_sport_kempo_36.6963_10.1664,salle de sport Kempo,palestra,palestra
36.697131,10.161842,osm_salle_de_sport_bougatfa_36.6971_10.1618,salle de sport bougatfa,palestra,palestra
36.695412,10.164635,osm_fitess_california_gym_36.6954_10.1646,fitess california gym,palestra,palestra
44.397708,7.525911,osm_margo_44.3977_7.5259,Mar&Go,palestra,palestra
44.819229,7.217583,osm_palestra_g_vivere_il_movimento_44.8192_7.2176,Palestra G vivere il Movimento,palestra,palestra
46.783791,17.681218,osm_r320_fitart_46.7838_17.6812,R320 Fit&Art,palestra,palestra
46.623775,14.304654,osm_yoga_schule_krnten_46.6238_14.3047,Yoga Schule Kärnten,palestra,palestra
44.950064,13.798185,osm_crossfit_bura_44.9501_13.7982,CrossFit Bura,palestra,palestra
47.261123,8.596259,osm_activ_fitness_47.2611_8.5963,Activ Fitness,palestra,palestra
47.256732,6.010681,osm_snatch_47.2567_6.0107,Snatch,palestra,palestra
43.707943,7.256780,osm_basicfit_43.7079_7.2568,Basic-Fit,palestra,palestra
43.704615,7.272826,osm_basicfit_43.7046_7.2728,Basic-Fit,palestra,palestra
42.085427,12.155999,osm_yogadharma_42.0854_12.1560,Yogadharma,palestra,palestra
45.519382,9.280606,osm_rcoaching_iron_science_45.5194_9.2806,Rcoaching Iron & Science,palestra,palestra
45.477420,9.201322,osm_bali_yoga_45.4774_9.2013,Bali Yoga,palestra,palestra
47.195158,8.722847,osm_joshuas_yogastudio_47.1952_8.7228,Joshuas Yogastudio,palestra,palestra
45.479547,9.208189,osm_bulb_45.4795_9.2082,Bulb,palestra,palestra
47.005139,6.961788,osm_fitness_marchal_47.0051_6.9618,Fitness Maréchal,palestra,palestra
45.714759,9.682274,osm_fitactive_45.7148_9.6823,FitActive,palestra,palestra
45.201374,8.110025,osm_move_45.2014_8.1100,Move,palestra,palestra
44.360436,11.692974,osm_icon_palestre_44.3604_11.6930,Icon Palestre,palestra,palestra
47.295509,11.884447,osm_crossfit_zillertal_47.2955_11.8844,CrossFit Zillertal,palestra,palestra
43.691971,13.195669,osm_top_beach_senigallia_43.6920_13.1957,Top Beach Senigallia,palestra,palestra
43.767562,7.331281,osm_basicfit_43.7676_7.3313,Basic-Fit,palestra,palestra
43.544509,10.301765,osm_tonic_43.5445_10.3018,Tonic,palestra,palestra
46.947093,7.417435,osm_boxen_zur_bildung_46.9471_7.4174,Boxen zur Bildung,palestra,palestra
41.594487,14.151150,osm_asd_fitness_club_41.5945_14.1511,A.S.D Fitness Club,palestra,palestra
45.841167,16.051482,osm_gyms4you_dubrava_risnjaka_45.8412_16.0515,Gyms4you Dubrava Risnjačka,palestra,palestra
41.901267,12.658934,osm_new_destination_gym_41.9013_12.6589,New Destination Gym,palestra,palestra
38.351948,16.005647,osm_alex_club_38.3519_16.0056,Alex Club,palestra,palestra
43.320493,11.326440,osm_palestra_dentrolemura_43.3205_11.3264,Palestra Dentrolemura,palestra,palestra
42.420587,14.181773,osm_asd_virtuvian_42.4206_14.1818,A.S.D. Virtuvian,palestra,palestra
43.734430,12.631180,osm_reactive_43.7344_12.6312,ReActive,palestra,palestra
40.385465,15.026524,osm_tlab_40.3855_15.0265,T-Lab,palestra,palestra
39.238725,9.120197,osm_palaistik_39.2387_9.1202,Palaistikè,palestra,palestra
43.995017,12.652217,osm_centro_pilates_riccione_43.9950_12.6522,Centro pilates Riccione,palestra,palestra
43.729999,12.630885,osm_mad_planet_43.7300_12.6309,Mad Planet,palestra,palestra
42.458126,14.206320,osm_vonuo_42.4581_14.2063,Vonuo,palestra,palestra
44.885846,6.627404,osm_crossfit_onyx_1326_44.8858_6.6274,Crossfit Onyx 1326,palestra,palestra
43.620064,13.382865,osm_palestra_athlon_43.6201_13.3829,Palestra Athlon,palestra,palestra
43.725014,12.640286,osm_asd_gymnasium_43.7250_12.6403,ASD Gymnasium,palestra,palestra
46.158410,6.668443,osm_fitlife_46.1584_6.6684,Fitlife,palestra,palestra
41.038834,14.326659,osm_up_level_caserta_41.0388_14.3267,UP Level - Caserta,palestra,palestra
45.688516,8.456390,osm_fitactive_45.6885_8.4564,FitActive,palestra,palestra
46.098334,11.118652,osm_sole_dartea_46.0983_11.1187,Sole d'Artea,palestra,palestra
46.509898,6.848298,osm_qiluna_46.5099_6.8483,QiLuna,palestra,palestra
45.332214,14.438187,osm_blue_gym_45.3322_14.4382,Blue Gym,palestra,palestra
45.677582,13.400398,osm_palagym_45.6776_13.4004,PalaGym,palestra,palestra
45.934066,13.290190,osm_you_first_fitness_academy_45.9341_13.2902,You First Fitness Academy,palestra,palestra
46.020668,13.287428,osm_palestra_webfit_46.0207_13.2874,Palestra Webfit,palestra,palestra
45.449121,10.867033,osm_fast_crossfit_45.4491_10.8670,Fast CrossFit,palestra,palestra
46.608289,14.299980,osm_atlantis_fitness_yogaclub_46.6083_14.3000,Atlantis Fitness & Yogaclub,palestra,palestra
44.485618,11.368610,osm_impulsefit_44.4856_11.3686,ImpulseFit,palestra,palestra
44.440864,15.050449,osm_rival_44.4409_15.0504,Rival,palestra,palestra
37.083253,15.290732,osm_urban_fitness_37.0833_15.2907,Urban Fitness,palestra,palestra
46.077449,18.232346,osm_bars_around_the_corner_46.0774_18.2323,Bars Around The Corner,palestra,palestra
45.808068,15.930244,osm_enjoy_45.8081_15.9302,Enjoy,palestra,palestra
45.060211,7.644435,osm_centro_sportivo_robilant_45.0602_7.6444,Centro Sportivo Robilant,palestra,palestra
47.479305,8.304807,osm_boxring_baden_47.4793_8.3048,Boxring Baden,palestra,palestra
47.302315,8.441926,osm_fitnesscenter_teamtraining_47.3023_8.4419,Fitness-Center Team-Training,palestra,palestra
45.657159,13.098647,osm_fitness_lignano_45.6572_13.0986,Fitness Lignano,palestra,palestra
45.683868,12.001618,osm_calisthenics_treviso_45.6839_12.0016,Calisthenics Treviso,palestra,palestra
41.207700,14.693275,osm_wellness_island_center_41.2077_14.6933,Wellness Island Center,palestra,palestra
45.644733,12.306119,osm_calisthenics_treviso_45.6447_12.3061,Calisthenics Treviso,palestra,palestra
45.703609,12.219804,osm_calisthenics_treviso_45.7036_12.2198,Calisthenics Treviso,palestra,palestra
47.258598,8.851241,osm_lifefit_47.2586_8.8512,LifeFit,palestra,palestra
45.073537,7.614260,osm_manno_boxing_club_45.0735_7.6143,Manno Boxing Club,palestra,palestra
47.367690,8.560518,osm_sphery_47.3677_8.5605,(sphery),palestra,palestra
47.367344,8.560825,osm_enderli_47.3673_8.5608,Enderli,palestra,palestra
43.343636,17.796014,osm_feel_good_studio_43.3436_17.7960,Feel good studio,palestra,palestra
45.515893,9.211837,osm_fitsuite_45.5159_9.2118,Fitsuite,palestra,palestra
43.770238,11.255112,osm_vroom_studio_43.7702_11.2551,V_ROOM Studio,palestra,palestra
47.400160,8.624212,osm_flex_inn_47.4002_8.6242,Flex Inn,palestra,palestra
45.039804,7.682748,osm_crosslab_45.0398_7.6827,Crosslab,palestra,palestra
45.055864,9.448675,osm_crossfit_inexorable_45.0559_9.4487,CrossFit IneXorable,palestra,palestra
45.567687,8.049104,osm_why_not_fitness_club_45.5677_8.0491,Why Not Fitness Club,palestra,palestra
45.431669,16.276084,osm_bodybuilding_fitness_club_petrinja_45.4317_16.2761,Bodybuilding Fitness Club Petrinja,palestra,palestra
46.574492,12.117374,osm_energym_cortina_46.5745_12.1174,Energym Cortina,palestra,palestra
43.287943,11.342920,osm_studio_yoga_tao_43.2879_11.3429,Studio Yoga & Tao,palestra,palestra
41.863959,12.471943,osm_racing_nuoto_e_fitness_41.8640_12.4719,Racing Nuoto e Fitness,palestra,palestra
45.486624,9.218135,osm_247_days_palestre_45.4866_9.2181,24/7 Days Palestre,palestra,palestra
43.102031,12.307255,osm_the_gym_club_43.1020_12.3073,The Gym Club,palestra,palestra
45.630387,9.283478,osm_fitactive_45.6304_9.2835,Fitactive,palestra,palestra
43.320690,11.350752,osm_fit_express_siena_43.3207_11.3508,Fit Express Siena,palestra,palestra
41.109007,14.251459,osm_palestra_body_planet_41.1090_14.2515,Palestra Body Planet,palestra,palestra
43.319159,11.349683,osm_revolution_crossfit_siena_43.3192_11.3497,Revolution Crossfit Siena,palestra,palestra
43.319122,11.350932,osm_palestra_president_43.3191_11.3509,Palestra President,palestra,palestra
45.629793,9.271887,osm_time_to_fight_45.6298_9.2719,Time to fight,palestra,palestra
47.412183,9.645239,osm_fitness_noellen_47.4122_9.6452,Fitness Noellen,palestra,palestra
43.348799,17.795383,osm_fitness_centar_scm_43.3488_17.7954,Fitness centar SCM,palestra,palestra
43.965398,12.723226,osm_miami_hiit_43.9654_12.7232,Miami Hiit,palestra,palestra
44.782180,7.509120,osm_centro_sportivo_aldo_moro_44.7822_7.5091,Centro sportivo Aldo Moro,palestra,palestra
46.318198,11.259786,osm_741_fitness_46.3182_11.2598,741 - Fitness,palestra,palestra
43.854587,13.003161,osm_eden_43.8546_13.0032,Eden,palestra,palestra
43.642573,13.363452,osm_stronghold_43.6426_13.3635,Stronghold,palestra,palestra
45.473329,9.232901,osm_palestra_mc_45.4733_9.2329,Palestra M&C,palestra,palestra
43.317311,11.338292,osm_palestra_gold_gym_43.3173_11.3383,Palestra Gold Gym,palestra,palestra
46.037285,14.481640,osm_karim_movement_46.0373_14.4816,Karim Movement,palestra,palestra
43.308539,11.360548,osm_fit_fighters_43.3085_11.3605,Fit Fighters,palestra,palestra
43.723951,10.797080,osm_sunrise_43.7240_10.7971,Sunrise,palestra,palestra
47.371543,8.769663,osm_crossfit_zri_oberland_47.3715_8.7697,Crossfit Züri Oberland,palestra,palestra
47.088960,8.445765,osm_saluto_47.0890_8.4458,Saluto,palestra,palestra
47.086021,8.440492,osm_time_out_training_47.0860_8.4405,Time Out Training,palestra,palestra
40.467980,17.248415,osm_gym_40.4680_17.2484,Gym,palestra,palestra
42.486213,14.184115,osm_fitactive_42.4862_14.1841,FitActive,palestra,palestra
45.495798,9.635349,osm_nexfit_45.4958_9.6353,Nexfit,palestra,palestra
46.938544,7.399045,osm_fusion_sports_academy_46.9385_7.3990,Fusion Sports Academy,palestra,palestra
43.226129,6.070259,osm_crossfit_cuers_43.2261_6.0703,CrossFit Cuers,palestra,palestra
44.504295,11.348232,osm_feelgood_44.5043_11.3482,FeelGood!,palestra,palestra
45.322893,14.464910,osm_fit_for_life_fitness_centar_45.3229_14.4649,Fit FOR LIFE Fitness Centar,palestra,palestra
46.869871,15.829339,osm_noah_sports_46.8699_15.8293,Noah Sports,palestra,palestra
46.516848,15.634683,osm_levelup_trening_center_46.5168_15.6347,LevelUp - Trening Center,palestra,palestra
45.005145,7.658201,osm_anytime_fitness_45.0051_7.6582,AnyTime Fitness,palestra,palestra
46.060765,14.497170,osm_joga_studio_46.0608_14.4972,Joga studio,palestra,palestra
44.703371,10.622134,osm_yoga_e_pilates_divenire_44.7034_10.6221,Yoga e Pilates Divenire,palestra,palestra
37.092392,15.211697,osm_power_fitness_37.0924_15.2117,Power Fitness,palestra,palestra
46.202284,6.169268,osm_evo_46.2023_6.1693,Evo,palestra,palestra
40.939651,14.519444,osm_pure_fitness_boutique_40.9397_14.5194,Pure Fitness Boutique,palestra,palestra
45.894469,6.110231,osm_keepcool_annecy_45.8945_6.1102,Keepcool Annecy,palestra,palestra
47.268522,11.234553,osm_crossfit_47.2685_11.2346,CrossFit,palestra,palestra
47.425190,8.369713,osm_fitness_emotion_47.4252_8.3697,Fitness Emotion,palestra,palestra
44.595205,11.050463,osm_ego_44.5952_11.0505,Ego,palestra,palestra
40.918903,14.777846,osm_up_level_avellino_40.9189_14.7778,UP level - Avellino,palestra,palestra
45.884044,6.099658,osm_on_air_seynod_45.8840_6.0997,ON AIR SEYNOD,palestra,palestra
47.260212,10.755171,osm_invibe_tarrenz_47.2602_10.7552,Invibe Tarrenz,palestra,palestra
43.602606,7.088147,osm_thalgo_43.6026_7.0881,Thalgo,palestra,palestra
45.488193,6.529511,osm_snatch_crossfit_moutiers_45.4882_6.5295,Snatch CrossFit Moutiers,palestra,palestra
45.663574,6.367245,osm_crossfit_albertville_45.6636_6.3672,CrossFit Albertville,palestra,palestra
45.660845,6.372818,osm_irok_crossfit_45.6608_6.3728,Irok CrossFit,palestra,palestra
45.956022,13.640736,osm_fitnes_stadion_45.9560_13.6407,Fitnes Stadion,palestra,palestra
43.586185,7.112561,osm_fitness_house_43.5862_7.1126,Fitness House,palestra,palestra
43.585672,7.113935,osm_crossfit_antibes_43.5857_7.1139,CrossFit Antibes,palestra,palestra
45.446582,9.188803,osm_virgin_active_45.4466_9.1888,Virgin Active,palestra,palestra
45.447911,9.209834,osm_virgin_active_45.4479_9.2098,Virgin Active,palestra,palestra
45.363712,10.857063,osm_body_energie_45.3637_10.8571,Body energie,palestra,palestra
44.681448,10.652482,osm_fitactive_44.6814_10.6525,FitActive,palestra,palestra
46.024017,7.749505,osm_schlosssport_fitness_yoga_46.0240_7.7495,SchlossSport – Fitness & Yoga,palestra,palestra
46.024385,7.753560,osm_kraftwerk_fitness_46.0244_7.7536,Kraftwerk Fitness,palestra,palestra
46.164903,12.236785,osm_asd_il_larice_46.1649_12.2368,ASD Il Larice,palestra,palestra
46.139794,12.217260,osm_asd_cyb_cafolistico_46.1398_12.2173,ASD CYB CafèOlistico,palestra,palestra
36.935937,14.604988,osm_equator_sport_clinic_36.9359_14.6050,Equator Sport Clinic,palestra,palestra
36.884105,15.075280,osm_kolosseum_36.8841_15.0753,Kolosseum,palestra,palestra
44.768100,17.181421,osm_power_gym_44.7681_17.1814,Power Gym,palestra,palestra
46.939026,7.474324,osm_aurum_46.9390_7.4743,Aurum,palestra,palestra
45.654670,13.781025,osm_hard_fit_45.6547_13.7810,Hard Fit,palestra,palestra
46.028631,7.753814,osm_fitness_viking_zermatt_gmbh_46.0286_7.7538,Fitness Viking Zermatt GmbH,palestra,palestra
40.908422,14.295613,osm_up_level_40.9084_14.2956,UP Level,palestra,palestra
40.850679,14.268634,osm_up_level_40.8507_14.2686,UP Level,palestra,palestra
45.155222,17.998378,osm_ufit_45.1552_17.9984,U-Fit,palestra,palestra
45.857219,12.051326,osm_body_star_fit_45.8572_12.0513,Body Star Fit,palestra,palestra
45.983606,12.304744,osm_round1_45.9836_12.3047,ROUND1,palestra,palestra
44.225156,17.655070,osm_get_fit_44.2252_17.6551,Get fit,palestra,palestra
42.443325,14.242739,osm_palestra_gloria_42.4433_14.2427,Palestra Gloria,palestra,palestra
38.357107,16.002960,osm_kairos_38.3571_16.0030,Kairos,palestra,palestra
38.357238,16.004133,osm_master_palestra_38.3572_16.0041,Master Palestra,palestra,palestra
44.775862,17.184727,osm_4_life_44.7759_17.1847,4 Life,palestra,palestra
44.770651,17.204846,osm_4_life_44.7707_17.2048,4 Life,palestra,palestra
43.607330,13.512975,osm_corpus_43.6073_13.5130,Corpus,palestra,palestra
47.463359,8.990676,osm_cross_fit_47.4634_8.9907,Cross Fit,palestra,palestra
47.348981,9.673388,osm_lndle_crossfit_47.3490_9.6734,Ländle CrossFit,palestra,palestra
45.505434,9.162199,osm_officine_morghen_45.5054_9.1622,Officine Morghen,palestra,palestra
47.387699,11.262349,osm_juflowyoga_47.3877_11.2623,JuFlowYoga,palestra,palestra
45.896457,16.846749,osm_force_45.8965_16.8467,FORCE,palestra,palestra
45.694347,9.069856,osm_up_level_45.6943_9.0699,UP Level,palestra,palestra
45.913332,10.728514,osm_essential_yoga_wellness_45.9133_10.7285,Essential Yoga & Wellness,palestra,palestra
47.055851,15.116391,osm_clever_fit_47.0559_15.1164,Clever fit,palestra,palestra
45.904935,6.109323,osm_up2you_45.9049_6.1093,Up2you,palestra,palestra
43.578596,7.119408,osm_open_fit_43.5786_7.1194,Open Fit,palestra,palestra
43.577886,7.118682,osm_body_hit_43.5779_7.1187,Body Hit,palestra,palestra
45.900322,16.838272,osm_my_way_45.9003_16.8383,My Way,palestra,palestra
46.087429,11.118585,osm_anytime_fitness_46.0874_11.1186,Anytime Fitness,palestra,palestra
45.607148,9.257885,osm_crossfit_monza_45.6071_9.2579,CrossFit Monza,palestra,palestra
46.008051,8.964025,osm_yogandmore_46.0081_8.9640,YogandMore,palestra,palestra
46.008036,8.954679,osm_health_park_46.0080_8.9547,Health Park,palestra,palestra
46.745771,7.596543,osm_selffitnessch_ag_thunallmendingen_46.7458_7.5965,self-fitness.ch AG (Thun-Allmendingen),palestra,palestra
45.902377,16.844356,osm_step_45.9024_16.8444,Step,palestra,palestra
46.867409,7.561567,osm_selffitnessch_mnsingen_46.8674_7.5616,self-fitness.ch (Münsingen),palestra,palestra
45.901819,16.843889,osm_omega_45.9018_16.8439,Omega,palestra,palestra
45.902343,16.842859,osm_nim_sport_45.9023_16.8429,Nim Sport,palestra,palestra
45.896170,16.845583,osm_wellness_centar_coner_45.8962_16.8456,Wellness Centar Coner,palestra,palestra
44.697685,10.632645,osm_ipilates_asd_44.6977_10.6326,iPilates ASD,palestra,palestra
45.068317,7.699407,osm_stella_polare_45.0683_7.6994,Stella Polare,palestra,palestra
44.117425,15.242120,osm_city_gym_44.1174_15.2421,City gym,palestra,palestra
45.942364,8.561037,osm_se74_45.9424_8.5610,SE74,palestra,palestra
44.698091,10.634626,osm_anytime_fitness_44.6981_10.6346,Anytime Fitness,palestra,palestra
36.830884,7.465801,osm_poi_36.8309_7.4658,قاعة رياضية -قرواح محمد-,palestra,palestra
44.352513,11.705289,osm_buenavida_44.3525_11.7053,Buenavida,palestra,palestra
38.186903,13.324091,osm_mondello_fitness_38.1869_13.3241,Mondello Fitness,palestra,palestra
43.820069,17.612403,osm_teretana_latinos_43.8201_17.6124,Teretana Latinos,palestra,palestra
44.980140,16.711685,osm_gym_300_44.9801_16.7117,Gym 300,palestra,palestra
45.604401,9.249068,osm_yoganesh_monza_45.6044_9.2491,Yoganesh Monza,palestra,palestra
46.781059,15.535269,osm_clever_fit_46.7811_15.5353,Clever fit,palestra,palestra
43.706974,10.944267,osm_goldfit_43.7070_10.9443,GoldFit,palestra,palestra
45.463657,9.165379,osm_mot_studios_45.4637_9.1654,Mot studios,palestra,palestra
41.807838,12.437995,osm_hatha_yoga_roma_41.8078_12.4380,Hatha Yoga Roma,palestra,palestra
46.344070,6.142652,osm_profit_46.3441_6.1427,Profit,palestra,palestra
45.815266,15.985482,osm_bbk_gladiator_45.8153_15.9855,BBK Gladiator,palestra,palestra
46.417707,15.875249,osm_fitnes_center_zdravo_46.4177_15.8752,Fitnes center Zdravo,palestra,palestra
44.533128,18.696804,osm_fitness_centar_forma_44.5331_18.6968,Fitness centar Forma,palestra,palestra
47.408605,8.544315,osm_natthapong_gym_47.4086_8.5443,Natthapong Gym,palestra,palestra
37.069710,15.262602,osm_up_level_fitness_37.0697_15.2626,Up Level Fitness,palestra,palestra
45.974284,14.292573,osm_bj_fit_45.9743_14.2926,BJ FIT,palestra,palestra
47.240476,16.628268,osm_welcome_jga_s_tncstdi_47.2405_16.6283,Welcome jóga- és táncstúdió,palestra,palestra
46.525192,6.611354,osm_sportunity_le_studio_46.5252_6.6114,Sportunity - Le Studio,palestra,palestra
46.998938,12.532612,osm_mygym_matrei_i_o_46.9989_12.5326,MyGym Matrei i. O.,palestra,palestra
45.784475,15.945702,osm_fitnes_dvorana_paviljon_11_45.7845_15.9457,Fitnes dvorana paviljon 11,palestra,palestra
46.782612,7.609559,osm_activ_fitness_46.7826_7.6096,Activ Fitness,palestra,palestra
44.891514,11.801646,osm_well_fit_44.8915_11.8016,Well Fit,palestra,palestra
46.421804,15.873914,osm_fitness_studio_fit_2000_46.4218_15.8739,FITNESS STUDIO FIT 2000,palestra,palestra
44.504557,11.339691,osm_sana_44.5046_11.3397,Sana,palestra,palestra
47.015822,7.492777,osm_activ_fitness_47.0158_7.4928,Activ Fitness,palestra,palestra
45.760573,9.083356,osm_ng_fitness_45.7606_9.0834,NG Fitness,palestra,palestra
44.765757,17.207257,osm_supreme_44.7658_17.2073,Supreme,palestra,palestra
47.056660,7.629975,osm_dhara_yoga_more_47.0567_7.6300,Dhara Yoga & More,palestra,palestra
46.002259,14.026252,osm_thornada_46.0023_14.0263,Thornada,palestra,palestra
46.065451,14.546132,osm_klub_center_46.0655_14.5461,klub center,palestra,palestra
47.358747,8.585546,osm_vivo_training_47.3587_8.5855,Vivo Training,palestra,palestra
47.254978,11.316648,osm_bewegungsfreiraum_vls_47.2550_11.3166,BewegungsFreiraum Völs,palestra,palestra
46.547260,6.551349,osm_nonstop_gym_bussigny_46.5473_6.5513,NonStop Gym Bussigny,palestra,palestra
41.121137,16.870821,osm_fit_and_go_41.1211_16.8708,Fit and Go,palestra,palestra
45.776068,15.974153,osm_gyms4you_45.7761_15.9742,Gyms4you,palestra,palestra
38.710969,16.117718,osm_asd_gold_stallion_38.7110_16.1177,ASD Gold Stallion,palestra,palestra
44.360544,11.692685,osm_crossfit_40026_44.3605_11.6927,Crossfit 40026,palestra,palestra
45.784870,15.947341,osm_fitnes_dvorana_paviljon_10_45.7849_15.9473,Fitnes dvorana paviljon 10,palestra,palestra
47.396087,8.479826,osm_reha4health_47.3961_8.4798,Reha-4-Health,palestra,palestra
46.796422,11.939255,osm_bodystreet_46.7964_11.9393,Bodystreet,palestra,palestra
43.605785,13.328539,osm_natural_center_43.6058_13.3285,Natural Center,palestra,palestra
38.738304,16.179379,osm_go_fit_38.7383_16.1794,Go fit,palestra,palestra
45.887524,11.045251,osm_mylife_45.8875_11.0453,Mylife,palestra,palestra
42.463161,14.220019,osm_evolution_fitness_42.4632_14.2200,Evolution Fitness,palestra,palestra
45.815061,15.930369,osm_4allgym_45.8151_15.9304,4allGym,palestra,palestra
47.374012,8.516547,osm_boxclub_zrich_47.3740_8.5165,Boxclub Zürich,palestra,palestra
40.912391,14.254921,osm_up_level_arzano_40.9124_14.2549,Up Level Arzano,palestra,palestra
43.670086,7.222175,osm_basicfit_43.6701_7.2222,Basic-Fit,palestra,palestra
45.446856,9.212716,osm_bulb_45.4469_9.2127,BULB,palestra,palestra
47.415290,8.545643,osm_power_sports_club_47.4153_8.5456,Power Sports Club,palestra,palestra
41.983594,14.776808,osm_i_love_yumefit_asd_41.9836_14.7768,I Love Yume.Fit A.S.D.,palestra,palestra
43.450570,6.488746,osm_fit_move_43.4506_6.4887,Fit & move,palestra,palestra
41.877335,12.436774,osm_yoganostress_41.8773_12.4368,YogaNoStress,palestra,palestra
46.454351,11.258759,osm_namaste_body_soul_46.4544_11.2588,Namaste Body & Soul,palestra,palestra
44.143006,12.246499,osm_storefit_44.1430_12.2465,StoreFit,palestra,palestra
45.533403,9.238745,osm_il_7_chakra_45.5334_9.2387,Il 7° Chakra,palestra,palestra
43.669997,7.216850,osm_on_air_43.6700_7.2168,On Air,palestra,palestra
44.144407,12.246549,osm_pianeta_fitness_44.1444_12.2465,Pianeta fitness,palestra,palestra
36.834623,10.174205,osm_salle_de_musculation_36.8346_10.1742,Salle de musculation,palestra,palestra
44.771397,17.199523,osm_cartel_44.7714_17.1995,Cartel,palestra,palestra
43.743115,7.320604,osm_fitness_park_43.7431_7.3206,Fitness Park,palestra,palestra
47.462448,8.989711,osm_liareal_sirnach_47.4624_8.9897,Ööli-Areal Sirnach,palestra,palestra
44.496821,11.336583,osm_flexing_44.4968_11.3366,Flexing,palestra,palestra
45.365134,14.298075,osm_damar_gym_45.3651_14.2981,Damar Gym,palestra,palestra
45.887785,6.075437,osm_criossfit_summit_45.8878_6.0754,CriossFit Summit,palestra,palestra
47.310779,8.525794,osm_the_workout_space_47.3108_8.5258,The Workout Space,palestra,palestra
47.124260,13.808077,osm_bushido_gesundheitszentrum_47.1243_13.8081,Bushido Gesundheitszentrum,palestra,palestra
47.414651,8.555132,osm_aurum_47.4147_8.5551,Aurum,palestra,palestra
40.848323,14.283015,osm_fitactive_40.8483_14.2830,FitActive,palestra,palestra
47.230089,9.193475,osm_nicole_geisser_47.2301_9.1935,Nicole Geisser,palestra,palestra
44.700596,10.621376,osm_dharma_44.7006_10.6214,Dharma,palestra,palestra
47.101372,6.822387,osm_raja_yoga_47.1014_6.8224,Raja Yoga,palestra,palestra
47.378516,8.544113,osm_reformer_pilates_47.3785_8.5441,Reformer Pilates,palestra,palestra
43.104939,12.376142,osm_mcfit_43.1049_12.3761,McFit,palestra,palestra
44.517336,11.270183,osm_palestra_uisp_g_querz_44.5173_11.2702,Palestra Uisp G. Querzè,palestra,palestra
43.717583,10.402985,osm_moving_citylab_43.7176_10.4030,Moving Citylab,palestra,palestra
45.046102,9.677206,osm_titan_gym_45.0461_9.6772,Titan Gym,palestra,palestra
46.614882,14.320673,osm_thor_training_46.6149_14.3207,THOR Training,palestra,palestra
47.393082,8.489820,osm_physio_gym_sigerist_47.3931_8.4898,Physio Gym Sigerist,palestra,palestra
42.454650,13.932811,osm_gym_sport_house_di_baroni_sergio_42.4547_13.9328,Gym Sport House Di Baroni Sergio,palestra,palestra
41.134821,14.772736,osm_anytime_fitness_41.1348_14.7727,Anytime fitness,palestra,palestra
43.697059,10.835525,osm_crossfit_empoli_43.6971_10.8355,CROSSFIT Empoli,palestra,palestra
41.823343,12.582558,osm_muscle_street_gym_41.8233_12.5826,Muscle Street Gym,palestra,palestra
40.949333,14.486432,osm_up_level_nola_40.9493_14.4864,UP level Nola,palestra,palestra
47.090547,6.806296,osm_judokarat_club_47.0905_6.8063,Judo-Karaté Club,palestra,palestra
47.387609,8.523487,osm_yoga_anker_west_47.3876_8.5235,yoga anker west,palestra,palestra
40.854824,14.180214,osm_gym_lovers_40.8548_14.1802,Gym Lovers,palestra,palestra
45.877802,6.096421,osm_basicfit_45.8778_6.0964,Basic-Fit,palestra,palestra
45.313925,11.865001,osm_hero_gym_45.3139_11.8650,Hero Gym,palestra,palestra
47.392042,8.173462,osm_just_fitness_47.3920_8.1735,Just Fitness,palestra,palestra
44.894826,6.632799,osm_basicfit_44.8948_6.6328,Basic-Fit,palestra,palestra
43.318263,6.076418,osm_basicfit_43.3183_6.0764,Basic-Fit,palestra,palestra
45.941588,10.885531,osm_kushi_ling_45.9416_10.8855,Kushi Ling,palestra,palestra
45.052831,7.668497,osm_la_focus_45.0528_7.6685,La Focus,palestra,palestra
47.496909,8.718064,osm_chraftegg_47.4969_8.7181,Chrafteggä,palestra,palestra
42.633735,11.996223,osm_masters_of_fitness_42.6337_11.9962,Masters of Fitness,palestra,palestra
43.323581,11.334758,osm_president_fitness_club_43.3236_11.3348,President Fitness Club,palestra,palestra
46.225445,6.075193,osm_mlm_crossfit_46.2254_6.0752,MLM CrossFit,palestra,palestra
43.319767,11.331156,osm_yoga_studio_terra_43.3198_11.3312,Yoga Studio Terra,palestra,palestra
45.799404,15.892973,osm_gymlab_45.7994_15.8930,Gymlab,palestra,palestra
45.547347,9.172859,osm_fitactive_45.5473_9.1729,FitActive,palestra,palestra
45.564220,8.095213,osm_armonia_in_equilibrio_45.5642_8.0952,Armonia in equilibrio,palestra,palestra
47.263168,8.835935,osm_crossfit_8608_47.2632_8.8359,Crossfit 8608,palestra,palestra
43.239774,11.411883,osm_polisportiva_new_millenium_43.2398_11.4119,Polisportiva New Millenium,palestra,palestra
42.424348,14.190431,osm_reform_42.4243_14.1904,re:form,palestra,palestra
38.356033,16.084318,osm_real_sport_38.3560_16.0843,Real Sport,palestra,palestra
45.899850,6.121437,osm_on_air_45.8999_6.1214,On Air,palestra,palestra
46.509153,6.499028,osm_inspiration_46.5092_6.4990,Inspiration,palestra,palestra
47.231391,8.837410,osm_she_fitness_47.2314_8.8374,She Fitness,palestra,palestra
45.924228,6.124103,osm_basicfit_45.9242_6.1241,Basic-Fit,palestra,palestra
44.482690,11.375286,osm_mythos_44.4827_11.3753,Mythos,palestra,palestra
45.575638,9.181016,osm_go_fitness_hub_45.5756_9.1810,Go fitness hub,palestra,palestra
45.832335,16.057641,osm_big_gym_45.8323_16.0576,Big Gym,palestra,palestra
41.225922,16.311425,osm_total_body_center_41.2259_16.3114,Total Body Center,palestra,palestra
46.684975,7.853252,osm_beofit_46.6850_7.8533,BeoFit,palestra,palestra
41.858241,12.440420,osm_freetime_sporting_club_41.8582_12.4404,Freetime Sporting Club,palestra,palestra
47.091493,6.807123,osm_street_workout_47.0915_6.8071,Street workout,palestra,palestra
47.382303,11.767914,osm_aktivwelt_mhr_47.3823_11.7679,Aktivwelt Mähr,palestra,palestra
45.904734,16.845173,osm_fire_bod_45.9047_16.8452,Fire Bod,palestra,palestra
45.868336,8.985253,osm_carpe_diem_45.8683_8.9853,Carpe Diem,palestra,palestra
46.987622,8.312752,osm_dynamic_fitness_hergiswil_46.9876_8.3128,Dynamic Fitness Hergiswil,palestra,palestra
43.954493,11.379795,osm_gymnasium_club_43.9545_11.3798,Gymnasium Club,palestra,palestra
45.947973,6.632293,osm_aire_de_jeux_de_vouilloux_45.9480_6.6323,Aire de jeux de Vouilloux,palestra,palestra
45.708974,13.856820,osm_free_time_45.7090_13.8568,FREE TIME,palestra,palestra
45.803978,9.081382,osm_mcfit_45.8040_9.0814,McFit,palestra,palestra
38.237551,15.428305,osm_body_temple_38.2376_15.4283,Body Temple,palestra,palestra
45.431194,10.972634,osm_body_street_45.4312_10.9726,Body street,palestra,palestra
43.679924,7.203659,osm_open_fit_nice_ouest_43.6799_7.2037,Open Fit Nice Ouest,palestra,palestra
41.591597,12.629283,osm_fitactive_aprilia_41.5916_12.6293,FitActive Aprilia,palestra,palestra
42.450478,18.541127,osm_gym_2000_42.4505_18.5411,Gym 2000,palestra,palestra
46.384409,15.574686,osm_fitnes_klub_elite_slovenska_bistrica_46.3844_15.5747,Fitnes klub ELITE Slovenska Bistrica,palestra,palestra
47.362590,8.526883,osm_82_fitness_boutique_47.3626_8.5269,82 Fitness Boutique,palestra,palestra
43.719110,10.410601,osm_fitactive_pisa_43.7191_10.4106,FitActive Pisa,palestra,palestra
45.509536,9.207808,osm_avanti_45.5095_9.2078,Avanti,palestra,palestra
47.422049,8.505902,osm_faye_studio_47.4220_8.5059,Faye Studio,palestra,palestra
44.501282,11.337205,osm_alma_gym_unione_44.5013_11.3372,Alma Gym Unione,palestra,palestra
47.222719,8.982236,osm_fit_inform_47.2227_8.9822,Fit Inform,palestra,palestra
45.439716,11.005819,osm_cus_verona_pesistica_45.4397_11.0058,CUS Verona Pesistica,palestra,palestra
43.121502,6.120839,osm_my_new_body_43.1215_6.1208,My New Body,palestra,palestra
47.414856,8.555922,osm_turicumfit_47.4149_8.5559,TuricumFit,palestra,palestra
47.309049,11.067784,osm_thni_krperfabrik_47.3090_11.0678,Thöni Körperfabrik,palestra,palestra
44.694863,10.619963,osm_ivana_gagliano_yogattaglio_44.6949_10.6200,Ivana Gagliano | YOGATTAGLIO,palestra,palestra
39.816925,8.800397,osm_climbing_wall_39.8169_8.8004,Climbing wall,palestra,palestra
43.577777,7.118896,osm_kamanao_43.5778_7.1189,Kamanao,palestra,palestra
44.451856,8.978335,osm_crossfit_boost_asd_beaver_44.4519_8.9783,CrossFit Boost Asd Beaver,palestra,palestra
47.373065,8.519341,osm_studio_y3_47.3731_8.5193,Studio Y3,palestra,palestra
44.360768,11.730459,osm_ih_fitness_lab_44.3608_11.7305,IH Fitness Lab,palestra,palestra
44.027166,10.107947,osm_greentheory_tempio_44.0272_10.1079,GreenTheory Tempio,palestra,palestra
47.492402,11.110131,osm_sport_und_fitnessverein_partenkirchen_47.4924_11.1101,Sport und Fitnessverein Partenkirchen,palestra,palestra
43.312055,11.317204,osm_centro_olistico_wellness_euritmia_43.3121_11.3172,Centro Olistico Wellness Euritmia,palestra,palestra
43.593502,13.503528,osm_state_of_mind_43.5935_13.5035,State of Mind,palestra,palestra
41.072794,14.350962,osm_easyfitness_41.0728_14.3510,EasyFitness,palestra,palestra
45.936348,6.108006,osm_cortigrimpe_45.9363_6.1080,Cortigrimpe,palestra,palestra
43.048156,13.681556,osm_empire_club_43.0482_13.6816,Empire Club,palestra,palestra
47.381754,8.673709,osm_clever_fit_47.3818_8.6737,Clever fit,palestra,palestra
40.816663,16.426447,osm_power_fitness_asd_40.8167_16.4264,Power Fitness ASD,palestra,palestra
41.862561,12.550391,osm_anytime_fitness_41.8626_12.5504,Anytime Fitness,palestra,palestra
40.914381,14.148845,osm_asd_fitness_space_40.9144_14.1488,Asd Fitness Space,palestra,palestra
46.877043,7.637668,osm_hatha_yoga_46.8770_7.6377,Hatha Yoga,palestra,palestra
45.446740,8.620463,osm_23_eleven_45.4467_8.6205,23 Eleven,palestra,palestra
43.349929,17.804888,osm_krav_maga_gym_43.3499_17.8049,Krav Maga GYM,palestra,palestra
46.718200,11.651015,osm_body_street_46.7182_11.6510,Body Street,palestra,palestra
45.041143,7.354720,osm_new_point_fitness_45.0411_7.3547,New point fitness,palestra,palestra
46.515389,6.629960,osm_lets_go_fitness_46.5154_6.6300,Let's Go Fitness,palestra,palestra
45.843298,12.883275,osm_evogym_fitness_club_45.8433_12.8833,EvoGym Fitness Club,palestra,palestra
46.614778,15.206669,osm_tap_gym_46.6148_15.2067,Tap Gym,palestra,palestra
44.693939,10.621677,osm_yoga_ahimsa_44.6939_10.6217,Yoga Ahimsa,palestra,palestra
43.347972,11.330148,osm_nuova_accademia_gnostica_saw_43.3480_11.3301,Nuova Accademia Gnostica S.A.W,palestra,palestra
47.043943,15.458954,osm_crossfit_47.0439_15.4590,CrossFit,palestra,palestra
45.406326,11.893691,osm_body_experience_45.4063_11.8937,Body Experience,palestra,palestra
47.406958,7.543619,osm_fitness_hell_47.4070_7.5436,Fitness Hell,palestra,palestra
47.074285,18.033129,osm_glad_gym_47.0743_18.0331,Glad Gym,palestra,palestra
45.664940,13.769472,osm_california_gym_palestre_roiano_45.6649_13.7695,California Gym Palestre - Roiano,palestra,palestra
47.262601,11.405147,osm_mrtl_krperbau_47.2626_11.4051,Mörtl Körperbau,palestra,palestra
46.853287,8.645747,osm_fitness_gisler_46.8533_8.6457,Fitness Gisler,palestra,palestra
44.691179,10.634452,osm_camelot_club_44.6912_10.6345,Camelot Club,palestra,palestra
45.529680,12.639329,osm_anahata_45.5297_12.6393,Anahata,palestra,palestra
47.337405,9.647028,osm_good_life_sports_47.3374_9.6470,Good Life Sports,palestra,palestra
37.296086,15.010138,osm_golds_gym_37.2961_15.0101,Gold's Gym,palestra,palestra
45.809762,15.715256,osm_qfit_45.8098_15.7153,Qfit,palestra,palestra
46.956716,17.887730,osm_108jga_46.9567_17.8877,108jóga,palestra,palestra
46.208610,6.164621,osm_street_workout_46.2086_6.1646,Street workout,palestra,palestra
40.818066,16.424287,osm_asd_postural_pilates_40.8181_16.4243,A.S.D. Postural Pilates,palestra,palestra
40.819752,16.430164,osm_body_soul_40.8198_16.4302,Body & Soul,palestra,palestra
46.223264,6.097380,osm_nonstop_gym_46.2233_6.0974,NonStop Gym,palestra,palestra
47.493161,11.086013,osm_verena_krinningerpilates_studio_47.4932_11.0860,Verena Krinninger-Pilates Studio,palestra,palestra
47.492765,11.085494,osm_kommmal_runteryogastudio_47.4928_11.0855,Komm-mal Runter-yogastudio,palestra,palestra
45.913377,12.860222,osm_palestra_emmedue_45.9134_12.8602,Palestra Emmedue,palestra,palestra
45.793402,15.969303,osm_sport_box_45.7934_15.9693,Sport Box,palestra,palestra
47.484133,11.068371,osm_muller_fitness_centerus_army_mwr_47.4841_11.0684,Muller Fitness Center-US Army MWR,palestra,palestra
47.487942,11.061537,osm_yogafreudestudio_47.4879_11.0615,yoga-Freude-Studio,palestra,palestra
43.675830,7.121878,osm_basicfit_43.6758_7.1219,Basic-Fit,palestra,palestra
43.689244,12.810366,osm_top_fitness_club_43.6892_12.8104,Top Fitness Club,palestra,palestra
46.805858,14.829754,osm_health_gym_fitness_46.8059_14.8298,HEALTH GYM Fitness,palestra,palestra
47.473095,11.211666,osm_meditation_house_47.4731_11.2117,Meditation House,palestra,palestra
44.761606,17.185098,osm_fit_abacija_44.7616_17.1851,Fit Abacija,palestra,palestra
47.371007,18.205207,osm_akasha_jgastdi_47.3710_18.2052,Akasha jógastúdió,palestra,palestra
47.463599,8.331553,osm_ironbodyfit_47.4636_8.3316,Ironbodyfit,palestra,palestra
45.913527,12.874619,osm_ginnasticamente_20_45.9135_12.8746,Ginnasticamente 2.0,palestra,palestra
46.211473,6.139161,osm_swiss_fit_46.2115_6.1392,Swiss Fit,palestra,palestra
41.587119,12.970970,osm_asd_sporting_club_norma_palestra_sala_pe_41.5871_12.9710,"A.S.D. Sporting Club Norma | Palestra, Sala pesi e Zumba",palestra,palestra
45.688309,13.133467,osm_studio_14_45.6883_13.1335,Studio 14,palestra,palestra
45.706984,9.268505,osm_visconta_fitness_45.7070_9.2685,Visconta Fitness,palestra,palestra
45.664076,15.642495,osm_the_gym_45.6641_15.6425,The Gym,palestra,palestra
47.056286,7.630136,osm_activ_fitness_47.0563_7.6301,Activ Fitness,palestra,palestra
37.279020,15.011075,osm_abc_wellness_37.2790_15.0111,Abc Wellness,palestra,palestra
47.239806,6.026423,osm_sofitness_47.2398_6.0264,So'Fitness,palestra,palestra
47.498463,8.721316,osm_nonstop_gym_47.4985_8.7213,NonStop Gym,palestra,palestra
47.387525,8.524639,osm_nonstop_gym_47.3875_8.5246,NonStop Gym,palestra,palestra
42.734806,13.965674,osm_planet_fitness_42.7348_13.9657,Planet Fitness,palestra,palestra
47.362136,8.512543,osm_zuerich_gym_hurt_locker_47.3621_8.5125,Zuerich Gym – Hurt Locker,palestra,palestra
47.357104,8.552805,osm_move_and_me_47.3571_8.5528,move and me,palestra,palestra
42.363226,14.141599,osm_palestra_perla_village_42.3632_14.1416,Palestra Perla Village,palestra,palestra
46.215576,6.134864,osm_activ_fitness_46.2156_6.1349,Activ fitness,palestra,palestra
47.285159,16.185238,osm_morefit_47.2852_16.1852,Morefit,palestra,palestra
47.404401,12.902978,osm_fit_fun_47.4044_12.9030,Fit & Fun,palestra,palestra
45.472417,9.209483,osm_the_flow_studio_di_yoga_45.4724_9.2095,"The Flow, Studio di Yoga",palestra,palestra
45.938209,6.080594,osm_basicfit_45.9382_6.0806,Basic-Fit,palestra,palestra
41.824412,12.870268,osm_new_world_41.8244_12.8703,New World,palestra,palestra
41.153131,16.767049,osm_centro_pilates_masavi_41.1531_16.7670,Centro Pilates Masavi,palestra,palestra
41.737416,12.281032,osm_palestra_one_41.7374_12.2810,Palestra ONE,palestra,palestra
41.737767,12.276640,osm_evolution_wellness_lab_41.7378_12.2766,Evolution Wellness Lab,palestra,palestra
46.009330,8.966629,osm_free_time_club_46.0093_8.9666,Free Time Club,palestra,palestra
47.292211,7.942633,osm_update_fitness_47.2922_7.9426,update Fitness,palestra,palestra
46.796245,9.822298,osm_aurum_fit_46.7962_9.8223,AURUM Fit,palestra,palestra
46.794492,9.824599,osm_yogaplaza_davos_46.7945_9.8246,yogaplaza Davos,palestra,palestra
44.710382,10.641199,osm_gyrotonic_44.7104_10.6412,Gyrotonic,palestra,palestra
37.086183,15.278725,osm_move_for_life_37.0862_15.2787,Move for Life,palestra,palestra
46.038173,11.124945,osm_crossfit_46.0382_11.1249,CrossFit,palestra,palestra
44.760232,17.200849,osm_trening_centar_arseni_44.7602_17.2008,Trening centar Arsenić,palestra,palestra
46.388012,16.417751,osm_aquila_fitness_centar_46.3880_16.4178,Aquila Fitness Centar,palestra,palestra
47.229592,8.668275,osm_schmucki_fit_47.2296_8.6683,Schmucki fit,palestra,palestra
45.421907,12.074352,osm_centro_sportivo_riviera_del_brenta_45.4219_12.0744,Centro Sportivo Riviera del Brenta,palestra,palestra
45.658331,11.997572,osm_olympiafit_45.6583_11.9976,OlympiaFit,palestra,palestra
46.772130,15.562457,osm_bodyperformance_og_46.7721_15.5625,Bodyperformance OG,palestra,palestra
42.438207,14.259351,osm_biozona_42.4382_14.2594,BioZona,palestra,palestra
47.093536,6.818056,osm_manawa_47.0935_6.8181,Manawa,palestra,palestra
45.831450,16.058957,osm_viva_45.8315_16.0590,Viva,palestra,palestra
44.710898,10.621666,osm_icon_palestre_44.7109_10.6217,ICON Palestre,palestra,palestra
47.134430,7.244212,osm_activ_fitness_47.1344_7.2442,Activ Fitness,palestra,palestra
47.135700,7.248761,osm_ironbodyfit_47.1357_7.2488,Ironbodyfit,palestra,palestra
47.248312,9.610643,osm_purfitness_47.2483_9.6106,purfitness,palestra,palestra
45.788445,15.944629,osm_trening_centar_osvit_45.7884_15.9446,Trening centar Osvit,palestra,palestra
46.351238,18.701608,osm_fitness_five_46.3512_18.7016,Fitness Five,palestra,palestra
44.633919,10.909094,osm_palestra_all_jolli_sports_44.6339_10.9091,Palestra All Jolli Sports,palestra,palestra
45.625938,6.784566,osm_la_box_forme_45.6259_6.7846,La Box' Forme,palestra,palestra
45.806457,15.974829,osm_gym_cafe_45.8065_15.9748,Gym cafe,palestra,palestra
41.851122,12.564133,osm_gyrotonic_41.8511_12.5641,Gyrotonic,palestra,palestra
47.256971,11.358072,osm_olympiazentrum_tirol_47.2570_11.3581,Olympiazentrum Tirol,palestra,palestra
45.639981,12.590716,osm_giorgia_fit_45.6400_12.5907,Giorgia fit,palestra,palestra
46.836803,16.828668,osm_cutler_fitness_zalaegerszeg_46.8368_16.8287,Cutler Fitness Zalaegerszeg,palestra,palestra
43.615273,7.074492,osm_basicfit_43.6153_7.0745,Basic-Fit,palestra,palestra
45.831313,8.800402,osm_yoga_studio_varese_45.8313_8.8004,Yoga Studio Varese,palestra,palestra
45.330166,14.438499,osm_ebody_croatia_45.3302_14.4385,E.body croatia,palestra,palestra
47.277273,8.617710,osm_high_five_47.2773_8.6177,High Five,palestra,palestra
41.737474,12.275187,osm_tree_life_fitness_41.7375_12.2752,Tree Life Fitness,palestra,palestra
45.787365,15.948534,osm_shape_n_tone_45.7874_15.9485,Shape 'N' tone,palestra,palestra
44.362552,11.718902,osm_creation_gym_44.3626_11.7189,Creation Gym,palestra,palestra
43.259321,11.377970,osm_the_yogi_cat_43.2593_11.3780,The Yogi Cat,palestra,palestra
46.937545,7.427414,osm_nrg_gym_46.9375_7.4274,NRG GYM,palestra,palestra
45.809342,13.357051,osm_webfit_45.8093_13.3571,WebFit,palestra,palestra
44.327462,9.215264,osm_born_to_move_elite_fitness_44.3275_9.2153,Born To Move Elite Fitness,palestra,palestra
43.606119,13.455573,osm_spazio_kinesis_43.6061_13.4556,Spazio Kinesis,palestra,palestra
45.109288,7.383168,osm_miss_fit_45.1093_7.3832,Miss Fit,palestra,palestra
44.634629,10.953727,osm_new_fitness_44.6346_10.9537,New Fitness,palestra,palestra
43.684966,10.497864,osm_artemix_43.6850_10.4979,Artemix,palestra,palestra
47.235135,8.824891,osm_fitnessfactory_jona_47.2351_8.8249,Fitness-Factory Jona,palestra,palestra
45.528670,9.174674,osm_palestra_fitlevel_45.5287_9.1747,palestra FitLevel,palestra,palestra
46.059162,13.254195,osm_steel_lab_46.0592_13.2542,Steel Lab,palestra,palestra
45.453146,9.115991,osm_anytime_fitness_45.4531_9.1160,Anytime Fitness,palestra,palestra
46.215433,6.132867,osm_non_stop_gym_46.2154_6.1329,Non stop gym,palestra,palestra
43.610867,13.449349,osm_corpus_43.6109_13.4493,Corpus,palestra,palestra
47.278593,8.337162,osm_dancers_world_47.2786_8.3372,Dancer's World,palestra,palestra
44.625415,11.196046,osm_gim_five_44.6254_11.1960,Gim five,palestra,palestra
45.480334,9.245706,osm_esthelogue_45.4803_9.2457,Esthelogue,palestra,palestra
46.607023,14.309521,osm_injoy_46.6070_14.3095,INJOY,palestra,palestra
46.072225,18.229504,osm_fitness_five_46.0722_18.2295,Fitness Five,palestra,palestra
37.511539,15.021591,osm_up_level_fitness_37.5115_15.0216,Up Level Fitness,palestra,palestra
45.662266,12.270577,osm_fitactive_45.6623_12.2706,FitActive,palestra,palestra
41.162810,16.747506,osm_centro_yoga_fissa_dimora_41.1628_16.7475,Centro Yoga Fissa Dimora,palestra,palestra
45.695474,9.687159,osm_mil_pasos_45.6955_9.6872,Mil Pasos,palestra,palestra
45.615586,6.766851,osm_esola_45.6156_6.7669,Esola,palestra,palestra
45.491237,12.237936,osm_john_reed_fitness_45.4912_12.2379,JOHN REED Fitness,palestra,palestra
40.871300,14.269238,osm_fit_dojo_40.8713_14.2692,Fit Dojo,palestra,palestra
44.668772,8.470271,osm_fit_express_44.6688_8.4703,Fit express,palestra,palestra
44.668032,8.471304,osm_crossfit_44.6680_8.4713,CrossFit,palestra,palestra
45.786935,15.949783,osm_specijalizirani_prenatalpostnatal_centar_45.7869_15.9498,Specijalizirani prenatal/postnatal centar,palestra,palestra
45.318906,8.398722,osm_unica_45.3189_8.3987,Unica,palestra,palestra
44.693585,10.649209,osm_body_studio_1_44.6936_10.6492,Body Studio 1,palestra,palestra
44.691580,10.648647,osm_fitaly_44.6916_10.6486,FITALY,palestra,palestra
44.691677,10.648216,osm_pilates_lifestyle_studio_44.6917_10.6482,Pilates Lifestyle Studio,palestra,palestra
43.609565,13.516149,osm_my_gym_43.6096_13.5161,My Gym,palestra,palestra
45.717310,9.040135,osm_joyfit_cadorago_45.7173_9.0401,Joyfit Cadorago,palestra,palestra
45.576494,9.264364,osm_anytime_fitness_45.5765_9.2644,Anytime Fitness,palestra,palestra
43.440137,12.849576,osm_asd_evergreen_43.4401_12.8496,A.S.D. Evergreen,palestra,palestra
43.601107,7.091180,osm_kid_fitness_43.6011_7.0912,Kid fitness,palestra,palestra
41.156352,16.767049,osm_asd_revolution_gym_41.1564_16.7670,ASD Revolution Gym,palestra,palestra
45.063063,7.680871,osm_mcfit_45.0631_7.6809,McFit,palestra,palestra
47.463059,9.020325,osm_well_come_fit_47.4631_9.0203,well come FIT,palestra,palestra
45.340603,11.968306,osm_palestra_golden_club_45.3406_11.9683,Palestra Golden Club,palestra,palestra
45.816896,16.004058,osm_gyms4you_45.8169_16.0041,Gyms4you,palestra,palestra
44.703086,10.659952,osm_studio_yoga_samgha_asd_44.7031_10.6600,Studio Yoga Samgha Asd,palestra,palestra
44.702695,10.668968,osm_brunazzi_44.7027_10.6690,Brunazzi,palestra,palestra
45.618938,6.768723,osm_amilcar_coaching_45.6189_6.7687,Amilcar Coaching,palestra,palestra
43.677309,10.477727,osm_fitactive_43.6773_10.4777,FitActive,palestra,palestra
47.107195,6.138781,osm_lorange_bleue_47.1072_6.1388,L'Orange Bleue,palestra,palestra
45.247110,7.541913,osm_palestra_asd_octopus_45.2471_7.5419,Palestra ASD Octopus,palestra,palestra
47.311873,8.525150,osm_feel_fit_47.3119_8.5252,Feel Fit,palestra,palestra
44.368357,11.723120,osm_maxfit_44.3684_11.7231,MaxFit,palestra,palestra
43.351676,17.795535,osm_modular_gym_43.3517_17.7955,Modular Gym,palestra,palestra
42.926624,10.752809,osm_palestra_azzurra_42.9266_10.7528,Palestra Azzurra,palestra,palestra
42.926789,10.752888,osm_body_lab_42.9268_10.7529,Body Lab,palestra,palestra
45.687197,9.739016,osm_max_fitness_45.6872_9.7390,Max Fitness,palestra,palestra
45.733111,8.575580,osm_wellfit_fitness_club_wellness_45.7331_8.5756,WellFit Fitness Club & Wellness,palestra,palestra
43.730923,10.922004,osm_linkfitness_club_43.7309_10.9220,Linkfitness club,palestra,palestra
45.564362,18.637685,osm_bluegym_retfala_45.5644_18.6377,Bluegym Retfala,palestra,palestra
45.897522,6.106281,osm_aquaterra_fitness_45.8975_6.1063,Aquaterra Fitness,palestra,palestra
45.897446,6.106363,osm_kid_fitness_45.8974_6.1064,Kid Fitness,palestra,palestra
45.780030,9.046672,osm_fitup_45.7800_9.0467,FitUp,palestra,palestra
47.461465,9.046380,osm_update_fitness_47.4615_9.0464,update Fitness,palestra,palestra
47.382312,8.495793,osm_inspired_movement_47.3823_8.4958,Inspired Movement,palestra,palestra
43.695347,7.257525,osm_basicfit_43.6953_7.2575,Basic-Fit,palestra,palestra
46.531617,6.573624,osm_elevate_gym_46.5316_6.5736,Elevate Gym,palestra,palestra
47.499466,7.553977,osm_myfit_47.4995_7.5540,MyFit,palestra,palestra
44.519361,11.264087,osm_fitinn_44.5194_11.2641,FITINN,palestra,palestra
44.778113,17.192442,osm_trening_centar_aleksandar_44.7781_17.1924,Trening centar Aleksandar,palestra,palestra
43.558619,7.017665,osm_can_sport_43.5586_7.0177,Can' Sport,palestra,palestra
46.211574,6.151261,osm_studio_soham_46.2116_6.1513,Studio Soham,palestra,palestra
43.726097,10.402838,osm_spazio_cuore_43.7261_10.4028,Spazio Cuore,palestra,palestra
41.873011,12.460242,osm_very_yeah_fitness_club_41.8730_12.4602,Very Yeah Fitness Club,palestra,palestra
44.411350,8.940927,osm_ashtanga_yoga_genova_44.4113_8.9409,Ashtanga Yoga Genova,palestra,palestra
44.810296,10.355948,osm_fit_planet_44.8103_10.3559,Fit Planet,palestra,palestra
36.978191,15.201179,osm_delta_training_36.9782_15.2012,Delta Training,palestra,palestra
47.388649,8.126576,osm_update_fitness_47.3886_8.1266,update Fitness,palestra,palestra
43.567110,10.320226,osm_salus_43.5671_10.3202,Salus,palestra,palestra
43.656889,7.198597,osm_metropolitan_43.6569_7.1986,Metropolitan,palestra,palestra
43.705455,7.193893,osm_basicfit_43.7055_7.1939,Basic-Fit,palestra,palestra
45.639445,13.796236,osm_palestra_world_45.6394_13.7962,Palestra World,palestra,palestra
47.092114,8.357292,osm_activ_fitness_47.0921_8.3573,Activ Fitness,palestra,palestra
47.493135,11.085672,osm_me6_studio_47.4931_11.0857,ME6 Studio,palestra,palestra
37.269651,9.857079,osm_fitness_first_37.2697_9.8571,Fitness First,palestra,palestra
45.545509,10.177882,osm_hut_fit_roncadelle_45.5455_10.1779,Hut Fit Roncadelle,palestra,palestra
44.633780,10.927964,osm_aktivarium_palestra_44.6338_10.9280,Aktivarium Palestra,palestra,palestra
47.034253,8.274094,osm_unique_47.0343_8.2741,Unique,palestra,palestra
47.383626,8.498237,osm_uegos_47.3836_8.4982,Uegos,palestra,palestra
46.133623,9.540306,osm_be_woman_46.1336_9.5403,Be Woman,palestra,palestra
47.417606,9.358464,osm_hathayoga_47.4176_9.3585,Hathayoga,palestra,palestra
41.111339,16.686851,osm_energym_41.1113_16.6869,Energym,palestra,palestra
42.239910,14.408615,osm_fitness_wellness_42.2399_14.4086,Fitness & Wellness,palestra,palestra
37.097444,15.268842,osm_siracusa_boxing_team_37.0974_15.2688,Siracusa Boxing Team,palestra,palestra
46.170000,9.869536,osm_equilibrio_46.1700_9.8695,Equilibrio,palestra,palestra
46.171955,9.871871,osm_centro_studi_tibetani_46.1720_9.8719,Centro Studi Tibetani,palestra,palestra
45.476800,9.219340,osm_audace_palestre_milano_45.4768_9.2193,Audace Palestre Milano,palestra,palestra
44.775139,10.407642,osm_up_level_44.7751_10.4076,UP level,palestra,palestra
44.075994,12.327587,osm_trifit_longiano_44.0760_12.3276,TRIFIT Longiano,palestra,palestra
47.441960,8.465154,osm_fitness_zone_47.4420_8.4652,Fitness Zone,palestra,palestra
41.996183,14.998468,osm_iron_gym_41.9962_14.9985,Iron Gym,palestra,palestra
43.792300,11.217064,osm_fit_express_43.7923_11.2171,Fit Express,palestra,palestra
37.516611,15.093990,osm_energy_life_37.5166_15.0940,Energy Life,palestra,palestra
45.080019,7.669840,osm_squash_point_45.0800_7.6698,Squash Point,palestra,palestra
45.787777,15.938034,osm_super_body_aerobic_centar_45.7878_15.9380,Super body aerobic centar,palestra,palestra
45.538414,9.244104,osm_claw_hammer_milano_45.5384_9.2441,Claw Hammer Milano,palestra,palestra
45.538525,9.244222,osm_calisthenics_sesto_san_giovanni_45.5385_9.2442,Calisthenics Sesto San Giovanni,palestra,palestra
45.487934,8.945364,osm_centro_estetico_e_benessere_silhouette_45.4879_8.9454,Centro Estetico e Benessere Silhouette,palestra,palestra
41.872603,12.527613,osm_fitandgo_41.8726_12.5276,FitAndGo,palestra,palestra
40.456874,17.499961,osm_elite_gym_and_fitness_40.4569_17.5000,Elite Gym and Fitness,palestra,palestra
45.663713,9.163747,osm_inmelab_45.6637_9.1637,IN.ME.LAB,palestra,palestra
47.347374,8.716361,osm_salon_du_yoga_47.3474_8.7164,Salon du Yoga,palestra,palestra
36.042637,14.245644,osm_mp_fitness_36.0426_14.2456,M&P Fitness,palestra,palestra
47.353847,8.713821,osm_bambus_yoga_pilates_gmbh_47.3538_8.7138,Bambus Yoga Pilates GmbH,palestra,palestra
43.907757,12.866988,osm_big_gym_43.9078_12.8670,Big gym,palestra,palestra
45.852859,8.959492,osm_sportacademy_45.8529_8.9595,SportAcademy,palestra,palestra
36.922630,15.155363,osm_pantafit_36.9226_15.1554,Pantafit,palestra,palestra
46.212227,6.146631,osm_ashtanga_passion_club_46.2122_6.1466,ashtanga passion club,palestra,palestra
42.428803,11.120196,osm_gymtonic_42.4288_11.1202,Gymtonic,palestra,palestra
41.447359,15.566916,osm_centro_fitness_dinamika_41.4474_15.5669,Centro Fitness DinamiKa,palestra,palestra
40.642428,14.857391,osm_virgin_active_40.6424_14.8574,Virgin Active,palestra,palestra
46.201186,6.132835,osm_evo_fitness_46.2012_6.1328,evo fitness,palestra,palestra
47.376336,8.672516,osm_fitnesspark_greifensee_milandia_47.3763_8.6725,Fitnesspark Greifensee Milandia,palestra,palestra
45.529421,11.500545,osm_fitactive_vicenza_pioppi_45.5294_11.5005,FitActive Vicenza Pioppi,palestra,palestra
41.085143,16.788308,osm_ironfit_41.0851_16.7883,IronFit,palestra,palestra
45.897965,16.840172,osm_fitness_for_life_45.8980_16.8402,FITNESS FOR LIFE,palestra,palestra
47.267485,11.624109,osm_outdoor_yoga_47.2675_11.6241,Outdoor Yoga,palestra,palestra
45.066841,7.678965,osm_virgin_active_45.0668_7.6790,Virgin Active,palestra,palestra
41.276134,16.425678,osm_workhour_41.2761_16.4257,WorkHour,palestra,palestra
41.266659,16.437770,osm_future_fitness_41.2667_16.4378,Future Fitness,palestra,palestra
41.263733,16.439332,osm_onlyw_41.2637_16.4393,OnlyW,palestra,palestra
47.075859,8.286696,osm_activ_fitness_47.0759_8.2867,Activ Fitness,palestra,palestra
47.030149,8.287373,osm_activ_fitness_47.0301_8.2874,Activ Fitness,palestra,palestra
47.095771,8.244350,osm_activ_fitness_47.0958_8.2444,Activ Fitness,palestra,palestra
40.540791,17.580161,osm_icos_sporting_club_srl_40.5408_17.5802,Icos Sporting Club Srl,palestra,palestra
42.350178,14.138287,osm_palestra_audacia_42.3502_14.1383,Palestra Audacia,palestra,palestra
45.457680,9.164554,osm_reverbia_45.4577_9.1646,Reverbia,palestra,palestra
47.388008,8.490790,osm_kraft_healt_strenght_47.3880_8.4908,Kraft Healt & Strenght,palestra,palestra
42.709277,11.003606,osm_crosstraining_42.7093_11.0036,CrossTraining,palestra,palestra
46.829105,7.146891,osm_lets_go_fitness_46.8291_7.1469,Let's Go Fitness,palestra,palestra
45.786851,15.955945,osm_evergym_45.7869_15.9559,Evergym,palestra,palestra
44.323298,9.344948,osm_palestra_new_quercus_44.3233_9.3449,Palestra New Quercus,palestra,palestra
45.139847,7.054006,osm_evolution_45.1398_7.0540,Evolution,palestra,palestra
45.813518,15.979761,osm_world_class_westin_45.8135_15.9798,World Class Westin,palestra,palestra
47.351480,8.720094,osm_now_training_therapie_ag_47.3515_8.7201,Now! Training+ Therapie AG,palestra,palestra
43.710362,7.255036,osm_superstudio_43.7104_7.2550,Superstudio,palestra,palestra
43.341874,17.801116,osm_src_profectus_43.3419_17.8011,SRC Profectus,palestra,palestra
47.211036,18.361265,osm_blackhill_gym_47.2110_18.3613,Blackhill Gym,palestra,palestra
46.108188,7.089853,osm_lets_go_fitness_46.1082_7.0899,Let's Go Fitness,palestra,palestra
40.914079,14.162029,osm_refit_40.9141_14.1620,re-fit,palestra,palestra
47.489201,12.060731,osm_speed_fit_47.4892_12.0607,Speed Fit,palestra,palestra
44.202552,17.913250,osm_elite_44.2026_17.9133,Elite,palestra,palestra
46.100525,7.088182,osm_cbm_sport_46.1005_7.0882,CBM Sport,palestra,palestra
47.354320,8.711036,osm_iron_body_gym_47.3543_8.7110,Iron Body Gym,palestra,palestra
47.169760,8.515611,osm_nonstop_gym_47.1698_8.5156,NonStop Gym,palestra,palestra
40.527347,17.580648,osm_asd_boxing_francavilla_40.5273_17.5806,ASD boxing francavilla,palestra,palestra
40.524908,17.586523,osm_life_gym_center_40.5249_17.5865,Life gym center,palestra,palestra
40.528256,17.591320,osm_palestra_diamond_leo_40.5283_17.5913,Palestra Diamond Leo,palestra,palestra
40.539075,17.584023,osm_palestra_link_40.5391_17.5840,Palestra Link,palestra,palestra
40.536929,17.556850,osm_urbanfit_40.5369_17.5569,UrbanFit,palestra,palestra
40.528493,17.580057,osm_obiettivo_fitness_40.5285_17.5801,Obiettivo fitness,palestra,palestra
40.538842,17.579615,osm_life_core_fit_40.5388_17.5796,Life Core Fit,palestra,palestra
45.412469,11.942872,osm_new_wellness_45.4125_11.9429,New Wellness,palestra,palestra
47.189303,18.424926,osm_flow_pilates_mozgsstdi_47.1893_18.4249,Flow Pilates Mozgásstúdió,palestra,palestra
40.448256,17.508948,osm_athena_sporting_club_sas_di_borsci_giuse_40.4483_17.5089,Athena Sporting Club S.A.S. Di Borsci Giuseppe,palestra,palestra
40.454914,17.499237,osm_kratos_asd_san_marzano_di_sg_40.4549_17.4992,Kratos a.s.d. San Marzano di S.G.,palestra,palestra
42.752318,13.967807,osm_gold_gym_42.7523_13.9678,Gold Gym,palestra,palestra
47.426734,8.545271,osm_move_pilates_47.4267_8.5453,Move Pilates,palestra,palestra
47.256668,6.011246,osm_basicfit_47.2567_6.0112,Basic-Fit,palestra,palestra
41.861372,12.573441,osm_palestra_popolare_corto_circuito_41.8614_12.5734,Palestra Popolare Corto Circuito,palestra,palestra
45.649762,9.269516,osm_kap1_gym_45.6498_9.2695,Kap1 Gym,palestra,palestra
45.302690,12.027173,osm_palestra_creed_45.3027_12.0272,Palestra Creed,palestra,palestra
47.377999,8.493970,osm_medmotion_47.3780_8.4940,med&motion,palestra,palestra
43.766028,11.245227,osm_italia_power_yoga_firenze_43.7660_11.2452,Italia power yoga Firenze,palestra,palestra
47.378661,8.491660,osm_studio_soma_47.3787_8.4917,Studio Soma,palestra,palestra
45.442759,16.277005,osm_saurus_gym_45.4428_16.2770,Saurus Gym,palestra,palestra
47.474733,8.305409,osm_yoga_therapie_baden_47.4747_8.3054,Yoga Therapie Baden,palestra,palestra
43.571450,13.508272,osm_studio_personal_ft_43.5715_13.5083,Studio Personal FT,palestra,palestra
42.356581,13.384137,osm_kintsugi_yoga_42.3566_13.3841,Kintsugi Yoga,palestra,palestra
47.346219,8.725932,osm_all_about_you_47.3462_8.7259,All about you,palestra,palestra
43.517303,16.446029,osm_gyms4you_43.5173_16.4460,Gyms4you,palestra,palestra
45.825533,16.089250,osm_fitness_point_45.8255_16.0893,Fitness Point,palestra,palestra
47.194002,18.465339,osm_thor_gym_47.1940_18.4653,Thor Gym,palestra,palestra
45.806227,15.984597,osm_the_fitness_branimir_45.8062_15.9846,The fitness Branimir,palestra,palestra
44.391817,7.460371,osm_total_body_studio_44.3918_7.4604,Total Body Studio,palestra,palestra
45.511191,11.336863,osm_gas_climbing_gym_45.5112_11.3369,GAS climbing gym,palestra,palestra
41.865693,12.598227,osm_mcfit_41.8657_12.5982,McFit,palestra,palestra
46.190009,6.134208,osm_deva_yoga_46.1900_6.1342,Deva yoga,palestra,palestra
46.189979,6.135760,osm_atelier_corps_et_mouvement_46.1900_6.1358,Atelier Corps et Mouvement,palestra,palestra
43.546749,10.327603,osm_kodokan_43.5467_10.3276,Kodokan,palestra,palestra
46.241392,6.026955,osm_bushido_gym_46.2414_6.0270,Bushido Gym,palestra,palestra
43.893189,8.035599,osm_caveman_43.8932_8.0356,Caveman,palestra,palestra
43.155575,12.697698,osm_associazione_ananda_43.1556_12.6977,Associazione Ananda,palestra,palestra
47.189733,18.419129,osm_maro_fitneszstdi_47.1897_18.4191,Ma-Ro Fitneszstúdió,palestra,palestra
46.970266,9.564031,osm_galaxy_malans_46.9703_9.5640,Galaxy Malans,palestra,palestra
46.068930,14.543954,osm_fitinn_46.0689_14.5440,FITINN,palestra,palestra
43.290257,13.707902,osm_exe_fit_43.2903_13.7079,Exe Fit,palestra,palestra
46.203482,6.163280,osm_inshape_studio_46.2035_6.1633,Inshape studio,palestra,palestra
46.204797,6.161772,osm_akta_yoga_46.2048_6.1618,Akta yoga,palestra,palestra
46.520662,6.023273,osm_la_salle_46.5207_6.0233,La Salle,palestra,palestra
46.809948,7.138519,osm_fitness_revolution_46.8099_7.1385,Fitness Revolution,palestra,palestra
40.933253,14.190258,osm_elide_40.9333_14.1903,Elide,palestra,palestra
46.518136,6.589400,osm_kmala_yoga_46.5181_6.5894,k·mala YOGA,palestra,palestra
46.018716,14.529735,osm_clever_fit_ljubljana_rudnik_46.0187_14.5297,clever fit Ljubljana Rudnik,palestra,palestra
46.972304,15.500507,osm_the_field_46.9723_15.5005,The Field,palestra,palestra
46.664388,11.160097,osm_nava_yoga_flow_46.6644_11.1601,NAVA yoga flow,palestra,palestra
45.161804,10.821573,osm_icon_45.1618_10.8216,Icon,palestra,palestra
47.356502,8.629911,osm_combat_gym_47.3565_8.6299,Combat Gym,palestra,palestra
45.546304,9.447725,osm_imagine_more_personal_training_studio_45.5463_9.4477,Imagine More Personal Training Studio,palestra,palestra
47.499693,8.724315,osm_yoga_in_a_bag_47.4997_8.7243,Yoga in a bag,palestra,palestra
47.358416,8.709868,osm_pilatesstudio_47.3584_8.7099,Pilatesstudio,palestra,palestra
45.035699,7.666574,osm_otium_pool_green_pea_45.0357_7.6666,Otium Pool Green Pea,palestra,palestra
45.464996,9.195654,osm_virgin_active_45.4650_9.1957,Virgin Active,palestra,palestra
45.496462,9.128789,osm_virgin_active_45.4965_9.1288,Virgin Active,palestra,palestra
45.434867,9.097377,osm_virgin_active_45.4349_9.0974,Virgin Active,palestra,palestra
45.433855,9.090707,osm_fit_express_corsico_45.4339_9.0907,Fit Express Corsico,palestra,palestra
45.495295,9.181719,osm_getfit_viale_stelvio_45.4953_9.1817,GetFit - Viale Stelvio,palestra,palestra
45.438617,9.178187,osm_getfit_club_meda_45.4386_9.1782,GetFit Club Meda,palestra,palestra
46.818880,9.264985,osm_fitness_46.8189_9.2650,Fitness,palestra,palestra
44.110572,9.958063,osm_palestra_del_centro_44.1106_9.9581,Palestra del centro,palestra,palestra
46.052784,14.505593,osm_fitcity_46.0528_14.5056,Fitcity,palestra,palestra
42.764148,11.125365,osm_betaflag_42.7641_11.1254,Beta-Flag,palestra,palestra
47.097702,15.706294,osm_morefit_47.0977_15.7063,morefit,palestra,palestra
47.378101,8.529482,osm_yoga_studio_zrich_47.3781_8.5295,yoga studio zürich,palestra,palestra
47.377839,8.528923,osm_yoga_anker_47.3778_8.5289,yoga anker,palestra,palestra
47.377763,8.529099,osm_soul_city_47.3778_8.5291,Soul City,palestra,palestra
43.865039,11.096406,osm_icon_palestre_prato_43.8650_11.0964,ICON Palestre Prato,palestra,palestra
38.195488,13.317910,osm_studio_personal_trainer_di_geppy_ribaudo_38.1955_13.3179,Studio Personal Trainer di Geppy Ribaudo,palestra,palestra
45.528533,9.587300,osm_nexfit_45.5285_9.5873,Nexfit,palestra,palestra
43.889211,8.038303,osm_red_dragon_academy_43.8892_8.0383,Red dragon Academy,palestra,palestra
43.888691,8.036975,osm_graziella_ferrero_43.8887_8.0370,Graziella Ferrero,palestra,palestra
47.074321,15.425115,osm_infra_burn_47.0743_15.4251,Infra Burn,palestra,palestra
47.262198,8.592694,osm_puregym_47.2622_8.5927,PureGym,palestra,palestra
45.831220,16.056648,osm_the_fitness_dubrava_45.8312_16.0566,The fitness dubrava,palestra,palestra
41.319768,14.104486,osm_palestra_comunale_41.3198_14.1045,Palestra comunale,palestra,palestra
44.356699,11.707738,osm_bodytec_studio_44.3567_11.7077,Bodytec Studio,palestra,palestra
44.500219,11.329085,osm_storefit_44.5002_11.3291,StoreFit,palestra,palestra
45.390263,12.002195,osm_new_body_evolution_45.3903_12.0022,New Body Evolution,palestra,palestra
43.619712,13.421211,osm_karma_fit_43.6197_13.4212,Karma Fit,palestra,palestra
46.209581,6.141440,osm_nonstop_gym_46.2096_6.1414,Non-Stop Gym,palestra,palestra
45.684162,9.111542,osm_vibe_fitness_45.6842_9.1115,ViBE Fitness,palestra,palestra
41.323225,16.267973,osm_onlyw_41.3232_16.2680,OnlyW,palestra,palestra
45.167464,6.429483,osm_yoga_des_cimes_45.1675_6.4295,Yoga des cimes,palestra,palestra
45.449510,10.217626,osm_synergy_45.4495_10.2176,Synergy,palestra,palestra
40.813875,14.338180,osm_up_level_portici_40.8139_14.3382,UP Level Portici,palestra,palestra
46.478112,6.062660,osm_keep_form_and_play_46.4781_6.0627,Keep form and play,palestra,palestra
44.705254,10.616803,osm_your_fit_44.7053_10.6168,YOUR FIT,palestra,palestra
45.520715,10.229769,osm_hur_fit_palestra_45.5207_10.2298,Hur FIT Palestra,palestra,palestra
45.514873,10.224742,osm_the_loft_pilates_studio_45.5149_10.2247,The Loft Pilates Studio,palestra,palestra
41.726590,13.000739,osm_nextbody_41.7266_13.0007,Nextbody,palestra,palestra
45.515356,10.240979,osm_palestra_polivalente_raffaello_45.5154_10.2410,Palestra Polivalente Raffaello,palestra,palestra
45.513619,10.248992,osm_fitactive_45.5136_10.2490,FitActive,palestra,palestra
45.518969,10.258276,osm_palestra_verrocchio_45.5190_10.2583,Palestra Verrocchio,palestra,palestra
45.979386,14.310215,osm_jeklarna_45.9794_14.3102,Jeklarna,palestra,palestra
46.291187,7.525530,osm_eden_fitnessclub_46.2912_7.5255,Eden Fitness-Club,palestra,palestra
41.161858,16.746201,osm_asd_top_ring_41.1619_16.7462,ASD Top Ring,palestra,palestra
40.912402,14.222393,osm_uplevel_40.9124_14.2224,UpLevel,palestra,palestra
47.069173,8.280325,osm_clever_fit_47.0692_8.2803,Clever fit,palestra,palestra
45.537978,10.218635,osm_palestra_mcfit_45.5380_10.2186,Palestra McFIT,palestra,palestra
46.040462,11.111777,osm_juta_46.0405_11.1118,Juta,palestra,palestra
45.486870,9.191250,osm_urban_fitness_45.4869_9.1912,Urban Fitness,palestra,palestra
46.333278,14.975464,osm_levc_46.3333_14.9755,Levc,palestra,palestra
46.359726,15.119808,osm_center_gibanja_46.3597_15.1198,Center Gibanja,palestra,palestra
42.438713,11.116828,osm_centro_yoga_rieducazione_posturale_42.4387_11.1168,Centro Yoga & Rieducazione posturale,palestra,palestra
47.324819,8.797932,osm_activ_fitness_47.3248_8.7979,Activ Fitness,palestra,palestra
46.555278,15.635518,osm_fitnes_center_sokol_46.5553_15.6355,Fitnes Center Sokol,palestra,palestra
45.074382,7.549925,osm_wellness_personal_studio_45.0744_7.5499,Wellness Personal Studio,palestra,palestra
40.748438,14.568075,osm_green_gym_40.7484_14.5681,Green Gym,palestra,palestra
45.534934,10.228727,osm_shanti_sundari_yoga_45.5349_10.2287,Shanti Sundari Yoga,palestra,palestra
45.460552,8.628667,osm_fit_up_45.4606_8.6287,Fit Up,palestra,palestra
45.538511,10.228996,osm_diamond_fitness_centre_45.5385_10.2290,Diamond Fitness Centre,palestra,palestra
47.375544,8.528966,osm_studio_breath_academy_47.3755_8.5290,Studio Breath Academy,palestra,palestra
45.240899,9.406530,osm_110_sport_club_45.2409_9.4065,110 Sport Club,palestra,palestra
45.067720,7.559121,osm_la_mole_sport_academy_45.0677_7.5591,La Mole Sport Academy,palestra,palestra
43.946946,18.078925,osm_bank_body_house_43.9469_18.0789,Bank Body House,palestra,palestra
47.386617,8.515812,osm_velocity_switzerland_47.3866_8.5158,Velocity Switzerland,palestra,palestra
43.019791,13.862052,osm_area_fitness_43.0198_13.8621,Area fitness,palestra,palestra
43.020746,13.861713,osm_area_fitness_43.0207_13.8617,Area fitness,palestra,palestra
45.534263,10.211391,osm_studio_paradise_45.5343_10.2114,Studio Paradise,palestra,palestra
47.103890,15.799369,osm_grofit_mario_gro_47.1039_15.7994,GroßFit - Mario Groß,palestra,palestra
45.365342,10.867179,osm_asd_sport_and_fitness_45.3653_10.8672,ASD Sport and Fitness,palestra,palestra
40.748172,14.616594,osm_centro_dz_40.7482_14.6166,Centro DZ,palestra,palestra
42.039304,12.307035,osm_bkb_gym_42.0393_12.3070,BKB Gym,palestra,palestra
46.089624,11.111943,osm_active_gym_46.0896_11.1119,Active Gym,palestra,palestra
46.090403,11.106654,osm_palestra_centro_benessere_smallville_46.0904_11.1067,Palestra Centro Benessere Smallville,palestra,palestra
45.585524,9.228153,osm_scherma_monza_45.5855_9.2282,Scherma Monza,palestra,palestra
47.253413,8.853042,osm_update_fitness_47.2534_8.8530,update Fitness,palestra,palestra
45.529762,10.237153,osm_palestra_energy_45.5298_10.2372,Palestra Energy,palestra,palestra
45.475844,9.183610,osm_yogaessential_45.4758_9.1836,Yogaessential,palestra,palestra
46.462490,9.192974,osm_sambe_active_46.4625_9.1930,Sambe Active,palestra,palestra
45.530689,10.249685,osm_my_fit_boutique_45.5307_10.2497,My Fit Boutique,palestra,palestra
44.184330,12.243398,osm_new_sky_gym_44.1843_12.2434,New Sky gym,palestra,palestra
45.683928,11.741478,osm_soul_fitness_palestra_45.6839_11.7415,Soul Fitness Palestra,palestra,palestra
45.058323,7.672541,osm_fitness_garden_45.0583_7.6725,Fitness Garden,palestra,palestra
45.373101,11.794974,osm_infinity_sport_village_45.3731_11.7950,Infinity Sport Village,palestra,palestra
43.316836,6.076596,osm_magic_form_43.3168_6.0766,Magic Form,palestra,palestra
43.198780,6.046278,osm_magic_form_43.1988_6.0463,Magic Form,palestra,palestra
44.562457,10.854560,osm_project_food_fitness_44.5625_10.8546,Project food & fitness,palestra,palestra
47.406320,9.305727,osm_clever_fit_47.4063_9.3057,Clever fit,palestra,palestra
47.349861,8.721692,osm_benevita_gymnastikstudio_47.3499_8.7217,Benevita Gymnastikstudio,palestra,palestra
47.348441,8.724198,osm_pilates_fabrik_47.3484_8.7242,Pilates Fabrik,palestra,palestra
44.498119,11.330708,osm_palestre_italiane_44.4981_11.3307,Palestre Italiane,palestra,palestra
45.155191,9.125964,osm_4_fitness_45.1552_9.1260,4 fitness,palestra,palestra
45.623827,9.031793,osm_palestra_athlon_45.6238_9.0318,Palestra Athlon,palestra,palestra
47.405381,9.758973,osm_aure_yoga_le_studio_47.4054_9.7590,Aure Yoga - Le Studio,palestra,palestra
36.884676,15.075264,osm_netum_performance_lab_36.8847_15.0753,Netum Performance Lab,palestra,palestra
40.741595,14.617646,osm_endurance_sporting_club_40.7416_14.6176,Endurance Sporting Club,palestra,palestra
46.515681,6.503415,osm_iron_body_fit_46.5157_6.5034,Iron body fit,palestra,palestra
47.184881,18.429062,osm_frenergy_fit_tnc_s_mozgsstdi_47.1849_18.4291,Frenergy Fit Tánc- és Mozgásstúdió,palestra,palestra
43.562368,10.316107,osm_palestra_zen_club_43.5624_10.3161,Palestra Zen Club,palestra,palestra
42.423787,14.191153,osm_reform_42.4238_14.1912,re:form,palestra,palestra
42.850437,13.631137,osm_yuki_club_42.8504_13.6311,Yuki Club,palestra,palestra
46.523317,15.649315,osm_bodifit_maribor_46.5233_15.6493,BODIFIT MARIBOR,palestra,palestra
47.413225,7.092428,osm_xiii_fit_47.4132_7.0924,XIII FIT,palestra,palestra
45.748193,16.619033,osm_olymp_fitness_centar_45.7482_16.6190,Olymp Fitness Centar,palestra,palestra
36.807173,10.088244,osm_gym_wave_36.8072_10.0882,Gym Wave,palestra,palestra
47.286323,12.572940,osm_yoga_mit_lois_47.2863_12.5729,Yoga mit Lois,palestra,palestra
36.611908,8.969547,osm_tayamo_sport_36.6119_8.9695,TAYAMO SPORT,palestra,palestra
46.521879,6.628783,osm_non_stop_gym_46.5219_6.6288,Non Stop Gym,palestra,palestra
46.523717,6.625467,osm_activ_fitness_46.5237_6.6255,Activ Fitness,palestra,palestra
46.518444,6.637229,osm_activ_fitness_46.5184_6.6372,Activ Fitness,palestra,palestra
46.431574,6.910301,osm_activ_fitness_montreux_46.4316_6.9103,ACTIV FITNESS Montreux,palestra,palestra
46.381894,6.234453,osm_activ_fitness_nyon_la_combe_46.3819_6.2345,ACTIV FITNESS Nyon La Combe,palestra,palestra
46.537362,6.577912,osm_activ_fitness_46.5374_6.5779,Activ Fitness,palestra,palestra
46.240750,6.198272,osm_bodystudio_46.2407_6.1983,Bodystudio,palestra,palestra
45.660966,6.370892,osm_basicfit_45.6610_6.3709,Basic-Fit,palestra,palestra
43.789623,7.613780,osm_palestra_43.7896_7.6138,Palestra,palestra,palestra
45.573535,10.230010,osm_the_gangs_45.5735_10.2300,The GAnGS,palestra,palestra
46.825249,6.925745,osm_lets_go_fitness_46.8252_6.9257,Let's Go Fitness,palestra,palestra
45.810268,8.818615,osm_new_way_fitness_45.8103_8.8186,New Way Fitness,palestra,palestra
47.268942,11.397187,osm_basefive_47.2689_11.3972,Basefive,palestra,palestra
47.486800,8.708314,osm_ananas_crossfit_47.4868_8.7083,Ananas CrossFit,palestra,palestra
47.496029,8.749961,osm_irjad_gym_47.4960_8.7500,Irjad Gym,palestra,palestra
47.494293,8.748730,osm_fabrik11_47.4943_8.7487,Fabrik11,palestra,palestra
44.072019,12.539143,osm_sport_village_44.0720_12.5391,Sport Village,palestra,palestra
45.638146,12.593326,osm_firstfit_san_don_di_piave_45.6381_12.5933,FirstFit San Donà di Piave,palestra,palestra
46.162515,6.871094,osm_yogalps_massage_46.1625_6.8711,Yogalps & massage,palestra,palestra
47.308158,11.066861,osm_invibe_telfs_47.3082_11.0669,Invibe Telfs,palestra,palestra
47.357070,8.553209,osm_sava_health_training_47.3571_8.5532,Sava Health & training,palestra,palestra
44.771784,17.189955,osm_phoenix_gym_365_44.7718_17.1900,Phoenix Gym 365,palestra,palestra
47.477364,8.308294,osm_activ_fitness_47.4774_8.3083,Activ Fitness,palestra,palestra
45.048720,7.646546,osm_max_sport_club_45.0487_7.6465,Max Sport Club,palestra,palestra
44.650053,12.234896,osm_top_level_gym_44.6501_12.2349,Top Level Gym,palestra,palestra
45.819849,16.006697,osm_fitness_centar_jump_45.8198_16.0067,Fitness Centar JUMP,palestra,palestra
45.018848,7.484974,osm_tersicore_danza_fitness_asd_45.0188_7.4850,Tersicore Danza & Fitness ASD,palestra,palestra
47.109506,11.304849,osm_dorffit_47.1095_11.3048,Dorffit,palestra,palestra
44.039464,12.566474,osm_icon_palestre_rimini_44.0395_12.5665,ICON Palestre Rimini,palestra,palestra
45.535380,10.223291,osm_fisique_la_palestra_del_centro_45.5354_10.2233,Fisique la Palestra del centro,palestra,palestra
45.582987,12.845370,osm_palestra_caorle_nuoto_wellness_45.5830_12.8454,Palestra Caorle Nuoto & Wellness,palestra,palestra
45.605490,12.888690,osm_valchiria_gym_45.6055_12.8887,Valchiria Gym,palestra,palestra
46.514858,6.631680,osm_yoga_flame_46.5149_6.6317,Yoga Flame,palestra,palestra
43.507477,18.774505,osm_extreme_gym_fitness_center_43.5075_18.7745,EXTREME GYM Fitness Center,palestra,palestra
45.720432,8.611868,osm_fitactive_45.7204_8.6119,FitActive,palestra,palestra
45.796251,8.883543,osm_centro_lite_fitness_45.7963_8.8835,Centro Élite Fitness,palestra,palestra
47.347348,11.699600,osm_invibe_urban_47.3473_11.6996,INVIBE URBAN,palestra,palestra
40.811789,14.188356,osm_up_level_40.8118_14.1884,UP Level,palestra,palestra
45.531379,9.235442,osm_pillactive_pilates_per_tutti_45.5314_9.2354,PillActive Pilates Per Tutti,palestra,palestra
45.080049,7.694925,osm_go_fit_45.0800_7.6949,Go fit,palestra,palestra
45.896420,16.839869,osm_vitruvian_vision_45.8964_16.8399,Vitruvian Vision,palestra,palestra
45.505146,12.010743,osm_new_041_pianeta_fitness_45.5051_12.0107,new 041 Pianeta Fitness,palestra,palestra
45.154242,10.766651,osm_ugly_crossfit_mantova_45.1542_10.7667,Ugly Crossfit Mantova,palestra,palestra
44.817377,17.215709,osm_fit_code_gym_44.8174_17.2157,Fit Code Gym,palestra,palestra
46.137519,14.414260,osm_kinergym_46.1375_14.4143,Kinergym,palestra,palestra
40.403437,17.571921,osm_tm_gym_40.4034_17.5719,TM Gym,palestra,palestra
44.390082,7.577623,osm_one_to_one_studio_44.3901_7.5776,One To One Studio,palestra,palestra
45.699239,10.387218,osm_cosmo_45.6992_10.3872,Cosmo,palestra,palestra
45.415845,9.263356,osm_urban_fitness_san_donato_45.4158_9.2634,Urban Fitness - San Donato,palestra,palestra
44.470397,11.429565,osm_crossfit_bulls_44.4704_11.4296,Crossfit Bulls,palestra,palestra
47.316060,8.521099,osm_puregym_47.3161_8.5211,PureGym,palestra,palestra
47.420589,9.671534,osm_purfitness_47.4206_9.6715,Purfitness,palestra,palestra
45.410661,10.960541,osm_fitactive_45.4107_10.9605,FitActive,palestra,palestra
40.380988,17.354916,osm_nuova_performance_club_40.3810_17.3549,Nuova performance club,palestra,palestra
45.798289,15.939403,osm_sportski_studio_sport_performance_45.7983_15.9394,Sportski studio Sport performance,palestra,palestra
45.444570,8.999993,osm_palestra_allaperto_45.4446_9.0000,Palestra all'aperto,palestra,palestra
45.821698,13.469552,osm_webfit_ronchi_45.8217_13.4696,WebFit Ronchi,palestra,palestra
40.937680,14.532896,osm_up_level_fitness_40.9377_14.5329,UP Level Fitness,palestra,palestra
45.920499,6.119869,osm_be_loft_45.9205_6.1199,Be loft,palestra,palestra
41.981410,12.054874,osm_asd_studio_movimento_41.9814_12.0549,ASD Studio Movimento,palestra,palestra
44.164628,10.890470,osm_gym_tonic_44.1646_10.8905,Gym Tonic,palestra,palestra
45.527994,10.531965,osm_garda_fitness_45.5280_10.5320,Garda Fitness,palestra,palestra
43.995709,12.652377,osm_ems_fitness_riccione_43.9957_12.6524,EMS Fitness Riccione,palestra,palestra
47.383018,8.495994,osm_369_movement_47.3830_8.4960,369 Movement,palestra,palestra
47.383396,8.495754,osm_momentum_health_club_47.3834_8.4958,Momentum Health Club,palestra,palestra
47.384364,8.496311,osm_yoga3_47.3844_8.4963,Yoga3,palestra,palestra
46.707018,11.662198,osm_myup_46.7070_11.6622,Myup,palestra,palestra
47.365085,8.548709,osm_yoga_nation_47.3651_8.5487,Yoga nation,palestra,palestra
43.626929,12.678038,osm_palestra_asd_vigor_43.6269_12.6780,Palestra ASD Vigor,palestra,palestra
45.938937,11.267640,osm_wolf_gym_45.9389_11.2676,Wolf Gym,palestra,palestra
46.216481,6.147937,osm_non_stop_gym_46.2165_6.1479,Non Stop Gym,palestra,palestra
45.806679,15.965524,osm_world_class_westin_45.8067_15.9655,World Class Westin,palestra,palestra
45.807474,15.984552,osm_world_class_sheraton_45.8075_15.9846,World Class Sheraton,palestra,palestra
45.804346,15.911152,osm_sparta_gym_zapad_45.8043_15.9112,Sparta Gym Zapad,palestra,palestra
45.817063,16.016019,osm_dvorana_za_fitness_bazenskog_kompleksa_s_45.8171_16.0160,Dvorana za fitness bazenskog kompleksa Svetice,palestra,palestra
45.817951,15.888395,osm_2life_stenjevec_45.8180_15.8884,2Life Stenjevec,palestra,palestra
47.316239,7.696910,osm_update_fitness_balsthal_47.3162_7.6969,update Fitness Balsthal,palestra,palestra
45.770764,12.854458,osm_palasport_portogruaro_45.7708_12.8545,Palasport Portogruaro,palestra,palestra
45.770806,12.855101,osm_olimpia_uno_centro_sportivo_45.7708_12.8551,Olimpia Uno Centro Sportivo,palestra,palestra
44.058086,12.563100,osm_fit_express_44.0581_12.5631,Fit Express,palestra,palestra
44.695646,11.400671,osm_biomafit_1to1_wellness_studio_44.6956_11.4007,Biomafit 1to1 Wellness Studio,palestra,palestra
45.499890,9.194119,osm_fitinn_45.4999_9.1941,Fitinn,palestra,palestra
43.657336,11.179384,osm_pane_e_ghisa_43.6573_11.1794,Pane e Ghisa,palestra,palestra
45.498562,9.193611,osm_boxing_team_vittoria_boxing_and_fitness_45.4986_9.1936,Boxing Team Vittoria boxing and fitness,palestra,palestra
44.404557,8.936021,osm_empire_palestra_44.4046_8.9360,Empire palestra,palestra,palestra
45.458983,9.146217,osm_anytime_fitness_45.4590_9.1462,Anytime Fitness,palestra,palestra
47.348780,8.261015,osm_puregym_47.3488_8.2610,PureGym,palestra,palestra
44.645391,10.893678,osm_shoot_team_academy_44.6454_10.8937,Shoot Team Academy,palestra,palestra
42.694527,9.449288,osm_aero_gymk_42.6945_9.4493,Aero Gym'K,palestra,palestra
41.229056,16.489822,osm_up_wellness_41.2291_16.4898,Up Wellness,palestra,palestra
46.001080,8.975051,osm_studio_pilates_46.0011_8.9751,Studio Pilates,palestra,palestra
45.521226,11.021647,osm_centro_forma_45.5212_11.0216,Centro Forma,palestra,palestra
43.570093,7.112062,osm_joy_43.5701_7.1121,Joy,palestra,palestra
45.402354,8.919375,osm_studio_nefeli_45.4024_8.9194,Studio Nefeli,palestra,palestra
46.227159,6.086027,osm_iron_bodyfit_46.2272_6.0860,Iron Bodyfit,palestra,palestra
43.627273,7.132266,osm_lorange_bleue_43.6273_7.1323,L'Orange Bleue,palestra,palestra
47.452219,13.914464,osm_fit24_grbming_47.4522_13.9145,Fit24 Gröbming,palestra,palestra
44.204453,12.084529,osm_edera_boxe_44.2045_12.0845,Edera Boxe,palestra,palestra
43.705625,7.264513,osm_metropolitan_43.7056_7.2645,Metropolitan,palestra,palestra
43.309722,11.315804,osm_dan_tian_43.3097_11.3158,Dan Tian,palestra,palestra
36.708087,15.090556,osm_bee_gold_36.7081_15.0906,Bee Gold,palestra,palestra
47.453674,8.438733,osm_shanti_yogastudio_47.4537_8.4387,Shanti Yogastudio,palestra,palestra
45.552456,11.002135,osm_palestra_corpo_vivo_45.5525_11.0021,Palestra Corpo Vivo,palestra,palestra
41.124496,16.864811,osm_pilates_41.1245_16.8648,Pilates+,palestra,palestra
43.779483,11.243993,osm_floating_flo_43.7795_11.2440,Floating Flo,palestra,palestra
43.770448,11.298830,osm_ballasnella_43.7704_11.2988,Balla&Snella,palestra,palestra
44.564395,6.084929,osm_espace_m_44.5644_6.0849,Espace Êm,palestra,palestra
43.789319,11.267043,osm_jiva_yoga_43.7893_11.2670,Jiva Yoga,palestra,palestra
44.785009,10.291022,osm_fitactive_44.7850_10.2910,FitActive,palestra,palestra
44.808126,10.331449,osm_mcfit_44.8081_10.3314,McFit,palestra,palestra
45.495412,9.186788,osm_spazio_arti_naturali_45.4954_9.1868,Spazio Arti Naturali,palestra,palestra
41.981435,12.054881,osm_asd_studio_movimento_41.9814_12.0549,ASD Studio movimento,palestra,palestra
46.530630,9.872705,osm_activ_fitness_46.5306_9.8727,ACTIV FITNESS,palestra,palestra
46.040996,13.190690,osm_pesistica_hookgrip_46.0410_13.1907,Pesistica Hookgrip,palestra,palestra
43.757347,11.286138,osm_smart_body_system_43.7573_11.2861,Smart Body System,palestra,palestra
46.212170,6.150486,osm_urban_ride_46.2122_6.1505,Urban Ride,palestra,palestra
47.362761,8.531583,osm_nueme_pilates_47.3628_8.5316,Nueme Pilates,palestra,palestra
43.994365,12.648932,osm_evolution_43.9944_12.6489,Evolution,palestra,palestra
43.668310,10.639583,osm_spazio_nu_43.6683_10.6396,Spazio Nu,palestra,palestra
44.794058,10.352577,osm_onyx_parma_pole_dance_44.7941_10.3526,Onyx Parma Pole Dance,palestra,palestra
41.910810,12.528376,osm_anytime_fitness_41.9108_12.5284,Anytime Fitness,palestra,palestra
46.059546,11.127204,osm_body_planet_46.0595_11.1272,Body Planet,palestra,palestra
45.812952,15.995298,osm_fitness_boxing_jiujitsu_45.8130_15.9953,"Fitness, Boxing, Jiu-Jitsu",palestra,palestra
46.213020,6.138281,osm_yoga_feldenkrais_46.2130_6.1383,Yoga Feldenkrais,palestra,palestra
45.379740,9.165991,osm_fit_express_45.3797_9.1660,Fit Express,palestra,palestra
45.500388,9.194016,osm_ashmara_45.5004_9.1940,Ashmara,palestra,palestra
36.719771,15.094676,osm_fit_zone_36.7198_15.0947,Fit Zone,palestra,palestra
41.146722,16.740597,osm_never_give_up_41.1467_16.7406,Never Give Up,palestra,palestra
43.665295,10.636537,osm_paolo_francini_43.6653_10.6365,Paolo Francini,palestra,palestra
45.317786,11.270751,osm_postura_e_movimento_di_monica_armellin_45.3178_11.2708,Postura e Movimento di Monica Armellin,palestra,palestra
41.914714,12.457437,osm_fashion_wellness_club_41.9147_12.4574,Fashion Wellness Club,palestra,palestra
46.227299,17.366513,osm_nord_gym_46.2273_17.3665,Nord Gym,palestra,palestra
44.906136,8.187273,osm_icon_palestre_asti_44.9061_8.1873,ICON Palestre Asti,palestra,palestra
46.127968,13.223459,osm_fitup_tavagnacco_46.1280_13.2235,FitUp Tavagnacco,palestra,palestra
41.454975,15.562968,osm_palextra_41.4550_15.5630,PaleXtra,palestra,palestra
45.798977,15.948194,osm_tonus_45.7990_15.9482,Tonus,palestra,palestra
47.391886,8.417228,osm_diis_fitness_47.3919_8.4172,Diis Fitness,palestra,palestra
44.120574,18.109389,osm_gym_n_juice_44.1206_18.1094,GYM 'N' JUICE,palestra,palestra
38.341333,16.463027,osm_swim_gym_kaulon_38.3413_16.4630,Swim Gym Kaulon,palestra,palestra
45.488540,9.190886,osm_bodyset_fitness_and_recovery_45.4885_9.1909,Bodyset Fitness And Recovery,palestra,palestra
37.250579,15.208621,osm_physis_37.2506_15.2086,Physis,palestra,palestra
43.704073,7.266026,osm_fitness_park_43.7041_7.2660,Fitness Park,palestra,palestra
47.352514,7.902308,osm_move_gym_47.3525_7.9023,MOVE Gym,palestra,palestra
44.367932,8.235546,osm_ahimasa_lab_yoga_44.3679_8.2355,Ahimasa Lab Yoga,palestra,palestra
46.212725,6.148362,osm_studio_gva_46.2127_6.1484,Studio GVA,palestra,palestra
46.934742,7.392829,osm_discountfit_46.9347_7.3928,discountfit,palestra,palestra
46.954372,7.435736,osm_yoga_more_46.9544_7.4357,yoga & more,palestra,palestra
40.259079,8.761459,osm_omr_fitness_center_40.2591_8.7615,OMR Fitness Center,palestra,palestra
45.645511,13.760780,osm_officine_rumignani_45.6455_13.7608,Officine Rumignani,palestra,palestra
46.071287,14.477788,osm_us_evrofitnes_portna_rekreacija_doo_46.0713_14.4778,"Šus - Evrofitnes, športna rekreacija d.o.o.",palestra,palestra
47.344122,7.910636,osm_yoga_for_you_47.3441_7.9106,YOGA FOR YOU,palestra,palestra
46.226987,6.084658,osm_gymneva_46.2270_6.0847,Gymneva,palestra,palestra
46.225614,6.085302,osm_lets_go_46.2256_6.0853,Let's go,palestra,palestra
40.704457,17.344553,osm_asd_wellness_project_40.7045_17.3446,A.S.D. Wellness Project,palestra,palestra
46.540043,6.832650,osm_crossfit_granica_46.5400_6.8327,CrossFit Granica,palestra,palestra
46.956672,7.482384,osm_clever_fit_ostermundigen_46.9567_7.4824,clever fit Ostermundigen,palestra,palestra
46.106789,14.452412,osm_cleverfit_46.1068_14.4524,CleverFit,palestra,palestra
43.600017,13.510183,osm_planet_combat_gym_43.6000_13.5102,Planet Combat Gym,palestra,palestra
46.903727,8.625758,osm_raum_drei_yoga_46.9037_8.6258,Raum Drei Yoga,palestra,palestra
46.213902,6.150135,osm_wellness_sport_club_46.2139_6.1501,Wellness Sport Club,palestra,palestra
37.590812,15.166923,osm_fitness_fight_gym_37.5908_15.1669,Fitness & Fight Gym,palestra,palestra
46.571742,6.820573,osm_attitude_fitness_club_46.5717_6.8206,Attitude Fitness Club,palestra,palestra
37.073034,14.233376,osm_gymnasium_37.0730_14.2334,Gymnasium,palestra,palestra
37.073864,14.233480,osm_antares_club_37.0739_14.2335,Antares club,palestra,palestra
47.451785,8.704997,osm_valley_fitness_47.4518_8.7050,Valley Fitness,palestra,palestra
37.070966,14.232097,osm_club_pilates_37.0710_14.2321,Club pilates,palestra,palestra
46.170884,11.822921,osm_fitness_body_club_centro_estetico_46.1709_11.8229,Fitness Body Club Centro Estetico,palestra,palestra
47.271135,7.691225,osm_malou_training_and_coaching_47.2711_7.6912,Malou Training and Coaching,palestra,palestra
45.813001,15.927418,osm_fitness_ana_45.8130_15.9274,Fitness Ana,palestra,palestra
42.428276,12.106235,osm_bodystreet_42.4283_12.1062,Bodystreet,palestra,palestra
47.192865,8.725063,osm_wellbox_47.1929_8.7251,Wellbox,palestra,palestra
46.075809,14.510812,osm_shape_house_46.0758_14.5108,Shape House,palestra,palestra
43.517930,10.330823,osm_centro_fitness_le_fate_43.5179_10.3308,Centro fitness Le fate,palestra,palestra
43.518470,10.330844,osm_individual_training_43.5185_10.3308,Individual training,palestra,palestra
45.450975,9.149138,osm_elev8_45.4510_9.1491,Elev8,palestra,palestra
45.444143,9.101033,osm_abc_palestre_45.4441_9.1010,ABC Palestre,palestra,palestra
45.484234,15.547115,osm_tin_gym_45.4842_15.5471,Tin Gym,palestra,palestra
40.820415,14.775956,osm_wellnes_fitness_40.8204_14.7760,Wellnes  & Fitness,palestra,palestra
47.014286,6.986705,osm_centre_holys_47.0143_6.9867,Centre Holys,palestra,palestra
45.704090,12.219794,osm_postura_45.7041_12.2198,Postura,palestra,palestra
45.594476,8.846735,osm_centro_studi_karate_busto_arsizio_45.5945_8.8467,Centro Studi Karate Busto Arsizio,palestra,palestra
47.410727,8.645811,osm_marians_yoga_kunst_salon_47.4107_8.6458,Marian's Yoga & Kunst Salon,palestra,palestra
46.318566,7.989513,osm_activ_fitness_46.3186_7.9895,Activ Fitness,palestra,palestra
46.464942,12.203763,osm_centro_estetico_non_ti_scordar_di_te_46.4649_12.2038,Centro Estetico Non ti scordar di te,palestra,palestra
46.062264,11.131679,osm_elitefitstudio_46.0623_11.1317,EliteFitStudio,palestra,palestra
37.852951,15.288345,osm_quarus_37.8530_15.2883,Quarus,palestra,palestra
45.602457,8.847884,osm_sporting_club_la_terrazza_45.6025_8.8479,Sporting Club La Terrazza,palestra,palestra
44.771774,17.217954,osm_impact_88_44.7718_17.2180,impact 88,palestra,palestra
45.722747,9.069997,osm_fitactive_45.7227_9.0700,FitActive,palestra,palestra
46.104597,10.742520,osm_body_village_46.1046_10.7425,Body Village,palestra,palestra
37.516738,15.090932,osm_studio_pilates_37.5167_15.0909,Studio Pilates,palestra,palestra
45.775406,15.959122,osm_fitlab_karlo_45.7754_15.9591,FitLab Karlo,palestra,palestra
44.538971,6.496108,osm_salle_des_petits_ruisseaux_prana_yoga_44.5390_6.4961,Salle des  Petits Ruisseaux / Prana Yoga,palestra,palestra
45.644897,12.547240,osm_fitup_45.6449_12.5472,FitUP,palestra,palestra
44.333755,7.490549,osm_studio_ginnico_body_center_44.3338_7.4905,Studio Ginnico Body Center,palestra,palestra
43.874582,8.013474,osm_corpi_in_movimento_43.8746_8.0135,Corpi in Movimento,palestra,palestra
45.412692,11.883126,osm_storefit_45.4127_11.8831,StoreFit,palestra,palestra
37.176646,15.136841,osm_genyo_37.1766_15.1368,Genyo,palestra,palestra
36.876188,10.308850,osm_the_synergy_36.8762_10.3088,The Synergy,palestra,palestra
44.381486,7.529425,osm_crossfit_greyhound_20_44.3815_7.5294,Crossfit Greyhound 2.0,palestra,palestra
40.796919,16.918809,osm_mantra_yoga_studio_40.7969_16.9188,Mantra Yoga Studio,palestra,palestra
44.424438,12.202432,osm_area_yoga_44.4244_12.2024,Area Yoga,palestra,palestra
41.742728,12.263137,osm_ishtar_cross_academy_41.7427_12.2631,Ishtar Cross Academy,palestra,palestra
47.473294,7.758941,osm_lets_go_fitness_47.4733_7.7589,Let's Go Fitness,palestra,palestra
45.706169,9.214292,osm_108_fitness_performance_45.7062_9.2143,10.8 Fitness & Performance,palestra,palestra
45.707450,9.208227,osm_fighting_spirit_45.7074_9.2082,Fighting Spirit,palestra,palestra
45.699926,9.209368,osm_unique_fitness_45.6999_9.2094,Unique Fitness,palestra,palestra
45.678826,9.204867,osm_fitup_giussano_45.6788_9.2049,FitUP Giussano,palestra,palestra
43.889314,8.038590,osm_yoche_ti_passa_43.8893_8.0386,Yo...che ti passa,palestra,palestra
43.889528,8.036642,osm_red_dragon_20_43.8895_8.0366,Red Dragon 2.0,palestra,palestra
45.786158,15.929186,osm_boksaki_klub_optimist_45.7862_15.9292,Boksački klub Optimist,palestra,palestra
47.372082,8.533993,osm_barrys_zurich_47.3721_8.5340,Barry's Zurich,palestra,palestra
47.239070,16.606539,osm_progym_47.2391_16.6065,Progym,palestra,palestra
45.494176,9.186072,osm_fit_active_45.4942_9.1861,Fit Active,palestra,palestra
40.631687,15.361840,osm_marlou_healthfit_club_40.6317_15.3618,Marlou Health&Fit Club,palestra,palestra
44.908253,8.212866,osm_energym_fit_club_44.9083_8.2129,Energym Fit Club,palestra,palestra
45.703573,9.479894,osm_hbm_45.7036_9.4799,HBM,palestra,palestra
45.496087,9.266442,osm_gym_time_45.4961_9.2664,Gym Time,palestra,palestra
47.391453,8.520525,osm_kineo_47.3915_8.5205,Kineo,palestra,palestra
47.060065,7.615907,osm_centralgym_burgdorf_47.0601_7.6159,CentralGym Burgdorf,palestra,palestra
45.545788,13.710031,osm_clever_fit_koper_45.5458_13.7100,clever fit Koper,palestra,palestra
43.878833,8.017643,osm_new_mistral_43.8788_8.0176,New Mistral,palestra,palestra
46.978550,7.367250,osm_tinus_fitnesshof_46.9785_7.3673,Tinus Fitnesshof,palestra,palestra
47.465249,7.847883,osm_lets_go_fitness_47.4652_7.8479,Let's Go Fitness,palestra,palestra
41.052384,15.022599,osm_il_carro_sporting_center_41.0524_15.0226,Il Carro Sporting Center,palestra,palestra
47.364190,8.554234,osm_therasport_47.3642_8.5542,Therasport,palestra,palestra
45.870417,8.975918,osm_riseup_fitnessclub_45.8704_8.9759,RiseUp Fitnessclub,palestra,palestra
44.866180,17.660025,osm_room_101_44.8662_17.6600,Room 101,palestra,palestra
47.131993,15.342932,osm_impuls_fitness_47.1320_15.3429,Impuls Fitness,palestra,palestra
46.977068,7.465283,osm_bartlome_health_46.9771_7.4653,Bartlome Health,palestra,palestra
45.952074,14.654645,osm_cleverfit_45.9521_14.6546,CleverFit,palestra,palestra
45.797781,8.842532,osm_crossfit_vone_45.7978_8.8425,Crossfit V-One,palestra,palestra
44.293969,15.114918,osm_fitness_centar_44.2940_15.1149,Fitness centar,palestra,palestra
41.737805,12.279768,osm_pianeta_fitness_evolution_41.7378_12.2798,Pianeta Fitness Evolution,palestra,palestra
42.653329,9.442421,osm_fitness_park_42.6533_9.4424,Fitness Park,palestra,palestra
46.083819,14.480994,osm_clever_fit_ljubljana_ika_46.0838_14.4810,clever fit Ljubljana Šiška,palestra,palestra
46.072978,14.497713,osm_excelgym_46.0730_14.4977,ExcelGym,palestra,palestra
46.081883,14.513709,osm_gym24_46.0819_14.5137,GYM24,palestra,palestra
46.064684,14.520192,osm_kolos_46.0647_14.5202,Kolos,palestra,palestra
46.064546,14.508418,osm_alfa_gym_46.0645_14.5084,Alfa Gym,palestra,palestra
46.062398,14.508825,osm_bodifit_ljubljana_46.0624_14.5088,BODIFIT Ljubljana,palestra,palestra
44.809359,10.805260,osm_palestra_comunale_44.8094_10.8053,Palestra Comunale,palestra,palestra
47.377901,8.493756,osm_som_47.3779_8.4938,Som,palestra,palestra
45.452394,10.966007,osm_self_studio_pilates_45.4524_10.9660,self studio pilates,palestra,palestra
42.652954,9.442423,osm_kid_fitness_furiani_42.6530_9.4424,Kid Fitness Furiani,palestra,palestra
42.655090,9.441665,osm_vita_libert_42.6551_9.4417,Vita Liberté,palestra,palestra
43.765052,11.244442,osm_fitactive_43.7651_11.2444,FitActive,palestra,palestra
45.449430,10.997063,osm_sciofit_45.4494_10.9971,Sciofit,palestra,palestra
42.671261,9.443045,osm_bns_gym_42.6713_9.4430,BNS Gym,palestra,palestra
46.080786,14.538894,osm_rx_gym_46.0808_14.5389,RX Gym,palestra,palestra
47.366037,8.429358,osm_home_of_bardogs_47.3660_8.4294,Home of Bardogs,palestra,palestra
44.390303,7.540408,osm_vialibera_44.3903_7.5404,Vialibera,palestra,palestra
44.421436,7.561436,osm_karhu_training_center_44.4214_7.5614,Karhu Training Center,palestra,palestra
46.210593,6.139801,osm_michelle_46.2106_6.1398,Michelle,palestra,palestra
43.954075,8.147725,osm_fitness_point_del_universit_di_genova_43.9541_8.1477,Fitness point del università di Genova,palestra,palestra
43.572914,10.345539,osm_greentheory_43.5729_10.3455,GreenTheory,palestra,palestra
37.070932,15.284376,osm_movea_37.0709_15.2844,Movea,palestra,palestra
45.400193,9.173154,osm_gymactive_45.4002_9.1732,Gymactive,palestra,palestra
45.469143,7.907520,osm_il_covo_crossfit_ivrea_45.4691_7.9075,Il Covo - Crossfit Ivrea,palestra,palestra
44.692642,7.853282,osm_olimpo_fitness_44.6926_7.8533,Olimpo Fitness,palestra,palestra
41.911630,12.516433,osm_tulsi_yoga_41.9116_12.5164,Tulsi Yoga,palestra,palestra
45.899456,16.843256,osm_omega_gym_45.8995_16.8433,Omega Gym,palestra,palestra
46.133673,6.468108,osm_latelier_by_octopluscoaching_46.1337_6.4681,L'atelier by Octoplus-Coaching,palestra,palestra
47.251758,9.580866,osm_tschann_fitness_47.2518_9.5809,Tschann Fitness,palestra,palestra
45.725822,9.065151,osm_pentafit_45.7258_9.0652,Pentafit,palestra,palestra
44.341825,17.266254,osm_olimpija_44.3418_17.2663,Olimpija,palestra,palestra
47.044937,8.314407,osm_business_gym_47.0449_8.3144,Business Gym,palestra,palestra
41.913464,12.670269,osm_nuchallenge_41.9135_12.6703,NuChallenge,palestra,palestra
45.545296,12.076341,osm_palestra_bio_fitness_45.5453_12.0763,PALESTRA BIO FITNESS,palestra,palestra
45.892126,6.306764,osm_le_hangar_thnes_training_45.8921_6.3068,Le Hangar - Thônes Training,palestra,palestra
46.878950,8.646961,osm_update_fitness_46.8790_8.6470,update Fitness,palestra,palestra
46.876816,8.631625,osm_puregym_46.8768_8.6316,PureGym,palestra,palestra
44.696198,7.851146,osm_asterix_44.6962_7.8511,Asterix,palestra,palestra
45.604844,8.871638,osm_ptroom_45.6048_8.8716,PTRoom,palestra,palestra
44.057434,12.570136,osm_gyrotonic_gyrokinesis_44.0574_12.5701,Gyrotonic Gyrokinesis,palestra,palestra
45.607325,8.863769,osm_conceptnine_45.6073_8.8638,Conceptnine,palestra,palestra
43.875176,11.099103,osm_reevolution_body_43.8752_11.0991,Re-Evolution Body,palestra,palestra
45.935331,9.473616,osm_centro_motorio_di_silvia_pennati_45.9353_9.4736,Centro Motorio di Silvia Pennati,palestra,palestra
41.055090,14.621832,osm_the_club_xxl_gym_41.0551_14.6218,THE CLUB XXL Gym,palestra,palestra
46.476494,11.333428,osm_green_energym_46.4765_11.3334,Green Energym,palestra,palestra
45.775242,15.959093,osm_form_studio_45.7752_15.9591,Formé studio,palestra,palestra
47.060102,15.428120,osm_bushidox_47.0601_15.4281,Bushidox,palestra,palestra
45.575198,9.151983,osm_supreme_combat_e_fitness_club_45.5752_9.1520,Supreme Combat e Fitness Club,palestra,palestra
42.308572,9.150113,osm_studio_28_42.3086_9.1501,Studio 28,palestra,palestra
42.626550,9.436808,osm_one_fitness_club_42.6265_9.4368,One Fitness Club,palestra,palestra
42.622994,9.437385,osm_vita_libert_42.6230_9.4374,Vita Liberté,palestra,palestra
43.292181,13.705407,osm_crossfit_43.2922_13.7054,CrossFit,palestra,palestra
42.419846,11.870172,osm_centro_verobenessere_42.4198_11.8702,Centro VeroBenessere,palestra,palestra
45.959039,6.171670,osm_la_fabrique_45.9590_6.1717,La fabrique,palestra,palestra
45.741888,9.100217,osm_check_up_benessere_cucciago_45.7419_9.1002,Check Up Benessere Cucciago,palestra,palestra
37.537102,15.095898,osm_muri_antichi_37.5371_15.0959,Muri Antichi,palestra,palestra
47.298297,9.084333,osm_yoga_wattwil_47.2983_9.0843,Yoga Wattwil,palestra,palestra
45.454219,9.153504,osm_brooklyn_fitboxing_piazza_napoli_45.4542_9.1535,Brooklyn Fitboxing Piazza Napoli,palestra,palestra
43.119843,6.132061,osm_veniceym_43.1198_6.1321,Veniceym,palestra,palestra
44.654914,10.878749,osm_greentheory_modena_ovest_44.6549_10.8787,GreenTheory Modena Ovest,palestra,palestra
45.577856,9.145694,osm_fitactive_45.5779_9.1457,FitActive,palestra,palestra
47.426763,11.833922,osm_gesundheitswerkstatt_47.4268_11.8339,Gesundheitswerkstatt,palestra,palestra
47.422191,11.835567,osm_gesundheitsbunker_47.4222_11.8356,Gesundheitsbunker,palestra,palestra
45.792804,15.950064,osm_replejs_45.7928_15.9501,Replejs,palestra,palestra
44.428770,8.773484,osm_rifit_44.4288_8.7735,Rifit,palestra,palestra
41.934980,12.440591,osm_fit_express_41.9350_12.4406,Fit Express,palestra,palestra
47.431050,9.395821,osm_activ_fitness_47.4311_9.3958,Activ Fitness,palestra,palestra
43.330661,10.523265,osm_fitup_43.3307_10.5233,FiTUP,palestra,palestra
44.371595,11.733355,osm_palestra_del_tempio_dellanima_44.3716_11.7334,Palestra del tempio dell'anima,palestra,palestra
44.370215,11.732990,osm_ginnastica_biancoverde_44.3702_11.7330,Ginnastica Biancoverde,palestra,palestra
42.416598,11.872446,osm_new_fitness_evolution_42.4166_11.8724,New Fitness Evolution,palestra,palestra
37.587130,15.103741,osm_fitactive_37.5871_15.1037,FitActive,palestra,palestra
46.132412,11.112180,osm_crossfit_orso_46.1324_11.1122,CrossFit Orso,palestra,palestra
45.923379,6.411664,osm_jos_coaching_45.9234_6.4117,Jo's Coaching,palestra,palestra
45.078553,7.593670,osm_officine_dello_sport_45.0786_7.5937,Officine dello sport,palestra,palestra
47.424648,9.372509,osm_symbiont_47.4246_9.3725,Symbiont,palestra,palestra
45.528198,9.136714,osm_arena14_45.5282_9.1367,Arena14,palestra,palestra
37.068939,15.282619,osm_fitactive_37.0689_15.2826,FitActive,palestra,palestra
45.497003,9.643362,osm_ld_happy_place_45.4970_9.6434,LD Happy Place,palestra,palestra
44.381447,7.711182,osm_palestra_o2_44.3814_7.7112,Palestra O2,palestra,palestra
38.150617,13.329766,osm_polisportiva_mimmo_ferrito_38.1506_13.3298,Polisportiva Mimmo Ferrito,palestra,palestra
44.474615,7.508448,osm_palestra_o2_44.4746_7.5084,Palestra O2,palestra,palestra
44.439115,7.563824,osm_palestra_o2_44.4391_7.5638,Palestra O2,palestra,palestra
44.381944,7.811805,osm_palestra_o2_44.3819_7.8118,Palestra O2,palestra,palestra
44.541319,7.929715,osm_palestra_o2_44.5413_7.9297,Palestra O2,palestra,palestra
46.139088,14.411042,osm_omega_gym_46.1391_14.4110,Omega Gym,palestra,palestra
47.160018,9.476952,osm_update_fitness_47.1600_9.4770,Update Fitness,palestra,palestra
46.868128,7.560541,osm_monster_gym_46.8681_7.5605,Monster Gym,palestra,palestra
45.596806,9.169628,osm_riven_fitness_club_45.5968_9.1696,Riven fitness club,palestra,palestra
47.366502,8.359327,osm_gesundheitszentrum_greenpark_47.3665_8.3593,Gesundheitszentrum Greenpark,palestra,palestra
43.439127,13.623737,osm_fitlosophy_43.4391_13.6237,Fit-losophy,palestra,palestra
43.847651,11.171067,osm_fitactive_43.8477_11.1711,FitActive,palestra,palestra
44.911103,7.360913,osm_officina_44.9111_7.3609,Officina,palestra,palestra
45.138224,8.447820,osm_lifter_house_45.1382_8.4478,Lifter House,palestra,palestra
47.103135,15.424360,osm_myfitness_grazandritz_47.1031_15.4244,myfitness Graz-Andritz,palestra,palestra
46.155470,16.825048,osm_body_solutions_46.1555_16.8250,Body Solutions,palestra,palestra
43.222280,11.749180,osm_the_best_body_43.2223_11.7492,The Best Body,palestra,palestra
46.099906,13.095002,osm_asd_vitality_dance_fitness_46.0999_13.0950,A.S.D. Vitality Dance & Fitness,palestra,palestra
46.100473,13.182694,osm_new_life_centro_fitness_46.1005_13.1827,New Life - Centro Fitness,palestra,palestra
43.544483,10.335200,osm_fit_active_43.5445_10.3352,Fit active,palestra,palestra
37.277748,14.081803,osm_fitnes_danza_attiva_claudia_laurino_37.2777_14.0818,Fitnes Danza attiva Claudia Laurino,palestra,palestra
45.531102,9.329176,osm_centro_yoga_integrale_45.5311_9.3292,Centro Yoga Integrale,palestra,palestra
45.825775,8.803951,osm_le_tonic_ccub_fitness_spa_45.8258_8.8040,Le Tonic cCub Fitness & Spa,palestra,palestra
45.828893,8.800070,osm_urban_fitness_45.8289_8.8001,Urban Fitness,palestra,palestra
36.771566,10.106900,osm_nfl_gym_36.7716_10.1069,NFL gym,palestra,palestra
44.637371,10.951248,osm_genesi_studio_healthy_living_44.6374_10.9512,Genesi Studio - Healthy Living -,palestra,palestra
47.177655,8.518260,osm_aufit_47.1777_8.5183,AuFit,palestra,palestra
40.938806,14.220807,osm_fitactive_40.9388_14.2208,FitActive,palestra,palestra
46.927270,7.502821,osm_clever_fit_bernmuri_46.9273_7.5028,clever fit Bern-Muri,palestra,palestra
37.553560,14.293684,osm_eco_kore_wellness_37.5536_14.2937,E-co Kore Wellness,palestra,palestra
46.110759,13.170612,osm_centro_satyananda_yoga_udine_46.1108_13.1706,Centro Satyananda Yoga Udine,palestra,palestra
45.780634,15.954955,osm_plank_reformer_studio_45.7806_15.9550,Plank reformer studio,palestra,palestra
45.543988,11.002373,osm_atletalab_45.5440_11.0024,Atletalab,palestra,palestra
44.638262,10.950676,osm_asia_dojo_modena_44.6383_10.9507,A.S.I.A. dojo Modena,palestra,palestra
47.425213,9.378171,osm_pilates_studio_47.4252_9.3782,Pilates Studio,palestra,palestra
43.710960,10.945596,osm_fitactive_43.7110_10.9456,FitActive,palestra,palestra
44.905777,8.887849,osm_derthona_fitness_44.9058_8.8878,Derthona Fitness,palestra,palestra
46.638813,8.590196,osm_slipper_slope_46.6388_8.5902,Slipper Slope,palestra,palestra
45.671247,8.740676,osm_palestra_comunale_mauro_pastorelli_45.6712_8.7407,Palestra Comunale Mauro Pastorelli,palestra,palestra
47.039032,10.597266,osm_fit_gsund_fitness_serfaus_47.0390_10.5973,Fit & Gsund - Fitness Serfaus,palestra,palestra
45.070904,9.269807,osm_fitup_45.0709_9.2698,Fitup,palestra,palestra
45.015524,7.825989,osm_anahata_45.0155_7.8260,Anahata,palestra,palestra
37.618811,15.148242,osm_icon_37.6188_15.1482,ICON,palestra,palestra
47.351342,8.712008,osm_boxclub_uster_47.3513_8.7120,Boxclub Uster,palestra,palestra
44.719808,7.823380,osm_jcl_fit_44.7198_7.8234,Jcl Fit,palestra,palestra
46.941177,7.390770,osm_update_fitness_46.9412_7.3908,update Fitness,palestra,palestra
47.177573,8.518240,osm_zenomi_47.1776_8.5182,Zenomi,palestra,palestra
46.297709,7.905110,osm_freshcube_sportstation_46.2977_7.9051,FreshCube SportStation,palestra,palestra
44.508485,11.351374,osm_abcardio_44.5085_11.3514,abcardio,palestra,palestra
40.841709,14.224067,osm_hashi_40.8417_14.2241,Hashi,palestra,palestra
44.223663,12.042755,osm_fitandgo_44.2237_12.0428,FitAndGo,palestra,palestra
45.708541,11.478181,osm_reborn_training_45.7085_11.4782,Reborn Training,palestra,palestra
42.633225,9.436429,osm_centre_aqua_fitness_fitswim_family_42.6332_9.4364,Centre Aqua Fitness Fitswim family,palestra,palestra
42.640488,9.438513,osm_crossfit_42.6405_9.4385,CrossFit,palestra,palestra
47.325447,11.670980,osm_vomperbeach_fitnessclub_47.3254_11.6710,Vomperbeach Fitnessclub,palestra,palestra
37.627888,15.161200,osm_scandurra_fitness_37.6279_15.1612,Scandurra Fitness,palestra,palestra
47.425568,9.384932,osm_lineupyoga_47.4256_9.3849,Lineupyoga,palestra,palestra
45.656230,8.796041,osm_palestra_falcone_45.6562_8.7960,Palestra Falcone,palestra,palestra
45.768601,9.819955,osm_bioform_45.7686_9.8200,Bioform,palestra,palestra
42.456274,14.225767,osm_anytime_fitness_42.4563_14.2258,Anytime Fitness,palestra,palestra
47.421182,9.374595,osm_well_come_fit_47.4212_9.3746,Well Come Fit,palestra,palestra
37.244019,15.222129,osm_new_power_fitness_37.2440_15.2221,New Power Fitness,palestra,palestra
44.345914,11.687793,osm_mat_work_44.3459_11.6878,mAt Work,palestra,palestra
45.591573,9.199434,osm_no_limits_45.5916_9.1994,No Limits,palestra,palestra
43.499561,12.939160,osm_strong_fit_43.4996_12.9392,Strong & Fit,palestra,palestra
47.113177,17.916525,osm_cutler_veszprm_47.1132_17.9165,Cutler Veszprém,palestra,palestra
46.516445,6.638161,osm_lappartement_yoga_pilates_46.5164_6.6382,L’appartement Yoga & Pilates,palestra,palestra
47.367242,8.533268,osm_relysian_47.3672_8.5333,Relysian,palestra,palestra
42.542492,8.798905,osm_acquavital_fitness_42.5425_8.7989,Acquavital Fitness,palestra,palestra
40.833565,16.554962,osm_karate_dojo_40.8336_16.5550,Karate Dojo,palestra,palestra
44.355397,11.719163,osm_eagle_fit_lab_44.3554_11.7192,Eagle Fit Lab,palestra,palestra
37.595755,15.166967,osm_fitactive_37.5958_15.1670,FitActive,palestra,palestra
44.498012,11.296067,osm_palangela_44.4980_11.2961,PalAngela,palestra,palestra
40.897426,14.315641,osm_up_level_40.8974_14.3156,Up Level,palestra,palestra
37.243487,15.219251,osm_titan_gym_37.2435_15.2193,Titan Gym,palestra,palestra
37.085701,15.285794,osm_blufox23_37.0857_15.2858,Blufox23,palestra,palestra
37.851904,15.294583,osm_crazy_gym_37.8519_15.2946,Crazy Gym,palestra,palestra
40.882625,14.145288,osm_athena_fitness_40.8826_14.1453,Athena Fitness,palestra,palestra
45.671349,8.749781,osm_fitactive_45.6713_8.7498,FitActive,palestra,palestra
44.709223,7.843095,osm_fitup_44.7092_7.8431,FitUp,palestra,palestra
47.376870,8.487608,osm_yoga_albisrieden_47.3769_8.4876,Yoga Albisrieden,palestra,palestra
47.373495,8.534313,osm_rcken_center_med_47.3735_8.5343,Rücken Center med.,palestra,palestra
47.105243,17.567054,osm_xbody_47.1052_17.5671,XBody,palestra,palestra
47.433503,9.738767,osm_powerfit_47.4335_9.7388,PowerFit,palestra,palestra
45.663843,8.755061,osm_tennis_le_querce_45.6638_8.7551,Tennis Le Querce,palestra,palestra
45.803549,15.883424,osm_gyms4you_45.8035_15.8834,Gyms4you,palestra,palestra
45.578303,9.279904,osm_mamete_club_45.5783_9.2799,Mamete Club,palestra,palestra
45.522160,11.019211,osm_af_training_studio_45.5222_11.0192,AF Training Studio,palestra,palestra
44.422096,7.550650,osm_revolution_44.4221_7.5507,Revolution,palestra,palestra
45.521163,11.021411,osm_studio_pilates_odb_2_45.5212_11.0214,STUDIO PILATES ODB 2,palestra,palestra
43.572278,13.505620,osm_extreme_43.5723_13.5056,Extreme,palestra,palestra
47.348829,7.909672,osm_lady_fitness_factory_olten_47.3488_7.9097,Lady Fitness Factory Olten,palestra,palestra
42.676811,18.004085,osm_blueft_gym_42.6768_18.0041,BLUEf!t Gym,palestra,palestra
45.882246,9.952208,osm_center_gym_45.8822_9.9522,Center Gym,palestra,palestra
37.227989,15.219932,osm_new_energy_37.2280_15.2199,New Energy,palestra,palestra
45.055165,7.671984,osm_crossfit_torino_45.0552_7.6720,CrossFit Torino,palestra,palestra
44.689455,7.846350,osm_clan_destiny_crossfit_44.6895_7.8463,Clan Destiny CrossFit,palestra,palestra
42.453354,14.214108,osm_il_circo_della_luna_42.4534_14.2141,Il Circo della Luna,palestra,palestra
43.726596,10.957684,osm_one_project_wellness_43.7266_10.9577,One Project Wellness,palestra,palestra
47.263660,11.398943,osm_the_flou_pilates_47.2637_11.3989,The Flou Pilates,palestra,palestra
45.101552,10.840541,osm_fitness_revolution_45.1016_10.8405,Fitness Revolution,palestra,palestra
40.536454,17.440719,osm_fitlab_40.5365_17.4407,FITLAB,palestra,palestra
43.508449,16.467347,osm_olimpijski_centar_teakwondo_klub_marjan__43.5084_16.4673,Olimpijski centar - teakwondo klub Marjan Split3,palestra,palestra
43.511297,16.465866,osm_gyms4you_43.5113_16.4659,Gyms4You,palestra,palestra
43.907504,15.507771,osm_c24_43.9075_15.5078,C24,palestra,palestra
46.627502,14.350743,osm_mcfit_46.6275_14.3507,McFit,palestra,palestra
45.481634,9.199518,osm_urban_fitness_45.4816_9.1995,Urban Fitness,palestra,palestra
43.458456,11.879592,osm_palestra_salus_43.4585_11.8796,Palestra Salus,palestra,palestra
41.077080,14.416873,osm_noexcuses_personal_club_41.0771_14.4169,NoExcuses Personal Club,palestra,palestra
46.968797,7.393986,osm_feelgood_center_schlossmatte_46.9688_7.3940,Feelgood Center Schlossmatte,palestra,palestra
44.402510,8.938947,osm_saramore_yoga_44.4025_8.9389,SaraMore Yoga,palestra,palestra
47.262121,11.393171,osm_josef_p_47.2621_11.3932,Josef P,palestra,palestra
45.481819,9.228572,osm_urban_fitness_45.4818_9.2286,urban fitness,palestra,palestra
37.083154,15.274541,osm_area_51_37.0832_15.2745,Area 51,palestra,palestra
47.319489,8.791279,osm_le_gym_47.3195_8.7913,Le Gym,palestra,palestra
45.886561,11.029611,osm_ft_studio_fitnesstraining_45.8866_11.0296,ft studio fitness&training,palestra,palestra
41.882709,12.568433,osm_sporting_club_mandingo_41.8827_12.5684,Sporting Club Mandingo,palestra,palestra
45.519551,12.112041,osm_victoria_center_45.5196_12.1120,Victoria Center,palestra,palestra
47.421702,9.356022,osm_krperformen_47.4217_9.3560,Körperformen,palestra,palestra
47.036647,7.630724,osm_update_fitness_47.0366_7.6307,update Fitness,palestra,palestra
47.367679,8.511230,osm_evo_fitness_47.3677_8.5112,EVO Fitness,palestra,palestra
47.217071,15.622502,osm_bewusstsein_47.2171_15.6225,BEWUSST:SEIN,palestra,palestra
44.632491,18.361494,osm_gym_petrovo_44.6325_18.3615,Gym Petrovo,palestra,palestra
45.798495,13.527014,osm_asd_caligram_gym_45.7985_13.5270,ASD Caligram Gym,palestra,palestra
41.285428,15.767354,osm_miamo_41.2854_15.7674,M.i.a.m.o,palestra,palestra
42.697330,9.448365,osm_mantinum_42.6973_9.4484,Mantinum,palestra,palestra
46.297652,16.338276,osm_gibi_gib_46.2977_16.3383,Gibi Gib,palestra,palestra
43.936247,10.912873,osm_havana_sol_43.9362_10.9129,Havana Sol,palestra,palestra
45.815753,14.312146,osm_sky_fitness_45.8158_14.3121,Sky Fitness,palestra,palestra
43.761199,11.241994,osm_spa_della_calza_43.7612_11.2420,SPA Della Calza,palestra,palestra
47.000945,9.501152,osm_ich_bin_mein_bodyguard_47.0009_9.5012,Ich bin mein Bodyguard,palestra,palestra
41.052608,17.079298,osm_athena_2000_41.0526_17.0793,Athena 2000,palestra,palestra
43.507001,10.322290,osm_green_theory_banditella_43.5070_10.3223,Green theory Banditella,palestra,palestra
43.609792,13.369871,osm_nueva_vida_43.6098_13.3699,Nueva Vida,palestra,palestra
45.520058,10.276127,osm_ladies_gym_club_45.5201_10.2761,Ladies Gym Club,palestra,palestra
44.495114,11.358447,osm_pilates_club_44.4951_11.3584,Pilates Club,palestra,palestra
47.420329,12.832941,osm_mygym_fitnessstudio_saalfelden_47.4203_12.8329,MYGYM Fitnessstudio Saalfelden,palestra,palestra
47.302664,8.592031,osm_new_iron_gym_erlenbach_47.3027_8.5920,New Iron Gym Erlenbach,palestra,palestra
44.779507,17.203700,osm_4life_44.7795_17.2037,4life,palestra,palestra
44.263303,12.352294,osm_8pilates_44.2633_12.3523,8.Pilates,palestra,palestra
45.494240,9.220244,osm_alma_elysia_studio_45.4942_9.2202,Alma Elysia Studio,palestra,palestra
36.078426,14.250568,osm_yellow_rock_yoga_gozo_36.0784_14.2506,Yellow Rock Yoga Gozo,palestra,palestra
47.128545,7.244888,osm_sangym_fitness_and_kickboxing_47.1285_7.2449,San-Gym Fitness and Kickboxing,palestra,palestra
47.128058,7.243035,osm_fitness_uschi_nidau_47.1281_7.2430,Fitness Uschi Nidau,palestra,palestra
42.306429,9.150334,osm_latelier_yoga_et_pilate_42.3064_9.1503,L'atelier Yoga et Pilate,palestra,palestra
47.140785,7.247471,osm_kfit_biel_47.1408_7.2475,K-Fit Biel,palestra,palestra
43.125866,12.039683,osm_better_club_43.1259_12.0397,Better Club,palestra,palestra
46.310514,16.343476,osm_areni_slon_46.3105_16.3435,Šareni slon,palestra,palestra
44.498793,11.331882,osm_bolo_gym_44.4988_11.3319,Bolo Gym,palestra,palestra
44.498869,11.331245,osm_s_g_fortitudo_palestra_furla_44.4989_11.3312,S. G. Fortitudo palestra Furla,palestra,palestra
44.500584,11.332579,osm_kf_keepfitness_44.5006_11.3326,KF KeepFitness,palestra,palestra
47.415000,9.353469,osm_update_fitness_47.4150_9.3535,update Fitness,palestra,palestra
45.715542,11.410368,osm_webeat_45.7155_11.4104,WeBeat,palestra,palestra
45.715325,11.410461,osm_atena_45.7153_11.4105,Atena,palestra,palestra
46.373897,14.089757,osm_samson_sport_resort_bled_46.3739_14.0898,Samson sport resort Bled,palestra,palestra
44.497643,11.329433,osm_palestra_vin_4_you_44.4976_11.3294,Palestra Vin 4 you,palestra,palestra
46.955381,7.472392,osm_crossfit_tb_46.9554_7.4724,CrossFit TB,palestra,palestra
47.477094,8.305433,osm_hieryoga_47.4771_8.3054,hierYOGA,palestra,palestra
45.533671,9.337729,osm_olympus_45.5337_9.3377,Olympus,palestra,palestra
45.526931,8.990301,osm_olimpia_new_gym_45.5269_8.9903,Olimpia New Gym,palestra,palestra
46.074373,14.504102,osm_bionic_46.0744_14.5041,Bionic,palestra,palestra
44.156253,9.916904,osm_greentheory_forme_44.1563_9.9169,GreenTheory - ForMe,palestra,palestra
45.494151,11.791192,osm_asdathlon_45.4942_11.7912,A.S.D.Athlon,palestra,palestra
47.435942,11.882642,osm_profitness_prime_47.4359_11.8826,Profitness Prime,palestra,palestra
43.116383,12.449445,osm_elisir_43.1164_12.4494,Elisir,palestra,palestra
45.419362,12.057783,osm_active_45.4194_12.0578,Active,palestra,palestra
42.696409,9.447596,osm_vita_libert_42.6964_9.4476,Vita Liberté,palestra,palestra
43.213692,6.623692,osm_le_loft_pilates_43.2137_6.6237,Le Loft Pilates,palestra,palestra
43.247795,13.002937,osm_palestra_alterego_43.2478_13.0029,Palestra Alterego,palestra,palestra
42.113351,9.512196,osm_vita_libert_42.1134_9.5122,Vita Liberté,palestra,palestra
45.981186,15.956244,osm_fitness_centar_jezerica_45.9812_15.9562,Fitness centar Jezerčica,palestra,palestra
43.225886,6.070257,osm_synergy_fit_43.2259_6.0703,Synergy Fit,palestra,palestra
45.815042,8.609938,osm_il_giardino_45.8150_8.6099,Il Giardino,palestra,palestra
46.383575,6.238319,osm_bonnie_eight_studio_46.3836_6.2383,Bonnie Eight Studio,palestra,palestra
43.510433,16.458711,osm_olimpijski_centar_teakwondo_klub_marjan__43.5104_16.4587,Olimpijski centar - teakwondo klub Marjan Gripe Lokve,palestra,palestra
37.478360,15.077888,osm_up_level_fitness_37.4784_15.0779,Up Level Fitness,palestra,palestra
46.130181,14.227405,osm_fitnes_asfit_46.1302_14.2274,Fitnes As'Fit,palestra,palestra
45.073075,7.674003,osm_centro_yoga_shanti_mangra_45.0731_7.6740,Centro Yoga Shanti Mangra,palestra,palestra
44.631992,11.826031,osm_argenta_gym_h24_44.6320_11.8260,Argenta Gym H24,palestra,palestra
44.501669,11.318876,osm_palestra_felsina_44.5017_11.3189,Palestra Felsina,palestra,palestra
44.911503,8.635775,osm_my_trainers_club_44.9115_8.6358,My Trainers Club,palestra,palestra
47.457261,9.753131,osm_werkeins_trainingsclub_47.4573_9.7531,werkeins trainingsclub,palestra,palestra
44.768985,8.718160,osm_darkfit_basaluzzo_44.7690_8.7182,DarkFit Basaluzzo,palestra,palestra
47.221976,16.617138,osm_progym_47.2220_16.6171,Progym,palestra,palestra
45.564634,14.243534,osm_fitnes_ilirska_bistrica_45.5646_14.2435,Fitnes Ilirska Bistrica,palestra,palestra
45.904153,6.130314,osm_le_temple_45.9042_6.1303,Le Temple,palestra,palestra
41.937942,12.424265,osm_starfitness_41.9379_12.4243,Starfitness,palestra,palestra
47.040619,6.260123,osm_fitness_park_47.0406_6.2601,Fitness Park,palestra,palestra
47.257533,6.002292,osm_phnix_sport_club_47.2575_6.0023,Phénix sport club,palestra,palestra
45.607908,8.832065,osm_yogamore_45.6079_8.8321,Yogamore,palestra,palestra
46.546155,6.549723,osm_pkf_46.5462_6.5497,PKF,palestra,palestra
46.247192,7.003070,osm_movit_fitness_46.2472_7.0031,Mov'It Fitness,palestra,palestra
47.102981,15.709343,osm_feelgood_gleisdorf_47.1030_15.7093,Feelgood Gleisdorf,palestra,palestra
44.848622,17.231497,osm_in_shape_44.8486_17.2315,IN SHAPE,palestra,palestra
40.749017,14.677022,osm_the_box_trainingperfomance_40.7490_14.6770,The Box - Training&Perfomance,palestra,palestra
45.757280,8.891487,osm_landa_studio_wellness_45.7573_8.8915,Landa Studio Wellness,palestra,palestra
45.107242,8.757456,osm_t_gym_45.1072_8.7575,T GYM,palestra,palestra
42.944487,10.539515,osm_living_piombino_42.9445_10.5395,Living Piombino,palestra,palestra
44.405278,12.188274,osm_body_factory_44.4053_12.1883,Body factory,palestra,palestra
47.136345,7.537556,osm_brenfit_47.1363_7.5376,Bärenfit,palestra,palestra
47.145689,7.532575,osm_burger_fit_47.1457_7.5326,Burger Fit,palestra,palestra
44.399524,12.187068,osm_motus_studio_44.3995_12.1871,Motus studio,palestra,palestra
44.606389,10.411440,osm_life_fit_44.6064_10.4114,LIFE FIT,palestra,palestra
46.913195,18.083605,osm_nitro_gym_46.9132_18.0836,Nitro Gym,palestra,palestra
44.794550,10.314468,osm_body_makers_44.7946_10.3145,Body Makers,palestra,palestra
46.903362,18.048652,osm_kozma_gym_46.9034_18.0487,Kozma Gym,palestra,palestra
46.998128,6.943989,osm_yoga_station_46.9981_6.9440,Yoga Station,palestra,palestra
47.147697,6.332331,osm_liberty_gym_47.1477_6.3323,Liberty GYM,palestra,palestra
45.964621,12.959649,osm_fitup_codroipo_45.9646_12.9596,FitUP Codroipo,palestra,palestra
42.593830,9.436566,osm_liberty_gym_42.5938_9.4366,Liberty Gym,palestra,palestra
40.890935,17.176590,osm_finix_club_40.8909_17.1766,Finix Club,palestra,palestra
45.782602,9.426317,osm_ssd_new_body_and_mind_srl_45.7826_9.4263,S.S.D. New Body And Mind S.R.L.,palestra,palestra
45.659421,9.710515,osm_palestra_underground_gym_fitness_45.6594_9.7105,Palestra Underground gym fitness,palestra,palestra
45.505775,12.632544,osm_fitness_jesolo_45.5058_12.6325,Fitness Jesolo,palestra,palestra
44.906250,8.197641,osm_anima_e_corpo_studio_estetico_44.9063_8.1976,Anima e Corpo Studio Estetico,palestra,palestra
47.184149,14.686934,osm_myfitness_47.1841_14.6869,myfitness,palestra,palestra
37.702874,15.175042,osm_fitactive_37.7029_15.1750,FitActive,palestra,palestra
47.252813,8.691980,osm_oldschool_gym_24_47.2528_8.6920,Oldschool Gym 24,palestra,palestra
36.811739,10.305488,osm_poi_36.8117_10.3055,نادي حمادي بن عمار,palestra,palestra
46.666323,14.640437,osm_cross_fit_46.6663_14.6404,Cross Fit,palestra,palestra
44.518531,9.160230,osm_palestra_comunale_44.5185_9.1602,Palestra Comunale,palestra,palestra
46.066759,13.213784,osm_palestra_marinoni_46.0668_13.2138,Palestra Marinoni,palestra,palestra
45.963614,12.636451,osm_palestra_comunale_rorai_grande_45.9636_12.6365,Palestra Comunale Rorai Grande,palestra,palestra
45.970950,12.644075,osm_palestra_comunale_franco_gallini_45.9709_12.6441,Palestra Comunale Franco Gallini,palestra,palestra
45.960836,12.974578,osm_staying_hard_gym_45.9608_12.9746,Staying Hard Gym,palestra,palestra
45.928522,13.499149,osm_palestra_moraro_45.9285_13.4991,Palestra Moraro,palestra,palestra
45.782844,12.999253,osm_formazione_sporting_club_45.7828_12.9993,Formazione Sporting Club,palestra,palestra
45.857608,13.483487,osm_studio_posturale_palestra_del_benessere_45.8576_13.4835,Studio PosturAle Palestra del benessere,palestra,palestra
45.607847,9.904498,osm_lab_30_crossfit_45.6078_9.9045,Lab 3.0 Crossfit,palestra,palestra
46.523542,6.620830,osm_update_fitness_46.5235_6.6208,update Fitness,palestra,palestra
46.889849,6.365852,osm_basicfit_46.8898_6.3659,Basic-Fit,palestra,palestra
45.534805,10.209184,osm_virgin_active_45.5348_10.2092,Virgin Active,palestra,palestra
45.374863,8.151692,osm_move_45.3749_8.1517,Move,palestra,palestra
43.506570,6.479307,osm_fitness_park_43.5066_6.4793,Fitness Park,palestra,palestra
46.366248,6.500436,osm_cap_forme_46.3662_6.5004,Cap Forme,palestra,palestra
46.217159,11.086272,osm_palazzetto_comunale_46.2172_11.0863,Palazzetto Comunale,palestra,palestra
47.242874,6.034733,osm_lofty_sport_47.2429_6.0347,Lofty Sport,palestra,palestra
44.478778,11.374976,osm_palestra_moratello_44.4788_11.3750,Palestra Moratello,palestra,palestra
45.575314,8.558837,osm_palestra_comunale_45.5753_8.5588,Palestra comunale,palestra,palestra
46.772796,7.617920,osm_sportiver_input_46.7728_7.6179,Sportiver Input,palestra,palestra
45.727956,9.133564,osm_20_hours_45.7280_9.1336,20 hours,palestra,palestra
42.412209,12.098420,osm_gcube_42.4122_12.0984,Gcube,palestra,palestra
45.442315,8.624498,osm_cuspo_centro_universitario_sportivo_piem_45.4423_8.6245,CUSPO Centro Universitario Sportivo Piemonte Orientale,palestra,palestra
47.379637,15.090946,osm_sams_gym_47.3796_15.0909,Sam's Gym,palestra,palestra
45.700409,9.715433,osm_pala_gorle_45.7004_9.7154,Pala Gorle,palestra,palestra
47.279776,16.009237,osm_gym_frey_47.2798_16.0092,Gym Frey,palestra,palestra
45.811095,15.950683,osm_gyms4u_45.8111_15.9507,Gyms4U,palestra,palestra
47.082761,6.636151,osm_liberty_gym_47.0828_6.6362,Liberty Gym,palestra,palestra
36.800235,10.196211,osm_tgm_aviron_tunisois_club_action_cano_kay_36.8002_10.1962,Tgm (Aviron Tunisois/ Club Action Canoë Kayak),palestra,palestra
47.367533,15.093355,osm_fair_fitness_47.3675_15.0934,Fair Fitness,palestra,palestra
46.544417,6.662779,osm_nonstop_gym_46.5444_6.6628,NonStop Gym,palestra,palestra
43.552006,6.946227,osm_fitness_park_43.5520_6.9462,Fitness Park,palestra,palestra
38.011200,12.577905,osm_palestra_vigili_del_fuoco_38.0112_12.5779,Palestra Vigili del Fuoco,palestra,palestra
46.066310,6.566850,osm_cot_forme_46.0663_6.5668,Coté Forme,palestra,palestra
45.730730,9.116930,osm_arenafit_45.7307_9.1169,ARENAFIT,palestra,palestra
45.533010,10.306463,osm_palazzetto_dello_sport_45.5330_10.3065,Palazzetto dello sport,palestra,palestra
45.807175,9.096104,osm_20hours_palestracomo_45.8072_9.0961,20hours Palestra_Como,palestra,palestra
47.279036,11.505064,osm_the_point_fitnesscenter_47.2790_11.5051,The Point - Fitnesscenter,palestra,palestra
47.119156,13.140131,osm_feel_free_yoga_musik_47.1192_13.1401,Feel Free – Yoga & Musik,palestra,palestra
46.258227,6.028987,osm_up2you_46.2582_6.0290,Up2You,palestra,palestra
41.901540,12.518164,osm_centro_universitario_sportivo_roma_41.9015_12.5182,Centro Universitario Sportivo Roma,palestra,palestra
37.519499,15.095527,osm_ex_cinema_capitol_37.5195_15.0955,Ex cinema Capitol,palestra,palestra
47.213942,10.149047,osm_sportparklech_47.2139_10.1490,sport.park.lech,palestra,palestra
42.663104,9.439950,osm_perfect_bodies_42.6631_9.4399,Perfect Bodies,palestra,palestra
47.289648,11.582024,osm_invibe_47.2896_11.5820,Invibe,palestra,palestra
36.921370,10.292855,osm_club_de_gammarth_36.9214_10.2929,Club de Gammarth,palestra,palestra
45.398181,11.885958,osm_mcfit_45.3982_11.8860,McFit,palestra,palestra
45.414872,11.863721,osm_athlonfit_45.4149_11.8637,AthlonFit,palestra,palestra
39.557595,8.796870,osm_centro_polivalente_39.5576_8.7969,Centro polivalente,palestra,palestra
45.406335,12.318912,osm_fitness_center_45.4063_12.3189,Fitness Center,palestra,palestra
45.678793,12.245342,osm_palestra_ite_riccatiluzzatti_45.6788_12.2453,Palestra ITE Riccati-Luzzatti,palestra,palestra
47.097724,15.473043,osm_injoymed_graz_ost_47.0977_15.4730,INJOYmed Graz Ost,palestra,palestra
46.610640,13.853603,osm_clever_fit_46.6106_13.8536,Clever fit,palestra,palestra
46.623866,13.800014,osm_rund_ums_herz_yoga_ernhrungsberatung_46.6239_13.8000,Rund ums Herz Yoga & Ernährungsberatung,palestra,palestra
44.486618,11.367841,osm_palestra_mcfit_bologna_mazzini_44.4866_11.3678,Palestra McFIT Bologna Mazzini,palestra,palestra
45.977287,12.310170,osm_bobadilla_45.9773_12.3102,Bobadilla,palestra,palestra
44.532319,11.219810,osm_crossfit_panigale_44.5323_11.2198,Crossfit Panigale,palestra,palestra
37.651544,12.600535,osm_multiform_37.6515_12.6005,Multiform,palestra,palestra
46.536210,14.266966,osm_movebox_46.5362_14.2670,Movebox,palestra,palestra
47.063980,15.080150,osm_injoy_47.0640_15.0802,INJOY,palestra,palestra
47.210849,14.810470,osm_lifestyle_47.2108_14.8105,LifeStyle,palestra,palestra
42.154721,12.133312,osm_palestra_comunale_42.1547_12.1333,Palestra comunale,palestra,palestra
38.357005,15.850372,osm_palestra_lo_scatolone_38.3570_15.8504,Palestra Lo Scatolone,palestra,palestra
44.336937,8.512933,osm_asd_atletica_alba_docilia_44.3369_8.5129,A.S.D. Atletica Alba Docilia,palestra,palestra
43.539564,10.338656,osm_bodyguard_43.5396_10.3387,Bodyguard,palestra,palestra
43.529105,16.490290,osm_guliver_energija_43.5291_16.4903,Guliver Energija,palestra,palestra
45.732631,7.311399,osm_palestra_45.7326_7.3114,Palestra,palestra,palestra
45.740556,7.465248,osm_palestra_delle_scuole_45.7406_7.4652,Palestra delle Scuole,palestra,palestra
45.730138,7.447384,osm_sala_ginnicoricreativa_45.7301_7.4474,Sala ginnico-ricreativa,palestra,palestra
44.736800,11.301737,osm_oasi_wellness_44.7368_11.3017,Oasi Wellness,palestra,palestra
42.294610,14.304432,osm_progetto_salute_42.2946_14.3044,Progetto Salute,palestra,palestra
44.643309,10.910611,osm_equilibra_44.6433_10.9106,Equilibra,palestra,palestra
44.654963,10.895068,osm_metagym_44.6550_10.8951,METAGYM,palestra,palestra
43.812808,18.336058,osm_eufor_teretana_43.8128_18.3361,EUFOR Teretana,palestra,palestra
43.714695,17.234630,osm_gradska_sportska_dvorana_43.7147_17.2346,Gradska sportska dvorana,palestra,palestra
44.667355,10.600487,osm_champions_club_fitness_baragalla_44.6674_10.6005,Champions Club fitness - Baragalla,palestra,palestra
44.735782,10.651898,osm_health_generator_fitness_asdufc_44.7358_10.6519,Health Generator Fitness ASD+UFC,palestra,palestra
44.706196,10.611078,osm_gymnastx_44.7062_10.6111,Gymnastx,palestra,palestra
44.431031,10.393928,osm_bismantova_44.4310_10.3939,Bismantova,palestra,palestra
45.672242,9.434315,osm_shotokan_ryu_45.6722_9.4343,Shotokan Ryu,palestra,palestra
45.747321,9.054960,osm_palestra_45.7473_9.0550,Palestra,palestra,palestra
44.815094,10.182994,osm_well_and_fit_44.8151_10.1830,Well and Fit,palestra,palestra
44.802152,10.345857,osm_palaciti_44.8022_10.3459,Palaciti,palestra,palestra
44.749197,10.221346,osm_palazzetto_dello_sport_lionello_leoni_44.7492_10.2213,Palazzetto dello Sport Lionello Leoni,palestra,palestra
44.749127,10.220674,osm_palestra_comunale_domenico_ori_44.7491_10.2207,Palestra Comunale Domenico Ori,palestra,palestra
43.761108,10.442039,osm_papillon_43.7611_10.4420,Papillon,palestra,palestra
43.860440,10.486328,osm_ego_wellness_43.8604_10.4863,EGO Wellness,palestra,palestra
46.816694,14.834778,osm_jk_sports_und_fitness_wolfsberg_46.8167_14.8348,JK Sports und Fitness Wolfsberg,palestra,palestra
44.541370,11.936512,osm_palestra_scolastica_44.5414_11.9365,Palestra scolastica,palestra,palestra
44.863457,10.062074,osm_palestra_kinesis_44.8635_10.0621,Palestra Kinesis,palestra,palestra
44.826787,10.004076,osm_active_sport_wellness_44.8268_10.0041,Active Sport & Wellness,palestra,palestra
44.179490,6.620968,osm_opus_sport_44.1795_6.6210,Opus Sport,palestra,palestra
47.081325,15.414074,osm_fit_spot_graz_47.0813_15.4141,FIT Spot Graz,palestra,palestra
44.199071,12.404106,osm_crossfit_cesenatico_44.1991_12.4041,CrossFit Cesenatico,palestra,palestra
44.817393,15.877118,osm_gymfit_44.8174_15.8771,GYM-FIT,palestra,palestra
44.157501,12.392593,osm_palestra_comunale_sala_di_cesenatico_44.1575_12.3926,Palestra comunale Sala di Cesenatico,palestra,palestra
47.389529,15.096838,osm_fitnesswelt_47.3895_15.0968,fitnesswelt,palestra,palestra
44.536227,10.822319,osm_motus_44.5362_10.8223,Motus,palestra,palestra
47.156351,18.124086,osm_edzterem_47.1564_18.1241,Edzőterem,palestra,palestra
47.092365,17.918862,osm_top_gym_47.0924_17.9189,Top Gym,palestra,palestra
47.112998,17.916520,osm_cutler_fitness_47.1130_17.9165,Cutler fitness,palestra,palestra
46.167434,6.119511,osm_salle_de_gym_de_planlesouates_46.1674_6.1195,salle de gym de Plan-les-Ouates,palestra,palestra
42.166285,12.136723,osm_palestra_station_fitness_42.1663_12.1367,Palestra Station Fitness,palestra,palestra
43.833875,10.568860,osm_palestra_genesi_43.8339_10.5689,Palestra Genesi,palestra,palestra
45.803927,8.664732,osm_canottieri_di_monate_45.8039_8.6647,Canottieri di Monate,palestra,palestra
43.792908,7.607749,osm_dynamic_body_club_43.7929_7.6077,Dynamic Body Club,palestra,palestra
43.854839,18.380966,osm_all_in_fitness_43.8548_18.3810,ALL IN Fitness,palestra,palestra
45.793012,8.511348,osm_polisportiva_45.7930_8.5113,Polisportiva,palestra,palestra
45.746488,8.547828,osm_xxl_palestra_1966_45.7465_8.5478,XXL Palestra 1966,palestra,palestra
44.338206,8.501723,osm_palestra_comunale_grana_44.3382_8.5017,Palestra comunale Grana,palestra,palestra
44.349120,8.561443,osm_palazzetto_sport_44.3491_8.5614,Palazzetto Sport,palestra,palestra
45.058630,7.612978,osm_virgin_active_45.0586_7.6130,Virgin Active,palestra,palestra
44.107591,9.957342,osm_forme_fitness_experience_sarzana_44.1076_9.9573,ForMe Fitness Experience Sarzana,palestra,palestra
45.694118,8.614404,osm_palextra_45.6941_8.6144,Palextra,palestra,palestra
37.486499,13.984626,osm_palestra_san_giuseppe_37.4865_13.9846,Palestra San Giuseppe,palestra,palestra
45.830460,13.328610,osm_fitup_45.8305_13.3286,FitUP,palestra,palestra
47.195036,18.435654,osm_roy_gym_47.1950_18.4357,Roy Gym,palestra,palestra
41.815856,12.618271,osm_circolo_anagnino_morena_gladio_cup_paddl_41.8159_12.6183,Circolo Anagnino - Morena - Gladio Cup - PADDLE,palestra,palestra
47.189257,18.420204,osm_oxygym_fitness_47.1893_18.4202,OxyGym Fitness,palestra,palestra
47.423334,14.998757,osm_premium_fitness_schlager_47.4233_14.9988,Premium Fitness Schlager,palestra,palestra
44.170445,9.612205,osm_palestra_anima_e_corpo_fitness_club_44.1704_9.6122,Palestra anima e corpo fitness club,palestra,palestra
47.105139,8.673844,osm_mzg_rothenthurm_47.1051_8.6738,MZG Rothenthurm,palestra,palestra
45.663759,11.600566,osm_cielo_blu_acqua_ftiness_wellness_45.6638_11.6006,Cielo Blu - Acqua ftiness wellness,palestra,palestra
47.462636,7.815555,osm_happy_place_yoga_47.4626_7.8156,Happy Place Yoga,palestra,palestra
47.462332,7.818195,osm_performance_center_sissach_47.4623_7.8182,Performance Center Sissach,palestra,palestra
41.912664,12.553904,osm_mcfit_41.9127_12.5539,McFit,palestra,palestra
45.397077,11.266802,osm_copri_scopri_45.3971_11.2668,Copri Scopri,palestra,palestra
42.696564,13.791596,osm_flow_pilates_42.6966_13.7916,Flow Pilates,palestra,palestra
47.134837,13.807962,osm_mygym_47.1348_13.8080,MyGym,palestra,palestra
43.999698,12.659979,osm_acrobatic_team_riccione_43.9997_12.6600,Acrobatic Team Riccione,palestra,palestra
47.379010,9.537725,osm_update_fitness_47.3790_9.5377,update Fitness,palestra,palestra
44.052397,12.577558,osm_centro_olimpia_libertas_44.0524_12.5776,Centro Olimpia Libertas,palestra,palestra
41.912375,12.549949,osm_palasport_aurelio_santoro_41.9124_12.5499,Palasport Aurelio Santoro,palestra,palestra
45.735300,9.617258,osm_seven_club_45.7353_9.6173,Seven Club,palestra,palestra
47.011414,15.214910,osm_apollo_fitnessstudio_47.0114_15.2149,Apollo Fitnessstudio,palestra,palestra
44.275001,9.517365,osm_palestra_comunale_44.2750_9.5174,Palestra comunale,palestra,palestra
43.460888,6.637157,osm_venice_gym_43.4609_6.6372,Venice Gym,palestra,palestra
41.459722,12.879330,osm_palafitness_41.4597_12.8793,Palafitness,palestra,palestra
45.883086,6.319426,osm_aravis_center_45.8831_6.3194,Aravis Center,palestra,palestra
45.836510,8.669708,osm_stadiumfit_45.8365_8.6697,StadiumFit,palestra,palestra
46.816161,13.588702,osm_soami_yoga_retreat_center_46.8162_13.5887,SOAMI Yoga Retreat Center,palestra,palestra
41.801180,12.676393,osm_frascati_scherma_simoncelli_41.8012_12.6764,Frascati Scherma Simoncelli,palestra,palestra
41.801336,12.675951,osm_asd_frascati_calcio_41.8013_12.6760,ASD Frascati Calcio,palestra,palestra
45.371623,9.686991,osm_moving_club_45.3716_9.6870,Moving Club,palestra,palestra
46.452214,17.015132,osm_metroflex_46.4522_17.0151,Metroflex,palestra,palestra
45.706944,13.858108,osm_filsport_45.7069_13.8581,Fil-Sport,palestra,palestra
45.033239,7.618157,osm_mcfit_45.0332_7.6182,McFit,palestra,palestra
42.369461,13.353178,osm_palestra_canada_42.3695_13.3532,Palestra Canada,palestra,palestra
44.825781,10.214407,osm_sport_leafness_44.8258_10.2144,Sport Leafness,palestra,palestra
39.692208,8.697358,osm_palestra_nuova_olimpia_39.6922_8.6974,Palestra Nuova Olimpia,palestra,palestra
39.699512,8.781539,osm_palestra_comunale_39.6995_8.7815,Palestra Comunale,palestra,palestra
43.105126,12.369128,osm_palesta_comunale_43.1051_12.3691,Palesta Comunale,palestra,palestra
45.718183,9.731545,osm_palestre_scuole_medie_45.7182_9.7315,Palestre Scuole Medie,palestra,palestra
47.297978,7.958151,osm_claudia_yoga_claudia_hauri_dipl_yogalehr_47.2980_7.9582,Claudia & Yoga (Claudia Hauri dipl. Yogalehrerin YCH),palestra,palestra
39.085384,17.110874,osm_crossfit_39.0854_17.1109,CrossFit,palestra,palestra
47.429084,9.739342,osm_fitinn_47.4291_9.7393,FITINN,palestra,palestra
45.230294,9.407815,osm_palazzetto_dello_sport_45.2303_9.4078,Palazzetto dello Sport,palestra,palestra
45.707764,11.567658,osm_palestra_scuole_medie_45.7078_11.5677,Palestra Scuole medie,palestra,palestra
45.973819,12.669743,osm_palaflora_45.9738_12.6697,PalaFlora,palestra,palestra
45.809694,15.972731,osm_dea_45.8097_15.9727,Dea,palestra,palestra
47.468656,15.345746,osm_lifefit_47.4687_15.3457,Lifefit,palestra,palestra
46.045205,11.550536,osm_palestra_46.0452_11.5505,Palestra,palestra,palestra
44.831831,11.135765,osm_skip_intro_44.8318_11.1358,Skip Intro,palestra,palestra
40.826987,8.419637,osm_boxing_club_alberto_mura_40.8270_8.4196,Boxing club Alberto Mura,palestra,palestra
43.300606,13.582586,osm_palasport_43.3006_13.5826,Palasport,palestra,palestra
43.294856,13.582542,osm_palestra_sole_acciaio_43.2949_13.5825,Palestra Sole Acciaio,palestra,palestra
43.785471,7.639475,osm_red_pepper_43.7855_7.6395,Red Pepper,palestra,palestra
47.110971,15.701878,osm_sportcorner_47.1110_15.7019,Sportcorner,palestra,palestra
39.293075,8.957988,osm_dynamic_center_39.2931_8.9580,Dynamic Center,palestra,palestra
39.290284,8.954281,osm_palestra_39.2903_8.9543,Palestra,palestra,palestra
39.615529,9.108654,osm_palestra_comunale_39.6155_9.1087,Palestra Comunale,palestra,palestra
45.678077,9.170854,osm_struttura_geodetica_comunale_45.6781_9.1709,Struttura geodetica comunale,palestra,palestra
47.215075,15.625994,osm_jk_sports_47.2151_15.6260,JK Sports,palestra,palestra
45.568637,11.526848,osm_del_din_fitness_centre_45.5686_11.5268,Del Din Fitness Centre,palestra,palestra
40.543404,8.902449,osm_comunale_40.5434_8.9024,comunale,palestra,palestra
41.882903,12.568504,osm_sporting_club_mandingo_41.8829_12.5685,Sporting Club Mandingo,palestra,palestra
41.342790,14.368725,osm_palazzetto_dello_sport_41.3428_14.3687,Palazzetto dello Sport,palestra,palestra
44.169998,12.276227,osm_twellness_center_44.1700_12.2762,T-Wellness Center,palestra,palestra
45.862565,9.403326,osm_gymnasium_45.8626_9.4033,Gymnasium,palestra,palestra
45.532662,13.654628,osm_telovadnica_tvd_partizan_arrigoni_45.5327_13.6546,Telovadnica TVD Partizan - Arrigoni,palestra,palestra
45.617162,9.052063,osm_exit_spa_45.6172_9.0521,Exit Spa,palestra,palestra
47.102996,17.564239,osm_fitro_max_szabadid_kzpont_panzi_47.1030_17.5642,Fitro Max Szabadidő Központ & Panzió,palestra,palestra
45.883968,11.029236,osm_fucine_45.8840_11.0292,Fucine,palestra,palestra
45.020783,7.648855,osm_orange_palestre_45.0208_7.6489,orange palestre,palestra,palestra
45.779944,15.969056,osm_xxl_1_45.7799_15.9691,XXL 1,palestra,palestra
45.250590,8.743820,osm_palestra_josti_travelli_45.2506_8.7438,Palestra Josti Travelli,palestra,palestra
44.120494,15.240002,osm_omnia_teretana_44.1205_15.2400,Omnia teretana,palestra,palestra
41.895452,12.489542,osm_monti_fitness_41.8955_12.4895,Monti Fitness,palestra,palestra
45.129224,12.323602,osm_fitness_45.1292_12.3236,Fitness,palestra,palestra
43.730811,10.921968,osm_link_fitness_club_43.7308_10.9220,Link Fitness Club,palestra,palestra
41.079548,14.361777,osm_gi_club_41.0795_14.3618,Già Club,palestra,palestra
45.617061,9.250758,osm_fitup_45.6171_9.2508,FitUp,palestra,palestra
46.625924,14.339228,osm_giga_fit_46.6259_14.3392,GIGA FIT,palestra,palestra
41.674787,12.507291,osm_roman_sport_city_41.6748_12.5073,ROMAN sport city,palestra,palestra
47.112136,14.147537,osm_fair_fitness_47.1121_14.1475,Fair Fitness,palestra,palestra
46.527185,6.542860,osm_fitness_harmony_46.5272_6.5429,Fitness Harmony,palestra,palestra
42.086985,12.182225,osm_new_center_palestra_42.0870_12.1822,New Center Palestra,palestra,palestra
45.481932,9.205319,osm_gonzaga_sport_club_45.4819_9.2053,Gonzaga Sport Club,palestra,palestra
44.701575,7.683313,osm_palazzetto_dello_sport_di_cavallermaggio_44.7016_7.6833,Palazzetto dello Sport di Cavallermaggiore,palestra,palestra
44.817958,7.954162,osm_asd_body_planet_44.8180_7.9542,A.s.d. Body Planet,palestra,palestra
45.668704,9.931796,osm_olimpic_villongo_45.6687_9.9318,Olimpic Villongo,palestra,palestra
45.676467,9.221882,osm_mb_fitness_45.6765_9.2219,MB fitness,palestra,palestra
46.032756,18.214378,osm_ab_center_46.0328_18.2144,AB Center,palestra,palestra
45.941542,8.567831,osm_full_center_45.9415_8.5678,Full Center,palestra,palestra
45.954824,13.641450,osm_telovadnica_partizan_45.9548_13.6414,Telovadnica Partizan,palestra,palestra
46.287728,7.533121,osm_activ_fitness_46.2877_7.5331,Activ Fitness,palestra,palestra
43.233769,13.637169,osm_palazzetto_dello_sport_43.2338_13.6372,Palazzetto dello sport,palestra,palestra
46.458463,16.990139,osm_szandia_fitnesswelness_46.4585_16.9901,Szan-Dia Fitness&Welness,palestra,palestra
41.283789,15.767158,osm_aesthetic_club_41.2838_15.7672,Aesthetic Club,palestra,palestra
45.677946,9.427586,osm_fitactive_robbiate_45.6779_9.4276,FitActive Robbiate,palestra,palestra
41.231709,16.525933,osm_vl_academy_41.2317_16.5259,VL Academy,palestra,palestra
45.491282,7.858920,osm_palestra_dynamica_45.4913_7.8589,Palestra Dynamica,palestra,palestra
44.962314,9.176027,osm_palestra_44.9623_9.1760,Palestra,palestra,palestra
41.813264,12.435790,osm_virgin_active_roma_eur_41.8133_12.4358,Virgin Active Roma EUR,palestra,palestra
40.467802,17.954309,osm_enjoy_feel_good_40.4678_17.9543,Enjoy Feel Good,palestra,palestra
40.731951,17.553234,osm_namaste_spazio_olistico_scuola_di_yoga_40.7320_17.5532,Namaste Spazio Olistico & Scuola di Yoga,palestra,palestra
40.818347,14.062122,osm_il_centro_40.8183_14.0621,Il Centro,palestra,palestra
41.728218,12.682768,osm_palakilgour_41.7282_12.6828,PALAKILGOUR,palestra,palestra
45.731452,8.575714,osm_freedom_club_45.7315_8.5757,Freedom Club,palestra,palestra
44.402091,8.613329,osm_palestra_44.4021_8.6133,Palestra,palestra,palestra
43.798986,11.234420,osm_zerouno_policentro_43.7990_11.2344,Zerouno policentro,palestra,palestra
42.040340,12.644735,osm_centro_fitness_energym_42.0403_12.6447,Centro Fitness Energym,palestra,palestra
44.402213,8.681113,osm_palal_44.4022_8.6811,PalaLò,palestra,palestra
45.074332,7.592295,osm_orange_collegno_45.0743_7.5923,Orange Collegno,palestra,palestra
47.185673,18.413341,osm_cutler_gym_47.1857_18.4133,Cutler Gym,palestra,palestra
42.053667,12.605645,osm_olimpia_club_42.0537_12.6056,Olimpia Club,palestra,palestra
42.255783,11.755404,osm_palestra_iron_man_42.2558_11.7554,Palestra Iron Man,palestra,palestra
43.380885,12.496930,osm_palestra_scuola_43.3809_12.4969,Palestra scuola,palestra,palestra
41.689020,14.959198,osm_piscina_comunale_41.6890_14.9592,Piscina comunale,palestra,palestra
36.641486,9.612539,osm_salle_de_sport_36.6415_9.6125,salle de sport,palestra,palestra
43.784573,11.224483,osm_dlf_43.7846_11.2245,DLF,palestra,palestra
45.698236,8.457373,osm_centro_benessere_acquaviva_45.6982_8.4574,Centro Benessere Acquaviva,palestra,palestra
43.901217,12.854082,osm_pisaurum_body_lab_43.9012_12.8541,Pisaurum Body Lab,palestra,palestra
44.071246,10.086525,osm_balance_44.0712_10.0865,Balance,palestra,palestra
44.052742,10.076463,osm_hangar_fitness_44.0527_10.0765,Hangar Fitness,palestra,palestra
46.103310,10.740576,osm_palestra_di_spiazzo_46.1033_10.7406,Palestra di Spiazzo,palestra,palestra
45.659904,9.179194,osm_dynamic_village_45.6599_9.1792,Dynamic Village,palestra,palestra
45.638270,11.546162,osm_asd_my_gym_45.6383_11.5462,A.S.D. My Gym,palestra,palestra
47.405471,8.402756,osm_activ_fitness_dietikon_47.4055_8.4028,Activ Fitness Dietikon,palestra,palestra
42.577694,13.985381,osm_slim_line_42.5777_13.9854,Slim Line,palestra,palestra
42.578914,13.981767,osm_pugilistica_atriana_42.5789_13.9818,Pugilistica Atriana,palestra,palestra
42.025149,13.426711,osm_palestra_luigi_marini_42.0251_13.4267,Palestra Luigi Marini,palestra,palestra
42.043253,13.431828,osm_palestra_scuole_medie_vivenza_42.0433_13.4318,Palestra Scuole Medie Vivenza,palestra,palestra
41.828463,12.625421,osm_tribefitness_41.8285_12.6254,TribeFitness,palestra,palestra
43.471878,10.562577,osm_palestra_43.4719_10.5626,Palestra,palestra,palestra
45.655730,9.414045,osm_tsunami_gym_45.6557_9.4140,Tsunami Gym,palestra,palestra
41.720606,12.298949,osm_le_dune_fitness_village_41.7206_12.2989,Le Dune Fitness Village,palestra,palestra
46.830843,15.240256,osm_clever_fit_deutschlandsberg_46.8308_15.2403,clever fit Deutschlandsberg,palestra,palestra
41.790771,12.684557,osm_palestra_sajama_41.7908_12.6846,Palestra Sajama,palestra,palestra
43.438602,13.617506,osm_pallone_tensostatico_43.4386_13.6175,Pallone Tensostatico,palestra,palestra
43.438335,13.617992,osm_palaserenelli_43.4383_13.6180,PalaSerenelli,palestra,palestra
43.526375,13.441749,osm_lorenzo_bramucci_43.5264_13.4417,Lorenzo Bramucci,palestra,palestra
46.993104,15.499860,osm_level_one_fitness_46.9931_15.4999,Level One Fitness,palestra,palestra
41.630176,12.477151,osm_palapestalozzi_41.6302_12.4772,PalaPestalozzi,palestra,palestra
44.029801,10.110907,osm_fitactive_massa_44.0298_10.1109,FitActive Massa,palestra,palestra
45.430905,11.905299,osm_palestra_iti_severi_45.4309_11.9053,Palestra ITI Severi,palestra,palestra
46.151354,14.930622,osm_spin_center_izlake_46.1514_14.9306,Spin Center Izlake,palestra,palestra
43.778634,11.301510,osm_nuova_palestra_43.7786_11.3015,Nuova palestra,palestra,palestra
46.371573,6.225610,osm_d_btiment_de_service_sauna_et_salle_de_m_46.3716_6.2256,D Bâtiment de service & Sauna et salle de Musculation,palestra,palestra
44.683540,10.613083,osm_palestra_onde_chiare_44.6835_10.6131,Palestra Onde Chiare,palestra,palestra
45.389586,11.794462,osm_janua_45.3896_11.7945,Janua,palestra,palestra
42.742048,11.111621,osm_palestra_livelife_42.7420_11.1116,Palestra LiveLife,palestra,palestra
46.764480,13.752804,osm_heidi_truntschnig_46.7645_13.7528,Heidi Truntschnig,palestra,palestra
46.254401,15.161240,osm_fitbeat_gym_46.2544_15.1612,FitBeat Gym,palestra,palestra
42.126721,12.124156,osm_new_body_life_42.1267_12.1242,New Body Life,palestra,palestra
47.148910,6.323053,osm_lorange_bleue_47.1489_6.3231,L'Orange Bleue,palestra,palestra
41.785228,12.618809,osm_polisportiva_citt_di_ciampino_41.7852_12.6188,Polisportiva Città di Ciampino,palestra,palestra
37.245545,15.218738,osm_golds_gym_37.2455_15.2187,Gold's Gym,palestra,palestra
37.250023,15.226936,osm_power_fit_37.2500_15.2269,Power Fit,palestra,palestra
38.136119,15.162411,osm_palestra_comunale_38.1361_15.1624,Palestra comunale,palestra,palestra
46.349535,6.438528,osm_basicfit_46.3495_6.4385,Basic-Fit,palestra,palestra
45.616674,9.180029,osm_keasyfit_45.6167_9.1800,Keasyfit,palestra,palestra
41.927031,12.572495,osm_italiana_fitness_parco_kolbe_41.9270_12.5725,Italiana Fitness Parco Kolbe,palestra,palestra
43.547954,10.520051,osm_new_training_accademy_43.5480_10.5201,New Training Accademy,palestra,palestra
43.654575,6.122103,osm_salle_multisports_43.6546_6.1221,Salle multi-sports,palestra,palestra
45.010841,7.821701,osm_antares_gym_45.0108_7.8217,Antares Gym,palestra,palestra
42.436950,14.194752,osm_exedra_42.4369_14.1948,Exedra,palestra,palestra
44.098133,12.524516,osm_palestra_attrezzata_bagno_mario_52_44.0981_12.5245,palestra attrezzata Bagno Mario 52,palestra,palestra
41.077346,14.308891,osm_campo_polivalente_di_casagiove_41.0773_14.3089,Campo polivalente di Casagiove,palestra,palestra
46.164741,9.846027,osm_sondrio_wellness_center_46.1647_9.8460,Sondrio Wellness Center,palestra,palestra
41.797537,12.674871,osm_campi_da_tennis_coperti_41.7975_12.6749,Campi da tennis coperti,palestra,palestra
47.238395,18.660106,osm_x5gym_47.2384_18.6601,x5gym,palestra,palestra
41.800790,12.472231,osm_papillo_sporting_41.8008_12.4722,Papillo Sporting,palestra,palestra
41.920380,12.435781,osm_virgin_active_41.9204_12.4358,Virgin Active,palestra,palestra
43.582915,13.490188,osm_eschilo_conero_wellness_43.5829_13.4902,Eschilo Conero Wellness,palestra,palestra
40.961551,14.188577,osm_body_evolution_lusciano_40.9616_14.1886,Body Evolution Lusciano,palestra,palestra
42.237797,12.341762,osm_young_style_wellness_club_42.2378_12.3418,Young Style Wellness Club,palestra,palestra
39.250540,9.158666,osm_fit_palestre_39.2505_9.1587,Fit Palestre,palestra,palestra
43.293563,12.755544,osm_palazzetto_dello_sport_43.2936_12.7555,Palazzetto dello Sport,palestra,palestra
44.435250,8.766189,osm_palacep_44.4352_8.7662,PalaCep,palestra,palestra
42.354120,13.381479,osm_sporting_center_42.3541_13.3815,Sporting Center,palestra,palestra
46.190027,6.235449,osm_lappart_fitness_46.1900_6.2354,L'Appart Fitness,palestra,palestra
45.441351,10.957663,osm_jungle_gym_verona_nord_45.4414_10.9577,Jungle Gym Verona Nord,palestra,palestra
45.483414,8.698676,osm_palestra_fit4_45.4834_8.6987,Palestra Fit4,palestra,palestra
45.905424,11.044419,osm_mk_gandhi_45.9054_11.0444,M.K. Gandhi,palestra,palestra
45.669595,8.894571,osm_palestra_scuola_media_45.6696_8.8946,Palestra Scuola Media,palestra,palestra
36.787278,14.900429,osm_pala_brancati_36.7873_14.9004,Pala Brancati,palestra,palestra
41.902612,12.437865,osm_virgin_active_41.9026_12.4379,Virgin Active,palestra,palestra
47.148664,6.343708,osm_philiform_47.1487_6.3437,Philiform',palestra,palestra
44.471717,11.101647,osm_poliambulatorio_in_corpore_sano_giara_sr_44.4717_11.1016,Poliambulatorio In Corpore Sano Giara Srl,palestra,palestra
46.074956,13.535287,osm_cherokee_cosson_46.0750_13.5353,CHEROKEE COSSON,palestra,palestra
45.640783,8.898093,osm_palestra_scuole_medie_45.6408_8.8981,Palestra scuole medie,palestra,palestra
45.719599,8.818575,osm_palestra_comunale_45.7196_8.8186,Palestra comunale,palestra,palestra
39.162896,16.066604,osm_asd_potenza_fitness_palestra_e_centro_sp_39.1629_16.0666,A.S.D. Potenza Fitness: Palestra e Centro Sportivo,palestra,palestra
40.961008,14.241051,osm_gora_wellness_40.9610_14.2411,Gora Wellness,palestra,palestra
41.727666,12.662565,osm_palestra_collodi_41.7277_12.6626,Palestra Collodi,palestra,palestra
45.813579,8.839193,osm_fiteasy_45.8136_8.8392,Fiteasy,palestra,palestra
40.957703,15.793517,osm_palestra_kinesilab_40.9577_15.7935,Palestra Kinesilab,palestra,palestra
43.694880,10.905136,osm_esseclub_43.6949_10.9051,ESSECLUB,palestra,palestra
45.543516,11.002627,osm_palestra_di_stallavena_45.5435_11.0026,Palestra di Stallavena,palestra,palestra
42.042926,13.442107,osm_palestra_avezzano_rugby_42.0429_13.4421,Palestra - Avezzano Rugby,palestra,palestra
45.554486,8.068699,osm_move_45.5545_8.0687,Move,palestra,palestra
37.085911,15.148144,osm_inside_well_37.0859_15.1481,Inside Well,palestra,palestra
45.082143,7.627653,osm_orange_45.0821_7.6277,Orange,palestra,palestra
45.510468,12.235277,osm_virgin_active_45.5105_12.2353,Virgin Active,palestra,palestra
47.014716,16.613564,osm_impulzus_crossfitness_47.0147_16.6136,Impulzus CROSSFITness,palestra,palestra
45.153324,9.127075,osm_wellfits_45.1533_9.1271,WellFit's,palestra,palestra
43.904358,12.894157,osm_athletic_club_43.9044_12.8942,Athletic Club,palestra,palestra
44.831089,10.443454,osm_club_olympia_44.8311_10.4435,Club Olympia,palestra,palestra
46.551771,16.482097,osm_ferato_lajfvadbeni_studio_46.5518_16.4821,Ferato Lajf-vadbeni studio,palestra,palestra
42.405377,12.857146,osm_palestra_scuola_marconi_42.4054_12.8571,Palestra scuola Marconi,palestra,palestra
45.639659,9.051353,osm_area51_wellness_club_45.6397_9.0514,Area51 Wellness Club,palestra,palestra
44.359966,11.691513,osm_young_line_fitness_center_44.3600_11.6915,Young Line fitness center,palestra,palestra
42.123040,14.713536,osm_impianti_sportivi_comunali_ex_opera_sale_42.1230_14.7135,Impianti sportivi comunali (ex Opera Salesiana),palestra,palestra
45.785053,15.939372,osm_fit_studio_thailia_45.7851_15.9394,Fit Studio Thailia,palestra,palestra
45.414048,11.923857,osm_mcfit_45.4140_11.9239,McFit,palestra,palestra
44.382295,7.545463,osm_palestra_liceo_e_de_amicis_44.3823_7.5455,Palestra Liceo E. De Amicis,palestra,palestra
44.382153,7.545223,osm_palestra_scuola_secondaria_1_grado_44.3822_7.5452,Palestra Scuola Secondaria 1° grado,palestra,palestra
41.832466,13.016634,osm_palestra_joy_club_41.8325_13.0166,Palestra Joy Club,palestra,palestra
41.831506,13.014726,osm_palestra_moving_wellness_41.8315_13.0147,Palestra Moving Wellness,palestra,palestra
45.270067,10.930934,osm_palestra_45.2701_10.9309,Palestra,palestra,palestra
45.170524,11.957888,osm_palestra_comunale_45.1705_11.9579,Palestra Comunale,palestra,palestra
42.937323,13.884524,osm_palestra_curzi_42.9373_13.8845,Palestra Curzi,palestra,palestra
40.967315,14.202047,osm_asdcentro_ginnico_pielle_40.9673_14.2020,A.S.D.Centro ginnico Pi.Elle,palestra,palestra
46.828436,6.928693,osm_acropole_srl_46.8284_6.9287,Acropole Sàrl,palestra,palestra
43.582184,6.997263,osm_salle_de_sport_freefit_43.5822_6.9973,Salle de sport Freefit,palestra,palestra
45.890161,11.036609,osm_damiano_chiesa_45.8902_11.0366,Damiano Chiesa,palestra,palestra
39.232703,9.102059,osm_centro_fitness_cocco_loco_39.2327_9.1021,Centro fitness Cocco Loco,palestra,palestra
36.904894,10.294812,osm_keep_cool_36.9049_10.2948,Keep Cool,palestra,palestra
44.434178,10.414176,osm_m_bonicelli_44.4342_10.4142,M. Bonicelli,palestra,palestra
37.066745,15.274188,osm_dinamo_37.0667_15.2742,Dinamo,palestra,palestra
45.836714,16.054257,osm_street_gym_klaka_45.8367_16.0543,Street Gym - Klaka,palestra,palestra
43.461291,6.640313,osm_elit_fitness_43.4613_6.6403,Elit Fitness,palestra,palestra
43.873695,10.255415,osm_michie_mouse_center_43.8737_10.2554,Michie Mouse Center,palestra,palestra
46.175581,7.802520,osm_turnhalle_46.1756_7.8025,Turnhalle,palestra,palestra
46.176472,7.802734,osm_focus_flow_fitnesscentergym_46.1765_7.8027,focus flow Fitnesscenter-GYM,palestra,palestra
45.826102,8.958400,osm_palestra_comunale_di_uggiate_trevano_45.8261_8.9584,Palestra Comunale di Uggiate Trevano,palestra,palestra
43.231801,11.927779,osm_palestra_di_montecchio_43.2318_11.9278,Palestra di Montecchio,palestra,palestra
45.194727,10.190203,osm_palestra_comunale_45.1947_10.1902,Palestra Comunale,palestra,palestra
45.652838,9.118166,osm_pugilistica_brianza_45.6528_9.1182,Pugilistica Brianza,palestra,palestra
43.095792,11.790845,osm_top_gym_43.0958_11.7908,Top Gym,palestra,palestra
41.943893,12.437760,osm_virgin_active_roma_calasanzio_41.9439_12.4378,Virgin Active Roma Calasanzio,palestra,palestra
44.398671,11.256068,osm_palestra_ca_de_testi_44.3987_11.2561,Palestra Ca' de' Testi,palestra,palestra
40.908945,14.395659,osm_nich_fitness_club_40.9089_14.3957,Niché Fitness Club,palestra,palestra
40.870594,14.393404,osm_beautiful_form_40.8706_14.3934,Beautiful Form,palestra,palestra
46.752590,15.364430,osm_life_fitness_46.7526_15.3644,Life Fitness,palestra,palestra
40.905200,14.266082,osm_imperial_fitness_40.9052_14.2661,Imperial Fitness,palestra,palestra
40.931108,14.298315,osm_nemea_energy_village_40.9311_14.2983,Nemea Energy Village,palestra,palestra
47.117665,17.914668,osm_colonia_center_47.1177_17.9147,Colonia Center,palestra,palestra
41.007298,14.779776,osm_palestra_comunale_41.0073_14.7798,Palestra comunale,palestra,palestra
41.006856,14.781803,osm_palestra_comunale_41.0069_14.7818,Palestra comunale,palestra,palestra
40.751220,14.780343,osm_palestra_comunale_palairno_40.7512_14.7803,Palestra comunale Palairno,palestra,palestra
47.185931,15.989683,osm_maxifit_47.1859_15.9897,maxiFIT,palestra,palestra
40.606823,14.342744,osm_fitness_club_linea_verde_40.6068_14.3427,Fitness Club Linea Verde,palestra,palestra
45.051248,7.626101,osm_punto_sport_45.0512_7.6261,Punto Sport,palestra,palestra
45.077345,7.402336,osm_top_physique_45.0773_7.4023,Top Physique,palestra,palestra
43.351037,17.794053,osm_fitnes_studio_bevanda_43.3510_17.7941,Fitnes studio Bevanda,palestra,palestra
45.983212,15.185730,osm_o_krmelj_45.9832_15.1857,OŠ Krmelj,palestra,palestra
47.192140,8.865020,osm_sportz_center_lachen_gmbh_47.1921_8.8650,Sportz Center Lachen GmbH,palestra,palestra
45.236816,9.411148,osm_palestra_comunale_45.2368_9.4111,Palestra comunale,palestra,palestra
45.175710,10.660090,osm_il_pero_45.1757_10.6601,Il Pero,palestra,palestra
45.611839,9.356903,osm_vela_45.6118_9.3569,Vela,palestra,palestra
45.805730,15.952515,osm_the_fitness_zonar_45.8057_15.9525,The Fitness Zonar,palestra,palestra
45.707254,11.566252,osm_palestra_scuole_elementari_45.7073_11.5663,Palestra Scuole elementari,palestra,palestra
45.814583,12.680967,osm_palestra_comunale_di_pravisdomini_45.8146_12.6810,Palestra comunale di Pravisdomini,palestra,palestra
39.494838,16.390552,osm_emon_club_sala_fitness_39.4948_16.3906,Emon Club -Sala fitness,palestra,palestra
42.400413,12.863038,osm_palestra_liceo_jucci_42.4004_12.8630,Palestra liceo Jucci,palestra,palestra
41.700467,12.700258,osm_meeting_club_41.7005_12.7003,Meeting Club,palestra,palestra
45.614742,9.008447,osm_palestra_comunale_giulio_galli_45.6147_9.0084,Palestra comunale Giulio Galli,palestra,palestra
41.916922,13.425219,osm_asd_sauli_boxe_41.9169_13.4252,ASD Sauli Boxe,palestra,palestra
42.085982,12.281758,osm_area_35_42.0860_12.2818,Area 35,palestra,palestra
43.561096,10.318637,osm_gim_five_43.5611_10.3186,Gim five,palestra,palestra
43.546008,10.311178,osm_numero_uno_43.5460_10.3112,Numero uno,palestra,palestra
45.693255,9.223013,osm_t90_training_90_45.6933_9.2230,T90 - Training 90,palestra,palestra
40.171365,15.544538,osm_palestra_comunale_40.1714_15.5445,Palestra Comunale,palestra,palestra
47.159721,7.590842,osm_athena_fitness_47.1597_7.5908,Athena Fitness,palestra,palestra
47.346189,6.335467,osm_liberty_gym_47.3462_6.3355,Liberty Gym,palestra,palestra
43.556869,10.319591,osm_accademia_dello_sport_43.5569_10.3196,Accademia dello sport,palestra,palestra
43.591500,10.352992,osm_eos_43.5915_10.3530,EOS,palestra,palestra
41.229661,14.533495,osm_club_house_e_centro_benessere_41.2297_14.5335,Club House e Centro Benessere,palestra,palestra
46.311511,15.580634,osm_telovadnica_o_poljane_46.3115_15.5806,Telovadnica OŠ Poljčane,palestra,palestra
42.025226,12.998425,osm_palestra_comunale_di_roviano_42.0252_12.9984,Palestra comunale di Roviano,palestra,palestra
41.599017,12.829182,osm_azzurra_41.5990_12.8292,Azzurra,palestra,palestra
45.827050,9.222638,osm_fitnesscenter86gym_45.8270_9.2226,FitnessCenter86Gym,palestra,palestra
42.653852,14.029617,osm_more_42.6539_14.0296,MORE,palestra,palestra
43.270015,12.679218,osm_palestra_branca_43.2700_12.6792,Palestra Branca,palestra,palestra
45.588328,9.838178,osm_hut_fit_palosco_45.5883_9.8382,Hut FIT Palosco,palestra,palestra
41.512572,15.330276,osm_area_fitness_41.5126_15.3303,Area fitness,palestra,palestra
46.186687,6.236510,osm_crossfit_custom_annemasse_46.1867_6.2365,CrossFit Custom Annemasse,palestra,palestra
45.695480,9.826133,osm_sportpi_club_resort_cenate_sotto_45.6955_9.8261,Sportpiù Club Resort Cenate Sotto,palestra,palestra
44.531062,10.897441,osm_body_tuning_44.5311_10.8974,Body tuning,palestra,palestra
45.381124,11.575746,osm_palextra_center_45.3811_11.5757,Palextra Center,palestra,palestra
45.624233,9.213048,osm_energy_desio_45.6242_9.2130,Energy Desio,palestra,palestra
41.041571,14.378496,osm_centro_polisportivo_dinamiklab_41.0416_14.3785,Centro Polisportivo Dinamiklab,palestra,palestra
45.477264,9.231398,osm_giuriati_fit_center_45.4773_9.2314,Giuriati Fit Center,palestra,palestra
45.478350,9.231884,osm_masterclass_area_45.4784_9.2319,Masterclass area,palestra,palestra
45.648757,12.408916,osm_rosa_blu_45.6488_12.4089,Rosa Blu,palestra,palestra
43.708946,7.281333,osm_salle_de_sport_interieure_43.7089_7.2813,Salle de sport interieure,palestra,palestra
43.709610,7.280052,osm_salle_de_musculation_43.7096_7.2801,Salle de musculation,palestra,palestra
40.630765,17.922215,osm_palavinci_40.6308_17.9222,PalaVinci,palestra,palestra
37.158899,15.194120,osm_crossgym_priolo_37.1589_15.1941,Crossgym Priolo,palestra,palestra
45.609529,9.370781,osm_athleta_45.6095_9.3708,Athleta,palestra,palestra
41.107395,14.226154,osm_palazzetto_dello_sport_di_capua_41.1074_14.2262,Palazzetto dello Sport di Capua,palestra,palestra
46.229222,17.358031,osm_konditerem_46.2292_17.3580,Konditerem,palestra,palestra
45.562760,9.013875,osm_lainate_fitness_village_45.5628_9.0139,Lainate Fitness Village,palestra,palestra
47.320140,11.199693,osm_easy_motionskin_dome_47.3201_11.1997,Easy MotionSkin Dome,palestra,palestra
42.299640,9.169874,osm_vita_libert_42.2996_9.1699,Vita Liberté,palestra,palestra
45.333598,17.682432,osm_fitness_klub_play_45.3336_17.6824,Fitness klub Play,palestra,palestra
46.127136,14.598040,osm_fitnes_center_loar_javor_bar_46.1271_14.5980,Fitnes center Ložar & Javor bar,palestra,palestra
42.254266,14.005255,osm_moving_42.2543_14.0053,Moving,palestra,palestra
40.901283,14.394453,osm_imperial_fitness_40.9013_14.3945,Imperial Fitness,palestra,palestra
43.482217,10.642184,osm_palestra_comunale_43.4822_10.6422,Palestra comunale,palestra,palestra
46.275438,6.247154,osm_david_lloyd_46.2754_6.2472,David Lloyd,palestra,palestra
43.420458,11.126803,osm_ars_gymnastica_43.4205_11.1268,Ars Gymnastica,palestra,palestra
45.515296,12.229141,osm_mcfit_45.5153_12.2291,McFit,palestra,palestra
43.951136,15.457404,osm_fitness_centar_baloba_43.9511_15.4574,Fitness centar Baloba,palestra,palestra
43.580048,13.296438,osm_monsano_fitness_43.5800_13.2964,Monsano Fitness,palestra,palestra
46.045301,14.107229,osm_portna_dvorana_46.0453_14.1072,Športna dvorana,palestra,palestra
40.391828,16.559805,osm_palestra_comunale_40.3918_16.5598,Palestra Comunale,palestra,palestra
36.977775,15.198470,osm_dhea_36.9778_15.1985,Dhea,palestra,palestra
46.367145,15.095256,osm_nyc_gym_46.3671_15.0953,NYC GYM,palestra,palestra
46.045274,9.756429,osm_centro_benessere_comunale_la_peghera_46.0453_9.7564,Centro benessere comunale La Peghera,palestra,palestra
41.088361,14.492718,osm_asd_gymnasium_41.0884_14.4927,A.S.D. Gymnasium,palestra,palestra
45.889363,16.847335,osm_my_gym_bjelovar_45.8894_16.8473,My Gym Bjelovar,palestra,palestra
45.106413,7.671449,osm_orange_palestra_45.1064_7.6714,Orange Palestra,palestra,palestra
43.688316,12.649143,osm_infinity_fitness_sport_ssd_43.6883_12.6491,Infinity Fitness & Sport SSD,palestra,palestra
45.194160,8.090786,osm_palestra_colosseum_45.1942_8.0908,Palestra Colosseum,palestra,palestra
46.845308,17.877768,osm_fldvr_gym_46.8453_17.8778,Földvár GYM,palestra,palestra
45.909194,16.851169,osm_titan_gym_45.9092_16.8512,Titan Gym,palestra,palestra
46.048558,14.109309,osm_sportka_46.0486_14.1093,Sportka,palestra,palestra
40.669604,16.573066,osm_light_energy_40.6696_16.5731,Light Energy,palestra,palestra
46.997221,15.296104,osm_pansifit_kg_46.9972_15.2961,Pansi-Fit KG,palestra,palestra
41.222003,14.535233,osm_centro_fitness_seneta_41.2220_14.5352,Centro Fitness Seneta,palestra,palestra
37.994484,14.150001,osm_palestra_comunale_37.9945_14.1500,Palestra Comunale,palestra,palestra
46.033947,14.507438,osm_otok_porta_46.0339_14.5074,Otok Športa,palestra,palestra
46.082389,13.214511,osm_crossfit_udine_46.0824_13.2145,CrossFit Udine,palestra,palestra
41.535416,12.776785,osm_centro_fitness_montello_41.5354_12.7768,Centro Fitness Montello,palestra,palestra
41.865030,12.682564,osm_sport_connection_club_41.8650_12.6826,Sport Connection Club,palestra,palestra
46.349986,6.435387,osm_delta_gym_46.3500_6.4354,Delta Gym,palestra,palestra
46.350003,6.437164,osm_crossfit_corsaire_46.3500_6.4372,CrossFit Corsaire,palestra,palestra
40.343844,15.342063,osm_personal_fitness_40.3438_15.3421,Personal Fitness,palestra,palestra
41.806891,12.485078,osm_mcfit_41.8069_12.4851,McFit,palestra,palestra
45.187472,8.924738,osm_fit_club_integra_ssd_45.1875_8.9247,Fit Club Integra S.s.d.,palestra,palestra
45.396147,11.027737,osm_palestra_piscina_athena_45.3961_11.0277,Palestra - Piscina Athena,palestra,palestra
45.316380,8.411439,osm_kb_functional_club_45.3164_8.4114,KB Functional Club,palestra,palestra
46.029589,18.152229,osm_kltri_edzshez_46.0296_18.1522,kültéri edzéshez,palestra,palestra
41.061198,14.644623,osm_monfit_centro_fitness_41.0612_14.6446,MonFit Centro Fitness,palestra,palestra
38.066085,14.630277,osm_wellnext_38.0661_14.6303,Wellnext,palestra,palestra
36.686414,7.747240,osm_salle_reda_baybi_36.6864_7.7472,Salle Reda Baybi,palestra,palestra
36.857794,7.736782,osm_2_36.8578_7.7368,البوني 2,palestra,palestra
45.314009,8.416549,osm_fitactive_45.3140_8.4165,FitActive,palestra,palestra
47.387162,8.343473,osm_mtc_medizinisches_trainigs_center_47.3872_8.3435,MTC - Medizinisches Trainigs Center,palestra,palestra
47.155209,14.413753,osm_sixpackfitness_47.1552_14.4138,SIXPACKFITNESS,palestra,palestra
41.896233,12.519515,osm_miles_fitness_club_41.8962_12.5195,Miles Fitness Club,palestra,palestra
41.777186,14.099808,osm_centro_fit_sangro_41.7772_14.0998,Centro Fit Sangro,palestra,palestra
41.143909,14.038840,osm_campo_polivalente_sportivo_mario_forzier_41.1439_14.0388,Campo Polivalente Sportivo Mario Forziero,palestra,palestra
44.460433,8.064018,osm_yogastudio_44.4604_8.0640,Yogastudio,palestra,palestra
36.960753,14.522935,osm_arte_danza_fitness_36.9608_14.5229,Arte Danza & Fitness,palestra,palestra
45.683953,12.001592,osm_sport53_pesistica_45.6840_12.0016,Sport53 Pesistica,palestra,palestra
41.087221,14.095388,osm_palatenda_41.0872_14.0954,Palatenda,palestra,palestra
41.057068,14.653934,osm_up_level_montesarchio_41.0571_14.6539,UP Level - Montesarchio,palestra,palestra
40.649760,9.327025,osm_palestra_40.6498_9.3270,Palestra,palestra,palestra
37.074606,14.233647,osm_vitality_37.0746_14.2336,Vitality,palestra,palestra
45.529503,18.608499,osm_blue_gym_livana_45.5295_18.6085,Blue Gym Livana,palestra,palestra
45.432974,9.182808,osm_24hours7days_45.4330_9.1828,24hours7days,palestra,palestra
46.217958,11.094188,osm_istituto_di_istruzione_martino_martini_46.2180_11.0942,Istituto di Istruzione Martino Martini,palestra,palestra
45.185088,7.729476,osm_fitness_love_45.1851_7.7295,Fitness Love,palestra,palestra
36.830964,7.465830,osm_fellafitness_36.8310_7.4658,fellaFitness,palestra,palestra
46.182276,6.282706,osm_basicfit_46.1823_6.2827,Basic-Fit,palestra,palestra
43.610057,13.328413,osm_nuova_palestra_paradiso_43.6101_13.3284,Nuova Palestra Paradiso,palestra,palestra
46.307085,16.360342,osm_gibi_gib_46.3071_16.3603,Gibi Gib,palestra,palestra
45.850891,10.575847,osm_palastor_45.8509_10.5758,Palastor,palestra,palestra
38.347079,16.075450,osm_la_torretta_38.3471_16.0755,La Torretta,palestra,palestra
41.078797,14.269745,osm_palazzetto_dello_sport_di_curti_41.0788_14.2697,Palazzetto dello Sport di Curti,palestra,palestra
41.261317,13.613742,osm_palestra_fabiani_41.2613_13.6137,Palestra Fabiani,palestra,palestra
41.122465,14.789521,osm_up_level_benevento_41.1225_14.7895,UP level - Benevento,palestra,palestra
37.083019,15.257765,osm_adg_legacy_fit_37.0830_15.2578,Adg Legacy Fit,palestra,palestra
45.942894,8.828908,osm_body_extreme_45.9429_8.8289,Body Extreme,palestra,palestra
43.568598,7.115775,osm_fitness_park_43.5686_7.1158,Fitness Park,palestra,palestra
41.496241,13.828553,osm_asd_space_fitness_41.4962_13.8286,ASD Space Fitness,palestra,palestra
47.264644,11.374686,osm_fitinn_47.2646_11.3747,FITINN,palestra,palestra
41.090451,16.790636,osm_body_more_41.0905_16.7906,Body & More,palestra,palestra
45.680819,9.657541,osm_palestra_45.6808_9.6575,Palestra,palestra,palestra
46.519033,6.579095,osm_salle_smart_pavillion_46.5190_6.5791,Salle Smart Pavillion,palestra,palestra
45.308840,8.398124,osm_elite_flex_gym_45.3088_8.3981,Elite Flex Gym,palestra,palestra
43.909972,10.996347,osm_stay_well_fitness_e_wellness_center_43.9100_10.9963,Stay Well Fitness e Wellness Center,palestra,palestra
43.252540,6.658953,osm_yoga_43.2525_6.6590,Yoga,palestra,palestra
45.608960,12.887681,osm_fitness_caorle_45.6090_12.8877,Fitness Caorle,palestra,palestra
44.343299,15.112425,osm_gym_snoopy_44.3433_15.1124,Gym Snoopy,palestra,palestra
37.217513,14.628258,osm_benfit_spa_e_fitness_37.2175_14.6283,Ben&fit SPA e Fitness,palestra,palestra
40.747178,14.569385,osm_centro_gym_navotti_40.7472_14.5694,Centro Gym Navotti,palestra,palestra
43.157927,13.692409,osm_upgrade_indoor_outdoor_fitness_43.1579_13.6924,Upgrade - Indoor & Outdoor Fitness,palestra,palestra
37.988540,12.963616,osm_crossfit_91011_37.9885_12.9636,CrossFit 91011,palestra,palestra
46.157866,18.419968,osm_pcsvradi_konditerem_46.1579_18.4200,Pécsváradi Konditerem,palestra,palestra
36.683418,15.131967,osm_real_american_fitness_36.6834_15.1320,Real American Fitness,palestra,palestra
45.593668,9.190384,osm_fitup_45.5937_9.1904,FitUp,palestra,palestra
42.061690,12.616000,osm_the_one_health_fitness_42.0617_12.6160,The one Health & Fitness,palestra,palestra
46.535557,15.619847,osm_unifit_betnava_46.5356_15.6198,UniFit Betnava,palestra,palestra
46.078536,14.484684,osm_sported_46.0785_14.4847,Sported,palestra,palestra
40.709612,8.560240,osm_hangar_sport_center_40.7096_8.5602,Hangar Sport Center,palestra,palestra
45.899963,8.733344,osm_lequilibrio_45.9000_8.7333,L'Equilibrio,palestra,palestra
36.920188,15.144505,osm_fitup_36.9202_15.1445,Fitup,palestra,palestra
36.748593,10.220573,osm_gym_max_36.7486_10.2206,Gym Max,palestra,palestra
36.883026,15.074427,osm_concept_36.8830_15.0744,Concept,palestra,palestra
36.883362,15.074795,osm_one_fitness_36.8834_15.0748,One Fitness,palestra,palestra
43.656221,7.146324,osm_easy_sculpt_43.6562_7.1463,Easy Sculpt,palestra,palestra
42.126340,12.122371,osm_gym_palace_42.1263_12.1224,Gym Palace,palestra,palestra
