# lat,lng,id,name,building_type,type,url,page_type
# sconosciuta -- post_offices
44.520650,9.158641,osm_poste_italiane_44.5207_9.1586,Poste Italiane,ufficio_postale,ufficio_postale,https://raw.githubusercontent.com/pasqualelembo78/huntix-poi/main/italia/lombardia/sconosciuta/pages/poste_italiane_44.5207_9.1586.json,custom
45.818603,9.096624,osm_brunate_45.8186_9.0966,Brunate,ufficio_postale,ufficio_postale,https://raw.githubusercontent.com/pasqualelembo78/huntix-poi/main/italia/lombardia/sconosciuta/pages/brunate_45.8186_9.0966.json,custom
45.465661,10.987846,osm_poste_italiane_45.4657_10.9878,Poste Italiane,ufficio_postale,ufficio_postale,https://raw.githubusercontent.com/pasqualelembo78/huntix-poi/main/italia/lombardia/sconosciuta/pages/poste_italiane_45.4657_10.9878.json,custom
45.457845,10.977127,osm_poste_italiane_45.4578_10.9771,Poste Italiane,ufficio_postale,ufficio_postale,https://raw.githubusercontent.com/pasqualelembo78/huntix-poi/main/italia/lombardia/sconosciuta/pages/poste_italiane_45.4578_10.9771.json,custom
46.281745,11.436153,osm_ufficio_postale_46.2817_11.4362,Ufficio Postale,ufficio_postale,ufficio_postale,https://raw.githubusercontent.com/pasqualelembo78/huntix-poi/main/italia/lombardia/sconosciuta/pages/ufficio_postale_46.2817_11.4362.json,custom
45.449948,10.988041,osm_poste_italiane_45.4499_10.9880,Poste Italiane,ufficio_postale,ufficio_postale,https://raw.githubusercontent.com/pasqualelembo78/huntix-poi/main/italia/lombardia/sconosciuta/pages/poste_italiane_45.4499_10.9880.json,custom
46.130210,11.244851,osm_baselga_di_pin__46.1302_11.2449,Baselga di Pinè,ufficio_postale,ufficio_postale,https://raw.githubusercontent.com/pasqualelembo78/huntix-poi/main/italia/lombardia/sconosciuta/pages/baselga_di_pin_46.1302_11.2449.json,custom
46.004941,8.952401,osm_posta_7900_lugano_1_46.0049_8.9524,Posta 7900 Lugano 1,ufficio_postale,ufficio_postale,https://raw.githubusercontent.com/pasqualelembo78/huntix-poi/main/italia/lombardia/sconosciuta/pages/posta_7900_lugano_1_46.0049_8.9524.json,custom
45.803916,8.630214,osm_poste_italiane_45.8039_8.6302,Poste Italiane,ufficio_postale,ufficio_postale,https://raw.githubusercontent.com/pasqualelembo78/huntix-poi/main/italia/lombardia/sconosciuta/pages/poste_italiane_45.8039_8.6302.json,custom
46.315839,10.800286,osm_poste_italiane_46.3158_10.8003,Poste Italiane,ufficio_postale,ufficio_postale,https://raw.githubusercontent.com/pasqualelembo78/huntix-poi/main/italia/lombardia/sconosciuta/pages/poste_italiane_46.3158_10.8003.json,custom
45.483858,10.869178,osm_generale_carlo_alberto_dalla_chiesa_45.4839_10.8692,Generale Carlo Alberto Dalla Chiesa,ufficio_postale,ufficio_postale,https://raw.githubusercontent.com/pasqualelembo78/huntix-poi/main/italia/lombardia/sconosciuta/pages/generale_carlo_alberto_dalla_chiesa_45.4839_10.8692.json,custom
46.367810,11.353795,osm_poste_italiane_46.3678_11.3538,Poste Italiane,ufficio_postale,ufficio_postale,https://raw.githubusercontent.com/pasqualelembo78/huntix-poi/main/italia/lombardia/sconosciuta/pages/poste_italiane_46.3678_11.3538.json,custom
45.819567,8.824792,osm_varese_1_45.8196_8.8248,Varese 1,ufficio_postale,ufficio_postale,https://raw.githubusercontent.com/pasqualelembo78/huntix-poi/main/italia/lombardia/sconosciuta/pages/varese_1_45.8196_8.8248.json,custom
45.812601,8.852590,osm_varese_3_45.8126_8.8526,Varese 3,ufficio_postale,ufficio_postale,https://raw.githubusercontent.com/pasqualelembo78/huntix-poi/main/italia/lombardia/sconosciuta/pages/varese_3_45.8126_8.8526.json,custom
45.998485,8.923748,osm_muzzano_45.9985_8.9237,Muzzano,ufficio_postale,ufficio_postale,https://raw.githubusercontent.com/pasqualelembo78/huntix-poi/main/italia/lombardia/sconosciuta/pages/muzzano_45.9985_8.9237.json,custom
45.739862,11.261954,osm_poste_italiane_45.7399_11.2620,Poste Italiane,ufficio_postale,ufficio_postale,https://raw.githubusercontent.com/pasqualelembo78/huntix-poi/main/italia/lombardia/sconosciuta/pages/poste_italiane_45.7399_11.2620.json,custom
46.068153,8.966026,osm_6950_tesserete_46.0682_8.9660,6950 Tesserete,ufficio_postale,ufficio_postale,https://raw.githubusercontent.com/pasqualelembo78/huntix-poi/main/italia/lombardia/sconosciuta/pages/6950_tesserete_46.0682_8.9660.json,custom
46.324479,10.054551,osm_filiale_poschiavo_46.3245_10.0546,Filiale Poschiavo,ufficio_postale,ufficio_postale,https://raw.githubusercontent.com/pasqualelembo78/huntix-poi/main/italia/lombardia/sconosciuta/pages/filiale_poschiavo_46.3245_10.0546.json,custom
46.006540,8.967716,osm_lugano_cassarate_46.0065_8.9677,Lugano-Cassarate,ufficio_postale,ufficio_postale,https://raw.githubusercontent.com/pasqualelembo78/huntix-poi/main/italia/lombardia/sconosciuta/pages/lugano-cassarate_46.0065_8.9677.json,custom
45.150962,9.160983,osm_poste_italiane_45.1510_9.1610,Poste Italiane,ufficio_postale,ufficio_postale,https://raw.githubusercontent.com/pasqualelembo78/huntix-poi/main/italia/lombardia/sconosciuta/pages/poste_italiane_45.1510_9.1610.json,custom
46.478078,9.813138,osm_7512_champf_r_46.4781_9.8131,7512 Champfèr,ufficio_postale,ufficio_postale,https://raw.githubusercontent.com/pasqualelembo78/huntix-poi/main/italia/lombardia/sconosciuta/pages/7512_champfr_46.4781_9.8131.json,custom
46.486107,9.835951,osm_die_post_46.4861_9.8360,Die Post,ufficio_postale,ufficio_postale,https://raw.githubusercontent.com/pasqualelembo78/huntix-poi/main/italia/lombardia/sconosciuta/pages/die_post_46.4861_9.8360.json,custom
45.597282,9.879133,osm_ufficio_postale_45.5973_9.8791,Ufficio Postale,ufficio_postale,ufficio_postale,https://raw.githubusercontent.com/pasqualelembo78/huntix-poi/main/italia/lombardia/sconosciuta/pages/ufficio_postale_45.5973_9.8791.json,custom
46.151761,8.945854,osm_posta_presso_philipona_46.1518_8.9459,Posta presso Philipona,ufficio_postale,ufficio_postale,https://raw.githubusercontent.com/pasqualelembo78/huntix-poi/main/italia/lombardia/sconosciuta/pages/posta_presso_philipona_46.1518_8.9459.json,custom
46.423372,11.335065,osm_poste_italiane_46.4234_11.3351,Poste Italiane,ufficio_postale,ufficio_postale,https://raw.githubusercontent.com/pasqualelembo78/huntix-poi/main/italia/lombardia/sconosciuta/pages/poste_italiane_46.4234_11.3351.json,custom
45.494704,11.018741,osm_poste_italiane_45.4947_11.0187,Poste Italiane,ufficio_postale,ufficio_postale,https://raw.githubusercontent.com/pasqualelembo78/huntix-poi/main/italia/lombardia/sconosciuta/pages/poste_italiane_45.4947_11.0187.json,custom
45.719395,11.404822,osm_postebusiness_schio_45.7194_11.4048,Postebusiness Schio,ufficio_postale,ufficio_postale,https://raw.githubusercontent.com/pasqualelembo78/huntix-poi/main/italia/lombardia/sconosciuta/pages/postebusiness_schio_45.7194_11.4048.json,custom
44.581235,10.938293,osm_poste_italiane_44.5812_10.9383,Poste Italiane,ufficio_postale,ufficio_postale,https://raw.githubusercontent.com/pasqualelembo78/huntix-poi/main/italia/lombardia/sconosciuta/pages/poste_italiane_44.5812_10.9383.json,custom
45.827075,8.741198,osm_poste_di_oltrona_al_lago_45.8271_8.7412,Poste di Oltrona al Lago,ufficio_postale,ufficio_postale,https://raw.githubusercontent.com/pasqualelembo78/huntix-poi/main/italia/lombardia/sconosciuta/pages/poste_di_oltrona_al_lago_45.8271_8.7412.json,custom
44.550009,10.935875,osm_poste_italiane_44.5500_10.9359,Poste Italiane,ufficio_postale,ufficio_postale,https://raw.githubusercontent.com/pasqualelembo78/huntix-poi/main/italia/lombardia/sconosciuta/pages/poste_italiane_44.5500_10.9359.json,custom
45.556707,8.972843,osm_ufficio_postale___poste_italiane_45.5567_8.9728,Ufficio Postale - Poste Italiane,ufficio_postale,ufficio_postale,https://raw.githubusercontent.com/pasqualelembo78/huntix-poi/main/italia/lombardia/sconosciuta/pages/ufficio_postale_-_poste_italiane_45.5567_8.9728.json,custom
46.020301,8.970951,osm_posta_pregassona_46.0203_8.9710,Posta Pregassona,ufficio_postale,ufficio_postale,https://raw.githubusercontent.com/pasqualelembo78/huntix-poi/main/italia/lombardia/sconosciuta/pages/posta_pregassona_46.0203_8.9710.json,custom
44.558395,10.974356,osm_poste_italiane_44.5584_10.9744,Poste Italiane,ufficio_postale,ufficio_postale,https://raw.githubusercontent.com/pasqualelembo78/huntix-poi/main/italia/lombardia/sconosciuta/pages/poste_italiane_44.5584_10.9744.json,custom
45.940749,11.270490,osm_ufficio_postale_45.9407_11.2705,Ufficio Postale,ufficio_postale,ufficio_postale,https://raw.githubusercontent.com/pasqualelembo78/huntix-poi/main/italia/lombardia/sconosciuta/pages/ufficio_postale_45.9407_11.2705.json,custom
46.013753,8.957767,osm_posta_lugano_4molino_nuovo_46.0138_8.9578,Posta Lugano 4Molino nuovo,ufficio_postale,ufficio_postale,https://raw.githubusercontent.com/pasqualelembo78/huntix-poi/main/italia/lombardia/sconosciuta/pages/posta_lugano_4molino_nuovo_46.0138_8.9578.json,custom
46.488178,9.906350,osm_die_post_46.4882_9.9063,Die Post,ufficio_postale,ufficio_postale,https://raw.githubusercontent.com/pasqualelembo78/huntix-poi/main/italia/lombardia/sconosciuta/pages/die_post_46.4882_9.9063.json,custom
45.441302,10.700429,osm_poste_italiane_45.4413_10.7004,Poste Italiane,ufficio_postale,ufficio_postale,https://raw.githubusercontent.com/pasqualelembo78/huntix-poi/main/italia/lombardia/sconosciuta/pages/poste_italiane_45.4413_10.7004.json,custom
45.995964,8.900797,osm_la_posta_45.9960_8.9008,La Posta,ufficio_postale,ufficio_postale,https://raw.githubusercontent.com/pasqualelembo78/huntix-poi/main/italia/lombardia/sconosciuta/pages/la_posta_45.9960_8.9008.json,custom
46.488900,11.316778,osm_poste_italiane_46.4889_11.3168,Poste Italiane,ufficio_postale,ufficio_postale,https://raw.githubusercontent.com/pasqualelembo78/huntix-poi/main/italia/lombardia/sconosciuta/pages/poste_italiane_46.4889_11.3168.json,custom
46.014460,8.909267,osm_bioggio_46.0145_8.9093,Bioggio,ufficio_postale,ufficio_postale,https://raw.githubusercontent.com/pasqualelembo78/huntix-poi/main/italia/lombardia/sconosciuta/pages/bioggio_46.0145_8.9093.json,custom
45.528967,10.537809,osm_poste_italiane_45.5290_10.5378,Poste Italiane,ufficio_postale,ufficio_postale,https://raw.githubusercontent.com/pasqualelembo78/huntix-poi/main/italia/lombardia/sconosciuta/pages/poste_italiane_45.5290_10.5378.json,custom
46.007206,8.930125,osm_la_posta_46.0072_8.9301,La Posta,ufficio_postale,ufficio_postale,https://raw.githubusercontent.com/pasqualelembo78/huntix-poi/main/italia/lombardia/sconosciuta/pages/la_posta_46.0072_8.9301.json,custom
46.350426,10.694750,osm_poste_italiane_46.3504_10.6947,Poste Italiane,ufficio_postale,ufficio_postale,https://raw.githubusercontent.com/pasqualelembo78/huntix-poi/main/italia/lombardia/sconosciuta/pages/poste_italiane_46.3504_10.6947.json,custom
46.061780,8.697877,osm_cannobio_46.0618_8.6979,Cannobio,ufficio_postale,ufficio_postale,https://raw.githubusercontent.com/pasqualelembo78/huntix-poi/main/italia/lombardia/sconosciuta/pages/cannobio_46.0618_8.6979.json,custom
46.174654,9.011671,osm_posta_giubiasco_46.1747_9.0117,Posta Giubiasco,ufficio_postale,ufficio_postale,https://raw.githubusercontent.com/pasqualelembo78/huntix-poi/main/italia/lombardia/sconosciuta/pages/posta_giubiasco_46.1747_9.0117.json,custom
45.967780,11.231708,osm_ufficio_postale_45.9678_11.2317,Ufficio postale,ufficio_postale,ufficio_postale,https://raw.githubusercontent.com/pasqualelembo78/huntix-poi/main/italia/lombardia/sconosciuta/pages/ufficio_postale_45.9678_11.2317.json,custom
45.212821,8.716713,osm_ufficio_postale_45.2128_8.7167,Ufficio postale,ufficio_postale,ufficio_postale,https://raw.githubusercontent.com/pasqualelembo78/huntix-poi/main/italia/lombardia/sconosciuta/pages/ufficio_postale_45.2128_8.7167.json,custom
45.436674,10.970500,osm_poste_italiane_45.4367_10.9705,Poste Italiane,ufficio_postale,ufficio_postale,https://raw.githubusercontent.com/pasqualelembo78/huntix-poi/main/italia/lombardia/sconosciuta/pages/poste_italiane_45.4367_10.9705.json,custom
45.439269,10.990709,osm_poste_italiane_45.4393_10.9907,Poste Italiane,ufficio_postale,ufficio_postale,https://raw.githubusercontent.com/pasqualelembo78/huntix-poi/main/italia/lombardia/sconosciuta/pages/poste_italiane_45.4393_10.9907.json,custom
45.435031,10.996828,osm_poste_italiane_45.4350_10.9968,Poste Italiane,ufficio_postale,ufficio_postale,https://raw.githubusercontent.com/pasqualelembo78/huntix-poi/main/italia/lombardia/sconosciuta/pages/poste_italiane_45.4350_10.9968.json,custom
45.433927,10.985735,osm_poste_italiane_45.4339_10.9857,Poste Italiane,ufficio_postale,ufficio_postale,https://raw.githubusercontent.com/pasqualelembo78/huntix-poi/main/italia/lombardia/sconosciuta/pages/poste_italiane_45.4339_10.9857.json,custom
44.600085,10.688066,osm_poste_scandiano_44.6001_10.6881,Poste Scandiano,ufficio_postale,ufficio_postale,https://raw.githubusercontent.com/pasqualelembo78/huntix-poi/main/italia/lombardia/sconosciuta/pages/poste_scandiano_44.6001_10.6881.json,custom
44.868076,10.056669,osm_ufficio_postale_fidenza_centro_44.8681_10.0567,Ufficio Postale Fidenza Centro,ufficio_postale,ufficio_postale,https://raw.githubusercontent.com/pasqualelembo78/huntix-poi/main/italia/lombardia/sconosciuta/pages/ufficio_postale_fidenza_centro_44.8681_10.0567.json,custom
45.644387,10.502160,osm_poste_italiane_45.6444_10.5022,Poste Italiane,ufficio_postale,ufficio_postale,https://raw.githubusercontent.com/pasqualelembo78/huntix-poi/main/italia/lombardia/sconosciuta/pages/poste_italiane_45.6444_10.5022.json,custom
45.763871,10.809607,osm_malcesine_45.7639_10.8096,Malcesine,ufficio_postale,ufficio_postale,https://raw.githubusercontent.com/pasqualelembo78/huntix-poi/main/italia/lombardia/sconosciuta/pages/malcesine_45.7639_10.8096.json,custom
45.379515,11.208671,osm_ufficio_postale_45.3795_11.2087,Ufficio postale,ufficio_postale,ufficio_postale,https://raw.githubusercontent.com/pasqualelembo78/huntix-poi/main/italia/lombardia/sconosciuta/pages/ufficio_postale_45.3795_11.2087.json,custom
45.448967,11.028778,osm_poste_italiane_45.4490_11.0288,Poste Italiane,ufficio_postale,ufficio_postale,https://raw.githubusercontent.com/pasqualelembo78/huntix-poi/main/italia/lombardia/sconosciuta/pages/poste_italiane_45.4490_11.0288.json,custom
46.484167,11.344504,osm_ufficio_postale_bolzano_2___postfiliale__46.4842_11.3445,Ufficio postale Bolzano 2 - Postfiliale Bozen 2,ufficio_postale,ufficio_postale,https://raw.githubusercontent.com/pasqualelembo78/huntix-poi/main/italia/lombardia/sconosciuta/pages/ufficio_postale_bolzano_2_-_postfiliale__46.4842_11.3445.json,custom
45.985304,8.932344,osm_posta_pambio_45.9853_8.9323,Posta Pambio,ufficio_postale,ufficio_postale,https://raw.githubusercontent.com/pasqualelembo78/huntix-poi/main/italia/lombardia/sconosciuta/pages/posta_pambio_45.9853_8.9323.json,custom
46.497666,11.353071,osm_bolzano_centro___bozen_zentrum_46.4977_11.3531,Bolzano Centro - Bozen-Zentrum,ufficio_postale,ufficio_postale,https://raw.githubusercontent.com/pasqualelembo78/huntix-poi/main/italia/lombardia/sconosciuta/pages/bolzano_centro_-_bozen-zentrum_46.4977_11.3531.json,custom
46.138220,11.112050,osm_poste_italiane_46.1382_11.1120,Poste Italiane,ufficio_postale,ufficio_postale,https://raw.githubusercontent.com/pasqualelembo78/huntix-poi/main/italia/lombardia/sconosciuta/pages/poste_italiane_46.1382_11.1120.json,custom
45.684779,10.748587,osm_ptt_45.6848_10.7486,PTT,ufficio_postale,ufficio_postale,https://raw.githubusercontent.com/pasqualelembo78/huntix-poi/main/italia/lombardia/sconosciuta/pages/ptt_45.6848_10.7486.json,custom
45.016015,9.123810,osm_poste_e_telecomunicazioni_45.0160_9.1238,Poste e Telecomunicazioni,ufficio_postale,ufficio_postale,https://raw.githubusercontent.com/pasqualelembo78/huntix-poi/main/italia/lombardia/sconosciuta/pages/poste_e_telecomunicazioni_45.0160_9.1238.json,custom
45.549488,10.160292,osm_mandolossa_45.5495_10.1603,Mandolossa,ufficio_postale,ufficio_postale,https://raw.githubusercontent.com/pasqualelembo78/huntix-poi/main/italia/lombardia/sconosciuta/pages/mandolossa_45.5495_10.1603.json,custom
45.553916,10.189789,osm_brescia_11_45.5539_10.1898,Brescia 11,ufficio_postale,ufficio_postale,https://raw.githubusercontent.com/pasqualelembo78/huntix-poi/main/italia/lombardia/sconosciuta/pages/brescia_11_45.5539_10.1898.json,custom
45.033697,9.181763,osm_santa_giuletta_45.0337_9.1818,Santa Giuletta,ufficio_postale,ufficio_postale,https://raw.githubusercontent.com/pasqualelembo78/huntix-poi/main/italia/lombardia/sconosciuta/pages/santa_giuletta_45.0337_9.1818.json,custom
44.676957,8.606290,osm_ufficio_postale_44.6770_8.6063,Ufficio Postale,ufficio_postale,ufficio_postale,https://raw.githubusercontent.com/pasqualelembo78/huntix-poi/main/italia/lombardia/sconosciuta/pages/ufficio_postale_44.6770_8.6063.json,custom
44.992752,9.012741,osm_poste___sede_centrale_di_voghera_44.9928_9.0127,Poste - Sede Centrale di Voghera,ufficio_postale,ufficio_postale,https://raw.githubusercontent.com/pasqualelembo78/huntix-poi/main/italia/lombardia/sconosciuta/pages/poste_-_sede_centrale_di_voghera_44.9928_9.0127.json,custom
46.404312,11.320500,osm_poste_italiane_46.4043_11.3205,Poste Italiane,ufficio_postale,ufficio_postale,https://raw.githubusercontent.com/pasqualelembo78/huntix-poi/main/italia/lombardia/sconosciuta/pages/poste_italiane_46.4043_11.3205.json,custom
45.639829,9.685717,osm_poste_italiane_45.6398_9.6857,Poste Italiane,ufficio_postale,ufficio_postale,https://raw.githubusercontent.com/pasqualelembo78/huntix-poi/main/italia/lombardia/sconosciuta/pages/poste_italiane_45.6398_9.6857.json,custom
46.411571,11.244240,osm_postamt_kaltern___ufficio_postale_di_cal_46.4116_11.2442,Postamt Kaltern - Ufficio postale di Caldaro,ufficio_postale,ufficio_postale,https://raw.githubusercontent.com/pasqualelembo78/huntix-poi/main/italia/lombardia/sconosciuta/pages/postamt_kaltern_-_ufficio_postale_di_cal_46.4116_11.2442.json,custom
45.069109,10.405365,osm_casteldidone_45.0691_10.4054,Casteldidone,ufficio_postale,ufficio_postale,https://raw.githubusercontent.com/pasqualelembo78/huntix-poi/main/italia/lombardia/sconosciuta/pages/casteldidone_45.0691_10.4054.json,custom
45.967816,9.185238,osm_poste_italiane_45.9678_9.1852,Poste Italiane,ufficio_postale,ufficio_postale,https://raw.githubusercontent.com/pasqualelembo78/huntix-poi/main/italia/lombardia/sconosciuta/pages/poste_italiane_45.9678_9.1852.json,custom
45.404948,10.630327,osm_poste_italiane_45.4049_10.6303,Poste Italiane,ufficio_postale,ufficio_postale,https://raw.githubusercontent.com/pasqualelembo78/huntix-poi/main/italia/lombardia/sconosciuta/pages/poste_italiane_45.4049_10.6303.json,custom
45.435756,10.604648,osm_poste_italiane_45.4358_10.6046,Poste italiane,ufficio_postale,ufficio_postale,https://raw.githubusercontent.com/pasqualelembo78/huntix-poi/main/italia/lombardia/sconosciuta/pages/poste_italiane_45.4358_10.6046.json,custom
45.489383,10.216419,osm_ufficio_postale_45.4894_10.2164,Ufficio Postale,ufficio_postale,ufficio_postale,https://raw.githubusercontent.com/pasqualelembo78/huntix-poi/main/italia/lombardia/sconosciuta/pages/ufficio_postale_45.4894_10.2164.json,custom
46.180195,8.850771,osm_la_posta_6598_tenero_46.1802_8.8508,LA POSTA 6598 Tenero,ufficio_postale,ufficio_postale,https://raw.githubusercontent.com/pasqualelembo78/huntix-poi/main/italia/lombardia/sconosciuta/pages/la_posta_6598_tenero_46.1802_8.8508.json,custom
45.473905,10.844414,osm_poste_italiane_45.4739_10.8444,Poste Italiane,ufficio_postale,ufficio_postale,https://raw.githubusercontent.com/pasqualelembo78/huntix-poi/main/italia/lombardia/sconosciuta/pages/poste_italiane_45.4739_10.8444.json,custom
45.385359,10.115817,osm_agenzia_di_offlaga_45.3854_10.1158,Agenzia di Offlaga,ufficio_postale,ufficio_postale,https://raw.githubusercontent.com/pasqualelembo78/huntix-poi/main/italia/lombardia/sconosciuta/pages/agenzia_di_offlaga_45.3854_10.1158.json,custom
45.689070,10.665567,osm_poste_italiane_45.6891_10.6656,Poste Italiane,ufficio_postale,ufficio_postale,https://raw.githubusercontent.com/pasqualelembo78/huntix-poi/main/italia/lombardia/sconosciuta/pages/poste_italiane_45.6891_10.6656.json,custom
45.307174,9.499177,osm_lodi_45.3072_9.4992,Lodi,ufficio_postale,ufficio_postale,https://raw.githubusercontent.com/pasqualelembo78/huntix-poi/main/italia/lombardia/sconosciuta/pages/lodi_45.3072_9.4992.json,custom
46.431328,8.862204,osm_6748_anzonico_46.4313_8.8622,6748 Anzonico,ufficio_postale,ufficio_postale,https://raw.githubusercontent.com/pasqualelembo78/huntix-poi/main/italia/lombardia/sconosciuta/pages/6748_anzonico_46.4313_8.8622.json,custom
45.519707,10.888856,osm_san_pietro_in_cariano_ufficio_postale_45.5197_10.8889,San Pietro in Cariano Ufficio Postale,ufficio_postale,ufficio_postale,https://raw.githubusercontent.com/pasqualelembo78/huntix-poi/main/italia/lombardia/sconosciuta/pages/san_pietro_in_cariano_ufficio_postale_45.5197_10.8889.json,custom
46.201998,8.669368,osm_loco_46.2020_8.6694,Loco,ufficio_postale,ufficio_postale,https://raw.githubusercontent.com/pasqualelembo78/huntix-poi/main/italia/lombardia/sconosciuta/pages/loco_46.2020_8.6694.json,custom
44.502617,11.366680,osm_poste_italiane___beroaldo_44.5026_11.3667,Poste Italiane - Beroaldo,ufficio_postale,ufficio_postale,https://raw.githubusercontent.com/pasqualelembo78/huntix-poi/main/italia/lombardia/sconosciuta/pages/poste_italiane_-_beroaldo_44.5026_11.3667.json,custom
46.177018,8.815260,osm_posta_di_minusio_46.1770_8.8153,Posta di Minusio,ufficio_postale,ufficio_postale,https://raw.githubusercontent.com/pasqualelembo78/huntix-poi/main/italia/lombardia/sconosciuta/pages/posta_di_minusio_46.1770_8.8153.json,custom
45.891438,11.154153,osm_poste_italiane_45.8914_11.1542,Poste Italiane,ufficio_postale,ufficio_postale,https://raw.githubusercontent.com/pasqualelembo78/huntix-poi/main/italia/lombardia/sconosciuta/pages/poste_italiane_45.8914_11.1542.json,custom
45.576126,10.709062,osm_uffcio_postale_garda_45.5761_10.7091,Uffcio Postale Garda,ufficio_postale,ufficio_postale,https://raw.githubusercontent.com/pasqualelembo78/huntix-poi/main/italia/lombardia/sconosciuta/pages/uffcio_postale_garda_45.5761_10.7091.json,custom
46.495301,11.339382,osm_poste_italiane_46.4953_11.3394,Poste Italiane,ufficio_postale,ufficio_postale,https://raw.githubusercontent.com/pasqualelembo78/huntix-poi/main/italia/lombardia/sconosciuta/pages/poste_italiane_46.4953_11.3394.json,custom
45.738185,8.779722,osm_sumirago_45.7382_8.7797,Sumirago,ufficio_postale,ufficio_postale,https://raw.githubusercontent.com/pasqualelembo78/huntix-poi/main/italia/lombardia/sconosciuta/pages/sumirago_45.7382_8.7797.json,custom
45.621028,9.207107,osm_desio_45.6210_9.2071,Desio,ufficio_postale,ufficio_postale,https://raw.githubusercontent.com/pasqualelembo78/huntix-poi/main/italia/lombardia/sconosciuta/pages/desio_45.6210_9.2071.json,custom
45.440135,11.027470,osm_poste_italiane_45.4401_11.0275,Poste Italiane,ufficio_postale,ufficio_postale,https://raw.githubusercontent.com/pasqualelembo78/huntix-poi/main/italia/lombardia/sconosciuta/pages/poste_italiane_45.4401_11.0275.json,custom
44.500897,8.904798,osm_poste_italiane_44.5009_8.9048,Poste Italiane,ufficio_postale,ufficio_postale,https://raw.githubusercontent.com/pasqualelembo78/huntix-poi/main/italia/lombardia/sconosciuta/pages/poste_italiane_44.5009_8.9048.json,custom
45.547530,9.269559,osm_san_maurizio_45.5475_9.2696,San Maurizio,ufficio_postale,ufficio_postale,https://raw.githubusercontent.com/pasqualelembo78/huntix-poi/main/italia/lombardia/sconosciuta/pages/san_maurizio_45.5475_9.2696.json,custom
45.655760,9.000186,osm_poste_45.6558_9.0002,Poste,ufficio_postale,ufficio_postale,https://raw.githubusercontent.com/pasqualelembo78/huntix-poi/main/italia/lombardia/sconosciuta/pages/poste_45.6558_9.0002.json,custom
46.423347,8.844201,osm_6747_chironico_46.4233_8.8442,6747 Chironico,ufficio_postale,ufficio_postale,https://raw.githubusercontent.com/pasqualelembo78/huntix-poi/main/italia/lombardia/sconosciuta/pages/6747_chironico_46.4233_8.8442.json,custom
45.593700,10.040277,osm_bornato_45.5937_10.0403,Bornato,ufficio_postale,ufficio_postale,https://raw.githubusercontent.com/pasqualelembo78/huntix-poi/main/italia/lombardia/sconosciuta/pages/bornato_45.5937_10.0403.json,custom
44.661679,10.589358,osm_rivalta_44.6617_10.5894,Rivalta,ufficio_postale,ufficio_postale,https://raw.githubusercontent.com/pasqualelembo78/huntix-poi/main/italia/lombardia/sconosciuta/pages/rivalta_44.6617_10.5894.json,custom
46.193349,9.026148,osm_6500_bellinzona_46.1933_9.0261,6500 Bellinzona,ufficio_postale,ufficio_postale,https://raw.githubusercontent.com/pasqualelembo78/huntix-poi/main/italia/lombardia/sconosciuta/pages/6500_bellinzona_46.1933_9.0261.json,custom
45.599303,10.755047,osm_ufficio_postale_di_pesina_45.5993_10.7550,Ufficio Postale di Pesina,ufficio_postale,ufficio_postale,https://raw.githubusercontent.com/pasqualelembo78/huntix-poi/main/italia/lombardia/sconosciuta/pages/ufficio_postale_di_pesina_45.5993_10.7550.json,custom
45.523079,10.072199,osm_poste_italiane_45.5231_10.0722,Poste Italiane,ufficio_postale,ufficio_postale,https://raw.githubusercontent.com/pasqualelembo78/huntix-poi/main/italia/lombardia/sconosciuta/pages/poste_italiane_45.5231_10.0722.json,custom
45.487702,10.902567,osm_poste_italiane_45.4877_10.9026,Poste italiane,ufficio_postale,ufficio_postale,https://raw.githubusercontent.com/pasqualelembo78/huntix-poi/main/italia/lombardia/sconosciuta/pages/poste_italiane_45.4877_10.9026.json,custom
44.985957,9.953867,osm_besenzone_44.9860_9.9539,Besenzone,ufficio_postale,ufficio_postale,https://raw.githubusercontent.com/pasqualelembo78/huntix-poi/main/italia/lombardia/sconosciuta/pages/besenzone_44.9860_9.9539.json,custom
45.615819,8.883381,osm_buon_ges__45.6158_8.8834,Buon Gesù,ufficio_postale,ufficio_postale,https://raw.githubusercontent.com/pasqualelembo78/huntix-poi/main/italia/lombardia/sconosciuta/pages/buon_ges_45.6158_8.8834.json,custom
45.616247,8.864367,osm_busto_arsizio_4_45.6162_8.8644,Busto Arsizio 4,ufficio_postale,ufficio_postale,https://raw.githubusercontent.com/pasqualelembo78/huntix-poi/main/italia/lombardia/sconosciuta/pages/busto_arsizio_4_45.6162_8.8644.json,custom
45.614113,8.854653,osm_busto_arsizio_1_45.6141_8.8547,Busto Arsizio 1,ufficio_postale,ufficio_postale,https://raw.githubusercontent.com/pasqualelembo78/huntix-poi/main/italia/lombardia/sconosciuta/pages/busto_arsizio_1_45.6141_8.8547.json,custom
44.673645,9.095011,osm_ufficio_postale_di_cabella_ligure_44.6736_9.0950,Ufficio Postale di Cabella Ligure,ufficio_postale,ufficio_postale,https://raw.githubusercontent.com/pasqualelembo78/huntix-poi/main/italia/lombardia/sconosciuta/pages/ufficio_postale_di_cabella_ligure_44.6736_9.0950.json,custom
45.497297,9.677460,osm_poste_italiane_45.4973_9.6775,Poste Italiane,ufficio_postale,ufficio_postale,https://raw.githubusercontent.com/pasqualelembo78/huntix-poi/main/italia/lombardia/sconosciuta/pages/poste_italiane_45.4973_9.6775.json,custom
46.338192,9.556259,osm_posta_7606_promontogno_46.3382_9.5563,Posta 7606 Promontogno,ufficio_postale,ufficio_postale,https://raw.githubusercontent.com/pasqualelembo78/huntix-poi/main/italia/lombardia/sconosciuta/pages/posta_7606_promontogno_46.3382_9.5563.json,custom
44.588425,8.937468,osm_poste_italiane_borgo_fornari_44.5884_8.9375,Poste Italiane Borgo Fornari,ufficio_postale,ufficio_postale,https://raw.githubusercontent.com/pasqualelembo78/huntix-poi/main/italia/lombardia/sconosciuta/pages/poste_italiane_borgo_fornari_44.5884_8.9375.json,custom
46.187875,8.995909,osm_6513_monte_carasso_46.1879_8.9959,6513 Monte Carasso,ufficio_postale,ufficio_postale,https://raw.githubusercontent.com/pasqualelembo78/huntix-poi/main/italia/lombardia/sconosciuta/pages/6513_monte_carasso_46.1879_8.9959.json,custom
45.383373,11.312987,osm_poste_italiane_45.3834_11.3130,Poste Italiane,ufficio_postale,ufficio_postale,https://raw.githubusercontent.com/pasqualelembo78/huntix-poi/main/italia/lombardia/sconosciuta/pages/poste_italiane_45.3834_11.3130.json,custom
45.803177,9.086046,osm_como_2_45.8032_9.0860,Como 2,ufficio_postale,ufficio_postale,https://raw.githubusercontent.com/pasqualelembo78/huntix-poi/main/italia/lombardia/sconosciuta/pages/como_2_45.8032_9.0860.json,custom
45.929013,11.070951,osm_filiale_di_nomi_45.9290_11.0710,Filiale di Nomi,ufficio_postale,ufficio_postale,https://raw.githubusercontent.com/pasqualelembo78/huntix-poi/main/italia/lombardia/sconosciuta/pages/filiale_di_nomi_45.9290_11.0710.json,custom
45.745552,9.579954,osm_ufficio_postale_45.7456_9.5800,Ufficio postale,ufficio_postale,ufficio_postale,https://raw.githubusercontent.com/pasqualelembo78/huntix-poi/main/italia/lombardia/sconosciuta/pages/ufficio_postale_45.7456_9.5800.json,custom
45.593995,9.225152,osm_poste_italiane_45.5940_9.2252,Poste Italiane,ufficio_postale,ufficio_postale,https://raw.githubusercontent.com/pasqualelembo78/huntix-poi/main/italia/lombardia/sconosciuta/pages/poste_italiane_45.5940_9.2252.json,custom
45.671084,9.494159,osm_poste_italiane_45.6711_9.4942,Poste Italiane,ufficio_postale,ufficio_postale,https://raw.githubusercontent.com/pasqualelembo78/huntix-poi/main/italia/lombardia/sconosciuta/pages/poste_italiane_45.6711_9.4942.json,custom
45.902106,8.902237,osm_porto_ceresio_45.9021_8.9022,Porto Ceresio,ufficio_postale,ufficio_postale,https://raw.githubusercontent.com/pasqualelembo78/huntix-poi/main/italia/lombardia/sconosciuta/pages/porto_ceresio_45.9021_8.9022.json,custom
46.006099,11.128035,osm_poste_italiane_46.0061_11.1280,Poste Italiane,ufficio_postale,ufficio_postale,https://raw.githubusercontent.com/pasqualelembo78/huntix-poi/main/italia/lombardia/sconosciuta/pages/poste_italiane_46.0061_11.1280.json,custom
45.778918,9.079548,osm_poste_italiane_45.7789_9.0795,Poste Italiane,ufficio_postale,ufficio_postale,https://raw.githubusercontent.com/pasqualelembo78/huntix-poi/main/italia/lombardia/sconosciuta/pages/poste_italiane_45.7789_9.0795.json,custom
46.271523,11.240847,osm__chiuso_definitivamente__46.2715_11.2408,(chiuso definitivamente),ufficio_postale,ufficio_postale,https://raw.githubusercontent.com/pasqualelembo78/huntix-poi/main/italia/lombardia/sconosciuta/pages/chiuso_definitivamente_46.2715_11.2408.json,custom
45.956553,9.746916,osm_roncobello_45.9566_9.7469,Roncobello,ufficio_postale,ufficio_postale,https://raw.githubusercontent.com/pasqualelembo78/huntix-poi/main/italia/lombardia/sconosciuta/pages/roncobello_45.9566_9.7469.json,custom
45.695348,9.678157,osm_poste_italiane_45.6953_9.6782,Poste Italiane,ufficio_postale,ufficio_postale,https://raw.githubusercontent.com/pasqualelembo78/huntix-poi/main/italia/lombardia/sconosciuta/pages/poste_italiane_45.6953_9.6782.json,custom
45.777124,9.029257,osm_villa_guardia_45.7771_9.0293,Villa Guardia,ufficio_postale,ufficio_postale,https://raw.githubusercontent.com/pasqualelembo78/huntix-poi/main/italia/lombardia/sconosciuta/pages/villa_guardia_45.7771_9.0293.json,custom
45.420042,10.985378,osm_poste_italiane_45.4200_10.9854,Poste Italiane,ufficio_postale,ufficio_postale,https://raw.githubusercontent.com/pasqualelembo78/huntix-poi/main/italia/lombardia/sconosciuta/pages/poste_italiane_45.4200_10.9854.json,custom
45.405220,10.723005,osm_posta_45.4052_10.7230,Posta,ufficio_postale,ufficio_postale,https://raw.githubusercontent.com/pasqualelembo78/huntix-poi/main/italia/lombardia/sconosciuta/pages/posta_45.4052_10.7230.json,custom
44.794957,10.305048,osm_poste_italiane_44.7950_10.3050,Poste Italiane,ufficio_postale,ufficio_postale,https://raw.githubusercontent.com/pasqualelembo78/huntix-poi/main/italia/lombardia/sconosciuta/pages/poste_italiane_44.7950_10.3050.json,custom
45.982129,8.916988,osm_poste_di_montagnola_45.9821_8.9170,Poste di Montagnola,ufficio_postale,ufficio_postale,https://raw.githubusercontent.com/pasqualelembo78/huntix-poi/main/italia/lombardia/sconosciuta/pages/poste_di_montagnola_45.9821_8.9170.json,custom
45.472963,11.016104,osm_poste_italiane_45.4730_11.0161,Poste Italiane,ufficio_postale,ufficio_postale,https://raw.githubusercontent.com/pasqualelembo78/huntix-poi/main/italia/lombardia/sconosciuta/pages/poste_italiane_45.4730_11.0161.json,custom
45.156663,10.791571,osm_poste_italiane_ufficio_centrale_45.1567_10.7916,Poste italiane ufficio centrale,ufficio_postale,ufficio_postale,https://raw.githubusercontent.com/pasqualelembo78/huntix-poi/main/italia/lombardia/sconosciuta/pages/poste_italiane_ufficio_centrale_45.1567_10.7916.json,custom
45.000510,9.614500,osm_ufficio_postale_gossolengo_45.0005_9.6145,Ufficio postale Gossolengo,ufficio_postale,ufficio_postale,https://raw.githubusercontent.com/pasqualelembo78/huntix-poi/main/italia/lombardia/sconosciuta/pages/ufficio_postale_gossolengo_45.0005_9.6145.json,custom
44.662675,9.845258,osm_poste_italiane_44.6627_9.8453,Poste Italiane,ufficio_postale,ufficio_postale,https://raw.githubusercontent.com/pasqualelembo78/huntix-poi/main/italia/lombardia/sconosciuta/pages/poste_italiane_44.6627_9.8453.json,custom
45.752680,9.536422,osm_poste_italiane_45.7527_9.5364,Poste Italiane,ufficio_postale,ufficio_postale,https://raw.githubusercontent.com/pasqualelembo78/huntix-poi/main/italia/lombardia/sconosciuta/pages/poste_italiane_45.7527_9.5364.json,custom
45.762491,10.117339,osm_zone_45.7625_10.1173,Zone,ufficio_postale,ufficio_postale,https://raw.githubusercontent.com/pasqualelembo78/huntix-poi/main/italia/lombardia/sconosciuta/pages/zone_45.7625_10.1173.json,custom
45.494838,10.936211,osm_poste_italiane_45.4948_10.9362,Poste Italiane,ufficio_postale,ufficio_postale,https://raw.githubusercontent.com/pasqualelembo78/huntix-poi/main/italia/lombardia/sconosciuta/pages/poste_italiane_45.4948_10.9362.json,custom
45.224009,10.414191,osm_poste_italiane_45.2240_10.4142,Poste Italiane,ufficio_postale,ufficio_postale,https://raw.githubusercontent.com/pasqualelembo78/huntix-poi/main/italia/lombardia/sconosciuta/pages/poste_italiane_45.2240_10.4142.json,custom
45.794428,9.096566,osm_como_7_45.7944_9.0966,Como 7,ufficio_postale,ufficio_postale,https://raw.githubusercontent.com/pasqualelembo78/huntix-poi/main/italia/lombardia/sconosciuta/pages/como_7_45.7944_9.0966.json,custom
45.441268,11.021128,osm_poste_italiane_45.4413_11.0211,Poste Italiane,ufficio_postale,ufficio_postale,https://raw.githubusercontent.com/pasqualelembo78/huntix-poi/main/italia/lombardia/sconosciuta/pages/poste_italiane_45.4413_11.0211.json,custom
45.067808,10.622759,osm_poste_italiane_45.0678_10.6228,Poste italiane,ufficio_postale,ufficio_postale,https://raw.githubusercontent.com/pasqualelembo78/huntix-poi/main/italia/lombardia/sconosciuta/pages/poste_italiane_45.0678_10.6228.json,custom
45.745109,8.752335,osm_mornago_45.7451_8.7523,Mornago,ufficio_postale,ufficio_postale,https://raw.githubusercontent.com/pasqualelembo78/huntix-poi/main/italia/lombardia/sconosciuta/pages/mornago_45.7451_8.7523.json,custom
45.721238,8.836620,osm_carnago_45.7212_8.8366,Carnago,ufficio_postale,ufficio_postale,https://raw.githubusercontent.com/pasqualelembo78/huntix-poi/main/italia/lombardia/sconosciuta/pages/carnago_45.7212_8.8366.json,custom
45.810194,9.075994,osm_como_centro_45.8102_9.0760,Como Centro,ufficio_postale,ufficio_postale,https://raw.githubusercontent.com/pasqualelembo78/huntix-poi/main/italia/lombardia/sconosciuta/pages/como_centro_45.8102_9.0760.json,custom
45.522842,10.227862,osm_brescia_9_45.5228_10.2279,BRESCIA 9,ufficio_postale,ufficio_postale,https://raw.githubusercontent.com/pasqualelembo78/huntix-poi/main/italia/lombardia/sconosciuta/pages/brescia_9_45.5228_10.2279.json,custom
45.475817,10.949283,osm_poste_italiane_45.4758_10.9493,Poste Italiane,ufficio_postale,ufficio_postale,https://raw.githubusercontent.com/pasqualelembo78/huntix-poi/main/italia/lombardia/sconosciuta/pages/poste_italiane_45.4758_10.9493.json,custom
45.184804,11.007949,osm_poste_italiane_45.1848_11.0079,Poste Italiane,ufficio_postale,ufficio_postale,https://raw.githubusercontent.com/pasqualelembo78/huntix-poi/main/italia/lombardia/sconosciuta/pages/poste_italiane_45.1848_11.0079.json,custom
44.696367,10.530070,osm_poste_italiane_44.6964_10.5301,Poste Italiane,ufficio_postale,ufficio_postale,https://raw.githubusercontent.com/pasqualelembo78/huntix-poi/main/italia/lombardia/sconosciuta/pages/poste_italiane_44.6964_10.5301.json,custom
44.520723,11.264781,osm_poste_italiane_44.5207_11.2648,Poste Italiane,ufficio_postale,ufficio_postale,https://raw.githubusercontent.com/pasqualelembo78/huntix-poi/main/italia/lombardia/sconosciuta/pages/poste_italiane_44.5207_11.2648.json,custom
45.873997,8.870994,osm_bisuschio_45.8740_8.8710,Bisuschio,ufficio_postale,ufficio_postale,https://raw.githubusercontent.com/pasqualelembo78/huntix-poi/main/italia/lombardia/sconosciuta/pages/bisuschio_45.8740_8.8710.json,custom
44.761063,10.449230,osm_ufficio_postale_sant_ilario_d_enza_44.7611_10.4492,Ufficio Postale Sant'Ilario d'Enza,ufficio_postale,ufficio_postale,https://raw.githubusercontent.com/pasqualelembo78/huntix-poi/main/italia/lombardia/sconosciuta/pages/ufficio_postale_santilario_denza_44.7611_10.4492.json,custom
46.299513,11.030998,osm_ufficio_postale_poste_italiane_46.2995_11.0310,Ufficio Postale Poste Italiane,ufficio_postale,ufficio_postale,https://raw.githubusercontent.com/pasqualelembo78/huntix-poi/main/italia/lombardia/sconosciuta/pages/ufficio_postale_poste_italiane_46.2995_11.0310.json,custom
44.511896,11.326111,osm_centro_meccanizzato_poste_italiane_44.5119_11.3261,Centro Meccanizzato Poste Italiane,ufficio_postale,ufficio_postale,https://raw.githubusercontent.com/pasqualelembo78/huntix-poi/main/italia/lombardia/sconosciuta/pages/centro_meccanizzato_poste_italiane_44.5119_11.3261.json,custom
45.707489,9.690698,osm_ufficio_postale_45.7075_9.6907,Ufficio postale,ufficio_postale,ufficio_postale,https://raw.githubusercontent.com/pasqualelembo78/huntix-poi/main/italia/lombardia/sconosciuta/pages/ufficio_postale_45.7075_9.6907.json,custom
44.576906,9.278778,osm_rovegno_44.5769_9.2788,Rovegno,ufficio_postale,ufficio_postale,https://raw.githubusercontent.com/pasqualelembo78/huntix-poi/main/italia/lombardia/sconosciuta/pages/rovegno_44.5769_9.2788.json,custom
45.583160,9.669015,osm_poste_italiane_45.5832_9.6690,Poste Italiane,ufficio_postale,ufficio_postale,https://raw.githubusercontent.com/pasqualelembo78/huntix-poi/main/italia/lombardia/sconosciuta/pages/poste_italiane_45.5832_9.6690.json,custom
45.496504,8.875363,osm_casone_45.4965_8.8754,Casone,ufficio_postale,ufficio_postale,https://raw.githubusercontent.com/pasqualelembo78/huntix-poi/main/italia/lombardia/sconosciuta/pages/casone_45.4965_8.8754.json,custom
45.666353,9.634278,osm_poste_italiane_45.6664_9.6343,Poste Italiane,ufficio_postale,ufficio_postale,https://raw.githubusercontent.com/pasqualelembo78/huntix-poi/main/italia/lombardia/sconosciuta/pages/poste_italiane_45.6664_9.6343.json,custom
44.530404,11.025138,osm_poste_italiane_44.5304_11.0251,poste italiane,ufficio_postale,ufficio_postale,https://raw.githubusercontent.com/pasqualelembo78/huntix-poi/main/italia/lombardia/sconosciuta/pages/poste_italiane_44.5304_11.0251.json,custom
45.060172,8.846454,osm_ufficio_postale_45.0602_8.8465,Ufficio Postale,ufficio_postale,ufficio_postale,https://raw.githubusercontent.com/pasqualelembo78/huntix-poi/main/italia/lombardia/sconosciuta/pages/ufficio_postale_45.0602_8.8465.json,custom
45.609076,9.534042,osm_ufficio_postale_di_capriate_45.6091_9.5340,Ufficio postale di Capriate,ufficio_postale,ufficio_postale,https://raw.githubusercontent.com/pasqualelembo78/huntix-poi/main/italia/lombardia/sconosciuta/pages/ufficio_postale_di_capriate_45.6091_9.5340.json,custom
45.568691,9.163572,osm_ufficio_postale_paderno_dugnano_45.5687_9.1636,Ufficio postale Paderno Dugnano,ufficio_postale,ufficio_postale,https://raw.githubusercontent.com/pasqualelembo78/huntix-poi/main/italia/lombardia/sconosciuta/pages/ufficio_postale_paderno_dugnano_45.5687_9.1636.json,custom
45.179012,9.151520,osm_poste_italiane_45.1790_9.1515,Poste Italiane,ufficio_postale,ufficio_postale,https://raw.githubusercontent.com/pasqualelembo78/huntix-poi/main/italia/lombardia/sconosciuta/pages/poste_italiane_45.1790_9.1515.json,custom
44.816887,9.901628,osm_poste_italia_44.8169_9.9016,Poste Italia,ufficio_postale,ufficio_postale,https://raw.githubusercontent.com/pasqualelembo78/huntix-poi/main/italia/lombardia/sconosciuta/pages/poste_italia_44.8169_9.9016.json,custom
46.168267,9.896453,osm_poste_italiane_46.1683_9.8965,Poste Italiane,ufficio_postale,ufficio_postale,https://raw.githubusercontent.com/pasqualelembo78/huntix-poi/main/italia/lombardia/sconosciuta/pages/poste_italiane_46.1683_9.8965.json,custom
45.130170,10.364028,osm_poste_italiane_45.1302_10.3640,Poste Italiane,ufficio_postale,ufficio_postale,https://raw.githubusercontent.com/pasqualelembo78/huntix-poi/main/italia/lombardia/sconosciuta/pages/poste_italiane_45.1302_10.3640.json,custom
45.359703,9.157101,osm_basiglio_milano_3_45.3597_9.1571,Basiglio Milano 3,ufficio_postale,ufficio_postale,https://raw.githubusercontent.com/pasqualelembo78/huntix-poi/main/italia/lombardia/sconosciuta/pages/basiglio_milano_3_45.3597_9.1571.json,custom
46.485211,10.271513,osm_semogo_46.4852_10.2715,Semogo,ufficio_postale,ufficio_postale,https://raw.githubusercontent.com/pasqualelembo78/huntix-poi/main/italia/lombardia/sconosciuta/pages/semogo_46.4852_10.2715.json,custom
45.348847,10.880798,osm_poste_italiane_45.3488_10.8808,Poste Italiane,ufficio_postale,ufficio_postale,https://raw.githubusercontent.com/pasqualelembo78/huntix-poi/main/italia/lombardia/sconosciuta/pages/poste_italiane_45.3488_10.8808.json,custom
45.680166,11.376727,osm_ufficio_postale_di_poste_italiane_san_vi_45.6802_11.3767,Ufficio postale di Poste Italiane San Vito di Leguzzano,ufficio_postale,ufficio_postale,https://raw.githubusercontent.com/pasqualelembo78/huntix-poi/main/italia/lombardia/sconosciuta/pages/ufficio_postale_di_poste_italiane_san_vi_45.6802_11.3767.json,custom
45.946521,9.468651,osm_poste_45.9465_9.4687,Poste,ufficio_postale,ufficio_postale,https://raw.githubusercontent.com/pasqualelembo78/huntix-poi/main/italia/lombardia/sconosciuta/pages/poste_45.9465_9.4687.json,custom
45.647723,11.301461,osm_valdagno_45.6477_11.3015,Valdagno,ufficio_postale,ufficio_postale,https://raw.githubusercontent.com/pasqualelembo78/huntix-poi/main/italia/lombardia/sconosciuta/pages/valdagno_45.6477_11.3015.json,custom
45.347617,10.844638,osm_poste_italiane_s_p_a_45.3476_10.8446,Poste italiane S.p.a,ufficio_postale,ufficio_postale,https://raw.githubusercontent.com/pasqualelembo78/huntix-poi/main/italia/lombardia/sconosciuta/pages/poste_italiane_spa_45.3476_10.8446.json,custom
45.353553,10.842880,osm_ufficio_postale_villafranca_45.3536_10.8429,Ufficio postale Villafranca,ufficio_postale,ufficio_postale,https://raw.githubusercontent.com/pasqualelembo78/huntix-poi/main/italia/lombardia/sconosciuta/pages/ufficio_postale_villafranca_45.3536_10.8429.json,custom
45.543565,10.884916,osm_poste_italiane_45.5436_10.8849,Poste Italiane,ufficio_postale,ufficio_postale,https://raw.githubusercontent.com/pasqualelembo78/huntix-poi/main/italia/lombardia/sconosciuta/pages/poste_italiane_45.5436_10.8849.json,custom
45.728286,9.402044,osm_olgiate_molgora_45.7283_9.4020,Olgiate Molgora,ufficio_postale,ufficio_postale,https://raw.githubusercontent.com/pasqualelembo78/huntix-poi/main/italia/lombardia/sconosciuta/pages/olgiate_molgora_45.7283_9.4020.json,custom
45.618148,10.072976,osm_poste_italiane_45.6181_10.0730,Poste Italiane,ufficio_postale,ufficio_postale,https://raw.githubusercontent.com/pasqualelembo78/huntix-poi/main/italia/lombardia/sconosciuta/pages/poste_italiane_45.6181_10.0730.json,custom
45.599286,10.063706,osm_passirano_45.5993_10.0637,Passirano,ufficio_postale,ufficio_postale,https://raw.githubusercontent.com/pasqualelembo78/huntix-poi/main/italia/lombardia/sconosciuta/pages/passirano_45.5993_10.0637.json,custom
44.901484,8.600139,osm_ufficio_postale_alessandria_4_44.9015_8.6001,Ufficio Postale Alessandria 4,ufficio_postale,ufficio_postale,https://raw.githubusercontent.com/pasqualelembo78/huntix-poi/main/italia/lombardia/sconosciuta/pages/ufficio_postale_alessandria_4_44.9015_8.6001.json,custom
45.816006,9.856468,osm_poste_italiane_45.8160_9.8565,Poste Italiane,ufficio_postale,ufficio_postale,https://raw.githubusercontent.com/pasqualelembo78/huntix-poi/main/italia/lombardia/sconosciuta/pages/poste_italiane_45.8160_9.8565.json,custom
45.935039,9.473909,osm_poste_di_cremeno_45.9350_9.4739,Poste di Cremeno,ufficio_postale,ufficio_postale,https://raw.githubusercontent.com/pasqualelembo78/huntix-poi/main/italia/lombardia/sconosciuta/pages/poste_di_cremeno_45.9350_9.4739.json,custom
46.151346,9.327039,osm_ufficio_postale_di_via_regina__domaso_46.1513_9.3270,Ufficio postale di via Regina, Domaso,ufficio_postale,ufficio_postale,https://raw.githubusercontent.com/pasqualelembo78/huntix-poi/main/italia/lombardia/sconosciuta/pages/ufficio_postale_di_via_regina_domaso_46.1513_9.3270.json,custom
46.143339,9.303506,osm_gravedona_ed_uniti_46.1433_9.3035,Gravedona ed Uniti,ufficio_postale,ufficio_postale,https://raw.githubusercontent.com/pasqualelembo78/huntix-poi/main/italia/lombardia/sconosciuta/pages/gravedona_ed_uniti_46.1433_9.3035.json,custom
45.735330,8.979836,osm_appiano_gentile_45.7353_8.9798,Appiano Gentile,ufficio_postale,ufficio_postale,https://raw.githubusercontent.com/pasqualelembo78/huntix-poi/main/italia/lombardia/sconosciuta/pages/appiano_gentile_45.7353_8.9798.json,custom
45.437128,9.110831,osm_poste_italiane_45.4371_9.1108,Poste Italiane,ufficio_postale,ufficio_postale,https://raw.githubusercontent.com/pasqualelembo78/huntix-poi/main/italia/lombardia/sconosciuta/pages/poste_italiane_45.4371_9.1108.json,custom
44.700354,10.450384,osm_montecchio_44.7004_10.4504,Montecchio,ufficio_postale,ufficio_postale,https://raw.githubusercontent.com/pasqualelembo78/huntix-poi/main/italia/lombardia/sconosciuta/pages/montecchio_44.7004_10.4504.json,custom
45.461374,11.340823,osm_ufficio_postale_di_gambellara_45.4614_11.3408,Ufficio Postale di Gambellara,ufficio_postale,ufficio_postale,https://raw.githubusercontent.com/pasqualelembo78/huntix-poi/main/italia/lombardia/sconosciuta/pages/ufficio_postale_di_gambellara_45.4614_11.3408.json,custom
46.274611,11.048043,osm_posta_46.2746_11.0480,Posta,ufficio_postale,ufficio_postale,https://raw.githubusercontent.com/pasqualelembo78/huntix-poi/main/italia/lombardia/sconosciuta/pages/posta_46.2746_11.0480.json,custom
45.311383,9.018821,osm_casorate_primo_45.3114_9.0188,Casorate Primo,ufficio_postale,ufficio_postale,https://raw.githubusercontent.com/pasqualelembo78/huntix-poi/main/italia/lombardia/sconosciuta/pages/casorate_primo_45.3114_9.0188.json,custom
45.505909,10.103673,osm_poste_italiane_45.5059_10.1037,Poste Italiane,ufficio_postale,ufficio_postale,https://raw.githubusercontent.com/pasqualelembo78/huntix-poi/main/italia/lombardia/sconosciuta/pages/poste_italiane_45.5059_10.1037.json,custom
45.185855,9.275659,osm_poste_italiane_45.1859_9.2757,Poste Italiane,ufficio_postale,ufficio_postale,https://raw.githubusercontent.com/pasqualelembo78/huntix-poi/main/italia/lombardia/sconosciuta/pages/poste_italiane_45.1859_9.2757.json,custom
46.025170,9.093107,osm_poste_italiane_46.0252_9.0931,Poste Italiane,ufficio_postale,ufficio_postale,https://raw.githubusercontent.com/pasqualelembo78/huntix-poi/main/italia/lombardia/sconosciuta/pages/poste_italiane_46.0252_9.0931.json,custom
45.523731,11.235324,osm_poste_di_san_giovanni_ilarione_45.5237_11.2353,Poste di San Giovanni Ilarione,ufficio_postale,ufficio_postale,https://raw.githubusercontent.com/pasqualelembo78/huntix-poi/main/italia/lombardia/sconosciuta/pages/poste_di_san_giovanni_ilarione_45.5237_11.2353.json,custom
45.802404,9.001241,osm_ufficio_postale_gironico_45.8024_9.0012,Ufficio postale Gironico,ufficio_postale,ufficio_postale,https://raw.githubusercontent.com/pasqualelembo78/huntix-poi/main/italia/lombardia/sconosciuta/pages/ufficio_postale_gironico_45.8024_9.0012.json,custom
45.449966,10.080300,osm_poste_italiane_45.4500_10.0803,Poste Italiane,ufficio_postale,ufficio_postale,https://raw.githubusercontent.com/pasqualelembo78/huntix-poi/main/italia/lombardia/sconosciuta/pages/poste_italiane_45.4500_10.0803.json,custom
45.894851,8.685075,osm_brenta_45.8949_8.6851,Brenta,ufficio_postale,ufficio_postale,https://raw.githubusercontent.com/pasqualelembo78/huntix-poi/main/italia/lombardia/sconosciuta/pages/brenta_45.8949_8.6851.json,custom
44.925402,9.494982,osm_poste_italiane_44.9254_9.4950,Poste Italiane,ufficio_postale,ufficio_postale,https://raw.githubusercontent.com/pasqualelembo78/huntix-poi/main/italia/lombardia/sconosciuta/pages/poste_italiane_44.9254_9.4950.json,custom
45.958700,8.986970,osm_ufficio_postale_6822_arogno_45.9587_8.9870,Ufficio postale 6822 Arogno,ufficio_postale,ufficio_postale,https://raw.githubusercontent.com/pasqualelembo78/huntix-poi/main/italia/lombardia/sconosciuta/pages/ufficio_postale_6822_arogno_45.9587_8.9870.json,custom
44.511298,10.495780,osm_ufficio_postale_casina_44.5113_10.4958,Ufficio postale Casina,ufficio_postale,ufficio_postale,https://raw.githubusercontent.com/pasqualelembo78/huntix-poi/main/italia/lombardia/sconosciuta/pages/ufficio_postale_casina_44.5113_10.4958.json,custom
45.460101,9.314963,osm_ufficio_postale_san_bovio_45.4601_9.3150,Ufficio postale San Bovio,ufficio_postale,ufficio_postale,https://raw.githubusercontent.com/pasqualelembo78/huntix-poi/main/italia/lombardia/sconosciuta/pages/ufficio_postale_san_bovio_45.4601_9.3150.json,custom
45.448405,9.205079,osm_mail_boxes_etc__45.4484_9.2051,Mail Boxes Etc.,ufficio_postale,ufficio_postale,https://raw.githubusercontent.com/pasqualelembo78/huntix-poi/main/italia/lombardia/sconosciuta/pages/mail_boxes_etc_45.4484_9.2051.json,custom
45.343379,9.366218,osm_sordio_45.3434_9.3662,Sordio,ufficio_postale,ufficio_postale,https://raw.githubusercontent.com/pasqualelembo78/huntix-poi/main/italia/lombardia/sconosciuta/pages/sordio_45.3434_9.3662.json,custom
45.807285,9.096039,osm_como_5_45.8073_9.0960,Como 5,ufficio_postale,ufficio_postale,https://raw.githubusercontent.com/pasqualelembo78/huntix-poi/main/italia/lombardia/sconosciuta/pages/como_5_45.8073_9.0960.json,custom
45.608539,9.151929,osm_poste_italiane_45.6085_9.1519,Poste Italiane,ufficio_postale,ufficio_postale,https://raw.githubusercontent.com/pasqualelembo78/huntix-poi/main/italia/lombardia/sconosciuta/pages/poste_italiane_45.6085_9.1519.json,custom
44.556518,10.757698,osm_poste_san_antonino___veggia_44.5565_10.7577,Poste San Antonino - Veggia,ufficio_postale,ufficio_postale,https://raw.githubusercontent.com/pasqualelembo78/huntix-poi/main/italia/lombardia/sconosciuta/pages/poste_san_antonino_-_veggia_44.5565_10.7577.json,custom
44.588363,10.737749,osm_ufficio_postale_casalgrande_44.5884_10.7377,Ufficio postale Casalgrande,ufficio_postale,ufficio_postale,https://raw.githubusercontent.com/pasqualelembo78/huntix-poi/main/italia/lombardia/sconosciuta/pages/ufficio_postale_casalgrande_44.5884_10.7377.json,custom
45.373776,11.136027,osm_poste_45.3738_11.1360,poste,ufficio_postale,ufficio_postale,https://raw.githubusercontent.com/pasqualelembo78/huntix-poi/main/italia/lombardia/sconosciuta/pages/poste_45.3738_11.1360.json,custom
45.158944,9.139080,osm_san_martino_siccomario_45.1589_9.1391,San martino Siccomario,ufficio_postale,ufficio_postale,https://raw.githubusercontent.com/pasqualelembo78/huntix-poi/main/italia/lombardia/sconosciuta/pages/san_martino_siccomario_45.1589_9.1391.json,custom
45.774961,8.704458,osm_ufficio_postale_di_varano_borghi_45.7750_8.7045,Ufficio postale di Varano Borghi,ufficio_postale,ufficio_postale,https://raw.githubusercontent.com/pasqualelembo78/huntix-poi/main/italia/lombardia/sconosciuta/pages/ufficio_postale_di_varano_borghi_45.7750_8.7045.json,custom
45.957312,8.936046,osm_6914_carona_45.9573_8.9360,6914 Carona,ufficio_postale,ufficio_postale,https://raw.githubusercontent.com/pasqualelembo78/huntix-poi/main/italia/lombardia/sconosciuta/pages/6914_carona_45.9573_8.9360.json,custom
45.685254,9.105962,osm_copreno_45.6853_9.1060,Copreno,ufficio_postale,ufficio_postale,https://raw.githubusercontent.com/pasqualelembo78/huntix-poi/main/italia/lombardia/sconosciuta/pages/copreno_45.6853_9.1060.json,custom
44.503040,8.713776,osm_ufficio_postale_masone_44.5030_8.7138,Ufficio Postale Masone,ufficio_postale,ufficio_postale,https://raw.githubusercontent.com/pasqualelembo78/huntix-poi/main/italia/lombardia/sconosciuta/pages/ufficio_postale_masone_44.5030_8.7138.json,custom
45.633747,9.814146,osm_bolgare_45.6337_9.8141,Bolgare,ufficio_postale,ufficio_postale,https://raw.githubusercontent.com/pasqualelembo78/huntix-poi/main/italia/lombardia/sconosciuta/pages/bolgare_45.6337_9.8141.json,custom
45.609377,8.850713,osm_busto_arsizio_45.6094_8.8507,Busto Arsizio,ufficio_postale,ufficio_postale,https://raw.githubusercontent.com/pasqualelembo78/huntix-poi/main/italia/lombardia/sconosciuta/pages/busto_arsizio_45.6094_8.8507.json,custom
46.003976,11.241552,osm_ufficio_postale_calceranica_al_lago_46.0040_11.2416,Ufficio Postale Calceranica al Lago,ufficio_postale,ufficio_postale,https://raw.githubusercontent.com/pasqualelembo78/huntix-poi/main/italia/lombardia/sconosciuta/pages/ufficio_postale_calceranica_al_lago_46.0040_11.2416.json,custom
45.476361,9.191275,osm_mail_boxes_etc__45.4764_9.1913,Mail Boxes Etc.,ufficio_postale,ufficio_postale,https://raw.githubusercontent.com/pasqualelembo78/huntix-poi/main/italia/lombardia/sconosciuta/pages/mail_boxes_etc_45.4764_9.1913.json,custom
44.869956,10.808503,osm_posta_44.8700_10.8085,Posta,ufficio_postale,ufficio_postale,https://raw.githubusercontent.com/pasqualelembo78/huntix-poi/main/italia/lombardia/sconosciuta/pages/posta_44.8700_10.8085.json,custom
46.244821,10.245482,osm_ufficio_postale_tovo_di_sant_agata_46.2448_10.2455,Ufficio postale Tovo di Sant'Agata,ufficio_postale,ufficio_postale,https://raw.githubusercontent.com/pasqualelembo78/huntix-poi/main/italia/lombardia/sconosciuta/pages/ufficio_postale_tovo_di_santagata_46.2448_10.2455.json,custom
45.671256,9.610183,osm_treviolo_45.6713_9.6102,Treviolo,ufficio_postale,ufficio_postale,https://raw.githubusercontent.com/pasqualelembo78/huntix-poi/main/italia/lombardia/sconosciuta/pages/treviolo_45.6713_9.6102.json,custom
45.394551,9.243961,osm_poste_di_sesto_ulteriano_45.3946_9.2440,Poste di Sesto Ulteriano,ufficio_postale,ufficio_postale,https://raw.githubusercontent.com/pasqualelembo78/huntix-poi/main/italia/lombardia/sconosciuta/pages/poste_di_sesto_ulteriano_45.3946_9.2440.json,custom
45.455207,10.566146,osm_rivoltella_45.4552_10.5661,Rivoltella,ufficio_postale,ufficio_postale,https://raw.githubusercontent.com/pasqualelembo78/huntix-poi/main/italia/lombardia/sconosciuta/pages/rivoltella_45.4552_10.5661.json,custom
45.805383,10.110368,osm_pisogne_45.8054_10.1104,Pisogne,ufficio_postale,ufficio_postale,https://raw.githubusercontent.com/pasqualelembo78/huntix-poi/main/italia/lombardia/sconosciuta/pages/pisogne_45.8054_10.1104.json,custom
45.519056,9.360526,osm_cassina_de__pecchi_45.5191_9.3605,Cassina de' Pecchi,ufficio_postale,ufficio_postale,https://raw.githubusercontent.com/pasqualelembo78/huntix-poi/main/italia/lombardia/sconosciuta/pages/cassina_de_pecchi_45.5191_9.3605.json,custom
45.374319,10.919228,osm_poste_italiane_45.3743_10.9192,Poste Italiane,ufficio_postale,ufficio_postale,https://raw.githubusercontent.com/pasqualelembo78/huntix-poi/main/italia/lombardia/sconosciuta/pages/poste_italiane_45.3743_10.9192.json,custom
46.041094,8.740275,osm_maccagno_46.0411_8.7403,Maccagno,ufficio_postale,ufficio_postale,https://raw.githubusercontent.com/pasqualelembo78/huntix-poi/main/italia/lombardia/sconosciuta/pages/maccagno_46.0411_8.7403.json,custom
45.260629,9.200558,osm_zeccone_45.2606_9.2006,Zeccone,ufficio_postale,ufficio_postale,https://raw.githubusercontent.com/pasqualelembo78/huntix-poi/main/italia/lombardia/sconosciuta/pages/zeccone_45.2606_9.2006.json,custom
46.324787,10.875000,osm_poste_italiane_46.3248_10.8750,Poste Italiane,ufficio_postale,ufficio_postale,https://raw.githubusercontent.com/pasqualelembo78/huntix-poi/main/italia/lombardia/sconosciuta/pages/poste_italiane_46.3248_10.8750.json,custom
45.624571,9.624986,osm_poste_italiane_45.6246_9.6250,Poste Italiane,ufficio_postale,ufficio_postale,https://raw.githubusercontent.com/pasqualelembo78/huntix-poi/main/italia/lombardia/sconosciuta/pages/poste_italiane_45.6246_9.6250.json,custom
45.604772,10.521708,osm_sal____via_canottieri_45.6048_10.5217,Salò - Via Canottieri,ufficio_postale,ufficio_postale,https://raw.githubusercontent.com/pasqualelembo78/huntix-poi/main/italia/lombardia/sconosciuta/pages/sal_-_via_canottieri_45.6048_10.5217.json,custom
45.811763,8.918363,osm_cagno_45.8118_8.9184,Cagno,ufficio_postale,ufficio_postale,https://raw.githubusercontent.com/pasqualelembo78/huntix-poi/main/italia/lombardia/sconosciuta/pages/cagno_45.8118_8.9184.json,custom
45.283307,8.750499,osm_poste_italiane_45.2833_8.7505,Poste Italiane,ufficio_postale,ufficio_postale,https://raw.githubusercontent.com/pasqualelembo78/huntix-poi/main/italia/lombardia/sconosciuta/pages/poste_italiane_45.2833_8.7505.json,custom
45.150458,10.780876,osm_mantova___viale_dei_partigiani_45.1505_10.7809,Mantova - Viale dei Partigiani,ufficio_postale,ufficio_postale,https://raw.githubusercontent.com/pasqualelembo78/huntix-poi/main/italia/lombardia/sconosciuta/pages/mantova_-_viale_dei_partigiani_45.1505_10.7809.json,custom
45.353504,9.664988,osm_poste_italiane_45.3535_9.6650,Poste Italiane,ufficio_postale,ufficio_postale,https://raw.githubusercontent.com/pasqualelembo78/huntix-poi/main/italia/lombardia/sconosciuta/pages/poste_italiane_45.3535_9.6650.json,custom
45.991994,8.945307,osm_posta_di_paradiso_45.9920_8.9453,Posta di Paradiso,ufficio_postale,ufficio_postale,https://raw.githubusercontent.com/pasqualelembo78/huntix-poi/main/italia/lombardia/sconosciuta/pages/posta_di_paradiso_45.9920_8.9453.json,custom
45.827808,9.224360,osm_ponte_lambro_45.8278_9.2244,Ponte Lambro,ufficio_postale,ufficio_postale,https://raw.githubusercontent.com/pasqualelembo78/huntix-poi/main/italia/lombardia/sconosciuta/pages/ponte_lambro_45.8278_9.2244.json,custom
45.579094,9.377142,osm_omate_45.5791_9.3771,Omate,ufficio_postale,ufficio_postale,https://raw.githubusercontent.com/pasqualelembo78/huntix-poi/main/italia/lombardia/sconosciuta/pages/omate_45.5791_9.3771.json,custom
45.450117,10.957879,osm_poste_italiane_45.4501_10.9579,Poste Italiane,ufficio_postale,ufficio_postale,https://raw.githubusercontent.com/pasqualelembo78/huntix-poi/main/italia/lombardia/sconosciuta/pages/poste_italiane_45.4501_10.9579.json,custom
45.564984,11.112767,osm_ufficio_postale_saline_joniche_45.5650_11.1128,Ufficio Postale Saline Joniche,ufficio_postale,ufficio_postale,https://raw.githubusercontent.com/pasqualelembo78/huntix-poi/main/italia/lombardia/sconosciuta/pages/ufficio_postale_saline_joniche_45.5650_11.1128.json,custom
45.167261,11.442126,osm_poste_italiane_45.1673_11.4421,Poste italiane,ufficio_postale,ufficio_postale,https://raw.githubusercontent.com/pasqualelembo78/huntix-poi/main/italia/lombardia/sconosciuta/pages/poste_italiane_45.1673_11.4421.json,custom
45.599437,8.755935,osm_lonate_pozzolo_45.5994_8.7559,Lonate Pozzolo,ufficio_postale,ufficio_postale,https://raw.githubusercontent.com/pasqualelembo78/huntix-poi/main/italia/lombardia/sconosciuta/pages/lonate_pozzolo_45.5994_8.7559.json,custom
45.944119,9.127637,osm_poste_italiane_45.9441_9.1276,Poste Italiane,ufficio_postale,ufficio_postale,https://raw.githubusercontent.com/pasqualelembo78/huntix-poi/main/italia/lombardia/sconosciuta/pages/poste_italiane_45.9441_9.1276.json,custom
46.169773,9.879938,osm_poste_italiane_46.1698_9.8799,Poste Italiane,ufficio_postale,ufficio_postale,https://raw.githubusercontent.com/pasqualelembo78/huntix-poi/main/italia/lombardia/sconosciuta/pages/poste_italiane_46.1698_9.8799.json,custom
45.428522,11.056264,osm_poste_italiane_45.4285_11.0563,Poste Italiane,ufficio_postale,ufficio_postale,https://raw.githubusercontent.com/pasqualelembo78/huntix-poi/main/italia/lombardia/sconosciuta/pages/poste_italiane_45.4285_11.0563.json,custom
45.432940,11.045697,osm_poste_italiane_45.4329_11.0457,Poste Italiane,ufficio_postale,ufficio_postale,https://raw.githubusercontent.com/pasqualelembo78/huntix-poi/main/italia/lombardia/sconosciuta/pages/poste_italiane_45.4329_11.0457.json,custom
45.401307,10.266805,osm_mail_boxes_etc__45.4013_10.2668,Mail Boxes Etc.,ufficio_postale,ufficio_postale,https://raw.githubusercontent.com/pasqualelembo78/huntix-poi/main/italia/lombardia/sconosciuta/pages/mail_boxes_etc_45.4013_10.2668.json,custom
44.974545,9.089558,osm_torrazza_coste_44.9745_9.0896,Torrazza Coste,ufficio_postale,ufficio_postale,https://raw.githubusercontent.com/pasqualelembo78/huntix-poi/main/italia/lombardia/sconosciuta/pages/torrazza_coste_44.9745_9.0896.json,custom
45.686791,8.732252,osm_arsago_seprio_45.6868_8.7323,Arsago Seprio,ufficio_postale,ufficio_postale,https://raw.githubusercontent.com/pasqualelembo78/huntix-poi/main/italia/lombardia/sconosciuta/pages/arsago_seprio_45.6868_8.7323.json,custom
45.211438,9.306874,osm_vistarino_45.2114_9.3069,Vistarino,ufficio_postale,ufficio_postale,https://raw.githubusercontent.com/pasqualelembo78/huntix-poi/main/italia/lombardia/sconosciuta/pages/vistarino_45.2114_9.3069.json,custom
45.714583,9.607480,osm_poste_italiane_45.7146_9.6075,Poste Italiane,ufficio_postale,ufficio_postale,https://raw.githubusercontent.com/pasqualelembo78/huntix-poi/main/italia/lombardia/sconosciuta/pages/poste_italiane_45.7146_9.6075.json,custom
45.856008,8.904566,osm_baraggia_45.8560_8.9046,Baraggia,ufficio_postale,ufficio_postale,https://raw.githubusercontent.com/pasqualelembo78/huntix-poi/main/italia/lombardia/sconosciuta/pages/baraggia_45.8560_8.9046.json,custom
45.789353,8.749781,osm_ufficio_postale_di_bodio_lomnago_45.7894_8.7498,Ufficio Postale di Bodio Lomnago,ufficio_postale,ufficio_postale,https://raw.githubusercontent.com/pasqualelembo78/huntix-poi/main/italia/lombardia/sconosciuta/pages/ufficio_postale_di_bodio_lomnago_45.7894_8.7498.json,custom
45.688530,8.844342,osm_bolladello_45.6885_8.8443,Bolladello,ufficio_postale,ufficio_postale,https://raw.githubusercontent.com/pasqualelembo78/huntix-poi/main/italia/lombardia/sconosciuta/pages/bolladello_45.6885_8.8443.json,custom
45.588341,8.857364,osm_borsano_45.5883_8.8574,Borsano,ufficio_postale,ufficio_postale,https://raw.githubusercontent.com/pasqualelembo78/huntix-poi/main/italia/lombardia/sconosciuta/pages/borsano_45.5883_8.8574.json,custom
45.914175,11.033122,osm_poste_italiane_45.9142_11.0331,Poste Italiane,ufficio_postale,ufficio_postale,https://raw.githubusercontent.com/pasqualelembo78/huntix-poi/main/italia/lombardia/sconosciuta/pages/poste_italiane_45.9142_11.0331.json,custom
45.223312,9.327852,osm_magherno_45.2233_9.3279,Magherno,ufficio_postale,ufficio_postale,https://raw.githubusercontent.com/pasqualelembo78/huntix-poi/main/italia/lombardia/sconosciuta/pages/magherno_45.2233_9.3279.json,custom
45.613915,8.845419,osm_busto_arsizio_3_45.6139_8.8454,Busto Arsizio 3,ufficio_postale,ufficio_postale,https://raw.githubusercontent.com/pasqualelembo78/huntix-poi/main/italia/lombardia/sconosciuta/pages/busto_arsizio_3_45.6139_8.8454.json,custom
45.949775,8.746656,osm_ufficio_postale_di_brissago_valtravaglia_45.9498_8.7467,Ufficio postale di Brissago Valtravaglia,ufficio_postale,ufficio_postale,https://raw.githubusercontent.com/pasqualelembo78/huntix-poi/main/italia/lombardia/sconosciuta/pages/ufficio_postale_di_brissago_valtravaglia_45.9498_8.7467.json,custom
45.632392,8.845286,osm_busto_arsizio_6_45.6324_8.8453,Busto Arsizio 6,ufficio_postale,ufficio_postale,https://raw.githubusercontent.com/pasqualelembo78/huntix-poi/main/italia/lombardia/sconosciuta/pages/busto_arsizio_6_45.6324_8.8453.json,custom
45.820324,8.895173,osm_ufficio_postale_cantello_45.8203_8.8952,Ufficio postale Cantello,ufficio_postale,ufficio_postale,https://raw.githubusercontent.com/pasqualelembo78/huntix-poi/main/italia/lombardia/sconosciuta/pages/ufficio_postale_cantello_45.8203_8.8952.json,custom
45.598645,8.847192,osm_sacconago_45.5986_8.8472,Sacconago,ufficio_postale,ufficio_postale,https://raw.githubusercontent.com/pasqualelembo78/huntix-poi/main/italia/lombardia/sconosciuta/pages/sacconago_45.5986_8.8472.json,custom
45.192420,9.220006,osm_trovamala_45.1924_9.2200,Trovamala,ufficio_postale,ufficio_postale,https://raw.githubusercontent.com/pasqualelembo78/huntix-poi/main/italia/lombardia/sconosciuta/pages/trovamala_45.1924_9.2200.json,custom
45.252510,9.375125,osm_poste_italiane_marudo_45.2525_9.3751,Poste Italiane Marudo,ufficio_postale,ufficio_postale,https://raw.githubusercontent.com/pasqualelembo78/huntix-poi/main/italia/lombardia/sconosciuta/pages/poste_italiane_marudo_45.2525_9.3751.json,custom
45.843598,8.831167,osm_fedex_ship_center_45.8436_8.8312,FedEx Ship Center,ufficio_postale,ufficio_postale,https://raw.githubusercontent.com/pasqualelembo78/huntix-poi/main/italia/lombardia/sconosciuta/pages/fedex_ship_center_45.8436_8.8312.json,custom
44.510661,11.468325,osm_ufficio_postale_castenaso_44.5107_11.4683,Ufficio Postale Castenaso,ufficio_postale,ufficio_postale,https://raw.githubusercontent.com/pasqualelembo78/huntix-poi/main/italia/lombardia/sconosciuta/pages/ufficio_postale_castenaso_44.5107_11.4683.json,custom
46.316390,8.602322,osm_ufficio_postale_46.3164_8.6023,Ufficio Postale,ufficio_postale,ufficio_postale,https://raw.githubusercontent.com/pasqualelembo78/huntix-poi/main/italia/lombardia/sconosciuta/pages/ufficio_postale_46.3164_8.6023.json,custom
45.688898,8.931069,osm_locate_varesino_45.6889_8.9311,Locate Varesino,ufficio_postale,ufficio_postale,https://raw.githubusercontent.com/pasqualelembo78/huntix-poi/main/italia/lombardia/sconosciuta/pages/locate_varesino_45.6889_8.9311.json,custom
45.614044,9.140191,osm_bovisio_45.6140_9.1402,Bovisio,ufficio_postale,ufficio_postale,https://raw.githubusercontent.com/pasqualelembo78/huntix-poi/main/italia/lombardia/sconosciuta/pages/bovisio_45.6140_9.1402.json,custom
44.877605,9.165128,osm_val_di_nizza_44.8776_9.1651,Val di Nizza,ufficio_postale,ufficio_postale,https://raw.githubusercontent.com/pasqualelembo78/huntix-poi/main/italia/lombardia/sconosciuta/pages/val_di_nizza_44.8776_9.1651.json,custom
45.624124,10.495228,osm_ro__volciano_45.6241_10.4952,Roè Volciano,ufficio_postale,ufficio_postale,https://raw.githubusercontent.com/pasqualelembo78/huntix-poi/main/italia/lombardia/sconosciuta/pages/ro_volciano_45.6241_10.4952.json,custom
46.494348,11.392333,osm_poste_italiane_46.4943_11.3923,Poste Italiane,ufficio_postale,ufficio_postale,https://raw.githubusercontent.com/pasqualelembo78/huntix-poi/main/italia/lombardia/sconosciuta/pages/poste_italiane_46.4943_11.3923.json,custom
45.562860,11.376632,osm_ufficio_postale_45.5629_11.3766,Ufficio postale,ufficio_postale,ufficio_postale,https://raw.githubusercontent.com/pasqualelembo78/huntix-poi/main/italia/lombardia/sconosciuta/pages/ufficio_postale_45.5629_11.3766.json,custom
45.816467,9.083720,osm_poste_italiane_45.8165_9.0837,Poste Italiane,ufficio_postale,ufficio_postale,https://raw.githubusercontent.com/pasqualelembo78/huntix-poi/main/italia/lombardia/sconosciuta/pages/poste_italiane_45.8165_9.0837.json,custom
46.086926,9.271835,osm_cremia_46.0869_9.2718,Cremia,ufficio_postale,ufficio_postale,https://raw.githubusercontent.com/pasqualelembo78/huntix-poi/main/italia/lombardia/sconosciuta/pages/cremia_46.0869_9.2718.json,custom
44.504266,11.338699,osm_bologna_via_cairoli_44.5043_11.3387,Bologna via Cairoli,ufficio_postale,ufficio_postale,https://raw.githubusercontent.com/pasqualelembo78/huntix-poi/main/italia/lombardia/sconosciuta/pages/bologna_via_cairoli_44.5043_11.3387.json,custom
45.723981,9.010894,osm_guanzate_45.7240_9.0109,Guanzate,ufficio_postale,ufficio_postale,https://raw.githubusercontent.com/pasqualelembo78/huntix-poi/main/italia/lombardia/sconosciuta/pages/guanzate_45.7240_9.0109.json,custom
44.967850,9.848354,osm_roveleto_44.9679_9.8484,Roveleto,ufficio_postale,ufficio_postale,https://raw.githubusercontent.com/pasqualelembo78/huntix-poi/main/italia/lombardia/sconosciuta/pages/roveleto_44.9679_9.8484.json,custom
45.500322,9.773585,osm_poste_italiane_45.5003_9.7736,Poste Italiane,ufficio_postale,ufficio_postale,https://raw.githubusercontent.com/pasqualelembo78/huntix-poi/main/italia/lombardia/sconosciuta/pages/poste_italiane_45.5003_9.7736.json,custom
46.156531,9.581410,osm_ufficio_postale_serone_46.1565_9.5814,Ufficio postale Serone,ufficio_postale,ufficio_postale,https://raw.githubusercontent.com/pasqualelembo78/huntix-poi/main/italia/lombardia/sconosciuta/pages/ufficio_postale_serone_46.1565_9.5814.json,custom
46.297415,8.790609,osm_post_46.2974_8.7906,Post,ufficio_postale,ufficio_postale,https://raw.githubusercontent.com/pasqualelembo78/huntix-poi/main/italia/lombardia/sconosciuta/pages/post_46.2974_8.7906.json,custom
45.730626,9.316886,osm_barzan__45.7306_9.3169,Barzanò,ufficio_postale,ufficio_postale,https://raw.githubusercontent.com/pasqualelembo78/huntix-poi/main/italia/lombardia/sconosciuta/pages/barzan_45.7306_9.3169.json,custom
45.725193,9.324128,osm_viagan__45.7252_9.3241,Viaganò,ufficio_postale,ufficio_postale,https://raw.githubusercontent.com/pasqualelembo78/huntix-poi/main/italia/lombardia/sconosciuta/pages/viagan_45.7252_9.3241.json,custom
45.140398,10.013046,osm_cremona_5_45.1404_10.0130,Cremona 5,ufficio_postale,ufficio_postale,https://raw.githubusercontent.com/pasqualelembo78/huntix-poi/main/italia/lombardia/sconosciuta/pages/cremona_5_45.1404_10.0130.json,custom
45.737980,9.371510,osm_rovagnate_45.7380_9.3715,Rovagnate,ufficio_postale,ufficio_postale,https://raw.githubusercontent.com/pasqualelembo78/huntix-poi/main/italia/lombardia/sconosciuta/pages/rovagnate_45.7380_9.3715.json,custom
46.013966,9.295288,osm_poste_italiane_46.0140_9.2953,Poste Italiane,ufficio_postale,ufficio_postale,https://raw.githubusercontent.com/pasqualelembo78/huntix-poi/main/italia/lombardia/sconosciuta/pages/poste_italiane_46.0140_9.2953.json,custom
45.830357,9.038252,osm_poste_italiane_45.8304_9.0383,Poste Italiane,ufficio_postale,ufficio_postale,https://raw.githubusercontent.com/pasqualelembo78/huntix-poi/main/italia/lombardia/sconosciuta/pages/poste_italiane_45.8304_9.0383.json,custom
45.537333,9.932497,osm_poste_italiane_45.5373_9.9325,Poste Italiane,ufficio_postale,ufficio_postale,https://raw.githubusercontent.com/pasqualelembo78/huntix-poi/main/italia/lombardia/sconosciuta/pages/poste_italiane_45.5373_9.9325.json,custom
45.843431,9.029550,osm_vacallo_45.8434_9.0295,Vacallo,ufficio_postale,ufficio_postale,https://raw.githubusercontent.com/pasqualelembo78/huntix-poi/main/italia/lombardia/sconosciuta/pages/vacallo_45.8434_9.0295.json,custom
45.862038,9.269242,osm_ufficio_postale_asso_45.8620_9.2692,Ufficio postale Asso,ufficio_postale,ufficio_postale,https://raw.githubusercontent.com/pasqualelembo78/huntix-poi/main/italia/lombardia/sconosciuta/pages/ufficio_postale_asso_45.8620_9.2692.json,custom
45.781990,8.942511,osm_beregazzo_con_figliaro_45.7820_8.9425,Beregazzo con Figliaro,ufficio_postale,ufficio_postale,https://raw.githubusercontent.com/pasqualelembo78/huntix-poi/main/italia/lombardia/sconosciuta/pages/beregazzo_con_figliaro_45.7820_8.9425.json,custom
45.839734,9.103977,osm_ufficio_postale_di_blevio_45.8397_9.1040,Ufficio Postale di Blevio,ufficio_postale,ufficio_postale,https://raw.githubusercontent.com/pasqualelembo78/huntix-poi/main/italia/lombardia/sconosciuta/pages/ufficio_postale_di_blevio_45.8397_9.1040.json,custom
45.749191,9.009861,osm_bulgarograsso_45.7492_9.0099,Bulgarograsso,ufficio_postale,ufficio_postale,https://raw.githubusercontent.com/pasqualelembo78/huntix-poi/main/italia/lombardia/sconosciuta/pages/bulgarograsso_45.7492_9.0099.json,custom
45.837936,9.023795,osm_chiasso_3_boffalora_45.8379_9.0238,Chiasso 3 Boffalora,ufficio_postale,ufficio_postale,https://raw.githubusercontent.com/pasqualelembo78/huntix-poi/main/italia/lombardia/sconosciuta/pages/chiasso_3_boffalora_45.8379_9.0238.json,custom
45.700478,9.011244,osm_cirimido_45.7005_9.0112,Cirimido,ufficio_postale,ufficio_postale,https://raw.githubusercontent.com/pasqualelembo78/huntix-poi/main/italia/lombardia/sconosciuta/pages/cirimido_45.7005_9.0112.json,custom
45.990396,9.065373,osm_poste_italiane_45.9904_9.0654,Poste Italiane,ufficio_postale,ufficio_postale,https://raw.githubusercontent.com/pasqualelembo78/huntix-poi/main/italia/lombardia/sconosciuta/pages/poste_italiane_45.9904_9.0654.json,custom
45.802733,9.204523,osm_erba_1_45.8027_9.2045,Erba 1,ufficio_postale,ufficio_postale,https://raw.githubusercontent.com/pasqualelembo78/huntix-poi/main/italia/lombardia/sconosciuta/pages/erba_1_45.8027_9.2045.json,custom
45.871757,9.032068,osm_caneggio_45.8718_9.0321,Caneggio,ufficio_postale,ufficio_postale,https://raw.githubusercontent.com/pasqualelembo78/huntix-poi/main/italia/lombardia/sconosciuta/pages/caneggio_45.8718_9.0321.json,custom
45.900296,9.046094,osm_cabbio_45.9003_9.0461,Cabbio,ufficio_postale,ufficio_postale,https://raw.githubusercontent.com/pasqualelembo78/huntix-poi/main/italia/lombardia/sconosciuta/pages/cabbio_45.9003_9.0461.json,custom
45.319555,9.138581,osm_poste_italiane_45.3196_9.1386,Poste Italiane,ufficio_postale,ufficio_postale,https://raw.githubusercontent.com/pasqualelembo78/huntix-poi/main/italia/lombardia/sconosciuta/pages/poste_italiane_45.3196_9.1386.json,custom
44.838240,11.360928,osm_poste_italiane_44.8382_11.3609,Poste Italiane,ufficio_postale,ufficio_postale,https://raw.githubusercontent.com/pasqualelembo78/huntix-poi/main/italia/lombardia/sconosciuta/pages/poste_italiane_44.8382_11.3609.json,custom
46.052000,9.423389,osm_poste_46.0520_9.4234,Poste,ufficio_postale,ufficio_postale,https://raw.githubusercontent.com/pasqualelembo78/huntix-poi/main/italia/lombardia/sconosciuta/pages/poste_46.0520_9.4234.json,custom
45.870336,8.986080,osm_ufficio_postale_mendrisio_borgo_45.8703_8.9861,Ufficio Postale Mendrisio Borgo,ufficio_postale,ufficio_postale,https://raw.githubusercontent.com/pasqualelembo78/huntix-poi/main/italia/lombardia/sconosciuta/pages/ufficio_postale_mendrisio_borgo_45.8703_8.9861.json,custom
45.881713,9.027642,osm_monte_45.8817_9.0276,Monte,ufficio_postale,ufficio_postale,https://raw.githubusercontent.com/pasqualelembo78/huntix-poi/main/italia/lombardia/sconosciuta/pages/monte_45.8817_9.0276.json,custom
45.906071,8.972059,osm_riva_san_vitale_45.9061_8.9721,Riva San Vitale,ufficio_postale,ufficio_postale,https://raw.githubusercontent.com/pasqualelembo78/huntix-poi/main/italia/lombardia/sconosciuta/pages/riva_san_vitale_45.9061_8.9721.json,custom
45.837918,9.042322,osm_como_9_45.8379_9.0423,Como 9,ufficio_postale,ufficio_postale,https://raw.githubusercontent.com/pasqualelembo78/huntix-poi/main/italia/lombardia/sconosciuta/pages/como_9_45.8379_9.0423.json,custom
45.842832,8.983762,osm_ufficio_postale_novazzano_45.8428_8.9838,Ufficio postale Novazzano,ufficio_postale,ufficio_postale,https://raw.githubusercontent.com/pasqualelembo78/huntix-poi/main/italia/lombardia/sconosciuta/pages/ufficio_postale_novazzano_45.8428_8.9838.json,custom
45.432972,11.414028,osm_ufficio_postale_45.4330_11.4140,ufficio postale,ufficio_postale,ufficio_postale,https://raw.githubusercontent.com/pasqualelembo78/huntix-poi/main/italia/lombardia/sconosciuta/pages/ufficio_postale_45.4330_11.4140.json,custom
45.449082,10.978775,osm_poste_italiane_45.4491_10.9788,Poste Italiane,ufficio_postale,ufficio_postale,https://raw.githubusercontent.com/pasqualelembo78/huntix-poi/main/italia/lombardia/sconosciuta/pages/poste_italiane_45.4491_10.9788.json,custom
45.256687,10.676252,osm_ufficio_postale_goito_45.2567_10.6763,Ufficio postale Goito,ufficio_postale,ufficio_postale,https://raw.githubusercontent.com/pasqualelembo78/huntix-poi/main/italia/lombardia/sconosciuta/pages/ufficio_postale_goito_45.2567_10.6763.json,custom
45.813302,10.791702,osm_poste_italiane_45.8133_10.7917,Poste Italiane,ufficio_postale,ufficio_postale,https://raw.githubusercontent.com/pasqualelembo78/huntix-poi/main/italia/lombardia/sconosciuta/pages/poste_italiane_45.8133_10.7917.json,custom
45.554630,10.215622,osm_brescia_8_45.5546_10.2156,BRESCIA 8,ufficio_postale,ufficio_postale,https://raw.githubusercontent.com/pasqualelembo78/huntix-poi/main/italia/lombardia/sconosciuta/pages/brescia_8_45.5546_10.2156.json,custom
45.417179,10.980101,osm_poste_italiane_verona_fiera_45.4172_10.9801,Poste Italiane Verona fiera,ufficio_postale,ufficio_postale,https://raw.githubusercontent.com/pasqualelembo78/huntix-poi/main/italia/lombardia/sconosciuta/pages/poste_italiane_verona_fiera_45.4172_10.9801.json,custom
44.929563,9.017003,osm_poste_44.9296_9.0170,Poste,ufficio_postale,ufficio_postale,https://raw.githubusercontent.com/pasqualelembo78/huntix-poi/main/italia/lombardia/sconosciuta/pages/poste_44.9296_9.0170.json,custom
45.839699,8.810620,osm_sant_ambrogio_olona_45.8397_8.8106,Sant'Ambrogio Olona,ufficio_postale,ufficio_postale,https://raw.githubusercontent.com/pasqualelembo78/huntix-poi/main/italia/lombardia/sconosciuta/pages/santambrogio_olona_45.8397_8.8106.json,custom
44.952073,10.071868,osm_roncole_verdi_44.9521_10.0719,Roncole Verdi,ufficio_postale,ufficio_postale,https://raw.githubusercontent.com/pasqualelembo78/huntix-poi/main/italia/lombardia/sconosciuta/pages/roncole_verdi_44.9521_10.0719.json,custom
45.809603,9.085214,osm_como_4_45.8096_9.0852,Como 4,ufficio_postale,ufficio_postale,https://raw.githubusercontent.com/pasqualelembo78/huntix-poi/main/italia/lombardia/sconosciuta/pages/como_4_45.8096_9.0852.json,custom
46.168950,8.778685,osm_posta_solduno_46.1690_8.7787,Posta Solduno,ufficio_postale,ufficio_postale,https://raw.githubusercontent.com/pasqualelembo78/huntix-poi/main/italia/lombardia/sconosciuta/pages/posta_solduno_46.1690_8.7787.json,custom
45.552232,10.508190,osm_polpenazze_45.5522_10.5082,Polpenazze,ufficio_postale,ufficio_postale,https://raw.githubusercontent.com/pasqualelembo78/huntix-poi/main/italia/lombardia/sconosciuta/pages/polpenazze_45.5522_10.5082.json,custom
45.433214,11.019577,osm_poste_italiane_45.4332_11.0196,Poste Italiane,ufficio_postale,ufficio_postale,https://raw.githubusercontent.com/pasqualelembo78/huntix-poi/main/italia/lombardia/sconosciuta/pages/poste_italiane_45.4332_11.0196.json,custom
46.042816,9.302846,osm_posteitaliance_bellano_46.0428_9.3028,PosteItaliance Bellano,ufficio_postale,ufficio_postale,https://raw.githubusercontent.com/pasqualelembo78/huntix-poi/main/italia/lombardia/sconosciuta/pages/posteitaliance_bellano_46.0428_9.3028.json,custom
45.199784,10.581347,osm_poste_italiane_45.1998_10.5813,Poste Italiane,ufficio_postale,ufficio_postale,https://raw.githubusercontent.com/pasqualelembo78/huntix-poi/main/italia/lombardia/sconosciuta/pages/poste_italiane_45.1998_10.5813.json,custom
45.725583,8.635677,osm_mail_boxes_etc_45.7256_8.6357,Mail Boxes Etc,ufficio_postale,ufficio_postale,https://raw.githubusercontent.com/pasqualelembo78/huntix-poi/main/italia/lombardia/sconosciuta/pages/mail_boxes_etc_45.7256_8.6357.json,custom
44.911163,10.464328,osm_poste_di_mezzano_inferiore_44.9112_10.4643,poste di Mezzano Inferiore,ufficio_postale,ufficio_postale,https://raw.githubusercontent.com/pasqualelembo78/huntix-poi/main/italia/lombardia/sconosciuta/pages/poste_di_mezzano_inferiore_44.9112_10.4643.json,custom
44.866902,9.233803,osm_valverde_44.8669_9.2338,Valverde,ufficio_postale,ufficio_postale,https://raw.githubusercontent.com/pasqualelembo78/huntix-poi/main/italia/lombardia/sconosciuta/pages/valverde_44.8669_9.2338.json,custom
45.610195,10.390469,osm_poste_italiane_45.6102_10.3905,Poste Italiane,ufficio_postale,ufficio_postale,https://raw.githubusercontent.com/pasqualelembo78/huntix-poi/main/italia/lombardia/sconosciuta/pages/poste_italiane_45.6102_10.3905.json,custom
44.867326,9.265057,osm_zavattarello_44.8673_9.2651,Zavattarello,ufficio_postale,ufficio_postale,https://raw.githubusercontent.com/pasqualelembo78/huntix-poi/main/italia/lombardia/sconosciuta/pages/zavattarello_44.8673_9.2651.json,custom
45.718246,8.987324,osm_veniano_45.7182_8.9873,Veniano,ufficio_postale,ufficio_postale,https://raw.githubusercontent.com/pasqualelembo78/huntix-poi/main/italia/lombardia/sconosciuta/pages/veniano_45.7182_8.9873.json,custom
46.070937,8.798956,osm_veddasca_46.0709_8.7990,Veddasca,ufficio_postale,ufficio_postale,https://raw.githubusercontent.com/pasqualelembo78/huntix-poi/main/italia/lombardia/sconosciuta/pages/veddasca_46.0709_8.7990.json,custom
45.958899,8.843784,osm_cadegliano_45.9589_8.8438,Cadegliano,ufficio_postale,ufficio_postale,https://raw.githubusercontent.com/pasqualelembo78/huntix-poi/main/italia/lombardia/sconosciuta/pages/cadegliano_45.9589_8.8438.json,custom
45.752663,8.900894,osm_venegono_superiore_45.7527_8.9009,Venegono Superiore,ufficio_postale,ufficio_postale,https://raw.githubusercontent.com/pasqualelembo78/huntix-poi/main/italia/lombardia/sconosciuta/pages/venegono_superiore_45.7527_8.9009.json,custom
45.737780,8.902235,osm_venegono_inferiore_45.7378_8.9022,Venegono Inferiore,ufficio_postale,ufficio_postale,https://raw.githubusercontent.com/pasqualelembo78/huntix-poi/main/italia/lombardia/sconosciuta/pages/venegono_inferiore_45.7378_8.9022.json,custom
45.776399,8.883192,osm_vedano_olona_45.7764_8.8832,Vedano Olona,ufficio_postale,ufficio_postale,https://raw.githubusercontent.com/pasqualelembo78/huntix-poi/main/italia/lombardia/sconosciuta/pages/vedano_olona_45.7764_8.8832.json,custom
45.673720,8.824197,osm_cassano_magnago_45.6737_8.8242,Cassano Magnago,ufficio_postale,ufficio_postale,https://raw.githubusercontent.com/pasqualelembo78/huntix-poi/main/italia/lombardia/sconosciuta/pages/cassano_magnago_45.6737_8.8242.json,custom
45.685723,8.795756,osm_gallarate_1_45.6857_8.7958,Gallarate 1,ufficio_postale,ufficio_postale,https://raw.githubusercontent.com/pasqualelembo78/huntix-poi/main/italia/lombardia/sconosciuta/pages/gallarate_1_45.6857_8.7958.json,custom
45.648100,8.790717,osm_gallarate_2_45.6481_8.7907,Gallarate 2,ufficio_postale,ufficio_postale,https://raw.githubusercontent.com/pasqualelembo78/huntix-poi/main/italia/lombardia/sconosciuta/pages/gallarate_2_45.6481_8.7907.json,custom
45.674331,8.785572,osm_gallarate_3_45.6743_8.7856,Gallarate 3,ufficio_postale,ufficio_postale,https://raw.githubusercontent.com/pasqualelembo78/huntix-poi/main/italia/lombardia/sconosciuta/pages/gallarate_3_45.6743_8.7856.json,custom
45.666037,8.807725,osm_gallarate_4_45.6660_8.8077,Gallarate 4,ufficio_postale,ufficio_postale,https://raw.githubusercontent.com/pasqualelembo78/huntix-poi/main/italia/lombardia/sconosciuta/pages/gallarate_4_45.6660_8.8077.json,custom
45.949296,8.670292,osm_castelveccana_45.9493_8.6703,Castelveccana,ufficio_postale,ufficio_postale,https://raw.githubusercontent.com/pasqualelembo78/huntix-poi/main/italia/lombardia/sconosciuta/pages/castelveccana_45.9493_8.6703.json,custom
45.914462,8.880139,osm_cuasso_al_monte_45.9145_8.8801,Cuasso al Monte,ufficio_postale,ufficio_postale,https://raw.githubusercontent.com/pasqualelembo78/huntix-poi/main/italia/lombardia/sconosciuta/pages/cuasso_al_monte_45.9145_8.8801.json,custom
46.019483,8.788773,osm_dumenza_46.0195_8.7888,Dumenza,ufficio_postale,ufficio_postale,https://raw.githubusercontent.com/pasqualelembo78/huntix-poi/main/italia/lombardia/sconosciuta/pages/dumenza_46.0195_8.7888.json,custom
45.703947,8.873774,osm_lonate_ceppino_45.7039_8.8738,Lonate Ceppino,ufficio_postale,ufficio_postale,https://raw.githubusercontent.com/pasqualelembo78/huntix-poi/main/italia/lombardia/sconosciuta/pages/lonate_ceppino_45.7039_8.8738.json,custom
46.000320,8.745857,osm_ufficio_postale_di_luino_46.0003_8.7459,Ufficio Postale di Luino,ufficio_postale,ufficio_postale,https://raw.githubusercontent.com/pasqualelembo78/huntix-poi/main/italia/lombardia/sconosciuta/pages/ufficio_postale_di_luino_46.0003_8.7459.json,custom
45.628037,8.901234,osm_marnate_45.6280_8.9012,Marnate,ufficio_postale,ufficio_postale,https://raw.githubusercontent.com/pasqualelembo78/huntix-poi/main/italia/lombardia/sconosciuta/pages/marnate_45.6280_8.9012.json,custom
45.586381,8.758510,osm_sant_antonino_ticino_45.5864_8.7585,Sant'Antonino Ticino,ufficio_postale,ufficio_postale,https://raw.githubusercontent.com/pasqualelembo78/huntix-poi/main/italia/lombardia/sconosciuta/pages/santantonino_ticino_45.5864_8.7585.json,custom
45.829046,8.798372,osm_varese_6_45.8290_8.7984,Varese 6,ufficio_postale,ufficio_postale,https://raw.githubusercontent.com/pasqualelembo78/huntix-poi/main/italia/lombardia/sconosciuta/pages/varese_6_45.8290_8.7984.json,custom
45.988574,9.579289,osm_ufficio_postale_di_ornica_45.9886_9.5793,Ufficio Postale di Ornica,ufficio_postale,ufficio_postale,https://raw.githubusercontent.com/pasqualelembo78/huntix-poi/main/italia/lombardia/sconosciuta/pages/ufficio_postale_di_ornica_45.9886_9.5793.json,custom
46.169666,9.863151,osm_sondrio_1_46.1697_9.8632,Sondrio 1,ufficio_postale,ufficio_postale,https://raw.githubusercontent.com/pasqualelembo78/huntix-poi/main/italia/lombardia/sconosciuta/pages/sondrio_1_46.1697_9.8632.json,custom
46.163801,9.860893,osm_sondrio_2_46.1638_9.8609,Sondrio 2,ufficio_postale,ufficio_postale,https://raw.githubusercontent.com/pasqualelembo78/huntix-poi/main/italia/lombardia/sconosciuta/pages/sondrio_2_46.1638_9.8609.json,custom
45.351131,10.600032,osm_cavriana_45.3511_10.6000,Cavriana,ufficio_postale,ufficio_postale,https://raw.githubusercontent.com/pasqualelembo78/huntix-poi/main/italia/lombardia/sconosciuta/pages/cavriana_45.3511_10.6000.json,custom
44.701152,10.622014,osm_poste_italiane___reggio_emilia_1_44.7012_10.6220,Poste Italiane - Reggio Emilia 1,ufficio_postale,ufficio_postale,https://raw.githubusercontent.com/pasqualelembo78/huntix-poi/main/italia/lombardia/sconosciuta/pages/poste_italiane_-_reggio_emilia_1_44.7012_10.6220.json,custom
44.699002,10.632331,osm_poste_italiane___reggio_emilia_centro_44.6990_10.6323,Poste Italiane - Reggio Emilia Centro,ufficio_postale,ufficio_postale,https://raw.githubusercontent.com/pasqualelembo78/huntix-poi/main/italia/lombardia/sconosciuta/pages/poste_italiane_-_reggio_emilia_centro_44.6990_10.6323.json,custom
45.973740,8.880467,osm_posta_45.9737_8.8805,Posta,ufficio_postale,ufficio_postale,https://raw.githubusercontent.com/pasqualelembo78/huntix-poi/main/italia/lombardia/sconosciuta/pages/posta_45.9737_8.8805.json,custom
44.772763,10.881091,osm_carpi_marx_44.7728_10.8811,Carpi Marx,ufficio_postale,ufficio_postale,https://raw.githubusercontent.com/pasqualelembo78/huntix-poi/main/italia/lombardia/sconosciuta/pages/carpi_marx_44.7728_10.8811.json,custom
44.785378,10.887743,osm_poste_italiane_44.7854_10.8877,Poste Italiane,ufficio_postale,ufficio_postale,https://raw.githubusercontent.com/pasqualelembo78/huntix-poi/main/italia/lombardia/sconosciuta/pages/poste_italiane_44.7854_10.8877.json,custom
44.927267,9.274614,osm_pometo_44.9273_9.2746,Pometo,ufficio_postale,ufficio_postale,https://raw.githubusercontent.com/pasqualelembo78/huntix-poi/main/italia/lombardia/sconosciuta/pages/pometo_44.9273_9.2746.json,custom
44.635291,11.419636,osm_bentivoglio_via_marconi_44.6353_11.4196,Bentivoglio Via Marconi,ufficio_postale,ufficio_postale,https://raw.githubusercontent.com/pasqualelembo78/huntix-poi/main/italia/lombardia/sconosciuta/pages/bentivoglio_via_marconi_44.6353_11.4196.json,custom
45.702831,9.720451,osm_poste_italiane_45.7028_9.7205,Poste Italiane,ufficio_postale,ufficio_postale,https://raw.githubusercontent.com/pasqualelembo78/huntix-poi/main/italia/lombardia/sconosciuta/pages/poste_italiane_45.7028_9.7205.json,custom
44.931426,9.192472,osm_borgoratto_mormorolo_44.9314_9.1925,Borgoratto Mormorolo,ufficio_postale,ufficio_postale,https://raw.githubusercontent.com/pasqualelembo78/huntix-poi/main/italia/lombardia/sconosciuta/pages/borgoratto_mormorolo_44.9314_9.1925.json,custom
45.367179,9.704414,osm_poste_italiane_45.3672_9.7044,Poste Italiane,ufficio_postale,ufficio_postale,https://raw.githubusercontent.com/pasqualelembo78/huntix-poi/main/italia/lombardia/sconosciuta/pages/poste_italiane_45.3672_9.7044.json,custom
45.521914,9.595607,osm_treviglio_1_45.5219_9.5956,Treviglio 1,ufficio_postale,ufficio_postale,https://raw.githubusercontent.com/pasqualelembo78/huntix-poi/main/italia/lombardia/sconosciuta/pages/treviglio_1_45.5219_9.5956.json,custom
45.097388,8.735187,osm_ufficio_postale_mede_45.0974_8.7352,Ufficio postale Mede,ufficio_postale,ufficio_postale,https://raw.githubusercontent.com/pasqualelembo78/huntix-poi/main/italia/lombardia/sconosciuta/pages/ufficio_postale_mede_45.0974_8.7352.json,custom
45.200906,10.541092,osm_cassetta_postale_45.2009_10.5411,Cassetta Postale,ufficio_postale,ufficio_postale,https://raw.githubusercontent.com/pasqualelembo78/huntix-poi/main/italia/lombardia/sconosciuta/pages/cassetta_postale_45.2009_10.5411.json,custom
45.404874,9.131850,osm_poste_italiane_45.4049_9.1319,Poste Italiane,ufficio_postale,ufficio_postale,https://raw.githubusercontent.com/pasqualelembo78/huntix-poi/main/italia/lombardia/sconosciuta/pages/poste_italiane_45.4049_9.1319.json,custom
45.463910,8.885352,osm_mail_boxes_etc__45.4639_8.8854,Mail Boxes Etc.,ufficio_postale,ufficio_postale,https://raw.githubusercontent.com/pasqualelembo78/huntix-poi/main/italia/lombardia/sconosciuta/pages/mail_boxes_etc_45.4639_8.8854.json,custom
45.436404,8.888405,osm_robecco_sul_naviglio_45.4364_8.8884,Robecco sul Naviglio,ufficio_postale,ufficio_postale,https://raw.githubusercontent.com/pasqualelembo78/huntix-poi/main/italia/lombardia/sconosciuta/pages/robecco_sul_naviglio_45.4364_8.8884.json,custom
44.723035,8.855995,osm_ufficio_postale_di_serravalle_scrivia_44.7230_8.8560,Ufficio Postale di Serravalle Scrivia,ufficio_postale,ufficio_postale,https://raw.githubusercontent.com/pasqualelembo78/huntix-poi/main/italia/lombardia/sconosciuta/pages/ufficio_postale_di_serravalle_scrivia_44.7230_8.8560.json,custom
45.071480,9.098729,osm_poste_italiane_45.0715_9.0987,Poste Italiane,ufficio_postale,ufficio_postale,https://raw.githubusercontent.com/pasqualelembo78/huntix-poi/main/italia/lombardia/sconosciuta/pages/poste_italiane_45.0715_9.0987.json,custom
44.624054,9.332041,osm_poste_italiane_44.6241_9.3320,Poste Italiane,ufficio_postale,ufficio_postale,https://raw.githubusercontent.com/pasqualelembo78/huntix-poi/main/italia/lombardia/sconosciuta/pages/poste_italiane_44.6241_9.3320.json,custom
44.871044,9.643930,osm_poste_italiane_44.8710_9.6439,Poste Italiane,ufficio_postale,ufficio_postale,https://raw.githubusercontent.com/pasqualelembo78/huntix-poi/main/italia/lombardia/sconosciuta/pages/poste_italiane_44.8710_9.6439.json,custom
45.641306,10.608764,osm_poste_italiane_toscolano_45.6413_10.6088,Poste Italiane Toscolano,ufficio_postale,ufficio_postale,https://raw.githubusercontent.com/pasqualelembo78/huntix-poi/main/italia/lombardia/sconosciuta/pages/poste_italiane_toscolano_45.6413_10.6088.json,custom
46.456110,11.116813,osm_poste_italiane_46.4561_11.1168,Poste Italiane,ufficio_postale,ufficio_postale,https://raw.githubusercontent.com/pasqualelembo78/huntix-poi/main/italia/lombardia/sconosciuta/pages/poste_italiane_46.4561_11.1168.json,custom
46.430910,11.107623,osm_poste_italiane_46.4309_11.1076,Poste Italiane,ufficio_postale,ufficio_postale,https://raw.githubusercontent.com/pasqualelembo78/huntix-poi/main/italia/lombardia/sconosciuta/pages/poste_italiane_46.4309_11.1076.json,custom
45.009859,9.205287,osm_mornico_losana_45.0099_9.2053,Mornico Losana,ufficio_postale,ufficio_postale,https://raw.githubusercontent.com/pasqualelembo78/huntix-poi/main/italia/lombardia/sconosciuta/pages/mornico_losana_45.0099_9.2053.json,custom
44.503713,9.630499,osm_poste_italiane_44.5037_9.6305,Poste Italiane,ufficio_postale,ufficio_postale,https://raw.githubusercontent.com/pasqualelembo78/huntix-poi/main/italia/lombardia/sconosciuta/pages/poste_italiane_44.5037_9.6305.json,custom
44.966852,9.148608,osm_borgo_priolo_44.9669_9.1486,Borgo Priolo,ufficio_postale,ufficio_postale,https://raw.githubusercontent.com/pasqualelembo78/huntix-poi/main/italia/lombardia/sconosciuta/pages/borgo_priolo_44.9669_9.1486.json,custom
45.051067,9.699527,osm_my_poste_private_45.0511_9.6995,My Poste Private,ufficio_postale,ufficio_postale,https://raw.githubusercontent.com/pasqualelembo78/huntix-poi/main/italia/lombardia/sconosciuta/pages/my_poste_private_45.0511_9.6995.json,custom
45.372014,9.687240,osm_centro_smistamento_crema_45.3720_9.6872,Centro smistamento Crema,ufficio_postale,ufficio_postale,https://raw.githubusercontent.com/pasqualelembo78/huntix-poi/main/italia/lombardia/sconosciuta/pages/centro_smistamento_crema_45.3720_9.6872.json,custom
44.662735,10.471775,osm_bibbiano_44.6627_10.4718,Bibbiano,ufficio_postale,ufficio_postale,https://raw.githubusercontent.com/pasqualelembo78/huntix-poi/main/italia/lombardia/sconosciuta/pages/bibbiano_44.6627_10.4718.json,custom
45.518794,9.585259,osm_treviglio_45.5188_9.5853,Treviglio,ufficio_postale,ufficio_postale,https://raw.githubusercontent.com/pasqualelembo78/huntix-poi/main/italia/lombardia/sconosciuta/pages/treviglio_45.5188_9.5853.json,custom
46.291510,11.462249,osm_poste_italiane_46.2915_11.4622,Poste Italiane,ufficio_postale,ufficio_postale,https://raw.githubusercontent.com/pasqualelembo78/huntix-poi/main/italia/lombardia/sconosciuta/pages/poste_italiane_46.2915_11.4622.json,custom
45.711998,9.823950,osm_ufficio_postale_di_cenate_sopra_45.7120_9.8239,Ufficio Postale di Cenate Sopra,ufficio_postale,ufficio_postale,https://raw.githubusercontent.com/pasqualelembo78/huntix-poi/main/italia/lombardia/sconosciuta/pages/ufficio_postale_di_cenate_sopra_45.7120_9.8239.json,custom
44.987114,9.300194,osm_poste_italiane___santa_maria_della_versa_44.9871_9.3002,Poste Italiane - Santa Maria della Versa,ufficio_postale,ufficio_postale,https://raw.githubusercontent.com/pasqualelembo78/huntix-poi/main/italia/lombardia/sconosciuta/pages/poste_italiane_-_santa_maria_della_versa_44.9871_9.3002.json,custom
44.804026,10.313615,osm_poste_italiane_44.8040_10.3136,poste italiane,ufficio_postale,ufficio_postale,https://raw.githubusercontent.com/pasqualelembo78/huntix-poi/main/italia/lombardia/sconosciuta/pages/poste_italiane_44.8040_10.3136.json,custom
45.794545,9.668399,osm_poste_italiane_zogno_45.7945_9.6684,Poste Italiane Zogno,ufficio_postale,ufficio_postale,https://raw.githubusercontent.com/pasqualelembo78/huntix-poi/main/italia/lombardia/sconosciuta/pages/poste_italiane_zogno_45.7945_9.6684.json,custom
46.264074,9.001756,osm_preonzo_46.2641_9.0018,Preonzo,ufficio_postale,ufficio_postale,https://raw.githubusercontent.com/pasqualelembo78/huntix-poi/main/italia/lombardia/sconosciuta/pages/preonzo_46.2641_9.0018.json,custom
45.398522,11.300721,osm_ufficio_postale_prova_45.3985_11.3007,Ufficio postale Prova,ufficio_postale,ufficio_postale,https://raw.githubusercontent.com/pasqualelembo78/huntix-poi/main/italia/lombardia/sconosciuta/pages/ufficio_postale_prova_45.3985_11.3007.json,custom
45.530919,10.239982,osm_brescia_7_45.5309_10.2400,BRESCIA 7,ufficio_postale,ufficio_postale,https://raw.githubusercontent.com/pasqualelembo78/huntix-poi/main/italia/lombardia/sconosciuta/pages/brescia_7_45.5309_10.2400.json,custom
45.320064,10.946441,osm_poste_italiane_45.3201_10.9464,Poste Italiane,ufficio_postale,ufficio_postale,https://raw.githubusercontent.com/pasqualelembo78/huntix-poi/main/italia/lombardia/sconosciuta/pages/poste_italiane_45.3201_10.9464.json,custom
45.507307,10.256087,osm_san_polo_45.5073_10.2561,SAN POLO,ufficio_postale,ufficio_postale,https://raw.githubusercontent.com/pasqualelembo78/huntix-poi/main/italia/lombardia/sconosciuta/pages/san_polo_45.5073_10.2561.json,custom
45.999713,8.819110,osm_agenzia_postale_45.9997_8.8191,Agenzia Postale,ufficio_postale,ufficio_postale,https://raw.githubusercontent.com/pasqualelembo78/huntix-poi/main/italia/lombardia/sconosciuta/pages/agenzia_postale_45.9997_8.8191.json,custom
45.870692,10.774338,osm_molina_di_ledro_45.8707_10.7743,Molina di Ledro,ufficio_postale,ufficio_postale,https://raw.githubusercontent.com/pasqualelembo78/huntix-poi/main/italia/lombardia/sconosciuta/pages/molina_di_ledro_45.8707_10.7743.json,custom
45.704220,9.479641,osm_poste_italiane_45.7042_9.4796,Poste Italiane,ufficio_postale,ufficio_postale,https://raw.githubusercontent.com/pasqualelembo78/huntix-poi/main/italia/lombardia/sconosciuta/pages/poste_italiane_45.7042_9.4796.json,custom
45.493997,9.191222,osm_mail_boxes_etc__45.4940_9.1912,Mail Boxes Etc.,ufficio_postale,ufficio_postale,https://raw.githubusercontent.com/pasqualelembo78/huntix-poi/main/italia/lombardia/sconosciuta/pages/mail_boxes_etc_45.4940_9.1912.json,custom
45.232785,9.181350,osm_san_genesio_ed_uniti_45.2328_9.1814,San Genesio ed Uniti,ufficio_postale,ufficio_postale,https://raw.githubusercontent.com/pasqualelembo78/huntix-poi/main/italia/lombardia/sconosciuta/pages/san_genesio_ed_uniti_45.2328_9.1814.json,custom
45.235156,9.233478,osm_lardirago_45.2352_9.2335,Lardirago,ufficio_postale,ufficio_postale,https://raw.githubusercontent.com/pasqualelembo78/huntix-poi/main/italia/lombardia/sconosciuta/pages/lardirago_45.2352_9.2335.json,custom
45.500684,9.942382,osm_ufficio_postale_di_castelcovati_45.5007_9.9424,Ufficio postale di Castelcovati,ufficio_postale,ufficio_postale,https://raw.githubusercontent.com/pasqualelembo78/huntix-poi/main/italia/lombardia/sconosciuta/pages/ufficio_postale_di_castelcovati_45.5007_9.9424.json,custom
45.630837,8.828548,osm_busto_arsizio_5_45.6308_8.8285,Busto Arsizio 5,ufficio_postale,ufficio_postale,https://raw.githubusercontent.com/pasqualelembo78/huntix-poi/main/italia/lombardia/sconosciuta/pages/busto_arsizio_5_45.6308_8.8285.json,custom
45.941998,10.275210,osm_poste_italiane_45.9420_10.2752,Poste Italiane,ufficio_postale,ufficio_postale,https://raw.githubusercontent.com/pasqualelembo78/huntix-poi/main/italia/lombardia/sconosciuta/pages/poste_italiane_45.9420_10.2752.json,custom
45.820650,10.025032,osm_poste_italiane_45.8206_10.0250,Poste Italiane,ufficio_postale,ufficio_postale,https://raw.githubusercontent.com/pasqualelembo78/huntix-poi/main/italia/lombardia/sconosciuta/pages/poste_italiane_45.8206_10.0250.json,custom
45.013309,9.447265,osm_poste_italiane_45.0133_9.4473,Poste Italiane,ufficio_postale,ufficio_postale,https://raw.githubusercontent.com/pasqualelembo78/huntix-poi/main/italia/lombardia/sconosciuta/pages/poste_italiane_45.0133_9.4473.json,custom
46.303498,11.455991,osm_ufficio_postale_varena_46.3035_11.4560,Ufficio Postale Varena,ufficio_postale,ufficio_postale,https://raw.githubusercontent.com/pasqualelembo78/huntix-poi/main/italia/lombardia/sconosciuta/pages/ufficio_postale_varena_46.3035_11.4560.json,custom
45.529723,9.217860,osm_poste_italiane_45.5297_9.2179,Poste Italiane,ufficio_postale,ufficio_postale,https://raw.githubusercontent.com/pasqualelembo78/huntix-poi/main/italia/lombardia/sconosciuta/pages/poste_italiane_45.5297_9.2179.json,custom
45.355947,9.755086,osm_poste_di_izano_45.3559_9.7551,Poste di Izano,ufficio_postale,ufficio_postale,https://raw.githubusercontent.com/pasqualelembo78/huntix-poi/main/italia/lombardia/sconosciuta/pages/poste_di_izano_45.3559_9.7551.json,custom
46.348881,11.298982,osm_poste_italiane_46.3489_11.2990,Poste Italiane,ufficio_postale,ufficio_postale,https://raw.githubusercontent.com/pasqualelembo78/huntix-poi/main/italia/lombardia/sconosciuta/pages/poste_italiane_46.3489_11.2990.json,custom
46.322472,11.349062,osm_poste_italiane_46.3225_11.3491,Poste Italiane,ufficio_postale,ufficio_postale,https://raw.githubusercontent.com/pasqualelembo78/huntix-poi/main/italia/lombardia/sconosciuta/pages/poste_italiane_46.3225_11.3491.json,custom
45.532530,9.222948,osm_mail_boxes_etc__45.5325_9.2229,Mail Boxes Etc.,ufficio_postale,ufficio_postale,https://raw.githubusercontent.com/pasqualelembo78/huntix-poi/main/italia/lombardia/sconosciuta/pages/mail_boxes_etc_45.5325_9.2229.json,custom
45.977477,8.876843,osm_la_posta_45.9775_8.8768,La Posta,ufficio_postale,ufficio_postale,https://raw.githubusercontent.com/pasqualelembo78/huntix-poi/main/italia/lombardia/sconosciuta/pages/la_posta_45.9775_8.8768.json,custom
45.493003,9.218194,osm_posta_express_45.4930_9.2182,Posta Express,ufficio_postale,ufficio_postale,https://raw.githubusercontent.com/pasqualelembo78/huntix-poi/main/italia/lombardia/sconosciuta/pages/posta_express_45.4930_9.2182.json,custom
45.926680,11.041940,osm_ufficio_postale_45.9267_11.0419,Ufficio Postale,ufficio_postale,ufficio_postale,https://raw.githubusercontent.com/pasqualelembo78/huntix-poi/main/italia/lombardia/sconosciuta/pages/ufficio_postale_45.9267_11.0419.json,custom
45.867044,8.531536,osm_ufficio_postale_di_vezzo_45.8670_8.5315,Ufficio postale di Vezzo,ufficio_postale,ufficio_postale,https://raw.githubusercontent.com/pasqualelembo78/huntix-poi/main/italia/lombardia/sconosciuta/pages/ufficio_postale_di_vezzo_45.8670_8.5315.json,custom
45.791207,8.537706,osm_ufficio_postale_di_meina_45.7912_8.5377,Ufficio Postale di Meina,ufficio_postale,ufficio_postale,https://raw.githubusercontent.com/pasqualelembo78/huntix-poi/main/italia/lombardia/sconosciuta/pages/ufficio_postale_di_meina_45.7912_8.5377.json,custom
44.895192,8.862351,osm_poste_italiane_44.8952_8.8624,Poste Italiane,ufficio_postale,ufficio_postale,https://raw.githubusercontent.com/pasqualelembo78/huntix-poi/main/italia/lombardia/sconosciuta/pages/poste_italiane_44.8952_8.8624.json,custom
45.188152,9.144613,osm_pavia_1_45.1882_9.1446,Pavia 1,ufficio_postale,ufficio_postale,https://raw.githubusercontent.com/pasqualelembo78/huntix-poi/main/italia/lombardia/sconosciuta/pages/pavia_1_45.1882_9.1446.json,custom
44.639384,10.381237,osm_poste_italiane_44.6394_10.3812,Poste Italiane,ufficio_postale,ufficio_postale,https://raw.githubusercontent.com/pasqualelembo78/huntix-poi/main/italia/lombardia/sconosciuta/pages/poste_italiane_44.6394_10.3812.json,custom
44.794991,10.358866,osm_poste_italiane_44.7950_10.3589,Poste Italiane,ufficio_postale,ufficio_postale,https://raw.githubusercontent.com/pasqualelembo78/huntix-poi/main/italia/lombardia/sconosciuta/pages/poste_italiane_44.7950_10.3589.json,custom
45.132764,10.016550,osm_poste_italiane_45.1328_10.0166,Poste Italiane,ufficio_postale,ufficio_postale,https://raw.githubusercontent.com/pasqualelembo78/huntix-poi/main/italia/lombardia/sconosciuta/pages/poste_italiane_45.1328_10.0166.json,custom
45.150466,9.954633,osm_poste_italiane_cava_tigozzi_45.1505_9.9546,Poste Italiane Cava Tigozzi,ufficio_postale,ufficio_postale,https://raw.githubusercontent.com/pasqualelembo78/huntix-poi/main/italia/lombardia/sconosciuta/pages/poste_italiane_cava_tigozzi_45.1505_9.9546.json,custom
45.412265,11.184036,osm_ufficio_di_caldiero_45.4123_11.1840,Ufficio di CALDIERO,ufficio_postale,ufficio_postale,https://raw.githubusercontent.com/pasqualelembo78/huntix-poi/main/italia/lombardia/sconosciuta/pages/ufficio_di_caldiero_45.4123_11.1840.json,custom
45.424250,8.905528,osm_poste_italiane_45.4242_8.9055,Poste Italiane,ufficio_postale,ufficio_postale,https://raw.githubusercontent.com/pasqualelembo78/huntix-poi/main/italia/lombardia/sconosciuta/pages/poste_italiane_45.4242_8.9055.json,custom
45.811014,9.007532,osm_ufficio_postale_par__45.8110_9.0075,Ufficio postale Parè,ufficio_postale,ufficio_postale,https://raw.githubusercontent.com/pasqualelembo78/huntix-poi/main/italia/lombardia/sconosciuta/pages/ufficio_postale_par_45.8110_9.0075.json,custom
45.543378,10.214989,osm_brescia_3_45.5434_10.2150,BRESCIA 3,ufficio_postale,ufficio_postale,https://raw.githubusercontent.com/pasqualelembo78/huntix-poi/main/italia/lombardia/sconosciuta/pages/brescia_3_45.5434_10.2150.json,custom
45.546666,10.225636,osm_brescia_1_45.5467_10.2256,Brescia 1,ufficio_postale,ufficio_postale,https://raw.githubusercontent.com/pasqualelembo78/huntix-poi/main/italia/lombardia/sconosciuta/pages/brescia_1_45.5467_10.2256.json,custom
44.758558,10.670363,osm_bagnolo_in_piano_44.7586_10.6704,Bagnolo in Piano,ufficio_postale,ufficio_postale,https://raw.githubusercontent.com/pasqualelembo78/huntix-poi/main/italia/lombardia/sconosciuta/pages/bagnolo_in_piano_44.7586_10.6704.json,custom
45.446845,9.223303,osm_gls_45.4468_9.2233,GLS,ufficio_postale,ufficio_postale,https://raw.githubusercontent.com/pasqualelembo78/huntix-poi/main/italia/lombardia/sconosciuta/pages/gls_45.4468_9.2233.json,custom
44.792177,10.359252,osm_mail_boxes_etc__44.7922_10.3593,Mail Boxes Etc.,ufficio_postale,ufficio_postale,https://raw.githubusercontent.com/pasqualelembo78/huntix-poi/main/italia/lombardia/sconosciuta/pages/mail_boxes_etc_44.7922_10.3593.json,custom
45.593786,11.065394,osm_rover__veronese_45.5938_11.0654,Roveré Veronese,ufficio_postale,ufficio_postale,https://raw.githubusercontent.com/pasqualelembo78/huntix-poi/main/italia/lombardia/sconosciuta/pages/rover_veronese_45.5938_11.0654.json,custom
45.574857,11.038650,osm_cerro_veronese_45.5749_11.0387,Cerro Veronese,ufficio_postale,ufficio_postale,https://raw.githubusercontent.com/pasqualelembo78/huntix-poi/main/italia/lombardia/sconosciuta/pages/cerro_veronese_45.5749_11.0387.json,custom
45.686326,10.899097,osm_brentino_belluno_45.6863_10.8991,Brentino Belluno,ufficio_postale,ufficio_postale,https://raw.githubusercontent.com/pasqualelembo78/huntix-poi/main/italia/lombardia/sconosciuta/pages/brentino_belluno_45.6863_10.8991.json,custom
46.237642,9.127827,osm_la_posta_46.2376_9.1278,La Posta,ufficio_postale,ufficio_postale,https://raw.githubusercontent.com/pasqualelembo78/huntix-poi/main/italia/lombardia/sconosciuta/pages/la_posta_46.2376_9.1278.json,custom
45.351407,9.016449,osm_ufficio_postale_rosate_45.3514_9.0164,Ufficio Postale Rosate,ufficio_postale,ufficio_postale,https://raw.githubusercontent.com/pasqualelembo78/huntix-poi/main/italia/lombardia/sconosciuta/pages/ufficio_postale_rosate_45.3514_9.0164.json,custom
45.917818,10.832788,osm_tenno_45.9178_10.8328,Tenno,ufficio_postale,ufficio_postale,https://raw.githubusercontent.com/pasqualelembo78/huntix-poi/main/italia/lombardia/sconosciuta/pages/tenno_45.9178_10.8328.json,custom
45.550029,9.433300,osm_poste_italiane_45.5500_9.4333,Poste Italiane,ufficio_postale,ufficio_postale,https://raw.githubusercontent.com/pasqualelembo78/huntix-poi/main/italia/lombardia/sconosciuta/pages/poste_italiane_45.5500_9.4333.json,custom
46.238382,9.107577,osm_ufficio_postale_46.2384_9.1076,Ufficio postale,ufficio_postale,ufficio_postale,https://raw.githubusercontent.com/pasqualelembo78/huntix-poi/main/italia/lombardia/sconosciuta/pages/ufficio_postale_46.2384_9.1076.json,custom
46.165956,10.243820,osm_ufficio_postale_corteno_golgi_46.1660_10.2438,Ufficio postale Corteno Golgi,ufficio_postale,ufficio_postale,https://raw.githubusercontent.com/pasqualelembo78/huntix-poi/main/italia/lombardia/sconosciuta/pages/ufficio_postale_corteno_golgi_46.1660_10.2438.json,custom
44.598094,10.797819,osm_pt_magreta_44.5981_10.7978,PT Magreta,ufficio_postale,ufficio_postale,https://raw.githubusercontent.com/pasqualelembo78/huntix-poi/main/italia/lombardia/sconosciuta/pages/pt_magreta_44.5981_10.7978.json,custom
46.310251,10.730372,osm_poste_italiane_46.3103_10.7304,Poste Italiane,ufficio_postale,ufficio_postale,https://raw.githubusercontent.com/pasqualelembo78/huntix-poi/main/italia/lombardia/sconosciuta/pages/poste_italiane_46.3103_10.7304.json,custom
45.464955,9.911888,osm_ufficio_postale_roccafranca_45.4650_9.9119,Ufficio postale Roccafranca,ufficio_postale,ufficio_postale,https://raw.githubusercontent.com/pasqualelembo78/huntix-poi/main/italia/lombardia/sconosciuta/pages/ufficio_postale_roccafranca_45.4650_9.9119.json,custom
44.770607,11.091575,osm_poste_italiane_44.7706_11.0916,Poste Italiane,ufficio_postale,ufficio_postale,https://raw.githubusercontent.com/pasqualelembo78/huntix-poi/main/italia/lombardia/sconosciuta/pages/poste_italiane_44.7706_11.0916.json,custom
45.143386,10.034149,osm_ufficio_postale_cremona_6_45.1434_10.0341,Ufficio Postale Cremona 6,ufficio_postale,ufficio_postale,https://raw.githubusercontent.com/pasqualelembo78/huntix-poi/main/italia/lombardia/sconosciuta/pages/ufficio_postale_cremona_6_45.1434_10.0341.json,custom
45.285484,9.710169,osm_poste_italiane_45.2855_9.7102,Poste Italiane,ufficio_postale,ufficio_postale,https://raw.githubusercontent.com/pasqualelembo78/huntix-poi/main/italia/lombardia/sconosciuta/pages/poste_italiane_45.2855_9.7102.json,custom
45.195748,10.186528,osm_pescarolo_45.1957_10.1865,Pescarolo,ufficio_postale,ufficio_postale,https://raw.githubusercontent.com/pasqualelembo78/huntix-poi/main/italia/lombardia/sconosciuta/pages/pescarolo_45.1957_10.1865.json,custom
45.377837,9.782674,osm_poste_italiane_45.3778_9.7827,Poste Italiane,ufficio_postale,ufficio_postale,https://raw.githubusercontent.com/pasqualelembo78/huntix-poi/main/italia/lombardia/sconosciuta/pages/poste_italiane_45.3778_9.7827.json,custom
45.792386,9.064313,osm_poste_italiane_45.7924_9.0643,Poste Italiane,ufficio_postale,ufficio_postale,https://raw.githubusercontent.com/pasqualelembo78/huntix-poi/main/italia/lombardia/sconosciuta/pages/poste_italiane_45.7924_9.0643.json,custom
45.197174,8.923932,osm_ufficio_postale_garlasco_45.1972_8.9239,Ufficio postale Garlasco,ufficio_postale,ufficio_postale,https://raw.githubusercontent.com/pasqualelembo78/huntix-poi/main/italia/lombardia/sconosciuta/pages/ufficio_postale_garlasco_45.1972_8.9239.json,custom
45.175984,8.993901,osm_poste_italiane_45.1760_8.9939,Poste Italiane,ufficio_postale,ufficio_postale,https://raw.githubusercontent.com/pasqualelembo78/huntix-poi/main/italia/lombardia/sconosciuta/pages/poste_italiane_45.1760_8.9939.json,custom
45.157017,9.367873,osm_poste_italiane_45.1570_9.3679,Poste Italiane,ufficio_postale,ufficio_postale,https://raw.githubusercontent.com/pasqualelembo78/huntix-poi/main/italia/lombardia/sconosciuta/pages/poste_italiane_45.1570_9.3679.json,custom
45.176534,9.316950,osm_poste_italiane_45.1765_9.3169,Poste Italiane,ufficio_postale,ufficio_postale,https://raw.githubusercontent.com/pasqualelembo78/huntix-poi/main/italia/lombardia/sconosciuta/pages/poste_italiane_45.1765_9.3169.json,custom
44.875472,9.975013,osm_poste_italiane_44.8755_9.9750,Poste Italiane,ufficio_postale,ufficio_postale,https://raw.githubusercontent.com/pasqualelembo78/huntix-poi/main/italia/lombardia/sconosciuta/pages/poste_italiane_44.8755_9.9750.json,custom
45.734094,10.789722,osm_poste_italiane_45.7341_10.7897,Poste Italiane,ufficio_postale,ufficio_postale,https://raw.githubusercontent.com/pasqualelembo78/huntix-poi/main/italia/lombardia/sconosciuta/pages/poste_italiane_45.7341_10.7897.json,custom
44.562068,8.670560,osm_rossiglione_44.5621_8.6706,Rossiglione,ufficio_postale,ufficio_postale,https://raw.githubusercontent.com/pasqualelembo78/huntix-poi/main/italia/lombardia/sconosciuta/pages/rossiglione_44.5621_8.6706.json,custom
44.687436,10.491545,osm_barco_44.6874_10.4915,Barco,ufficio_postale,ufficio_postale,https://raw.githubusercontent.com/pasqualelembo78/huntix-poi/main/italia/lombardia/sconosciuta/pages/barco_44.6874_10.4915.json,custom
45.677109,9.388660,osm_osnago_45.6771_9.3887,Osnago,ufficio_postale,ufficio_postale,https://raw.githubusercontent.com/pasqualelembo78/huntix-poi/main/italia/lombardia/sconosciuta/pages/osnago_45.6771_9.3887.json,custom
45.451083,9.252427,osm_nexive_45.4511_9.2524,Nexive,ufficio_postale,ufficio_postale,https://raw.githubusercontent.com/pasqualelembo78/huntix-poi/main/italia/lombardia/sconosciuta/pages/nexive_45.4511_9.2524.json,custom
44.777950,10.400079,osm_poste_italiane_44.7780_10.4001,Poste Italiane,ufficio_postale,ufficio_postale,https://raw.githubusercontent.com/pasqualelembo78/huntix-poi/main/italia/lombardia/sconosciuta/pages/poste_italiane_44.7780_10.4001.json,custom
46.430237,9.765400,osm_filiela_sils_segl_maria_46.4302_9.7654,Filiela Sils/Segl Maria,ufficio_postale,ufficio_postale,https://raw.githubusercontent.com/pasqualelembo78/huntix-poi/main/italia/lombardia/sconosciuta/pages/filiela_silssegl_maria_46.4302_9.7654.json,custom
45.673974,9.203157,osm_poste_italiane_45.6740_9.2032,Poste Italiane,ufficio_postale,ufficio_postale,https://raw.githubusercontent.com/pasqualelembo78/huntix-poi/main/italia/lombardia/sconosciuta/pages/poste_italiane_45.6740_9.2032.json,custom
46.481933,11.321594,osm_poste_italiane_46.4819_11.3216,Poste Italiane,ufficio_postale,ufficio_postale,https://raw.githubusercontent.com/pasqualelembo78/huntix-poi/main/italia/lombardia/sconosciuta/pages/poste_italiane_46.4819_11.3216.json,custom
45.061759,8.969621,osm_poste_italiane_45.0618_8.9696,Poste Italiane,ufficio_postale,ufficio_postale,https://raw.githubusercontent.com/pasqualelembo78/huntix-poi/main/italia/lombardia/sconosciuta/pages/poste_italiane_45.0618_8.9696.json,custom
45.289193,10.268254,osm_poste_italiane_45.2892_10.2683,Poste Italiane,ufficio_postale,ufficio_postale,https://raw.githubusercontent.com/pasqualelembo78/huntix-poi/main/italia/lombardia/sconosciuta/pages/poste_italiane_45.2892_10.2683.json,custom
46.231806,10.229308,osm_poste_italiane_46.2318_10.2293,Poste Italiane,ufficio_postale,ufficio_postale,https://raw.githubusercontent.com/pasqualelembo78/huntix-poi/main/italia/lombardia/sconosciuta/pages/poste_italiane_46.2318_10.2293.json,custom
45.480293,9.409603,osm_poste_italiane_45.4803_9.4096,Poste Italiane,ufficio_postale,ufficio_postale,https://raw.githubusercontent.com/pasqualelembo78/huntix-poi/main/italia/lombardia/sconosciuta/pages/poste_italiane_45.4803_9.4096.json,custom
45.855474,8.961693,osm_posta_6852_genestrerio_45.8555_8.9617,Posta 6852 Genestrerio,ufficio_postale,ufficio_postale,https://raw.githubusercontent.com/pasqualelembo78/huntix-poi/main/italia/lombardia/sconosciuta/pages/posta_6852_genestrerio_45.8555_8.9617.json,custom
44.914605,11.297152,osm_poste_italiane_44.9146_11.2972,Poste Italiane,ufficio_postale,ufficio_postale,https://raw.githubusercontent.com/pasqualelembo78/huntix-poi/main/italia/lombardia/sconosciuta/pages/poste_italiane_44.9146_11.2972.json,custom
45.871420,9.730023,osm_poste_italiane_45.8714_9.7300,Poste Italiane,ufficio_postale,ufficio_postale,https://raw.githubusercontent.com/pasqualelembo78/huntix-poi/main/italia/lombardia/sconosciuta/pages/poste_italiane_45.8714_9.7300.json,custom
45.869449,11.073395,osm_poste_italiane_45.8694_11.0734,Poste Italiane,ufficio_postale,ufficio_postale,https://raw.githubusercontent.com/pasqualelembo78/huntix-poi/main/italia/lombardia/sconosciuta/pages/poste_italiane_45.8694_11.0734.json,custom
45.823301,9.533042,osm_poste_italiane_45.8233_9.5330,Poste Italiane,ufficio_postale,ufficio_postale,https://raw.githubusercontent.com/pasqualelembo78/huntix-poi/main/italia/lombardia/sconosciuta/pages/poste_italiane_45.8233_9.5330.json,custom
45.585137,9.643818,osm_poste_italiane_45.5851_9.6438,Poste Italiane,ufficio_postale,ufficio_postale,https://raw.githubusercontent.com/pasqualelembo78/huntix-poi/main/italia/lombardia/sconosciuta/pages/poste_italiane_45.5851_9.6438.json,custom
44.920165,9.184495,osm_fortunago_44.9202_9.1845,Fortunago,ufficio_postale,ufficio_postale,https://raw.githubusercontent.com/pasqualelembo78/huntix-poi/main/italia/lombardia/sconosciuta/pages/fortunago_44.9202_9.1845.json,custom
46.033779,8.950839,osm_comano_46.0338_8.9508,Comano,ufficio_postale,ufficio_postale,https://raw.githubusercontent.com/pasqualelembo78/huntix-poi/main/italia/lombardia/sconosciuta/pages/comano_46.0338_8.9508.json,custom
44.546894,10.793884,osm_poste_italiane_44.5469_10.7939,Poste Italiane,ufficio_postale,ufficio_postale,https://raw.githubusercontent.com/pasqualelembo78/huntix-poi/main/italia/lombardia/sconosciuta/pages/poste_italiane_44.5469_10.7939.json,custom
45.075598,9.051458,osm_poste_italiane_45.0756_9.0515,Poste Italiane,ufficio_postale,ufficio_postale,https://raw.githubusercontent.com/pasqualelembo78/huntix-poi/main/italia/lombardia/sconosciuta/pages/poste_italiane_45.0756_9.0515.json,custom
45.284517,9.536106,osm_mail_boxes_etc__45.2845_9.5361,Mail Boxes Etc.,ufficio_postale,ufficio_postale,https://raw.githubusercontent.com/pasqualelembo78/huntix-poi/main/italia/lombardia/sconosciuta/pages/mail_boxes_etc_45.2845_9.5361.json,custom
45.785322,8.925056,osm_binago_45.7853_8.9251,Binago,ufficio_postale,ufficio_postale,https://raw.githubusercontent.com/pasqualelembo78/huntix-poi/main/italia/lombardia/sconosciuta/pages/binago_45.7853_8.9251.json,custom
45.373079,8.998292,osm_ufficio_postale_gudo_visconti_45.3731_8.9983,Ufficio postale Gudo Visconti,ufficio_postale,ufficio_postale,https://raw.githubusercontent.com/pasqualelembo78/huntix-poi/main/italia/lombardia/sconosciuta/pages/ufficio_postale_gudo_visconti_45.3731_8.9983.json,custom
46.144738,8.727375,osm_post_ronco_sopra_ascona_46.1447_8.7274,Post ronco Sopra Ascona,ufficio_postale,ufficio_postale,https://raw.githubusercontent.com/pasqualelembo78/huntix-poi/main/italia/lombardia/sconosciuta/pages/post_ronco_sopra_ascona_46.1447_8.7274.json,custom
45.314729,8.854852,osm_vigevano_1_45.3147_8.8549,Vigevano 1,ufficio_postale,ufficio_postale,https://raw.githubusercontent.com/pasqualelembo78/huntix-poi/main/italia/lombardia/sconosciuta/pages/vigevano_1_45.3147_8.8549.json,custom
45.101044,8.582747,osm_valmacca_45.1010_8.5827,Valmacca,ufficio_postale,ufficio_postale,https://raw.githubusercontent.com/pasqualelembo78/huntix-poi/main/italia/lombardia/sconosciuta/pages/valmacca_45.1010_8.5827.json,custom
45.097615,8.556145,osm_ticineto_45.0976_8.5561,Ticineto,ufficio_postale,ufficio_postale,https://raw.githubusercontent.com/pasqualelembo78/huntix-poi/main/italia/lombardia/sconosciuta/pages/ticineto_45.0976_8.5561.json,custom
46.157144,11.152976,osm_poste_italiane_46.1571_11.1530,Poste Italiane,ufficio_postale,ufficio_postale,https://raw.githubusercontent.com/pasqualelembo78/huntix-poi/main/italia/lombardia/sconosciuta/pages/poste_italiane_46.1571_11.1530.json,custom
45.790620,9.080240,osm_camerlata_45.7906_9.0802,Camerlata,ufficio_postale,ufficio_postale,https://raw.githubusercontent.com/pasqualelembo78/huntix-poi/main/italia/lombardia/sconosciuta/pages/camerlata_45.7906_9.0802.json,custom
45.794993,9.106334,osm_lora_45.7950_9.1063,Lora,ufficio_postale,ufficio_postale,https://raw.githubusercontent.com/pasqualelembo78/huntix-poi/main/italia/lombardia/sconosciuta/pages/lora_45.7950_9.1063.json,custom
44.634897,8.712642,osm_poste_italiane_44.6349_8.7126,Poste Italiane,ufficio_postale,ufficio_postale,https://raw.githubusercontent.com/pasqualelembo78/huntix-poi/main/italia/lombardia/sconosciuta/pages/poste_italiane_44.6349_8.7126.json,custom
45.160921,10.822111,osm_poste_italiane_45.1609_10.8221,Poste Italiane,ufficio_postale,ufficio_postale,https://raw.githubusercontent.com/pasqualelembo78/huntix-poi/main/italia/lombardia/sconosciuta/pages/poste_italiane_45.1609_10.8221.json,custom
44.599733,9.039719,osm_poste_italiane_44.5997_9.0397,Poste Italiane,ufficio_postale,ufficio_postale,https://raw.githubusercontent.com/pasqualelembo78/huntix-poi/main/italia/lombardia/sconosciuta/pages/poste_italiane_44.5997_9.0397.json,custom
45.333169,11.376755,osm_poste_italiane_45.3332_11.3768,Poste Italiane,ufficio_postale,ufficio_postale,https://raw.githubusercontent.com/pasqualelembo78/huntix-poi/main/italia/lombardia/sconosciuta/pages/poste_italiane_45.3332_11.3768.json,custom
45.307932,11.385668,osm_poste_italiane_45.3079_11.3857,Poste Italiane,ufficio_postale,ufficio_postale,https://raw.githubusercontent.com/pasqualelembo78/huntix-poi/main/italia/lombardia/sconosciuta/pages/poste_italiane_45.3079_11.3857.json,custom
45.752014,9.906608,osm_poste_italiane_45.7520_9.9066,Poste Italiane,ufficio_postale,ufficio_postale,https://raw.githubusercontent.com/pasqualelembo78/huntix-poi/main/italia/lombardia/sconosciuta/pages/poste_italiane_45.7520_9.9066.json,custom
45.369829,9.541440,osm_poste_italiane_45.3698_9.5414,Poste Italiane,ufficio_postale,ufficio_postale,https://raw.githubusercontent.com/pasqualelembo78/huntix-poi/main/italia/lombardia/sconosciuta/pages/poste_italiane_45.3698_9.5414.json,custom
45.768870,9.341227,osm_dolzago_45.7689_9.3412,Dolzago,ufficio_postale,ufficio_postale,https://raw.githubusercontent.com/pasqualelembo78/huntix-poi/main/italia/lombardia/sconosciuta/pages/dolzago_45.7689_9.3412.json,custom
45.754652,9.315712,osm_barzago_45.7547_9.3157,Barzago,ufficio_postale,ufficio_postale,https://raw.githubusercontent.com/pasqualelembo78/huntix-poi/main/italia/lombardia/sconosciuta/pages/barzago_45.7547_9.3157.json,custom
45.941398,9.672555,osm_lenna_45.9414_9.6726,Lenna,ufficio_postale,ufficio_postale,https://raw.githubusercontent.com/pasqualelembo78/huntix-poi/main/italia/lombardia/sconosciuta/pages/lenna_45.9414_9.6726.json,custom
45.068400,11.135150,osm_poste_italiane_45.0684_11.1351,Poste Italiane,ufficio_postale,ufficio_postale,https://raw.githubusercontent.com/pasqualelembo78/huntix-poi/main/italia/lombardia/sconosciuta/pages/poste_italiane_45.0684_11.1351.json,custom
45.735904,9.216975,osm_poste_italiane_45.7359_9.2170,Poste Italiane,ufficio_postale,ufficio_postale,https://raw.githubusercontent.com/pasqualelembo78/huntix-poi/main/italia/lombardia/sconosciuta/pages/poste_italiane_45.7359_9.2170.json,custom
45.657657,8.783733,osm_mail_boxes_etc__45.6577_8.7837,Mail Boxes Etc.,ufficio_postale,ufficio_postale,https://raw.githubusercontent.com/pasqualelembo78/huntix-poi/main/italia/lombardia/sconosciuta/pages/mail_boxes_etc_45.6577_8.7837.json,custom
45.372510,9.572482,osm_ufficio_postale_monte_cremasco_45.3725_9.5725,Ufficio Postale Monte Cremasco,ufficio_postale,ufficio_postale,https://raw.githubusercontent.com/pasqualelembo78/huntix-poi/main/italia/lombardia/sconosciuta/pages/ufficio_postale_monte_cremasco_45.3725_9.5725.json,custom
45.359415,9.346154,osm_poste_italiane_45.3594_9.3462,Poste Italiane,ufficio_postale,ufficio_postale,https://raw.githubusercontent.com/pasqualelembo78/huntix-poi/main/italia/lombardia/sconosciuta/pages/poste_italiane_45.3594_9.3462.json,custom
45.946040,9.675702,osm_piazza_brembana_45.9460_9.6757,Piazza Brembana,ufficio_postale,ufficio_postale,https://raw.githubusercontent.com/pasqualelembo78/huntix-poi/main/italia/lombardia/sconosciuta/pages/piazza_brembana_45.9460_9.6757.json,custom
45.948478,9.692331,osm_valnegra_45.9485_9.6923,Valnegra,ufficio_postale,ufficio_postale,https://raw.githubusercontent.com/pasqualelembo78/huntix-poi/main/italia/lombardia/sconosciuta/pages/valnegra_45.9485_9.6923.json,custom
45.951764,9.699073,osm_moio_de__calvi_45.9518_9.6991,Moio de' Calvi,ufficio_postale,ufficio_postale,https://raw.githubusercontent.com/pasqualelembo78/huntix-poi/main/italia/lombardia/sconosciuta/pages/moio_de_calvi_45.9518_9.6991.json,custom
45.968086,9.733962,osm_fondra_45.9681_9.7340,Fondra,ufficio_postale,ufficio_postale,https://raw.githubusercontent.com/pasqualelembo78/huntix-poi/main/italia/lombardia/sconosciuta/pages/fondra_45.9681_9.7340.json,custom
45.969813,9.648480,osm_olmo_al_brembo_45.9698_9.6485,Olmo al Brembo,ufficio_postale,ufficio_postale,https://raw.githubusercontent.com/pasqualelembo78/huntix-poi/main/italia/lombardia/sconosciuta/pages/olmo_al_brembo_45.9698_9.6485.json,custom
45.689055,9.802574,osm_san_paolo_d_argon_45.6891_9.8026,San Paolo d'Argon,ufficio_postale,ufficio_postale,https://raw.githubusercontent.com/pasqualelembo78/huntix-poi/main/italia/lombardia/sconosciuta/pages/san_paolo_dargon_45.6891_9.8026.json,custom
45.698008,9.824089,osm_cenate_sotto_45.6980_9.8241,Cenate Sotto,ufficio_postale,ufficio_postale,https://raw.githubusercontent.com/pasqualelembo78/huntix-poi/main/italia/lombardia/sconosciuta/pages/cenate_sotto_45.6980_9.8241.json,custom
45.017494,10.088342,osm_polesine_parmense_45.0175_10.0883,Polesine Parmense,ufficio_postale,ufficio_postale,https://raw.githubusercontent.com/pasqualelembo78/huntix-poi/main/italia/lombardia/sconosciuta/pages/polesine_parmense_45.0175_10.0883.json,custom
45.697130,9.589922,osm_poste_italiane_45.6971_9.5899,Poste Italiane,ufficio_postale,ufficio_postale,https://raw.githubusercontent.com/pasqualelembo78/huntix-poi/main/italia/lombardia/sconosciuta/pages/poste_italiane_45.6971_9.5899.json,custom
45.888774,10.732878,osm_poste_italiane_45.8888_10.7329,Poste Italiane,ufficio_postale,ufficio_postale,https://raw.githubusercontent.com/pasqualelembo78/huntix-poi/main/italia/lombardia/sconosciuta/pages/poste_italiane_45.8888_10.7329.json,custom
45.263055,9.491365,osm_poste_italiane_45.2631_9.4914,Poste Italiane,ufficio_postale,ufficio_postale,https://raw.githubusercontent.com/pasqualelembo78/huntix-poi/main/italia/lombardia/sconosciuta/pages/poste_italiane_45.2631_9.4914.json,custom
44.624419,8.661640,osm_belforte_monferrato_44.6244_8.6616,Belforte Monferrato,ufficio_postale,ufficio_postale,https://raw.githubusercontent.com/pasqualelembo78/huntix-poi/main/italia/lombardia/sconosciuta/pages/belforte_monferrato_44.6244_8.6616.json,custom
44.636148,8.642354,osm_ovada_44.6361_8.6424,Ovada,ufficio_postale,ufficio_postale,https://raw.githubusercontent.com/pasqualelembo78/huntix-poi/main/italia/lombardia/sconosciuta/pages/ovada_44.6361_8.6424.json,custom
44.633033,8.587055,osm_cremolino_44.6330_8.5871,Cremolino,ufficio_postale,ufficio_postale,https://raw.githubusercontent.com/pasqualelembo78/huntix-poi/main/italia/lombardia/sconosciuta/pages/cremolino_44.6330_8.5871.json,custom
44.604415,8.562244,osm_cassinelle_44.6044_8.5622,Cassinelle,ufficio_postale,ufficio_postale,https://raw.githubusercontent.com/pasqualelembo78/huntix-poi/main/italia/lombardia/sconosciuta/pages/cassinelle_44.6044_8.5622.json,custom
44.642377,8.552261,osm_prasco_44.6424_8.5523,Prasco,ufficio_postale,ufficio_postale,https://raw.githubusercontent.com/pasqualelembo78/huntix-poi/main/italia/lombardia/sconosciuta/pages/prasco_44.6424_8.5523.json,custom
44.610267,8.520934,osm_morbello_44.6103_8.5209,Morbello,ufficio_postale,ufficio_postale,https://raw.githubusercontent.com/pasqualelembo78/huntix-poi/main/italia/lombardia/sconosciuta/pages/morbello_44.6103_8.5209.json,custom
44.620579,8.602408,osm_molare_44.6206_8.6024,Molare,ufficio_postale,ufficio_postale,https://raw.githubusercontent.com/pasqualelembo78/huntix-poi/main/italia/lombardia/sconosciuta/pages/molare_44.6206_8.6024.json,custom
45.073284,10.087738,osm_poste_italiane_45.0733_10.0877,Poste Italiane,ufficio_postale,ufficio_postale,https://raw.githubusercontent.com/pasqualelembo78/huntix-poi/main/italia/lombardia/sconosciuta/pages/poste_italiane_45.0733_10.0877.json,custom
45.605323,11.096081,osm_poste_italiane_45.6053_11.0961,Poste Italiane,ufficio_postale,ufficio_postale,https://raw.githubusercontent.com/pasqualelembo78/huntix-poi/main/italia/lombardia/sconosciuta/pages/poste_italiane_45.6053_11.0961.json,custom
45.960712,10.913513,osm_ufficio_postale_di_dro_45.9607_10.9135,Ufficio Postale di Dro,ufficio_postale,ufficio_postale,https://raw.githubusercontent.com/pasqualelembo78/huntix-poi/main/italia/lombardia/sconosciuta/pages/ufficio_postale_di_dro_45.9607_10.9135.json,custom
45.567859,9.464154,osm_ufficio_postale_di_masate_45.5679_9.4642,Ufficio Postale di Masate,ufficio_postale,ufficio_postale,https://raw.githubusercontent.com/pasqualelembo78/huntix-poi/main/italia/lombardia/sconosciuta/pages/ufficio_postale_di_masate_45.5679_9.4642.json,custom
45.502664,9.268471,osm_mail__boxes__etc_45.5027_9.2685,Mail, Boxes, etc,ufficio_postale,ufficio_postale,https://raw.githubusercontent.com/pasqualelembo78/huntix-poi/main/italia/lombardia/sconosciuta/pages/mail_boxes_etc_45.5027_9.2685.json,custom
45.380083,10.997011,osm_poste_italiane_45.3801_10.9970,Poste Italiane,ufficio_postale,ufficio_postale,https://raw.githubusercontent.com/pasqualelembo78/huntix-poi/main/italia/lombardia/sconosciuta/pages/poste_italiane_45.3801_10.9970.json,custom
45.455437,11.060180,osm_poste_italiane_45.4554_11.0602,Poste Italiane,ufficio_postale,ufficio_postale,https://raw.githubusercontent.com/pasqualelembo78/huntix-poi/main/italia/lombardia/sconosciuta/pages/poste_italiane_45.4554_11.0602.json,custom
45.443281,11.004385,osm_poste_italiane_45.4433_11.0044,Poste Italiane,ufficio_postale,ufficio_postale,https://raw.githubusercontent.com/pasqualelembo78/huntix-poi/main/italia/lombardia/sconosciuta/pages/poste_italiane_45.4433_11.0044.json,custom
45.404326,11.013404,osm_poste_italiane_45.4043_11.0134,Poste Italiane,ufficio_postale,ufficio_postale,https://raw.githubusercontent.com/pasqualelembo78/huntix-poi/main/italia/lombardia/sconosciuta/pages/poste_italiane_45.4043_11.0134.json,custom
45.410581,10.992909,osm_poste_italiane_45.4106_10.9929,Poste Italiane,ufficio_postale,ufficio_postale,https://raw.githubusercontent.com/pasqualelembo78/huntix-poi/main/italia/lombardia/sconosciuta/pages/poste_italiane_45.4106_10.9929.json,custom
45.408700,10.986554,osm_poste_italiane_45.4087_10.9866,Poste Italiane,ufficio_postale,ufficio_postale,https://raw.githubusercontent.com/pasqualelembo78/huntix-poi/main/italia/lombardia/sconosciuta/pages/poste_italiane_45.4087_10.9866.json,custom
45.420812,10.966339,osm_poste_italiane_45.4208_10.9663,Poste Italiane,ufficio_postale,ufficio_postale,https://raw.githubusercontent.com/pasqualelembo78/huntix-poi/main/italia/lombardia/sconosciuta/pages/poste_italiane_45.4208_10.9663.json,custom
45.441989,10.940891,osm_poste_italiane_45.4420_10.9409,Poste Italiane,ufficio_postale,ufficio_postale,https://raw.githubusercontent.com/pasqualelembo78/huntix-poi/main/italia/lombardia/sconosciuta/pages/poste_italiane_45.4420_10.9409.json,custom
45.442924,10.976242,osm_poste_italiane_45.4429_10.9762,Poste Italiane,ufficio_postale,ufficio_postale,https://raw.githubusercontent.com/pasqualelembo78/huntix-poi/main/italia/lombardia/sconosciuta/pages/poste_italiane_45.4429_10.9762.json,custom
45.444231,10.971222,osm_poste_italiane_45.4442_10.9712,Poste Italiane,ufficio_postale,ufficio_postale,https://raw.githubusercontent.com/pasqualelembo78/huntix-poi/main/italia/lombardia/sconosciuta/pages/poste_italiane_45.4442_10.9712.json,custom
45.452701,10.965797,osm_poste_italiane_45.4527_10.9658,Poste italiane,ufficio_postale,ufficio_postale,https://raw.githubusercontent.com/pasqualelembo78/huntix-poi/main/italia/lombardia/sconosciuta/pages/poste_italiane_45.4527_10.9658.json,custom
46.333506,9.515165,osm_posta_7608_castasegna_46.3335_9.5152,Posta 7608 Castasegna,ufficio_postale,ufficio_postale,https://raw.githubusercontent.com/pasqualelembo78/huntix-poi/main/italia/lombardia/sconosciuta/pages/posta_7608_castasegna_46.3335_9.5152.json,custom
45.171725,11.196778,osm_poste_italiane_45.1717_11.1968,POSTE ITALIANE,ufficio_postale,ufficio_postale,https://raw.githubusercontent.com/pasqualelembo78/huntix-poi/main/italia/lombardia/sconosciuta/pages/poste_italiane_45.1717_11.1968.json,custom
45.473276,9.947380,osm_ufficio_postale_comezzano_cizzago_45.4733_9.9474,Ufficio postale Comezzano-Cizzago,ufficio_postale,ufficio_postale,https://raw.githubusercontent.com/pasqualelembo78/huntix-poi/main/italia/lombardia/sconosciuta/pages/ufficio_postale_comezzano-cizzago_45.4733_9.9474.json,custom
46.246331,9.394971,osm_poste_italiane_46.2463_9.3950,Poste Italiane,ufficio_postale,ufficio_postale,https://raw.githubusercontent.com/pasqualelembo78/huntix-poi/main/italia/lombardia/sconosciuta/pages/poste_italiane_46.2463_9.3950.json,custom
46.349720,9.616096,osm_posta_7603_vicosoprano_46.3497_9.6161,Posta 7603 Vicosoprano,ufficio_postale,ufficio_postale,https://raw.githubusercontent.com/pasqualelembo78/huntix-poi/main/italia/lombardia/sconosciuta/pages/posta_7603_vicosoprano_46.3497_9.6161.json,custom
45.349418,9.321885,osm_nexive_45.3494_9.3219,Nexive,ufficio_postale,ufficio_postale,https://raw.githubusercontent.com/pasqualelembo78/huntix-poi/main/italia/lombardia/sconosciuta/pages/nexive_45.3494_9.3219.json,custom
45.440712,10.762732,osm_poste_italiane_45.4407_10.7627,Poste italiane,ufficio_postale,ufficio_postale,https://raw.githubusercontent.com/pasqualelembo78/huntix-poi/main/italia/lombardia/sconosciuta/pages/poste_italiane_45.4407_10.7627.json,custom
44.932962,10.913921,osm_poste_italiane_44.9330_10.9139,Poste Italiane,ufficio_postale,ufficio_postale,https://raw.githubusercontent.com/pasqualelembo78/huntix-poi/main/italia/lombardia/sconosciuta/pages/poste_italiane_44.9330_10.9139.json,custom
45.267641,9.219017,osm_poste_italiane_45.2676_9.2190,Poste Italiane,ufficio_postale,ufficio_postale,https://raw.githubusercontent.com/pasqualelembo78/huntix-poi/main/italia/lombardia/sconosciuta/pages/poste_italiane_45.2676_9.2190.json,custom
45.358833,9.053947,osm_ufficio_postale_noviglio_45.3588_9.0539,Ufficio postale Noviglio,ufficio_postale,ufficio_postale,https://raw.githubusercontent.com/pasqualelembo78/huntix-poi/main/italia/lombardia/sconosciuta/pages/ufficio_postale_noviglio_45.3588_9.0539.json,custom
46.391860,9.232935,osm_posta_6563_mesocco_46.3919_9.2329,Posta 6563 Mesocco,ufficio_postale,ufficio_postale,https://raw.githubusercontent.com/pasqualelembo78/huntix-poi/main/italia/lombardia/sconosciuta/pages/posta_6563_mesocco_46.3919_9.2329.json,custom
45.764935,9.311570,osm_ufficio_postale_garbagnate_monastero_45.7649_9.3116,Ufficio postale Garbagnate Monastero,ufficio_postale,ufficio_postale,https://raw.githubusercontent.com/pasqualelembo78/huntix-poi/main/italia/lombardia/sconosciuta/pages/ufficio_postale_garbagnate_monastero_45.7649_9.3116.json,custom
44.547100,9.452095,osm_posteitaliane_44.5471_9.4521,Posteitaliane,ufficio_postale,ufficio_postale,https://raw.githubusercontent.com/pasqualelembo78/huntix-poi/main/italia/lombardia/sconosciuta/pages/posteitaliane_44.5471_9.4521.json,custom
45.289529,8.596075,osm_poste_italiane_45.2895_8.5961,Poste Italiane,ufficio_postale,ufficio_postale,https://raw.githubusercontent.com/pasqualelembo78/huntix-poi/main/italia/lombardia/sconosciuta/pages/poste_italiane_45.2895_8.5961.json,custom
45.984410,9.228070,osm_poste_italiane_45.9844_9.2281,Poste Italiane,ufficio_postale,ufficio_postale,https://raw.githubusercontent.com/pasqualelembo78/huntix-poi/main/italia/lombardia/sconosciuta/pages/poste_italiane_45.9844_9.2281.json,custom
45.727648,9.910409,osm_ufficio_postale___poste_italiane_grone_45.7276_9.9104,Ufficio Postale - Poste Italiane Grone,ufficio_postale,ufficio_postale,https://raw.githubusercontent.com/pasqualelembo78/huntix-poi/main/italia/lombardia/sconosciuta/pages/ufficio_postale_-_poste_italiane_grone_45.7276_9.9104.json,custom
44.852768,11.212198,osm_ufficio_postale_44.8528_11.2122,Ufficio Postale,ufficio_postale,ufficio_postale,https://raw.githubusercontent.com/pasqualelembo78/huntix-poi/main/italia/lombardia/sconosciuta/pages/ufficio_postale_44.8528_11.2122.json,custom
45.357779,9.228019,osm_la_nuova_posta___agenzia_di_locate_di_tr_45.3578_9.2280,La Nuova Posta - Agenzia di Locate di Triulzi,ufficio_postale,ufficio_postale,https://raw.githubusercontent.com/pasqualelembo78/huntix-poi/main/italia/lombardia/sconosciuta/pages/la_nuova_posta_-_agenzia_di_locate_di_tr_45.3578_9.2280.json,custom
45.357793,9.224082,osm_poste_italiane_45.3578_9.2241,Poste Italiane,ufficio_postale,ufficio_postale,https://raw.githubusercontent.com/pasqualelembo78/huntix-poi/main/italia/lombardia/sconosciuta/pages/poste_italiane_45.3578_9.2241.json,custom
46.118249,8.709095,osm_brissago_46.1182_8.7091,Brissago,ufficio_postale,ufficio_postale,https://raw.githubusercontent.com/pasqualelembo78/huntix-poi/main/italia/lombardia/sconosciuta/pages/brissago_46.1182_8.7091.json,custom
45.907886,10.035584,osm_ufficio_postale___castione_della_presola_45.9079_10.0356,Ufficio Postale - Castione della Presolana,ufficio_postale,ufficio_postale,https://raw.githubusercontent.com/pasqualelembo78/huntix-poi/main/italia/lombardia/sconosciuta/pages/ufficio_postale_-_castione_della_presola_45.9079_10.0356.json,custom
45.427791,9.111440,osm_ufficio_postale_di_corsico_centro_45.4278_9.1114,Ufficio postale di Corsico centro,ufficio_postale,ufficio_postale,https://raw.githubusercontent.com/pasqualelembo78/huntix-poi/main/italia/lombardia/sconosciuta/pages/ufficio_postale_di_corsico_centro_45.4278_9.1114.json,custom
46.154307,8.605046,osm_6659_camedo_46.1543_8.6050,6659 Camedo,ufficio_postale,ufficio_postale,https://raw.githubusercontent.com/pasqualelembo78/huntix-poi/main/italia/lombardia/sconosciuta/pages/6659_camedo_46.1543_8.6050.json,custom
45.727287,9.279899,osm_ufficio_postale_45.7273_9.2799,Ufficio Postale,ufficio_postale,ufficio_postale,https://raw.githubusercontent.com/pasqualelembo78/huntix-poi/main/italia/lombardia/sconosciuta/pages/ufficio_postale_45.7273_9.2799.json,custom
45.969189,8.859892,osm_la_posta_45.9692_8.8599,La Posta,ufficio_postale,ufficio_postale,https://raw.githubusercontent.com/pasqualelembo78/huntix-poi/main/italia/lombardia/sconosciuta/pages/la_posta_45.9692_8.8599.json,custom
45.647606,9.854208,osm_ufficio_postale_poste_italiane_45.6476_9.8542,Ufficio Postale Poste Italiane,ufficio_postale,ufficio_postale,https://raw.githubusercontent.com/pasqualelembo78/huntix-poi/main/italia/lombardia/sconosciuta/pages/ufficio_postale_poste_italiane_45.6476_9.8542.json,custom
44.517963,11.351943,osm_poste_italiane_44.5180_11.3519,Poste Italiane,ufficio_postale,ufficio_postale,https://raw.githubusercontent.com/pasqualelembo78/huntix-poi/main/italia/lombardia/sconosciuta/pages/poste_italiane_44.5180_11.3519.json,custom
44.573462,8.954864,osm_ufficio_postale_di_sarissola_44.5735_8.9549,Ufficio Postale di Sarissola,ufficio_postale,ufficio_postale,https://raw.githubusercontent.com/pasqualelembo78/huntix-poi/main/italia/lombardia/sconosciuta/pages/ufficio_postale_di_sarissola_44.5735_8.9549.json,custom
45.253607,10.478369,osm_poste_italiane_45.2536_10.4784,Poste Italiane,ufficio_postale,ufficio_postale,https://raw.githubusercontent.com/pasqualelembo78/huntix-poi/main/italia/lombardia/sconosciuta/pages/poste_italiane_45.2536_10.4784.json,custom
44.651636,10.803722,osm_marzaglia_44.6516_10.8037,Marzaglia,ufficio_postale,ufficio_postale,https://raw.githubusercontent.com/pasqualelembo78/huntix-poi/main/italia/lombardia/sconosciuta/pages/marzaglia_44.6516_10.8037.json,custom
45.539015,10.219446,osm_brescia_centro_45.5390_10.2194,Brescia Centro,ufficio_postale,ufficio_postale,https://raw.githubusercontent.com/pasqualelembo78/huntix-poi/main/italia/lombardia/sconosciuta/pages/brescia_centro_45.5390_10.2194.json,custom
45.201359,10.151184,osm_poste_italiane_45.2014_10.1512,Poste Italiane,ufficio_postale,ufficio_postale,https://raw.githubusercontent.com/pasqualelembo78/huntix-poi/main/italia/lombardia/sconosciuta/pages/poste_italiane_45.2014_10.1512.json,custom
45.694443,9.678538,osm_dhl_45.6944_9.6785,DHL,ufficio_postale,ufficio_postale,https://raw.githubusercontent.com/pasqualelembo78/huntix-poi/main/italia/lombardia/sconosciuta/pages/dhl_45.6944_9.6785.json,custom
45.513388,9.704752,osm_poste_italiane_45.5134_9.7048,Poste Italiane,ufficio_postale,ufficio_postale,https://raw.githubusercontent.com/pasqualelembo78/huntix-poi/main/italia/lombardia/sconosciuta/pages/poste_italiane_45.5134_9.7048.json,custom
45.520981,9.597355,osm_mail_boxes_etc__45.5210_9.5974,Mail Boxes Etc.,ufficio_postale,ufficio_postale,https://raw.githubusercontent.com/pasqualelembo78/huntix-poi/main/italia/lombardia/sconosciuta/pages/mail_boxes_etc_45.5210_9.5974.json,custom
44.704419,10.626188,osm_il_postino_magico_44.7044_10.6262,Il postino magico,ufficio_postale,ufficio_postale,https://raw.githubusercontent.com/pasqualelembo78/huntix-poi/main/italia/lombardia/sconosciuta/pages/il_postino_magico_44.7044_10.6262.json,custom
44.769225,10.778505,osm_mail_boxes_etc__44.7692_10.7785,Mail Boxes Etc.,ufficio_postale,ufficio_postale,https://raw.githubusercontent.com/pasqualelembo78/huntix-poi/main/italia/lombardia/sconosciuta/pages/mail_boxes_etc_44.7692_10.7785.json,custom
45.790274,11.260688,osm_poste_italiane_45.7903_11.2607,Poste Italiane,ufficio_postale,ufficio_postale,https://raw.githubusercontent.com/pasqualelembo78/huntix-poi/main/italia/lombardia/sconosciuta/pages/poste_italiane_45.7903_11.2607.json,custom
45.883363,11.363273,osm_ufficio_postale_valdastico_bancomat_45.8834_11.3633,Ufficio postale VALDASTICO bancomat,ufficio_postale,ufficio_postale,https://raw.githubusercontent.com/pasqualelembo78/huntix-poi/main/italia/lombardia/sconosciuta/pages/ufficio_postale_valdastico_bancomat_45.8834_11.3633.json,custom
44.633538,10.871120,osm_cognento_44.6335_10.8711,Cognento,ufficio_postale,ufficio_postale,https://raw.githubusercontent.com/pasqualelembo78/huntix-poi/main/italia/lombardia/sconosciuta/pages/cognento_44.6335_10.8711.json,custom
44.692953,10.631633,osm_reggio_poste_44.6930_10.6316,Reggio Poste,ufficio_postale,ufficio_postale,https://raw.githubusercontent.com/pasqualelembo78/huntix-poi/main/italia/lombardia/sconosciuta/pages/reggio_poste_44.6930_10.6316.json,custom
44.696382,10.640863,osm_spedizioni_2020_44.6964_10.6409,Spedizioni 2020,ufficio_postale,ufficio_postale,https://raw.githubusercontent.com/pasqualelembo78/huntix-poi/main/italia/lombardia/sconosciuta/pages/spedizioni_2020_44.6964_10.6409.json,custom
44.604741,10.969898,osm_san_damaso_44.6047_10.9699,San Damaso,ufficio_postale,ufficio_postale,https://raw.githubusercontent.com/pasqualelembo78/huntix-poi/main/italia/lombardia/sconosciuta/pages/san_damaso_44.6047_10.9699.json,custom
44.502764,11.340058,osm_mail_boxes_etc__44.5028_11.3401,Mail Boxes Etc.,ufficio_postale,ufficio_postale,https://raw.githubusercontent.com/pasqualelembo78/huntix-poi/main/italia/lombardia/sconosciuta/pages/mail_boxes_etc_44.5028_11.3401.json,custom
44.689746,10.965881,osm_poste_italiane_44.6897_10.9659,Poste Italiane,ufficio_postale,ufficio_postale,https://raw.githubusercontent.com/pasqualelembo78/huntix-poi/main/italia/lombardia/sconosciuta/pages/poste_italiane_44.6897_10.9659.json,custom
46.311362,10.756428,osm_poste_italiane_46.3114_10.7564,Poste Italiane,ufficio_postale,ufficio_postale,https://raw.githubusercontent.com/pasqualelembo78/huntix-poi/main/italia/lombardia/sconosciuta/pages/poste_italiane_46.3114_10.7564.json,custom
46.298820,10.692935,osm_poste_italiane_46.2988_10.6929,Poste Italiane,ufficio_postale,ufficio_postale,https://raw.githubusercontent.com/pasqualelembo78/huntix-poi/main/italia/lombardia/sconosciuta/pages/poste_italiane_46.2988_10.6929.json,custom
45.128363,10.441468,osm_poste_italiane_45.1284_10.4415,Poste Italiane,ufficio_postale,ufficio_postale,https://raw.githubusercontent.com/pasqualelembo78/huntix-poi/main/italia/lombardia/sconosciuta/pages/poste_italiane_45.1284_10.4415.json,custom
45.809278,9.899223,osm_poste_italiane_45.8093_9.8992,Poste Italiane,ufficio_postale,ufficio_postale,https://raw.githubusercontent.com/pasqualelembo78/huntix-poi/main/italia/lombardia/sconosciuta/pages/poste_italiane_45.8093_9.8992.json,custom
45.466273,9.217033,osm_commercialpost_45.4663_9.2170,CommercialPost,ufficio_postale,ufficio_postale,https://raw.githubusercontent.com/pasqualelembo78/huntix-poi/main/italia/lombardia/sconosciuta/pages/commercialpost_45.4663_9.2170.json,custom
45.935183,8.568590,osm_postalive_verbania_45.9352_8.5686,Postalive Verbania,ufficio_postale,ufficio_postale,https://raw.githubusercontent.com/pasqualelembo78/huntix-poi/main/italia/lombardia/sconosciuta/pages/postalive_verbania_45.9352_8.5686.json,custom
45.617920,9.525883,osm_poste_italiane_45.6179_9.5259,Poste italiane,ufficio_postale,ufficio_postale,https://raw.githubusercontent.com/pasqualelembo78/huntix-poi/main/italia/lombardia/sconosciuta/pages/poste_italiane_45.6179_9.5259.json,custom
45.845167,9.015220,osm_la_posta_45.8452_9.0152,La Posta,ufficio_postale,ufficio_postale,https://raw.githubusercontent.com/pasqualelembo78/huntix-poi/main/italia/lombardia/sconosciuta/pages/la_posta_45.8452_9.0152.json,custom
45.796866,9.836813,osm_poste_italiane_45.7969_9.8368,Poste Italiane,ufficio_postale,ufficio_postale,https://raw.githubusercontent.com/pasqualelembo78/huntix-poi/main/italia/lombardia/sconosciuta/pages/poste_italiane_45.7969_9.8368.json,custom
45.779460,9.825484,osm_poste_italiane_45.7795_9.8255,Poste Italiane,ufficio_postale,ufficio_postale,https://raw.githubusercontent.com/pasqualelembo78/huntix-poi/main/italia/lombardia/sconosciuta/pages/poste_italiane_45.7795_9.8255.json,custom
45.798392,9.840420,osm_poste_italiane_45.7984_9.8404,Poste Italiane,ufficio_postale,ufficio_postale,https://raw.githubusercontent.com/pasqualelembo78/huntix-poi/main/italia/lombardia/sconosciuta/pages/poste_italiane_45.7984_9.8404.json,custom
44.682989,10.661913,osm_san_maurizio_44.6830_10.6619,San Maurizio,ufficio_postale,ufficio_postale,https://raw.githubusercontent.com/pasqualelembo78/huntix-poi/main/italia/lombardia/sconosciuta/pages/san_maurizio_44.6830_10.6619.json,custom
45.965251,8.854431,osm_la_nuova_posta_45.9653_8.8544,La Nuova Posta,ufficio_postale,ufficio_postale,https://raw.githubusercontent.com/pasqualelembo78/huntix-poi/main/italia/lombardia/sconosciuta/pages/la_nuova_posta_45.9653_8.8544.json,custom
45.153670,10.098901,osm_poste_italiane_45.1537_10.0989,Poste Italiane,ufficio_postale,ufficio_postale,https://raw.githubusercontent.com/pasqualelembo78/huntix-poi/main/italia/lombardia/sconosciuta/pages/poste_italiane_45.1537_10.0989.json,custom
44.690714,10.653026,osm_dhl_44.6907_10.6530,DHL,ufficio_postale,ufficio_postale,https://raw.githubusercontent.com/pasqualelembo78/huntix-poi/main/italia/lombardia/sconosciuta/pages/dhl_44.6907_10.6530.json,custom
44.802181,10.304697,osm_mail_boxes_etc__44.8022_10.3047,Mail Boxes Etc.,ufficio_postale,ufficio_postale,https://raw.githubusercontent.com/pasqualelembo78/huntix-poi/main/italia/lombardia/sconosciuta/pages/mail_boxes_etc_44.8022_10.3047.json,custom
44.708999,10.648198,osm_mail_boxes_etc__44.7090_10.6482,Mail Boxes Etc.,ufficio_postale,ufficio_postale,https://raw.githubusercontent.com/pasqualelembo78/huntix-poi/main/italia/lombardia/sconosciuta/pages/mail_boxes_etc_44.7090_10.6482.json,custom
45.716743,9.548231,osm_poste_italiane_45.7167_9.5482,Poste Italiane,ufficio_postale,ufficio_postale,https://raw.githubusercontent.com/pasqualelembo78/huntix-poi/main/italia/lombardia/sconosciuta/pages/poste_italiane_45.7167_9.5482.json,custom
45.570434,9.024223,osm_mail_boxes_etc__45.5704_9.0242,Mail Boxes Etc.,ufficio_postale,ufficio_postale,https://raw.githubusercontent.com/pasqualelembo78/huntix-poi/main/italia/lombardia/sconosciuta/pages/mail_boxes_etc_45.5704_9.0242.json,custom
45.667580,9.559405,osm_poste_italiane_45.6676_9.5594,Poste Italiane,ufficio_postale,ufficio_postale,https://raw.githubusercontent.com/pasqualelembo78/huntix-poi/main/italia/lombardia/sconosciuta/pages/poste_italiane_45.6676_9.5594.json,custom
45.818818,8.815257,osm_varese_2_45.8188_8.8153,Varese 2,ufficio_postale,ufficio_postale,https://raw.githubusercontent.com/pasqualelembo78/huntix-poi/main/italia/lombardia/sconosciuta/pages/varese_2_45.8188_8.8153.json,custom
44.500570,11.347487,osm_gls_city_depot_44.5006_11.3475,GLS City Depot,ufficio_postale,ufficio_postale,https://raw.githubusercontent.com/pasqualelembo78/huntix-poi/main/italia/lombardia/sconosciuta/pages/gls_city_depot_44.5006_11.3475.json,custom
44.798228,10.338639,osm_poste_italiane_44.7982_10.3386,poste italiane,ufficio_postale,ufficio_postale,https://raw.githubusercontent.com/pasqualelembo78/huntix-poi/main/italia/lombardia/sconosciuta/pages/poste_italiane_44.7982_10.3386.json,custom
45.586940,9.600814,osm_poste_italiane_45.5869_9.6008,Poste Italiane,ufficio_postale,ufficio_postale,https://raw.githubusercontent.com/pasqualelembo78/huntix-poi/main/italia/lombardia/sconosciuta/pages/poste_italiane_45.5869_9.6008.json,custom
45.861020,9.840727,osm_poste_italiane_45.8610_9.8407,Poste Italiane,ufficio_postale,ufficio_postale,https://raw.githubusercontent.com/pasqualelembo78/huntix-poi/main/italia/lombardia/sconosciuta/pages/poste_italiane_45.8610_9.8407.json,custom
45.476447,10.242510,osm_ufficio_poste_italiane_45.4764_10.2425,Ufficio Poste Italiane,ufficio_postale,ufficio_postale,https://raw.githubusercontent.com/pasqualelembo78/huntix-poi/main/italia/lombardia/sconosciuta/pages/ufficio_poste_italiane_45.4764_10.2425.json,custom
45.570166,11.153280,osm_poste_italiane_45.5702_11.1533,Poste italiane,ufficio_postale,ufficio_postale,https://raw.githubusercontent.com/pasqualelembo78/huntix-poi/main/italia/lombardia/sconosciuta/pages/poste_italiane_45.5702_11.1533.json,custom
45.531857,10.215874,osm_ufficio_postale_poste_italiane_45.5319_10.2159,Ufficio Postale Poste Italiane,ufficio_postale,ufficio_postale,https://raw.githubusercontent.com/pasqualelembo78/huntix-poi/main/italia/lombardia/sconosciuta/pages/ufficio_postale_poste_italiane_45.5319_10.2159.json,custom
44.752338,10.210621,osm_poste_italiane_44.7523_10.2106,Poste Italiane,ufficio_postale,ufficio_postale,https://raw.githubusercontent.com/pasqualelembo78/huntix-poi/main/italia/lombardia/sconosciuta/pages/poste_italiane_44.7523_10.2106.json,custom
45.511675,10.188244,osm_ufficio_poste_italiane_45.5117_10.1882,Ufficio Poste Italiane,ufficio_postale,ufficio_postale,https://raw.githubusercontent.com/pasqualelembo78/huntix-poi/main/italia/lombardia/sconosciuta/pages/ufficio_poste_italiane_45.5117_10.1882.json,custom
46.249264,11.343639,osm_poste_italiane_46.2493_11.3436,Poste Italiane,ufficio_postale,ufficio_postale,https://raw.githubusercontent.com/pasqualelembo78/huntix-poi/main/italia/lombardia/sconosciuta/pages/poste_italiane_46.2493_11.3436.json,custom
45.878354,9.700488,osm_poste_italiane_45.8784_9.7005,Poste Italiane,ufficio_postale,ufficio_postale,https://raw.githubusercontent.com/pasqualelembo78/huntix-poi/main/italia/lombardia/sconosciuta/pages/poste_italiane_45.8784_9.7005.json,custom
45.752740,9.222093,osm_ufficio_postale___poste_italiane_45.7527_9.2221,Ufficio Postale - Poste Italiane,ufficio_postale,ufficio_postale,https://raw.githubusercontent.com/pasqualelembo78/huntix-poi/main/italia/lombardia/sconosciuta/pages/ufficio_postale_-_poste_italiane_45.7527_9.2221.json,custom
45.810907,10.043839,osm_poste_italiane_45.8109_10.0438,Poste Italiane,ufficio_postale,ufficio_postale,https://raw.githubusercontent.com/pasqualelembo78/huntix-poi/main/italia/lombardia/sconosciuta/pages/poste_italiane_45.8109_10.0438.json,custom
44.771027,10.261839,osm_collecchio_letters_44.7710_10.2618,Collecchio Letters,ufficio_postale,ufficio_postale,https://raw.githubusercontent.com/pasqualelembo78/huntix-poi/main/italia/lombardia/sconosciuta/pages/collecchio_letters_44.7710_10.2618.json,custom
45.462529,9.133733,osm_ufficio_postale_bande_nere_45.4625_9.1337,Ufficio Postale Bande Nere,ufficio_postale,ufficio_postale,https://raw.githubusercontent.com/pasqualelembo78/huntix-poi/main/italia/lombardia/sconosciuta/pages/ufficio_postale_bande_nere_45.4625_9.1337.json,custom
45.578262,9.255290,osm_qui_poste_45.5783_9.2553,Qui Poste,ufficio_postale,ufficio_postale,https://raw.githubusercontent.com/pasqualelembo78/huntix-poi/main/italia/lombardia/sconosciuta/pages/qui_poste_45.5783_9.2553.json,custom
46.227034,9.043570,osm_posta_46.2270_9.0436,Posta,ufficio_postale,ufficio_postale,https://raw.githubusercontent.com/pasqualelembo78/huntix-poi/main/italia/lombardia/sconosciuta/pages/posta_46.2270_9.0436.json,custom
44.644736,9.498613,osm_ufficio_postale_di_ferriere_44.6447_9.4986,Ufficio postale di Ferriere,ufficio_postale,ufficio_postale,https://raw.githubusercontent.com/pasqualelembo78/huntix-poi/main/italia/lombardia/sconosciuta/pages/ufficio_postale_di_ferriere_44.6447_9.4986.json,custom
45.809483,9.852941,osm_poste_italiane_45.8095_9.8529,Poste Italiane,ufficio_postale,ufficio_postale,https://raw.githubusercontent.com/pasqualelembo78/huntix-poi/main/italia/lombardia/sconosciuta/pages/poste_italiane_45.8095_9.8529.json,custom
45.801321,8.841200,osm_varese_8_45.8013_8.8412,Varese 8,ufficio_postale,ufficio_postale,https://raw.githubusercontent.com/pasqualelembo78/huntix-poi/main/italia/lombardia/sconosciuta/pages/varese_8_45.8013_8.8412.json,custom
46.113387,8.935737,osm_bironico_46.1134_8.9357,Bironico,ufficio_postale,ufficio_postale,https://raw.githubusercontent.com/pasqualelembo78/huntix-poi/main/italia/lombardia/sconosciuta/pages/bironico_46.1134_8.9357.json,custom
45.848627,8.937220,osm_ufficio_postale_stabio_45.8486_8.9372,Ufficio Postale Stabio,ufficio_postale,ufficio_postale,https://raw.githubusercontent.com/pasqualelembo78/huntix-poi/main/italia/lombardia/sconosciuta/pages/ufficio_postale_stabio_45.8486_8.9372.json,custom
45.833321,9.030434,osm_chiasso_1_45.8333_9.0304,Chiasso 1,ufficio_postale,ufficio_postale,https://raw.githubusercontent.com/pasqualelembo78/huntix-poi/main/italia/lombardia/sconosciuta/pages/chiasso_1_45.8333_9.0304.json,custom
45.684587,9.204913,osm_ufficio_postale_di_birone_45.6846_9.2049,Ufficio postale di Birone,ufficio_postale,ufficio_postale,https://raw.githubusercontent.com/pasqualelembo78/huntix-poi/main/italia/lombardia/sconosciuta/pages/ufficio_postale_di_birone_45.6846_9.2049.json,custom
45.494436,9.186398,osm_express_parcel_delivery_45.4944_9.1864,Express Parcel Delivery,ufficio_postale,ufficio_postale,https://raw.githubusercontent.com/pasqualelembo78/huntix-poi/main/italia/lombardia/sconosciuta/pages/express_parcel_delivery_45.4944_9.1864.json,custom
46.065896,11.131370,osm_posta_power_46.0659_11.1314,Posta power,ufficio_postale,ufficio_postale,https://raw.githubusercontent.com/pasqualelembo78/huntix-poi/main/italia/lombardia/sconosciuta/pages/posta_power_46.0659_11.1314.json,custom
45.490904,9.206931,osm_dhl_store_centrale_45.4909_9.2069,DHL Store Centrale,ufficio_postale,ufficio_postale,https://raw.githubusercontent.com/pasqualelembo78/huntix-poi/main/italia/lombardia/sconosciuta/pages/dhl_store_centrale_45.4909_9.2069.json,custom
45.602634,8.856931,osm_mail_boxes_etc__45.6026_8.8569,Mail Boxes Etc.,ufficio_postale,ufficio_postale,https://raw.githubusercontent.com/pasqualelembo78/huntix-poi/main/italia/lombardia/sconosciuta/pages/mail_boxes_etc_45.6026_8.8569.json,custom
45.331128,10.053989,osm_poste_italiane_45.3311_10.0540,Poste Italiane,ufficio_postale,ufficio_postale,https://raw.githubusercontent.com/pasqualelembo78/huntix-poi/main/italia/lombardia/sconosciuta/pages/poste_italiane_45.3311_10.0540.json,custom
45.895063,9.424226,osm_poste_45.8951_9.4242,Poste,ufficio_postale,ufficio_postale,https://raw.githubusercontent.com/pasqualelembo78/huntix-poi/main/italia/lombardia/sconosciuta/pages/poste_45.8951_9.4242.json,custom
45.806979,11.016729,osm_ufficio_postale_45.8070_11.0167,Ufficio Postale,ufficio_postale,ufficio_postale,https://raw.githubusercontent.com/pasqualelembo78/huntix-poi/main/italia/lombardia/sconosciuta/pages/ufficio_postale_45.8070_11.0167.json,custom
45.786873,11.420397,osm_poste_di_cogollo_del_cengio_45.7869_11.4204,Poste di Cogollo del Cengio,ufficio_postale,ufficio_postale,https://raw.githubusercontent.com/pasqualelembo78/huntix-poi/main/italia/lombardia/sconosciuta/pages/poste_di_cogollo_del_cengio_45.7869_11.4204.json,custom
45.629697,9.078655,osm_ufficio_postale_poste_italiane_45.6297_9.0787,Ufficio Postale Poste Italiane,ufficio_postale,ufficio_postale,https://raw.githubusercontent.com/pasqualelembo78/huntix-poi/main/italia/lombardia/sconosciuta/pages/ufficio_postale_poste_italiane_45.6297_9.0787.json,custom
45.449703,9.116199,osm_tmi_spedizioni_private_45.4497_9.1162,TMI Spedizioni Private,ufficio_postale,ufficio_postale,https://raw.githubusercontent.com/pasqualelembo78/huntix-poi/main/italia/lombardia/sconosciuta/pages/tmi_spedizioni_private_45.4497_9.1162.json,custom
44.723124,9.701617,osm_ufficio_postale_di_morfasso_44.7231_9.7016,Ufficio postale di Morfasso,ufficio_postale,ufficio_postale,https://raw.githubusercontent.com/pasqualelembo78/huntix-poi/main/italia/lombardia/sconosciuta/pages/ufficio_postale_di_morfasso_44.7231_9.7016.json,custom
45.526417,10.191107,osm_poste_italiane_45.5264_10.1911,Poste Italiane,ufficio_postale,ufficio_postale,https://raw.githubusercontent.com/pasqualelembo78/huntix-poi/main/italia/lombardia/sconosciuta/pages/poste_italiane_45.5264_10.1911.json,custom
46.011977,8.963934,osm_posta_filiale_6962_viganello_46.0120_8.9639,Posta Filiale 6962 Viganello,ufficio_postale,ufficio_postale,https://raw.githubusercontent.com/pasqualelembo78/huntix-poi/main/italia/lombardia/sconosciuta/pages/posta_filiale_6962_viganello_46.0120_8.9639.json,custom
46.064104,11.121654,osm_posta_futura_46.0641_11.1217,Posta Futura,ufficio_postale,ufficio_postale,https://raw.githubusercontent.com/pasqualelembo78/huntix-poi/main/italia/lombardia/sconosciuta/pages/posta_futura_46.0641_11.1217.json,custom
45.644689,9.409753,osm_posteitaliane_45.6447_9.4098,PosteItaliane,ufficio_postale,ufficio_postale,https://raw.githubusercontent.com/pasqualelembo78/huntix-poi/main/italia/lombardia/sconosciuta/pages/posteitaliane_45.6447_9.4098.json,custom
45.548261,9.339292,osm_mail_boxes_etc_45.5483_9.3393,Mail Boxes Etc,ufficio_postale,ufficio_postale,https://raw.githubusercontent.com/pasqualelembo78/huntix-poi/main/italia/lombardia/sconosciuta/pages/mail_boxes_etc_45.5483_9.3393.json,custom
45.606503,8.822331,osm_poste_italiane_45.6065_8.8223,Poste italiane,ufficio_postale,ufficio_postale,https://raw.githubusercontent.com/pasqualelembo78/huntix-poi/main/italia/lombardia/sconosciuta/pages/poste_italiane_45.6065_8.8223.json,custom
45.133929,10.022269,osm_cremona_centro_45.1339_10.0223,Cremona Centro,ufficio_postale,ufficio_postale,https://raw.githubusercontent.com/pasqualelembo78/huntix-poi/main/italia/lombardia/sconosciuta/pages/cremona_centro_45.1339_10.0223.json,custom
45.824275,11.273212,osm_poste_italiane_di_laghi_45.8243_11.2732,Poste Italiane di Laghi,ufficio_postale,ufficio_postale,https://raw.githubusercontent.com/pasqualelembo78/huntix-poi/main/italia/lombardia/sconosciuta/pages/poste_italiane_di_laghi_45.8243_11.2732.json,custom
45.921814,11.324374,osm_posteitaliane_45.9218_11.3244,Posteitaliane,ufficio_postale,ufficio_postale,https://raw.githubusercontent.com/pasqualelembo78/huntix-poi/main/italia/lombardia/sconosciuta/pages/posteitaliane_45.9218_11.3244.json,custom
44.510293,11.298031,osm_fermopoint_44.5103_11.2980,Fermopoint,ufficio_postale,ufficio_postale,https://raw.githubusercontent.com/pasqualelembo78/huntix-poi/main/italia/lombardia/sconosciuta/pages/fermopoint_44.5103_11.2980.json,custom
46.326583,11.022543,osm_posteitaliane_46.3266_11.0225,Posteitaliane,ufficio_postale,ufficio_postale,https://raw.githubusercontent.com/pasqualelembo78/huntix-poi/main/italia/lombardia/sconosciuta/pages/posteitaliane_46.3266_11.0225.json,custom
44.676266,11.041798,osm_ufficio_postale_44.6763_11.0418,Ufficio postale,ufficio_postale,ufficio_postale,https://raw.githubusercontent.com/pasqualelembo78/huntix-poi/main/italia/lombardia/sconosciuta/pages/ufficio_postale_44.6763_11.0418.json,custom
45.821583,8.828300,osm_mail_boxes_etc__45.8216_8.8283,Mail Boxes Etc.,ufficio_postale,ufficio_postale,https://raw.githubusercontent.com/pasqualelembo78/huntix-poi/main/italia/lombardia/sconosciuta/pages/mail_boxes_etc_45.8216_8.8283.json,custom
45.663529,9.782895,osm_poste_italiane_45.6635_9.7829,Poste Italiane,ufficio_postale,ufficio_postale,https://raw.githubusercontent.com/pasqualelembo78/huntix-poi/main/italia/lombardia/sconosciuta/pages/poste_italiane_45.6635_9.7829.json,custom
45.447241,9.179921,osm_dhl_store_milano_navigli_45.4472_9.1799,DHL Store Milano Navigli,ufficio_postale,ufficio_postale,https://raw.githubusercontent.com/pasqualelembo78/huntix-poi/main/italia/lombardia/sconosciuta/pages/dhl_store_milano_navigli_45.4472_9.1799.json,custom
45.451657,9.184552,osm_mail_boxes_etc__45.4517_9.1846,Mail Boxes Etc.,ufficio_postale,ufficio_postale,https://raw.githubusercontent.com/pasqualelembo78/huntix-poi/main/italia/lombardia/sconosciuta/pages/mail_boxes_etc_45.4517_9.1846.json,custom
45.610526,9.920854,osm_san_pancrazio_bresciano_45.6105_9.9209,San Pancrazio Bresciano,ufficio_postale,ufficio_postale,https://raw.githubusercontent.com/pasqualelembo78/huntix-poi/main/italia/lombardia/sconosciuta/pages/san_pancrazio_bresciano_45.6105_9.9209.json,custom
45.599677,9.889339,osm_palazzolo_1_45.5997_9.8893,Palazzolo 1,ufficio_postale,ufficio_postale,https://raw.githubusercontent.com/pasqualelembo78/huntix-poi/main/italia/lombardia/sconosciuta/pages/palazzolo_1_45.5997_9.8893.json,custom
45.693131,9.611056,osm_poste_italiane_45.6931_9.6111,Poste Italiane,ufficio_postale,ufficio_postale,https://raw.githubusercontent.com/pasqualelembo78/huntix-poi/main/italia/lombardia/sconosciuta/pages/poste_italiane_45.6931_9.6111.json,custom
45.825359,9.049967,osm_monte_olimpino_45.8254_9.0500,Monte Olimpino,ufficio_postale,ufficio_postale,https://raw.githubusercontent.com/pasqualelembo78/huntix-poi/main/italia/lombardia/sconosciuta/pages/monte_olimpino_45.8254_9.0500.json,custom
45.891164,11.040974,osm_poste_centrale_45.8912_11.0410,Poste Centrale,ufficio_postale,ufficio_postale,https://raw.githubusercontent.com/pasqualelembo78/huntix-poi/main/italia/lombardia/sconosciuta/pages/poste_centrale_45.8912_11.0410.json,custom
45.916058,10.885126,osm_ufficio_postale_di_arco_45.9161_10.8851,Ufficio Postale di Arco,ufficio_postale,ufficio_postale,https://raw.githubusercontent.com/pasqualelembo78/huntix-poi/main/italia/lombardia/sconosciuta/pages/ufficio_postale_di_arco_45.9161_10.8851.json,custom
45.718519,11.307833,osm_poste_italiane_45.7185_11.3078,Poste Italiane,ufficio_postale,ufficio_postale,https://raw.githubusercontent.com/pasqualelembo78/huntix-poi/main/italia/lombardia/sconosciuta/pages/poste_italiane_45.7185_11.3078.json,custom
45.818233,8.831944,osm_poste_italiane_45.8182_8.8319,Poste Italiane,ufficio_postale,ufficio_postale,https://raw.githubusercontent.com/pasqualelembo78/huntix-poi/main/italia/lombardia/sconosciuta/pages/poste_italiane_45.8182_8.8319.json,custom
45.726343,9.072889,osm_vertemate_45.7263_9.0729,Vertemate,ufficio_postale,ufficio_postale,https://raw.githubusercontent.com/pasqualelembo78/huntix-poi/main/italia/lombardia/sconosciuta/pages/vertemate_45.7263_9.0729.json,custom
45.710913,9.689146,osm_poste_italiane_45.7109_9.6891,Poste Italiane,ufficio_postale,ufficio_postale,https://raw.githubusercontent.com/pasqualelembo78/huntix-poi/main/italia/lombardia/sconosciuta/pages/poste_italiane_45.7109_9.6891.json,custom
45.694666,8.993567,osm_sda_express_courier_45.6947_8.9936,SDA Express Courier,ufficio_postale,ufficio_postale,https://raw.githubusercontent.com/pasqualelembo78/huntix-poi/main/italia/lombardia/sconosciuta/pages/sda_express_courier_45.6947_8.9936.json,custom
44.768925,8.703567,osm_poste_italiane_44.7689_8.7036,Poste Italiane,ufficio_postale,ufficio_postale,https://raw.githubusercontent.com/pasqualelembo78/huntix-poi/main/italia/lombardia/sconosciuta/pages/poste_italiane_44.7689_8.7036.json,custom
46.032906,10.726978,osm_poste_italiane_46.0329_10.7270,Poste Italiane,ufficio_postale,ufficio_postale,https://raw.githubusercontent.com/pasqualelembo78/huntix-poi/main/italia/lombardia/sconosciuta/pages/poste_italiane_46.0329_10.7270.json,custom
45.758200,11.002099,osm_ufficio_postale_ala_45.7582_11.0021,Ufficio postale Ala,ufficio_postale,ufficio_postale,https://raw.githubusercontent.com/pasqualelembo78/huntix-poi/main/italia/lombardia/sconosciuta/pages/ufficio_postale_ala_45.7582_11.0021.json,custom
45.575981,9.349427,osm_poste_italiane_45.5760_9.3494,Poste Italiane,ufficio_postale,ufficio_postale,https://raw.githubusercontent.com/pasqualelembo78/huntix-poi/main/italia/lombardia/sconosciuta/pages/poste_italiane_45.5760_9.3494.json,custom
45.554301,9.303522,osm_poste_brugherio_45.5543_9.3035,Poste Brugherio,ufficio_postale,ufficio_postale,https://raw.githubusercontent.com/pasqualelembo78/huntix-poi/main/italia/lombardia/sconosciuta/pages/poste_brugherio_45.5543_9.3035.json,custom
45.776184,9.057668,osm_grandate_45.7762_9.0577,Grandate,ufficio_postale,ufficio_postale,https://raw.githubusercontent.com/pasqualelembo78/huntix-poi/main/italia/lombardia/sconosciuta/pages/grandate_45.7762_9.0577.json,custom
45.299744,9.419645,osm_poste_italiane_45.2997_9.4196,Poste Italiane,ufficio_postale,ufficio_postale,https://raw.githubusercontent.com/pasqualelembo78/huntix-poi/main/italia/lombardia/sconosciuta/pages/poste_italiane_45.2997_9.4196.json,custom
45.630765,8.886712,osm_olgiate_olona_45.6308_8.8867,Olgiate Olona,ufficio_postale,ufficio_postale,https://raw.githubusercontent.com/pasqualelembo78/huntix-poi/main/italia/lombardia/sconosciuta/pages/olgiate_olona_45.6308_8.8867.json,custom
45.801141,9.060739,osm_poste_di_prestino_45.8011_9.0607,Poste di Prestino,ufficio_postale,ufficio_postale,https://raw.githubusercontent.com/pasqualelembo78/huntix-poi/main/italia/lombardia/sconosciuta/pages/poste_di_prestino_45.8011_9.0607.json,custom
45.746871,8.813423,osm_castronno_45.7469_8.8134,Castronno,ufficio_postale,ufficio_postale,https://raw.githubusercontent.com/pasqualelembo78/huntix-poi/main/italia/lombardia/sconosciuta/pages/castronno_45.7469_8.8134.json,custom
45.563896,10.000532,osm_ufficio_postale_di_rovato_45.5639_10.0005,Ufficio Postale di Rovato,ufficio_postale,ufficio_postale,https://raw.githubusercontent.com/pasqualelembo78/huntix-poi/main/italia/lombardia/sconosciuta/pages/ufficio_postale_di_rovato_45.5639_10.0005.json,custom
45.734992,9.733752,osm_poste_di_alzano_45.7350_9.7338,Poste di Alzano,ufficio_postale,ufficio_postale,https://raw.githubusercontent.com/pasqualelembo78/huntix-poi/main/italia/lombardia/sconosciuta/pages/poste_di_alzano_45.7350_9.7338.json,custom
45.437789,9.211061,osm_milano_104_45.4378_9.2111,Milano 104,ufficio_postale,ufficio_postale,https://raw.githubusercontent.com/pasqualelembo78/huntix-poi/main/italia/lombardia/sconosciuta/pages/milano_104_45.4378_9.2111.json,custom
45.871117,8.907767,osm_viggi__45.8711_8.9078,Viggiù,ufficio_postale,ufficio_postale,https://raw.githubusercontent.com/pasqualelembo78/huntix-poi/main/italia/lombardia/sconosciuta/pages/viggi_45.8711_8.9078.json,custom
45.651047,9.341233,osm_poste_italiane_45.6510_9.3412,Poste Italiane,ufficio_postale,ufficio_postale,https://raw.githubusercontent.com/pasqualelembo78/huntix-poi/main/italia/lombardia/sconosciuta/pages/poste_italiane_45.6510_9.3412.json,custom
45.370484,11.035770,osm_poste_italiane_45.3705_11.0358,Poste Italiane,ufficio_postale,ufficio_postale,https://raw.githubusercontent.com/pasqualelembo78/huntix-poi/main/italia/lombardia/sconosciuta/pages/poste_italiane_45.3705_11.0358.json,custom
46.169151,9.871292,osm_sondrio_centro_46.1692_9.8713,Sondrio Centro,ufficio_postale,ufficio_postale,https://raw.githubusercontent.com/pasqualelembo78/huntix-poi/main/italia/lombardia/sconosciuta/pages/sondrio_centro_46.1692_9.8713.json,custom
44.661912,11.134701,osm_poste_italiane_44.6619_11.1347,Poste Italiane,ufficio_postale,ufficio_postale,https://raw.githubusercontent.com/pasqualelembo78/huntix-poi/main/italia/lombardia/sconosciuta/pages/poste_italiane_44.6619_11.1347.json,custom
45.133228,10.033948,osm_ufficio_postale_cremona_4_45.1332_10.0339,Ufficio Postale Cremona 4,ufficio_postale,ufficio_postale,https://raw.githubusercontent.com/pasqualelembo78/huntix-poi/main/italia/lombardia/sconosciuta/pages/ufficio_postale_cremona_4_45.1332_10.0339.json,custom
44.707402,11.231194,osm_ufficio_postale_di_san_matteo_della_deci_44.7074_11.2312,Ufficio Postale di San Matteo della Decima,ufficio_postale,ufficio_postale,https://raw.githubusercontent.com/pasqualelembo78/huntix-poi/main/italia/lombardia/sconosciuta/pages/ufficio_postale_di_san_matteo_della_deci_44.7074_11.2312.json,custom
45.529629,10.939487,osm_poste_italiane_45.5296_10.9395,Poste Italiane,ufficio_postale,ufficio_postale,https://raw.githubusercontent.com/pasqualelembo78/huntix-poi/main/italia/lombardia/sconosciuta/pages/poste_italiane_45.5296_10.9395.json,custom
44.891866,10.901878,osm_ufficio_postale_44.8919_10.9019,Ufficio Postale,ufficio_postale,ufficio_postale,https://raw.githubusercontent.com/pasqualelembo78/huntix-poi/main/italia/lombardia/sconosciuta/pages/ufficio_postale_44.8919_10.9019.json,custom
44.697731,10.642103,osm_ufficio_postale_reggio_emilia_2_44.6977_10.6421,Ufficio postale Reggio Emilia 2,ufficio_postale,ufficio_postale,https://raw.githubusercontent.com/pasqualelembo78/huntix-poi/main/italia/lombardia/sconosciuta/pages/ufficio_postale_reggio_emilia_2_44.6977_10.6421.json,custom
45.993155,11.261135,osm_ufficio_postale_di_caldonazzo_45.9932_11.2611,Ufficio postale di Caldonazzo,ufficio_postale,ufficio_postale,https://raw.githubusercontent.com/pasqualelembo78/huntix-poi/main/italia/lombardia/sconosciuta/pages/ufficio_postale_di_caldonazzo_45.9932_11.2611.json,custom
45.710224,9.567514,osm_deposito_poste_45.7102_9.5675,Deposito Poste,ufficio_postale,ufficio_postale,https://raw.githubusercontent.com/pasqualelembo78/huntix-poi/main/italia/lombardia/sconosciuta/pages/deposito_poste_45.7102_9.5675.json,custom
45.691038,8.871757,osm_cairate_45.6910_8.8718,Cairate,ufficio_postale,ufficio_postale,https://raw.githubusercontent.com/pasqualelembo78/huntix-poi/main/italia/lombardia/sconosciuta/pages/cairate_45.6910_8.8718.json,custom
44.785241,10.329502,osm_poste_italiane_44.7852_10.3295,Poste Italiane,ufficio_postale,ufficio_postale,https://raw.githubusercontent.com/pasqualelembo78/huntix-poi/main/italia/lombardia/sconosciuta/pages/poste_italiane_44.7852_10.3295.json,custom
44.785289,10.329466,osm_poste_italiane_44.7853_10.3295,Poste Italiane,ufficio_postale,ufficio_postale,https://raw.githubusercontent.com/pasqualelembo78/huntix-poi/main/italia/lombardia/sconosciuta/pages/poste_italiane_44.7853_10.3295.json,custom
45.780594,8.824352,osm_gazzada_45.7806_8.8244,Gazzada,ufficio_postale,ufficio_postale,https://raw.githubusercontent.com/pasqualelembo78/huntix-poi/main/italia/lombardia/sconosciuta/pages/gazzada_45.7806_8.8244.json,custom
44.929374,10.126093,osm_soragna_44.9294_10.1261,Soragna,ufficio_postale,ufficio_postale,https://raw.githubusercontent.com/pasqualelembo78/huntix-poi/main/italia/lombardia/sconosciuta/pages/soragna_44.9294_10.1261.json,custom
44.916684,9.790132,osm_poste_italiane_44.9167_9.7901,Poste Italiane,ufficio_postale,ufficio_postale,https://raw.githubusercontent.com/pasqualelembo78/huntix-poi/main/italia/lombardia/sconosciuta/pages/poste_italiane_44.9167_9.7901.json,custom
46.440490,11.136499,osm_poste_italiane_46.4405_11.1365,Poste Italiane,ufficio_postale,ufficio_postale,https://raw.githubusercontent.com/pasqualelembo78/huntix-poi/main/italia/lombardia/sconosciuta/pages/poste_italiane_46.4405_11.1365.json,custom
45.905031,8.620744,osm_laveno_mombello_45.9050_8.6207,Laveno Mombello,ufficio_postale,ufficio_postale,https://raw.githubusercontent.com/pasqualelembo78/huntix-poi/main/italia/lombardia/sconosciuta/pages/laveno_mombello_45.9050_8.6207.json,custom
45.411442,10.394821,osm_poste_italiane_45.4114_10.3948,Poste italiane,ufficio_postale,ufficio_postale,https://raw.githubusercontent.com/pasqualelembo78/huntix-poi/main/italia/lombardia/sconosciuta/pages/poste_italiane_45.4114_10.3948.json,custom
45.262440,11.114025,osm_ufficio_postale_poste_italiane_45.2624_11.1140,Ufficio Postale Poste Italiane,ufficio_postale,ufficio_postale,https://raw.githubusercontent.com/pasqualelembo78/huntix-poi/main/italia/lombardia/sconosciuta/pages/ufficio_postale_poste_italiane_45.2624_11.1140.json,custom
45.190072,11.213081,osm_ufficio_postale_di_cerea_45.1901_11.2131,Ufficio Postale di Cerea,ufficio_postale,ufficio_postale,https://raw.githubusercontent.com/pasqualelembo78/huntix-poi/main/italia/lombardia/sconosciuta/pages/ufficio_postale_di_cerea_45.1901_11.2131.json,custom
45.219200,11.283411,osm_poste_italiane_45.2192_11.2834,Poste Italiane,ufficio_postale,ufficio_postale,https://raw.githubusercontent.com/pasqualelembo78/huntix-poi/main/italia/lombardia/sconosciuta/pages/poste_italiane_45.2192_11.2834.json,custom
45.159591,11.353158,osm_ufficio_postale_villa_bartolomnea_45.1596_11.3532,Ufficio Postale Villa Bartolomnea,ufficio_postale,ufficio_postale,https://raw.githubusercontent.com/pasqualelembo78/huntix-poi/main/italia/lombardia/sconosciuta/pages/ufficio_postale_villa_bartolomnea_45.1596_11.3532.json,custom
45.621480,9.475647,osm_poste_italiane_45.6215_9.4756,Poste Italiane,ufficio_postale,ufficio_postale,https://raw.githubusercontent.com/pasqualelembo78/huntix-poi/main/italia/lombardia/sconosciuta/pages/poste_italiane_45.6215_9.4756.json,custom
45.422887,11.284863,osm_posta_45.4229_11.2849,Posta,ufficio_postale,ufficio_postale,https://raw.githubusercontent.com/pasqualelembo78/huntix-poi/main/italia/lombardia/sconosciuta/pages/posta_45.4229_11.2849.json,custom
45.455472,9.090836,osm_milano_65_45.4555_9.0908,Milano 65,ufficio_postale,ufficio_postale,https://raw.githubusercontent.com/pasqualelembo78/huntix-poi/main/italia/lombardia/sconosciuta/pages/milano_65_45.4555_9.0908.json,custom
45.607390,10.686562,osm_ufficio_postale_di_torri_del_benaco_45.6074_10.6866,Ufficio postale di Torri del Benaco,ufficio_postale,ufficio_postale,https://raw.githubusercontent.com/pasqualelembo78/huntix-poi/main/italia/lombardia/sconosciuta/pages/ufficio_postale_di_torri_del_benaco_45.6074_10.6866.json,custom
46.089609,8.733196,osm_poste_italiane_di_tronzano_lago_maggiore_46.0896_8.7332,Poste Italiane di Tronzano Lago Maggiore,ufficio_postale,ufficio_postale,https://raw.githubusercontent.com/pasqualelembo78/huntix-poi/main/italia/lombardia/sconosciuta/pages/poste_italiane_di_tronzano_lago_maggiore_46.0896_8.7332.json,custom
45.762265,11.432335,osm_ufficio_postale_45.7623_11.4323,Ufficio postale,ufficio_postale,ufficio_postale,https://raw.githubusercontent.com/pasqualelembo78/huntix-poi/main/italia/lombardia/sconosciuta/pages/ufficio_postale_45.7623_11.4323.json,custom
45.760955,11.464500,osm_poste_italiane_45.7610_11.4645,Poste Italiane,ufficio_postale,ufficio_postale,https://raw.githubusercontent.com/pasqualelembo78/huntix-poi/main/italia/lombardia/sconosciuta/pages/poste_italiane_45.7610_11.4645.json,custom
45.736366,11.388500,osm_ufficio_postale_45.7364_11.3885,Ufficio Postale,ufficio_postale,ufficio_postale,https://raw.githubusercontent.com/pasqualelembo78/huntix-poi/main/italia/lombardia/sconosciuta/pages/ufficio_postale_45.7364_11.3885.json,custom
45.597235,9.054260,osm_poste_italiane_45.5972_9.0543,Poste Italiane,ufficio_postale,ufficio_postale,https://raw.githubusercontent.com/pasqualelembo78/huntix-poi/main/italia/lombardia/sconosciuta/pages/poste_italiane_45.5972_9.0543.json,custom
45.717615,9.732200,osm_poste_italiane_45.7176_9.7322,Poste Italiane,ufficio_postale,ufficio_postale,https://raw.githubusercontent.com/pasqualelembo78/huntix-poi/main/italia/lombardia/sconosciuta/pages/poste_italiane_45.7176_9.7322.json,custom
46.222671,11.313204,osm_ufficio_postale_46.2227_11.3132,Ufficio Postale,ufficio_postale,ufficio_postale,https://raw.githubusercontent.com/pasqualelembo78/huntix-poi/main/italia/lombardia/sconosciuta/pages/ufficio_postale_46.2227_11.3132.json,custom
45.648511,9.262574,osm_ufficio_postale_sovico_45.6485_9.2626,Ufficio postale Sovico,ufficio_postale,ufficio_postale,https://raw.githubusercontent.com/pasqualelembo78/huntix-poi/main/italia/lombardia/sconosciuta/pages/ufficio_postale_sovico_45.6485_9.2626.json,custom
45.655318,10.202913,osm_poste_italiane_45.6553_10.2029,Poste Italiane,ufficio_postale,ufficio_postale,https://raw.githubusercontent.com/pasqualelembo78/huntix-poi/main/italia/lombardia/sconosciuta/pages/poste_italiane_45.6553_10.2029.json,custom
44.730752,8.944144,osm_ufficio_postale_di_borghetto_borbera_44.7308_8.9441,Ufficio Postale di Borghetto Borbera,ufficio_postale,ufficio_postale,https://raw.githubusercontent.com/pasqualelembo78/huntix-poi/main/italia/lombardia/sconosciuta/pages/ufficio_postale_di_borghetto_borbera_44.7308_8.9441.json,custom
45.490803,10.607934,osm_sirloins___largo_faselo_bitinico_45.4908_10.6079,Sirloins - Largo Faselo Bitinico,ufficio_postale,ufficio_postale,https://raw.githubusercontent.com/pasqualelembo78/huntix-poi/main/italia/lombardia/sconosciuta/pages/sirloins_-_largo_faselo_bitinico_45.4908_10.6079.json,custom
45.915950,9.321863,osm_mandello_lario_45.9160_9.3219,Mandello Lario,ufficio_postale,ufficio_postale,https://raw.githubusercontent.com/pasqualelembo78/huntix-poi/main/italia/lombardia/sconosciuta/pages/mandello_lario_45.9160_9.3219.json,custom
45.421934,9.061880,osm_ufficio_postale_trezzano_sul_naviglio_45.4219_9.0619,Ufficio postale Trezzano sul Naviglio,ufficio_postale,ufficio_postale,https://raw.githubusercontent.com/pasqualelembo78/huntix-poi/main/italia/lombardia/sconosciuta/pages/ufficio_postale_trezzano_sul_naviglio_45.4219_9.0619.json,custom
45.069832,11.014525,osm_poste_italiane_45.0698_11.0145,Poste Italiane,ufficio_postale,ufficio_postale,https://raw.githubusercontent.com/pasqualelembo78/huntix-poi/main/italia/lombardia/sconosciuta/pages/poste_italiane_45.0698_11.0145.json,custom
45.242869,11.085073,osm_salizzole_45.2429_11.0851,Salizzole,ufficio_postale,ufficio_postale,https://raw.githubusercontent.com/pasqualelembo78/huntix-poi/main/italia/lombardia/sconosciuta/pages/salizzole_45.2429_11.0851.json,custom
45.993530,9.331831,osm_ufficio_postale_45.9935_9.3318,Ufficio Postale,ufficio_postale,ufficio_postale,https://raw.githubusercontent.com/pasqualelembo78/huntix-poi/main/italia/lombardia/sconosciuta/pages/ufficio_postale_45.9935_9.3318.json,custom
45.874139,8.619662,osm_poste_di_leggiuno_45.8741_8.6197,Poste di Leggiuno,ufficio_postale,ufficio_postale,https://raw.githubusercontent.com/pasqualelembo78/huntix-poi/main/italia/lombardia/sconosciuta/pages/poste_di_leggiuno_45.8741_8.6197.json,custom
46.151758,9.731969,osm_poste_italiane_46.1518_9.7320,Poste Italiane,ufficio_postale,ufficio_postale,https://raw.githubusercontent.com/pasqualelembo78/huntix-poi/main/italia/lombardia/sconosciuta/pages/poste_italiane_46.1518_9.7320.json,custom
46.077652,9.306687,osm_poste_italiane_46.0777_9.3067,Poste Italiane,ufficio_postale,ufficio_postale,https://raw.githubusercontent.com/pasqualelembo78/huntix-poi/main/italia/lombardia/sconosciuta/pages/poste_italiane_46.0777_9.3067.json,custom
45.741279,9.206079,osm_ufficio_postale_di_cremnago_45.7413_9.2061,Ufficio postale di cremnago,ufficio_postale,ufficio_postale,https://raw.githubusercontent.com/pasqualelembo78/huntix-poi/main/italia/lombardia/sconosciuta/pages/ufficio_postale_di_cremnago_45.7413_9.2061.json,custom
45.845640,8.792060,osm_varese_4_45.8456_8.7921,Varese 4,ufficio_postale,ufficio_postale,https://raw.githubusercontent.com/pasqualelembo78/huntix-poi/main/italia/lombardia/sconosciuta/pages/varese_4_45.8456_8.7921.json,custom
45.397506,9.868162,osm_poste_italiane_45.3975_9.8682,Poste Italiane,ufficio_postale,ufficio_postale,https://raw.githubusercontent.com/pasqualelembo78/huntix-poi/main/italia/lombardia/sconosciuta/pages/poste_italiane_45.3975_9.8682.json,custom
45.994681,8.728044,osm_germignaga_45.9947_8.7280,Germignaga,ufficio_postale,ufficio_postale,https://raw.githubusercontent.com/pasqualelembo78/huntix-poi/main/italia/lombardia/sconosciuta/pages/germignaga_45.9947_8.7280.json,custom
45.348098,9.196844,osm_pieve_emanuele_45.3481_9.1968,Pieve Emanuele,ufficio_postale,ufficio_postale,https://raw.githubusercontent.com/pasqualelembo78/huntix-poi/main/italia/lombardia/sconosciuta/pages/pieve_emanuele_45.3481_9.1968.json,custom
45.380452,11.044223,osm_san_giovanni_lupatoto_45.3805_11.0442,San Giovanni Lupatoto,ufficio_postale,ufficio_postale,https://raw.githubusercontent.com/pasqualelembo78/huntix-poi/main/italia/lombardia/sconosciuta/pages/san_giovanni_lupatoto_45.3805_11.0442.json,custom
45.534888,10.514645,osm_soiano_45.5349_10.5146,Soiano,ufficio_postale,ufficio_postale,https://raw.githubusercontent.com/pasqualelembo78/huntix-poi/main/italia/lombardia/sconosciuta/pages/soiano_45.5349_10.5146.json,custom
45.599978,8.928487,osm_legnano_2_45.6000_8.9285,Legnano 2,ufficio_postale,ufficio_postale,https://raw.githubusercontent.com/pasqualelembo78/huntix-poi/main/italia/lombardia/sconosciuta/pages/legnano_2_45.6000_8.9285.json,custom
45.314644,10.581105,osm_poste_italiane_45.3146_10.5811,Poste Italiane,ufficio_postale,ufficio_postale,https://raw.githubusercontent.com/pasqualelembo78/huntix-poi/main/italia/lombardia/sconosciuta/pages/poste_italiane_45.3146_10.5811.json,custom
45.671528,8.868631,osm_fagnano_olona_45.6715_8.8686,Fagnano Olona,ufficio_postale,ufficio_postale,https://raw.githubusercontent.com/pasqualelembo78/huntix-poi/main/italia/lombardia/sconosciuta/pages/fagnano_olona_45.6715_8.8686.json,custom
46.078356,10.718814,osm_poste_italiane_46.0784_10.7188,Poste Italiane,ufficio_postale,ufficio_postale,https://raw.githubusercontent.com/pasqualelembo78/huntix-poi/main/italia/lombardia/sconosciuta/pages/poste_italiane_46.0784_10.7188.json,custom
45.027408,11.287644,osm_poste_italiane_45.0274_11.2876,Poste Italiane,ufficio_postale,ufficio_postale,https://raw.githubusercontent.com/pasqualelembo78/huntix-poi/main/italia/lombardia/sconosciuta/pages/poste_italiane_45.0274_11.2876.json,custom
45.015806,11.499476,osm_poste_italiane_45.0158_11.4995,Poste Italiane,ufficio_postale,ufficio_postale,https://raw.githubusercontent.com/pasqualelembo78/huntix-poi/main/italia/lombardia/sconosciuta/pages/poste_italiane_45.0158_11.4995.json,custom
45.349461,9.969385,osm_poste_italiane_45.3495_9.9694,Poste Italiane,ufficio_postale,ufficio_postale,https://raw.githubusercontent.com/pasqualelembo78/huntix-poi/main/italia/lombardia/sconosciuta/pages/poste_italiane_45.3495_9.9694.json,custom
45.299442,10.473512,osm_poste_italiane_45.2994_10.4735,Poste Italiane,ufficio_postale,ufficio_postale,https://raw.githubusercontent.com/pasqualelembo78/huntix-poi/main/italia/lombardia/sconosciuta/pages/poste_italiane_45.2994_10.4735.json,custom
45.319978,8.860415,osm_vigevano_centro_45.3200_8.8604,Vigevano Centro,ufficio_postale,ufficio_postale,https://raw.githubusercontent.com/pasqualelembo78/huntix-poi/main/italia/lombardia/sconosciuta/pages/vigevano_centro_45.3200_8.8604.json,custom
45.612793,11.344899,osm_cornedo_vicentino_45.6128_11.3449,Cornedo Vicentino,ufficio_postale,ufficio_postale,https://raw.githubusercontent.com/pasqualelembo78/huntix-poi/main/italia/lombardia/sconosciuta/pages/cornedo_vicentino_45.6128_11.3449.json,custom
46.245690,8.705421,osm_maggia_46.2457_8.7054,Maggia,ufficio_postale,ufficio_postale,https://raw.githubusercontent.com/pasqualelembo78/huntix-poi/main/italia/lombardia/sconosciuta/pages/maggia_46.2457_8.7054.json,custom
45.681904,9.445184,osm_poste_italiane_45.6819_9.4452,Poste Italiane,ufficio_postale,ufficio_postale,https://raw.githubusercontent.com/pasqualelembo78/huntix-poi/main/italia/lombardia/sconosciuta/pages/poste_italiane_45.6819_9.4452.json,custom
45.432241,9.181459,osm_milano_81_45.4322_9.1815,Milano 81,ufficio_postale,ufficio_postale,https://raw.githubusercontent.com/pasqualelembo78/huntix-poi/main/italia/lombardia/sconosciuta/pages/milano_81_45.4322_9.1815.json,custom
45.583012,9.945805,osm_poste_italiane_45.5830_9.9458,Poste Italiane,ufficio_postale,ufficio_postale,https://raw.githubusercontent.com/pasqualelembo78/huntix-poi/main/italia/lombardia/sconosciuta/pages/poste_italiane_45.5830_9.9458.json,custom
45.683041,8.942019,osm_poste_italiane_45.6830_8.9420,Poste Italiane,ufficio_postale,ufficio_postale,https://raw.githubusercontent.com/pasqualelembo78/huntix-poi/main/italia/lombardia/sconosciuta/pages/poste_italiane_45.6830_8.9420.json,custom
45.648124,9.599029,osm_poste_italiane_di_dalmine_45.6481_9.5990,Poste Italiane di Dalmine,ufficio_postale,ufficio_postale,https://raw.githubusercontent.com/pasqualelembo78/huntix-poi/main/italia/lombardia/sconosciuta/pages/poste_italiane_di_dalmine_45.6481_9.5990.json,custom
45.082599,10.356598,osm_poste_italiane_45.0826_10.3566,Poste Italiane,ufficio_postale,ufficio_postale,https://raw.githubusercontent.com/pasqualelembo78/huntix-poi/main/italia/lombardia/sconosciuta/pages/poste_italiane_45.0826_10.3566.json,custom
45.214032,10.891352,osm_poste_italiane_45.2140_10.8914,Poste Italiane,ufficio_postale,ufficio_postale,https://raw.githubusercontent.com/pasqualelembo78/huntix-poi/main/italia/lombardia/sconosciuta/pages/poste_italiane_45.2140_10.8914.json,custom
45.872109,9.816969,osm_poste_italiane_45.8721_9.8170,Poste Italiane,ufficio_postale,ufficio_postale,https://raw.githubusercontent.com/pasqualelembo78/huntix-poi/main/italia/lombardia/sconosciuta/pages/poste_italiane_45.8721_9.8170.json,custom
45.849995,9.572096,osm_poste_italiane_45.8500_9.5721,Poste Italiane,ufficio_postale,ufficio_postale,https://raw.githubusercontent.com/pasqualelembo78/huntix-poi/main/italia/lombardia/sconosciuta/pages/poste_italiane_45.8500_9.5721.json,custom
45.836388,9.664821,osm_poste_italiane_45.8364_9.6648,Poste Italiane,ufficio_postale,ufficio_postale,https://raw.githubusercontent.com/pasqualelembo78/huntix-poi/main/italia/lombardia/sconosciuta/pages/poste_italiane_45.8364_9.6648.json,custom
44.887652,10.354041,osm_poste_italiane_44.8877_10.3540,Poste Italiane,ufficio_postale,ufficio_postale,https://raw.githubusercontent.com/pasqualelembo78/huntix-poi/main/italia/lombardia/sconosciuta/pages/poste_italiane_44.8877_10.3540.json,custom
45.746533,9.618116,osm_poste_di_villa_d_alm__45.7465_9.6181,Poste di Villa D'Almè,ufficio_postale,ufficio_postale,https://raw.githubusercontent.com/pasqualelembo78/huntix-poi/main/italia/lombardia/sconosciuta/pages/poste_di_villa_dalm_45.7465_9.6181.json,custom
45.668404,9.439755,osm_verderio_superiore_45.6684_9.4398,Verderio Superiore,ufficio_postale,ufficio_postale,https://raw.githubusercontent.com/pasqualelembo78/huntix-poi/main/italia/lombardia/sconosciuta/pages/verderio_superiore_45.6684_9.4398.json,custom
45.905773,8.707116,osm_casalzuigno_45.9058_8.7071,Casalzuigno,ufficio_postale,ufficio_postale,https://raw.githubusercontent.com/pasqualelembo78/huntix-poi/main/italia/lombardia/sconosciuta/pages/casalzuigno_45.9058_8.7071.json,custom
45.406087,10.277266,osm_poste_italiane_45.4061_10.2773,Poste Italiane,ufficio_postale,ufficio_postale,https://raw.githubusercontent.com/pasqualelembo78/huntix-poi/main/italia/lombardia/sconosciuta/pages/poste_italiane_45.4061_10.2773.json,custom
44.772795,10.779860,osm_poste_italiane_44.7728_10.7799,Poste Italiane,ufficio_postale,ufficio_postale,https://raw.githubusercontent.com/pasqualelembo78/huntix-poi/main/italia/lombardia/sconosciuta/pages/poste_italiane_44.7728_10.7799.json,custom
44.710794,10.604866,osm_poste_italiane_44.7108_10.6049,Poste Italiane,ufficio_postale,ufficio_postale,https://raw.githubusercontent.com/pasqualelembo78/huntix-poi/main/italia/lombardia/sconosciuta/pages/poste_italiane_44.7108_10.6049.json,custom
45.908698,9.181078,osm_poste_italiane_45.9087_9.1811,Poste Italiane,ufficio_postale,ufficio_postale,https://raw.githubusercontent.com/pasqualelembo78/huntix-poi/main/italia/lombardia/sconosciuta/pages/poste_italiane_45.9087_9.1811.json,custom
45.860709,8.791166,osm_poste_italiane_45.8607_8.7912,Poste Italiane,ufficio_postale,ufficio_postale,https://raw.githubusercontent.com/pasqualelembo78/huntix-poi/main/italia/lombardia/sconosciuta/pages/poste_italiane_45.8607_8.7912.json,custom
