# lat,lng,id,name,building_type,type,url,page_type
# Potenza -- Tutti
40.622900,15.618892,ov_ospedale_s__carlo_potenza_40.6229_15.6189,Ospedale S. Carlo Potenza,HOSPITAL,hospital,https://raw.githubusercontent.com/pasqualelembo78/huntix-poi/main/italia/basilicata/potenza/pages/ospedale_s_carlo_potenza_40.6229_15.6189.json,custom
40.637227,15.808754,ov_asp_basilicata_40.6372_15.8088,ASP Basilicata,HOSPITAL,hospital,https://raw.githubusercontent.com/pasqualelembo78/huntix-poi/main/italia/basilicata/potenza/pages/asp_basilicata_40.6372_15.8088.json,custom
40.637031,15.808646,ov_azienda_sanitaria_locale_di_potenza_40.6370_15.8086,Azienda Sanitaria Locale di Potenza,HOSPITAL,hospital,https://raw.githubusercontent.com/pasqualelembo78/huntix-poi/main/italia/basilicata/potenza/pages/azienda_sanitaria_locale_di_potenza_40.6370_15.8086.json,custom
40.637740,15.810690,ov_studio_di_medicina_generale_40.6377_15.8107,Studio di Medicina Generale,HOSPITAL,hospital,https://raw.githubusercontent.com/pasqualelembo78/huntix-poi/main/italia/basilicata/potenza/pages/studio_di_medicina_generale_40.6377_15.8107.json,custom
40.641096,15.825604,ov_asp_40.6411_15.8256,Asp,HOSPITAL,hospital,https://raw.githubusercontent.com/pasqualelembo78/huntix-poi/main/italia/basilicata/potenza/pages/asp_40.6411_15.8256.json,custom
40.642690,15.837130,ov_farmacia_guglielmi_apollonia_40.6427_15.8371,Farmacia Guglielmi Apollonia,HOSPITAL,hospital,https://raw.githubusercontent.com/pasqualelembo78/huntix-poi/main/italia/basilicata/potenza/pages/farmacia_guglielmi_apollonia_40.6427_15.8371.json,custom
40.642269,15.789990,ov_asp_dirigente_medico_118_40.6423_15.7900,ASP Dirigente Medico 118,HOSPITAL,hospital,https://raw.githubusercontent.com/pasqualelembo78/huntix-poi/main/italia/basilicata/potenza/pages/asp_dirigente_medico_118_40.6423_15.7900.json,custom
40.650494,15.797195,ov_ozonoterapia_medica_agopuntura_ecografia_40.6505_15.7972,Ozonoterapia Medica Agopuntura Ecografia Dott. Nardiello Stu,HOSPITAL,hospital,https://raw.githubusercontent.com/pasqualelembo78/huntix-poi/main/italia/basilicata/potenza/pages/ozonoterapia_medica_agopuntura_ecografia_40.6505_15.7972.json,custom
40.656617,15.801193,ov_clinica_del_sale_potenza_40.6566_15.8012,Clinica del Sale Potenza,HOSPITAL,hospital,https://raw.githubusercontent.com/pasqualelembo78/huntix-poi/main/italia/basilicata/potenza/pages/clinica_del_sale_potenza_40.6566_15.8012.json,custom
40.652975,15.803099,ov_basilicata_soccorso_118_40.6530_15.8031,Basilicata Soccorso 118,HOSPITAL,hospital,https://raw.githubusercontent.com/pasqualelembo78/huntix-poi/main/italia/basilicata/potenza/pages/basilicata_soccorso_118_40.6530_15.8031.json,custom
40.653279,15.801671,ov_policura_hospital_40.6533_15.8017,Policura Hospital,HOSPITAL,hospital,https://raw.githubusercontent.com/pasqualelembo78/huntix-poi/main/italia/basilicata/potenza/pages/policura_hospital_40.6533_15.8017.json,custom
40.653788,15.803469,ov_azienda_ospedaliera_san_carlo_40.6538_15.8035,Azienda Ospedaliera San Carlo,HOSPITAL,hospital,https://raw.githubusercontent.com/pasqualelembo78/huntix-poi/main/italia/basilicata/potenza/pages/azienda_ospedaliera_san_carlo_40.6538_15.8035.json,custom
40.651445,15.800900,ov_azienda_ospedaliera_ospedale_s__carlo____40.6514_15.8009,Azienda Ospedaliera Ospedale S. Carlo - Potenza,HOSPITAL,hospital,https://raw.githubusercontent.com/pasqualelembo78/huntix-poi/main/italia/basilicata/potenza/pages/azienda_ospedaliera_ospedale_s_carlo_-_p_40.6514_15.8009.json,custom
40.651879,15.806289,ov_azienda_ospedaliera_regionale_san_carlo_40.6519_15.8063,Azienda Ospedaliera Regionale San Carlo,HOSPITAL,hospital,https://raw.githubusercontent.com/pasqualelembo78/huntix-poi/main/italia/basilicata/potenza/pages/azienda_ospedaliera_regionale_san_carlo_40.6519_15.8063.json,custom
40.652140,15.807730,ov_pronto_soccorso_ostetrico_40.6521_15.8077,Pronto Soccorso Ostetrico,HOSPITAL,hospital,https://raw.githubusercontent.com/pasqualelembo78/huntix-poi/main/italia/basilicata/potenza/pages/pronto_soccorso_ostetrico_40.6521_15.8077.json,custom
40.651452,15.807475,ov_pediatrica_40.6515_15.8075,Pediatrica,HOSPITAL,hospital,https://raw.githubusercontent.com/pasqualelembo78/huntix-poi/main/italia/basilicata/potenza/pages/pediatrica_40.6515_15.8075.json,custom
40.651100,15.807350,ov_centro_pediatrico_bambin_ges__basilicata_40.6511_15.8073,Centro pediatrico bambin gesù basilicata,HOSPITAL,hospital,https://raw.githubusercontent.com/pasqualelembo78/huntix-poi/main/italia/basilicata/potenza/pages/centro_pediatrico_bambin_ges_basilicata_40.6511_15.8073.json,custom
40.659793,15.809632,ov_avis_basilicata_40.6598_15.8096,Avis Basilicata,HOSPITAL,hospital,https://raw.githubusercontent.com/pasqualelembo78/huntix-poi/main/italia/basilicata/potenza/pages/avis_basilicata_40.6598_15.8096.json,custom
40.633647,15.787191,osm_polo_sanitario__madre_teresa_di_calcutta_40.6336_15.7872,Polo Sanitario 'Madre Teresa di Calcutta',hospital,hospital,https://raw.githubusercontent.com/pasqualelembo78/huntix-poi/main/italia/basilicata/potenza/pages/polo_sanitario_madre_teresa_di_calcutta_40.6336_15.7872.json,custom
40.652047,15.805152,osm_ospedale_san_carlo_40.6520_15.8052,Ospedale San Carlo,hospital,hospital,https://raw.githubusercontent.com/pasqualelembo78/huntix-poi/main/italia/basilicata/potenza/pages/ospedale_san_carlo_40.6520_15.8052.json,custom
40.640836,15.776368,ov_restaurant_pizzeria_il_cortile_40.6408_15.7764,Restaurant Pizzeria Il Cortile,RESTAURANT,ristorante,https://raw.githubusercontent.com/pasqualelembo78/huntix-poi/main/italia/basilicata/potenza/pages/restaurant_pizzeria_il_cortile_40.6408_15.7764.json,custom
40.640508,15.777360,ov_fratelli_la_bufala_potenza_40.6405_15.7774,Fratelli la Bufala Potenza,RESTAURANT,ristorante,https://raw.githubusercontent.com/pasqualelembo78/huntix-poi/main/italia/basilicata/potenza/pages/fratelli_la_bufala_potenza_40.6405_15.7774.json,custom
40.640101,15.755871,ov_al_drago_ristorante__pizzeria__sala_da_b_40.6401_15.7559,Al DRAGO Ristorante -pizzeria -sala da ballo,RESTAURANT,ristorante,https://raw.githubusercontent.com/pasqualelembo78/huntix-poi/main/italia/basilicata/potenza/pages/al_drago_ristorante_-pizzeria_-sala_da_b_40.6401_15.7559.json,custom
40.636919,15.772174,ov_home_food_pasticceria_tradizionale__mode_40.6369_15.7722,"Home Food Pasticceria Tradizionale, Moderna, Salutistica, Ci",RESTAURANT,ristorante,https://raw.githubusercontent.com/pasqualelembo78/huntix-poi/main/italia/basilicata/potenza/pages/home_food_pasticceria_tradizionale_moder_40.6369_15.7722.json,custom
40.622976,15.751955,ov_taverna_centomani_40.6230_15.7520,Taverna Centomani,RESTAURANT,ristorante,https://raw.githubusercontent.com/pasqualelembo78/huntix-poi/main/italia/basilicata/potenza/pages/taverna_centomani_40.6230_15.7520.json,custom
40.629572,15.695194,ov_ristorante_pizzeria_valentino_40.6296_15.6952,Ristorante Pizzeria Valentino,RESTAURANT,ristorante,https://raw.githubusercontent.com/pasqualelembo78/huntix-poi/main/italia/basilicata/potenza/pages/ristorante_pizzeria_valentino_40.6296_15.6952.json,custom
40.609659,15.797211,ov_pepe_restaurant_by_caluae_40.6097_15.7972,Pepe Restaurant By Caluae,RESTAURANT,ristorante,https://raw.githubusercontent.com/pasqualelembo78/huntix-poi/main/italia/basilicata/potenza/pages/pepe_restaurant_by_caluae_40.6097_15.7972.json,custom
40.609479,15.797431,ov_ambra_restaurant_40.6095_15.7974,Ambra Restaurant,RESTAURANT,ristorante,https://raw.githubusercontent.com/pasqualelembo78/huntix-poi/main/italia/basilicata/potenza/pages/ambra_restaurant_40.6095_15.7974.json,custom
40.613337,15.797001,ov_panificio_valle_di_grano_40.6133_15.7970,Panificio Valle di Grano,RESTAURANT,ristorante,https://raw.githubusercontent.com/pasqualelembo78/huntix-poi/main/italia/basilicata/potenza/pages/panificio_valle_di_grano_40.6133_15.7970.json,custom
40.609802,15.814873,ov_al_cavallino_rosso_potenza_40.6098_15.8149,Al Cavallino Rosso Potenza,RESTAURANT,ristorante,https://raw.githubusercontent.com/pasqualelembo78/huntix-poi/main/italia/basilicata/potenza/pages/al_cavallino_rosso_potenza_40.6098_15.8149.json,custom
40.630540,15.809410,ov_urbana_potenza_40.6305_15.8094,Urbana Potenza,RESTAURANT,ristorante,https://raw.githubusercontent.com/pasqualelembo78/huntix-poi/main/italia/basilicata/potenza/pages/urbana_potenza_40.6305_15.8094.json,custom
40.628394,15.792035,ov_spizzicando_40.6284_15.7920,Spizzicando,RESTAURANT,ristorante,https://raw.githubusercontent.com/pasqualelembo78/huntix-poi/main/italia/basilicata/potenza/pages/spizzicando_40.6284_15.7920.json,custom
40.625368,15.808849,ov_cantina_omar____take_away_40.6254_15.8088,Cantina Omaré - Take Away,RESTAURANT,ristorante,https://raw.githubusercontent.com/pasqualelembo78/huntix-poi/main/italia/basilicata/potenza/pages/cantina_omar_-_take_away_40.6254_15.8088.json,custom
40.626743,15.802790,ov_kikyo_sushi_40.6267_15.8028,Kikyo Sushi,RESTAURANT,ristorante,https://raw.githubusercontent.com/pasqualelembo78/huntix-poi/main/italia/basilicata/potenza/pages/kikyo_sushi_40.6267_15.8028.json,custom
40.626860,15.801850,ov_grande_china_srl_40.6269_15.8018,Grande CHINA SRL,RESTAURANT,ristorante,https://raw.githubusercontent.com/pasqualelembo78/huntix-poi/main/italia/basilicata/potenza/pages/grande_china_srl_40.6269_15.8018.json,custom
40.627270,15.805439,ov_inciampo___pizzeria___bistrot_40.6273_15.8054,Inciampo | Pizzeria - Bistrot,RESTAURANT,ristorante,https://raw.githubusercontent.com/pasqualelembo78/huntix-poi/main/italia/basilicata/potenza/pages/inciampo_pizzeria_-_bistrot_40.6273_15.8054.json,custom
40.627125,15.799033,ov_mcdonald_s_40.6271_15.7990,McDonald's,RESTAURANT,ristorante,https://raw.githubusercontent.com/pasqualelembo78/huntix-poi/main/italia/basilicata/potenza/pages/mcdonalds_40.6271_15.7990.json,custom
40.629466,15.796194,ov_cibotteria_40.6295_15.7962,Cibotteria,RESTAURANT,ristorante,https://raw.githubusercontent.com/pasqualelembo78/huntix-poi/main/italia/basilicata/potenza/pages/cibotteria_40.6295_15.7962.json,custom
40.628623,15.806129,ov_lo_spuntino_40.6286_15.8061,Lo Spuntino,RESTAURANT,ristorante,https://raw.githubusercontent.com/pasqualelembo78/huntix-poi/main/italia/basilicata/potenza/pages/lo_spuntino_40.6286_15.8061.json,custom
40.629468,15.804869,ov_valentino_40.6295_15.8049,Valentino,RESTAURANT,ristorante,https://raw.githubusercontent.com/pasqualelembo78/huntix-poi/main/italia/basilicata/potenza/pages/valentino_40.6295_15.8049.json,custom
40.630182,15.805325,ov_pizza_mad_40.6302_15.8053,Pizza Mad,RESTAURANT,ristorante,https://raw.githubusercontent.com/pasqualelembo78/huntix-poi/main/italia/basilicata/potenza/pages/pizza_mad_40.6302_15.8053.json,custom
40.630276,15.805653,ov_torii_sushi_restaurant___a_l__carte_40.6303_15.8057,Torii Sushi Restaurant - A là carte,RESTAURANT,ristorante,https://raw.githubusercontent.com/pasqualelembo78/huntix-poi/main/italia/basilicata/potenza/pages/torii_sushi_restaurant_-_a_l_carte_40.6303_15.8057.json,custom
40.631386,15.805714,ov_da_gio_la_pizza_40.6314_15.8057,DA GIO La Pizza,RESTAURANT,ristorante,https://raw.githubusercontent.com/pasqualelembo78/huntix-poi/main/italia/basilicata/potenza/pages/da_gio_la_pizza_40.6314_15.8057.json,custom
40.631220,15.803340,ov_mimmo_il_ciclista_40.6312_15.8033,Mimmo Il Ciclista,RESTAURANT,ristorante,https://raw.githubusercontent.com/pasqualelembo78/huntix-poi/main/italia/basilicata/potenza/pages/mimmo_il_ciclista_40.6312_15.8033.json,custom
40.630930,15.788970,ov_il_ciambellaio_matto_40.6309_15.7890,Il ciambellaio matto,RESTAURANT,ristorante,https://raw.githubusercontent.com/pasqualelembo78/huntix-poi/main/italia/basilicata/potenza/pages/il_ciambellaio_matto_40.6309_15.7890.json,custom
40.630684,15.790568,ov_silvestri_renata_40.6307_15.7906,Silvestri Renata,RESTAURANT,ristorante,https://raw.githubusercontent.com/pasqualelembo78/huntix-poi/main/italia/basilicata/potenza/pages/silvestri_renata_40.6307_15.7906.json,custom
40.632382,15.780150,ov_c_era_una_volta_40.6324_15.7802,C'era una volta,RESTAURANT,ristorante,https://raw.githubusercontent.com/pasqualelembo78/huntix-poi/main/italia/basilicata/potenza/pages/cera_una_volta_40.6324_15.7802.json,custom
40.633063,15.787913,ov_pizzeria_rosticceria_al_muretto_40.6331_15.7879,Pizzeria Rosticceria Al Muretto,RESTAURANT,ristorante,https://raw.githubusercontent.com/pasqualelembo78/huntix-poi/main/italia/basilicata/potenza/pages/pizzeria_rosticceria_al_muretto_40.6331_15.7879.json,custom
40.632648,15.787528,ov_pronto_cucina_40.6326_15.7875,Pronto cucina,RESTAURANT,ristorante,https://raw.githubusercontent.com/pasqualelembo78/huntix-poi/main/italia/basilicata/potenza/pages/pronto_cucina_40.6326_15.7875.json,custom
40.635532,15.783956,ov_il_posticino_40.6355_15.7840,Il Posticino,RESTAURANT,ristorante,https://raw.githubusercontent.com/pasqualelembo78/huntix-poi/main/italia/basilicata/potenza/pages/il_posticino_40.6355_15.7840.json,custom
40.636032,15.783631,ov_c_era_una_volta_40.6360_15.7836,c'era una volta,RESTAURANT,ristorante,https://raw.githubusercontent.com/pasqualelembo78/huntix-poi/main/italia/basilicata/potenza/pages/cera_una_volta_40.6360_15.7836.json,custom
40.636300,15.782740,ov_dance_sport_lab_potenza_40.6363_15.7827,Dance Sport Lab Potenza,RESTAURANT,ristorante,https://raw.githubusercontent.com/pasqualelembo78/huntix-poi/main/italia/basilicata/potenza/pages/dance_sport_lab_potenza_40.6363_15.7827.json,custom
40.637887,15.782385,ov_pittarosso_40.6379_15.7824,PittaRosso,RESTAURANT,ristorante,https://raw.githubusercontent.com/pasqualelembo78/huntix-poi/main/italia/basilicata/potenza/pages/pittarosso_40.6379_15.7824.json,custom
40.638013,15.783678,ov_basilico_fresco_40.6380_15.7837,Basilico Fresco,RESTAURANT,ristorante,https://raw.githubusercontent.com/pasqualelembo78/huntix-poi/main/italia/basilicata/potenza/pages/basilico_fresco_40.6380_15.7837.json,custom
40.637694,15.784874,ov_macelleria_braceria_a_ferro_e_fuoco_40.6377_15.7849,Macelleria Braceria a Ferro e Fuoco,RESTAURANT,ristorante,https://raw.githubusercontent.com/pasqualelembo78/huntix-poi/main/italia/basilicata/potenza/pages/macelleria_braceria_a_ferro_e_fuoco_40.6377_15.7849.json,custom
40.635734,15.800429,ov_ci_voleva_40.6357_15.8004,Ci Voleva,RESTAURANT,ristorante,https://raw.githubusercontent.com/pasqualelembo78/huntix-poi/main/italia/basilicata/potenza/pages/ci_voleva_40.6357_15.8004.json,custom
40.637834,15.800683,ov_black_pepper_pretoria_40.6378_15.8007,Black Pepper Pretoria,RESTAURANT,ristorante,https://raw.githubusercontent.com/pasqualelembo78/huntix-poi/main/italia/basilicata/potenza/pages/black_pepper_pretoria_40.6378_15.8007.json,custom
40.637669,15.800508,ov_mim__ristorante_40.6377_15.8005,Mimì Ristorante,RESTAURANT,ristorante,https://raw.githubusercontent.com/pasqualelembo78/huntix-poi/main/italia/basilicata/potenza/pages/mim_ristorante_40.6377_15.8005.json,custom
40.637228,15.801009,ov_da_vincenzo_40.6372_15.8010,Da Vincenzo,RESTAURANT,ristorante,https://raw.githubusercontent.com/pasqualelembo78/huntix-poi/main/italia/basilicata/potenza/pages/da_vincenzo_40.6372_15.8010.json,custom
40.637200,15.800531,ov_pier_39_fish_bar_40.6372_15.8005,Pier 39 Fish Bar,RESTAURANT,ristorante,https://raw.githubusercontent.com/pasqualelembo78/huntix-poi/main/italia/basilicata/potenza/pages/pier_39_fish_bar_40.6372_15.8005.json,custom
40.636691,15.799934,ov_taverna_oraziana_40.6367_15.7999,Taverna Oraziana,RESTAURANT,ristorante,https://raw.githubusercontent.com/pasqualelembo78/huntix-poi/main/italia/basilicata/potenza/pages/taverna_oraziana_40.6367_15.7999.json,custom
40.636786,15.803713,ov_healthy_poke_potenza_40.6368_15.8037,Healthy poke Potenza,RESTAURANT,ristorante,https://raw.githubusercontent.com/pasqualelembo78/huntix-poi/main/italia/basilicata/potenza/pages/healthy_poke_potenza_40.6368_15.8037.json,custom
40.636769,15.804049,ov_acqua___farina_40.6368_15.8040,Acqua & Farina,RESTAURANT,ristorante,https://raw.githubusercontent.com/pasqualelembo78/huntix-poi/main/italia/basilicata/potenza/pages/acqua_farina_40.6368_15.8040.json,custom
40.637773,15.802137,ov_baffo_italian_pub_40.6378_15.8021,Baffo Italian Pub,RESTAURANT,ristorante,https://raw.githubusercontent.com/pasqualelembo78/huntix-poi/main/italia/basilicata/potenza/pages/baffo_italian_pub_40.6378_15.8021.json,custom
40.637094,15.805166,ov_mani_in_pasta___bakery___bistrot_40.6371_15.8052,Mani in Pasta - Bakery & Bistrot,RESTAURANT,ristorante,https://raw.githubusercontent.com/pasqualelembo78/huntix-poi/main/italia/basilicata/potenza/pages/mani_in_pasta_-_bakery_bistrot_40.6371_15.8052.json,custom
40.636582,15.806527,ov_pizzeria_montesano_40.6366_15.8065,Pizzeria Montesano,RESTAURANT,ristorante,https://raw.githubusercontent.com/pasqualelembo78/huntix-poi/main/italia/basilicata/potenza/pages/pizzeria_montesano_40.6366_15.8065.json,custom
40.635284,15.804511,ov_pizzeria_lucana_casarsa_40.6353_15.8045,Pizzeria Lucana Casarsa,RESTAURANT,ristorante,https://raw.githubusercontent.com/pasqualelembo78/huntix-poi/main/italia/basilicata/potenza/pages/pizzeria_lucana_casarsa_40.6353_15.8045.json,custom
40.635209,15.804278,ov_pizzeria_la_bella_napoli_40.6352_15.8043,Pizzeria La Bella Napoli,RESTAURANT,ristorante,https://raw.githubusercontent.com/pasqualelembo78/huntix-poi/main/italia/basilicata/potenza/pages/pizzeria_la_bella_napoli_40.6352_15.8043.json,custom
40.634652,15.806367,ov_il_boccale_40.6347_15.8064,Il Boccale,RESTAURANT,ristorante,https://raw.githubusercontent.com/pasqualelembo78/huntix-poi/main/italia/basilicata/potenza/pages/il_boccale_40.6347_15.8064.json,custom
40.634593,15.803491,ov_officina_della_frutta___insalateria_di_p_40.6346_15.8035,OFFICINA della FRUTTA - Insalateria di Potenza -,RESTAURANT,ristorante,https://raw.githubusercontent.com/pasqualelembo78/huntix-poi/main/italia/basilicata/potenza/pages/officina_della_frutta_-_insalateria_di_p_40.6346_15.8035.json,custom
40.631819,15.802037,ov_pizzando_potenza_40.6318_15.8020,Pizzando Potenza,RESTAURANT,ristorante,https://raw.githubusercontent.com/pasqualelembo78/huntix-poi/main/italia/basilicata/potenza/pages/pizzando_potenza_40.6318_15.8020.json,custom
40.632265,15.804627,ov_apper__hamburgeria_40.6323_15.8046,Apperó Hamburgeria,RESTAURANT,ristorante,https://raw.githubusercontent.com/pasqualelembo78/huntix-poi/main/italia/basilicata/potenza/pages/apper_hamburgeria_40.6323_15.8046.json,custom
40.632572,15.804476,ov_antica_osteria_marconi_40.6326_15.8045,Antica Osteria Marconi,RESTAURANT,ristorante,https://raw.githubusercontent.com/pasqualelembo78/huntix-poi/main/italia/basilicata/potenza/pages/antica_osteria_marconi_40.6326_15.8045.json,custom
40.632604,15.804121,ov_pizza_al_metro_40.6326_15.8041,Pizza al Metro,RESTAURANT,ristorante,https://raw.githubusercontent.com/pasqualelembo78/huntix-poi/main/italia/basilicata/potenza/pages/pizza_al_metro_40.6326_15.8041.json,custom
40.632938,15.805101,ov_sobremesa___grill___restaurant_40.6329_15.8051,Sobremesa - Grill & Restaurant,RESTAURANT,ristorante,https://raw.githubusercontent.com/pasqualelembo78/huntix-poi/main/italia/basilicata/potenza/pages/sobremesa_-_grill_restaurant_40.6329_15.8051.json,custom
40.631884,15.812704,ov_taverna_ludwig_40.6319_15.8127,Taverna Ludwig,RESTAURANT,ristorante,https://raw.githubusercontent.com/pasqualelembo78/huntix-poi/main/italia/basilicata/potenza/pages/taverna_ludwig_40.6319_15.8127.json,custom
40.631777,15.812798,ov_koy_asian_fusion_40.6318_15.8128,Koy Asian Fusion,RESTAURANT,ristorante,https://raw.githubusercontent.com/pasqualelembo78/huntix-poi/main/italia/basilicata/potenza/pages/koy_asian_fusion_40.6318_15.8128.json,custom
40.632500,15.812640,ov_mozart_pietanze_e_musica____ristorante_p_40.6325_15.8126,Mozart pietanze e musica    Ristorante Pizzeria,RESTAURANT,ristorante,https://raw.githubusercontent.com/pasqualelembo78/huntix-poi/main/italia/basilicata/potenza/pages/mozart_pietanze_e_musica_ristorante_pizz_40.6325_15.8126.json,custom
40.633398,15.813723,ov_mingdu_sushi_potenza_40.6334_15.8137,MingDu Sushi Potenza,RESTAURANT,ristorante,https://raw.githubusercontent.com/pasqualelembo78/huntix-poi/main/italia/basilicata/potenza/pages/mingdu_sushi_potenza_40.6334_15.8137.json,custom
40.633764,15.823094,ov_800_lucano_40.6338_15.8231,800 Lucano,RESTAURANT,ristorante,https://raw.githubusercontent.com/pasqualelembo78/huntix-poi/main/italia/basilicata/potenza/pages/800_lucano_40.6338_15.8231.json,custom
40.633718,15.822938,ov_ristorante_braceria_ottocento_lucano_a_p_40.6337_15.8229,Ristorante Braceria Ottocento Lucano a Potenza,RESTAURANT,ristorante,https://raw.githubusercontent.com/pasqualelembo78/huntix-poi/main/italia/basilicata/potenza/pages/ristorante_braceria_ottocento_lucano_a_p_40.6337_15.8229.json,custom
40.636232,15.829688,ov_autogrill_40.6362_15.8297,Autogrill,RESTAURANT,ristorante,https://raw.githubusercontent.com/pasqualelembo78/huntix-poi/main/italia/basilicata/potenza/pages/autogrill_40.6362_15.8297.json,custom
40.636088,15.829386,ov_burger_king_40.6361_15.8294,Burger King,RESTAURANT,ristorante,https://raw.githubusercontent.com/pasqualelembo78/huntix-poi/main/italia/basilicata/potenza/pages/burger_king_40.6361_15.8294.json,custom
40.637200,15.835027,ov_il_quadrifoglio_40.6372_15.8350,Il Quadrifoglio,RESTAURANT,ristorante,https://raw.githubusercontent.com/pasqualelembo78/huntix-poi/main/italia/basilicata/potenza/pages/il_quadrifoglio_40.6372_15.8350.json,custom
40.637466,15.821883,ov_le_follie_dello_chef_40.6375_15.8219,Le Follie dello Chef,RESTAURANT,ristorante,https://raw.githubusercontent.com/pasqualelembo78/huntix-poi/main/italia/basilicata/potenza/pages/le_follie_dello_chef_40.6375_15.8219.json,custom
40.637529,15.818835,ov_sakura_sushi_potenza_40.6375_15.8188,Sakura Sushi Potenza,RESTAURANT,ristorante,https://raw.githubusercontent.com/pasqualelembo78/huntix-poi/main/italia/basilicata/potenza/pages/sakura_sushi_potenza_40.6375_15.8188.json,custom
40.636187,15.812044,ov_pizzeria_pulcinella_40.6362_15.8120,Pizzeria Pulcinella,RESTAURANT,ristorante,https://raw.githubusercontent.com/pasqualelembo78/huntix-poi/main/italia/basilicata/potenza/pages/pizzeria_pulcinella_40.6362_15.8120.json,custom
40.637182,15.812293,ov_mensa_della_fraternita_40.6372_15.8123,Mensa della Fraternita,RESTAURANT,ristorante,https://raw.githubusercontent.com/pasqualelembo78/huntix-poi/main/italia/basilicata/potenza/pages/mensa_della_fraternita_40.6372_15.8123.json,custom
40.636606,15.813891,ov_pizza_app_40.6366_15.8139,Pizza App,RESTAURANT,ristorante,https://raw.githubusercontent.com/pasqualelembo78/huntix-poi/main/italia/basilicata/potenza/pages/pizza_app_40.6366_15.8139.json,custom
40.638670,15.814610,ov_tandem_rag__40.6387_15.8146,Tandem Ragù,RESTAURANT,ristorante,https://raw.githubusercontent.com/pasqualelembo78/huntix-poi/main/italia/basilicata/potenza/pages/tandem_rag_40.6387_15.8146.json,custom
40.639474,15.823364,ov_gust__40.6395_15.8234,Gustó,RESTAURANT,ristorante,https://raw.githubusercontent.com/pasqualelembo78/huntix-poi/main/italia/basilicata/potenza/pages/gust_40.6395_15.8234.json,custom
40.639361,15.818969,ov_club_house_potenza_40.6394_15.8190,Club House Potenza,RESTAURANT,ristorante,https://raw.githubusercontent.com/pasqualelembo78/huntix-poi/main/italia/basilicata/potenza/pages/club_house_potenza_40.6394_15.8190.json,custom
40.638439,15.836117,ov_triminiedd_40.6384_15.8361,Triminiedd,RESTAURANT,ristorante,https://raw.githubusercontent.com/pasqualelembo78/huntix-poi/main/italia/basilicata/potenza/pages/triminiedd_40.6384_15.8361.json,custom
40.641190,15.836741,ov_osteria_al_cenacolo_40.6412_15.8367,Osteria al Cenacolo,RESTAURANT,ristorante,https://raw.githubusercontent.com/pasqualelembo78/huntix-poi/main/italia/basilicata/potenza/pages/osteria_al_cenacolo_40.6412_15.8367.json,custom
40.642619,15.828342,ov_da_isuccio_40.6426_15.8283,Da Isuccio,RESTAURANT,ristorante,https://raw.githubusercontent.com/pasqualelembo78/huntix-poi/main/italia/basilicata/potenza/pages/da_isuccio_40.6426_15.8283.json,custom
40.643253,15.823483,ov_art_restaurant_40.6433_15.8235,Art Restaurant,RESTAURANT,ristorante,https://raw.githubusercontent.com/pasqualelembo78/huntix-poi/main/italia/basilicata/potenza/pages/art_restaurant_40.6433_15.8235.json,custom
40.642873,15.808633,ov_panificio_bochicchio_40.6429_15.8086,Panificio bochicchio,RESTAURANT,ristorante,https://raw.githubusercontent.com/pasqualelembo78/huntix-poi/main/italia/basilicata/potenza/pages/panificio_bochicchio_40.6429_15.8086.json,custom
40.642924,15.804287,ov_cantina_ancidda_40.6429_15.8043,Cantina Ancidda,RESTAURANT,ristorante,https://raw.githubusercontent.com/pasqualelembo78/huntix-poi/main/italia/basilicata/potenza/pages/cantina_ancidda_40.6429_15.8043.json,custom
40.642206,15.801964,ov_il_vizio_40.6422_15.8020,Il Vizio,RESTAURANT,ristorante,https://raw.githubusercontent.com/pasqualelembo78/huntix-poi/main/italia/basilicata/potenza/pages/il_vizio_40.6422_15.8020.json,custom
40.639693,15.801972,ov_pizza_taxi_40.6397_15.8020,Pizza Taxi,RESTAURANT,ristorante,https://raw.githubusercontent.com/pasqualelembo78/huntix-poi/main/italia/basilicata/potenza/pages/pizza_taxi_40.6397_15.8020.json,custom
40.639692,15.805073,ov_antiche_torri_40.6397_15.8051,Antiche Torri,RESTAURANT,ristorante,https://raw.githubusercontent.com/pasqualelembo78/huntix-poi/main/italia/basilicata/potenza/pages/antiche_torri_40.6397_15.8051.json,custom
40.639908,15.806485,ov_trattoria_al_duomo_40.6399_15.8065,Trattoria Al Duomo,RESTAURANT,ristorante,https://raw.githubusercontent.com/pasqualelembo78/huntix-poi/main/italia/basilicata/potenza/pages/trattoria_al_duomo_40.6399_15.8065.json,custom
40.640055,15.805848,ov_cuntana_mia_40.6401_15.8058,Cuntana Mia,RESTAURANT,ristorante,https://raw.githubusercontent.com/pasqualelembo78/huntix-poi/main/italia/basilicata/potenza/pages/cuntana_mia_40.6401_15.8058.json,custom
40.640395,15.805531,ov_burger_king_40.6404_15.8055,Burger King,RESTAURANT,ristorante,https://raw.githubusercontent.com/pasqualelembo78/huntix-poi/main/italia/basilicata/potenza/pages/burger_king_40.6404_15.8055.json,custom
40.639588,15.806548,ov_trattoria_il_peperoncino___cucina_tipica_40.6396_15.8065,Trattoria Il Peperoncino | Cucina tipica lucana,RESTAURANT,ristorante,https://raw.githubusercontent.com/pasqualelembo78/huntix-poi/main/italia/basilicata/potenza/pages/trattoria_il_peperoncino_cucina_tipica_l_40.6396_15.8065.json,custom
40.639580,15.806684,ov_le_gemme_del_centro_storico_40.6396_15.8067,Le Gemme del Centro Storico,RESTAURANT,ristorante,https://raw.githubusercontent.com/pasqualelembo78/huntix-poi/main/italia/basilicata/potenza/pages/le_gemme_del_centro_storico_40.6396_15.8067.json,custom
40.639363,15.805595,ov_valerio_pizzeria_del_centro_40.6394_15.8056,Valerio Pizzeria del Centro,RESTAURANT,ristorante,https://raw.githubusercontent.com/pasqualelembo78/huntix-poi/main/italia/basilicata/potenza/pages/valerio_pizzeria_del_centro_40.6394_15.8056.json,custom
40.638568,15.806121,ov_mordi_e_fuggi_40.6386_15.8061,Mordi e Fuggi,RESTAURANT,ristorante,https://raw.githubusercontent.com/pasqualelembo78/huntix-poi/main/italia/basilicata/potenza/pages/mordi_e_fuggi_40.6386_15.8061.json,custom
40.638581,15.806116,ov_pasta_fresca_di_tamburrino_maria_carmela_40.6386_15.8061,Pasta Fresca Di Tamburrino Maria Carmela,RESTAURANT,ristorante,https://raw.githubusercontent.com/pasqualelembo78/huntix-poi/main/italia/basilicata/potenza/pages/pasta_fresca_di_tamburrino_maria_carmela_40.6386_15.8061.json,custom
40.638660,15.805551,ov_tempietto_di_san_gerardo_40.6387_15.8056,Tempietto Di San Gerardo,RESTAURANT,ristorante,https://raw.githubusercontent.com/pasqualelembo78/huntix-poi/main/italia/basilicata/potenza/pages/tempietto_di_san_gerardo_40.6387_15.8056.json,custom
40.638333,15.804467,ov_sottapera_40.6383_15.8045,Sottapera,RESTAURANT,ristorante,https://raw.githubusercontent.com/pasqualelembo78/huntix-poi/main/italia/basilicata/potenza/pages/sottapera_40.6383_15.8045.json,custom
40.638131,15.803611,ov_pizzeria_sa_sa_40.6381_15.8036,Pizzeria Sa sa,RESTAURANT,ristorante,https://raw.githubusercontent.com/pasqualelembo78/huntix-poi/main/italia/basilicata/potenza/pages/pizzeria_sa_sa_40.6381_15.8036.json,custom
40.638365,15.803774,ov_u_mastr_40.6384_15.8038,U'Mastr,RESTAURANT,ristorante,https://raw.githubusercontent.com/pasqualelembo78/huntix-poi/main/italia/basilicata/potenza/pages/umastr_40.6384_15.8038.json,custom
40.638292,15.803002,ov_mcdonald_s_40.6383_15.8030,McDonald's,RESTAURANT,ristorante,https://raw.githubusercontent.com/pasqualelembo78/huntix-poi/main/italia/basilicata/potenza/pages/mcdonalds_40.6383_15.8030.json,custom
40.638095,15.802558,ov_queen_s_chips_40.6381_15.8026,Queen's Chips,RESTAURANT,ristorante,https://raw.githubusercontent.com/pasqualelembo78/huntix-poi/main/italia/basilicata/potenza/pages/queens_chips_40.6381_15.8026.json,custom
40.638081,15.801346,ov_borgo_san_michele_40.6381_15.8013,Borgo San Michele,RESTAURANT,ristorante,https://raw.githubusercontent.com/pasqualelembo78/huntix-poi/main/italia/basilicata/potenza/pages/borgo_san_michele_40.6381_15.8013.json,custom
40.638428,15.801673,ov_kebab_ali_baba_potenza_40.6384_15.8017,Kebab ali baba Potenza,RESTAURANT,ristorante,https://raw.githubusercontent.com/pasqualelembo78/huntix-poi/main/italia/basilicata/potenza/pages/kebab_ali_baba_potenza_40.6384_15.8017.json,custom
40.638442,15.801662,ov_royal_kebab_40.6384_15.8017,Royal kebab,RESTAURANT,ristorante,https://raw.githubusercontent.com/pasqualelembo78/huntix-poi/main/italia/basilicata/potenza/pages/royal_kebab_40.6384_15.8017.json,custom
40.638868,15.804040,ov_assurd_40.6389_15.8040,Assurd,RESTAURANT,ristorante,https://raw.githubusercontent.com/pasqualelembo78/huntix-poi/main/italia/basilicata/potenza/pages/assurd_40.6389_15.8040.json,custom
40.639006,15.804247,ov_del_vicolo_40.6390_15.8042,Del Vicolo,RESTAURANT,ristorante,https://raw.githubusercontent.com/pasqualelembo78/huntix-poi/main/italia/basilicata/potenza/pages/del_vicolo_40.6390_15.8042.json,custom
40.639152,15.804215,ov_incentro_40.6392_15.8042,inCentro,RESTAURANT,ristorante,https://raw.githubusercontent.com/pasqualelembo78/huntix-poi/main/italia/basilicata/potenza/pages/incentro_40.6392_15.8042.json,custom
40.639220,15.804160,ov_osteria_della_via_appia_potenza_40.6392_15.8042,Osteria della via Appia Potenza,RESTAURANT,ristorante,https://raw.githubusercontent.com/pasqualelembo78/huntix-poi/main/italia/basilicata/potenza/pages/osteria_della_via_appia_potenza_40.6392_15.8042.json,custom
40.638553,15.800996,ov_oltre_le_mura_40.6386_15.8010,Oltre Le Mura,RESTAURANT,ristorante,https://raw.githubusercontent.com/pasqualelembo78/huntix-poi/main/italia/basilicata/potenza/pages/oltre_le_mura_40.6386_15.8010.json,custom
40.641130,15.796980,ov_art_restaurant_ricevimenti____ex_fattori_40.6411_15.7970,Art Restaurant Ricevimenti  - Ex Fattoria Pz -,RESTAURANT,ristorante,https://raw.githubusercontent.com/pasqualelembo78/huntix-poi/main/italia/basilicata/potenza/pages/art_restaurant_ricevimenti_-_ex_fattoria_40.6411_15.7970.json,custom
40.640994,15.796924,ov_la_fattoria_del_parco_40.6410_15.7969,La Fattoria del Parco,RESTAURANT,ristorante,https://raw.githubusercontent.com/pasqualelembo78/huntix-poi/main/italia/basilicata/potenza/pages/la_fattoria_del_parco_40.6410_15.7969.json,custom
40.640949,15.789843,ov_canio_telesca_40.6409_15.7898,Canio Telesca,RESTAURANT,ristorante,https://raw.githubusercontent.com/pasqualelembo78/huntix-poi/main/italia/basilicata/potenza/pages/canio_telesca_40.6409_15.7898.json,custom
40.640949,15.789843,ov_re_gallo_40.6409_15.7898,Re Gallo,RESTAURANT,ristorante,https://raw.githubusercontent.com/pasqualelembo78/huntix-poi/main/italia/basilicata/potenza/pages/re_gallo_40.6409_15.7898.json,custom
40.640928,15.790103,ov_cucina_contadina_al_mercato_di_campagna__40.6409_15.7901,Cucina Contadina al Mercato di Campagna Amica - Potenza,RESTAURANT,ristorante,https://raw.githubusercontent.com/pasqualelembo78/huntix-poi/main/italia/basilicata/potenza/pages/cucina_contadina_al_mercato_di_campagna__40.6409_15.7901.json,custom
40.640833,15.790848,ov_meraki_restaurant_40.6408_15.7908,Meraki Restaurant,RESTAURANT,ristorante,https://raw.githubusercontent.com/pasqualelembo78/huntix-poi/main/italia/basilicata/potenza/pages/meraki_restaurant_40.6408_15.7908.json,custom
40.639402,15.785462,ov_black_pepper_40.6394_15.7855,Black Pepper,RESTAURANT,ristorante,https://raw.githubusercontent.com/pasqualelembo78/huntix-poi/main/italia/basilicata/potenza/pages/black_pepper_40.6394_15.7855.json,custom
40.639304,15.784544,ov_fassoneria_potenza_40.6393_15.7845,Fassoneria Potenza,RESTAURANT,ristorante,https://raw.githubusercontent.com/pasqualelembo78/huntix-poi/main/italia/basilicata/potenza/pages/fassoneria_potenza_40.6393_15.7845.json,custom
40.639389,15.784188,ov_momo_mangiaora_40.6394_15.7842,Momo Mangiaora,RESTAURANT,ristorante,https://raw.githubusercontent.com/pasqualelembo78/huntix-poi/main/italia/basilicata/potenza/pages/momo_mangiaora_40.6394_15.7842.json,custom
40.639530,15.784468,ov_chopin_pizza_40.6395_15.7845,Chopin Pizza,RESTAURANT,ristorante,https://raw.githubusercontent.com/pasqualelembo78/huntix-poi/main/italia/basilicata/potenza/pages/chopin_pizza_40.6395_15.7845.json,custom
40.638123,15.783678,ov_verdecrudo_40.6381_15.7837,Verdecrudo,RESTAURANT,ristorante,https://raw.githubusercontent.com/pasqualelembo78/huntix-poi/main/italia/basilicata/potenza/pages/verdecrudo_40.6381_15.7837.json,custom
40.639208,15.780854,ov_sushi_queen_40.6392_15.7809,Sushi Queen,RESTAURANT,ristorante,https://raw.githubusercontent.com/pasqualelembo78/huntix-poi/main/italia/basilicata/potenza/pages/sushi_queen_40.6392_15.7809.json,custom
40.639314,15.781222,ov_barbeque_bbeque_40.6393_15.7812,Barbeque Bbeque,RESTAURANT,ristorante,https://raw.githubusercontent.com/pasqualelembo78/huntix-poi/main/italia/basilicata/potenza/pages/barbeque_bbeque_40.6393_15.7812.json,custom
40.639802,15.778707,ov_redibis_40.6398_15.7787,Redibis,RESTAURANT,ristorante,https://raw.githubusercontent.com/pasqualelembo78/huntix-poi/main/italia/basilicata/potenza/pages/redibis_40.6398_15.7787.json,custom
40.639870,15.782000,ov_porzioni_di_pizza_potenza_40.6399_15.7820,Porzioni di Pizza Potenza,RESTAURANT,ristorante,https://raw.githubusercontent.com/pasqualelembo78/huntix-poi/main/italia/basilicata/potenza/pages/porzioni_di_pizza_potenza_40.6399_15.7820.json,custom
40.639740,15.782830,ov_area_arte_bianca_food___beverage_di_di_b_40.6397_15.7828,Area Arte Bianca Food & Beverage di Di Bello Giuseppina & C.,RESTAURANT,ristorante,https://raw.githubusercontent.com/pasqualelembo78/huntix-poi/main/italia/basilicata/potenza/pages/area_arte_bianca_food_beverage_di_di_bel_40.6397_15.7828.json,custom
40.640973,15.781288,ov_gastro_food_and_drink_40.6410_15.7813,Gastro Food and Drink,RESTAURANT,ristorante,https://raw.githubusercontent.com/pasqualelembo78/huntix-poi/main/italia/basilicata/potenza/pages/gastro_food_and_drink_40.6410_15.7813.json,custom
40.641733,15.789899,ov_quarantotto_history_40.6417_15.7899,Quarantotto History,RESTAURANT,ristorante,https://raw.githubusercontent.com/pasqualelembo78/huntix-poi/main/italia/basilicata/potenza/pages/quarantotto_history_40.6417_15.7899.json,custom
40.642340,15.790174,ov_tigelland_40.6423_15.7902,Tigelland,RESTAURANT,ristorante,https://raw.githubusercontent.com/pasqualelembo78/huntix-poi/main/italia/basilicata/potenza/pages/tigelland_40.6423_15.7902.json,custom
40.642302,15.790479,ov_pizzetteria_lovaglio_40.6423_15.7905,Pizzetteria Lovaglio,RESTAURANT,ristorante,https://raw.githubusercontent.com/pasqualelembo78/huntix-poi/main/italia/basilicata/potenza/pages/pizzetteria_lovaglio_40.6423_15.7905.json,custom
40.642483,15.790455,ov_crusco_s_potenza_40.6425_15.7905,Crusco's Potenza,RESTAURANT,ristorante,https://raw.githubusercontent.com/pasqualelembo78/huntix-poi/main/italia/basilicata/potenza/pages/cruscos_potenza_40.6425_15.7905.json,custom
40.642757,15.789757,ov_space_food_40.6428_15.7898,Space Food,RESTAURANT,ristorante,https://raw.githubusercontent.com/pasqualelembo78/huntix-poi/main/italia/basilicata/potenza/pages/space_food_40.6428_15.7898.json,custom
40.643549,15.786789,ov_da_gustoso_40.6435_15.7868,Da Gustoso,RESTAURANT,ristorante,https://raw.githubusercontent.com/pasqualelembo78/huntix-poi/main/italia/basilicata/potenza/pages/da_gustoso_40.6435_15.7868.json,custom
40.643271,15.785649,ov_ristorante_blend_40.6433_15.7856,Ristorante Blend,RESTAURANT,ristorante,https://raw.githubusercontent.com/pasqualelembo78/huntix-poi/main/italia/basilicata/potenza/pages/ristorante_blend_40.6433_15.7856.json,custom
40.643352,15.780451,ov_fandango___potenza_40.6434_15.7805,Fandango - Potenza,RESTAURANT,ristorante,https://raw.githubusercontent.com/pasqualelembo78/huntix-poi/main/italia/basilicata/potenza/pages/fandango_-_potenza_40.6434_15.7805.json,custom
40.645828,15.787438,ov_pizzami_via_40.6458_15.7874,Pizzami Via,RESTAURANT,ristorante,https://raw.githubusercontent.com/pasqualelembo78/huntix-poi/main/italia/basilicata/potenza/pages/pizzami_via_40.6458_15.7874.json,custom
40.644390,15.795722,ov_squisito_bistro_40.6444_15.7957,Squisito Bistro,RESTAURANT,ristorante,https://raw.githubusercontent.com/pasqualelembo78/huntix-poi/main/italia/basilicata/potenza/pages/squisito_bistro_40.6444_15.7957.json,custom
40.645946,15.799286,ov_trattoria_sarricchio_40.6459_15.7993,Trattoria Sarricchio,RESTAURANT,ristorante,https://raw.githubusercontent.com/pasqualelembo78/huntix-poi/main/italia/basilicata/potenza/pages/trattoria_sarricchio_40.6459_15.7993.json,custom
40.645161,15.798150,ov_sfizi_partenopei_40.6452_15.7982,Sfizi Partenopei,RESTAURANT,ristorante,https://raw.githubusercontent.com/pasqualelembo78/huntix-poi/main/italia/basilicata/potenza/pages/sfizi_partenopei_40.6452_15.7982.json,custom
40.645290,15.803736,ov_pizz_stop_40.6453_15.8037,Pizz Stop,RESTAURANT,ristorante,https://raw.githubusercontent.com/pasqualelembo78/huntix-poi/main/italia/basilicata/potenza/pages/pizz_stop_40.6453_15.8037.json,custom
40.645367,15.803356,ov_il_pizzicotto_40.6454_15.8034,Il Pizzicotto,RESTAURANT,ristorante,https://raw.githubusercontent.com/pasqualelembo78/huntix-poi/main/italia/basilicata/potenza/pages/il_pizzicotto_40.6454_15.8034.json,custom
40.645869,15.801451,ov_deposito_bagagli_40.6459_15.8015,Deposito Bagagli,RESTAURANT,ristorante,https://raw.githubusercontent.com/pasqualelembo78/huntix-poi/main/italia/basilicata/potenza/pages/deposito_bagagli_40.6459_15.8015.json,custom
40.647450,15.798150,ov_osteria__mare___terra__40.6474_15.7981,Osteria 'Mare & Terra',RESTAURANT,ristorante,https://raw.githubusercontent.com/pasqualelembo78/huntix-poi/main/italia/basilicata/potenza/pages/osteria_mare_terra_40.6474_15.7981.json,custom
40.647446,15.798195,ov_il_bersagliere_40.6474_15.7982,Il Bersagliere,RESTAURANT,ristorante,https://raw.githubusercontent.com/pasqualelembo78/huntix-poi/main/italia/basilicata/potenza/pages/il_bersagliere_40.6474_15.7982.json,custom
40.646780,15.798440,ov_sapori_in_corso_potenza_40.6468_15.7984,Sapori in corso potenza,RESTAURANT,ristorante,https://raw.githubusercontent.com/pasqualelembo78/huntix-poi/main/italia/basilicata/potenza/pages/sapori_in_corso_potenza_40.6468_15.7984.json,custom
40.647960,15.797906,ov_pizzeria_casablanca_40.6480_15.7979,Pizzeria Casablanca,RESTAURANT,ristorante,https://raw.githubusercontent.com/pasqualelembo78/huntix-poi/main/italia/basilicata/potenza/pages/pizzeria_casablanca_40.6480_15.7979.json,custom
40.649656,15.795496,ov_aladin_pizzeria_40.6497_15.7955,Aladin Pizzeria,RESTAURANT,ristorante,https://raw.githubusercontent.com/pasqualelembo78/huntix-poi/main/italia/basilicata/potenza/pages/aladin_pizzeria_40.6497_15.7955.json,custom
40.653750,15.792670,ov_da_peppone____pizzeria_itinerante__40.6538_15.7927,Da Peppone   -pizzeria itinerante-,RESTAURANT,ristorante,https://raw.githubusercontent.com/pasqualelembo78/huntix-poi/main/italia/basilicata/potenza/pages/da_peppone_-pizzeria_itinerante-_40.6538_15.7927.json,custom
40.653030,15.785350,ov_macelleria_paragliola_40.6530_15.7853,Macelleria Paragliola,RESTAURANT,ristorante,https://raw.githubusercontent.com/pasqualelembo78/huntix-poi/main/italia/basilicata/potenza/pages/macelleria_paragliola_40.6530_15.7853.json,custom
40.655226,15.786732,ov_trattoria_da_peppe_40.6552_15.7867,Trattoria da Peppe,RESTAURANT,ristorante,https://raw.githubusercontent.com/pasqualelembo78/huntix-poi/main/italia/basilicata/potenza/pages/trattoria_da_peppe_40.6552_15.7867.json,custom
40.656791,15.802051,ov_pub_pizzeria_la_pinta_40.6568_15.8021,Pub Pizzeria La Pinta,RESTAURANT,ristorante,https://raw.githubusercontent.com/pasqualelembo78/huntix-poi/main/italia/basilicata/potenza/pages/pub_pizzeria_la_pinta_40.6568_15.8021.json,custom
40.656244,15.807266,ov_pub_pizzeria_birreria__i_due_boccali_40.6562_15.8073,Pub Pizzeria Birreria  I DUE Boccali,RESTAURANT,ristorante,https://raw.githubusercontent.com/pasqualelembo78/huntix-poi/main/italia/basilicata/potenza/pages/pub_pizzeria_birreria_i_due_boccali_40.6562_15.8073.json,custom
40.651588,15.800836,ov_massimo_carleo_home_restaurant_40.6516_15.8008,Massimo Carleo Home Restaurant,RESTAURANT,ristorante,https://raw.githubusercontent.com/pasqualelembo78/huntix-poi/main/italia/basilicata/potenza/pages/massimo_carleo_home_restaurant_40.6516_15.8008.json,custom
40.653150,15.818829,ov_singapore_sling_wine_bar_40.6531_15.8188,Singapore Sling Wine Bar,RESTAURANT,ristorante,https://raw.githubusercontent.com/pasqualelembo78/huntix-poi/main/italia/basilicata/potenza/pages/singapore_sling_wine_bar_40.6531_15.8188.json,custom
40.646533,15.827597,ov_la_frasca_40.6465_15.8276,La Frasca,RESTAURANT,ristorante,https://raw.githubusercontent.com/pasqualelembo78/huntix-poi/main/italia/basilicata/potenza/pages/la_frasca_40.6465_15.8276.json,custom
40.646112,15.855437,ov_ristorante_rosen_garden_40.6461_15.8554,Ristorante Rosen Garden,RESTAURANT,ristorante,https://raw.githubusercontent.com/pasqualelembo78/huntix-poi/main/italia/basilicata/potenza/pages/ristorante_rosen_garden_40.6461_15.8554.json,custom
40.644485,15.851291,ov_la_locanda_di_mariapia_40.6445_15.8513,La Locanda di MariaPia,RESTAURANT,ristorante,https://raw.githubusercontent.com/pasqualelembo78/huntix-poi/main/italia/basilicata/potenza/pages/la_locanda_di_mariapia_40.6445_15.8513.json,custom
40.646180,15.855528,ov_mangiafuoco_pizza_grill_40.6462_15.8555,Mangiafuoco Pizza&Grill,RESTAURANT,ristorante,https://raw.githubusercontent.com/pasqualelembo78/huntix-poi/main/italia/basilicata/potenza/pages/mangiafuoco_pizzagrill_40.6462_15.8555.json,custom
40.655150,15.858980,ov_ristorante_la_trattoria_40.6551_15.8590,Ristorante La Trattoria,RESTAURANT,ristorante,https://raw.githubusercontent.com/pasqualelembo78/huntix-poi/main/italia/basilicata/potenza/pages/ristorante_la_trattoria_40.6551_15.8590.json,custom
40.684740,15.764290,ov_osteria_dell_americano_40.6847_15.7643,Osteria dell americano,RESTAURANT,ristorante,https://raw.githubusercontent.com/pasqualelembo78/huntix-poi/main/italia/basilicata/potenza/pages/osteria_dell_americano_40.6847_15.7643.json,custom
40.683588,15.772672,ov_tavern_on_the_green_40.6836_15.7727,Tavern on the green,RESTAURANT,ristorante,https://raw.githubusercontent.com/pasqualelembo78/huntix-poi/main/italia/basilicata/potenza/pages/tavern_on_the_green_40.6836_15.7727.json,custom
40.683677,15.775715,ov_ristorante_al_nord_40.6837_15.7757,Ristorante al Nord,RESTAURANT,ristorante,https://raw.githubusercontent.com/pasqualelembo78/huntix-poi/main/italia/basilicata/potenza/pages/ristorante_al_nord_40.6837_15.7757.json,custom
40.673148,15.757155,ov_chiosco_2000___monticchio_laghi_40.6731_15.7572,Chiosco 2000 - Monticchio Laghi,RESTAURANT,ristorante,https://raw.githubusercontent.com/pasqualelembo78/huntix-poi/main/italia/basilicata/potenza/pages/chiosco_2000_-_monticchio_laghi_40.6731_15.7572.json,custom
40.658869,15.791286,ov_la_roulette_40.6589_15.7913,La Roulette,RESTAURANT,ristorante,https://raw.githubusercontent.com/pasqualelembo78/huntix-poi/main/italia/basilicata/potenza/pages/la_roulette_40.6589_15.7913.json,custom
40.661261,15.808972,ov_tutti_pazzi_per_la_pizza_40.6613_15.8090,Tutti Pazzi Per La Pizza,RESTAURANT,ristorante,https://raw.githubusercontent.com/pasqualelembo78/huntix-poi/main/italia/basilicata/potenza/pages/tutti_pazzi_per_la_pizza_40.6613_15.8090.json,custom
40.661196,15.808913,ov_pizzeria_itinerante_40.6612_15.8089,Pizzeria Itinerante,RESTAURANT,ristorante,https://raw.githubusercontent.com/pasqualelembo78/huntix-poi/main/italia/basilicata/potenza/pages/pizzeria_itinerante_40.6612_15.8089.json,custom
40.657757,15.799007,ov_trattoria_zi_mingo_40.6578_15.7990,Trattoria Zi Mingo,RESTAURANT,ristorante,https://raw.githubusercontent.com/pasqualelembo78/huntix-poi/main/italia/basilicata/potenza/pages/trattoria_zi_mingo_40.6578_15.7990.json,custom
40.657358,15.799809,ov_bailando_club_40.6574_15.7998,Bailando Club,RESTAURANT,ristorante,https://raw.githubusercontent.com/pasqualelembo78/huntix-poi/main/italia/basilicata/potenza/pages/bailando_club_40.6574_15.7998.json,custom
40.661770,15.808730,ov_fib_federazione_italiana_bocce_basilicat_40.6618_15.8087,Fib Federazione Italiana Bocce Basilicata,RESTAURANT,ristorante,https://raw.githubusercontent.com/pasqualelembo78/huntix-poi/main/italia/basilicata/potenza/pages/fib_federazione_italiana_bocce_basilicat_40.6618_15.8087.json,custom
40.678484,15.836288,ov_il_picchio_40.6785_15.8363,Il Picchio,RESTAURANT,ristorante,https://raw.githubusercontent.com/pasqualelembo78/huntix-poi/main/italia/basilicata/potenza/pages/il_picchio_40.6785_15.8363.json,custom
40.717390,15.795180,ov_rotapipla_40.7174_15.7952,Rotapipla,RESTAURANT,ristorante,https://raw.githubusercontent.com/pasqualelembo78/huntix-poi/main/italia/basilicata/potenza/pages/rotapipla_40.7174_15.7952.json,custom
40.732970,15.805010,ov_lavanderia_industriale_santoro_40.7330_15.8050,Lavanderia Industriale Santoro,RESTAURANT,ristorante,https://raw.githubusercontent.com/pasqualelembo78/huntix-poi/main/italia/basilicata/potenza/pages/lavanderia_industriale_santoro_40.7330_15.8050.json,custom
40.640362,15.777253,osm_fratelli_la_bufala_40.6404_15.7773,Fratelli La Bufala,ristorante,ristorante,https://raw.githubusercontent.com/pasqualelembo78/huntix-poi/main/italia/basilicata/potenza/pages/fratelli_la_bufala_40.6404_15.7773.json,custom
40.632551,15.804581,osm_antica_osteria_marconi_40.6326_15.8046,Antica Osteria Marconi,ristorante,ristorante,https://raw.githubusercontent.com/pasqualelembo78/huntix-poi/main/italia/basilicata/potenza/pages/antica_osteria_marconi_40.6326_15.8046.json,custom
40.638575,15.800915,osm_ristorante_fuori_le_mura_srl_40.6386_15.8009,Ristorante Fuori Le Mura Srl,ristorante,ristorante,https://raw.githubusercontent.com/pasqualelembo78/huntix-poi/main/italia/basilicata/potenza/pages/ristorante_fuori_le_mura_srl_40.6386_15.8009.json,custom
40.639477,15.804720,osm_ristorante_la_tettoia_40.6395_15.8047,Ristorante La Tettoia,ristorante,ristorante,https://raw.githubusercontent.com/pasqualelembo78/huntix-poi/main/italia/basilicata/potenza/pages/ristorante_la_tettoia_40.6395_15.8047.json,custom
40.638327,15.804478,osm_sottapera_s_r_l__40.6383_15.8045,Sottapera S.R.L.,ristorante,ristorante,https://raw.githubusercontent.com/pasqualelembo78/huntix-poi/main/italia/basilicata/potenza/pages/sottapera_srl_40.6383_15.8045.json,custom
40.638406,15.836092,osm_trattoria_triminiedd_srl_40.6384_15.8361,Trattoria Triminiedd Srl,ristorante,ristorante,https://raw.githubusercontent.com/pasqualelembo78/huntix-poi/main/italia/basilicata/potenza/pages/trattoria_triminiedd_srl_40.6384_15.8361.json,custom
40.632545,15.804043,osm_anima_e_polpa___pizzeria_al_metro_40.6325_15.8040,Anima e Polpa - Pizzeria al metro,ristorante,ristorante,https://raw.githubusercontent.com/pasqualelembo78/huntix-poi/main/italia/basilicata/potenza/pages/anima_e_polpa_-_pizzeria_al_metro_40.6325_15.8040.json,custom
40.639923,15.778915,osm_redibis_di_izzo_salvatore___c__40.6399_15.7789,Redibis Di Izzo Salvatore & C.,ristorante,ristorante,https://raw.githubusercontent.com/pasqualelembo78/huntix-poi/main/italia/basilicata/potenza/pages/redibis_di_izzo_salvatore_c_40.6399_15.7789.json,custom
40.639957,15.804565,osm_ristorante_monticchio_40.6400_15.8046,Ristorante Monticchio,ristorante,ristorante,https://raw.githubusercontent.com/pasqualelembo78/huntix-poi/main/italia/basilicata/potenza/pages/ristorante_monticchio_40.6400_15.8046.json,custom
40.636660,15.799830,osm_ristorante_taverna_oraziana_di_teresa_de_40.6367_15.7998,Ristorante Taverna Oraziana Di Teresa De Pierro E C. Sas,ristorante,ristorante,https://raw.githubusercontent.com/pasqualelembo78/huntix-poi/main/italia/basilicata/potenza/pages/ristorante_taverna_oraziana_di_teresa_de_40.6367_15.7998.json,custom
40.637415,15.800041,osm_ristorante_da_mim__40.6374_15.8000,Ristorante da Mimì,ristorante,ristorante,https://raw.githubusercontent.com/pasqualelembo78/huntix-poi/main/italia/basilicata/potenza/pages/ristorante_da_mim_40.6374_15.8000.json,custom
40.631183,15.803293,osm_trattoria_da_mimmo_il_ciclista_40.6312_15.8033,Trattoria Da Mimmo Il Ciclista,ristorante,ristorante,https://raw.githubusercontent.com/pasqualelembo78/huntix-poi/main/italia/basilicata/potenza/pages/trattoria_da_mimmo_il_ciclista_40.6312_15.8033.json,custom
40.642518,15.828339,osm_trattoria_isuccio_40.6425_15.8283,Trattoria Isuccio,ristorante,ristorante,https://raw.githubusercontent.com/pasqualelembo78/huntix-poi/main/italia/basilicata/potenza/pages/trattoria_isuccio_40.6425_15.8283.json,custom
40.645868,15.799279,osm_trattoria_sarricchio_di_gentile_generoso_40.6459_15.7993,Trattoria Sarricchio Di Gentile Generoso,ristorante,ristorante,https://raw.githubusercontent.com/pasqualelembo78/huntix-poi/main/italia/basilicata/potenza/pages/trattoria_sarricchio_di_gentile_generoso_40.6459_15.7993.json,custom
40.651780,15.834389,osm_duepi_s_a_s__di_rossella_dipino___c__40.6518_15.8344,Duepi S.A.S. Di Rossella Dipino & C.,ristorante,ristorante,https://raw.githubusercontent.com/pasqualelembo78/huntix-poi/main/italia/basilicata/potenza/pages/duepi_sas_di_rossella_dipino_c_40.6518_15.8344.json,custom
40.639519,15.805761,osm_il_peperoncino_srl_40.6395_15.8058,Il Peperoncino Srl,ristorante,ristorante,https://raw.githubusercontent.com/pasqualelembo78/huntix-poi/main/italia/basilicata/potenza/pages/il_peperoncino_srl_40.6395_15.8058.json,custom
40.643034,15.785626,osm_mister_tagliata_di_antonio_rocco_de_rosa_40.6430_15.7856,Mister Tagliata Di Antonio Rocco De Rosa,ristorante,ristorante,https://raw.githubusercontent.com/pasqualelembo78/huntix-poi/main/italia/basilicata/potenza/pages/mister_tagliata_di_antonio_rocco_de_rosa_40.6430_15.7856.json,custom
40.640345,15.805513,osm_pizza_house_40.6403_15.8055,Pizza House,ristorante,ristorante,https://raw.githubusercontent.com/pasqualelembo78/huntix-poi/main/italia/basilicata/potenza/pages/pizza_house_40.6403_15.8055.json,custom
40.646585,15.827598,osm_pizzeria___bar_la_frasca_40.6466_15.8276,Pizzeria - Bar la Frasca,ristorante,ristorante,https://raw.githubusercontent.com/pasqualelembo78/huntix-poi/main/italia/basilicata/potenza/pages/pizzeria_-_bar_la_frasca_40.6466_15.8276.json,custom
40.635316,15.804552,osm_casarsa_40.6353_15.8046,Casarsa,ristorante,ristorante,https://raw.githubusercontent.com/pasqualelembo78/huntix-poi/main/italia/basilicata/potenza/pages/casarsa_40.6353_15.8046.json,custom
40.629818,15.804692,osm_ristorante_pizzeria_valentino_40.6298_15.8047,Ristorante Pizzeria Valentino,ristorante,ristorante,https://raw.githubusercontent.com/pasqualelembo78/huntix-poi/main/italia/basilicata/potenza/pages/ristorante_pizzeria_valentino_40.6298_15.8047.json,custom
40.631743,15.811484,osm_lo_spuntino_40.6317_15.8115,Lo Spuntino,ristorante,ristorante,https://raw.githubusercontent.com/pasqualelembo78/huntix-poi/main/italia/basilicata/potenza/pages/lo_spuntino_40.6317_15.8115.json,custom
40.639673,15.802046,osm_pizza_taxi_s_r_l__40.6397_15.8020,Pizza Taxi S.R.L.,ristorante,ristorante,https://raw.githubusercontent.com/pasqualelembo78/huntix-poi/main/italia/basilicata/potenza/pages/pizza_taxi_srl_40.6397_15.8020.json,custom
40.642474,15.808469,osm_pizzeria_sapori_in_corso_potenza_40.6425_15.8085,Pizzeria Sapori In Corso Potenza,ristorante,ristorante,https://raw.githubusercontent.com/pasqualelembo78/huntix-poi/main/italia/basilicata/potenza/pages/pizzeria_sapori_in_corso_potenza_40.6425_15.8085.json,custom
40.641384,15.775486,osm_ristorante_il_cortile_40.6414_15.7755,Ristorante Il Cortile,ristorante,ristorante,https://raw.githubusercontent.com/pasqualelembo78/huntix-poi/main/italia/basilicata/potenza/pages/ristorante_il_cortile_40.6414_15.7755.json,custom
40.633597,15.823010,osm_ristorante_pizzeria_i_briganti_40.6336_15.8230,Ristorante Pizzeria I Briganti,ristorante,ristorante,https://raw.githubusercontent.com/pasqualelembo78/huntix-poi/main/italia/basilicata/potenza/pages/ristorante_pizzeria_i_briganti_40.6336_15.8230.json,custom
40.637514,15.821891,osm_le_follie_dello_chef_40.6375_15.8219,Le follie dello chef,ristorante,ristorante,https://raw.githubusercontent.com/pasqualelembo78/huntix-poi/main/italia/basilicata/potenza/pages/le_follie_dello_chef_40.6375_15.8219.json,custom
40.641785,15.790018,osm_hamburgeria_mastroianni_40.6418_15.7900,Hamburgeria Mastroianni,ristorante,ristorante,https://raw.githubusercontent.com/pasqualelembo78/huntix-poi/main/italia/basilicata/potenza/pages/hamburgeria_mastroianni_40.6418_15.7900.json,custom
40.649671,15.795464,osm_aladin_40.6497_15.7955,Aladin,ristorante,ristorante,https://raw.githubusercontent.com/pasqualelembo78/huntix-poi/main/italia/basilicata/potenza/pages/aladin_40.6497_15.7955.json,custom
40.631408,15.802315,osm_centola_40.6314_15.8023,Centola,ristorante,ristorante,https://raw.githubusercontent.com/pasqualelembo78/huntix-poi/main/italia/basilicata/potenza/pages/centola_40.6314_15.8023.json,custom
40.624553,15.792647,osm_tre_mari_40.6246_15.7926,Tre Mari,ristorante,ristorante,https://raw.githubusercontent.com/pasqualelembo78/huntix-poi/main/italia/basilicata/potenza/pages/tre_mari_40.6246_15.7926.json,custom
40.628175,15.805694,osm_lo_spuntino_40.6282_15.8057,Lo Spuntino,ristorante,ristorante,https://raw.githubusercontent.com/pasqualelembo78/huntix-poi/main/italia/basilicata/potenza/pages/lo_spuntino_40.6282_15.8057.json,custom
40.658749,15.791419,osm_ristorante_la_roulette_40.6587_15.7914,Ristorante la Roulette,ristorante,ristorante,https://raw.githubusercontent.com/pasqualelembo78/huntix-poi/main/italia/basilicata/potenza/pages/ristorante_la_roulette_40.6587_15.7914.json,custom
40.638764,15.784580,osm_shibumi_sushibar___ristorante_giapponese_40.6388_15.7846,Shibumi Sushibar & Ristorante Giapponese Potenza,ristorante,ristorante,https://raw.githubusercontent.com/pasqualelembo78/huntix-poi/main/italia/basilicata/potenza/pages/shibumi_sushibar_ristorante_giapponese_p_40.6388_15.7846.json,custom
40.642793,15.789947,osm_pizza_co_40.6428_15.7899,Pizza Co,ristorante,ristorante,https://raw.githubusercontent.com/pasqualelembo78/huntix-poi/main/italia/basilicata/potenza/pages/pizza_co_40.6428_15.7899.json,custom
40.642780,15.790554,osm_cib__40.6428_15.7906,Cibó,ristorante,ristorante,https://raw.githubusercontent.com/pasqualelembo78/huntix-poi/main/italia/basilicata/potenza/pages/cib_40.6428_15.7906.json,custom
40.636833,15.803986,osm_dove_c___gusto_40.6368_15.8040,Dove c è gusto,ristorante,ristorante,https://raw.githubusercontent.com/pasqualelembo78/huntix-poi/main/italia/basilicata/potenza/pages/dove_c_gusto_40.6368_15.8040.json,custom
40.637558,15.800825,osm_al_convento_bb_40.6376_15.8008,Al convento bb,ristorante,ristorante,https://raw.githubusercontent.com/pasqualelembo78/huntix-poi/main/italia/basilicata/potenza/pages/al_convento_bb_40.6376_15.8008.json,custom
40.637908,15.802217,osm_sultan_40.6379_15.8022,sultan,ristorante,ristorante,https://raw.githubusercontent.com/pasqualelembo78/huntix-poi/main/italia/basilicata/potenza/pages/sultan_40.6379_15.8022.json,custom
40.259079,16.090599,osm_agriturismo_zia_elena_40.2591_16.0906,Agriturismo Zia Elena,ristorante,ristorante,https://raw.githubusercontent.com/pasqualelembo78/huntix-poi/main/italia/basilicata/potenza/pages/agriturismo_zia_elena_40.2591_16.0906.json,custom
40.648996,15.786088,osm_mister_tagliata_40.6490_15.7861,Mister Tagliata,ristorante,ristorante,https://raw.githubusercontent.com/pasqualelembo78/huntix-poi/main/italia/basilicata/potenza/pages/mister_tagliata_40.6490_15.7861.json,custom
40.632949,15.802010,osm_pizzeria_avenue_40.6329_15.8020,Pizzeria Avenue,ristorante,ristorante,https://raw.githubusercontent.com/pasqualelembo78/huntix-poi/main/italia/basilicata/potenza/pages/pizzeria_avenue_40.6329_15.8020.json,custom
40.638067,15.802410,osm_queen_s_chips_amsterdam_40.6381_15.8024,Queen's Chips Amsterdam,ristorante,ristorante,https://raw.githubusercontent.com/pasqualelembo78/huntix-poi/main/italia/basilicata/potenza/pages/queens_chips_amsterdam_40.6381_15.8024.json,custom
40.656641,15.801798,osm_la_pinta_40.6566_15.8018,La Pinta,ristorante,ristorante,https://raw.githubusercontent.com/pasqualelembo78/huntix-poi/main/italia/basilicata/potenza/pages/la_pinta_40.6566_15.8018.json,custom
40.646460,15.771871,ov_bar_il_chiosco_40.6465_15.7719,Bar Il Chiosco,RESTAURANT,bar_cafe,https://raw.githubusercontent.com/pasqualelembo78/huntix-poi/main/italia/basilicata/potenza/pages/bar_il_chiosco_40.6465_15.7719.json,custom
40.641472,15.775205,ov_le_souvenir_d_un_bon_caf__40.6415_15.7752,Le souvenir d'un bon café,RESTAURANT,bar_cafe,https://raw.githubusercontent.com/pasqualelembo78/huntix-poi/main/italia/basilicata/potenza/pages/le_souvenir_dun_bon_caf_40.6415_15.7752.json,custom
40.635731,15.769837,ov_birrificio_lucano_40.6357_15.7698,Birrificio Lucano,RESTAURANT,bar_cafe,https://raw.githubusercontent.com/pasqualelembo78/huntix-poi/main/italia/basilicata/potenza/pages/birrificio_lucano_40.6357_15.7698.json,custom
40.621750,15.743880,ov_sopra_lo_zero_40.6217_15.7439,Sopra lo zero,RESTAURANT,bar_cafe,https://raw.githubusercontent.com/pasqualelembo78/huntix-poi/main/italia/basilicata/potenza/pages/sopra_lo_zero_40.6217_15.7439.json,custom
40.606457,15.697988,ov_birreria_binario_74_40.6065_15.6980,Birreria Binario 74,RESTAURANT,bar_cafe,https://raw.githubusercontent.com/pasqualelembo78/huntix-poi/main/italia/basilicata/potenza/pages/birreria_binario_74_40.6065_15.6980.json,custom
40.631500,15.812572,ov_spritzzeria_potenza_40.6315_15.8126,Spritzzeria Potenza,RESTAURANT,bar_cafe,https://raw.githubusercontent.com/pasqualelembo78/huntix-poi/main/italia/basilicata/potenza/pages/spritzzeria_potenza_40.6315_15.8126.json,custom
40.625214,15.793758,ov_al_bar_40.6252_15.7938,Al Bar,RESTAURANT,bar_cafe,https://raw.githubusercontent.com/pasqualelembo78/huntix-poi/main/italia/basilicata/potenza/pages/al_bar_40.6252_15.7938.json,custom
40.623630,15.796285,ov_l_essenze_del_gusto_40.6236_15.7963,L'essenze del gusto,RESTAURANT,bar_cafe,https://raw.githubusercontent.com/pasqualelembo78/huntix-poi/main/italia/basilicata/potenza/pages/lessenze_del_gusto_40.6236_15.7963.json,custom
40.622224,15.797277,ov__caffetteria_interno_18_40.6222_15.7973,️Caffetteria Interno 18,RESTAURANT,bar_cafe,https://raw.githubusercontent.com/pasqualelembo78/huntix-poi/main/italia/basilicata/potenza/pages/caffetteria_interno_18_40.6222_15.7973.json,custom
40.621720,15.789310,ov_bellavita___sala_polifunzionale_40.6217_15.7893,BellaVita - Sala polifunzionale,RESTAURANT,bar_cafe,https://raw.githubusercontent.com/pasqualelembo78/huntix-poi/main/italia/basilicata/potenza/pages/bellavita_-_sala_polifunzionale_40.6217_15.7893.json,custom
40.624665,15.786804,ov_bar_sopra_lo_zero_40.6247_15.7868,Bar Sopra Lo Zero,RESTAURANT,bar_cafe,https://raw.githubusercontent.com/pasqualelembo78/huntix-poi/main/italia/basilicata/potenza/pages/bar_sopra_lo_zero_40.6247_15.7868.json,custom
40.626812,15.807564,ov_cocktail_games_40.6268_15.8076,Cocktail Games,RESTAURANT,bar_cafe,https://raw.githubusercontent.com/pasqualelembo78/huntix-poi/main/italia/basilicata/potenza/pages/cocktail_games_40.6268_15.8076.json,custom
40.626745,15.802673,ov_bar_on_the_road___potenza_40.6267_15.8027,Bar On the road - Potenza,RESTAURANT,bar_cafe,https://raw.githubusercontent.com/pasqualelembo78/huntix-poi/main/italia/basilicata/potenza/pages/bar_on_the_road_-_potenza_40.6267_15.8027.json,custom
40.627436,15.801974,ov_caffetteria_l_incontro_40.6274_15.8020,Caffetteria L'Incontro,RESTAURANT,bar_cafe,https://raw.githubusercontent.com/pasqualelembo78/huntix-poi/main/italia/basilicata/potenza/pages/caffetteria_lincontro_40.6274_15.8020.json,custom
40.628041,15.795280,ov_bequi_smart_cafe_40.6280_15.7953,Bequi Smart Cafe,RESTAURANT,bar_cafe,https://raw.githubusercontent.com/pasqualelembo78/huntix-poi/main/italia/basilicata/potenza/pages/bequi_smart_cafe_40.6280_15.7953.json,custom
40.629565,15.806472,ov_central_station_caffe_40.6296_15.8065,Central Station Caffe,RESTAURANT,bar_cafe,https://raw.githubusercontent.com/pasqualelembo78/huntix-poi/main/italia/basilicata/potenza/pages/central_station_caffe_40.6296_15.8065.json,custom
40.630431,15.803850,ov_cappellaio_matto_40.6304_15.8039,Cappellaio Matto,RESTAURANT,bar_cafe,https://raw.githubusercontent.com/pasqualelembo78/huntix-poi/main/italia/basilicata/potenza/pages/cappellaio_matto_40.6304_15.8039.json,custom
40.630398,15.805982,ov_bar_vittoria_potenza_40.6304_15.8060,Bar Vittoria Potenza,RESTAURANT,bar_cafe,https://raw.githubusercontent.com/pasqualelembo78/huntix-poi/main/italia/basilicata/potenza/pages/bar_vittoria_potenza_40.6304_15.8060.json,custom
40.630438,15.806131,ov_caffe_mediterraneo_40.6304_15.8061,Caffe Mediterraneo,RESTAURANT,bar_cafe,https://raw.githubusercontent.com/pasqualelembo78/huntix-poi/main/italia/basilicata/potenza/pages/caffe_mediterraneo_40.6304_15.8061.json,custom
40.631074,15.803397,ov_quelli_del_tat__club_40.6311_15.8034,Quelli del Tatì club,RESTAURANT,bar_cafe,https://raw.githubusercontent.com/pasqualelembo78/huntix-poi/main/italia/basilicata/potenza/pages/quelli_del_tat_club_40.6311_15.8034.json,custom
40.631442,15.803126,ov_brio_cafe_40.6314_15.8031,Brio Cafe,RESTAURANT,bar_cafe,https://raw.githubusercontent.com/pasqualelembo78/huntix-poi/main/italia/basilicata/potenza/pages/brio_cafe_40.6314_15.8031.json,custom
40.630740,15.789180,ov_red_square_40.6307_15.7892,Red Square,RESTAURANT,bar_cafe,https://raw.githubusercontent.com/pasqualelembo78/huntix-poi/main/italia/basilicata/potenza/pages/red_square_40.6307_15.7892.json,custom
40.629662,15.792198,ov_chillounge_by_piro_40.6297_15.7922,Chillounge by Piro,RESTAURANT,bar_cafe,https://raw.githubusercontent.com/pasqualelembo78/huntix-poi/main/italia/basilicata/potenza/pages/chillounge_by_piro_40.6297_15.7922.json,custom
40.632363,15.786920,ov_bar_caffetteria_marilyn_40.6324_15.7869,Bar caffetteria Marilyn,RESTAURANT,bar_cafe,https://raw.githubusercontent.com/pasqualelembo78/huntix-poi/main/italia/basilicata/potenza/pages/bar_caffetteria_marilyn_40.6324_15.7869.json,custom
40.632175,15.789723,ov_birrificio_basilisca_40.6322_15.7897,Birrificio Basilisca,RESTAURANT,bar_cafe,https://raw.githubusercontent.com/pasqualelembo78/huntix-poi/main/italia/basilicata/potenza/pages/birrificio_basilisca_40.6322_15.7897.json,custom
40.633197,15.791715,ov_blue_ice_cafe_40.6332_15.7917,Blue Ice Cafe,RESTAURANT,bar_cafe,https://raw.githubusercontent.com/pasqualelembo78/huntix-poi/main/italia/basilicata/potenza/pages/blue_ice_cafe_40.6332_15.7917.json,custom
40.633270,15.788240,ov_bar_k2_40.6333_15.7882,Bar k2,RESTAURANT,bar_cafe,https://raw.githubusercontent.com/pasqualelembo78/huntix-poi/main/italia/basilicata/potenza/pages/bar_k2_40.6333_15.7882.json,custom
40.632730,15.788200,ov_mondo_di_biagione_gallitello_40.6327_15.7882,Mondo di Biagione gallitello,RESTAURANT,bar_cafe,https://raw.githubusercontent.com/pasqualelembo78/huntix-poi/main/italia/basilicata/potenza/pages/mondo_di_biagione_gallitello_40.6327_15.7882.json,custom
40.634544,15.789462,ov_al_rione_bar_pizzeria_40.6345_15.7895,Al Rione Bar Pizzeria,RESTAURANT,bar_cafe,https://raw.githubusercontent.com/pasqualelembo78/huntix-poi/main/italia/basilicata/potenza/pages/al_rione_bar_pizzeria_40.6345_15.7895.json,custom
40.634369,15.787425,ov_time_coffee_40.6344_15.7874,Time Coffee,RESTAURANT,bar_cafe,https://raw.githubusercontent.com/pasqualelembo78/huntix-poi/main/italia/basilicata/potenza/pages/time_coffee_40.6344_15.7874.json,custom
40.636774,15.784610,ov_tenuta_le_querce_40.6368_15.7846,Tenuta le Querce,RESTAURANT,bar_cafe,https://raw.githubusercontent.com/pasqualelembo78/huntix-poi/main/italia/basilicata/potenza/pages/tenuta_le_querce_40.6368_15.7846.json,custom
40.634868,15.786755,ov_dibattista_professional_40.6349_15.7868,Dibattista Professional,RESTAURANT,bar_cafe,https://raw.githubusercontent.com/pasqualelembo78/huntix-poi/main/italia/basilicata/potenza/pages/dibattista_professional_40.6349_15.7868.json,custom
40.637892,15.800687,ov_el_divino_40.6379_15.8007,El Divino,RESTAURANT,bar_cafe,https://raw.githubusercontent.com/pasqualelembo78/huntix-poi/main/italia/basilicata/potenza/pages/el_divino_40.6379_15.8007.json,custom
40.637838,15.800915,ov_mozzarelle_a_colazione_40.6378_15.8009,Mozzarelle a Colazione,RESTAURANT,bar_cafe,https://raw.githubusercontent.com/pasqualelembo78/huntix-poi/main/italia/basilicata/potenza/pages/mozzarelle_a_colazione_40.6378_15.8009.json,custom
40.636965,15.800273,ov_la_birroteca_40.6370_15.8003,La Birroteca,RESTAURANT,bar_cafe,https://raw.githubusercontent.com/pasqualelembo78/huntix-poi/main/italia/basilicata/potenza/pages/la_birroteca_40.6370_15.8003.json,custom
40.637240,15.799300,ov_bamboo_coffee_and_wine_house_40.6372_15.7993,Bamboo Coffee and Wine House,RESTAURANT,bar_cafe,https://raw.githubusercontent.com/pasqualelembo78/huntix-poi/main/italia/basilicata/potenza/pages/bamboo_coffee_and_wine_house_40.6372_15.7993.json,custom
40.637580,15.802211,ov_burbaca_40.6376_15.8022,Burbaca,RESTAURANT,bar_cafe,https://raw.githubusercontent.com/pasqualelembo78/huntix-poi/main/italia/basilicata/potenza/pages/burbaca_40.6376_15.8022.json,custom
40.637424,15.803205,ov_bar_dama_di_triunfo_cristina_40.6374_15.8032,Bar Dama di Triunfo Cristina,RESTAURANT,bar_cafe,https://raw.githubusercontent.com/pasqualelembo78/huntix-poi/main/italia/basilicata/potenza/pages/bar_dama_di_triunfo_cristina_40.6374_15.8032.json,custom
40.637411,15.808887,ov_bar_k52_40.6374_15.8089,Bar K52,RESTAURANT,bar_cafe,https://raw.githubusercontent.com/pasqualelembo78/huntix-poi/main/italia/basilicata/potenza/pages/bar_k52_40.6374_15.8089.json,custom
40.637304,15.808786,ov_bar_degli_amici_40.6373_15.8088,Bar Degli Amici,RESTAURANT,bar_cafe,https://raw.githubusercontent.com/pasqualelembo78/huntix-poi/main/italia/basilicata/potenza/pages/bar_degli_amici_40.6373_15.8088.json,custom
40.636348,15.806221,ov_take_time_cafe_40.6363_15.8062,Take Time Cafe,RESTAURANT,bar_cafe,https://raw.githubusercontent.com/pasqualelembo78/huntix-poi/main/italia/basilicata/potenza/pages/take_time_cafe_40.6363_15.8062.json,custom
40.635171,15.801282,ov_blue_moon_cafe_40.6352_15.8013,Blue Moon Cafe,RESTAURANT,bar_cafe,https://raw.githubusercontent.com/pasqualelembo78/huntix-poi/main/italia/basilicata/potenza/pages/blue_moon_cafe_40.6352_15.8013.json,custom
40.635076,15.801365,ov_ludos_caf__40.6351_15.8014,Ludos Café,RESTAURANT,bar_cafe,https://raw.githubusercontent.com/pasqualelembo78/huntix-poi/main/italia/basilicata/potenza/pages/ludos_caf_40.6351_15.8014.json,custom
40.635088,15.806495,ov_burbaca_40.6351_15.8065,Burbaca,RESTAURANT,bar_cafe,https://raw.githubusercontent.com/pasqualelembo78/huntix-poi/main/italia/basilicata/potenza/pages/burbaca_40.6351_15.8065.json,custom
40.635410,15.806047,ov_roxy_bar_40.6354_15.8060,Roxy Bar,RESTAURANT,bar_cafe,https://raw.githubusercontent.com/pasqualelembo78/huntix-poi/main/italia/basilicata/potenza/pages/roxy_bar_40.6354_15.8060.json,custom
40.634873,15.808141,ov_bar_locatelli_40.6349_15.8081,Bar Locatelli,RESTAURANT,bar_cafe,https://raw.githubusercontent.com/pasqualelembo78/huntix-poi/main/italia/basilicata/potenza/pages/bar_locatelli_40.6349_15.8081.json,custom
40.634522,15.807128,ov_caffetteria_francioso_40.6345_15.8071,Caffetteria Francioso,RESTAURANT,bar_cafe,https://raw.githubusercontent.com/pasqualelembo78/huntix-poi/main/italia/basilicata/potenza/pages/caffetteria_francioso_40.6345_15.8071.json,custom
40.633692,15.802964,ov_bar_locatelli_40.6337_15.8030,Bar Locatelli,RESTAURANT,bar_cafe,https://raw.githubusercontent.com/pasqualelembo78/huntix-poi/main/italia/basilicata/potenza/pages/bar_locatelli_40.6337_15.8030.json,custom
40.634394,15.799632,ov_metroquadro_40.6344_15.7996,MetroQuadro,RESTAURANT,bar_cafe,https://raw.githubusercontent.com/pasqualelembo78/huntix-poi/main/italia/basilicata/potenza/pages/metroquadro_40.6344_15.7996.json,custom
40.633017,15.798963,ov_dancing_cafe_40.6330_15.7990,Dancing Cafe,RESTAURANT,bar_cafe,https://raw.githubusercontent.com/pasqualelembo78/huntix-poi/main/italia/basilicata/potenza/pages/dancing_cafe_40.6330_15.7990.json,custom
40.631713,15.802327,ov_caffetteria_petrucci_spirits___wine_40.6317_15.8023,Caffetteria Petrucci Spirits & Wine,RESTAURANT,bar_cafe,https://raw.githubusercontent.com/pasqualelembo78/huntix-poi/main/italia/basilicata/potenza/pages/caffetteria_petrucci_spirits_wine_40.6317_15.8023.json,custom
40.631908,15.811870,ov_h24_caffetteria_pasticceria_40.6319_15.8119,H24 Caffetteria Pasticceria,RESTAURANT,bar_cafe,https://raw.githubusercontent.com/pasqualelembo78/huntix-poi/main/italia/basilicata/potenza/pages/h24_caffetteria_pasticceria_40.6319_15.8119.json,custom
40.632572,15.812615,ov_glamour_cafe_40.6326_15.8126,Glamour Cafe,RESTAURANT,bar_cafe,https://raw.githubusercontent.com/pasqualelembo78/huntix-poi/main/italia/basilicata/potenza/pages/glamour_cafe_40.6326_15.8126.json,custom
40.633460,15.813672,ov_insomnia_cafe_40.6335_15.8137,Insomnia Cafe,RESTAURANT,bar_cafe,https://raw.githubusercontent.com/pasqualelembo78/huntix-poi/main/italia/basilicata/potenza/pages/insomnia_cafe_40.6335_15.8137.json,custom
40.633325,15.813819,ov_john_bull_inn_40.6333_15.8138,John Bull Inn,RESTAURANT,bar_cafe,https://raw.githubusercontent.com/pasqualelembo78/huntix-poi/main/italia/basilicata/potenza/pages/john_bull_inn_40.6333_15.8138.json,custom
40.633322,15.819842,ov_fo_be_ca_40.6333_15.8198,Fo.Be.Ca,RESTAURANT,bar_cafe,https://raw.githubusercontent.com/pasqualelembo78/huntix-poi/main/italia/basilicata/potenza/pages/fobeca_40.6333_15.8198.json,custom
40.634829,15.817822,ov_basento_40.6348_15.8178,Basento,RESTAURANT,bar_cafe,https://raw.githubusercontent.com/pasqualelembo78/huntix-poi/main/italia/basilicata/potenza/pages/basento_40.6348_15.8178.json,custom
40.633203,15.835942,ov_c_da_bucaletto_40.6332_15.8359,C.da Bucaletto,RESTAURANT,bar_cafe,https://raw.githubusercontent.com/pasqualelembo78/huntix-poi/main/italia/basilicata/potenza/pages/cda_bucaletto_40.6332_15.8359.json,custom
40.635625,15.827486,ov_q8_basentana_40.6356_15.8275,Q8 Basentana,RESTAURANT,bar_cafe,https://raw.githubusercontent.com/pasqualelembo78/huntix-poi/main/italia/basilicata/potenza/pages/q8_basentana_40.6356_15.8275.json,custom
40.634990,15.820480,ov_mtcollection_40.6350_15.8205,MTcollection,RESTAURANT,bar_cafe,https://raw.githubusercontent.com/pasqualelembo78/huntix-poi/main/italia/basilicata/potenza/pages/mtcollection_40.6350_15.8205.json,custom
40.636170,15.811308,ov_caff__filitti_40.6362_15.8113,Caffè Filitti,RESTAURANT,bar_cafe,https://raw.githubusercontent.com/pasqualelembo78/huntix-poi/main/italia/basilicata/potenza/pages/caff_filitti_40.6362_15.8113.json,custom
40.637361,15.814664,ov_al_segno_40.6374_15.8147,Al Segno,RESTAURANT,bar_cafe,https://raw.githubusercontent.com/pasqualelembo78/huntix-poi/main/italia/basilicata/potenza/pages/al_segno_40.6374_15.8147.json,custom
40.637792,15.814802,ov_waikiki_bar_40.6378_15.8148,Waikiki Bar,RESTAURANT,bar_cafe,https://raw.githubusercontent.com/pasqualelembo78/huntix-poi/main/italia/basilicata/potenza/pages/waikiki_bar_40.6378_15.8148.json,custom
40.637985,15.814464,ov_il_classico_pub_birreria_40.6380_15.8145,Il Classico Pub Birreria,RESTAURANT,bar_cafe,https://raw.githubusercontent.com/pasqualelembo78/huntix-poi/main/italia/basilicata/potenza/pages/il_classico_pub_birreria_40.6380_15.8145.json,custom
40.637517,15.812599,ov_bar_pesarini_40.6375_15.8126,Bar Pesarini,RESTAURANT,bar_cafe,https://raw.githubusercontent.com/pasqualelembo78/huntix-poi/main/italia/basilicata/potenza/pages/bar_pesarini_40.6375_15.8126.json,custom
40.641150,15.812671,ov_bar_diamante_40.6411_15.8127,Bar Diamante,RESTAURANT,bar_cafe,https://raw.githubusercontent.com/pasqualelembo78/huntix-poi/main/italia/basilicata/potenza/pages/bar_diamante_40.6411_15.8127.json,custom
40.640770,15.812780,ov_il_caff__dell_imperatore___caff__cesaran_40.6408_15.8128,Il Caffè dell'Imperatore - Caffè Cesarano,RESTAURANT,bar_cafe,https://raw.githubusercontent.com/pasqualelembo78/huntix-poi/main/italia/basilicata/potenza/pages/il_caff_dellimperatore_-_caff_cesarano_40.6408_15.8128.json,custom
40.638641,15.819597,ov_bar_caff__9_luci_40.6386_15.8196,Bar Caffè 9 Luci,RESTAURANT,bar_cafe,https://raw.githubusercontent.com/pasqualelembo78/huntix-poi/main/italia/basilicata/potenza/pages/bar_caff_9_luci_40.6386_15.8196.json,custom
40.638660,15.819550,ov_the_bridge___pub_40.6387_15.8195,The Bridge - Pub,RESTAURANT,bar_cafe,https://raw.githubusercontent.com/pasqualelembo78/huntix-poi/main/italia/basilicata/potenza/pages/the_bridge_-_pub_40.6387_15.8195.json,custom
40.641259,15.825617,ov_cantina_di_bacco_40.6413_15.8256,Cantina di Bacco,RESTAURANT,bar_cafe,https://raw.githubusercontent.com/pasqualelembo78/huntix-poi/main/italia/basilicata/potenza/pages/cantina_di_bacco_40.6413_15.8256.json,custom
40.642629,15.839922,ov_milleunacialda_e_assistance_pato_caffe__40.6426_15.8399,Milleunacialda e Assistance Pato Caffe',RESTAURANT,bar_cafe,https://raw.githubusercontent.com/pasqualelembo78/huntix-poi/main/italia/basilicata/potenza/pages/milleunacialda_e_assistance_pato_caffe_40.6426_15.8399.json,custom
40.644252,15.835304,ov_bar_cube_coffee_40.6443_15.8353,Bar Cube Coffee,RESTAURANT,bar_cafe,https://raw.githubusercontent.com/pasqualelembo78/huntix-poi/main/italia/basilicata/potenza/pages/bar_cube_coffee_40.6443_15.8353.json,custom
40.642843,15.828512,ov_caffe_ristretto_40.6428_15.8285,Caffe Ristretto,RESTAURANT,bar_cafe,https://raw.githubusercontent.com/pasqualelembo78/huntix-poi/main/italia/basilicata/potenza/pages/caffe_ristretto_40.6428_15.8285.json,custom
40.643602,15.825609,ov_sweet_passion_caf__40.6436_15.8256,Sweet Passion Cafè,RESTAURANT,bar_cafe,https://raw.githubusercontent.com/pasqualelembo78/huntix-poi/main/italia/basilicata/potenza/pages/sweet_passion_caf_40.6436_15.8256.json,custom
40.642866,15.807211,ov_piper_caff__40.6429_15.8072,Piper Caffè,RESTAURANT,bar_cafe,https://raw.githubusercontent.com/pasqualelembo78/huntix-poi/main/italia/basilicata/potenza/pages/piper_caff_40.6429_15.8072.json,custom
40.643096,15.805253,ov_bollicine_living_gourmet_40.6431_15.8053,Bollicine living gourmet,RESTAURANT,bar_cafe,https://raw.githubusercontent.com/pasqualelembo78/huntix-poi/main/italia/basilicata/potenza/pages/bollicine_living_gourmet_40.6431_15.8053.json,custom
40.643355,15.804619,ov_bar_villa_santa_maria_40.6434_15.8046,Bar Villa Santa Maria,RESTAURANT,bar_cafe,https://raw.githubusercontent.com/pasqualelembo78/huntix-poi/main/italia/basilicata/potenza/pages/bar_villa_santa_maria_40.6434_15.8046.json,custom
40.642938,15.802102,ov_plaza_cafe_40.6429_15.8021,Plaza Cafe,RESTAURANT,bar_cafe,https://raw.githubusercontent.com/pasqualelembo78/huntix-poi/main/italia/basilicata/potenza/pages/plaza_cafe_40.6429_15.8021.json,custom
40.643750,15.803640,ov_mokamokacaff__40.6437_15.8036,MokaMokaCaffè,RESTAURANT,bar_cafe,https://raw.githubusercontent.com/pasqualelembo78/huntix-poi/main/italia/basilicata/potenza/pages/mokamokacaff_40.6437_15.8036.json,custom
40.642188,15.799354,ov_fondovalle_cafe_40.6422_15.7994,Fondovalle Cafe,RESTAURANT,bar_cafe,https://raw.githubusercontent.com/pasqualelembo78/huntix-poi/main/italia/basilicata/potenza/pages/fondovalle_cafe_40.6422_15.7994.json,custom
40.642200,15.797710,ov_caff__maratea_40.6422_15.7977,Caffè Maratea,RESTAURANT,bar_cafe,https://raw.githubusercontent.com/pasqualelembo78/huntix-poi/main/italia/basilicata/potenza/pages/caff_maratea_40.6422_15.7977.json,custom
40.642754,15.807914,ov_fornace_cafe_40.6428_15.8079,Fornace Cafe,RESTAURANT,bar_cafe,https://raw.githubusercontent.com/pasqualelembo78/huntix-poi/main/italia/basilicata/potenza/pages/fornace_cafe_40.6428_15.8079.json,custom
40.639430,15.808410,ov_i_giardini_della_torre_40.6394_15.8084,I Giardini della Torre,RESTAURANT,bar_cafe,https://raw.githubusercontent.com/pasqualelembo78/huntix-poi/main/italia/basilicata/potenza/pages/i_giardini_della_torre_40.6394_15.8084.json,custom
40.639237,15.805387,ov_antica_caffetteria_40.6392_15.8054,Antica Caffetteria,RESTAURANT,bar_cafe,https://raw.githubusercontent.com/pasqualelembo78/huntix-poi/main/italia/basilicata/potenza/pages/antica_caffetteria_40.6392_15.8054.json,custom
40.639228,15.806610,ov_io_sono_lucano_40.6392_15.8066,Io Sono Lucano,RESTAURANT,bar_cafe,https://raw.githubusercontent.com/pasqualelembo78/huntix-poi/main/italia/basilicata/potenza/pages/io_sono_lucano_40.6392_15.8066.json,custom
40.639175,15.806394,ov_hops_40.6392_15.8064,Hops,RESTAURANT,bar_cafe,https://raw.githubusercontent.com/pasqualelembo78/huntix-poi/main/italia/basilicata/potenza/pages/hops_40.6392_15.8064.json,custom
40.639050,15.805784,ov_pretoria_caff__40.6391_15.8058,Pretoria Caffè,RESTAURANT,bar_cafe,https://raw.githubusercontent.com/pasqualelembo78/huntix-poi/main/italia/basilicata/potenza/pages/pretoria_caff_40.6391_15.8058.json,custom
40.639058,15.806011,ov_white_cafe_40.6391_15.8060,White Cafe,RESTAURANT,bar_cafe,https://raw.githubusercontent.com/pasqualelembo78/huntix-poi/main/italia/basilicata/potenza/pages/white_cafe_40.6391_15.8060.json,custom
40.638862,15.805905,ov_bar_number_one_40.6389_15.8059,Bar Number One,RESTAURANT,bar_cafe,https://raw.githubusercontent.com/pasqualelembo78/huntix-poi/main/italia/basilicata/potenza/pages/bar_number_one_40.6389_15.8059.json,custom
40.638433,15.803701,ov_mibi_40.6384_15.8037,Mibi,RESTAURANT,bar_cafe,https://raw.githubusercontent.com/pasqualelembo78/huntix-poi/main/italia/basilicata/potenza/pages/mibi_40.6384_15.8037.json,custom
40.638208,15.803711,ov_ghiaccio_rosso_40.6382_15.8037,Ghiaccio Rosso,RESTAURANT,bar_cafe,https://raw.githubusercontent.com/pasqualelembo78/huntix-poi/main/italia/basilicata/potenza/pages/ghiaccio_rosso_40.6382_15.8037.json,custom
40.638310,15.803280,ov_special_bar_h24_40.6383_15.8033,Special bar h24,RESTAURANT,bar_cafe,https://raw.githubusercontent.com/pasqualelembo78/huntix-poi/main/italia/basilicata/potenza/pages/special_bar_h24_40.6383_15.8033.json,custom
40.638304,15.802194,ov_petit_cafe_40.6383_15.8022,Petit Cafe,RESTAURANT,bar_cafe,https://raw.githubusercontent.com/pasqualelembo78/huntix-poi/main/italia/basilicata/potenza/pages/petit_cafe_40.6383_15.8022.json,custom
40.638286,15.802297,ov_gran_caffe_italia_40.6383_15.8023,Gran Caffe Italia,RESTAURANT,bar_cafe,https://raw.githubusercontent.com/pasqualelembo78/huntix-poi/main/italia/basilicata/potenza/pages/gran_caffe_italia_40.6383_15.8023.json,custom
40.638491,15.801921,ov_goblin_s_bar_and_restaurant_40.6385_15.8019,Goblin's Bar and Restaurant,RESTAURANT,bar_cafe,https://raw.githubusercontent.com/pasqualelembo78/huntix-poi/main/italia/basilicata/potenza/pages/goblins_bar_and_restaurant_40.6385_15.8019.json,custom
40.638527,15.802485,ov_distillo_caff__40.6385_15.8025,Distillo Caffè,RESTAURANT,bar_cafe,https://raw.githubusercontent.com/pasqualelembo78/huntix-poi/main/italia/basilicata/potenza/pages/distillo_caff_40.6385_15.8025.json,custom
40.638524,15.803058,ov_il_cantiere_40.6385_15.8031,Il Cantiere,RESTAURANT,bar_cafe,https://raw.githubusercontent.com/pasqualelembo78/huntix-poi/main/italia/basilicata/potenza/pages/il_cantiere_40.6385_15.8031.json,custom
40.638546,15.802304,ov_taxi_bar_40.6385_15.8023,Taxi Bar,RESTAURANT,bar_cafe,https://raw.githubusercontent.com/pasqualelembo78/huntix-poi/main/italia/basilicata/potenza/pages/taxi_bar_40.6385_15.8023.json,custom
40.638988,15.804713,ov_central_caff__40.6390_15.8047,Central Caffé,RESTAURANT,bar_cafe,https://raw.githubusercontent.com/pasqualelembo78/huntix-poi/main/italia/basilicata/potenza/pages/central_caff_40.6390_15.8047.json,custom
40.639031,15.804543,ov_namastea_la_tisaneria_di_citt__40.6390_15.8045,Namastea La Tisaneria di Città,RESTAURANT,bar_cafe,https://raw.githubusercontent.com/pasqualelembo78/huntix-poi/main/italia/basilicata/potenza/pages/namastea_la_tisaneria_di_citt_40.6390_15.8045.json,custom
40.639430,15.801030,ov_africa_shop_di_eunice_for_all_people_40.6394_15.8010,Africa Shop di Eunice for all people,RESTAURANT,bar_cafe,https://raw.githubusercontent.com/pasqualelembo78/huntix-poi/main/italia/basilicata/potenza/pages/africa_shop_di_eunice_for_all_people_40.6394_15.8010.json,custom
40.638893,15.800609,ov_mazzini_caff__40.6389_15.8006,Mazzini Caffè,RESTAURANT,bar_cafe,https://raw.githubusercontent.com/pasqualelembo78/huntix-poi/main/italia/basilicata/potenza/pages/mazzini_caff_40.6389_15.8006.json,custom
40.638070,15.796070,ov_majesty_bar_galassia_40.6381_15.7961,Majesty Bar Galassia,RESTAURANT,bar_cafe,https://raw.githubusercontent.com/pasqualelembo78/huntix-poi/main/italia/basilicata/potenza/pages/majesty_bar_galassia_40.6381_15.7961.json,custom
40.638070,15.796070,ov_lounge_caf__galassia_40.6381_15.7961,Lounge Cafè Galassia,RESTAURANT,bar_cafe,https://raw.githubusercontent.com/pasqualelembo78/huntix-poi/main/italia/basilicata/potenza/pages/lounge_caf_galassia_40.6381_15.7961.json,custom
40.640773,15.790121,ov_pane_e_caff__40.6408_15.7901,Pane e Caffè,RESTAURANT,bar_cafe,https://raw.githubusercontent.com/pasqualelembo78/huntix-poi/main/italia/basilicata/potenza/pages/pane_e_caff_40.6408_15.7901.json,custom
40.641100,15.789850,ov_gelatai_1956_pz_09711932773_40.6411_15.7898,Gelatai 1956 PZ 09711932773,RESTAURANT,bar_cafe,https://raw.githubusercontent.com/pasqualelembo78/huntix-poi/main/italia/basilicata/potenza/pages/gelatai_1956_pz_09711932773_40.6411_15.7898.json,custom
40.639319,15.783160,ov_bar_k2_40.6393_15.7832,Bar K2,RESTAURANT,bar_cafe,https://raw.githubusercontent.com/pasqualelembo78/huntix-poi/main/italia/basilicata/potenza/pages/bar_k2_40.6393_15.7832.json,custom
40.638829,15.783647,ov_art_cafe_40.6388_15.7836,Art Cafe,RESTAURANT,bar_cafe,https://raw.githubusercontent.com/pasqualelembo78/huntix-poi/main/italia/basilicata/potenza/pages/art_cafe_40.6388_15.7836.json,custom
40.638745,15.783575,ov_back_coffee_40.6387_15.7836,Back Coffee,RESTAURANT,bar_cafe,https://raw.githubusercontent.com/pasqualelembo78/huntix-poi/main/italia/basilicata/potenza/pages/back_coffee_40.6387_15.7836.json,custom
40.639692,15.785460,ov_pasticceria_milanese_40.6397_15.7855,Pasticceria Milanese,RESTAURANT,bar_cafe,https://raw.githubusercontent.com/pasqualelembo78/huntix-poi/main/italia/basilicata/potenza/pages/pasticceria_milanese_40.6397_15.7855.json,custom
40.641479,15.781231,ov_bar_bamboo_40.6415_15.7812,Bar Bamboo,RESTAURANT,bar_cafe,https://raw.githubusercontent.com/pasqualelembo78/huntix-poi/main/italia/basilicata/potenza/pages/bar_bamboo_40.6415_15.7812.json,custom
40.641562,15.789773,ov_area_51_beer___food_40.6416_15.7898,Area 51 beer & food,RESTAURANT,bar_cafe,https://raw.githubusercontent.com/pasqualelembo78/huntix-poi/main/italia/basilicata/potenza/pages/area_51_beer_food_40.6416_15.7898.json,custom
40.641682,15.789785,ov_barmacia___soluzioni_spiritose_40.6417_15.7898,Barmacia - soluzioni spiritose,RESTAURANT,bar_cafe,https://raw.githubusercontent.com/pasqualelembo78/huntix-poi/main/italia/basilicata/potenza/pages/barmacia_-_soluzioni_spiritose_40.6417_15.7898.json,custom
40.641738,15.789805,ov_90bet_bar_potenza_40.6417_15.7898,90bet bar potenza,RESTAURANT,bar_cafe,https://raw.githubusercontent.com/pasqualelembo78/huntix-poi/main/italia/basilicata/potenza/pages/90bet_bar_potenza_40.6417_15.7898.json,custom
40.641890,15.789829,ov_caffetteria_dell_imperatore_40.6419_15.7898,Caffetteria dell'Imperatore,RESTAURANT,bar_cafe,https://raw.githubusercontent.com/pasqualelembo78/huntix-poi/main/italia/basilicata/potenza/pages/caffetteria_dellimperatore_40.6419_15.7898.json,custom
40.642495,15.789778,ov_articolo_3_40.6425_15.7898,Articolo 3,RESTAURANT,bar_cafe,https://raw.githubusercontent.com/pasqualelembo78/huntix-poi/main/italia/basilicata/potenza/pages/articolo_3_40.6425_15.7898.json,custom
40.642765,15.790490,ov_cibo_40.6428_15.7905,Cibo,RESTAURANT,bar_cafe,https://raw.githubusercontent.com/pasqualelembo78/huntix-poi/main/italia/basilicata/potenza/pages/cibo_40.6428_15.7905.json,custom
40.643509,15.789867,ov_parco_mondo_caffe_40.6435_15.7899,Parco Mondo Caffe,RESTAURANT,bar_cafe,https://raw.githubusercontent.com/pasqualelembo78/huntix-poi/main/italia/basilicata/potenza/pages/parco_mondo_caffe_40.6435_15.7899.json,custom
40.643891,15.785790,ov_moka_moka_caff__40.6439_15.7858,Moka Moka Caffè,RESTAURANT,bar_cafe,https://raw.githubusercontent.com/pasqualelembo78/huntix-poi/main/italia/basilicata/potenza/pages/moka_moka_caff_40.6439_15.7858.json,custom
40.645781,15.797958,ov_poche_parole_bar_40.6458_15.7980,Poche parole bar,RESTAURANT,bar_cafe,https://raw.githubusercontent.com/pasqualelembo78/huntix-poi/main/italia/basilicata/potenza/pages/poche_parole_bar_40.6458_15.7980.json,custom
40.644702,15.798106,ov_my_goblins_caf__40.6447_15.7981,My Goblins Cafè,RESTAURANT,bar_cafe,https://raw.githubusercontent.com/pasqualelembo78/huntix-poi/main/italia/basilicata/potenza/pages/my_goblins_caf_40.6447_15.7981.json,custom
40.644820,15.801787,ov_bar_underground_40.6448_15.8018,Bar Underground,RESTAURANT,bar_cafe,https://raw.githubusercontent.com/pasqualelembo78/huntix-poi/main/italia/basilicata/potenza/pages/bar_underground_40.6448_15.8018.json,custom
40.645151,15.804016,ov_giacummo___vaccaro_40.6452_15.8040,Giacummo & Vaccaro,RESTAURANT,bar_cafe,https://raw.githubusercontent.com/pasqualelembo78/huntix-poi/main/italia/basilicata/potenza/pages/giacummo_vaccaro_40.6452_15.8040.json,custom
40.646968,15.806539,ov_110_e_lode_cafe_40.6470_15.8065,110 e Lode Cafe,RESTAURANT,bar_cafe,https://raw.githubusercontent.com/pasqualelembo78/huntix-poi/main/italia/basilicata/potenza/pages/110_e_lode_cafe_40.6470_15.8065.json,custom
40.647329,15.802700,ov_bar_pasticceria_santa_maria_40.6473_15.8027,Bar Pasticceria Santa Maria,RESTAURANT,bar_cafe,https://raw.githubusercontent.com/pasqualelembo78/huntix-poi/main/italia/basilicata/potenza/pages/bar_pasticceria_santa_maria_40.6473_15.8027.json,custom
40.646403,15.800898,ov_amazon_counter___la_sfida_40.6464_15.8009,Amazon Counter - La Sfida,RESTAURANT,bar_cafe,https://raw.githubusercontent.com/pasqualelembo78/huntix-poi/main/italia/basilicata/potenza/pages/amazon_counter_-_la_sfida_40.6464_15.8009.json,custom
40.646182,15.797768,ov_enotipica_40.6462_15.7978,Enotipica,RESTAURANT,bar_cafe,https://raw.githubusercontent.com/pasqualelembo78/huntix-poi/main/italia/basilicata/potenza/pages/enotipica_40.6462_15.7978.json,custom
40.646972,15.796809,ov_caffetteria_don_bosco_40.6470_15.7968,Caffetteria Don Bosco,RESTAURANT,bar_cafe,https://raw.githubusercontent.com/pasqualelembo78/huntix-poi/main/italia/basilicata/potenza/pages/caffetteria_don_bosco_40.6470_15.7968.json,custom
40.647382,15.796522,ov_smile_cafe_40.6474_15.7965,Smile Cafe,RESTAURANT,bar_cafe,https://raw.githubusercontent.com/pasqualelembo78/huntix-poi/main/italia/basilicata/potenza/pages/smile_cafe_40.6474_15.7965.json,custom
40.647629,15.797319,ov_nueva_vida_cafe_40.6476_15.7973,Nueva Vida Cafe,RESTAURANT,bar_cafe,https://raw.githubusercontent.com/pasqualelembo78/huntix-poi/main/italia/basilicata/potenza/pages/nueva_vida_cafe_40.6476_15.7973.json,custom
40.649049,15.795114,ov_the_wild_cat_pub_40.6490_15.7951,The Wild Cat Pub,RESTAURANT,bar_cafe,https://raw.githubusercontent.com/pasqualelembo78/huntix-poi/main/italia/basilicata/potenza/pages/the_wild_cat_pub_40.6490_15.7951.json,custom
40.649123,15.796691,ov_badenbar___parco_baden_powell_40.6491_15.7967,BadenBar - parco Baden Powell,RESTAURANT,bar_cafe,https://raw.githubusercontent.com/pasqualelembo78/huntix-poi/main/italia/basilicata/potenza/pages/badenbar_-_parco_baden_powell_40.6491_15.7967.json,custom
40.650118,15.801575,ov_l_officina_del_caff__2_0_40.6501_15.8016,L'officina del Caffè 2.0,RESTAURANT,bar_cafe,https://raw.githubusercontent.com/pasqualelembo78/huntix-poi/main/italia/basilicata/potenza/pages/lofficina_del_caff_20_40.6501_15.8016.json,custom
40.650712,15.800648,ov_bar_cancelli_40.6507_15.8006,Bar Cancelli,RESTAURANT,bar_cafe,https://raw.githubusercontent.com/pasqualelembo78/huntix-poi/main/italia/basilicata/potenza/pages/bar_cancelli_40.6507_15.8006.json,custom
40.649848,15.796287,ov_miticoo_cafe_and_bistrot_40.6498_15.7963,Miticoo Cafe and Bistrot,RESTAURANT,bar_cafe,https://raw.githubusercontent.com/pasqualelembo78/huntix-poi/main/italia/basilicata/potenza/pages/miticoo_cafe_and_bistrot_40.6498_15.7963.json,custom
40.650612,15.786268,ov_life_cafe_40.6506_15.7863,Life Cafe,RESTAURANT,bar_cafe,https://raw.githubusercontent.com/pasqualelembo78/huntix-poi/main/italia/basilicata/potenza/pages/life_cafe_40.6506_15.7863.json,custom
40.649784,15.791964,ov_bar_85100_40.6498_15.7920,Bar 85100,RESTAURANT,bar_cafe,https://raw.githubusercontent.com/pasqualelembo78/huntix-poi/main/italia/basilicata/potenza/pages/bar_85100_40.6498_15.7920.json,custom
40.653214,15.785413,ov_bar_lo_zodiaco_40.6532_15.7854,Bar Lo Zodiaco,RESTAURANT,bar_cafe,https://raw.githubusercontent.com/pasqualelembo78/huntix-poi/main/italia/basilicata/potenza/pages/bar_lo_zodiaco_40.6532_15.7854.json,custom
40.652640,15.784661,ov_bar_da_canio_malvaccaro_40.6526_15.7847,Bar Da Canio Malvaccaro,RESTAURANT,bar_cafe,https://raw.githubusercontent.com/pasqualelembo78/huntix-poi/main/italia/basilicata/potenza/pages/bar_da_canio_malvaccaro_40.6526_15.7847.json,custom
40.656214,15.800039,ov_bar_mentari_40.6562_15.8000,Bar Mentari,RESTAURANT,bar_cafe,https://raw.githubusercontent.com/pasqualelembo78/huntix-poi/main/italia/basilicata/potenza/pages/bar_mentari_40.6562_15.8000.json,custom
40.653809,15.800877,ov_bar_universo_salute_opera_don_uva_40.6538_15.8009,Bar Universo Salute opera Don Uva,RESTAURANT,bar_cafe,https://raw.githubusercontent.com/pasqualelembo78/huntix-poi/main/italia/basilicata/potenza/pages/bar_universo_salute_opera_don_uva_40.6538_15.8009.json,custom
40.652025,15.797140,ov_bar_antoine_di_rorro_leonardo_40.6520_15.7971,Bar Antoine Di Rorro Leonardo,RESTAURANT,bar_cafe,https://raw.githubusercontent.com/pasqualelembo78/huntix-poi/main/italia/basilicata/potenza/pages/bar_antoine_di_rorro_leonardo_40.6520_15.7971.json,custom
40.648926,15.829310,ov_pipistrello_pub_40.6489_15.8293,Pipistrello Pub,RESTAURANT,bar_cafe,https://raw.githubusercontent.com/pasqualelembo78/huntix-poi/main/italia/basilicata/potenza/pages/pipistrello_pub_40.6489_15.8293.json,custom
40.646396,15.810481,ov_dolce_e_salato_40.6464_15.8105,Dolce E Salato,RESTAURANT,bar_cafe,https://raw.githubusercontent.com/pasqualelembo78/huntix-poi/main/italia/basilicata/potenza/pages/dolce_e_salato_40.6464_15.8105.json,custom
40.644528,15.836223,ov_coffy_dec_40.6445_15.8362,Coffy Dec,RESTAURANT,bar_cafe,https://raw.githubusercontent.com/pasqualelembo78/huntix-poi/main/italia/basilicata/potenza/pages/coffy_dec_40.6445_15.8362.json,custom
40.646919,15.859911,ov_drink_bar_40.6469_15.8599,Drink Bar,RESTAURANT,bar_cafe,https://raw.githubusercontent.com/pasqualelembo78/huntix-poi/main/italia/basilicata/potenza/pages/drink_bar_40.6469_15.8599.json,custom
40.652425,15.869434,ov_pausa_lucana_40.6524_15.8694,Pausa Lucana,RESTAURANT,bar_cafe,https://raw.githubusercontent.com/pasqualelembo78/huntix-poi/main/italia/basilicata/potenza/pages/pausa_lucana_40.6524_15.8694.json,custom
40.643316,15.871102,ov_canterville_irish_pub_40.6433_15.8711,Canterville Irish Pub,RESTAURANT,bar_cafe,https://raw.githubusercontent.com/pasqualelembo78/huntix-poi/main/italia/basilicata/potenza/pages/canterville_irish_pub_40.6433_15.8711.json,custom
40.392581,16.519146,ov_caffetteria_cavour_40.3926_16.5191,Caffetteria Cavour,RESTAURANT,bar_cafe,https://raw.githubusercontent.com/pasqualelembo78/huntix-poi/main/italia/basilicata/potenza/pages/caffetteria_cavour_40.3926_16.5191.json,custom
40.661126,15.808494,ov_il_momento_coffee_and_beverage_40.6611_15.8085,Il momento coffee and beverage,RESTAURANT,bar_cafe,https://raw.githubusercontent.com/pasqualelembo78/huntix-poi/main/italia/basilicata/potenza/pages/il_momento_coffee_and_beverage_40.6611_15.8085.json,custom
40.657261,15.801432,ov_pour_parler_cafe_40.6573_15.8014,Pour Parler Cafe,RESTAURANT,bar_cafe,https://raw.githubusercontent.com/pasqualelembo78/huntix-poi/main/italia/basilicata/potenza/pages/pour_parler_cafe_40.6573_15.8014.json,custom
40.714317,15.785221,ov_caffetteria_new_birth_40.7143_15.7852,Caffetteria New Birth,RESTAURANT,bar_cafe,https://raw.githubusercontent.com/pasqualelembo78/huntix-poi/main/italia/basilicata/potenza/pages/caffetteria_new_birth_40.7143_15.7852.json,custom
40.731887,15.806876,ov_l_officina_del_caffe_40.7319_15.8069,L'Officina del Caffe,RESTAURANT,bar_cafe,https://raw.githubusercontent.com/pasqualelembo78/huntix-poi/main/italia/basilicata/potenza/pages/lofficina_del_caffe_40.7319_15.8069.json,custom
40.638050,15.802304,osm_gran_caff__italia_40.6380_15.8023,Gran Caffè Italia,bar_cafe,bar_cafe,https://raw.githubusercontent.com/pasqualelembo78/huntix-poi/main/italia/basilicata/potenza/pages/gran_caff_italia_40.6380_15.8023.json,custom
40.652001,15.797123,osm_bar_antoine_40.6520_15.7971,Bar Antoine,bar_cafe,bar_cafe,https://raw.githubusercontent.com/pasqualelembo78/huntix-poi/main/italia/basilicata/potenza/pages/bar_antoine_40.6520_15.7971.json,custom
40.639717,15.808290,osm_0971_lounge_bar_40.6397_15.8083,0971 Lounge Bar,bar_cafe,bar_cafe,https://raw.githubusercontent.com/pasqualelembo78/huntix-poi/main/italia/basilicata/potenza/pages/0971_lounge_bar_40.6397_15.8083.json,custom
40.642912,15.801461,osm_caff__l_attimo_40.6429_15.8015,Caffè l'Attimo,bar_cafe,bar_cafe,https://raw.githubusercontent.com/pasqualelembo78/huntix-poi/main/italia/basilicata/potenza/pages/caff_lattimo_40.6429_15.8015.json,custom
40.648647,15.793165,osm_milk___caff__40.6486_15.7932,Milk & Caffè,bar_cafe,bar_cafe,https://raw.githubusercontent.com/pasqualelembo78/huntix-poi/main/italia/basilicata/potenza/pages/milk_caff_40.6486_15.7932.json,custom
40.642949,15.802039,osm_plaza_caf__40.6429_15.8020,Plaza Cafè,bar_cafe,bar_cafe,https://raw.githubusercontent.com/pasqualelembo78/huntix-poi/main/italia/basilicata/potenza/pages/plaza_caf_40.6429_15.8020.json,custom
40.638433,15.801952,osm_goblins_40.6384_15.8020,Goblins,bar_cafe,bar_cafe,https://raw.githubusercontent.com/pasqualelembo78/huntix-poi/main/italia/basilicata/potenza/pages/goblins_40.6384_15.8020.json,custom
40.634396,15.799626,osm_peke___snack_40.6344_15.7996,Peke & Snack,bar_cafe,bar_cafe,https://raw.githubusercontent.com/pasqualelembo78/huntix-poi/main/italia/basilicata/potenza/pages/peke_snack_40.6344_15.7996.json,custom
40.641489,15.800639,osm_beer_bros_40.6415_15.8006,Beer Bros,bar_cafe,bar_cafe,https://raw.githubusercontent.com/pasqualelembo78/huntix-poi/main/italia/basilicata/potenza/pages/beer_bros_40.6415_15.8006.json,custom
40.645936,15.794415,osm_bar_bellezza_rocco_40.6459_15.7944,Bar Bellezza Rocco,bar_cafe,bar_cafe,https://raw.githubusercontent.com/pasqualelembo78/huntix-poi/main/italia/basilicata/potenza/pages/bar_bellezza_rocco_40.6459_15.7944.json,custom
40.644863,15.801757,osm_underground_40.6449_15.8018,Underground,bar_cafe,bar_cafe,https://raw.githubusercontent.com/pasqualelembo78/huntix-poi/main/italia/basilicata/potenza/pages/underground_40.6449_15.8018.json,custom
40.644709,15.797717,osm_mcd_s_r_l__40.6447_15.7977,Mcd S.r.l.,bar_cafe,bar_cafe,https://raw.githubusercontent.com/pasqualelembo78/huntix-poi/main/italia/basilicata/potenza/pages/mcd_srl_40.6447_15.7977.json,custom
40.638714,15.819585,osm_bar_nove_luci_40.6387_15.8196,Bar Nove Luci,bar_cafe,bar_cafe,https://raw.githubusercontent.com/pasqualelembo78/huntix-poi/main/italia/basilicata/potenza/pages/bar_nove_luci_40.6387_15.8196.json,custom
40.641663,15.781082,osm_bar_bamboo_40.6417_15.7811,Bar Bamboo,bar_cafe,bar_cafe,https://raw.githubusercontent.com/pasqualelembo78/huntix-poi/main/italia/basilicata/potenza/pages/bar_bamboo_40.6417_15.7811.json,custom
40.641005,15.781246,osm_gastr__food___drinks_40.6410_15.7812,Gastrò Food & Drinks,bar_cafe,bar_cafe,https://raw.githubusercontent.com/pasqualelembo78/huntix-poi/main/italia/basilicata/potenza/pages/gastr_food_drinks_40.6410_15.7812.json,custom
40.639424,15.780785,osm_chiedo_schiuma_40.6394_15.7808,Chiedo Schiuma,bar_cafe,bar_cafe,https://raw.githubusercontent.com/pasqualelembo78/huntix-poi/main/italia/basilicata/potenza/pages/chiedo_schiuma_40.6394_15.7808.json,custom
40.631451,15.790064,osm_main_street_caf__40.6315_15.7901,Main Street cafè,bar_cafe,bar_cafe,https://raw.githubusercontent.com/pasqualelembo78/huntix-poi/main/italia/basilicata/potenza/pages/main_street_caf_40.6315_15.7901.json,custom
40.642139,15.799085,osm_fondovalle_caf__40.6421_15.7991,Fondovalle Cafè,bar_cafe,bar_cafe,https://raw.githubusercontent.com/pasqualelembo78/huntix-poi/main/italia/basilicata/potenza/pages/fondovalle_caf_40.6421_15.7991.json,custom
40.637614,15.800145,osm_il_negozietto_40.6376_15.8001,il negozietto,bar_cafe,bar_cafe,https://raw.githubusercontent.com/pasqualelembo78/huntix-poi/main/italia/basilicata/potenza/pages/il_negozietto_40.6376_15.8001.json,custom
40.637765,15.802144,osm_baffo_italian_pub_40.6378_15.8021,Baffo Italian Pub,bar_cafe,bar_cafe,https://raw.githubusercontent.com/pasqualelembo78/huntix-poi/main/italia/basilicata/potenza/pages/baffo_italian_pub_40.6378_15.8021.json,custom
40.631467,15.803097,osm_brio_caf__40.6315_15.8031,Brio cafè,bar_cafe,bar_cafe,https://raw.githubusercontent.com/pasqualelembo78/huntix-poi/main/italia/basilicata/potenza/pages/brio_caf_40.6315_15.8031.json,custom
40.634997,15.807053,osm_coffee_bar_da_gerry_40.6350_15.8071,Coffee bar da Gerry,bar_cafe,bar_cafe,https://raw.githubusercontent.com/pasqualelembo78/huntix-poi/main/italia/basilicata/potenza/pages/coffee_bar_da_gerry_40.6350_15.8071.json,custom
40.634399,15.805979,osm_il_boccale_duepuntozero_40.6344_15.8060,Il boccale duepuntozero,bar_cafe,bar_cafe,https://raw.githubusercontent.com/pasqualelembo78/huntix-poi/main/italia/basilicata/potenza/pages/il_boccale_duepuntozero_40.6344_15.8060.json,custom
40.653166,15.785341,osm_lo_zodiaco_40.6532_15.7853,Lo zodiaco,bar_cafe,bar_cafe,https://raw.githubusercontent.com/pasqualelembo78/huntix-poi/main/italia/basilicata/potenza/pages/lo_zodiaco_40.6532_15.7853.json,custom
40.638030,15.802138,osm_lottino_spirits_emporio_40.6380_15.8021,Lottino Spirits Emporio,bar_cafe,bar_cafe,https://raw.githubusercontent.com/pasqualelembo78/huntix-poi/main/italia/basilicata/potenza/pages/lottino_spirits_emporio_40.6380_15.8021.json,custom
40.642960,15.773430,ov_soul_fitness___una_palestra_fuori_dal_co_40.6430_15.7734,Soul Fitness - Una palestra fuori dal comune,GYM,palestra,https://raw.githubusercontent.com/pasqualelembo78/huntix-poi/main/italia/basilicata/potenza/pages/soul_fitness_-_una_palestra_fuori_dal_co_40.6430_15.7734.json,custom
40.636721,15.775825,ov_benessere_corporeo_40.6367_15.7758,Benessere Corporeo,GYM,palestra,https://raw.githubusercontent.com/pasqualelembo78/huntix-poi/main/italia/basilicata/potenza/pages/benessere_corporeo_40.6367_15.7758.json,custom
40.615851,15.790819,ov_a_s_d_disco_dance_40.6159_15.7908,A.S.D disco dance,GYM,palestra,https://raw.githubusercontent.com/pasqualelembo78/huntix-poi/main/italia/basilicata/potenza/pages/asd_disco_dance_40.6159_15.7908.json,custom
40.631254,15.811893,ov_associazione_forma_mentis_40.6313_15.8119,Associazione Forma Mentis,GYM,palestra,https://raw.githubusercontent.com/pasqualelembo78/huntix-poi/main/italia/basilicata/potenza/pages/associazione_forma_mentis_40.6313_15.8119.json,custom
40.626028,15.811417,ov_rossellino_sporting_40.6260_15.8114,Rossellino Sporting,GYM,palestra,https://raw.githubusercontent.com/pasqualelembo78/huntix-poi/main/italia/basilicata/potenza/pages/rossellino_sporting_40.6260_15.8114.json,custom
40.622312,15.797181,ov_ideal_pilates_40.6223_15.7972,Ideal Pilates,GYM,palestra,https://raw.githubusercontent.com/pasqualelembo78/huntix-poi/main/italia/basilicata/potenza/pages/ideal_pilates_40.6223_15.7972.json,custom
40.621904,15.799095,ov_a_s_d_korea_taekwondo_potenza___team_mas_40.6219_15.7991,A S D Korea Taekwondo Potenza   Team Massimo Fabrizio,GYM,palestra,https://raw.githubusercontent.com/pasqualelembo78/huntix-poi/main/italia/basilicata/potenza/pages/a_s_d_korea_taekwondo_potenza_team_massi_40.6219_15.7991.json,custom
40.621960,15.795080,ov_potenza_back_school_40.6220_15.7951,Potenza Back School,GYM,palestra,https://raw.githubusercontent.com/pasqualelembo78/huntix-poi/main/italia/basilicata/potenza/pages/potenza_back_school_40.6220_15.7951.json,custom
40.623551,15.791503,ov_feel_the_burn_potenza_40.6236_15.7915,Feel The Burn Potenza,GYM,palestra,https://raw.githubusercontent.com/pasqualelembo78/huntix-poi/main/italia/basilicata/potenza/pages/feel_the_burn_potenza_40.6236_15.7915.json,custom
40.622955,15.788187,ov_salsapower_40.6230_15.7882,Salsapower,GYM,palestra,https://raw.githubusercontent.com/pasqualelembo78/huntix-poi/main/italia/basilicata/potenza/pages/salsapower_40.6230_15.7882.json,custom
40.631239,15.792719,ov_bull_box_40.6312_15.7927,Bull Box,GYM,palestra,https://raw.githubusercontent.com/pasqualelembo78/huntix-poi/main/italia/basilicata/potenza/pages/bull_box_40.6312_15.7927.json,custom
40.630968,15.793360,ov_gym_tonic_club_40.6310_15.7934,Gym Tonic Club,GYM,palestra,https://raw.githubusercontent.com/pasqualelembo78/huntix-poi/main/italia/basilicata/potenza/pages/gym_tonic_club_40.6310_15.7934.json,custom
40.636020,15.785250,ov_revolution_gym_40.6360_15.7852,Revolution Gym,GYM,palestra,https://raw.githubusercontent.com/pasqualelembo78/huntix-poi/main/italia/basilicata/potenza/pages/revolution_gym_40.6360_15.7852.json,custom
40.635846,15.799603,ov_associazione_culturale_danza_maeva_40.6358_15.7996,Associazione Culturale Danza Maeva,GYM,palestra,https://raw.githubusercontent.com/pasqualelembo78/huntix-poi/main/italia/basilicata/potenza/pages/associazione_culturale_danza_maeva_40.6358_15.7996.json,custom
40.637850,15.803500,ov_enalcaccia_enalpesca_onlus_potenza_40.6379_15.8035,Enalcaccia Enalpesca ONLUS Potenza,GYM,palestra,https://raw.githubusercontent.com/pasqualelembo78/huntix-poi/main/italia/basilicata/potenza/pages/enalcaccia_enalpesca_onlus_potenza_40.6379_15.8035.json,custom
40.637561,15.805150,ov_fabrica_health_club_40.6376_15.8051,Fabrica Health Club,GYM,palestra,https://raw.githubusercontent.com/pasqualelembo78/huntix-poi/main/italia/basilicata/potenza/pages/fabrica_health_club_40.6376_15.8051.json,custom
40.631763,15.803240,ov_moving_planet_a__s__40.6318_15.8032,Moving Planet A. S.,GYM,palestra,https://raw.githubusercontent.com/pasqualelembo78/huntix-poi/main/italia/basilicata/potenza/pages/moving_planet_a_s_40.6318_15.8032.json,custom
40.632176,15.812317,ov_neapolis_40.6322_15.8123,NeaPolis,GYM,palestra,https://raw.githubusercontent.com/pasqualelembo78/huntix-poi/main/italia/basilicata/potenza/pages/neapolis_40.6322_15.8123.json,custom
40.633220,15.813821,ov_a__s__d__swing_club_40.6332_15.8138,A. S. D. Swing Club,GYM,palestra,https://raw.githubusercontent.com/pasqualelembo78/huntix-poi/main/italia/basilicata/potenza/pages/a_s_d_swing_club_40.6332_15.8138.json,custom
40.636287,15.822458,ov_tula_yoga_40.6363_15.8225,Tula Yoga,GYM,palestra,https://raw.githubusercontent.com/pasqualelembo78/huntix-poi/main/italia/basilicata/potenza/pages/tula_yoga_40.6363_15.8225.json,custom
40.637888,15.815901,ov_complesso_sportivo_emilio_caizzo_40.6379_15.8159,Complesso Sportivo Emilio Caizzo,GYM,palestra,https://raw.githubusercontent.com/pasqualelembo78/huntix-poi/main/italia/basilicata/potenza/pages/complesso_sportivo_emilio_caizzo_40.6379_15.8159.json,custom
40.644084,15.811692,ov_emozione_danza_a_s_d__40.6441_15.8117,Emozione Danza a.s.d.,GYM,palestra,https://raw.githubusercontent.com/pasqualelembo78/huntix-poi/main/italia/basilicata/potenza/pages/emozione_danza_asd_40.6441_15.8117.json,custom
40.643175,15.799887,ov_centro_sportivo_rocco_mazzola_40.6432_15.7999,Centro Sportivo Rocco Mazzola,GYM,palestra,https://raw.githubusercontent.com/pasqualelembo78/huntix-poi/main/italia/basilicata/potenza/pages/centro_sportivo_rocco_mazzola_40.6432_15.7999.json,custom
40.642377,15.801041,ov_petits_pas_potenza___scuola_di_danza_cla_40.6424_15.8010,Petits Pas Potenza - Scuola di danza classica,GYM,palestra,https://raw.githubusercontent.com/pasqualelembo78/huntix-poi/main/italia/basilicata/potenza/pages/petits_pas_potenza_-_scuola_di_danza_cla_40.6424_15.8010.json,custom
40.642203,15.795182,ov_palestra_vito_lepore_40.6422_15.7952,Palestra Vito Lepore,GYM,palestra,https://raw.githubusercontent.com/pasqualelembo78/huntix-poi/main/italia/basilicata/potenza/pages/palestra_vito_lepore_40.6422_15.7952.json,custom
40.642400,15.801610,ov_giu_ne_gia_ginnastica_potenza_40.6424_15.8016,Giu.Ne.Gia ginnastica Potenza,GYM,palestra,https://raw.githubusercontent.com/pasqualelembo78/huntix-poi/main/italia/basilicata/potenza/pages/giunegia_ginnastica_potenza_40.6424_15.8016.json,custom
40.639462,15.803635,ov_palestra_bodi_40.6395_15.8036,Palestra BODI,GYM,palestra,https://raw.githubusercontent.com/pasqualelembo78/huntix-poi/main/italia/basilicata/potenza/pages/palestra_bodi_40.6395_15.8036.json,custom
40.642791,15.790536,ov_campo_scuola_macchia_romana_40.6428_15.7905,Campo Scuola Macchia Romana,GYM,palestra,https://raw.githubusercontent.com/pasqualelembo78/huntix-poi/main/italia/basilicata/potenza/pages/campo_scuola_macchia_romana_40.6428_15.7905.json,custom
40.645344,15.796655,ov_narciso_40.6453_15.7967,Narciso,GYM,palestra,https://raw.githubusercontent.com/pasqualelembo78/huntix-poi/main/italia/basilicata/potenza/pages/narciso_40.6453_15.7967.json,custom
40.647184,15.801627,ov_centro_labofit___vito_genovese_p_t__40.6472_15.8016,Centro LaboFit - Vito Genovese P.T.,GYM,palestra,https://raw.githubusercontent.com/pasqualelembo78/huntix-poi/main/italia/basilicata/potenza/pages/centro_labofit_-_vito_genovese_pt_40.6472_15.8016.json,custom
40.649078,15.799026,ov_barbell_club_potenza_40.6491_15.7990,Barbell Club Potenza,GYM,palestra,https://raw.githubusercontent.com/pasqualelembo78/huntix-poi/main/italia/basilicata/potenza/pages/barbell_club_potenza_40.6491_15.7990.json,custom
40.649802,15.800156,ov_spazio_fondue_40.6498_15.8002,Spazio Fondue,GYM,palestra,https://raw.githubusercontent.com/pasqualelembo78/huntix-poi/main/italia/basilicata/potenza/pages/spazio_fondue_40.6498_15.8002.json,custom
40.649313,15.800627,ov_prince_fitness_center_40.6493_15.8006,Prince Fitness Center,GYM,palestra,https://raw.githubusercontent.com/pasqualelembo78/huntix-poi/main/italia/basilicata/potenza/pages/prince_fitness_center_40.6493_15.8006.json,custom
40.650137,15.789931,ov_shanti_sai_40.6501_15.7899,Shanti Sai,GYM,palestra,https://raw.githubusercontent.com/pasqualelembo78/huntix-poi/main/italia/basilicata/potenza/pages/shanti_sai_40.6501_15.7899.json,custom
40.654190,15.798048,ov_centro_olimpo_di_sangiacomo_mattia_40.6542_15.7980,Centro Olimpo di Sangiacomo Mattia,GYM,palestra,https://raw.githubusercontent.com/pasqualelembo78/huntix-poi/main/italia/basilicata/potenza/pages/centro_olimpo_di_sangiacomo_mattia_40.6542_15.7980.json,custom
40.654780,15.797280,ov_mivida_centro_danza_40.6548_15.7973,Mivida Centro Danza,GYM,palestra,https://raw.githubusercontent.com/pasqualelembo78/huntix-poi/main/italia/basilicata/potenza/pages/mivida_centro_danza_40.6548_15.7973.json,custom
40.657073,15.800759,ov_glamm_del_caribe_40.6571_15.8008,Glamm del caribe,GYM,palestra,https://raw.githubusercontent.com/pasqualelembo78/huntix-poi/main/italia/basilicata/potenza/pages/glamm_del_caribe_40.6571_15.8008.json,custom
40.657078,15.800750,ov_centro_studio_danza_loncar_40.6571_15.8008,Centro Studio Danza Loncar,GYM,palestra,https://raw.githubusercontent.com/pasqualelembo78/huntix-poi/main/italia/basilicata/potenza/pages/centro_studio_danza_loncar_40.6571_15.8008.json,custom
40.655832,15.800598,ov_fitactive_potenza_40.6558_15.8006,FitActive Potenza,GYM,palestra,https://raw.githubusercontent.com/pasqualelembo78/huntix-poi/main/italia/basilicata/potenza/pages/fitactive_potenza_40.6558_15.8006.json,custom
40.653197,15.797508,ov_asd_il_cigno_danza_40.6532_15.7975,ASD Il Cigno Danza,GYM,palestra,https://raw.githubusercontent.com/pasqualelembo78/huntix-poi/main/italia/basilicata/potenza/pages/asd_il_cigno_danza_40.6532_15.7975.json,custom
40.653857,15.798112,ov_studio_pilates_and_wellness_experience_40.6539_15.7981,Studio Pilates and Wellness Experience,GYM,palestra,https://raw.githubusercontent.com/pasqualelembo78/huntix-poi/main/italia/basilicata/potenza/pages/studio_pilates_and_wellness_experience_40.6539_15.7981.json,custom
40.651760,15.797040,ov_danza_giselle_potenza_40.6518_15.7970,Danza Giselle Potenza,GYM,palestra,https://raw.githubusercontent.com/pasqualelembo78/huntix-poi/main/italia/basilicata/potenza/pages/danza_giselle_potenza_40.6518_15.7970.json,custom
40.651516,15.797809,ov_physicore___studio_e_boutique_gym___pila_40.6515_15.7978,Physicore | Studio e Boutique Gym | Pilates | Yoga | Allenam,GYM,palestra,https://raw.githubusercontent.com/pasqualelembo78/huntix-poi/main/italia/basilicata/potenza/pages/physicore_studio_e_boutique_gym_pilates__40.6515_15.7978.json,custom
40.643820,15.853260,ov_lostudiouno_pilates_40.6438_15.8533,Lostudiouno pilates,GYM,palestra,https://raw.githubusercontent.com/pasqualelembo78/huntix-poi/main/italia/basilicata/potenza/pages/lostudiouno_pilates_40.6438_15.8533.json,custom
40.507083,15.765131,ov_pierfaone_bikepark_40.5071_15.7651,Pierfaone BikePark,GYM,palestra,https://raw.githubusercontent.com/pasqualelembo78/huntix-poi/main/italia/basilicata/potenza/pages/pierfaone_bikepark_40.5071_15.7651.json,custom
40.658790,15.806000,ov_cocco___drilly_baby_parking_potenza_40.6588_15.8060,Cocco & Drilly Baby Parking Potenza,GYM,palestra,https://raw.githubusercontent.com/pasqualelembo78/huntix-poi/main/italia/basilicata/potenza/pages/cocco_drilly_baby_parking_potenza_40.6588_15.8060.json,custom
40.723888,15.807045,ov_country_yoga_club_40.7239_15.8070,Country Yoga Club,GYM,palestra,https://raw.githubusercontent.com/pasqualelembo78/huntix-poi/main/italia/basilicata/potenza/pages/country_yoga_club_40.7239_15.8070.json,custom
40.640252,15.809738,ov_antico_castello_guevara_40.6403_15.8097,Antico Castello Guevara,MONUMENT,monumento,https://raw.githubusercontent.com/pasqualelembo78/huntix-poi/main/italia/basilicata/potenza/pages/antico_castello_guevara_40.6403_15.8097.json,custom
40.639882,15.806045,ov_museo_archeologico_nazionale_della_basil_40.6399_15.8060,Museo Archeologico Nazionale della Basilicata,MUSEUM,monumento,https://raw.githubusercontent.com/pasqualelembo78/huntix-poi/main/italia/basilicata/potenza/pages/museo_archeologico_nazionale_della_basil_40.6399_15.8060.json,custom
40.640041,15.778924,ov_marsupio_40.6400_15.7789,Marsupio,MUSEUM,monumento,https://raw.githubusercontent.com/pasqualelembo78/huntix-poi/main/italia/basilicata/potenza/pages/marsupio_40.6400_15.7789.json,custom
40.644320,15.786760,ov_archeoworking_40.6443_15.7868,Archeoworking,MUSEUM,monumento,https://raw.githubusercontent.com/pasqualelembo78/huntix-poi/main/italia/basilicata/potenza/pages/archeoworking_40.6443_15.7868.json,custom
40.647521,15.802353,ov_museo_archeologico_provinciale_di_potenz_40.6475_15.8024,Museo Archeologico Provinciale di Potenza,MUSEUM,monumento,https://raw.githubusercontent.com/pasqualelembo78/huntix-poi/main/italia/basilicata/potenza/pages/museo_archeologico_provinciale_di_potenz_40.6475_15.8024.json,custom
40.636389,15.840995,ov_moon_museo_officina_oggetti_narranti_40.6364_15.8410,Moon Museo Officina Oggetti Narranti,MUSEUM,monumento,https://raw.githubusercontent.com/pasqualelembo78/huntix-poi/main/italia/basilicata/potenza/pages/moon_museo_officina_oggetti_narranti_40.6364_15.8410.json,custom
40.637240,15.799300,ov_corte_di_appello_potenza_40.6372_15.7993,Corte di Appello Potenza,GOVERNMENT,ufficio_pubblico,https://raw.githubusercontent.com/pasqualelembo78/huntix-poi/main/italia/basilicata/potenza/pages/corte_di_appello_potenza_40.6372_15.7993.json,custom
40.633450,15.805937,ov_palazzo_di_giustizia_40.6334_15.8059,Palazzo di Giustizia,GOVERNMENT,ufficio_pubblico,https://raw.githubusercontent.com/pasqualelembo78/huntix-poi/main/italia/basilicata/potenza/pages/palazzo_di_giustizia_40.6334_15.8059.json,custom
40.633787,15.805982,ov_corte_d_appello_di_potenza_40.6338_15.8060,Corte d'Appello di Potenza,GOVERNMENT,ufficio_pubblico,https://raw.githubusercontent.com/pasqualelembo78/huntix-poi/main/italia/basilicata/potenza/pages/corte_dappello_di_potenza_40.6338_15.8060.json,custom
40.633704,15.805913,ov_tribunale_di_potenza_40.6337_15.8059,Tribunale di Potenza,GOVERNMENT,ufficio_pubblico,https://raw.githubusercontent.com/pasqualelembo78/huntix-poi/main/italia/basilicata/potenza/pages/tribunale_di_potenza_40.6337_15.8059.json,custom
40.642899,15.824792,ov_tribunale_dei_minori_di_potenza_40.6429_15.8248,Tribunale dei Minori di Potenza,GOVERNMENT,ufficio_pubblico,https://raw.githubusercontent.com/pasqualelembo78/huntix-poi/main/italia/basilicata/potenza/pages/tribunale_dei_minori_di_potenza_40.6429_15.8248.json,custom
40.638468,15.801440,ov_t_a_r__basilicata_40.6385_15.8014,T.a.r. Basilicata,GOVERNMENT,ufficio_pubblico,https://raw.githubusercontent.com/pasqualelembo78/huntix-poi/main/italia/basilicata/potenza/pages/tar_basilicata_40.6385_15.8014.json,custom
40.650572,15.793756,osm_poste_via_messina_40.6506_15.7938,Poste via Messina,ufficio_postale,ufficio_postale,https://raw.githubusercontent.com/pasqualelembo78/huntix-poi/main/italia/basilicata/potenza/pages/poste_via_messina_40.6506_15.7938.json,custom
40.629166,15.805358,osm_ufficio_postale_v_le_marconi_40.6292_15.8054,Ufficio postale v.le Marconi,ufficio_postale,ufficio_postale,https://raw.githubusercontent.com/pasqualelembo78/huntix-poi/main/italia/basilicata/potenza/pages/ufficio_postale_vle_marconi_40.6292_15.8054.json,custom
40.647391,15.802693,osm_poste_italiane___ufficio_postale_40.6474_15.8027,Poste Italiane - Ufficio Postale,ufficio_postale,ufficio_postale,https://raw.githubusercontent.com/pasqualelembo78/huntix-poi/main/italia/basilicata/potenza/pages/poste_italiane_-_ufficio_postale_40.6474_15.8027.json,custom
40.631257,15.801891,osm_poste_italiane_40.6313_15.8019,Poste italiane,ufficio_postale,ufficio_postale,https://raw.githubusercontent.com/pasqualelembo78/huntix-poi/main/italia/basilicata/potenza/pages/poste_italiane_40.6313_15.8019.json,custom
40.639231,15.785671,osm_poste_italiane_spa_40.6392_15.7857,Poste Italiane SPA,ufficio_postale,ufficio_postale,https://raw.githubusercontent.com/pasqualelembo78/huntix-poi/main/italia/basilicata/potenza/pages/poste_italiane_spa_40.6392_15.7857.json,custom
40.648032,15.797081,osm_quiposte_40.6480_15.7971,QuiPoste,ufficio_postale,ufficio_postale,https://raw.githubusercontent.com/pasqualelembo78/huntix-poi/main/italia/basilicata/potenza/pages/quiposte_40.6480_15.7971.json,custom
40.639652,15.807234,osm_ufficio_postale_potenza_citt__40.6397_15.8072,Ufficio Postale Potenza Città,ufficio_postale,ufficio_postale,https://raw.githubusercontent.com/pasqualelembo78/huntix-poi/main/italia/basilicata/potenza/pages/ufficio_postale_potenza_citt_40.6397_15.8072.json,custom
40.634270,15.786724,ov_biblioteca_nazionale_di_potenza_40.6343_15.7867,Biblioteca Nazionale di Potenza,LIBRARY,biblioteca,https://raw.githubusercontent.com/pasqualelembo78/huntix-poi/main/italia/basilicata/potenza/pages/biblioteca_nazionale_di_potenza_40.6343_15.7867.json,custom
40.636720,15.800500,ov_la_biblioteca_di_tutti_40.6367_15.8005,La biblioteca di tutti,LIBRARY,biblioteca,https://raw.githubusercontent.com/pasqualelembo78/huntix-poi/main/italia/basilicata/potenza/pages/la_biblioteca_di_tutti_40.6367_15.8005.json,custom
40.650295,15.800590,ov_biblioteca_nazionale_di_potenza_40.6503_15.8006,Biblioteca Nazionale di Potenza,LIBRARY,biblioteca,https://raw.githubusercontent.com/pasqualelembo78/huntix-poi/main/italia/basilicata/potenza/pages/biblioteca_nazionale_di_potenza_40.6503_15.8006.json,custom
40.650272,15.800965,ov_polo_bibliotecario_di_potenza_40.6503_15.8010,Polo Bibliotecario di Potenza,LIBRARY,biblioteca,https://raw.githubusercontent.com/pasqualelembo78/huntix-poi/main/italia/basilicata/potenza/pages/polo_bibliotecario_di_potenza_40.6503_15.8010.json,custom
40.651465,15.797506,ov_biblioteca_maurizio_leggeri_40.6515_15.7975,Biblioteca Maurizio Leggeri,LIBRARY,biblioteca,https://raw.githubusercontent.com/pasqualelembo78/huntix-poi/main/italia/basilicata/potenza/pages/biblioteca_maurizio_leggeri_40.6515_15.7975.json,custom
40.647840,15.811004,ov_biblioteca_centrale_di_ateneo_unibas_40.6478_15.8110,Biblioteca Centrale di Ateneo Unibas,LIBRARY,biblioteca,https://raw.githubusercontent.com/pasqualelembo78/huntix-poi/main/italia/basilicata/potenza/pages/biblioteca_centrale_di_ateneo_unibas_40.6478_15.8110.json,custom
