# lat,lng,id,name,building_type,type,url,page_type
# Venezia -- Tutti
45.354438,12.327275,ov_ospedale_san_camillo__alberonj_45.3544_12.3273,"Ospedale San Camillo, Alberonj",HOSPITAL,hospital,https://raw.githubusercontent.com/pasqualelembo78/huntix-poi/main/italia/emilia-romagna/venezia/pages/ospedale_san_camillo_alberonj_45.3544_12.3273.json,custom
45.354380,12.326691,ov_istituto_di_cura_s_camillo_45.3544_12.3267,Istituto di Cura S.camillo,HOSPITAL,hospital,https://raw.githubusercontent.com/pasqualelembo78/huntix-poi/main/italia/emilia-romagna/venezia/pages/istituto_di_cura_scamillo_45.3544_12.3267.json,custom
45.354423,12.326742,ov_stella_maris_45.3544_12.3267,Stella Maris,HOSPITAL,hospital,https://raw.githubusercontent.com/pasqualelembo78/huntix-poi/main/italia/emilia-romagna/venezia/pages/stella_maris_45.3544_12.3267.json,custom
45.406200,12.359497,ov_lazzaretto_vecchio_45.4062_12.3595,Lazzaretto Vecchio,HOSPITAL,hospital,https://raw.githubusercontent.com/pasqualelembo78/huntix-poi/main/italia/emilia-romagna/venezia/pages/lazzaretto_vecchio_45.4062_12.3595.json,custom
45.416750,12.368470,ov_laboratorio_analisi_centro_tomasini_onga_45.4168_12.3685,Laboratorio analisi Centro Tomasini Ongaro,HOSPITAL,hospital,https://raw.githubusercontent.com/pasqualelembo78/huntix-poi/main/italia/emilia-romagna/venezia/pages/laboratorio_analisi_centro_tomasini_onga_45.4168_12.3685.json,custom
45.439089,12.341423,ov_farmacia_storica_dell_ospedale_civile_di_45.4391_12.3414,Farmacia Storica Dell'ospedale Civile di Venezia,HOSPITAL,hospital,https://raw.githubusercontent.com/pasqualelembo78/huntix-poi/main/italia/emilia-romagna/venezia/pages/farmacia_storica_dellospedale_civile_di__45.4391_12.3414.json,custom
45.436411,12.339164,ov_ospitalit__istituto_san_giuseppe_venezia_45.4364_12.3392,Ospitalità Istituto San Giuseppe Venezia,HOSPITAL,hospital,https://raw.githubusercontent.com/pasqualelembo78/huntix-poi/main/italia/emilia-romagna/venezia/pages/ospitalit_istituto_san_giuseppe_venezia_45.4364_12.3392.json,custom
45.440941,12.343695,ov_ospedale_ss__giovanni_e_paolo_45.4409_12.3437,Ospedale SS. Giovanni e Paolo,HOSPITAL,hospital,https://raw.githubusercontent.com/pasqualelembo78/huntix-poi/main/italia/emilia-romagna/venezia/pages/ospedale_ss_giovanni_e_paolo_45.4409_12.3437.json,custom
45.440716,12.343719,ov_pronto_soccorso_ospedale_di_venezia_45.4407_12.3437,Pronto soccorso Ospedale di Venezia,HOSPITAL,hospital,https://raw.githubusercontent.com/pasqualelembo78/huntix-poi/main/italia/emilia-romagna/venezia/pages/pronto_soccorso_ospedale_di_venezia_45.4407_12.3437.json,custom
45.440660,12.344261,ov_hospital_the_only_one_in_venice_45.4407_12.3443,Hospital the Only One in Venice,HOSPITAL,hospital,https://raw.githubusercontent.com/pasqualelembo78/huntix-poi/main/italia/emilia-romagna/venezia/pages/hospital_the_only_one_in_venice_45.4407_12.3443.json,custom
45.440679,12.344492,ov_imbarcadero_actv_ospedale_45.4407_12.3445,Imbarcadero ACTV Ospedale,HOSPITAL,hospital,https://raw.githubusercontent.com/pasqualelembo78/huntix-poi/main/italia/emilia-romagna/venezia/pages/imbarcadero_actv_ospedale_45.4407_12.3445.json,custom
45.440352,12.344956,ov_padiglione_jona_45.4404_12.3450,Padiglione Jona,HOSPITAL,hospital,https://raw.githubusercontent.com/pasqualelembo78/huntix-poi/main/italia/emilia-romagna/venezia/pages/padiglione_jona_45.4404_12.3450.json,custom
45.447254,12.330698,ov_ospedale_fatebenefratelli_45.4473_12.3307,Ospedale Fatebenefratelli,HOSPITAL,hospital,https://raw.githubusercontent.com/pasqualelembo78/huntix-poi/main/italia/emilia-romagna/venezia/pages/ospedale_fatebenefratelli_45.4473_12.3307.json,custom
45.448380,12.328400,ov_poliambulatorio_specialistico_sant_alvis_45.4484_12.3284,Poliambulatorio Specialistico Sant'Alvise,HOSPITAL,hospital,https://raw.githubusercontent.com/pasqualelembo78/huntix-poi/main/italia/emilia-romagna/venezia/pages/poliambulatorio_specialistico_santalvise_45.4484_12.3284.json,custom
45.431629,12.323106,ov_ospedale_giustinian_45.4316_12.3231,Ospedale Giustinian,HOSPITAL,hospital,https://raw.githubusercontent.com/pasqualelembo78/huntix-poi/main/italia/emilia-romagna/venezia/pages/ospedale_giustinian_45.4316_12.3231.json,custom
45.493049,12.248498,ov_casa_di_cura_privata_policlinico_san_mar_45.4930_12.2485,Casa di Cura Privata Policlinico San Marco,HOSPITAL,hospital,https://raw.githubusercontent.com/pasqualelembo78/huntix-poi/main/italia/emilia-romagna/venezia/pages/casa_di_cura_privata_policlinico_san_mar_45.4930_12.2485.json,custom
45.494280,12.245010,ov_centro_dna_45.4943_12.2450,Centro Dna,HOSPITAL,hospital,https://raw.githubusercontent.com/pasqualelembo78/huntix-poi/main/italia/emilia-romagna/venezia/pages/centro_dna_45.4943_12.2450.json,custom
45.490302,12.245735,ov_omceo_venezia___ordine_provinciale_medic_45.4903_12.2457,OMCeO Venezia - Ordine Provinciale Medici Chirurghi ed Odont,HOSPITAL,hospital,https://raw.githubusercontent.com/pasqualelembo78/huntix-poi/main/italia/emilia-romagna/venezia/pages/omceo_venezia_-_ordine_provinciale_medic_45.4903_12.2457.json,custom
45.484117,12.236737,ov_ulss_12_veneziana___uffici_via_capuccina_45.4841_12.2367,ULSS 12 Veneziana - uffici via Capuccina,HOSPITAL,hospital,https://raw.githubusercontent.com/pasqualelembo78/huntix-poi/main/italia/emilia-romagna/venezia/pages/ulss_12_veneziana_-_uffici_via_capuccina_45.4841_12.2367.json,custom
45.483727,12.228576,ov_rfi_unit__sanitaria_45.4837_12.2286,RFi Unità Sanitaria,HOSPITAL,hospital,https://raw.githubusercontent.com/pasqualelembo78/huntix-poi/main/italia/emilia-romagna/venezia/pages/rfi_unit_sanitaria_45.4837_12.2286.json,custom
45.471113,12.225532,ov_u_l_s_s__12_veneziana_poliambulatori_mar_45.4711_12.2255,U.L.S.S. 12 Veneziana Poliambulatori Marghera,HOSPITAL,hospital,https://raw.githubusercontent.com/pasqualelembo78/huntix-poi/main/italia/emilia-romagna/venezia/pages/ulss_12_veneziana_poliambulatori_margher_45.4711_12.2255.json,custom
45.327584,11.815688,ov_america_graffiti_45.3276_11.8157,America Graffiti,RESTAURANT,ristorante,https://raw.githubusercontent.com/pasqualelembo78/huntix-poi/main/italia/emilia-romagna/venezia/pages/america_graffiti_45.3276_11.8157.json,custom
45.312353,12.312701,ov_ristorante_da_memo_45.3124_12.3127,Ristorante Da Memo,RESTAURANT,ristorante,https://raw.githubusercontent.com/pasqualelembo78/huntix-poi/main/italia/emilia-romagna/venezia/pages/ristorante_da_memo_45.3124_12.3127.json,custom
45.316648,12.314520,ov_da_nane_san_piero_in_volta_45.3166_12.3145,Da Nane San Piero In Volta,RESTAURANT,ristorante,https://raw.githubusercontent.com/pasqualelembo78/huntix-poi/main/italia/emilia-romagna/venezia/pages/da_nane_san_piero_in_volta_45.3166_12.3145.json,custom
45.332931,12.317102,ov_pallestina_45.3329_12.3171,Pallestina,RESTAURANT,ristorante,https://raw.githubusercontent.com/pasqualelembo78/huntix-poi/main/italia/emilia-romagna/venezia/pages/pallestina_45.3329_12.3171.json,custom
45.332868,12.322597,ov_agriturismo_le_valli_45.3329_12.3226,Agriturismo Le Valli,RESTAURANT,ristorante,https://raw.githubusercontent.com/pasqualelembo78/huntix-poi/main/italia/emilia-romagna/venezia/pages/agriturismo_le_valli_45.3329_12.3226.json,custom
45.337998,12.328610,ov_macondo_alberoni_45.3380_12.3286,Macondo Alberoni,RESTAURANT,ristorante,https://raw.githubusercontent.com/pasqualelembo78/huntix-poi/main/italia/emilia-romagna/venezia/pages/macondo_alberoni_45.3380_12.3286.json,custom
45.346540,12.315890,ov_ristorante_club_house___lido_di_venezia_45.3465_12.3159,Ristorante Club House - Lido di Venezia,RESTAURANT,ristorante,https://raw.githubusercontent.com/pasqualelembo78/huntix-poi/main/italia/emilia-romagna/venezia/pages/ristorante_club_house_-_lido_di_venezia_45.3465_12.3159.json,custom
45.345127,12.317281,ov_ristorante_del_golf_45.3451_12.3173,Ristorante del Golf,RESTAURANT,ristorante,https://raw.githubusercontent.com/pasqualelembo78/huntix-poi/main/italia/emilia-romagna/venezia/pages/ristorante_del_golf_45.3451_12.3173.json,custom
45.348279,12.319975,ov_ristorante_al_bucaniere_45.3483_12.3200,Ristorante Al Bucaniere,RESTAURANT,ristorante,https://raw.githubusercontent.com/pasqualelembo78/huntix-poi/main/italia/emilia-romagna/venezia/pages/ristorante_al_bucaniere_45.3483_12.3200.json,custom
45.348266,12.320058,ov_controcorrente_45.3483_12.3201,Controcorrente,RESTAURANT,ristorante,https://raw.githubusercontent.com/pasqualelembo78/huntix-poi/main/italia/emilia-romagna/venezia/pages/controcorrente_45.3483_12.3201.json,custom
45.349134,12.319311,ov_trattoria_scarpa_45.3491_12.3193,Trattoria SCARPA,RESTAURANT,ristorante,https://raw.githubusercontent.com/pasqualelembo78/huntix-poi/main/italia/emilia-romagna/venezia/pages/trattoria_scarpa_45.3491_12.3193.json,custom
45.372465,12.339484,ov_trattoria_al_ponte_di_borgo_45.3725_12.3395,Trattoria Al Ponte di Borgo,RESTAURANT,ristorante,https://raw.githubusercontent.com/pasqualelembo78/huntix-poi/main/italia/emilia-romagna/venezia/pages/trattoria_al_ponte_di_borgo_45.3725_12.3395.json,custom
45.372608,12.339529,ov_trattoria_da_mauretto_malamocco_45.3726_12.3395,Trattoria Da Mauretto Malamocco,RESTAURANT,ristorante,https://raw.githubusercontent.com/pasqualelembo78/huntix-poi/main/italia/emilia-romagna/venezia/pages/trattoria_da_mauretto_malamocco_45.3726_12.3395.json,custom
45.372430,12.339306,ov_ostaria_da_richi_ciccin_45.3724_12.3393,Ostaria da Richi Ciccin,RESTAURANT,ristorante,https://raw.githubusercontent.com/pasqualelembo78/huntix-poi/main/italia/emilia-romagna/venezia/pages/ostaria_da_richi_ciccin_45.3724_12.3393.json,custom
45.371801,12.338097,ov_pizzeria_al_sotoportego_45.3718_12.3381,Pizzeria AL Sotoportego,RESTAURANT,ristorante,https://raw.githubusercontent.com/pasqualelembo78/huntix-poi/main/italia/emilia-romagna/venezia/pages/pizzeria_al_sotoportego_45.3718_12.3381.json,custom
45.371779,12.337873,ov_malamocco_antico_borgo_45.3718_12.3379,Malamocco Antico Borgo,RESTAURANT,ristorante,https://raw.githubusercontent.com/pasqualelembo78/huntix-poi/main/italia/emilia-romagna/venezia/pages/malamocco_antico_borgo_45.3718_12.3379.json,custom
45.372174,12.337467,ov_trattoria_da_scarso_45.3722_12.3375,Trattoria da Scarso,RESTAURANT,ristorante,https://raw.githubusercontent.com/pasqualelembo78/huntix-poi/main/italia/emilia-romagna/venezia/pages/trattoria_da_scarso_45.3722_12.3375.json,custom
45.378119,12.344129,ov_bar_ristorante_ca_del_moro_45.3781_12.3441,Bar Ristorante Ca Del Moro,RESTAURANT,ristorante,https://raw.githubusercontent.com/pasqualelembo78/huntix-poi/main/italia/emilia-romagna/venezia/pages/bar_ristorante_ca_del_moro_45.3781_12.3441.json,custom
45.271044,12.299971,ov_da_celeste_45.2710_12.3000,da Celeste,RESTAURANT,ristorante,https://raw.githubusercontent.com/pasqualelembo78/huntix-poi/main/italia/emilia-romagna/venezia/pages/da_celeste_45.2710_12.3000.json,custom
45.273827,12.300925,ov_ostaria_la_rosa_45.2738_12.3009,Ostaria La Rosa,RESTAURANT,ristorante,https://raw.githubusercontent.com/pasqualelembo78/huntix-poi/main/italia/emilia-romagna/venezia/pages/ostaria_la_rosa_45.2738_12.3009.json,custom
45.265666,12.300231,ov_ristorante_bar_antico_pontello_45.2657_12.3002,Ristorante Bar Antico Pontello,RESTAURANT,ristorante,https://raw.githubusercontent.com/pasqualelembo78/huntix-poi/main/italia/emilia-romagna/venezia/pages/ristorante_bar_antico_pontello_45.2657_12.3002.json,custom
45.264650,12.301080,ov_le_valli_agriturismo_ittiturismo_45.2647_12.3011,Le Valli Agriturismo Ittiturismo,RESTAURANT,ristorante,https://raw.githubusercontent.com/pasqualelembo78/huntix-poi/main/italia/emilia-romagna/venezia/pages/le_valli_agriturismo_ittiturismo_45.2647_12.3011.json,custom
45.266761,12.300425,ov_osteria_il_campiello_45.2668_12.3004,Osteria il Campiello,RESTAURANT,ristorante,https://raw.githubusercontent.com/pasqualelembo78/huntix-poi/main/italia/emilia-romagna/venezia/pages/osteria_il_campiello_45.2668_12.3004.json,custom
45.267185,12.300055,ov_ai_pescatori_45.2672_12.3001,Ai Pescatori,RESTAURANT,ristorante,https://raw.githubusercontent.com/pasqualelembo78/huntix-poi/main/italia/emilia-romagna/venezia/pages/ai_pescatori_45.2672_12.3001.json,custom
45.243166,12.293844,ov_chiosco_ca__roman_45.2432_12.2938,Chiosco Ca' Roman,RESTAURANT,ristorante,https://raw.githubusercontent.com/pasqualelembo78/huntix-poi/main/italia/emilia-romagna/venezia/pages/chiosco_ca_roman_45.2432_12.2938.json,custom
45.382548,12.347156,ov_bar_nuova_tentazione_snc_45.3825_12.3472,Bar Nuova Tentazione snc,RESTAURANT,ristorante,https://raw.githubusercontent.com/pasqualelembo78/huntix-poi/main/italia/emilia-romagna/venezia/pages/bar_nuova_tentazione_snc_45.3825_12.3472.json,custom
45.383770,12.348150,ov_datizianolido_45.3838_12.3482,Datizianolido,RESTAURANT,ristorante,https://raw.githubusercontent.com/pasqualelembo78/huntix-poi/main/italia/emilia-romagna/venezia/pages/datizianolido_45.3838_12.3482.json,custom
45.388447,12.352806,ov_el_cason___tikilounge_45.3884_12.3528,El Cason - TikiLounge,RESTAURANT,ristorante,https://raw.githubusercontent.com/pasqualelembo78/huntix-poi/main/italia/emilia-romagna/venezia/pages/el_cason_-_tikilounge_45.3884_12.3528.json,custom
45.387339,12.350335,ov_pizzeria_dai_fioi_45.3873_12.3503,Pizzeria dai Fioi,RESTAURANT,ristorante,https://raw.githubusercontent.com/pasqualelembo78/huntix-poi/main/italia/emilia-romagna/venezia/pages/pizzeria_dai_fioi_45.3873_12.3503.json,custom
45.393123,12.355143,ov_l_ve_temakeria_e_raw_45.3931_12.3551,LìVe Temakeria e Raw,RESTAURANT,ristorante,https://raw.githubusercontent.com/pasqualelembo78/huntix-poi/main/italia/emilia-romagna/venezia/pages/lve_temakeria_e_raw_45.3931_12.3551.json,custom
45.392110,12.356719,ov_ristorante_ai_murazzi_45.3921_12.3567,Ristorante Ai Murazzi,RESTAURANT,ristorante,https://raw.githubusercontent.com/pasqualelembo78/huntix-poi/main/italia/emilia-romagna/venezia/pages/ristorante_ai_murazzi_45.3921_12.3567.json,custom
45.397430,12.361292,ov_alla_diga_45.3974_12.3613,ALLA DIGA,RESTAURANT,ristorante,https://raw.githubusercontent.com/pasqualelembo78/huntix-poi/main/italia/emilia-romagna/venezia/pages/alla_diga_45.3974_12.3613.json,custom
45.397743,12.358449,ov_ristorante_pizzeria_exclusive_45.3977_12.3584,Ristorante pizzeria Exclusive,RESTAURANT,ristorante,https://raw.githubusercontent.com/pasqualelembo78/huntix-poi/main/italia/emilia-romagna/venezia/pages/ristorante_pizzeria_exclusive_45.3977_12.3584.json,custom
45.397701,12.358296,ov_ristorante_pizzeria_la_rotonda_di_mirko__45.3977_12.3583,Ristorante pizzeria La Rotonda di Mirko e Vale,RESTAURANT,ristorante,https://raw.githubusercontent.com/pasqualelembo78/huntix-poi/main/italia/emilia-romagna/venezia/pages/ristorante_pizzeria_la_rotonda_di_mirko__45.3977_12.3583.json,custom
45.398549,12.362132,ov_caribe_sorriso_restaurant_45.3985_12.3621,Caribe sorriso restaurant,RESTAURANT,ristorante,https://raw.githubusercontent.com/pasqualelembo78/huntix-poi/main/italia/emilia-romagna/venezia/pages/caribe_sorriso_restaurant_45.3985_12.3621.json,custom
45.399856,12.359998,ov_ristorante_da_nane_45.3999_12.3600,Ristorante Da Nane,RESTAURANT,ristorante,https://raw.githubusercontent.com/pasqualelembo78/huntix-poi/main/italia/emilia-romagna/venezia/pages/ristorante_da_nane_45.3999_12.3600.json,custom
45.400597,12.363429,ov_al_bacaro_da_noah_al_miramare_45.4006_12.3634,Al bacaro da Noah al Miramare,RESTAURANT,ristorante,https://raw.githubusercontent.com/pasqualelembo78/huntix-poi/main/italia/emilia-romagna/venezia/pages/al_bacaro_da_noah_al_miramare_45.4006_12.3634.json,custom
45.400875,12.360931,ov_ristorante_161_45.4009_12.3609,Ristorante 161,RESTAURANT,ristorante,https://raw.githubusercontent.com/pasqualelembo78/huntix-poi/main/italia/emilia-romagna/venezia/pages/ristorante_161_45.4009_12.3609.json,custom
45.401265,12.364025,ov_bagno_marconi_45.4013_12.3640,Bagno Marconi,RESTAURANT,ristorante,https://raw.githubusercontent.com/pasqualelembo78/huntix-poi/main/italia/emilia-romagna/venezia/pages/bagno_marconi_45.4013_12.3640.json,custom
45.403013,12.361930,ov_pizzeria_da_tiziano_45.4030_12.3619,Pizzeria da Tiziano,RESTAURANT,ristorante,https://raw.githubusercontent.com/pasqualelembo78/huntix-poi/main/italia/emilia-romagna/venezia/pages/pizzeria_da_tiziano_45.4030_12.3619.json,custom
45.403769,12.366319,ov_elimar_beach_bar___restaurant_45.4038_12.3663,Elimar Beach Bar & Restaurant,RESTAURANT,ristorante,https://raw.githubusercontent.com/pasqualelembo78/huntix-poi/main/italia/emilia-romagna/venezia/pages/elimar_beach_bar_restaurant_45.4038_12.3663.json,custom
45.403808,12.362897,ov_punto_pizza_da_maury_45.4038_12.3629,Punto Pizza da Maury,RESTAURANT,ristorante,https://raw.githubusercontent.com/pasqualelembo78/huntix-poi/main/italia/emilia-romagna/venezia/pages/punto_pizza_da_maury_45.4038_12.3629.json,custom
45.403978,12.366916,ov_tropicana_terrace_bistrot_del_mare_45.4040_12.3669,Tropicana Terrace Bistrot del Mare,RESTAURANT,ristorante,https://raw.githubusercontent.com/pasqualelembo78/huntix-poi/main/italia/emilia-romagna/venezia/pages/tropicana_terrace_bistrot_del_mare_45.4040_12.3669.json,custom
45.408419,12.370808,ov_chiosco_chiringuito_45.4084_12.3708,Chiosco Chiringuito,RESTAURANT,ristorante,https://raw.githubusercontent.com/pasqualelembo78/huntix-poi/main/italia/emilia-romagna/venezia/pages/chiosco_chiringuito_45.4084_12.3708.json,custom
45.408304,12.365702,ov_ristorante_valentino_45.4083_12.3657,Ristorante Valentino,RESTAURANT,ristorante,https://raw.githubusercontent.com/pasqualelembo78/huntix-poi/main/italia/emilia-romagna/venezia/pages/ristorante_valentino_45.4083_12.3657.json,custom
45.408008,12.370752,ov_mojito__bar_45.4080_12.3708,Mojito  bar,RESTAURANT,ristorante,https://raw.githubusercontent.com/pasqualelembo78/huntix-poi/main/italia/emilia-romagna/venezia/pages/mojito_bar_45.4080_12.3708.json,custom
45.407523,12.369270,ov_bar_self_service__la_rotonda__delle_4_fo_45.4075_12.3693,Bar self service  la rotonda  delle 4 fontane,RESTAURANT,ristorante,https://raw.githubusercontent.com/pasqualelembo78/huntix-poi/main/italia/emilia-romagna/venezia/pages/bar_self_service_la_rotonda_delle_4_font_45.4075_12.3693.json,custom
45.406579,12.365193,ov_glamy_bistrot_45.4066_12.3652,Glamy Bistrot,RESTAURANT,ristorante,https://raw.githubusercontent.com/pasqualelembo78/huntix-poi/main/italia/emilia-romagna/venezia/pages/glamy_bistrot_45.4066_12.3652.json,custom
45.406315,12.364557,ov_bar_trattoria_trento_45.4063_12.3646,Bar Trattoria Trento,RESTAURANT,ristorante,https://raw.githubusercontent.com/pasqualelembo78/huntix-poi/main/italia/emilia-romagna/venezia/pages/bar_trattoria_trento_45.4063_12.3646.json,custom
45.406277,12.364611,ov_la_cantinita_45.4063_12.3646,La Cantinita,RESTAURANT,ristorante,https://raw.githubusercontent.com/pasqualelembo78/huntix-poi/main/italia/emilia-romagna/venezia/pages/la_cantinita_45.4063_12.3646.json,custom
45.405790,12.368230,ov_la_rotonda_bar_pizzeria_self_service_45.4058_12.3682,La Rotonda bar pizzeria self service,RESTAURANT,ristorante,https://raw.githubusercontent.com/pasqualelembo78/huntix-poi/main/italia/emilia-romagna/venezia/pages/la_rotonda_bar_pizzeria_self_service_45.4058_12.3682.json,custom
45.406478,12.321590,ov_sagra_rooftop_restaurant_and_bar_45.4065_12.3216,Sagra Rooftop Restaurant and Bar,RESTAURANT,ristorante,https://raw.githubusercontent.com/pasqualelembo78/huntix-poi/main/italia/emilia-romagna/venezia/pages/sagra_rooftop_restaurant_and_bar_45.4065_12.3216.json,custom
45.416475,12.377749,ov_el_pecador_45.4165_12.3777,El Pecador,RESTAURANT,ristorante,https://raw.githubusercontent.com/pasqualelembo78/huntix-poi/main/italia/emilia-romagna/venezia/pages/el_pecador_45.4165_12.3777.json,custom
45.415437,12.374286,ov_pizza_lampo_45.4154_12.3743,Pizza Lampo,RESTAURANT,ristorante,https://raw.githubusercontent.com/pasqualelembo78/huntix-poi/main/italia/emilia-romagna/venezia/pages/pizza_lampo_45.4154_12.3743.json,custom
45.415364,12.374307,ov_ristorante_gera_ora_45.4154_12.3743,Ristorante gera ora,RESTAURANT,ristorante,https://raw.githubusercontent.com/pasqualelembo78/huntix-poi/main/italia/emilia-romagna/venezia/pages/ristorante_gera_ora_45.4154_12.3743.json,custom
45.414760,12.376000,ov_new_bluemoon___rive_gauche_45.4148_12.3760,New Bluemoon   Rive Gauche,RESTAURANT,ristorante,https://raw.githubusercontent.com/pasqualelembo78/huntix-poi/main/italia/emilia-romagna/venezia/pages/new_bluemoon_rive_gauche_45.4148_12.3760.json,custom
45.414441,12.377381,ov_acquasalsa_45.4144_12.3774,Acquasalsa,RESTAURANT,ristorante,https://raw.githubusercontent.com/pasqualelembo78/huntix-poi/main/italia/emilia-romagna/venezia/pages/acquasalsa_45.4144_12.3774.json,custom
45.414210,12.377589,ov_bluemoon_spiaggia_lido_di_venezia_45.4142_12.3776,Bluemoon Spiaggia Lido di Venezia,RESTAURANT,ristorante,https://raw.githubusercontent.com/pasqualelembo78/huntix-poi/main/italia/emilia-romagna/venezia/pages/bluemoon_spiaggia_lido_di_venezia_45.4142_12.3776.json,custom
45.410429,12.373009,ov_terrazza_m22_45.4104_12.3730,Terrazza M22,RESTAURANT,ristorante,https://raw.githubusercontent.com/pasqualelembo78/huntix-poi/main/italia/emilia-romagna/venezia/pages/terrazza_m22_45.4104_12.3730.json,custom
45.412260,12.360820,ov_robe_da_matti_restaurant_45.4123_12.3608,Robe da Matti Restaurant,RESTAURANT,ristorante,https://raw.githubusercontent.com/pasqualelembo78/huntix-poi/main/italia/emilia-romagna/venezia/pages/robe_da_matti_restaurant_45.4123_12.3608.json,custom
45.410902,12.366750,ov_la_cucina_bistrot_45.4109_12.3667,La Cucina Bistrot,RESTAURANT,ristorante,https://raw.githubusercontent.com/pasqualelembo78/huntix-poi/main/italia/emilia-romagna/venezia/pages/la_cucina_bistrot_45.4109_12.3667.json,custom
45.409093,12.365318,ov_green_chilli_restaurant_45.4091_12.3653,Green Chilli Restaurant,RESTAURANT,ristorante,https://raw.githubusercontent.com/pasqualelembo78/huntix-poi/main/italia/emilia-romagna/venezia/pages/green_chilli_restaurant_45.4091_12.3653.json,custom
45.410718,12.334796,ov_la_dolce_brasserie_45.4107_12.3348,La Dolce Brasserie,RESTAURANT,ristorante,https://raw.githubusercontent.com/pasqualelembo78/huntix-poi/main/italia/emilia-romagna/venezia/pages/la_dolce_brasserie_45.4107_12.3348.json,custom
45.413433,12.370066,ov_trattoria_andri_45.4134_12.3701,Trattoria Andri,RESTAURANT,ristorante,https://raw.githubusercontent.com/pasqualelembo78/huntix-poi/main/italia/emilia-romagna/venezia/pages/trattoria_andri_45.4134_12.3701.json,custom
45.414316,12.370650,ov_ristorante_da_enzo_45.4143_12.3707,Ristorante da Enzo,RESTAURANT,ristorante,https://raw.githubusercontent.com/pasqualelembo78/huntix-poi/main/italia/emilia-romagna/venezia/pages/ristorante_da_enzo_45.4143_12.3707.json,custom
45.414880,12.370354,ov_ristorante_la_sfera_45.4149_12.3704,Ristorante La Sfera,RESTAURANT,ristorante,https://raw.githubusercontent.com/pasqualelembo78/huntix-poi/main/italia/emilia-romagna/venezia/pages/ristorante_la_sfera_45.4149_12.3704.json,custom
45.415066,12.369689,ov_osteria_al_merc__45.4151_12.3697,Osteria Al Mercà,RESTAURANT,ristorante,https://raw.githubusercontent.com/pasqualelembo78/huntix-poi/main/italia/emilia-romagna/venezia/pages/osteria_al_merc_45.4151_12.3697.json,custom
45.415722,12.371526,ov_buddha_soul_resto_45.4157_12.3715,Buddha Soul Resto,RESTAURANT,ristorante,https://raw.githubusercontent.com/pasqualelembo78/huntix-poi/main/italia/emilia-romagna/venezia/pages/buddha_soul_resto_45.4157_12.3715.json,custom
45.415743,12.370181,ov_momo_sushi_srl_45.4157_12.3702,Momo Sushi Srl,RESTAURANT,ristorante,https://raw.githubusercontent.com/pasqualelembo78/huntix-poi/main/italia/emilia-romagna/venezia/pages/momo_sushi_srl_45.4157_12.3702.json,custom
45.415710,12.370340,ov_passatore_45.4157_12.3703,Passatore,RESTAURANT,ristorante,https://raw.githubusercontent.com/pasqualelembo78/huntix-poi/main/italia/emilia-romagna/venezia/pages/passatore_45.4157_12.3703.json,custom
45.415924,12.372320,ov_alla_botte_45.4159_12.3723,Alla Botte,RESTAURANT,ristorante,https://raw.githubusercontent.com/pasqualelembo78/huntix-poi/main/italia/emilia-romagna/venezia/pages/alla_botte_45.4159_12.3723.json,custom
45.415938,12.372611,ov_al_cavaliere_45.4159_12.3726,Al Cavaliere,RESTAURANT,ristorante,https://raw.githubusercontent.com/pasqualelembo78/huntix-poi/main/italia/emilia-romagna/venezia/pages/al_cavaliere_45.4159_12.3726.json,custom
45.416148,12.371719,ov_ristorante_pizzeria_ai_do_mati_45.4161_12.3717,Ristorante Pizzeria Ai Do Mati,RESTAURANT,ristorante,https://raw.githubusercontent.com/pasqualelembo78/huntix-poi/main/italia/emilia-romagna/venezia/pages/ristorante_pizzeria_ai_do_mati_45.4161_12.3717.json,custom
45.416135,12.371788,ov_ristorante_roxy_bar_45.4161_12.3718,Ristorante Roxy Bar,RESTAURANT,ristorante,https://raw.githubusercontent.com/pasqualelembo78/huntix-poi/main/italia/emilia-romagna/venezia/pages/ristorante_roxy_bar_45.4161_12.3718.json,custom
45.416167,12.367756,ov_sushi_time_45.4162_12.3678,Sushi Time,RESTAURANT,ristorante,https://raw.githubusercontent.com/pasqualelembo78/huntix-poi/main/italia/emilia-romagna/venezia/pages/sushi_time_45.4162_12.3678.json,custom
45.416227,12.368015,ov_madonna_nera_45.4162_12.3680,Madonna Nera,RESTAURANT,ristorante,https://raw.githubusercontent.com/pasqualelembo78/huntix-poi/main/italia/emilia-romagna/venezia/pages/madonna_nera_45.4162_12.3680.json,custom
45.416346,12.369938,ov_parco_delle_rose_45.4163_12.3699,Parco delle Rose,RESTAURANT,ristorante,https://raw.githubusercontent.com/pasqualelembo78/huntix-poi/main/italia/emilia-romagna/venezia/pages/parco_delle_rose_45.4163_12.3699.json,custom
45.416390,12.367711,ov_essentiale_restaurant_and_lounge_bar_45.4164_12.3677,Essentiale Restaurant and Lounge Bar,RESTAURANT,ristorante,https://raw.githubusercontent.com/pasqualelembo78/huntix-poi/main/italia/emilia-romagna/venezia/pages/essentiale_restaurant_and_lounge_bar_45.4164_12.3677.json,custom
45.416523,12.369870,ov_ristorante_gran_viale_45.4165_12.3699,Ristorante Gran Viale,RESTAURANT,ristorante,https://raw.githubusercontent.com/pasqualelembo78/huntix-poi/main/italia/emilia-romagna/venezia/pages/ristorante_gran_viale_45.4165_12.3699.json,custom
45.416662,12.369402,ov_nene_restaurant_45.4167_12.3694,Nene Restaurant,RESTAURANT,ristorante,https://raw.githubusercontent.com/pasqualelembo78/huntix-poi/main/italia/emilia-romagna/venezia/pages/nene_restaurant_45.4167_12.3694.json,custom
45.416747,12.369472,ov_trattoria_stella_d_oro_45.4167_12.3695,Trattoria Stella D'Oro,RESTAURANT,ristorante,https://raw.githubusercontent.com/pasqualelembo78/huntix-poi/main/italia/emilia-romagna/venezia/pages/trattoria_stella_doro_45.4167_12.3695.json,custom
45.416692,12.368781,ov_hostaria_al_canton_45.4167_12.3688,Hostaria Al Canton,RESTAURANT,ristorante,https://raw.githubusercontent.com/pasqualelembo78/huntix-poi/main/italia/emilia-romagna/venezia/pages/hostaria_al_canton_45.4167_12.3688.json,custom
45.416620,12.368040,ov_ai_do_mati_45.4166_12.3680,Ai Do Mati,RESTAURANT,ristorante,https://raw.githubusercontent.com/pasqualelembo78/huntix-poi/main/italia/emilia-romagna/venezia/pages/ai_do_mati_45.4166_12.3680.json,custom
45.416857,12.369588,ov_pizzeria_ristorante_stella_45.4169_12.3696,Pizzeria Ristorante Stella,RESTAURANT,ristorante,https://raw.githubusercontent.com/pasqualelembo78/huntix-poi/main/italia/emilia-romagna/venezia/pages/pizzeria_ristorante_stella_45.4169_12.3696.json,custom
45.416870,12.369480,ov_stella_de_45.4169_12.3695,Stella de,RESTAURANT,ristorante,https://raw.githubusercontent.com/pasqualelembo78/huntix-poi/main/italia/emilia-romagna/venezia/pages/stella_de_45.4169_12.3695.json,custom
45.416887,12.371004,ov_la_grande_cina_45.4169_12.3710,La Grande Cina,RESTAURANT,ristorante,https://raw.githubusercontent.com/pasqualelembo78/huntix-poi/main/italia/emilia-romagna/venezia/pages/la_grande_cina_45.4169_12.3710.json,custom
45.417549,12.369087,ov_ristorante_belvedere___snack_bar_45.4175_12.3691,Ristorante Belvedere & Snack Bar,RESTAURANT,ristorante,https://raw.githubusercontent.com/pasqualelembo78/huntix-poi/main/italia/emilia-romagna/venezia/pages/ristorante_belvedere_snack_bar_45.4175_12.3691.json,custom
45.417608,12.368083,ov_lido_45.4176_12.3681,Lido,RESTAURANT,ristorante,https://raw.githubusercontent.com/pasqualelembo78/huntix-poi/main/italia/emilia-romagna/venezia/pages/lido_45.4176_12.3681.json,custom
45.417626,12.369359,ov_osteria_giardinetto_45.4176_12.3694,Osteria Giardinetto,RESTAURANT,ristorante,https://raw.githubusercontent.com/pasqualelembo78/huntix-poi/main/italia/emilia-romagna/venezia/pages/osteria_giardinetto_45.4176_12.3694.json,custom
45.427603,12.181981,ov_c__romea_grill_45.4276_12.1820,Cà Romea Grill,RESTAURANT,ristorante,https://raw.githubusercontent.com/pasqualelembo78/huntix-poi/main/italia/emilia-romagna/venezia/pages/c_romea_grill_45.4276_12.1820.json,custom
45.427863,12.240685,ov_trattoria_al_cacciatore_45.4279_12.2407,Trattoria al Cacciatore,RESTAURANT,ristorante,https://raw.githubusercontent.com/pasqualelembo78/huntix-poi/main/italia/emilia-romagna/venezia/pages/trattoria_al_cacciatore_45.4279_12.2407.json,custom
45.435068,12.209850,ov_ristorante_alla_barena_dai_fioi_45.4351_12.2098,Ristorante Alla Barena Dai Fioi,RESTAURANT,ristorante,https://raw.githubusercontent.com/pasqualelembo78/huntix-poi/main/italia/emilia-romagna/venezia/pages/ristorante_alla_barena_dai_fioi_45.4351_12.2098.json,custom
45.427283,11.919204,ov_mcdonald_s_45.4273_11.9192,McDonald's,RESTAURANT,ristorante,https://raw.githubusercontent.com/pasqualelembo78/huntix-poi/main/italia/emilia-romagna/venezia/pages/mcdonalds_45.4273_11.9192.json,custom
45.444918,12.204508,ov_bar_ristorante_il_posto_45.4449_12.2045,Bar Ristorante Il Posto,RESTAURANT,ristorante,https://raw.githubusercontent.com/pasqualelembo78/huntix-poi/main/italia/emilia-romagna/venezia/pages/bar_ristorante_il_posto_45.4449_12.2045.json,custom
45.444300,12.204700,ov_old_wild_west_45.4443_12.2047,Old Wild West,RESTAURANT,ristorante,https://raw.githubusercontent.com/pasqualelembo78/huntix-poi/main/italia/emilia-romagna/venezia/pages/old_wild_west_45.4443_12.2047.json,custom
45.436240,12.320107,ov_hostaria_venexiana_45.4362_12.3201,Hostaria Venexiana,RESTAURANT,ristorante,https://raw.githubusercontent.com/pasqualelembo78/huntix-poi/main/italia/emilia-romagna/venezia/pages/hostaria_venexiana_45.4362_12.3201.json,custom
45.436562,12.320121,ov_rio_novo_45.4366_12.3201,Rio Novo,RESTAURANT,ristorante,https://raw.githubusercontent.com/pasqualelembo78/huntix-poi/main/italia/emilia-romagna/venezia/pages/rio_novo_45.4366_12.3201.json,custom
45.436867,12.319407,ov_caffe_dei_fiori_45.4369_12.3194,Caffe dei Fiori,RESTAURANT,ristorante,https://raw.githubusercontent.com/pasqualelembo78/huntix-poi/main/italia/emilia-romagna/venezia/pages/caffe_dei_fiori_45.4369_12.3194.json,custom
45.436914,12.319544,ov_trattoria_alle_burchielle_45.4369_12.3195,Trattoria Alle Burchielle,RESTAURANT,ristorante,https://raw.githubusercontent.com/pasqualelembo78/huntix-poi/main/italia/emilia-romagna/venezia/pages/trattoria_alle_burchielle_45.4369_12.3195.json,custom
45.436992,12.319871,ov_giardino_d_inverno_45.4370_12.3199,Giardino d'Inverno,RESTAURANT,ristorante,https://raw.githubusercontent.com/pasqualelembo78/huntix-poi/main/italia/emilia-romagna/venezia/pages/giardino_dinverno_45.4370_12.3199.json,custom
45.436993,12.319900,ov_trattoria_ai_tre_ponti_45.4370_12.3199,Trattoria Ai Tre Ponti,RESTAURANT,ristorante,https://raw.githubusercontent.com/pasqualelembo78/huntix-poi/main/italia/emilia-romagna/venezia/pages/trattoria_ai_tre_ponti_45.4370_12.3199.json,custom
45.437208,12.318642,ov_trattoria_al_vinatier_45.4372_12.3186,Trattoria al Vinatier,RESTAURANT,ristorante,https://raw.githubusercontent.com/pasqualelembo78/huntix-poi/main/italia/emilia-romagna/venezia/pages/trattoria_al_vinatier_45.4372_12.3186.json,custom
45.437281,12.318722,ov_trattoria_bar_giada_45.4373_12.3187,Trattoria Bar Giada,RESTAURANT,ristorante,https://raw.githubusercontent.com/pasqualelembo78/huntix-poi/main/italia/emilia-romagna/venezia/pages/trattoria_bar_giada_45.4373_12.3187.json,custom
45.437231,12.318481,ov_le_bistrot_tende_rosse_45.4372_12.3185,Le Bistrot Tende Rosse,RESTAURANT,ristorante,https://raw.githubusercontent.com/pasqualelembo78/huntix-poi/main/italia/emilia-romagna/venezia/pages/le_bistrot_tende_rosse_45.4372_12.3185.json,custom
45.437404,12.319990,ov_km0_venezia_osteria_45.4374_12.3200,Km0 Venezia Osteria,RESTAURANT,ristorante,https://raw.githubusercontent.com/pasqualelembo78/huntix-poi/main/italia/emilia-romagna/venezia/pages/km0_venezia_osteria_45.4374_12.3200.json,custom
45.437890,12.317584,ov_crema_cioccolato_venezia_bubble_tea_45.4379_12.3176,Crema&Cioccolato Venezia Bubble Tea,RESTAURANT,ristorante,https://raw.githubusercontent.com/pasqualelembo78/huntix-poi/main/italia/emilia-romagna/venezia/pages/cremacioccolato_venezia_bubble_tea_45.4379_12.3176.json,custom
45.439654,12.308679,ov_fiorital_45.4397_12.3087,Fiorital,RESTAURANT,ristorante,https://raw.githubusercontent.com/pasqualelembo78/huntix-poi/main/italia/emilia-romagna/venezia/pages/fiorital_45.4397_12.3087.json,custom
45.439940,12.320213,ov_spizzico_45.4399_12.3202,Spizzico,RESTAURANT,ristorante,https://raw.githubusercontent.com/pasqualelembo78/huntix-poi/main/italia/emilia-romagna/venezia/pages/spizzico_45.4399_12.3202.json,custom
45.439701,12.319556,ov_kfc_45.4397_12.3196,KFC,RESTAURANT,ristorante,https://raw.githubusercontent.com/pasqualelembo78/huntix-poi/main/italia/emilia-romagna/venezia/pages/kfc_45.4397_12.3196.json,custom
45.438321,12.318152,ov_elis_venezia_45.4383_12.3182,Elis Venezia,RESTAURANT,ristorante,https://raw.githubusercontent.com/pasqualelembo78/huntix-poi/main/italia/emilia-romagna/venezia/pages/elis_venezia_45.4383_12.3182.json,custom
45.438233,12.318330,ov_osteria_ae_botti_45.4382_12.3183,Osteria Ae Botti,RESTAURANT,ristorante,https://raw.githubusercontent.com/pasqualelembo78/huntix-poi/main/italia/emilia-romagna/venezia/pages/osteria_ae_botti_45.4382_12.3183.json,custom
45.438008,12.322321,ov_al_bacco_felice_45.4380_12.3223,Al Bacco Felice,RESTAURANT,ristorante,https://raw.githubusercontent.com/pasqualelembo78/huntix-poi/main/italia/emilia-romagna/venezia/pages/al_bacco_felice_45.4380_12.3223.json,custom
45.438360,12.321600,ov_ca__leon_venezia_official_45.4384_12.3216,Ca' Leon Venezia Official,RESTAURANT,ristorante,https://raw.githubusercontent.com/pasqualelembo78/huntix-poi/main/italia/emilia-romagna/venezia/pages/ca_leon_venezia_official_45.4384_12.3216.json,custom
45.438431,12.328272,ov_taverna_da_baffo___ristorante_veneziano_45.4384_12.3283,Taverna da Baffo – Ristorante Veneziano,RESTAURANT,ristorante,https://raw.githubusercontent.com/pasqualelembo78/huntix-poi/main/italia/emilia-romagna/venezia/pages/taverna_da_baffo_ristorante_veneziano_45.4384_12.3283.json,custom
45.438279,12.332684,ov_pizzeria_antico_panificio_45.4383_12.3327,Pizzeria Antico Panificio,RESTAURANT,ristorante,https://raw.githubusercontent.com/pasqualelembo78/huntix-poi/main/italia/emilia-romagna/venezia/pages/pizzeria_antico_panificio_45.4383_12.3327.json,custom
45.438131,12.331958,ov_ai_4_feri_storti_45.4381_12.3320,Ai 4 Feri Storti,RESTAURANT,ristorante,https://raw.githubusercontent.com/pasqualelembo78/huntix-poi/main/italia/emilia-romagna/venezia/pages/ai_4_feri_storti_45.4381_12.3320.json,custom
45.438096,12.333317,ov_bacaro_al_ravano_45.4381_12.3333,Bacaro al Ravano,RESTAURANT,ristorante,https://raw.githubusercontent.com/pasqualelembo78/huntix-poi/main/italia/emilia-romagna/venezia/pages/bacaro_al_ravano_45.4381_12.3333.json,custom
45.438039,12.329868,ov_birraria_la_corte_45.4380_12.3299,Birraria La Corte,RESTAURANT,ristorante,https://raw.githubusercontent.com/pasqualelembo78/huntix-poi/main/italia/emilia-romagna/venezia/pages/birraria_la_corte_45.4380_12.3299.json,custom
45.438019,12.329590,ov_da_carlo_a_venezia_45.4380_12.3296,Da Carlo a Venezia,RESTAURANT,ristorante,https://raw.githubusercontent.com/pasqualelembo78/huntix-poi/main/italia/emilia-romagna/venezia/pages/da_carlo_a_venezia_45.4380_12.3296.json,custom
45.437928,12.332106,ov_hostaria_sant_aponal_45.4379_12.3321,Hostaria Sant'Aponal,RESTAURANT,ristorante,https://raw.githubusercontent.com/pasqualelembo78/huntix-poi/main/italia/emilia-romagna/venezia/pages/hostaria_santaponal_45.4379_12.3321.json,custom
45.437925,12.333765,ov_ristorante_al_paradiso_45.4379_12.3338,Ristorante Al Paradiso,RESTAURANT,ristorante,https://raw.githubusercontent.com/pasqualelembo78/huntix-poi/main/italia/emilia-romagna/venezia/pages/ristorante_al_paradiso_45.4379_12.3338.json,custom
45.437930,12.335244,ov_ristorante_caffe_saraceno_45.4379_12.3352,Ristorante Caffe Saraceno,RESTAURANT,ristorante,https://raw.githubusercontent.com/pasqualelembo78/huntix-poi/main/italia/emilia-romagna/venezia/pages/ristorante_caffe_saraceno_45.4379_12.3352.json,custom
45.438175,12.333552,ov_antico_forno_45.4382_12.3336,Antico Forno,RESTAURANT,ristorante,https://raw.githubusercontent.com/pasqualelembo78/huntix-poi/main/italia/emilia-romagna/venezia/pages/antico_forno_45.4382_12.3336.json,custom
45.438174,12.333848,ov_antica_osteria_ruga_rialto_45.4382_12.3338,Antica Osteria Ruga Rialto,RESTAURANT,ristorante,https://raw.githubusercontent.com/pasqualelembo78/huntix-poi/main/italia/emilia-romagna/venezia/pages/antica_osteria_ruga_rialto_45.4382_12.3338.json,custom
45.438059,12.337156,ov_we_love_italy_fresh_pasta_45.4381_12.3372,We Love Italy Fresh Pasta,RESTAURANT,ristorante,https://raw.githubusercontent.com/pasqualelembo78/huntix-poi/main/italia/emilia-romagna/venezia/pages/we_love_italy_fresh_pasta_45.4381_12.3372.json,custom
45.438180,12.338610,ov_al_portego_45.4382_12.3386,Al Portego,RESTAURANT,ristorante,https://raw.githubusercontent.com/pasqualelembo78/huntix-poi/main/italia/emilia-romagna/venezia/pages/al_portego_45.4382_12.3386.json,custom
45.437988,12.337287,ov_sepa_45.4380_12.3373,SEPA,RESTAURANT,ristorante,https://raw.githubusercontent.com/pasqualelembo78/huntix-poi/main/italia/emilia-romagna/venezia/pages/sepa_45.4380_12.3373.json,custom
45.437941,12.337225,ov_bacarando_corte_dell_orso_45.4379_12.3372,Bacarando Corte dell'Orso,RESTAURANT,ristorante,https://raw.githubusercontent.com/pasqualelembo78/huntix-poi/main/italia/emilia-romagna/venezia/pages/bacarando_corte_dellorso_45.4379_12.3372.json,custom
45.438446,12.345391,ov_osteria_santa_giustina_45.4384_12.3454,Osteria Santa Giustina,RESTAURANT,ristorante,https://raw.githubusercontent.com/pasqualelembo78/huntix-poi/main/italia/emilia-romagna/venezia/pages/osteria_santa_giustina_45.4384_12.3454.json,custom
45.438401,12.342815,ov_osteria_alla_staffa_45.4384_12.3428,Osteria Alla Staffa,RESTAURANT,ristorante,https://raw.githubusercontent.com/pasqualelembo78/huntix-poi/main/italia/emilia-romagna/venezia/pages/osteria_alla_staffa_45.4384_12.3428.json,custom
45.438350,12.339057,ov_l_osteria_di_santa_marina_45.4384_12.3391,L'Osteria di Santa Marina,RESTAURANT,ristorante,https://raw.githubusercontent.com/pasqualelembo78/huntix-poi/main/italia/emilia-romagna/venezia/pages/losteria_di_santa_marina_45.4384_12.3391.json,custom
45.438390,12.338826,ov_ca__bragadin_carabba_45.4384_12.3388,Ca' Bragadin Carabba,RESTAURANT,ristorante,https://raw.githubusercontent.com/pasqualelembo78/huntix-poi/main/italia/emilia-romagna/venezia/pages/ca_bragadin_carabba_45.4384_12.3388.json,custom
45.438288,12.339461,ov_baci___pasta_45.4383_12.3395,Baci & Pasta,RESTAURANT,ristorante,https://raw.githubusercontent.com/pasqualelembo78/huntix-poi/main/italia/emilia-romagna/venezia/pages/baci_pasta_45.4383_12.3395.json,custom
45.438240,12.338503,ov_osteria_6014_45.4382_12.3385,Osteria 6014,RESTAURANT,ristorante,https://raw.githubusercontent.com/pasqualelembo78/huntix-poi/main/italia/emilia-romagna/venezia/pages/osteria_6014_45.4382_12.3385.json,custom
45.438226,12.334539,ov_trattoria_alla_madonna_45.4382_12.3345,Trattoria alla Madonna,RESTAURANT,ristorante,https://raw.githubusercontent.com/pasqualelembo78/huntix-poi/main/italia/emilia-romagna/venezia/pages/trattoria_alla_madonna_45.4382_12.3345.json,custom
45.438276,12.334082,ov_al_gobbo_di_rialto_45.4383_12.3341,Al Gobbo di Rialto,RESTAURANT,ristorante,https://raw.githubusercontent.com/pasqualelembo78/huntix-poi/main/italia/emilia-romagna/venezia/pages/al_gobbo_di_rialto_45.4383_12.3341.json,custom
45.438359,12.333563,ov_ristorante_casa_cappellari_45.4384_12.3336,Ristorante Casa Cappellari,RESTAURANT,ristorante,https://raw.githubusercontent.com/pasqualelembo78/huntix-poi/main/italia/emilia-romagna/venezia/pages/ristorante_casa_cappellari_45.4384_12.3336.json,custom
45.438391,12.333958,ov_restau_pizza_45.4384_12.3340,Restau pizza,RESTAURANT,ristorante,https://raw.githubusercontent.com/pasqualelembo78/huntix-poi/main/italia/emilia-romagna/venezia/pages/restau_pizza_45.4384_12.3340.json,custom
45.438382,12.334884,ov_trattoria_rialto_novo_45.4384_12.3349,Trattoria Rialto Novo,RESTAURANT,ristorante,https://raw.githubusercontent.com/pasqualelembo78/huntix-poi/main/italia/emilia-romagna/venezia/pages/trattoria_rialto_novo_45.4384_12.3349.json,custom
45.438436,12.335295,ov_chips_amsterdam_45.4384_12.3353,Chips Amsterdam,RESTAURANT,ristorante,https://raw.githubusercontent.com/pasqualelembo78/huntix-poi/main/italia/emilia-romagna/venezia/pages/chips_amsterdam_45.4384_12.3353.json,custom
45.438455,12.334299,ov_il_diavolo_e_l_acqua_santa_45.4385_12.3343,Il Diavolo E L'Acqua Santa,RESTAURANT,ristorante,https://raw.githubusercontent.com/pasqualelembo78/huntix-poi/main/italia/emilia-romagna/venezia/pages/il_diavolo_e_lacqua_santa_45.4385_12.3343.json,custom
45.438464,12.334051,ov_panificio_mauro_el_forner_de_canton_45.4385_12.3341,Panificio Mauro El Forner de Canton,RESTAURANT,ristorante,https://raw.githubusercontent.com/pasqualelembo78/huntix-poi/main/italia/emilia-romagna/venezia/pages/panificio_mauro_el_forner_de_canton_45.4385_12.3341.json,custom
45.438499,12.333993,ov_ostaria_antico_dolo_45.4385_12.3340,Ostaria Antico Dolo,RESTAURANT,ristorante,https://raw.githubusercontent.com/pasqualelembo78/huntix-poi/main/italia/emilia-romagna/venezia/pages/ostaria_antico_dolo_45.4385_12.3340.json,custom
45.438597,12.335269,ov_yoshi_japanese_restaurant_45.4386_12.3353,Yoshi Japanese Restaurant,RESTAURANT,ristorante,https://raw.githubusercontent.com/pasqualelembo78/huntix-poi/main/italia/emilia-romagna/venezia/pages/yoshi_japanese_restaurant_45.4386_12.3353.json,custom
45.438694,12.334877,ov_bacaro_de__bischeri_45.4387_12.3349,Bacaro de' Bischeri,RESTAURANT,ristorante,https://raw.githubusercontent.com/pasqualelembo78/huntix-poi/main/italia/emilia-romagna/venezia/pages/bacaro_de_bischeri_45.4387_12.3349.json,custom
45.438710,12.335674,ov_naranzaria_45.4387_12.3357,Naranzaria,RESTAURANT,ristorante,https://raw.githubusercontent.com/pasqualelembo78/huntix-poi/main/italia/emilia-romagna/venezia/pages/naranzaria_45.4387_12.3357.json,custom
45.438729,12.338026,ov_cicchetteria_al_pesce_rosso_45.4387_12.3380,Cicchetteria AL PESCE ROSSO,RESTAURANT,ristorante,https://raw.githubusercontent.com/pasqualelembo78/huntix-poi/main/italia/emilia-romagna/venezia/pages/cicchetteria_al_pesce_rosso_45.4387_12.3380.json,custom
45.438526,12.341732,ov_ristorante_taverna_la_corte_45.4385_12.3417,Ristorante Taverna La Corte,RESTAURANT,ristorante,https://raw.githubusercontent.com/pasqualelembo78/huntix-poi/main/italia/emilia-romagna/venezia/pages/ristorante_taverna_la_corte_45.4385_12.3417.json,custom
45.438490,12.341743,ov_ai_pie_del_ponte_45.4385_12.3417,Ai pie del ponte,RESTAURANT,ristorante,https://raw.githubusercontent.com/pasqualelembo78/huntix-poi/main/italia/emilia-romagna/venezia/pages/ai_pie_del_ponte_45.4385_12.3417.json,custom
45.438501,12.344822,ov_pizzeria_halal_super_pizza_e_kebab_45.4385_12.3448,Pizzeria Halal super pizza e kebab,RESTAURANT,ristorante,https://raw.githubusercontent.com/pasqualelembo78/huntix-poi/main/italia/emilia-romagna/venezia/pages/pizzeria_halal_super_pizza_e_kebab_45.4385_12.3448.json,custom
45.438509,12.345038,ov_gibran_45.4385_12.3450,Gibran,RESTAURANT,ristorante,https://raw.githubusercontent.com/pasqualelembo78/huntix-poi/main/italia/emilia-romagna/venezia/pages/gibran_45.4385_12.3450.json,custom
45.438587,12.343265,ov_agor__pizza_kebab_45.4386_12.3433,Agorà pizza kebab,RESTAURANT,ristorante,https://raw.githubusercontent.com/pasqualelembo78/huntix-poi/main/italia/emilia-romagna/venezia/pages/agor_pizza_kebab_45.4386_12.3433.json,custom
45.438644,12.343624,ov_trattoria_bandierette_45.4386_12.3436,Trattoria Bandierette,RESTAURANT,ristorante,https://raw.githubusercontent.com/pasqualelembo78/huntix-poi/main/italia/emilia-romagna/venezia/pages/trattoria_bandierette_45.4386_12.3436.json,custom
45.438638,12.343304,ov_pizzeria_alla_strega_45.4386_12.3433,Pizzeria Alla Strega,RESTAURANT,ristorante,https://raw.githubusercontent.com/pasqualelembo78/huntix-poi/main/italia/emilia-romagna/venezia/pages/pizzeria_alla_strega_45.4386_12.3433.json,custom
45.438652,12.343534,ov_pizzeria_kebab_peter_pan_45.4387_12.3435,Pizzeria Kebab Peter Pan,RESTAURANT,ristorante,https://raw.githubusercontent.com/pasqualelembo78/huntix-poi/main/italia/emilia-romagna/venezia/pages/pizzeria_kebab_peter_pan_45.4387_12.3435.json,custom
45.438711,12.342737,ov_ai_do_archi_venezia_45.4387_12.3427,Ai Do Archi Venezia,RESTAURANT,ristorante,https://raw.githubusercontent.com/pasqualelembo78/huntix-poi/main/italia/emilia-romagna/venezia/pages/ai_do_archi_venezia_45.4387_12.3427.json,custom
45.438780,12.341588,ov_boccadargento_srl_45.4388_12.3416,Boccadargento Srl,RESTAURANT,ristorante,https://raw.githubusercontent.com/pasqualelembo78/huntix-poi/main/italia/emilia-romagna/venezia/pages/boccadargento_srl_45.4388_12.3416.json,custom
45.438784,12.342476,ov_6342_a_le_tole_spaghetteria_pizzeria_45.4388_12.3425,6342 A Le Tole Spaghetteria Pizzeria,RESTAURANT,ristorante,https://raw.githubusercontent.com/pasqualelembo78/huntix-poi/main/italia/emilia-romagna/venezia/pages/6342_a_le_tole_spaghetteria_pizzeria_45.4388_12.3425.json,custom
45.438903,12.341906,ov_osteria_da_nico_45.4389_12.3419,Osteria da Nico,RESTAURANT,ristorante,https://raw.githubusercontent.com/pasqualelembo78/huntix-poi/main/italia/emilia-romagna/venezia/pages/osteria_da_nico_45.4389_12.3419.json,custom
45.438910,12.341910,ov_bar_ristoranti_obillok_45.4389_12.3419,Bar-Ristoranti Obillok,RESTAURANT,ristorante,https://raw.githubusercontent.com/pasqualelembo78/huntix-poi/main/italia/emilia-romagna/venezia/pages/bar-ristoranti_obillok_45.4389_12.3419.json,custom
45.439017,12.337092,ov_bar_tiziano_45.4390_12.3371,Bar Tiziano,RESTAURANT,ristorante,https://raw.githubusercontent.com/pasqualelembo78/huntix-poi/main/italia/emilia-romagna/venezia/pages/bar_tiziano_45.4390_12.3371.json,custom
45.438950,12.337090,ov_auandersen_col_masenin_45.4389_12.3371,Auandersen col Masenin,RESTAURANT,ristorante,https://raw.githubusercontent.com/pasqualelembo78/huntix-poi/main/italia/emilia-romagna/venezia/pages/auandersen_col_masenin_45.4389_12.3371.json,custom
45.438895,12.337472,ov_il_milion_45.4389_12.3375,Il Milion,RESTAURANT,ristorante,https://raw.githubusercontent.com/pasqualelembo78/huntix-poi/main/italia/emilia-romagna/venezia/pages/il_milion_45.4389_12.3375.json,custom
45.438921,12.333770,ov_ostaria_ai_storti_45.4389_12.3338,Ostaria Ai Storti,RESTAURANT,ristorante,https://raw.githubusercontent.com/pasqualelembo78/huntix-poi/main/italia/emilia-romagna/venezia/pages/ostaria_ai_storti_45.4389_12.3338.json,custom
45.438941,12.334311,ov_alla_fonda_45.4389_12.3343,Alla Fonda,RESTAURANT,ristorante,https://raw.githubusercontent.com/pasqualelembo78/huntix-poi/main/italia/emilia-romagna/venezia/pages/alla_fonda_45.4389_12.3343.json,custom
45.438950,12.334657,ov_il_salotto_di_rialto_45.4390_12.3347,Il Salotto di Rialto,RESTAURANT,ristorante,https://raw.githubusercontent.com/pasqualelembo78/huntix-poi/main/italia/emilia-romagna/venezia/pages/il_salotto_di_rialto_45.4390_12.3347.json,custom
45.439000,12.335005,ov_al_merca_45.4390_12.3350,Al Merca,RESTAURANT,ristorante,https://raw.githubusercontent.com/pasqualelembo78/huntix-poi/main/italia/emilia-romagna/venezia/pages/al_merca_45.4390_12.3350.json,custom
45.438945,12.332181,ov_pane_vino_e_san_daniele_rialto_45.4389_12.3322,Pane Vino e San Daniele Rialto,RESTAURANT,ristorante,https://raw.githubusercontent.com/pasqualelembo78/huntix-poi/main/italia/emilia-romagna/venezia/pages/pane_vino_e_san_daniele_rialto_45.4389_12.3322.json,custom
45.438777,12.329255,ov_skb_venezia_halal_food_45.4388_12.3293,SKB Venezia Halal Food,RESTAURANT,ristorante,https://raw.githubusercontent.com/pasqualelembo78/huntix-poi/main/italia/emilia-romagna/venezia/pages/skb_venezia_halal_food_45.4388_12.3293.json,custom
45.438779,12.328583,ov_pizza_2000_45.4388_12.3286,Pizza 2000,RESTAURANT,ristorante,https://raw.githubusercontent.com/pasqualelembo78/huntix-poi/main/italia/emilia-romagna/venezia/pages/pizza_2000_45.4388_12.3286.json,custom
45.438675,12.331016,ov_ristorazione_sant_aponal_45.4387_12.3310,Ristorazione Sant'Aponal,RESTAURANT,ristorante,https://raw.githubusercontent.com/pasqualelembo78/huntix-poi/main/italia/emilia-romagna/venezia/pages/ristorazione_santaponal_45.4387_12.3310.json,custom
45.438647,12.331099,ov_antiche_carampane_45.4386_12.3311,Antiche Carampane,RESTAURANT,ristorante,https://raw.githubusercontent.com/pasqualelembo78/huntix-poi/main/italia/emilia-romagna/venezia/pages/antiche_carampane_45.4386_12.3311.json,custom
45.438575,12.328523,ov_due_colonne_45.4386_12.3285,Due Colonne,RESTAURANT,ristorante,https://raw.githubusercontent.com/pasqualelembo78/huntix-poi/main/italia/emilia-romagna/venezia/pages/due_colonne_45.4386_12.3285.json,custom
45.438653,12.329258,ov_ristorante_osteria_da_fiore_45.4387_12.3293,Ristorante Osteria Da Fiore,RESTAURANT,ristorante,https://raw.githubusercontent.com/pasqualelembo78/huntix-poi/main/italia/emilia-romagna/venezia/pages/ristorante_osteria_da_fiore_45.4387_12.3293.json,custom
45.438552,12.326768,ov_da_lorenzo___al_giardino_segreto_45.4386_12.3268,Da Lorenzo - Al Giardino Segreto,RESTAURANT,ristorante,https://raw.githubusercontent.com/pasqualelembo78/huntix-poi/main/italia/emilia-romagna/venezia/pages/da_lorenzo_-_al_giardino_segreto_45.4386_12.3268.json,custom
45.438522,12.321515,ov_atled_meat_lab___smoke_house_venezia_45.4385_12.3215,Atled Meat Lab · Smoke House Venezia,RESTAURANT,ristorante,https://raw.githubusercontent.com/pasqualelembo78/huntix-poi/main/italia/emilia-romagna/venezia/pages/atled_meat_lab_smoke_house_venezia_45.4385_12.3215.json,custom
45.438580,12.321480,ov_pyramizza_45.4386_12.3215,Pyramizza,RESTAURANT,ristorante,https://raw.githubusercontent.com/pasqualelembo78/huntix-poi/main/italia/emilia-romagna/venezia/pages/pyramizza_45.4386_12.3215.json,custom
45.438692,12.321403,ov_hostaria_vecio_biavarol_45.4387_12.3214,Hostaria Vecio Biavarol,RESTAURANT,ristorante,https://raw.githubusercontent.com/pasqualelembo78/huntix-poi/main/italia/emilia-romagna/venezia/pages/hostaria_vecio_biavarol_45.4387_12.3214.json,custom
45.438855,12.321285,ov_zanze_xvi_45.4389_12.3213,Zanze XVI,RESTAURANT,ristorante,https://raw.githubusercontent.com/pasqualelembo78/huntix-poi/main/italia/emilia-romagna/venezia/pages/zanze_xvi_45.4389_12.3213.json,custom
45.438883,12.323503,ov_osteria_della_rivetta_45.4389_12.3235,Osteria della Rivetta,RESTAURANT,ristorante,https://raw.githubusercontent.com/pasqualelembo78/huntix-poi/main/italia/emilia-romagna/venezia/pages/osteria_della_rivetta_45.4389_12.3235.json,custom
45.438961,12.325676,ov_enoteca_rio_marin_45.4390_12.3257,Enoteca Rio Marin,RESTAURANT,ristorante,https://raw.githubusercontent.com/pasqualelembo78/huntix-poi/main/italia/emilia-romagna/venezia/pages/enoteca_rio_marin_45.4390_12.3257.json,custom
45.439264,12.323116,ov_punto_g_45.4393_12.3231,Punto G,RESTAURANT,ristorante,https://raw.githubusercontent.com/pasqualelembo78/huntix-poi/main/italia/emilia-romagna/venezia/pages/punto_g_45.4393_12.3231.json,custom
45.439209,12.323792,ov_ostaria_al_vecio_pozzo_45.4392_12.3238,Ostaria al Vecio Pozzo,RESTAURANT,ristorante,https://raw.githubusercontent.com/pasqualelembo78/huntix-poi/main/italia/emilia-romagna/venezia/pages/ostaria_al_vecio_pozzo_45.4392_12.3238.json,custom
45.439170,12.333436,ov_cantina_do_spade_45.4392_12.3334,Cantina Do Spade,RESTAURANT,ristorante,https://raw.githubusercontent.com/pasqualelembo78/huntix-poi/main/italia/emilia-romagna/venezia/pages/cantina_do_spade_45.4392_12.3334.json,custom
45.439292,12.333119,ov_fluffy_brunch_45.4393_12.3331,Fluffy Brunch,RESTAURANT,ristorante,https://raw.githubusercontent.com/pasqualelembo78/huntix-poi/main/italia/emilia-romagna/venezia/pages/fluffy_brunch_45.4393_12.3331.json,custom
45.439380,12.327860,ov_ae_oche_san_giacomo_45.4394_12.3279,Ae Oche San Giacomo,RESTAURANT,ristorante,https://raw.githubusercontent.com/pasqualelembo78/huntix-poi/main/italia/emilia-romagna/venezia/pages/ae_oche_san_giacomo_45.4394_12.3279.json,custom
45.439357,12.332697,ov_ostaria_al_garanghelo_45.4394_12.3327,Ostaria al Garanghelo,RESTAURANT,ristorante,https://raw.githubusercontent.com/pasqualelembo78/huntix-poi/main/italia/emilia-romagna/venezia/pages/ostaria_al_garanghelo_45.4394_12.3327.json,custom
45.439362,12.332989,ov_il_sigillo_45.4394_12.3330,Il Sigillo,RESTAURANT,ristorante,https://raw.githubusercontent.com/pasqualelembo78/huntix-poi/main/italia/emilia-romagna/venezia/pages/il_sigillo_45.4394_12.3330.json,custom
45.439380,12.332733,ov_verona_piazza_delle_erbe_45.4394_12.3327,Verona Piazza Delle Erbe,RESTAURANT,ristorante,https://raw.githubusercontent.com/pasqualelembo78/huntix-poi/main/italia/emilia-romagna/venezia/pages/verona_piazza_delle_erbe_45.4394_12.3327.json,custom
45.439416,12.333282,ov_sora_al_ponte_45.4394_12.3333,Sora Al Ponte,RESTAURANT,ristorante,https://raw.githubusercontent.com/pasqualelembo78/huntix-poi/main/italia/emilia-romagna/venezia/pages/sora_al_ponte_45.4394_12.3333.json,custom
45.439495,12.332858,ov_ai_botteri_tratoria_45.4395_12.3329,Ai Botteri Tratoria,RESTAURANT,ristorante,https://raw.githubusercontent.com/pasqualelembo78/huntix-poi/main/italia/emilia-romagna/venezia/pages/ai_botteri_tratoria_45.4395_12.3329.json,custom
45.439353,12.321190,ov_mira_hostaria_45.4394_12.3212,Mira Hostaria,RESTAURANT,ristorante,https://raw.githubusercontent.com/pasqualelembo78/huntix-poi/main/italia/emilia-romagna/venezia/pages/mira_hostaria_45.4394_12.3212.json,custom
45.439719,12.324929,ov_osteria_trefanti_45.4397_12.3249,Osteria Trefanti,RESTAURANT,ristorante,https://raw.githubusercontent.com/pasqualelembo78/huntix-poi/main/italia/emilia-romagna/venezia/pages/osteria_trefanti_45.4397_12.3249.json,custom
45.439726,12.324815,ov_ai_garzoti_45.4397_12.3248,Ai Garzoti,RESTAURANT,ristorante,https://raw.githubusercontent.com/pasqualelembo78/huntix-poi/main/italia/emilia-romagna/venezia/pages/ai_garzoti_45.4397_12.3248.json,custom
45.439872,12.320533,ov_autogrill_45.4399_12.3205,Autogrill,RESTAURANT,ristorante,https://raw.githubusercontent.com/pasqualelembo78/huntix-poi/main/italia/emilia-romagna/venezia/pages/autogrill_45.4399_12.3205.json,custom
45.440058,12.321887,ov_ristorante_la_cupola_45.4401_12.3219,Ristorante la Cupola,RESTAURANT,ristorante,https://raw.githubusercontent.com/pasqualelembo78/huntix-poi/main/italia/emilia-romagna/venezia/pages/ristorante_la_cupola_45.4401_12.3219.json,custom
45.439999,12.327939,ov_la_patatina_di_san_giacomo_45.4400_12.3279,La Patatina di San Giacomo,RESTAURANT,ristorante,https://raw.githubusercontent.com/pasqualelembo78/huntix-poi/main/italia/emilia-romagna/venezia/pages/la_patatina_di_san_giacomo_45.4400_12.3279.json,custom
45.440070,12.330578,ov_bacarretto_45.4401_12.3306,Bacarretto,RESTAURANT,ristorante,https://raw.githubusercontent.com/pasqualelembo78/huntix-poi/main/italia/emilia-romagna/venezia/pages/bacarretto_45.4401_12.3306.json,custom
45.439995,12.331541,ov_osteria_antico_giardinetto_45.4400_12.3315,Osteria Antico Giardinetto,RESTAURANT,ristorante,https://raw.githubusercontent.com/pasqualelembo78/huntix-poi/main/italia/emilia-romagna/venezia/pages/osteria_antico_giardinetto_45.4400_12.3315.json,custom
45.439843,12.332870,ov_giardino_di_giada_45.4398_12.3329,Giardino di Giada,RESTAURANT,ristorante,https://raw.githubusercontent.com/pasqualelembo78/huntix-poi/main/italia/emilia-romagna/venezia/pages/giardino_di_giada_45.4398_12.3329.json,custom
45.439803,12.331209,ov_regina_sconta_45.4398_12.3312,Regina Sconta,RESTAURANT,ristorante,https://raw.githubusercontent.com/pasqualelembo78/huntix-poi/main/italia/emilia-romagna/venezia/pages/regina_sconta_45.4398_12.3312.json,custom
45.439794,12.327667,ov_al_bagolo_45.4398_12.3277,Al Bagolo,RESTAURANT,ristorante,https://raw.githubusercontent.com/pasqualelembo78/huntix-poi/main/italia/emilia-romagna/venezia/pages/al_bagolo_45.4398_12.3277.json,custom
45.439705,12.331336,ov_al_nono_risorto_45.4397_12.3313,Al Nono Risorto,RESTAURANT,ristorante,https://raw.githubusercontent.com/pasqualelembo78/huntix-poi/main/italia/emilia-romagna/venezia/pages/al_nono_risorto_45.4397_12.3313.json,custom
45.439662,12.333461,ov_poste_vecie_45.4397_12.3335,Poste Vecie,RESTAURANT,ristorante,https://raw.githubusercontent.com/pasqualelembo78/huntix-poi/main/italia/emilia-romagna/venezia/pages/poste_vecie_45.4397_12.3335.json,custom
45.439660,12.337467,ov_osteria_ae_forcoe_45.4397_12.3375,Osteria Ae Forcoe,RESTAURANT,ristorante,https://raw.githubusercontent.com/pasqualelembo78/huntix-poi/main/italia/emilia-romagna/venezia/pages/osteria_ae_forcoe_45.4397_12.3375.json,custom
45.439666,12.337470,ov_trattoria_tre_spiedi_45.4397_12.3375,Trattoria Tre Spiedi,RESTAURANT,ristorante,https://raw.githubusercontent.com/pasqualelembo78/huntix-poi/main/italia/emilia-romagna/venezia/pages/trattoria_tre_spiedi_45.4397_12.3375.json,custom
45.439662,12.336842,ov_pizza_e_poi_45.4397_12.3368,Pizza E Poi,RESTAURANT,ristorante,https://raw.githubusercontent.com/pasqualelembo78/huntix-poi/main/italia/emilia-romagna/venezia/pages/pizza_e_poi_45.4397_12.3368.json,custom
45.439728,12.337092,ov_ristorante_da_rimo___venezia_45.4397_12.3371,Ristorante da Rimo - Venezia,RESTAURANT,ristorante,https://raw.githubusercontent.com/pasqualelembo78/huntix-poi/main/italia/emilia-romagna/venezia/pages/ristorante_da_rimo_-_venezia_45.4397_12.3371.json,custom
45.439746,12.336903,ov_al_56_zero_otto_canaregio_45.4397_12.3369,Al 56 Zero Otto Canaregio,RESTAURANT,ristorante,https://raw.githubusercontent.com/pasqualelembo78/huntix-poi/main/italia/emilia-romagna/venezia/pages/al_56_zero_otto_canaregio_45.4397_12.3369.json,custom
45.439730,12.337860,ov_bar_royal_45.4397_12.3379,Bar Royal,RESTAURANT,ristorante,https://raw.githubusercontent.com/pasqualelembo78/huntix-poi/main/italia/emilia-romagna/venezia/pages/bar_royal_45.4397_12.3379.json,custom
45.439833,12.339880,ov_osteria_da_alberto_45.4398_12.3399,Osteria da Alberto,RESTAURANT,ristorante,https://raw.githubusercontent.com/pasqualelembo78/huntix-poi/main/italia/emilia-romagna/venezia/pages/osteria_da_alberto_45.4398_12.3399.json,custom
45.439820,12.338197,ov_un_mondo_divino_45.4398_12.3382,Un Mondo Divino,RESTAURANT,ristorante,https://raw.githubusercontent.com/pasqualelembo78/huntix-poi/main/italia/emilia-romagna/venezia/pages/un_mondo_divino_45.4398_12.3382.json,custom
45.439819,12.338067,ov_ostaria_la_busara_45.4398_12.3381,Ostaria La Busara,RESTAURANT,ristorante,https://raw.githubusercontent.com/pasqualelembo78/huntix-poi/main/italia/emilia-romagna/venezia/pages/ostaria_la_busara_45.4398_12.3381.json,custom
45.439986,12.336468,ov_trattoria_da_rino_45.4400_12.3365,Trattoria da Rino,RESTAURANT,ristorante,https://raw.githubusercontent.com/pasqualelembo78/huntix-poi/main/italia/emilia-romagna/venezia/pages/trattoria_da_rino_45.4400_12.3365.json,custom
45.440040,12.338980,ov_antico_gatoleto_45.4400_12.3390,Antico Gatoleto,RESTAURANT,ristorante,https://raw.githubusercontent.com/pasqualelembo78/huntix-poi/main/italia/emilia-romagna/venezia/pages/antico_gatoleto_45.4400_12.3390.json,custom
45.440001,12.336940,ov_ristorante_al_vagon_45.4400_12.3369,Ristorante Al Vagon,RESTAURANT,ristorante,https://raw.githubusercontent.com/pasqualelembo78/huntix-poi/main/italia/emilia-romagna/venezia/pages/ristorante_al_vagon_45.4400_12.3369.json,custom
45.439876,12.336822,ov_pizza_canotta_45.4399_12.3368,Pizza canotta,RESTAURANT,ristorante,https://raw.githubusercontent.com/pasqualelembo78/huntix-poi/main/italia/emilia-romagna/venezia/pages/pizza_canotta_45.4399_12.3368.json,custom
45.439895,12.339621,ov_el_magazen_45.4399_12.3396,El Magazen,RESTAURANT,ristorante,https://raw.githubusercontent.com/pasqualelembo78/huntix-poi/main/italia/emilia-romagna/venezia/pages/el_magazen_45.4399_12.3396.json,custom
45.439671,12.340590,ov_c___b_spaghetti_45.4397_12.3406,C & B Spaghetti,RESTAURANT,ristorante,https://raw.githubusercontent.com/pasqualelembo78/huntix-poi/main/italia/emilia-romagna/venezia/pages/c_b_spaghetti_45.4397_12.3406.json,custom
45.439560,12.341020,ov_osteria_al_ponte_45.4396_12.3410,Osteria al Ponte,RESTAURANT,ristorante,https://raw.githubusercontent.com/pasqualelembo78/huntix-poi/main/italia/emilia-romagna/venezia/pages/osteria_al_ponte_45.4396_12.3410.json,custom
45.439464,12.333807,ov_wenice___la_gastronomia_veneziana_45.4395_12.3338,WEnice - La Gastronomia Veneziana,RESTAURANT,ristorante,https://raw.githubusercontent.com/pasqualelembo78/huntix-poi/main/italia/emilia-romagna/venezia/pages/wenice_-_la_gastronomia_veneziana_45.4395_12.3338.json,custom
45.439440,12.336465,ov_taverna_al_remer_45.4394_12.3365,Taverna al Remer,RESTAURANT,ristorante,https://raw.githubusercontent.com/pasqualelembo78/huntix-poi/main/italia/emilia-romagna/venezia/pages/taverna_al_remer_45.4394_12.3365.json,custom
45.439310,12.333484,ov_ristorante_vini_da_pinto_45.4393_12.3335,Ristorante Vini Da Pinto,RESTAURANT,ristorante,https://raw.githubusercontent.com/pasqualelembo78/huntix-poi/main/italia/emilia-romagna/venezia/pages/ristorante_vini_da_pinto_45.4393_12.3335.json,custom
45.439314,12.333988,ov_trattoria_antica_torre_45.4393_12.3340,Trattoria Antica Torre,RESTAURANT,ristorante,https://raw.githubusercontent.com/pasqualelembo78/huntix-poi/main/italia/emilia-romagna/venezia/pages/trattoria_antica_torre_45.4393_12.3340.json,custom
45.439322,12.334444,ov_al_peoceto_risorto_45.4393_12.3344,Al Peoceto Risorto,RESTAURANT,ristorante,https://raw.githubusercontent.com/pasqualelembo78/huntix-poi/main/italia/emilia-romagna/venezia/pages/al_peoceto_risorto_45.4393_12.3344.json,custom
45.439293,12.337041,ov_burger_king_45.4393_12.3370,Burger King,RESTAURANT,ristorante,https://raw.githubusercontent.com/pasqualelembo78/huntix-poi/main/italia/emilia-romagna/venezia/pages/burger_king_45.4393_12.3370.json,custom
45.439303,12.337057,ov_bacaro_bar_tabalotto_45.4393_12.3371,Bacaro bar tabalotto,RESTAURANT,ristorante,https://raw.githubusercontent.com/pasqualelembo78/huntix-poi/main/italia/emilia-romagna/venezia/pages/bacaro_bar_tabalotto_45.4393_12.3371.json,custom
45.439282,12.334244,ov_pub_ai_dogi_45.4393_12.3342,Pub Ai Dogi,RESTAURANT,ristorante,https://raw.githubusercontent.com/pasqualelembo78/huntix-poi/main/italia/emilia-romagna/venezia/pages/pub_ai_dogi_45.4393_12.3342.json,custom
45.439045,12.337480,ov_malibran_45.4390_12.3375,Malibran,RESTAURANT,ristorante,https://raw.githubusercontent.com/pasqualelembo78/huntix-poi/main/italia/emilia-romagna/venezia/pages/malibran_45.4390_12.3375.json,custom
45.439040,12.341190,ov_ristorante_al_cavallo_45.4390_12.3412,Ristorante Al Cavallo,RESTAURANT,ristorante,https://raw.githubusercontent.com/pasqualelembo78/huntix-poi/main/italia/emilia-romagna/venezia/pages/ristorante_al_cavallo_45.4390_12.3412.json,custom
45.436837,12.347470,ov_osteria_a_la_scuela_45.4368_12.3475,Osteria A La Scuela,RESTAURANT,ristorante,https://raw.githubusercontent.com/pasqualelembo78/huntix-poi/main/italia/emilia-romagna/venezia/pages/osteria_a_la_scuela_45.4368_12.3475.json,custom
45.436931,12.347931,ov_trattoria_pizzeria_ae_do_marie_45.4369_12.3479,Trattoria Pizzeria Ae Do Marie,RESTAURANT,ristorante,https://raw.githubusercontent.com/pasqualelembo78/huntix-poi/main/italia/emilia-romagna/venezia/pages/trattoria_pizzeria_ae_do_marie_45.4369_12.3479.json,custom
45.437394,12.347093,ov_oriental_venice_caf__45.4374_12.3471,Oriental Venice Cafè,RESTAURANT,ristorante,https://raw.githubusercontent.com/pasqualelembo78/huntix-poi/main/italia/emilia-romagna/venezia/pages/oriental_venice_caf_45.4374_12.3471.json,custom
45.437798,12.342142,ov_al_mascaron_45.4378_12.3421,Al Mascaron,RESTAURANT,ristorante,https://raw.githubusercontent.com/pasqualelembo78/huntix-poi/main/italia/emilia-romagna/venezia/pages/al_mascaron_45.4378_12.3421.json,custom
45.437667,12.341776,ov_zui_ramen___dumplings_45.4377_12.3418,ZUI Ramen & Dumplings,RESTAURANT,ristorante,https://raw.githubusercontent.com/pasqualelembo78/huntix-poi/main/italia/emilia-romagna/venezia/pages/zui_ramen_dumplings_45.4377_12.3418.json,custom
45.437681,12.342265,ov_enoteca_mascareta_45.4377_12.3423,Enoteca Mascareta,RESTAURANT,ristorante,https://raw.githubusercontent.com/pasqualelembo78/huntix-poi/main/italia/emilia-romagna/venezia/pages/enoteca_mascareta_45.4377_12.3423.json,custom
45.437637,12.341648,ov_pizzeria_peter_pan_venezia_45.4376_12.3416,Pizzeria Peter Pan Venezia,RESTAURANT,ristorante,https://raw.githubusercontent.com/pasqualelembo78/huntix-poi/main/italia/emilia-romagna/venezia/pages/pizzeria_peter_pan_venezia_45.4376_12.3416.json,custom
45.437526,12.337203,ov_ca__leon_d_oro_45.4375_12.3372,Ca' Leon d'Oro,RESTAURANT,ristorante,https://raw.githubusercontent.com/pasqualelembo78/huntix-poi/main/italia/emilia-romagna/venezia/pages/ca_leon_doro_45.4375_12.3372.json,custom
45.437530,12.337042,ov_trattoria_aquila_nera_45.4375_12.3370,Trattoria Aquila Nera,RESTAURANT,ristorante,https://raw.githubusercontent.com/pasqualelembo78/huntix-poi/main/italia/emilia-romagna/venezia/pages/trattoria_aquila_nera_45.4375_12.3370.json,custom
45.437539,12.339950,ov_ristorante_ai_barbacani_45.4375_12.3399,Ristorante ai Barbacani,RESTAURANT,ristorante,https://raw.githubusercontent.com/pasqualelembo78/huntix-poi/main/italia/emilia-romagna/venezia/pages/ristorante_ai_barbacani_45.4375_12.3399.json,custom
45.437451,12.339805,ov_mea_libera_tutti_45.4375_12.3398,MEA Libera Tutti,RESTAURANT,ristorante,https://raw.githubusercontent.com/pasqualelembo78/huntix-poi/main/italia/emilia-romagna/venezia/pages/mea_libera_tutti_45.4375_12.3398.json,custom
45.437371,12.338981,ov_snack_and_sweet_45.4374_12.3390,Snack and Sweet,RESTAURANT,ristorante,https://raw.githubusercontent.com/pasqualelembo78/huntix-poi/main/italia/emilia-romagna/venezia/pages/snack_and_sweet_45.4374_12.3390.json,custom
45.437368,12.338768,ov_taverna_san_lio_45.4374_12.3388,Taverna San Lio,RESTAURANT,ristorante,https://raw.githubusercontent.com/pasqualelembo78/huntix-poi/main/italia/emilia-romagna/venezia/pages/taverna_san_lio_45.4374_12.3388.json,custom
45.437384,12.338601,ov_ristominchia_45.4374_12.3386,Ristominchia,RESTAURANT,ristorante,https://raw.githubusercontent.com/pasqualelembo78/huntix-poi/main/italia/emilia-romagna/venezia/pages/ristominchia_45.4374_12.3386.json,custom
45.437364,12.336156,ov_ristorante_al_graspo_de_ua_45.4374_12.3362,Ristorante Al Graspo De Ua,RESTAURANT,ristorante,https://raw.githubusercontent.com/pasqualelembo78/huntix-poi/main/italia/emilia-romagna/venezia/pages/ristorante_al_graspo_de_ua_45.4374_12.3362.json,custom
45.437374,12.333924,ov_restaurant_venedig_45.4374_12.3339,Restaurant Venedig,RESTAURANT,ristorante,https://raw.githubusercontent.com/pasqualelembo78/huntix-poi/main/italia/emilia-romagna/venezia/pages/restaurant_venedig_45.4374_12.3339.json,custom
45.437486,12.334508,ov_ristorante_canal_grande_45.4375_12.3345,Ristorante Canal Grande,RESTAURANT,ristorante,https://raw.githubusercontent.com/pasqualelembo78/huntix-poi/main/italia/emilia-romagna/venezia/pages/ristorante_canal_grande_45.4375_12.3345.json,custom
45.437484,12.333487,ov_la_porta_d_acqua_45.4375_12.3335,La Porta d'Acqua,RESTAURANT,ristorante,https://raw.githubusercontent.com/pasqualelembo78/huntix-poi/main/italia/emilia-romagna/venezia/pages/la_porta_dacqua_45.4375_12.3335.json,custom
45.437694,12.334905,ov_ristorante_florida_45.4377_12.3349,Ristorante Florida,RESTAURANT,ristorante,https://raw.githubusercontent.com/pasqualelembo78/huntix-poi/main/italia/emilia-romagna/venezia/pages/ristorante_florida_45.4377_12.3349.json,custom
45.437764,12.334973,ov_terrazza_sommariva_45.4378_12.3350,Terrazza Sommariva,RESTAURANT,ristorante,https://raw.githubusercontent.com/pasqualelembo78/huntix-poi/main/italia/emilia-romagna/venezia/pages/terrazza_sommariva_45.4378_12.3350.json,custom
45.437754,12.336122,ov_ri_gu__sas_45.4378_12.3361,Ri.Gu. SAS,RESTAURANT,ristorante,https://raw.githubusercontent.com/pasqualelembo78/huntix-poi/main/italia/emilia-romagna/venezia/pages/rigu_sas_45.4378_12.3361.json,custom
45.437688,12.335910,ov_ristorante_rialto_45.4377_12.3359,Ristorante Rialto,RESTAURANT,ristorante,https://raw.githubusercontent.com/pasqualelembo78/huntix-poi/main/italia/emilia-romagna/venezia/pages/ristorante_rialto_45.4377_12.3359.json,custom
45.437694,12.337214,ov_rosticceria_gislon_45.4377_12.3372,Rosticceria Gislon,RESTAURANT,ristorante,https://raw.githubusercontent.com/pasqualelembo78/huntix-poi/main/italia/emilia-romagna/venezia/pages/rosticceria_gislon_45.4377_12.3372.json,custom
45.437736,12.338406,ov_l_olandese_volante_45.4377_12.3384,L'Olandese Volante,RESTAURANT,ristorante,https://raw.githubusercontent.com/pasqualelembo78/huntix-poi/main/italia/emilia-romagna/venezia/pages/lolandese_volante_45.4377_12.3384.json,custom
45.437711,12.337494,ov_ristorante_cuore_veneziano_45.4377_12.3375,Ristorante Cuore Veneziano,RESTAURANT,ristorante,https://raw.githubusercontent.com/pasqualelembo78/huntix-poi/main/italia/emilia-romagna/venezia/pages/ristorante_cuore_veneziano_45.4377_12.3375.json,custom
45.437751,12.337038,ov_al_buso_antico_45.4378_12.3370,Al Buso Antico,RESTAURANT,ristorante,https://raw.githubusercontent.com/pasqualelembo78/huntix-poi/main/italia/emilia-romagna/venezia/pages/al_buso_antico_45.4378_12.3370.json,custom
45.437801,12.337022,ov_bar_nostro_45.4378_12.3370,Bar Nostro,RESTAURANT,ristorante,https://raw.githubusercontent.com/pasqualelembo78/huntix-poi/main/italia/emilia-romagna/venezia/pages/bar_nostro_45.4378_12.3370.json,custom
45.437825,12.337036,ov_calle_della_bissa_45.4378_12.3370,Calle della Bissa,RESTAURANT,ristorante,https://raw.githubusercontent.com/pasqualelembo78/huntix-poi/main/italia/emilia-romagna/venezia/pages/calle_della_bissa_45.4378_12.3370.json,custom
45.437792,12.336578,ov_pizzeria_megaone_45.4378_12.3366,Pizzeria Megaone,RESTAURANT,ristorante,https://raw.githubusercontent.com/pasqualelembo78/huntix-poi/main/italia/emilia-romagna/venezia/pages/pizzeria_megaone_45.4378_12.3366.json,custom
45.437782,12.336147,ov_rivo_alto_45.4378_12.3361,Rivo Alto,RESTAURANT,ristorante,https://raw.githubusercontent.com/pasqualelembo78/huntix-poi/main/italia/emilia-romagna/venezia/pages/rivo_alto_45.4378_12.3361.json,custom
45.437815,12.335827,ov_paulaner_munchen_45.4378_12.3358,Paulaner Munchen,RESTAURANT,ristorante,https://raw.githubusercontent.com/pasqualelembo78/huntix-poi/main/italia/emilia-romagna/venezia/pages/paulaner_munchen_45.4378_12.3358.json,custom
45.437915,12.332999,ov_ostaria_dai_zemei_45.4379_12.3330,Ostaria dai Zemei,RESTAURANT,ristorante,https://raw.githubusercontent.com/pasqualelembo78/huntix-poi/main/italia/emilia-romagna/venezia/pages/ostaria_dai_zemei_45.4379_12.3330.json,custom
45.437774,12.333424,ov_ai_coghi_45.4378_12.3334,Ai Coghi,RESTAURANT,ristorante,https://raw.githubusercontent.com/pasqualelembo78/huntix-poi/main/italia/emilia-romagna/venezia/pages/ai_coghi_45.4378_12.3334.json,custom
45.437757,12.333192,ov_ristorante_san_silvestro_45.4378_12.3332,Ristorante San Silvestro,RESTAURANT,ristorante,https://raw.githubusercontent.com/pasqualelembo78/huntix-poi/main/italia/emilia-romagna/venezia/pages/ristorante_san_silvestro_45.4378_12.3332.json,custom
45.437709,12.333080,ov_ristorante_porta_d_acqua_45.4377_12.3331,Ristorante Porta D'acqua,RESTAURANT,ristorante,https://raw.githubusercontent.com/pasqualelembo78/huntix-poi/main/italia/emilia-romagna/venezia/pages/ristorante_porta_dacqua_45.4377_12.3331.json,custom
45.437840,12.321497,ov_trattoria_agli_amici_45.4378_12.3215,Trattoria Agli Amici,RESTAURANT,ristorante,https://raw.githubusercontent.com/pasqualelembo78/huntix-poi/main/italia/emilia-romagna/venezia/pages/trattoria_agli_amici_45.4378_12.3215.json,custom
45.437833,12.321353,ov_osteria_leone_alato_45.4378_12.3214,Osteria Leone Alato,RESTAURANT,ristorante,https://raw.githubusercontent.com/pasqualelembo78/huntix-poi/main/italia/emilia-romagna/venezia/pages/osteria_leone_alato_45.4378_12.3214.json,custom
45.437788,12.321681,ov_angolo_del_gusto_45.4378_12.3217,Angolo del gusto,RESTAURANT,ristorante,https://raw.githubusercontent.com/pasqualelembo78/huntix-poi/main/italia/emilia-romagna/venezia/pages/angolo_del_gusto_45.4378_12.3217.json,custom
45.437709,12.321336,ov_al_ponte_dei_tolentini_45.4377_12.3213,Al Ponte dei Tolentini,RESTAURANT,ristorante,https://raw.githubusercontent.com/pasqualelembo78/huntix-poi/main/italia/emilia-romagna/venezia/pages/al_ponte_dei_tolentini_45.4377_12.3213.json,custom
45.437477,12.327164,ov_frary_s_45.4375_12.3272,Frary's,RESTAURANT,ristorante,https://raw.githubusercontent.com/pasqualelembo78/huntix-poi/main/italia/emilia-romagna/venezia/pages/frarys_45.4375_12.3272.json,custom
45.437579,12.331466,ov_ristorante_la_rivetta_venezia_45.4376_12.3315,Ristorante La Rivetta Venezia,RESTAURANT,ristorante,https://raw.githubusercontent.com/pasqualelembo78/huntix-poi/main/italia/emilia-romagna/venezia/pages/ristorante_la_rivetta_venezia_45.4376_12.3315.json,custom
45.437393,12.331230,ov_bistr__1473_45.4374_12.3312,Bistrò 1473,RESTAURANT,ristorante,https://raw.githubusercontent.com/pasqualelembo78/huntix-poi/main/italia/emilia-romagna/venezia/pages/bistr_1473_45.4374_12.3312.json,custom
45.437338,12.331242,ov_de_sandro_venice_45.4373_12.3312,De Sandro Venice,RESTAURANT,ristorante,https://raw.githubusercontent.com/pasqualelembo78/huntix-poi/main/italia/emilia-romagna/venezia/pages/de_sandro_venice_45.4373_12.3312.json,custom
45.437328,12.331360,ov_acqua___mais_45.4373_12.3314,Acqua & Mais,RESTAURANT,ristorante,https://raw.githubusercontent.com/pasqualelembo78/huntix-poi/main/italia/emilia-romagna/venezia/pages/acqua_mais_45.4373_12.3314.json,custom
45.437304,12.331187,ov_bepe_bigoi_45.4373_12.3312,Bepe Bigoi,RESTAURANT,ristorante,https://raw.githubusercontent.com/pasqualelembo78/huntix-poi/main/italia/emilia-romagna/venezia/pages/bepe_bigoi_45.4373_12.3312.json,custom
45.437219,12.330919,ov_ravioleria_45.4372_12.3309,Ravioleria,RESTAURANT,ristorante,https://raw.githubusercontent.com/pasqualelembo78/huntix-poi/main/italia/emilia-romagna/venezia/pages/ravioleria_45.4372_12.3309.json,custom
45.437290,12.333393,ov_h2no_enobirrateca_45.4373_12.3334,H2NO Enobirrateca,RESTAURANT,ristorante,https://raw.githubusercontent.com/pasqualelembo78/huntix-poi/main/italia/emilia-romagna/venezia/pages/h2no_enobirrateca_45.4373_12.3334.json,custom
45.437048,12.321301,ov_hostaria_osottoosopra_45.4370_12.3213,Hostaria Osottoosopra,RESTAURANT,ristorante,https://raw.githubusercontent.com/pasqualelembo78/huntix-poi/main/italia/emilia-romagna/venezia/pages/hostaria_osottoosopra_45.4370_12.3213.json,custom
45.436968,12.321635,ov_ribo_restaurant_45.4370_12.3216,ribo restaurant,RESTAURANT,ristorante,https://raw.githubusercontent.com/pasqualelembo78/huntix-poi/main/italia/emilia-romagna/venezia/pages/ribo_restaurant_45.4370_12.3216.json,custom
45.436808,12.327276,ov_la_perla_d_oriente_45.4368_12.3273,La Perla D'Oriente,RESTAURANT,ristorante,https://raw.githubusercontent.com/pasqualelembo78/huntix-poi/main/italia/emilia-romagna/venezia/pages/la_perla_doriente_45.4368_12.3273.json,custom
45.436857,12.329049,ov_la_patatina_san_polo_45.4369_12.3290,La Patatina San Polo,RESTAURANT,ristorante,https://raw.githubusercontent.com/pasqualelembo78/huntix-poi/main/italia/emilia-romagna/venezia/pages/la_patatina_san_polo_45.4369_12.3290.json,custom
45.437053,12.327858,ov_muro_frari_45.4371_12.3279,Muro Frari,RESTAURANT,ristorante,https://raw.githubusercontent.com/pasqualelembo78/huntix-poi/main/italia/emilia-romagna/venezia/pages/muro_frari_45.4371_12.3279.json,custom
45.437080,12.329735,ov_trattoria_al_campanile_45.4371_12.3297,Trattoria AL Campanile,RESTAURANT,ristorante,https://raw.githubusercontent.com/pasqualelembo78/huntix-poi/main/italia/emilia-romagna/venezia/pages/trattoria_al_campanile_45.4371_12.3297.json,custom
45.436887,12.339753,ov_trattoria_da_gigi_45.4369_12.3398,Trattoria Da Gigi,RESTAURANT,ristorante,https://raw.githubusercontent.com/pasqualelembo78/huntix-poi/main/italia/emilia-romagna/venezia/pages/trattoria_da_gigi_45.4369_12.3398.json,custom
45.436947,12.339603,ov_ristorante_mondo_novo_45.4369_12.3396,Ristorante Mondo Novo,RESTAURANT,ristorante,https://raw.githubusercontent.com/pasqualelembo78/huntix-poi/main/italia/emilia-romagna/venezia/pages/ristorante_mondo_novo_45.4369_12.3396.json,custom
45.437072,12.339512,ov_la_serenissima_45.4371_12.3395,La Serenissima,RESTAURANT,ristorante,https://raw.githubusercontent.com/pasqualelembo78/huntix-poi/main/italia/emilia-romagna/venezia/pages/la_serenissima_45.4371_12.3395.json,custom
45.437068,12.338890,ov_osteria_ae_sconte_45.4371_12.3389,Osteria Ae Sconte,RESTAURANT,ristorante,https://raw.githubusercontent.com/pasqualelembo78/huntix-poi/main/italia/emilia-romagna/venezia/pages/osteria_ae_sconte_45.4371_12.3389.json,custom
45.437055,12.337078,ov_antico_calice_45.4371_12.3371,Antico Calice,RESTAURANT,ristorante,https://raw.githubusercontent.com/pasqualelembo78/huntix-poi/main/italia/emilia-romagna/venezia/pages/antico_calice_45.4371_12.3371.json,custom
45.436974,12.336337,ov_oro_restaurant_45.4370_12.3363,Oro Restaurant,RESTAURANT,ristorante,https://raw.githubusercontent.com/pasqualelembo78/huntix-poi/main/italia/emilia-romagna/venezia/pages/oro_restaurant_45.4370_12.3363.json,custom
45.436943,12.334878,ov_ristorante_sapori_di_mare_45.4369_12.3349,Ristorante Sapori di mare,RESTAURANT,ristorante,https://raw.githubusercontent.com/pasqualelembo78/huntix-poi/main/italia/emilia-romagna/venezia/pages/ristorante_sapori_di_mare_45.4369_12.3349.json,custom
45.437319,12.336873,ov_ristorante_pizzeria_da_mamo_45.4373_12.3369,Ristorante Pizzeria Da Mamo,RESTAURANT,ristorante,https://raw.githubusercontent.com/pasqualelembo78/huntix-poi/main/italia/emilia-romagna/venezia/pages/ristorante_pizzeria_da_mamo_45.4373_12.3369.json,custom
45.437252,12.339478,ov_trattoria_da_bruno_45.4373_12.3395,Trattoria da Bruno,RESTAURANT,ristorante,https://raw.githubusercontent.com/pasqualelembo78/huntix-poi/main/italia/emilia-romagna/venezia/pages/trattoria_da_bruno_45.4373_12.3395.json,custom
45.437203,12.339247,ov_fusjon_45.4372_12.3392,Fusjon,RESTAURANT,ristorante,https://raw.githubusercontent.com/pasqualelembo78/huntix-poi/main/italia/emilia-romagna/venezia/pages/fusjon_45.4372_12.3392.json,custom
45.437210,12.337273,ov_ristorante_da_mario_alla_fava_45.4372_12.3373,Ristorante da Mario alla Fava,RESTAURANT,ristorante,https://raw.githubusercontent.com/pasqualelembo78/huntix-poi/main/italia/emilia-romagna/venezia/pages/ristorante_da_mario_alla_fava_45.4372_12.3373.json,custom
45.437150,12.337823,ov_alle_corone_45.4372_12.3378,Alle Corone,RESTAURANT,ristorante,https://raw.githubusercontent.com/pasqualelembo78/huntix-poi/main/italia/emilia-romagna/venezia/pages/alle_corone_45.4372_12.3378.json,custom
45.437156,12.340360,ov_cip_ciap_la_bottega_della_pizza_45.4372_12.3404,Cip Ciap La Bottega della Pizza,RESTAURANT,ristorante,https://raw.githubusercontent.com/pasqualelembo78/huntix-poi/main/italia/emilia-romagna/venezia/pages/cip_ciap_la_bottega_della_pizza_45.4372_12.3404.json,custom
45.437256,12.340667,ov_burchieiio_45.4373_12.3407,BurchieIIo,RESTAURANT,ristorante,https://raw.githubusercontent.com/pasqualelembo78/huntix-poi/main/italia/emilia-romagna/venezia/pages/burchieiio_45.4373_12.3407.json,custom
45.437298,12.341309,ov_ristorante_santa_maria_formosa_45.4373_12.3413,Ristorante Santa Maria Formosa,RESTAURANT,ristorante,https://raw.githubusercontent.com/pasqualelembo78/huntix-poi/main/italia/emilia-romagna/venezia/pages/ristorante_santa_maria_formosa_45.4373_12.3413.json,custom
45.436951,12.346399,ov_pietra_rossa_45.4370_12.3464,Pietra Rossa,RESTAURANT,ristorante,https://raw.githubusercontent.com/pasqualelembo78/huntix-poi/main/italia/emilia-romagna/venezia/pages/pietra_rossa_45.4370_12.3464.json,custom
45.437042,12.340188,ov_osteria_alle_testiere_45.4370_12.3402,Osteria alle Testiere,RESTAURANT,ristorante,https://raw.githubusercontent.com/pasqualelembo78/huntix-poi/main/italia/emilia-romagna/venezia/pages/osteria_alle_testiere_45.4370_12.3402.json,custom
45.436888,12.341950,ov_osteria_ruga_di_jaffa_45.4369_12.3420,Osteria Ruga di Jaffa,RESTAURANT,ristorante,https://raw.githubusercontent.com/pasqualelembo78/huntix-poi/main/italia/emilia-romagna/venezia/pages/osteria_ruga_di_jaffa_45.4369_12.3420.json,custom
45.436684,12.340109,ov_ristorante_da_carletto_45.4367_12.3401,Ristorante Da Carletto,RESTAURANT,ristorante,https://raw.githubusercontent.com/pasqualelembo78/huntix-poi/main/italia/emilia-romagna/venezia/pages/ristorante_da_carletto_45.4367_12.3401.json,custom
45.436676,12.342005,ov_dal_moro_s_spritzeat_45.4367_12.3420,Dal Moro's SpritzEat,RESTAURANT,ristorante,https://raw.githubusercontent.com/pasqualelembo78/huntix-poi/main/italia/emilia-romagna/venezia/pages/dal_moros_spritzeat_45.4367_12.3420.json,custom
45.436301,12.342229,ov_un_pasto_ovunque_cibo_e_bevande_da_aspor_45.4363_12.3422,Un Pasto Ovunque Cibo E Bevande Da Asporto,RESTAURANT,ristorante,https://raw.githubusercontent.com/pasqualelembo78/huntix-poi/main/italia/emilia-romagna/venezia/pages/un_pasto_ovunque_cibo_e_bevande_da_aspor_45.4363_12.3422.json,custom
45.436291,12.342288,ov_osteria_al_pozzo_roverso_45.4363_12.3423,Osteria Al Pozzo Roverso,RESTAURANT,ristorante,https://raw.githubusercontent.com/pasqualelembo78/huntix-poi/main/italia/emilia-romagna/venezia/pages/osteria_al_pozzo_roverso_45.4363_12.3423.json,custom
45.436399,12.342222,ov_morbido_e_croccante_45.4364_12.3422,Morbido e Croccante,RESTAURANT,ristorante,https://raw.githubusercontent.com/pasqualelembo78/huntix-poi/main/italia/emilia-romagna/venezia/pages/morbido_e_croccante_45.4364_12.3422.json,custom
45.436422,12.342210,ov_bacarando_street_food_45.4364_12.3422,Bacarando Street Food,RESTAURANT,ristorante,https://raw.githubusercontent.com/pasqualelembo78/huntix-poi/main/italia/emilia-romagna/venezia/pages/bacarando_street_food_45.4364_12.3422.json,custom
45.436481,12.342133,ov_trattoria_agli_artisti_45.4365_12.3421,Trattoria Agli Artisti,RESTAURANT,ristorante,https://raw.githubusercontent.com/pasqualelembo78/huntix-poi/main/italia/emilia-romagna/venezia/pages/trattoria_agli_artisti_45.4365_12.3421.json,custom
45.436430,12.337168,ov_osteria_da_luca_45.4364_12.3372,Osteria da Luca,RESTAURANT,ristorante,https://raw.githubusercontent.com/pasqualelembo78/huntix-poi/main/italia/emilia-romagna/venezia/pages/osteria_da_luca_45.4364_12.3372.json,custom
45.436380,12.337706,ov_trattoria_al_gazzettino_45.4364_12.3377,Trattoria Al Gazzettino,RESTAURANT,ristorante,https://raw.githubusercontent.com/pasqualelembo78/huntix-poi/main/italia/emilia-romagna/venezia/pages/trattoria_al_gazzettino_45.4364_12.3377.json,custom
45.436418,12.339544,ov_pizzeria_birreria_barbanera_45.4364_12.3395,Pizzeria Birreria Barbanera,RESTAURANT,ristorante,https://raw.githubusercontent.com/pasqualelembo78/huntix-poi/main/italia/emilia-romagna/venezia/pages/pizzeria_birreria_barbanera_45.4364_12.3395.json,custom
45.436333,12.339470,ov_il_canovaccio_45.4363_12.3395,il Canovaccio,RESTAURANT,ristorante,https://raw.githubusercontent.com/pasqualelembo78/huntix-poi/main/italia/emilia-romagna/venezia/pages/il_canovaccio_45.4363_12.3395.json,custom
45.436323,12.334801,ov_al_colombo_de_l_opera_45.4363_12.3348,Al Colombo de l'Opera,RESTAURANT,ristorante,https://raw.githubusercontent.com/pasqualelembo78/huntix-poi/main/italia/emilia-romagna/venezia/pages/al_colombo_de_lopera_45.4363_12.3348.json,custom
45.436512,12.335783,ov_ponte_del_lovo_45.4365_12.3358,Ponte del Lovo,RESTAURANT,ristorante,https://raw.githubusercontent.com/pasqualelembo78/huntix-poi/main/italia/emilia-romagna/venezia/pages/ponte_del_lovo_45.4365_12.3358.json,custom
45.436491,12.335654,ov_la_bottega_del_caffe_45.4365_12.3357,La Bottega del Caffe,RESTAURANT,ristorante,https://raw.githubusercontent.com/pasqualelembo78/huntix-poi/main/italia/emilia-romagna/venezia/pages/la_bottega_del_caffe_45.4365_12.3357.json,custom
45.436645,12.334426,ov_self_service_rialto_venezia_45.4366_12.3344,Self Service Rialto Venezia,RESTAURANT,ristorante,https://raw.githubusercontent.com/pasqualelembo78/huntix-poi/main/italia/emilia-romagna/venezia/pages/self_service_rialto_venezia_45.4366_12.3344.json,custom
45.436540,12.339739,ov_pasta___pasta_45.4365_12.3397,Pasta & Pasta,RESTAURANT,ristorante,https://raw.githubusercontent.com/pasqualelembo78/huntix-poi/main/italia/emilia-romagna/venezia/pages/pasta_pasta_45.4365_12.3397.json,custom
45.436754,12.335214,ov_antica_carbonera_45.4368_12.3352,Antica Carbonera,RESTAURANT,ristorante,https://raw.githubusercontent.com/pasqualelembo78/huntix-poi/main/italia/emilia-romagna/venezia/pages/antica_carbonera_45.4368_12.3352.json,custom
45.436751,12.334525,ov_ristorante_omnibus_45.4368_12.3345,Ristorante Omnibus,RESTAURANT,ristorante,https://raw.githubusercontent.com/pasqualelembo78/huntix-poi/main/italia/emilia-romagna/venezia/pages/ristorante_omnibus_45.4368_12.3345.json,custom
45.436681,12.328653,ov_trattoria_da_ignazio_45.4367_12.3287,Trattoria Da Ignazio,RESTAURANT,ristorante,https://raw.githubusercontent.com/pasqualelembo78/huntix-poi/main/italia/emilia-romagna/venezia/pages/trattoria_da_ignazio_45.4367_12.3287.json,custom
45.436765,12.328246,ov_ristorante_g_nstig_45.4368_12.3282,Ristorante Günstig,RESTAURANT,ristorante,https://raw.githubusercontent.com/pasqualelembo78/huntix-poi/main/italia/emilia-romagna/venezia/pages/ristorante_gnstig_45.4368_12.3282.json,custom
45.436458,12.323174,ov_osteria_ae_cravate_45.4365_12.3232,Osteria ae Cravate,RESTAURANT,ristorante,https://raw.githubusercontent.com/pasqualelembo78/huntix-poi/main/italia/emilia-romagna/venezia/pages/osteria_ae_cravate_45.4365_12.3232.json,custom
45.436340,12.325793,ov_il_refettorio_45.4363_12.3258,Il Refettorio,RESTAURANT,ristorante,https://raw.githubusercontent.com/pasqualelembo78/huntix-poi/main/italia/emilia-romagna/venezia/pages/il_refettorio_45.4363_12.3258.json,custom
45.436325,12.326830,ov_koenji_45.4363_12.3268,Koenji,RESTAURANT,ristorante,https://raw.githubusercontent.com/pasqualelembo78/huntix-poi/main/italia/emilia-romagna/venezia/pages/koenji_45.4363_12.3268.json,custom
45.436033,12.329554,ov_palazzo_barbarigo_cafe_45.4360_12.3296,Palazzo Barbarigo Cafe,RESTAURANT,ristorante,https://raw.githubusercontent.com/pasqualelembo78/huntix-poi/main/italia/emilia-romagna/venezia/pages/palazzo_barbarigo_cafe_45.4360_12.3296.json,custom
45.436035,12.327064,ov_trattoria_pizzeria_san_toma_45.4360_12.3271,Trattoria Pizzeria San Toma,RESTAURANT,ristorante,https://raw.githubusercontent.com/pasqualelembo78/huntix-poi/main/italia/emilia-romagna/venezia/pages/trattoria_pizzeria_san_toma_45.4360_12.3271.json,custom
45.436158,12.324594,ov_adriatico_mar_45.4362_12.3246,Adriatico Mar,RESTAURANT,ristorante,https://raw.githubusercontent.com/pasqualelembo78/huntix-poi/main/italia/emilia-romagna/venezia/pages/adriatico_mar_45.4362_12.3246.json,custom
45.436195,12.323910,ov_dolphin_45.4362_12.3239,Dolphin,RESTAURANT,ristorante,https://raw.githubusercontent.com/pasqualelembo78/huntix-poi/main/italia/emilia-romagna/venezia/pages/dolphin_45.4362_12.3239.json,custom
45.436243,12.323959,ov_ristorante_pizzeria_dolfin_45.4362_12.3240,Ristorante Pizzeria Dolfin,RESTAURANT,ristorante,https://raw.githubusercontent.com/pasqualelembo78/huntix-poi/main/italia/emilia-romagna/venezia/pages/ristorante_pizzeria_dolfin_45.4362_12.3240.json,custom
45.436069,12.323864,ov_la_lanterna_45.4361_12.3239,La Lanterna,RESTAURANT,ristorante,https://raw.githubusercontent.com/pasqualelembo78/huntix-poi/main/italia/emilia-romagna/venezia/pages/la_lanterna_45.4361_12.3239.json,custom
45.436044,12.325523,ov_bacarotto_45.4360_12.3255,Bacarotto,RESTAURANT,ristorante,https://raw.githubusercontent.com/pasqualelembo78/huntix-poi/main/italia/emilia-romagna/venezia/pages/bacarotto_45.4360_12.3255.json,custom
45.436060,12.325490,ov_skb_venezia_45.4361_12.3255,SKB Venezia,RESTAURANT,ristorante,https://raw.githubusercontent.com/pasqualelembo78/huntix-poi/main/italia/emilia-romagna/venezia/pages/skb_venezia_45.4361_12.3255.json,custom
45.436001,12.326698,ov_ristorante_al_giardinetto_venezia_45.4360_12.3267,Ristorante Al Giardinetto Venezia,RESTAURANT,ristorante,https://raw.githubusercontent.com/pasqualelembo78/huntix-poi/main/italia/emilia-romagna/venezia/pages/ristorante_al_giardinetto_venezia_45.4360_12.3267.json,custom
45.436020,12.325431,ov_la_patatina_san_rocco_45.4360_12.3254,La Patatina San Rocco,RESTAURANT,ristorante,https://raw.githubusercontent.com/pasqualelembo78/huntix-poi/main/italia/emilia-romagna/venezia/pages/la_patatina_san_rocco_45.4360_12.3254.json,custom
45.435857,12.326490,ov_osteria_fanal_del_codega_45.4359_12.3265,Osteria Fanal del Codega,RESTAURANT,ristorante,https://raw.githubusercontent.com/pasqualelembo78/huntix-poi/main/italia/emilia-romagna/venezia/pages/osteria_fanal_del_codega_45.4359_12.3265.json,custom
45.435834,12.326664,ov_osteria_del_cason_45.4358_12.3267,Osteria Del Cason,RESTAURANT,ristorante,https://raw.githubusercontent.com/pasqualelembo78/huntix-poi/main/italia/emilia-romagna/venezia/pages/osteria_del_cason_45.4358_12.3267.json,custom
45.435860,12.325387,ov_impronta_restaurant_venice_45.4359_12.3254,Impronta Restaurant Venice,RESTAURANT,ristorante,https://raw.githubusercontent.com/pasqualelembo78/huntix-poi/main/italia/emilia-romagna/venezia/pages/impronta_restaurant_venice_45.4359_12.3254.json,custom
45.435795,12.325371,ov_trattoria_pizzeria_da_sara_45.4358_12.3254,Trattoria Pizzeria da Sara,RESTAURANT,ristorante,https://raw.githubusercontent.com/pasqualelembo78/huntix-poi/main/italia/emilia-romagna/venezia/pages/trattoria_pizzeria_da_sara_45.4358_12.3254.json,custom
45.435773,12.326691,ov_ristorante_wisteria_45.4358_12.3267,Ristorante Wisteria,RESTAURANT,ristorante,https://raw.githubusercontent.com/pasqualelembo78/huntix-poi/main/italia/emilia-romagna/venezia/pages/ristorante_wisteria_45.4358_12.3267.json,custom
45.435751,12.326283,ov_trattoria_dona_onesta_45.4358_12.3263,Trattoria Dona Onesta,RESTAURANT,ristorante,https://raw.githubusercontent.com/pasqualelembo78/huntix-poi/main/italia/emilia-romagna/venezia/pages/trattoria_dona_onesta_45.4358_12.3263.json,custom
45.435716,12.325809,ov_bigoi_venezia_45.4357_12.3258,Bigoi venezia,RESTAURANT,ristorante,https://raw.githubusercontent.com/pasqualelembo78/huntix-poi/main/italia/emilia-romagna/venezia/pages/bigoi_venezia_45.4357_12.3258.json,custom
45.435708,12.326235,ov_bacaro_vintid__45.4357_12.3262,Bacaro Vintidò,RESTAURANT,ristorante,https://raw.githubusercontent.com/pasqualelembo78/huntix-poi/main/italia/emilia-romagna/venezia/pages/bacaro_vintid_45.4357_12.3262.json,custom
45.435803,12.334951,ov_osteria_leon_bianco_45.4358_12.3350,Osteria Leon Bianco,RESTAURANT,ristorante,https://raw.githubusercontent.com/pasqualelembo78/huntix-poi/main/italia/emilia-romagna/venezia/pages/osteria_leon_bianco_45.4358_12.3350.json,custom
45.435721,12.338785,ov_casanova_45.4357_12.3388,Casanova,RESTAURANT,ristorante,https://raw.githubusercontent.com/pasqualelembo78/huntix-poi/main/italia/emilia-romagna/venezia/pages/casanova_45.4357_12.3388.json,custom
45.435773,12.338948,ov_1000_gourmet_45.4358_12.3389,1000 Gourmet,RESTAURANT,ristorante,https://raw.githubusercontent.com/pasqualelembo78/huntix-poi/main/italia/emilia-romagna/venezia/pages/1000_gourmet_45.4358_12.3389.json,custom
45.435936,12.338946,ov_ristorante_cavatappi_45.4359_12.3389,Ristorante Cavatappi,RESTAURANT,ristorante,https://raw.githubusercontent.com/pasqualelembo78/huntix-poi/main/italia/emilia-romagna/venezia/pages/ristorante_cavatappi_45.4359_12.3389.json,custom
45.435929,12.337539,ov_le_maschere_45.4359_12.3375,Le Maschere,RESTAURANT,ristorante,https://raw.githubusercontent.com/pasqualelembo78/huntix-poi/main/italia/emilia-romagna/venezia/pages/le_maschere_45.4359_12.3375.json,custom
45.435921,12.336003,ov_trattoria_de_fabri_45.4359_12.3360,Trattoria de fabri,RESTAURANT,ristorante,https://raw.githubusercontent.com/pasqualelembo78/huntix-poi/main/italia/emilia-romagna/venezia/pages/trattoria_de_fabri_45.4359_12.3360.json,custom
45.435830,12.335070,ov_bar_torino_45.4358_12.3351,Bar Torino,RESTAURANT,ristorante,https://raw.githubusercontent.com/pasqualelembo78/huntix-poi/main/italia/emilia-romagna/venezia/pages/bar_torino_45.4358_12.3351.json,custom
45.436117,12.335742,ov_cibo_45.4361_12.3357,Cibo,RESTAURANT,ristorante,https://raw.githubusercontent.com/pasqualelembo78/huntix-poi/main/italia/emilia-romagna/venezia/pages/cibo_45.4361_12.3357.json,custom
45.436106,12.335824,ov_ostaria_a_la_campana_45.4361_12.3358,Ostaria A La Campana,RESTAURANT,ristorante,https://raw.githubusercontent.com/pasqualelembo78/huntix-poi/main/italia/emilia-romagna/venezia/pages/ostaria_a_la_campana_45.4361_12.3358.json,custom
45.436112,12.338049,ov_trattoria_alla_scala_45.4361_12.3380,Trattoria Alla Scala,RESTAURANT,ristorante,https://raw.githubusercontent.com/pasqualelembo78/huntix-poi/main/italia/emilia-romagna/venezia/pages/trattoria_alla_scala_45.4361_12.3380.json,custom
45.436148,12.337796,ov_ristorante_sempione_45.4361_12.3378,Ristorante Sempione,RESTAURANT,ristorante,https://raw.githubusercontent.com/pasqualelembo78/huntix-poi/main/italia/emilia-romagna/venezia/pages/ristorante_sempione_45.4361_12.3378.json,custom
45.436213,12.338424,ov_al_conte_pescaor_45.4362_12.3384,Al Conte Pescaor,RESTAURANT,ristorante,https://raw.githubusercontent.com/pasqualelembo78/huntix-poi/main/italia/emilia-romagna/venezia/pages/al_conte_pescaor_45.4362_12.3384.json,custom
45.436217,12.338343,ov_punto_pizza_45.4362_12.3383,Punto Pizza,RESTAURANT,ristorante,https://raw.githubusercontent.com/pasqualelembo78/huntix-poi/main/italia/emilia-romagna/venezia/pages/punto_pizza_45.4362_12.3383.json,custom
45.436173,12.339790,ov_dal_moro_s_45.4362_12.3398,Dal Moro's,RESTAURANT,ristorante,https://raw.githubusercontent.com/pasqualelembo78/huntix-poi/main/italia/emilia-romagna/venezia/pages/dal_moros_45.4362_12.3398.json,custom
45.436081,12.339884,ov_osteria_da_bubi_45.4361_12.3399,Osteria Da Bubi,RESTAURANT,ristorante,https://raw.githubusercontent.com/pasqualelembo78/huntix-poi/main/italia/emilia-romagna/venezia/pages/osteria_da_bubi_45.4361_12.3399.json,custom
45.436063,12.338974,ov_ristorante_pizzeria_al_mercante_45.4361_12.3390,Ristorante Pizzeria Al Mercante,RESTAURANT,ristorante,https://raw.githubusercontent.com/pasqualelembo78/huntix-poi/main/italia/emilia-romagna/venezia/pages/ristorante_pizzeria_al_mercante_45.4361_12.3390.json,custom
45.435968,12.338339,ov_osteria_numero_1_45.4360_12.3383,Osteria Numero 1,RESTAURANT,ristorante,https://raw.githubusercontent.com/pasqualelembo78/huntix-poi/main/italia/emilia-romagna/venezia/pages/osteria_numero_1_45.4360_12.3383.json,custom
45.435990,12.342552,ov_al_vecio_canton_45.4360_12.3426,Al Vecio Canton,RESTAURANT,ristorante,https://raw.githubusercontent.com/pasqualelembo78/huntix-poi/main/italia/emilia-romagna/venezia/pages/al_vecio_canton_45.4360_12.3426.json,custom
45.436076,12.342678,ov_ristorante_al_giardinetto_da_severino_45.4361_12.3427,Ristorante Al Giardinetto da Severino,RESTAURANT,ristorante,https://raw.githubusercontent.com/pasqualelembo78/huntix-poi/main/italia/emilia-romagna/venezia/pages/ristorante_al_giardinetto_da_severino_45.4361_12.3427.json,custom
45.436045,12.343456,ov_luna_sentada_45.4360_12.3435,Luna Sentada,RESTAURANT,ristorante,https://raw.githubusercontent.com/pasqualelembo78/huntix-poi/main/italia/emilia-romagna/venezia/pages/luna_sentada_45.4360_12.3435.json,custom
45.435995,12.344274,ov_ristorante_alla_conchiglia_45.4360_12.3443,Ristorante alla Conchiglia,RESTAURANT,ristorante,https://raw.githubusercontent.com/pasqualelembo78/huntix-poi/main/italia/emilia-romagna/venezia/pages/ristorante_alla_conchiglia_45.4360_12.3443.json,custom
45.435861,12.344280,ov_trattoria_da_giorgio_45.4359_12.3443,Trattoria Da Giorgio,RESTAURANT,ristorante,https://raw.githubusercontent.com/pasqualelembo78/huntix-poi/main/italia/emilia-romagna/venezia/pages/trattoria_da_giorgio_45.4359_12.3443.json,custom
45.435711,12.342292,ov_ristorante_antica_sacrestia_45.4357_12.3423,Ristorante Antica Sacrestia,RESTAURANT,ristorante,https://raw.githubusercontent.com/pasqualelembo78/huntix-poi/main/italia/emilia-romagna/venezia/pages/ristorante_antica_sacrestia_45.4357_12.3423.json,custom
45.435750,12.344064,ov_chiceria_45.4358_12.3441,CHICeria,RESTAURANT,ristorante,https://raw.githubusercontent.com/pasqualelembo78/huntix-poi/main/italia/emilia-romagna/venezia/pages/chiceria_45.4358_12.3441.json,custom
45.436037,12.348503,ov_osteria_ai_do_pozzi_45.4360_12.3485,Osteria Ai Do Pozzi,RESTAURANT,ristorante,https://raw.githubusercontent.com/pasqualelembo78/huntix-poi/main/italia/emilia-romagna/venezia/pages/osteria_ai_do_pozzi_45.4360_12.3485.json,custom
45.436368,12.347564,ov_trattoria_da_jonny_45.4364_12.3476,Trattoria da Jonny,RESTAURANT,ristorante,https://raw.githubusercontent.com/pasqualelembo78/huntix-poi/main/italia/emilia-romagna/venezia/pages/trattoria_da_jonny_45.4364_12.3476.json,custom
45.440019,12.373668,ov_trattoria_alle_vignole_45.4400_12.3737,Trattoria Alle Vignole,RESTAURANT,ristorante,https://raw.githubusercontent.com/pasqualelembo78/huntix-poi/main/italia/emilia-romagna/venezia/pages/trattoria_alle_vignole_45.4400_12.3737.json,custom
45.444578,12.392687,ov_tedeschi_srl_45.4446_12.3927,Tedeschi SRL,RESTAURANT,ristorante,https://raw.githubusercontent.com/pasqualelembo78/huntix-poi/main/italia/emilia-romagna/venezia/pages/tedeschi_srl_45.4446_12.3927.json,custom
45.444584,12.332066,ov_il_paradiso_perduto_45.4446_12.3321,Il Paradiso Perduto,RESTAURANT,ristorante,https://raw.githubusercontent.com/pasqualelembo78/huntix-poi/main/italia/emilia-romagna/venezia/pages/il_paradiso_perduto_45.4446_12.3321.json,custom
45.444375,12.329437,ov_iguanna_45.4444_12.3294,Iguanna,RESTAURANT,ristorante,https://raw.githubusercontent.com/pasqualelembo78/huntix-poi/main/italia/emilia-romagna/venezia/pages/iguanna_45.4444_12.3294.json,custom
45.444559,12.328362,ov_venetika_45.4446_12.3284,Venetika,RESTAURANT,ristorante,https://raw.githubusercontent.com/pasqualelembo78/huntix-poi/main/italia/emilia-romagna/venezia/pages/venetika_45.4446_12.3284.json,custom
45.444512,12.324655,ov_zoja_restaurant_45.4445_12.3247,Zoja Restaurant,RESTAURANT,ristorante,https://raw.githubusercontent.com/pasqualelembo78/huntix-poi/main/italia/emilia-romagna/venezia/pages/zoja_restaurant_45.4445_12.3247.json,custom
45.444557,12.324129,ov_trattoria_alla_fontana_45.4446_12.3241,Trattoria Alla Fontana,RESTAURANT,ristorante,https://raw.githubusercontent.com/pasqualelembo78/huntix-poi/main/italia/emilia-romagna/venezia/pages/trattoria_alla_fontana_45.4446_12.3241.json,custom
45.444441,12.323932,ov_farahone_45.4444_12.3239,Farahone,RESTAURANT,ristorante,https://raw.githubusercontent.com/pasqualelembo78/huntix-poi/main/italia/emilia-romagna/venezia/pages/farahone_45.4444_12.3239.json,custom
45.444449,12.323652,ov_dama_restaurant_venezia_45.4444_12.3237,Dama Restaurant Venezia,RESTAURANT,ristorante,https://raw.githubusercontent.com/pasqualelembo78/huntix-poi/main/italia/emilia-romagna/venezia/pages/dama_restaurant_venezia_45.4444_12.3237.json,custom
45.444252,12.324036,ov_la_bella_pollastrella_45.4443_12.3240,La Bella Pollastrella,RESTAURANT,ristorante,https://raw.githubusercontent.com/pasqualelembo78/huntix-poi/main/italia/emilia-romagna/venezia/pages/la_bella_pollastrella_45.4443_12.3240.json,custom
45.444110,12.325038,ov_gam_gam_kosher_restaurant_45.4441_12.3250,GAM GAM Kosher Restaurant,RESTAURANT,ristorante,https://raw.githubusercontent.com/pasqualelembo78/huntix-poi/main/italia/emilia-romagna/venezia/pages/gam_gam_kosher_restaurant_45.4441_12.3250.json,custom
45.444156,12.328695,ov_ristorante_due_fratelli_45.4442_12.3287,Ristorante Due Fratelli,RESTAURANT,ristorante,https://raw.githubusercontent.com/pasqualelembo78/huntix-poi/main/italia/emilia-romagna/venezia/pages/ristorante_due_fratelli_45.4442_12.3287.json,custom
45.444268,12.328798,ov_pizzeria_vesuvio_45.4443_12.3288,Pizzeria Vesuvio,RESTAURANT,ristorante,https://raw.githubusercontent.com/pasqualelembo78/huntix-poi/main/italia/emilia-romagna/venezia/pages/pizzeria_vesuvio_45.4443_12.3288.json,custom
45.444224,12.332753,ov_trattoria_misericordia_45.4442_12.3328,Trattoria Misericordia,RESTAURANT,ristorante,https://raw.githubusercontent.com/pasqualelembo78/huntix-poi/main/italia/emilia-romagna/venezia/pages/trattoria_misericordia_45.4442_12.3328.json,custom
45.444241,12.332677,ov_restaurant_diana_45.4442_12.3327,Restaurant Diana,RESTAURANT,ristorante,https://raw.githubusercontent.com/pasqualelembo78/huntix-poi/main/italia/emilia-romagna/venezia/pages/restaurant_diana_45.4442_12.3327.json,custom
45.444105,12.332955,ov_maramao_45.4441_12.3330,Maramao,RESTAURANT,ristorante,https://raw.githubusercontent.com/pasqualelembo78/huntix-poi/main/italia/emilia-romagna/venezia/pages/maramao_45.4441_12.3330.json,custom
45.443798,12.327567,ov_trattoria_da_mimmo_45.4438_12.3276,Trattoria da Mimmo,RESTAURANT,ristorante,https://raw.githubusercontent.com/pasqualelembo78/huntix-poi/main/italia/emilia-romagna/venezia/pages/trattoria_da_mimmo_45.4438_12.3276.json,custom
45.443922,12.328163,ov_le_campane_45.4439_12.3282,Le Campane,RESTAURANT,ristorante,https://raw.githubusercontent.com/pasqualelembo78/huntix-poi/main/italia/emilia-romagna/venezia/pages/le_campane_45.4439_12.3282.json,custom
45.443986,12.329160,ov_ristorante_al_cinema_italia_45.4440_12.3292,Ristorante Al Cinema Italia,RESTAURANT,ristorante,https://raw.githubusercontent.com/pasqualelembo78/huntix-poi/main/italia/emilia-romagna/venezia/pages/ristorante_al_cinema_italia_45.4440_12.3292.json,custom
45.443981,12.325338,ov_trattoria_bar_pontini_45.4440_12.3253,Trattoria Bar Pontini,RESTAURANT,ristorante,https://raw.githubusercontent.com/pasqualelembo78/huntix-poi/main/italia/emilia-romagna/venezia/pages/trattoria_bar_pontini_45.4440_12.3253.json,custom
45.443793,12.326272,ov_ristorante_da_nini_45.4438_12.3263,Ristorante Da Nini,RESTAURANT,ristorante,https://raw.githubusercontent.com/pasqualelembo78/huntix-poi/main/italia/emilia-romagna/venezia/pages/ristorante_da_nini_45.4438_12.3263.json,custom
45.443787,12.326669,ov_ristorante_al_gazebo_45.4438_12.3267,Ristorante al Gazebo,RESTAURANT,ristorante,https://raw.githubusercontent.com/pasqualelembo78/huntix-poi/main/italia/emilia-romagna/venezia/pages/ristorante_al_gazebo_45.4438_12.3267.json,custom
45.443753,12.326393,ov_restaurante_speranzza_45.4438_12.3264,Restaurante Speranzza,RESTAURANT,ristorante,https://raw.githubusercontent.com/pasqualelembo78/huntix-poi/main/italia/emilia-romagna/venezia/pages/restaurante_speranzza_45.4438_12.3264.json,custom
45.443716,12.325948,ov_trattoria_al_poggio_45.4437_12.3259,Trattoria Al Poggio,RESTAURANT,ristorante,https://raw.githubusercontent.com/pasqualelembo78/huntix-poi/main/italia/emilia-romagna/venezia/pages/trattoria_al_poggio_45.4437_12.3259.json,custom
45.443676,12.326123,ov_cicchetteria_venexiana_da_luca_e_fred_45.4437_12.3261,Cicchetteria Venexiana da Luca e Fred,RESTAURANT,ristorante,https://raw.githubusercontent.com/pasqualelembo78/huntix-poi/main/italia/emilia-romagna/venezia/pages/cicchetteria_venexiana_da_luca_e_fred_45.4437_12.3261.json,custom
45.443616,12.325212,ov_restaurant_trattoria_da_bepi_45.4436_12.3252,Restaurant Trattoria Da Bepi,RESTAURANT,ristorante,https://raw.githubusercontent.com/pasqualelembo78/huntix-poi/main/italia/emilia-romagna/venezia/pages/restaurant_trattoria_da_bepi_45.4436_12.3252.json,custom
45.443575,12.325882,ov_trattoria_alla_palazzina_45.4436_12.3259,Trattoria alla Palazzina,RESTAURANT,ristorante,https://raw.githubusercontent.com/pasqualelembo78/huntix-poi/main/italia/emilia-romagna/venezia/pages/trattoria_alla_palazzina_45.4436_12.3259.json,custom
45.443705,12.327194,ov_trattoria_da_gigio_45.4437_12.3272,Trattoria Da Gigio,RESTAURANT,ristorante,https://raw.githubusercontent.com/pasqualelembo78/huntix-poi/main/italia/emilia-romagna/venezia/pages/trattoria_da_gigio_45.4437_12.3272.json,custom
45.443737,12.329136,ov_la_colombina_45.4437_12.3291,La Colombina,RESTAURANT,ristorante,https://raw.githubusercontent.com/pasqualelembo78/huntix-poi/main/italia/emilia-romagna/venezia/pages/la_colombina_45.4437_12.3291.json,custom
45.443725,12.330044,ov_sala_interna_ristorante_45.4437_12.3300,Sala Interna Ristorante,RESTAURANT,ristorante,https://raw.githubusercontent.com/pasqualelembo78/huntix-poi/main/italia/emilia-romagna/venezia/pages/sala_interna_ristorante_45.4437_12.3300.json,custom
45.443508,12.330453,ov_osteria_dei_sapori_45.4435_12.3305,Osteria dei Sapori,RESTAURANT,ristorante,https://raw.githubusercontent.com/pasqualelembo78/huntix-poi/main/italia/emilia-romagna/venezia/pages/osteria_dei_sapori_45.4435_12.3305.json,custom
45.443640,12.338810,ov_do_forni_45.4436_12.3388,Do Forni,RESTAURANT,ristorante,https://raw.githubusercontent.com/pasqualelembo78/huntix-poi/main/italia/emilia-romagna/venezia/pages/do_forni_45.4436_12.3388.json,custom
45.443804,12.338848,ov_tortuga___pizzeria_45.4438_12.3388,TORTUGA - pizzeria,RESTAURANT,ristorante,https://raw.githubusercontent.com/pasqualelembo78/huntix-poi/main/italia/emilia-romagna/venezia/pages/tortuga_-_pizzeria_45.4438_12.3388.json,custom
45.443130,12.340328,ov_algiubagio_restaurant_45.4431_12.3403,Algiubagio Restaurant,RESTAURANT,ristorante,https://raw.githubusercontent.com/pasqualelembo78/huntix-poi/main/italia/emilia-romagna/venezia/pages/algiubagio_restaurant_45.4431_12.3403.json,custom
45.443247,12.339076,ov_ristorante_contemporaneo_ogio_45.4432_12.3391,Ristorante Contemporaneo Ogio,RESTAURANT,ristorante,https://raw.githubusercontent.com/pasqualelembo78/huntix-poi/main/italia/emilia-romagna/venezia/pages/ristorante_contemporaneo_ogio_45.4432_12.3391.json,custom
45.443470,12.335620,ov_veneziagay_45.4435_12.3356,VeneziaGay,RESTAURANT,ristorante,https://raw.githubusercontent.com/pasqualelembo78/huntix-poi/main/italia/emilia-romagna/venezia/pages/veneziagay_45.4435_12.3356.json,custom
45.443477,12.330833,ov_al_leon_d_oro_45.4435_12.3308,Al Leon d'Oro,RESTAURANT,ristorante,https://raw.githubusercontent.com/pasqualelembo78/huntix-poi/main/italia/emilia-romagna/venezia/pages/al_leon_doro_45.4435_12.3308.json,custom
45.443435,12.330628,ov_stringhetto_45.4434_12.3306,Stringhetto,RESTAURANT,ristorante,https://raw.githubusercontent.com/pasqualelembo78/huntix-poi/main/italia/emilia-romagna/venezia/pages/stringhetto_45.4434_12.3306.json,custom
45.443365,12.331157,ov_work_in_progress_45.4434_12.3312,Work in progress,RESTAURANT,ristorante,https://raw.githubusercontent.com/pasqualelembo78/huntix-poi/main/italia/emilia-romagna/venezia/pages/work_in_progress_45.4434_12.3312.json,custom
45.443378,12.331148,ov_osteria_poggi_45.4434_12.3311,Osteria Poggi,RESTAURANT,ristorante,https://raw.githubusercontent.com/pasqualelembo78/huntix-poi/main/italia/emilia-romagna/venezia/pages/osteria_poggi_45.4434_12.3311.json,custom
45.443246,12.331657,ov_camin_storto_45.4432_12.3317,Camin Storto,RESTAURANT,ristorante,https://raw.githubusercontent.com/pasqualelembo78/huntix-poi/main/italia/emilia-romagna/venezia/pages/camin_storto_45.4432_12.3317.json,custom
45.443421,12.329992,ov_la_serenissima_45.4434_12.3300,La Serenissima,RESTAURANT,ristorante,https://raw.githubusercontent.com/pasqualelembo78/huntix-poi/main/italia/emilia-romagna/venezia/pages/la_serenissima_45.4434_12.3300.json,custom
45.443448,12.327759,ov_bacaro_45.4434_12.3278,Bacaro,RESTAURANT,ristorante,https://raw.githubusercontent.com/pasqualelembo78/huntix-poi/main/italia/emilia-romagna/venezia/pages/bacaro_45.4434_12.3278.json,custom
45.443485,12.327648,ov_alla_corte_ostinati_45.4435_12.3276,Alla Corte Ostinati,RESTAURANT,ristorante,https://raw.githubusercontent.com/pasqualelembo78/huntix-poi/main/italia/emilia-romagna/venezia/pages/alla_corte_ostinati_45.4435_12.3276.json,custom
45.443382,12.324917,ov_trattoria_vittoria_da_aldo_45.4434_12.3249,Trattoria Vittoria da Aldo,RESTAURANT,ristorante,https://raw.githubusercontent.com/pasqualelembo78/huntix-poi/main/italia/emilia-romagna/venezia/pages/trattoria_vittoria_da_aldo_45.4434_12.3249.json,custom
45.443249,12.324760,ov_l_incontro_venezia_45.4432_12.3248,L'incontro Venezia,RESTAURANT,ristorante,https://raw.githubusercontent.com/pasqualelembo78/huntix-poi/main/italia/emilia-romagna/venezia/pages/lincontro_venezia_45.4432_12.3248.json,custom
45.443316,12.325098,ov_ristorante_pedrocchi_45.4433_12.3251,Ristorante Pedrocchi,RESTAURANT,ristorante,https://raw.githubusercontent.com/pasqualelembo78/huntix-poi/main/italia/emilia-romagna/venezia/pages/ristorante_pedrocchi_45.4433_12.3251.json,custom
45.443087,12.324821,ov_tiscali_45.4431_12.3248,Tiscali,RESTAURANT,ristorante,https://raw.githubusercontent.com/pasqualelembo78/huntix-poi/main/italia/emilia-romagna/venezia/pages/tiscali_45.4431_12.3248.json,custom
45.443173,12.324741,ov_fant_sia_45.4432_12.3247,Fantàsia,RESTAURANT,ristorante,https://raw.githubusercontent.com/pasqualelembo78/huntix-poi/main/italia/emilia-romagna/venezia/pages/fantsia_45.4432_12.3247.json,custom
45.443060,12.322030,ov_ae_oche_45.4431_12.3220,Ae Oche,RESTAURANT,ristorante,https://raw.githubusercontent.com/pasqualelembo78/huntix-poi/main/italia/emilia-romagna/venezia/pages/ae_oche_45.4431_12.3220.json,custom
45.442872,12.332513,ov_trattoria_alle_lanternine_45.4429_12.3325,Trattoria Alle Lanternine,RESTAURANT,ristorante,https://raw.githubusercontent.com/pasqualelembo78/huntix-poi/main/italia/emilia-romagna/venezia/pages/trattoria_alle_lanternine_45.4429_12.3325.json,custom
45.442866,12.332023,ov_pizza_e_poi_45.4429_12.3320,Pizza e poi,RESTAURANT,ristorante,https://raw.githubusercontent.com/pasqualelembo78/huntix-poi/main/italia/emilia-romagna/venezia/pages/pizza_e_poi_45.4429_12.3320.json,custom
45.442768,12.331509,ov_osteria_al_cantinon_45.4428_12.3315,Osteria Al Cantinon,RESTAURANT,ristorante,https://raw.githubusercontent.com/pasqualelembo78/huntix-poi/main/italia/emilia-romagna/venezia/pages/osteria_al_cantinon_45.4428_12.3315.json,custom
45.442677,12.329894,ov_alessandro_borghese___il_lusso_della_sem_45.4427_12.3299,Alessandro Borghese - Il Lusso della Semplicità,RESTAURANT,ristorante,https://raw.githubusercontent.com/pasqualelembo78/huntix-poi/main/italia/emilia-romagna/venezia/pages/alessandro_borghese_-_il_lusso_della_sem_45.4427_12.3299.json,custom
45.442765,12.324349,ov_ristorante_da_giorgio_45.4428_12.3243,Ristorante Da Giorgio,RESTAURANT,ristorante,https://raw.githubusercontent.com/pasqualelembo78/huntix-poi/main/italia/emilia-romagna/venezia/pages/ristorante_da_giorgio_45.4428_12.3243.json,custom
45.442623,12.324191,ov_la_lista_venezia_45.4426_12.3242,La Lista Venezia,RESTAURANT,ristorante,https://raw.githubusercontent.com/pasqualelembo78/huntix-poi/main/italia/emilia-romagna/venezia/pages/la_lista_venezia_45.4426_12.3242.json,custom
45.442485,12.324061,ov_ristorante_sushi_venezia_45.4425_12.3241,Ristorante Sushi Venezia,RESTAURANT,ristorante,https://raw.githubusercontent.com/pasqualelembo78/huntix-poi/main/italia/emilia-romagna/venezia/pages/ristorante_sushi_venezia_45.4425_12.3241.json,custom
45.442430,12.338189,ov_trattoria_storica_45.4424_12.3382,Trattoria Storica,RESTAURANT,ristorante,https://raw.githubusercontent.com/pasqualelembo78/huntix-poi/main/italia/emilia-romagna/venezia/pages/trattoria_storica_45.4424_12.3382.json,custom
45.442652,12.341212,ov_ristorante_pizzeria_da_alvise_45.4427_12.3412,Ristorante Pizzeria Da Alvise,RESTAURANT,ristorante,https://raw.githubusercontent.com/pasqualelembo78/huntix-poi/main/italia/emilia-romagna/venezia/pages/ristorante_pizzeria_da_alvise_45.4427_12.3412.json,custom
45.442899,12.340798,ov_pizzeria_snack_bar_cupido_45.4429_12.3408,Pizzeria Snack Bar Cupido,RESTAURANT,ristorante,https://raw.githubusercontent.com/pasqualelembo78/huntix-poi/main/italia/emilia-romagna/venezia/pages/pizzeria_snack_bar_cupido_45.4429_12.3408.json,custom
45.442632,12.341027,ov_osteria_al_tajer_45.4426_12.3410,Osteria al Tajer,RESTAURANT,ristorante,https://raw.githubusercontent.com/pasqualelembo78/huntix-poi/main/italia/emilia-romagna/venezia/pages/osteria_al_tajer_45.4426_12.3410.json,custom
45.441115,12.340763,ov_ca__bella_45.4411_12.3408,Ca' Bella,RESTAURANT,ristorante,https://raw.githubusercontent.com/pasqualelembo78/huntix-poi/main/italia/emilia-romagna/venezia/pages/ca_bella_45.4411_12.3408.json,custom
45.441082,12.339987,ov_la_colonna_45.4411_12.3400,La Colonna,RESTAURANT,ristorante,https://raw.githubusercontent.com/pasqualelembo78/huntix-poi/main/italia/emilia-romagna/venezia/pages/la_colonna_45.4411_12.3400.json,custom
45.441200,12.340230,ov_tappa_bistrot_45.4412_12.3402,Tappa Bistrot,RESTAURANT,ristorante,https://raw.githubusercontent.com/pasqualelembo78/huntix-poi/main/italia/emilia-romagna/venezia/pages/tappa_bistrot_45.4412_12.3402.json,custom
45.441168,12.333876,ov_la_prosciutteria_venezia_45.4412_12.3339,La Prosciutteria Venezia,RESTAURANT,ristorante,https://raw.githubusercontent.com/pasqualelembo78/huntix-poi/main/italia/emilia-romagna/venezia/pages/la_prosciutteria_venezia_45.4412_12.3339.json,custom
45.441070,12.337504,ov_ristorante_vecia_cavana_45.4411_12.3375,Ristorante Vecia Cavana,RESTAURANT,ristorante,https://raw.githubusercontent.com/pasqualelembo78/huntix-poi/main/italia/emilia-romagna/venezia/pages/ristorante_vecia_cavana_45.4411_12.3375.json,custom
45.440970,12.337210,ov_chef_serghei_hachi_45.4410_12.3372,Chef Serghei Hachi,RESTAURANT,ristorante,https://raw.githubusercontent.com/pasqualelembo78/huntix-poi/main/italia/emilia-romagna/venezia/pages/chef_serghei_hachi_45.4410_12.3372.json,custom
45.440960,12.337178,ov_osteria_giorgione_da_masa_45.4410_12.3372,Osteria Giorgione da MASA,RESTAURANT,ristorante,https://raw.githubusercontent.com/pasqualelembo78/huntix-poi/main/italia/emilia-romagna/venezia/pages/osteria_giorgione_da_masa_45.4410_12.3372.json,custom
45.440874,12.335360,ov_osteria_al_bomba_45.4409_12.3354,Osteria Al Bomba,RESTAURANT,ristorante,https://raw.githubusercontent.com/pasqualelembo78/huntix-poi/main/italia/emilia-romagna/venezia/pages/osteria_al_bomba_45.4409_12.3354.json,custom
45.440815,12.336096,ov_ae_ancorette_45.4408_12.3361,Ae Ancorette,RESTAURANT,ristorante,https://raw.githubusercontent.com/pasqualelembo78/huntix-poi/main/italia/emilia-romagna/venezia/pages/ae_ancorette_45.4408_12.3361.json,custom
45.440807,12.336529,ov_bepi_antico_54_45.4408_12.3365,Bepi Antico 54,RESTAURANT,ristorante,https://raw.githubusercontent.com/pasqualelembo78/huntix-poi/main/italia/emilia-romagna/venezia/pages/bepi_antico_54_45.4408_12.3365.json,custom
45.440774,12.335947,ov_osteria_ai_promessi_sposi_45.4408_12.3359,Osteria Ai Promessi Sposi,RESTAURANT,ristorante,https://raw.githubusercontent.com/pasqualelembo78/huntix-poi/main/italia/emilia-romagna/venezia/pages/osteria_ai_promessi_sposi_45.4408_12.3359.json,custom
45.440760,12.336022,ov_taverna_barababao_45.4408_12.3360,Taverna Barababao,RESTAURANT,ristorante,https://raw.githubusercontent.com/pasqualelembo78/huntix-poi/main/italia/emilia-romagna/venezia/pages/taverna_barababao_45.4408_12.3360.json,custom
45.440822,12.339870,ov_trattoria_cea_snc_45.4408_12.3399,Trattoria Cea SNC,RESTAURANT,ristorante,https://raw.githubusercontent.com/pasqualelembo78/huntix-poi/main/italia/emilia-romagna/venezia/pages/trattoria_cea_snc_45.4408_12.3399.json,custom
45.440401,12.337121,ov_bacaro_risorto_cannaregio_45.4404_12.3371,Bacaro Risorto Cannaregio,RESTAURANT,ristorante,https://raw.githubusercontent.com/pasqualelembo78/huntix-poi/main/italia/emilia-romagna/venezia/pages/bacaro_risorto_cannaregio_45.4404_12.3371.json,custom
45.440296,12.336826,ov_osteria_dal_riccio_peoco_45.4403_12.3368,Osteria dal Riccio Peoco,RESTAURANT,ristorante,https://raw.githubusercontent.com/pasqualelembo78/huntix-poi/main/italia/emilia-romagna/venezia/pages/osteria_dal_riccio_peoco_45.4403_12.3368.json,custom
45.440518,12.335820,ov_trattoria_da_gianni_45.4405_12.3358,Trattoria Da Gianni,RESTAURANT,ristorante,https://raw.githubusercontent.com/pasqualelembo78/huntix-poi/main/italia/emilia-romagna/venezia/pages/trattoria_da_gianni_45.4405_12.3358.json,custom
45.440552,12.335745,ov_green_gem_45.4406_12.3357,Green Gem,RESTAURANT,ristorante,https://raw.githubusercontent.com/pasqualelembo78/huntix-poi/main/italia/emilia-romagna/venezia/pages/green_gem_45.4406_12.3357.json,custom
45.440460,12.335990,ov_zikiya___grill__fresh_fish__sushi__ital__45.4405_12.3360,"Zikiya : grill, fresh fish, sushi, ital/jap/chinese cousine ",RESTAURANT,ristorante,https://raw.githubusercontent.com/pasqualelembo78/huntix-poi/main/italia/emilia-romagna/venezia/pages/zikiya_grill_fresh_fish_sushi_italjapchi_45.4405_12.3360.json,custom
45.440484,12.335646,ov_hosteria_al_vecio_bragosso_45.4405_12.3356,Hosteria Al Vecio Bragosso,RESTAURANT,ristorante,https://raw.githubusercontent.com/pasqualelembo78/huntix-poi/main/italia/emilia-romagna/venezia/pages/hosteria_al_vecio_bragosso_45.4405_12.3356.json,custom
45.440489,12.339960,ov_ostaria_boccadoro_45.4405_12.3400,Ostaria Boccadoro,RESTAURANT,ristorante,https://raw.githubusercontent.com/pasqualelembo78/huntix-poi/main/italia/emilia-romagna/venezia/pages/ostaria_boccadoro_45.4405_12.3400.json,custom
45.440599,12.337110,ov_ristorante_sorrentino_45.4406_12.3371,Ristorante Sorrentino,RESTAURANT,ristorante,https://raw.githubusercontent.com/pasqualelembo78/huntix-poi/main/italia/emilia-romagna/venezia/pages/ristorante_sorrentino_45.4406_12.3371.json,custom
45.440560,12.337590,ov_fiumefreddo_bio_45.4406_12.3376,Fiumefreddo Bio,RESTAURANT,ristorante,https://raw.githubusercontent.com/pasqualelembo78/huntix-poi/main/italia/emilia-romagna/venezia/pages/fiumefreddo_bio_45.4406_12.3376.json,custom
45.440689,12.336354,ov_trattoria_casa_mia_45.4407_12.3364,Trattoria Casa Mia,RESTAURANT,ristorante,https://raw.githubusercontent.com/pasqualelembo78/huntix-poi/main/italia/emilia-romagna/venezia/pages/trattoria_casa_mia_45.4407_12.3364.json,custom
45.440527,12.328035,ov_la_cantinetta_45.4405_12.3280,La Cantinetta,RESTAURANT,ristorante,https://raw.githubusercontent.com/pasqualelembo78/huntix-poi/main/italia/emilia-romagna/venezia/pages/la_cantinetta_45.4405_12.3280.json,custom
45.440432,12.327167,ov_il_refolo_45.4404_12.3272,Il Refolo,RESTAURANT,ristorante,https://raw.githubusercontent.com/pasqualelembo78/huntix-poi/main/italia/emilia-romagna/venezia/pages/il_refolo_45.4404_12.3272.json,custom
45.440433,12.327804,ov_taverna_capitan_uncino_45.4404_12.3278,Taverna Capitan Uncino,RESTAURANT,ristorante,https://raw.githubusercontent.com/pasqualelembo78/huntix-poi/main/italia/emilia-romagna/venezia/pages/taverna_capitan_uncino_45.4404_12.3278.json,custom
45.440478,12.329421,ov_bacan_45.4405_12.3294,Bacan,RESTAURANT,ristorante,https://raw.githubusercontent.com/pasqualelembo78/huntix-poi/main/italia/emilia-romagna/venezia/pages/bacan_45.4405_12.3294.json,custom
45.440327,12.330115,ov_muro_san_stae_45.4403_12.3301,Muro San Stae,RESTAURANT,ristorante,https://raw.githubusercontent.com/pasqualelembo78/huntix-poi/main/italia/emilia-romagna/venezia/pages/muro_san_stae_45.4403_12.3301.json,custom
45.440408,12.327175,ov_campiello_del_piovan_45.4404_12.3272,Campiello Del Piovan,RESTAURANT,ristorante,https://raw.githubusercontent.com/pasqualelembo78/huntix-poi/main/italia/emilia-romagna/venezia/pages/campiello_del_piovan_45.4404_12.3272.json,custom
45.440286,12.325237,ov_trattoria_alla_ferrata_45.4403_12.3252,Trattoria Alla Ferrata,RESTAURANT,ristorante,https://raw.githubusercontent.com/pasqualelembo78/huntix-poi/main/italia/emilia-romagna/venezia/pages/trattoria_alla_ferrata_45.4403_12.3252.json,custom
45.440624,12.326283,ov_ristorante_antica_besseta_45.4406_12.3263,Ristorante Antica Besseta,RESTAURANT,ristorante,https://raw.githubusercontent.com/pasqualelembo78/huntix-poi/main/italia/emilia-romagna/venezia/pages/ristorante_antica_besseta_45.4406_12.3263.json,custom
45.440682,12.323112,ov_vittoria_dal_1938_45.4407_12.3231,Vittoria dal 1938,RESTAURANT,ristorante,https://raw.githubusercontent.com/pasqualelembo78/huntix-poi/main/italia/emilia-romagna/venezia/pages/vittoria_dal_1938_45.4407_12.3231.json,custom
45.440577,12.322423,ov_al_fortino_45.4406_12.3224,Al Fortino,RESTAURANT,ristorante,https://raw.githubusercontent.com/pasqualelembo78/huntix-poi/main/italia/emilia-romagna/venezia/pages/al_fortino_45.4406_12.3224.json,custom
45.440734,12.321830,ov_shiang_hai_chinese_restaurant__venice_45.4407_12.3218,"Shiang Hai Chinese Restaurant, Venice",RESTAURANT,ristorante,https://raw.githubusercontent.com/pasqualelembo78/huntix-poi/main/italia/emilia-romagna/venezia/pages/shiang_hai_chinese_restaurant_venice_45.4407_12.3218.json,custom
45.440754,12.322915,ov_pizzeria_vittoria_45.4408_12.3229,Pizzeria Vittoria,RESTAURANT,ristorante,https://raw.githubusercontent.com/pasqualelembo78/huntix-poi/main/italia/emilia-romagna/venezia/pages/pizzeria_vittoria_45.4408_12.3229.json,custom
45.440915,12.325246,ov_trattoria_pizzeria_all_anfora_45.4409_12.3252,Trattoria Pizzeria All Anfora,RESTAURANT,ristorante,https://raw.githubusercontent.com/pasqualelembo78/huntix-poi/main/italia/emilia-romagna/venezia/pages/trattoria_pizzeria_all_anfora_45.4409_12.3252.json,custom
45.440766,12.325491,ov_hostaria_venexiana_45.4408_12.3255,Hostaria Venexiana,RESTAURANT,ristorante,https://raw.githubusercontent.com/pasqualelembo78/huntix-poi/main/italia/emilia-romagna/venezia/pages/hostaria_venexiana_45.4408_12.3255.json,custom
45.440779,12.324890,ov_pizzeria_ai_bari_45.4408_12.3249,Pizzeria Ai Bari,RESTAURANT,ristorante,https://raw.githubusercontent.com/pasqualelembo78/huntix-poi/main/italia/emilia-romagna/venezia/pages/pizzeria_ai_bari_45.4408_12.3249.json,custom
45.440735,12.324964,ov_cip___ciop_45.4407_12.3250,Cip & Ciop,RESTAURANT,ristorante,https://raw.githubusercontent.com/pasqualelembo78/huntix-poi/main/italia/emilia-romagna/venezia/pages/cip_ciop_45.4407_12.3250.json,custom
45.440701,12.329711,ov_osteria_mocenigo_45.4407_12.3297,Osteria Mocenigo,RESTAURANT,ristorante,https://raw.githubusercontent.com/pasqualelembo78/huntix-poi/main/italia/emilia-romagna/venezia/pages/osteria_mocenigo_45.4407_12.3297.json,custom
45.440870,12.328509,ov_la_zucca_45.4409_12.3285,La Zucca,RESTAURANT,ristorante,https://raw.githubusercontent.com/pasqualelembo78/huntix-poi/main/italia/emilia-romagna/venezia/pages/la_zucca_45.4409_12.3285.json,custom
45.440932,12.328362,ov_trattoria_al_ponte_del_megio_45.4409_12.3284,Trattoria Al Ponte Del Megio,RESTAURANT,ristorante,https://raw.githubusercontent.com/pasqualelembo78/huntix-poi/main/italia/emilia-romagna/venezia/pages/trattoria_al_ponte_del_megio_45.4409_12.3284.json,custom
45.441450,12.322460,ov_ai_scalzi_45.4415_12.3225,Ai Scalzi,RESTAURANT,ristorante,https://raw.githubusercontent.com/pasqualelembo78/huntix-poi/main/italia/emilia-romagna/venezia/pages/ai_scalzi_45.4415_12.3225.json,custom
45.441452,12.322782,ov_ristorante_roma_45.4415_12.3228,Ristorante Roma,RESTAURANT,ristorante,https://raw.githubusercontent.com/pasqualelembo78/huntix-poi/main/italia/emilia-romagna/venezia/pages/ristorante_roma_45.4415_12.3228.json,custom
45.441693,12.321023,ov_rossopomodoro_venezia_stazione_45.4417_12.3210,Rossopomodoro Venezia Stazione,RESTAURANT,ristorante,https://raw.githubusercontent.com/pasqualelembo78/huntix-poi/main/italia/emilia-romagna/venezia/pages/rossopomodoro_venezia_stazione_45.4417_12.3210.json,custom
45.441750,12.321116,ov_five_guys_45.4418_12.3211,Five Guys,RESTAURANT,ristorante,https://raw.githubusercontent.com/pasqualelembo78/huntix-poi/main/italia/emilia-romagna/venezia/pages/five_guys_45.4418_12.3211.json,custom
45.441760,12.322231,ov_trattoria_alle_lance_45.4418_12.3222,Trattoria Alle Lance,RESTAURANT,ristorante,https://raw.githubusercontent.com/pasqualelembo78/huntix-poi/main/italia/emilia-romagna/venezia/pages/trattoria_alle_lance_45.4418_12.3222.json,custom
45.441520,12.330135,ov_glam_by_enrico_bartolini_45.4415_12.3301,Glam by Enrico Bartolini,RESTAURANT,ristorante,https://raw.githubusercontent.com/pasqualelembo78/huntix-poi/main/italia/emilia-romagna/venezia/pages/glam_by_enrico_bartolini_45.4415_12.3301.json,custom
45.441333,12.329873,ov_ristorante_glam_45.4413_12.3299,Ristorante Glam,RESTAURANT,ristorante,https://raw.githubusercontent.com/pasqualelembo78/huntix-poi/main/italia/emilia-romagna/venezia/pages/ristorante_glam_45.4413_12.3299.json,custom
45.441258,12.334262,ov_mcdonald_s_45.4413_12.3343,McDonald's,RESTAURANT,ristorante,https://raw.githubusercontent.com/pasqualelembo78/huntix-poi/main/italia/emilia-romagna/venezia/pages/mcdonalds_45.4413_12.3343.json,custom
45.441378,12.334531,ov_osteria_alla_vedova_45.4414_12.3345,Osteria Alla Vedova,RESTAURANT,ristorante,https://raw.githubusercontent.com/pasqualelembo78/huntix-poi/main/italia/emilia-romagna/venezia/pages/osteria_alla_vedova_45.4414_12.3345.json,custom
45.441387,12.334139,ov_why_not_hostaria_venezia_45.4414_12.3341,Why&not hostaria Venezia,RESTAURANT,ristorante,https://raw.githubusercontent.com/pasqualelembo78/huntix-poi/main/italia/emilia-romagna/venezia/pages/whynot_hostaria_venezia_45.4414_12.3341.json,custom
45.441977,12.333743,ov_vini_da_gigio_45.4420_12.3337,Vini da Gigio,RESTAURANT,ristorante,https://raw.githubusercontent.com/pasqualelembo78/huntix-poi/main/italia/emilia-romagna/venezia/pages/vini_da_gigio_45.4420_12.3337.json,custom
45.442016,12.334016,ov_al_fontego_dei_pescatori_45.4420_12.3340,Al Fontego dei Pescatori,RESTAURANT,ristorante,https://raw.githubusercontent.com/pasqualelembo78/huntix-poi/main/italia/emilia-romagna/venezia/pages/al_fontego_dei_pescatori_45.4420_12.3340.json,custom
45.442075,12.340098,ov_osteria_alla_frasca_45.4421_12.3401,Osteria Alla Frasca,RESTAURANT,ristorante,https://raw.githubusercontent.com/pasqualelembo78/huntix-poi/main/italia/emilia-romagna/venezia/pages/osteria_alla_frasca_45.4421_12.3401.json,custom
45.442206,12.338935,ov_locanda_acquavita_45.4422_12.3389,Locanda Acquavita,RESTAURANT,ristorante,https://raw.githubusercontent.com/pasqualelembo78/huntix-poi/main/italia/emilia-romagna/venezia/pages/locanda_acquavita_45.4422_12.3389.json,custom
45.442365,12.332413,ov_fried_land__fresh_pasta_to_go_45.4424_12.3324,Fried Land/ fresh pasta to go,RESTAURANT,ristorante,https://raw.githubusercontent.com/pasqualelembo78/huntix-poi/main/italia/emilia-romagna/venezia/pages/fried_land_fresh_pasta_to_go_45.4424_12.3324.json,custom
45.442254,12.332599,ov_pasqualigo_45.4423_12.3326,Pasqualigo,RESTAURANT,ristorante,https://raw.githubusercontent.com/pasqualelembo78/huntix-poi/main/italia/emilia-romagna/venezia/pages/pasqualigo_45.4423_12.3326.json,custom
45.442046,12.332914,ov_venezia_strada_nuova_45.4420_12.3329,Venezia Strada Nuova,RESTAURANT,ristorante,https://raw.githubusercontent.com/pasqualelembo78/huntix-poi/main/italia/emilia-romagna/venezia/pages/venezia_strada_nuova_45.4420_12.3329.json,custom
45.441962,12.332994,ov_old_wild_west_45.4420_12.3330,Old Wild West,RESTAURANT,ristorante,https://raw.githubusercontent.com/pasqualelembo78/huntix-poi/main/italia/emilia-romagna/venezia/pages/old_wild_west_45.4420_12.3330.json,custom
45.441916,12.323049,ov_trattoria_bella_venezia_45.4419_12.3230,Trattoria Bella Venezia,RESTAURANT,ristorante,https://raw.githubusercontent.com/pasqualelembo78/huntix-poi/main/italia/emilia-romagna/venezia/pages/trattoria_bella_venezia_45.4419_12.3230.json,custom
45.441869,12.323147,ov_trattoria_povoledo_venezia_45.4419_12.3231,Trattoria Povoledo Venezia,RESTAURANT,ristorante,https://raw.githubusercontent.com/pasqualelembo78/huntix-poi/main/italia/emilia-romagna/venezia/pages/trattoria_povoledo_venezia_45.4419_12.3231.json,custom
45.441899,12.322001,ov_trattoria_il_vagone_45.4419_12.3220,Trattoria Il Vagone,RESTAURANT,ristorante,https://raw.githubusercontent.com/pasqualelembo78/huntix-poi/main/italia/emilia-romagna/venezia/pages/trattoria_il_vagone_45.4419_12.3220.json,custom
45.441972,12.323107,ov_antica_casa_carettoni_45.4420_12.3231,Antica Casa Carettoni,RESTAURANT,ristorante,https://raw.githubusercontent.com/pasqualelembo78/huntix-poi/main/italia/emilia-romagna/venezia/pages/antica_casa_carettoni_45.4420_12.3231.json,custom
45.442082,12.323250,ov_quanto_basta_45.4421_12.3233,Quanto Basta,RESTAURANT,ristorante,https://raw.githubusercontent.com/pasqualelembo78/huntix-poi/main/italia/emilia-romagna/venezia/pages/quanto_basta_45.4421_12.3233.json,custom
45.442170,12.323333,ov_gino_s_45.4422_12.3233,Gino's,RESTAURANT,ristorante,https://raw.githubusercontent.com/pasqualelembo78/huntix-poi/main/italia/emilia-romagna/venezia/pages/ginos_45.4422_12.3233.json,custom
45.442108,12.323477,ov_sivoli_45.4421_12.3235,Sivoli,RESTAURANT,ristorante,https://raw.githubusercontent.com/pasqualelembo78/huntix-poi/main/italia/emilia-romagna/venezia/pages/sivoli_45.4421_12.3235.json,custom
45.442095,12.323499,ov_mirai_45.4421_12.3235,Mirai,RESTAURANT,ristorante,https://raw.githubusercontent.com/pasqualelembo78/huntix-poi/main/italia/emilia-romagna/venezia/pages/mirai_45.4421_12.3235.json,custom
45.442333,12.322841,ov_osteria_al_cicheto_45.4423_12.3228,Osteria al Cicheto,RESTAURANT,ristorante,https://raw.githubusercontent.com/pasqualelembo78/huntix-poi/main/italia/emilia-romagna/venezia/pages/osteria_al_cicheto_45.4423_12.3228.json,custom
45.442243,12.323503,ov_aquila_restaurant_45.4422_12.3235,Aquila Restaurant,RESTAURANT,ristorante,https://raw.githubusercontent.com/pasqualelembo78/huntix-poi/main/italia/emilia-romagna/venezia/pages/aquila_restaurant_45.4422_12.3235.json,custom
45.442344,12.308818,ov_eddy_fast_food_45.4423_12.3088,Eddy fast food,RESTAURANT,ristorante,https://raw.githubusercontent.com/pasqualelembo78/huntix-poi/main/italia/emilia-romagna/venezia/pages/eddy_fast_food_45.4423_12.3088.json,custom
45.441073,12.318855,ov_venezia_santa_lucia_45.4411_12.3189,VENEZIA SANTA LUCIA,RESTAURANT,ristorante,https://raw.githubusercontent.com/pasqualelembo78/huntix-poi/main/italia/emilia-romagna/venezia/pages/venezia_santa_lucia_45.4411_12.3189.json,custom
45.440780,12.315324,ov_osteria_la_zucca__snc_45.4408_12.3153,"OSTERIA LA ZUCCA, SNC",RESTAURANT,ristorante,https://raw.githubusercontent.com/pasqualelembo78/huntix-poi/main/italia/emilia-romagna/venezia/pages/osteria_la_zucca_snc_45.4408_12.3153.json,custom
45.440880,12.315560,ov_trattoria_da_primo_45.4409_12.3156,Trattoria da Primo,RESTAURANT,ristorante,https://raw.githubusercontent.com/pasqualelembo78/huntix-poi/main/italia/emilia-romagna/venezia/pages/trattoria_da_primo_45.4409_12.3156.json,custom
45.440590,12.312020,ov_giano_s_45.4406_12.3120,Giano's,RESTAURANT,ristorante,https://raw.githubusercontent.com/pasqualelembo78/huntix-poi/main/italia/emilia-romagna/venezia/pages/gianos_45.4406_12.3120.json,custom
45.446232,12.319373,ov_osteria_ai_canottieri_45.4462_12.3194,Osteria ai Canottieri,RESTAURANT,ristorante,https://raw.githubusercontent.com/pasqualelembo78/huntix-poi/main/italia/emilia-romagna/venezia/pages/osteria_ai_canottieri_45.4462_12.3194.json,custom
45.445789,12.320129,ov_trattoria_da_marisa_45.4458_12.3201,Trattoria da Marisa,RESTAURANT,ristorante,https://raw.githubusercontent.com/pasqualelembo78/huntix-poi/main/italia/emilia-romagna/venezia/pages/trattoria_da_marisa_45.4458_12.3201.json,custom
45.444682,12.322905,ov_ristorante_casa_bonita_45.4447_12.3229,Ristorante Casa Bonita,RESTAURANT,ristorante,https://raw.githubusercontent.com/pasqualelembo78/huntix-poi/main/italia/emilia-romagna/venezia/pages/ristorante_casa_bonita_45.4447_12.3229.json,custom
45.444744,12.322279,ov_gheni_restaurant_45.4447_12.3223,Gheni Restaurant,RESTAURANT,ristorante,https://raw.githubusercontent.com/pasqualelembo78/huntix-poi/main/italia/emilia-romagna/venezia/pages/gheni_restaurant_45.4447_12.3223.json,custom
45.444596,12.328291,ov_osteria_bentigodi_venezia_45.4446_12.3283,Osteria Bentigodi Venezia,RESTAURANT,ristorante,https://raw.githubusercontent.com/pasqualelembo78/huntix-poi/main/italia/emilia-romagna/venezia/pages/osteria_bentigodi_venezia_45.4446_12.3283.json,custom
45.444724,12.328976,ov_cantina_aziende_agricole_45.4447_12.3290,Cantina Aziende Agricole,RESTAURANT,ristorante,https://raw.githubusercontent.com/pasqualelembo78/huntix-poi/main/italia/emilia-romagna/venezia/pages/cantina_aziende_agricole_45.4447_12.3290.json,custom
45.444725,12.328964,ov_enoteca_da_roberto_45.4447_12.3290,Enoteca da Roberto,RESTAURANT,ristorante,https://raw.githubusercontent.com/pasqualelembo78/huntix-poi/main/italia/emilia-romagna/venezia/pages/enoteca_da_roberto_45.4447_12.3290.json,custom
45.444676,12.331709,ov_ostaria_da_rioba_45.4447_12.3317,Ostaria da Rioba,RESTAURANT,ristorante,https://raw.githubusercontent.com/pasqualelembo78/huntix-poi/main/italia/emilia-romagna/venezia/pages/ostaria_da_rioba_45.4447_12.3317.json,custom
45.444769,12.331480,ov_ristorante_tintoretto_45.4448_12.3315,Ristorante Tintoretto,RESTAURANT,ristorante,https://raw.githubusercontent.com/pasqualelembo78/huntix-poi/main/italia/emilia-romagna/venezia/pages/ristorante_tintoretto_45.4448_12.3315.json,custom
45.444857,12.331212,ov_da_oxy_bacaro_familiare_45.4449_12.3312,Da Oxy Bacaro Familiare,RESTAURANT,ristorante,https://raw.githubusercontent.com/pasqualelembo78/huntix-poi/main/italia/emilia-romagna/venezia/pages/da_oxy_bacaro_familiare_45.4449_12.3312.json,custom
45.444779,12.329605,ov_arte_della_pizza_45.4448_12.3296,Arte Della Pizza,RESTAURANT,ristorante,https://raw.githubusercontent.com/pasqualelembo78/huntix-poi/main/italia/emilia-romagna/venezia/pages/arte_della_pizza_45.4448_12.3296.json,custom
45.444804,12.329017,ov_orient_experience_45.4448_12.3290,Orient Experience,RESTAURANT,ristorante,https://raw.githubusercontent.com/pasqualelembo78/huntix-poi/main/italia/emilia-romagna/venezia/pages/orient_experience_45.4448_12.3290.json,custom
45.445029,12.330385,ov_ristorante_levante_45.4450_12.3304,Ristorante Levante,RESTAURANT,ristorante,https://raw.githubusercontent.com/pasqualelembo78/huntix-poi/main/italia/emilia-romagna/venezia/pages/ristorante_levante_45.4450_12.3304.json,custom
45.445092,12.329096,ov_ristorante_riva_venezia_45.4451_12.3291,Ristorante Riva Venezia,RESTAURANT,ristorante,https://raw.githubusercontent.com/pasqualelembo78/huntix-poi/main/italia/emilia-romagna/venezia/pages/ristorante_riva_venezia_45.4451_12.3291.json,custom
45.445014,12.325893,ov_ristorante_pizzeria_al_faro_45.4450_12.3259,Ristorante Pizzeria Al Faro,RESTAURANT,ristorante,https://raw.githubusercontent.com/pasqualelembo78/huntix-poi/main/italia/emilia-romagna/venezia/pages/ristorante_pizzeria_al_faro_45.4450_12.3259.json,custom
45.445013,12.323019,ov_osteria_pan_e_ogio_45.4450_12.3230,Osteria Pan e Ogio,RESTAURANT,ristorante,https://raw.githubusercontent.com/pasqualelembo78/huntix-poi/main/italia/emilia-romagna/venezia/pages/osteria_pan_e_ogio_45.4450_12.3230.json,custom
45.444906,12.322036,ov_crepes_house_by_pepe_45.4449_12.3220,Crepes House by PePe,RESTAURANT,ristorante,https://raw.githubusercontent.com/pasqualelembo78/huntix-poi/main/italia/emilia-romagna/venezia/pages/crepes_house_by_pepe_45.4449_12.3220.json,custom
45.445035,12.322915,ov_osteria_sottobanco_45.4450_12.3229,Osteria Sottobanco,RESTAURANT,ristorante,https://raw.githubusercontent.com/pasqualelembo78/huntix-poi/main/italia/emilia-romagna/venezia/pages/osteria_sottobanco_45.4450_12.3229.json,custom
45.445183,12.326134,ov_osteria_al_tappo_45.4452_12.3261,Osteria Al Tappo,RESTAURANT,ristorante,https://raw.githubusercontent.com/pasqualelembo78/huntix-poi/main/italia/emilia-romagna/venezia/pages/osteria_al_tappo_45.4452_12.3261.json,custom
45.445251,12.326673,ov_locanda_del_ghetto_45.4453_12.3267,Locanda del Ghetto,RESTAURANT,ristorante,https://raw.githubusercontent.com/pasqualelembo78/huntix-poi/main/italia/emilia-romagna/venezia/pages/locanda_del_ghetto_45.4453_12.3267.json,custom
45.445367,12.321706,ov_laguna_libre___eco_ristorante_jazz_club__45.4454_12.3217,Laguna Libre – Eco Ristorante Jazz club & Cocktail Bar,RESTAURANT,ristorante,https://raw.githubusercontent.com/pasqualelembo78/huntix-poi/main/italia/emilia-romagna/venezia/pages/laguna_libre_eco_ristorante_jazz_club_co_45.4454_12.3217.json,custom
45.445486,12.321412,ov_agli_archi___ristorante__enoteca__cicche_45.4455_12.3214,"Agli Archi - Ristorante, Enoteca, Cicchetti Gourmet",RESTAURANT,ristorante,https://raw.githubusercontent.com/pasqualelembo78/huntix-poi/main/italia/emilia-romagna/venezia/pages/agli_archi_-_ristorante_enoteca_cicchett_45.4455_12.3214.json,custom
45.445538,12.321214,ov_very_good_bigoleria_gnoccheria_pizzeria_45.4455_12.3212,Very Good bigoleria gnoccheria pizzeria,RESTAURANT,ristorante,https://raw.githubusercontent.com/pasqualelembo78/huntix-poi/main/italia/emilia-romagna/venezia/pages/very_good_bigoleria_gnoccheria_pizzeria_45.4455_12.3212.json,custom
45.445444,12.328791,ov_pizzeria_da_zorma_45.4454_12.3288,Pizzeria Da Zorma,RESTAURANT,ristorante,https://raw.githubusercontent.com/pasqualelembo78/huntix-poi/main/italia/emilia-romagna/venezia/pages/pizzeria_da_zorma_45.4454_12.3288.json,custom
45.445559,12.327044,ov_ba_ghetto_ristorante_kosher_45.4456_12.3270,Ba Ghetto Ristorante Kosher,RESTAURANT,ristorante,https://raw.githubusercontent.com/pasqualelembo78/huntix-poi/main/italia/emilia-romagna/venezia/pages/ba_ghetto_ristorante_kosher_45.4456_12.3270.json,custom
45.445609,12.326995,ov_la_cucina_del_ghetto_45.4456_12.3270,La Cucina del Ghetto,RESTAURANT,ristorante,https://raw.githubusercontent.com/pasqualelembo78/huntix-poi/main/italia/emilia-romagna/venezia/pages/la_cucina_del_ghetto_45.4456_12.3270.json,custom
45.445683,12.327975,ov_antica_mola_dai_costa_45.4457_12.3280,Antica Mola dai Costa,RESTAURANT,ristorante,https://raw.githubusercontent.com/pasqualelembo78/huntix-poi/main/italia/emilia-romagna/venezia/pages/antica_mola_dai_costa_45.4457_12.3280.json,custom
45.445381,12.332155,ov_osteria_l_orto_dei_mori_45.4454_12.3322,Osteria L'Orto dei Mori,RESTAURANT,ristorante,https://raw.githubusercontent.com/pasqualelembo78/huntix-poi/main/italia/emilia-romagna/venezia/pages/osteria_lorto_dei_mori_45.4454_12.3322.json,custom
45.445400,12.329032,ov_oficina_ormesini_45.4454_12.3290,Oficina Ormesini,RESTAURANT,ristorante,https://raw.githubusercontent.com/pasqualelembo78/huntix-poi/main/italia/emilia-romagna/venezia/pages/oficina_ormesini_45.4454_12.3290.json,custom
45.445309,12.329385,ov_al_mariner_45.4453_12.3294,Al Mariner,RESTAURANT,ristorante,https://raw.githubusercontent.com/pasqualelembo78/huntix-poi/main/italia/emilia-romagna/venezia/pages/al_mariner_45.4453_12.3294.json,custom
45.445175,12.329103,ov_marcianino_l_osteria_45.4452_12.3291,Marcianino L'Osteria,RESTAURANT,ristorante,https://raw.githubusercontent.com/pasqualelembo78/huntix-poi/main/italia/emilia-romagna/venezia/pages/marcianino_losteria_45.4452_12.3291.json,custom
45.445989,12.330106,ov_cantina_da_fior_45.4460_12.3301,Cantina da Fior,RESTAURANT,ristorante,https://raw.githubusercontent.com/pasqualelembo78/huntix-poi/main/italia/emilia-romagna/venezia/pages/cantina_da_fior_45.4460_12.3301.json,custom
45.445869,12.327383,ov_estro___pane_e_vino_45.4459_12.3274,Estro - Pane e Vino,RESTAURANT,ristorante,https://raw.githubusercontent.com/pasqualelembo78/huntix-poi/main/italia/emilia-romagna/venezia/pages/estro_-_pane_e_vino_45.4459_12.3274.json,custom
45.446146,12.326103,ov_ital_india_45.4461_12.3261,Ital India,RESTAURANT,ristorante,https://raw.githubusercontent.com/pasqualelembo78/huntix-poi/main/italia/emilia-romagna/venezia/pages/ital_india_45.4461_12.3261.json,custom
45.446228,12.325153,ov_osteria_al_bacco_45.4462_12.3252,Osteria Al Bacco,RESTAURANT,ristorante,https://raw.githubusercontent.com/pasqualelembo78/huntix-poi/main/italia/emilia-romagna/venezia/pages/osteria_al_bacco_45.4462_12.3252.json,custom
45.446373,12.328594,ov_osteria_anice_stellato_45.4464_12.3286,Osteria Anice Stellato,RESTAURANT,ristorante,https://raw.githubusercontent.com/pasqualelembo78/huntix-poi/main/italia/emilia-romagna/venezia/pages/osteria_anice_stellato_45.4464_12.3286.json,custom
45.446425,12.328389,ov_osteria_ai_40_ladroni_45.4464_12.3284,Osteria Ai 40 Ladroni,RESTAURANT,ristorante,https://raw.githubusercontent.com/pasqualelembo78/huntix-poi/main/italia/emilia-romagna/venezia/pages/osteria_ai_40_ladroni_45.4464_12.3284.json,custom
45.452747,12.354103,ov_approdo_45.4527_12.3541,Approdo,RESTAURANT,ristorante,https://raw.githubusercontent.com/pasqualelembo78/huntix-poi/main/italia/emilia-romagna/venezia/pages/approdo_45.4527_12.3541.json,custom
45.452829,12.350892,ov_pizzeria_marlin_ristorante_45.4528_12.3509,Pizzeria Marlin Ristorante,RESTAURANT,ristorante,https://raw.githubusercontent.com/pasqualelembo78/huntix-poi/main/italia/emilia-romagna/venezia/pages/pizzeria_marlin_ristorante_45.4528_12.3509.json,custom
45.453126,12.351654,ov_ai_vetrai_45.4531_12.3517,Ai Vetrai,RESTAURANT,ristorante,https://raw.githubusercontent.com/pasqualelembo78/huntix-poi/main/italia/emilia-romagna/venezia/pages/ai_vetrai_45.4531_12.3517.json,custom
45.453174,12.351301,ov_ristorante_monir_45.4532_12.3513,Ristorante Monir,RESTAURANT,ristorante,https://raw.githubusercontent.com/pasqualelembo78/huntix-poi/main/italia/emilia-romagna/venezia/pages/ristorante_monir_45.4532_12.3513.json,custom
45.453480,12.351997,ov_osteria_acquastanca_45.4535_12.3520,Osteria Acquastanca,RESTAURANT,ristorante,https://raw.githubusercontent.com/pasqualelembo78/huntix-poi/main/italia/emilia-romagna/venezia/pages/osteria_acquastanca_45.4535_12.3520.json,custom
45.453420,12.351567,ov_ristorante_trattoria_al_corallo_45.4534_12.3516,Ristorante Trattoria al corallo,RESTAURANT,ristorante,https://raw.githubusercontent.com/pasqualelembo78/huntix-poi/main/italia/emilia-romagna/venezia/pages/ristorante_trattoria_al_corallo_45.4534_12.3516.json,custom
45.453314,12.351487,ov_osteria_ai_cacciatori_45.4533_12.3515,Osteria ai cacciatori,RESTAURANT,ristorante,https://raw.githubusercontent.com/pasqualelembo78/huntix-poi/main/italia/emilia-romagna/venezia/pages/osteria_ai_cacciatori_45.4533_12.3515.json,custom
45.451912,12.349985,ov_all_isola_ristorante_pizzeria_45.4519_12.3500,All'Isola Ristorante Pizzeria,RESTAURANT,ristorante,https://raw.githubusercontent.com/pasqualelembo78/huntix-poi/main/italia/emilia-romagna/venezia/pages/allisola_ristorante_pizzeria_45.4519_12.3500.json,custom
45.451771,12.349740,ov_cafe_vero_45.4518_12.3497,Cafe Vero,RESTAURANT,ristorante,https://raw.githubusercontent.com/pasqualelembo78/huntix-poi/main/italia/emilia-romagna/venezia/pages/cafe_vero_45.4518_12.3497.json,custom
45.448339,12.391676,ov_ape_verde_pistacchio_45.4483_12.3917,Ape Verde Pistacchio,RESTAURANT,ristorante,https://raw.githubusercontent.com/pasqualelembo78/huntix-poi/main/italia/emilia-romagna/venezia/pages/ape_verde_pistacchio_45.4483_12.3917.json,custom
45.435542,12.349199,ov___vecio_trani_45.4355_12.3492,- Vecio Trani,RESTAURANT,ristorante,https://raw.githubusercontent.com/pasqualelembo78/huntix-poi/main/italia/emilia-romagna/venezia/pages/-_vecio_trani_45.4355_12.3492.json,custom
45.435443,12.346741,ov_hostaria_da_franz_45.4354_12.3467,Hostaria da Franz,RESTAURANT,ristorante,https://raw.githubusercontent.com/pasqualelembo78/huntix-poi/main/italia/emilia-romagna/venezia/pages/hostaria_da_franz_45.4354_12.3467.json,custom
45.435389,12.346625,ov_osteria_ae_spezie_45.4354_12.3466,Osteria Ae Spezie,RESTAURANT,ristorante,https://raw.githubusercontent.com/pasqualelembo78/huntix-poi/main/italia/emilia-romagna/venezia/pages/osteria_ae_spezie_45.4354_12.3466.json,custom
45.435205,12.346876,ov_c___pizza_e_pizza_45.4352_12.3469,C'è Pizza e Pizza,RESTAURANT,ristorante,https://raw.githubusercontent.com/pasqualelembo78/huntix-poi/main/italia/emilia-romagna/venezia/pages/c_pizza_e_pizza_45.4352_12.3469.json,custom
45.435025,12.347589,ov_bacarando_ai_corazzieri_45.4350_12.3476,Bacarando ai Corazzieri,RESTAURANT,ristorante,https://raw.githubusercontent.com/pasqualelembo78/huntix-poi/main/italia/emilia-romagna/venezia/pages/bacarando_ai_corazzieri_45.4350_12.3476.json,custom
45.435013,12.347619,ov_ristorante_bacarandino_45.4350_12.3476,Ristorante Bacarandino,RESTAURANT,ristorante,https://raw.githubusercontent.com/pasqualelembo78/huntix-poi/main/italia/emilia-romagna/venezia/pages/ristorante_bacarandino_45.4350_12.3476.json,custom
45.434778,12.347924,ov_corte_sconta_45.4348_12.3479,Corte Sconta,RESTAURANT,ristorante,https://raw.githubusercontent.com/pasqualelembo78/huntix-poi/main/italia/emilia-romagna/venezia/pages/corte_sconta_45.4348_12.3479.json,custom
45.434760,12.349635,ov_al_leon_bianco_45.4348_12.3496,Al Leon Bianco,RESTAURANT,ristorante,https://raw.githubusercontent.com/pasqualelembo78/huntix-poi/main/italia/emilia-romagna/venezia/pages/al_leon_bianco_45.4348_12.3496.json,custom
45.434689,12.347756,ov_al_covino_45.4347_12.3478,Al Covino,RESTAURANT,ristorante,https://raw.githubusercontent.com/pasqualelembo78/huntix-poi/main/italia/emilia-romagna/venezia/pages/al_covino_45.4347_12.3478.json,custom
45.434601,12.347330,ov_alla_fonte_45.4346_12.3473,Alla Fonte,RESTAURANT,ristorante,https://raw.githubusercontent.com/pasqualelembo78/huntix-poi/main/italia/emilia-romagna/venezia/pages/alla_fonte_45.4346_12.3473.json,custom
45.434580,12.349405,ov_chef_billy_venice_45.4346_12.3494,Chef Billy Venice,RESTAURANT,ristorante,https://raw.githubusercontent.com/pasqualelembo78/huntix-poi/main/italia/emilia-romagna/venezia/pages/chef_billy_venice_45.4346_12.3494.json,custom
45.433527,12.348344,ov_girodie_srl_45.4335_12.3483,Girodie SRL,RESTAURANT,ristorante,https://raw.githubusercontent.com/pasqualelembo78/huntix-poi/main/italia/emilia-romagna/venezia/pages/girodie_srl_45.4335_12.3483.json,custom
45.433574,12.348008,ov_ristorante_carpaccio_venezia_45.4336_12.3480,Ristorante Carpaccio Venezia,RESTAURANT,ristorante,https://raw.githubusercontent.com/pasqualelembo78/huntix-poi/main/italia/emilia-romagna/venezia/pages/ristorante_carpaccio_venezia_45.4336_12.3480.json,custom
45.433722,12.347528,ov_ristorante_vittoria_45.4337_12.3475,Ristorante Vittoria,RESTAURANT,ristorante,https://raw.githubusercontent.com/pasqualelembo78/huntix-poi/main/italia/emilia-romagna/venezia/pages/ristorante_vittoria_45.4337_12.3475.json,custom
45.433854,12.347364,ov_al_gabbiano_45.4339_12.3474,Al Gabbiano,RESTAURANT,ristorante,https://raw.githubusercontent.com/pasqualelembo78/huntix-poi/main/italia/emilia-romagna/venezia/pages/al_gabbiano_45.4339_12.3474.json,custom
45.433935,12.347547,ov_bar_nuovo_arcobaleno_45.4339_12.3475,Bar Nuovo Arcobaleno,RESTAURANT,ristorante,https://raw.githubusercontent.com/pasqualelembo78/huntix-poi/main/italia/emilia-romagna/venezia/pages/bar_nuovo_arcobaleno_45.4339_12.3475.json,custom
45.434024,12.349416,ov_la_caneva_da_mauro___nadja_ristorante_en_45.4340_12.3494,La Caneva da Mauro & Nadja Ristorante ENOiTECA-Guesteria,RESTAURANT,ristorante,https://raw.githubusercontent.com/pasqualelembo78/huntix-poi/main/italia/emilia-romagna/venezia/pages/la_caneva_da_mauro_nadja_ristorante_enoi_45.4340_12.3494.json,custom
45.434269,12.347738,ov_cleopatra_45.4343_12.3477,Cleopatra,RESTAURANT,ristorante,https://raw.githubusercontent.com/pasqualelembo78/huntix-poi/main/italia/emilia-romagna/venezia/pages/cleopatra_45.4343_12.3477.json,custom
45.434494,12.347474,ov_osteria_ai_do_gobbi_45.4345_12.3475,Osteria Ai Do Gobbi,RESTAURANT,ristorante,https://raw.githubusercontent.com/pasqualelembo78/huntix-poi/main/italia/emilia-romagna/venezia/pages/osteria_ai_do_gobbi_45.4345_12.3475.json,custom
45.434552,12.349624,ov_trattoria_pizzeria_da_paolo_fabiana_45.4346_12.3496,Trattoria Pizzeria da Paolo Fabiana,RESTAURANT,ristorante,https://raw.githubusercontent.com/pasqualelembo78/huntix-poi/main/italia/emilia-romagna/venezia/pages/trattoria_pizzeria_da_paolo_fabiana_45.4346_12.3496.json,custom
45.434517,12.347534,ov_osteria_da_noi_45.4345_12.3475,Osteria Da Noi,RESTAURANT,ristorante,https://raw.githubusercontent.com/pasqualelembo78/huntix-poi/main/italia/emilia-romagna/venezia/pages/osteria_da_noi_45.4345_12.3475.json,custom
45.434499,12.347518,ov_ristorante_nuovo_nanchino_45.4345_12.3475,Ristorante Nuovo Nanchino,RESTAURANT,ristorante,https://raw.githubusercontent.com/pasqualelembo78/huntix-poi/main/italia/emilia-romagna/venezia/pages/ristorante_nuovo_nanchino_45.4345_12.3475.json,custom
45.434547,12.346931,ov_hostaria_alla_bandiera_dal_2015_45.4345_12.3469,Hostaria alla Bandiera dal 2015,RESTAURANT,ristorante,https://raw.githubusercontent.com/pasqualelembo78/huntix-poi/main/italia/emilia-romagna/venezia/pages/hostaria_alla_bandiera_dal_2015_45.4345_12.3469.json,custom
45.434316,12.346405,ov_taverna_scalinetto_45.4343_12.3464,Taverna Scalinetto,RESTAURANT,ristorante,https://raw.githubusercontent.com/pasqualelembo78/huntix-poi/main/italia/emilia-romagna/venezia/pages/taverna_scalinetto_45.4343_12.3464.json,custom
45.434386,12.341626,ov_alla_basilica_45.4344_12.3416,Alla Basilica,RESTAURANT,ristorante,https://raw.githubusercontent.com/pasqualelembo78/huntix-poi/main/italia/emilia-romagna/venezia/pages/alla_basilica_45.4344_12.3416.json,custom
45.434357,12.342907,ov_sestante_45.4344_12.3429,Sestante,RESTAURANT,ristorante,https://raw.githubusercontent.com/pasqualelembo78/huntix-poi/main/italia/emilia-romagna/venezia/pages/sestante_45.4344_12.3429.json,custom
45.434449,12.341436,ov_bar_trattoria_chinellato_45.4344_12.3414,Bar Trattoria Chinellato,RESTAURANT,ristorante,https://raw.githubusercontent.com/pasqualelembo78/huntix-poi/main/italia/emilia-romagna/venezia/pages/bar_trattoria_chinellato_45.4344_12.3414.json,custom
45.434435,12.341760,ov_la_nuova_grotta_45.4344_12.3418,La Nuova Grotta,RESTAURANT,ristorante,https://raw.githubusercontent.com/pasqualelembo78/huntix-poi/main/italia/emilia-romagna/venezia/pages/la_nuova_grotta_45.4344_12.3418.json,custom
45.434505,12.341403,ov_taverna_dei_dogi_45.4345_12.3414,Taverna dei Dogi,RESTAURANT,ristorante,https://raw.githubusercontent.com/pasqualelembo78/huntix-poi/main/italia/emilia-romagna/venezia/pages/taverna_dei_dogi_45.4345_12.3414.json,custom
45.434503,12.336932,ov_san_gallo_venezia_45.4345_12.3369,San Gallo Venezia,RESTAURANT,ristorante,https://raw.githubusercontent.com/pasqualelembo78/huntix-poi/main/italia/emilia-romagna/venezia/pages/san_gallo_venezia_45.4345_12.3369.json,custom
45.434431,12.335808,ov_da_cherubino_45.4344_12.3358,Da Cherubino,RESTAURANT,ristorante,https://raw.githubusercontent.com/pasqualelembo78/huntix-poi/main/italia/emilia-romagna/venezia/pages/da_cherubino_45.4344_12.3358.json,custom
45.434404,12.336076,ov_chat_qui_rit_45.4344_12.3361,Chat Qui Rit,RESTAURANT,ristorante,https://raw.githubusercontent.com/pasqualelembo78/huntix-poi/main/italia/emilia-romagna/venezia/pages/chat_qui_rit_45.4344_12.3361.json,custom
45.434323,12.335118,ov_ristorante_da_ivo_45.4343_12.3351,Ristorante da Ivo,RESTAURANT,ristorante,https://raw.githubusercontent.com/pasqualelembo78/huntix-poi/main/italia/emilia-romagna/venezia/pages/ristorante_da_ivo_45.4343_12.3351.json,custom
45.434327,12.338194,ov_alajmo_s_p_a__grancaff_45.4343_12.3382,Alajmo S.p.A. Grancaff,RESTAURANT,ristorante,https://raw.githubusercontent.com/pasqualelembo78/huntix-poi/main/italia/emilia-romagna/venezia/pages/alajmo_spa_grancaff_45.4343_12.3382.json,custom
45.434140,12.334588,ov_anonimo_veneziano_45.4341_12.3346,Anonimo Veneziano,RESTAURANT,ristorante,https://raw.githubusercontent.com/pasqualelembo78/huntix-poi/main/italia/emilia-romagna/venezia/pages/anonimo_veneziano_45.4341_12.3346.json,custom
45.434065,12.335395,ov_trattoria_la_colomba___ristorante_storic_45.4341_12.3354,Trattoria La Colomba - Ristorante storico d’italia storico d,RESTAURANT,ristorante,https://raw.githubusercontent.com/pasqualelembo78/huntix-poi/main/italia/emilia-romagna/venezia/pages/trattoria_la_colomba_-_ristorante_storic_45.4341_12.3354.json,custom
45.434108,12.336855,ov_hard_rock_cafe_45.4341_12.3369,Hard Rock Cafe,RESTAURANT,ristorante,https://raw.githubusercontent.com/pasqualelembo78/huntix-poi/main/italia/emilia-romagna/venezia/pages/hard_rock_cafe_45.4341_12.3369.json,custom
45.434072,12.338893,ov_ristorante_sant_angelo_45.4341_12.3389,Ristorante Sant’Angelo,RESTAURANT,ristorante,https://raw.githubusercontent.com/pasqualelembo78/huntix-poi/main/italia/emilia-romagna/venezia/pages/ristorante_santangelo_45.4341_12.3389.json,custom
45.434015,12.342765,ov_ristorante_principessa_45.4340_12.3428,Ristorante Principessa,RESTAURANT,ristorante,https://raw.githubusercontent.com/pasqualelembo78/huntix-poi/main/italia/emilia-romagna/venezia/pages/ristorante_principessa_45.4340_12.3428.json,custom
45.434102,12.342970,ov_dal_mas_beniamino___c_45.4341_12.3430,Dal Mas Beniamino & C,RESTAURANT,ristorante,https://raw.githubusercontent.com/pasqualelembo78/huntix-poi/main/italia/emilia-romagna/venezia/pages/dal_mas_beniamino_c_45.4341_12.3430.json,custom
45.434153,12.341802,ov_1000_sapori_mestre_45.4342_12.3418,1000 Sapori Mestre,RESTAURANT,ristorante,https://raw.githubusercontent.com/pasqualelembo78/huntix-poi/main/italia/emilia-romagna/venezia/pages/1000_sapori_mestre_45.4342_12.3418.json,custom
45.434166,12.344018,ov_resturante_bellavista_1976_45.4342_12.3440,resturante bellavista 1976,RESTAURANT,ristorante,https://raw.githubusercontent.com/pasqualelembo78/huntix-poi/main/italia/emilia-romagna/venezia/pages/resturante_bellavista_1976_45.4342_12.3440.json,custom
45.434222,12.346407,ov_snack_and_pizza_45.4342_12.3464,Snack and Pizza,RESTAURANT,ristorante,https://raw.githubusercontent.com/pasqualelembo78/huntix-poi/main/italia/emilia-romagna/venezia/pages/snack_and_pizza_45.4342_12.3464.json,custom
45.434085,12.343863,ov_wildner_45.4341_12.3439,Wildner,RESTAURANT,ristorante,https://raw.githubusercontent.com/pasqualelembo78/huntix-poi/main/italia/emilia-romagna/venezia/pages/wildner_45.4341_12.3439.json,custom
45.434034,12.344675,ov_riviera_del_leon_45.4340_12.3447,Riviera del Leon,RESTAURANT,ristorante,https://raw.githubusercontent.com/pasqualelembo78/huntix-poi/main/italia/emilia-romagna/venezia/pages/riviera_del_leon_45.4340_12.3447.json,custom
45.434059,12.346317,ov_bacaretto_cicchetto_venice_45.4341_12.3463,Bacaretto Cicchetto Venice,RESTAURANT,ristorante,https://raw.githubusercontent.com/pasqualelembo78/huntix-poi/main/italia/emilia-romagna/venezia/pages/bacaretto_cicchetto_venice_45.4341_12.3463.json,custom
45.433998,12.343865,ov_associazione_ristoranti_della_buona_acco_45.4340_12.3439,Associazione Ristoranti Della Buona Accoglienza Venezia,RESTAURANT,ristorante,https://raw.githubusercontent.com/pasqualelembo78/huntix-poi/main/italia/emilia-romagna/venezia/pages/associazione_ristoranti_della_buona_acco_45.4340_12.3439.json,custom
45.433875,12.346441,ov_restaurant_prete_rosso_45.4339_12.3464,Restaurant Prete Rosso,RESTAURANT,ristorante,https://raw.githubusercontent.com/pasqualelembo78/huntix-poi/main/italia/emilia-romagna/venezia/pages/restaurant_prete_rosso_45.4339_12.3464.json,custom
45.433810,12.346450,ov_maccorp_italiana_45.4338_12.3465,Maccorp Italiana,RESTAURANT,ristorante,https://raw.githubusercontent.com/pasqualelembo78/huntix-poi/main/italia/emilia-romagna/venezia/pages/maccorp_italiana_45.4338_12.3465.json,custom
45.433513,12.337357,ov_canova_restaurant_45.4335_12.3374,Canova Restaurant,RESTAURANT,ristorante,https://raw.githubusercontent.com/pasqualelembo78/huntix-poi/main/italia/emilia-romagna/venezia/pages/canova_restaurant_45.4335_12.3374.json,custom
45.433558,12.336563,ov_ristorante_piccolo_martini_45.4336_12.3366,Ristorante Piccolo Martini,RESTAURANT,ristorante,https://raw.githubusercontent.com/pasqualelembo78/huntix-poi/main/italia/emilia-romagna/venezia/pages/ristorante_piccolo_martini_45.4336_12.3366.json,custom
45.433485,12.334278,ov_vino_vino_45.4335_12.3343,Vino Vino,RESTAURANT,ristorante,https://raw.githubusercontent.com/pasqualelembo78/huntix-poi/main/italia/emilia-romagna/venezia/pages/vino_vino_45.4335_12.3343.json,custom
45.433629,12.334167,ov_antico_martini_45.4336_12.3342,Antico Martini,RESTAURANT,ristorante,https://raw.githubusercontent.com/pasqualelembo78/huntix-poi/main/italia/emilia-romagna/venezia/pages/antico_martini_45.4336_12.3342.json,custom
45.433611,12.336296,ov_osteria_da_carla_45.4336_12.3363,Osteria Da Carla,RESTAURANT,ristorante,https://raw.githubusercontent.com/pasqualelembo78/huntix-poi/main/italia/emilia-romagna/venezia/pages/osteria_da_carla_45.4336_12.3363.json,custom
45.433763,12.334452,ov_ristorante_ai_coristi_45.4338_12.3345,Ristorante Ai Coristi,RESTAURANT,ristorante,https://raw.githubusercontent.com/pasqualelembo78/huntix-poi/main/italia/emilia-romagna/venezia/pages/ristorante_ai_coristi_45.4338_12.3345.json,custom
45.433868,12.333470,ov_taverna_la_fenice_45.4339_12.3335,Taverna La Fenice,RESTAURANT,ristorante,https://raw.githubusercontent.com/pasqualelembo78/huntix-poi/main/italia/emilia-romagna/venezia/pages/taverna_la_fenice_45.4339_12.3335.json,custom
45.434012,12.336336,ov_osteria_enoteca_san_marco_45.4340_12.3363,Osteria Enoteca San Marco,RESTAURANT,ristorante,https://raw.githubusercontent.com/pasqualelembo78/huntix-poi/main/italia/emilia-romagna/venezia/pages/osteria_enoteca_san_marco_45.4340_12.3363.json,custom
45.433907,12.335040,ov_al_grill_45.4339_12.3350,Al Grill,RESTAURANT,ristorante,https://raw.githubusercontent.com/pasqualelembo78/huntix-poi/main/italia/emilia-romagna/venezia/pages/al_grill_45.4339_12.3350.json,custom
45.433910,12.333864,ov_ristorante_al_theatro_45.4339_12.3339,Ristorante Al Theatro,RESTAURANT,ristorante,https://raw.githubusercontent.com/pasqualelembo78/huntix-poi/main/italia/emilia-romagna/venezia/pages/ristorante_al_theatro_45.4339_12.3339.json,custom
45.433742,12.327895,ov_osteria_al_bacareto_45.4337_12.3279,Osteria al Bacareto,RESTAURANT,ristorante,https://raw.githubusercontent.com/pasqualelembo78/huntix-poi/main/italia/emilia-romagna/venezia/pages/osteria_al_bacareto_45.4337_12.3279.json,custom
45.433867,12.330422,ov_bacaro_e_trattoria_da_fiore_45.4339_12.3304,Bacaro e Trattoria da Fiore,RESTAURANT,ristorante,https://raw.githubusercontent.com/pasqualelembo78/huntix-poi/main/italia/emilia-romagna/venezia/pages/bacaro_e_trattoria_da_fiore_45.4339_12.3304.json,custom
45.433608,12.330542,ov_ristorante_doge_morosini_45.4336_12.3305,Ristorante Doge Morosini,RESTAURANT,ristorante,https://raw.githubusercontent.com/pasqualelembo78/huntix-poi/main/italia/emilia-romagna/venezia/pages/ristorante_doge_morosini_45.4336_12.3305.json,custom
45.433714,12.322619,ov_la_bagolada_45.4337_12.3226,La Bagolada,RESTAURANT,ristorante,https://raw.githubusercontent.com/pasqualelembo78/huntix-poi/main/italia/emilia-romagna/venezia/pages/la_bagolada_45.4337_12.3226.json,custom
45.433839,12.323601,ov_ristorante_ai_sportivi_45.4338_12.3236,Ristorante Ai Sportivi,RESTAURANT,ristorante,https://raw.githubusercontent.com/pasqualelembo78/huntix-poi/main/italia/emilia-romagna/venezia/pages/ristorante_ai_sportivi_45.4338_12.3236.json,custom
45.433825,12.323730,ov_dallo_zio_45.4338_12.3237,Dallo Zio,RESTAURANT,ristorante,https://raw.githubusercontent.com/pasqualelembo78/huntix-poi/main/italia/emilia-romagna/venezia/pages/dallo_zio_45.4338_12.3237.json,custom
45.433878,12.324163,ov_panini_e_vini_da_babbo_45.4339_12.3242,Panini e Vini da Babbo,RESTAURANT,ristorante,https://raw.githubusercontent.com/pasqualelembo78/huntix-poi/main/italia/emilia-romagna/venezia/pages/panini_e_vini_da_babbo_45.4339_12.3242.json,custom
45.433882,12.325496,ov_do_farai_45.4339_12.3255,Do Farai,RESTAURANT,ristorante,https://raw.githubusercontent.com/pasqualelembo78/huntix-poi/main/italia/emilia-romagna/venezia/pages/do_farai_45.4339_12.3255.json,custom
45.433967,12.324171,ov_salus_grill_45.4340_12.3242,Salus Grill,RESTAURANT,ristorante,https://raw.githubusercontent.com/pasqualelembo78/huntix-poi/main/italia/emilia-romagna/venezia/pages/salus_grill_45.4340_12.3242.json,custom
45.433968,12.323095,ov_orient_experience_45.4340_12.3231,Orient Experience,RESTAURANT,ristorante,https://raw.githubusercontent.com/pasqualelembo78/huntix-poi/main/italia/emilia-romagna/venezia/pages/orient_experience_45.4340_12.3231.json,custom
45.434086,12.323257,ov_osteria_alla_bifora_45.4341_12.3233,Osteria Alla Bifora,RESTAURANT,ristorante,https://raw.githubusercontent.com/pasqualelembo78/huntix-poi/main/italia/emilia-romagna/venezia/pages/osteria_alla_bifora_45.4341_12.3233.json,custom
45.434080,12.323220,ov_anaconda_santa_margherita_venezia_45.4341_12.3232,Anaconda Santa Margherita Venezia,RESTAURANT,ristorante,https://raw.githubusercontent.com/pasqualelembo78/huntix-poi/main/italia/emilia-romagna/venezia/pages/anaconda_santa_margherita_venezia_45.4341_12.3232.json,custom
45.434224,12.323303,ov_regina_corner_ristorante_45.4342_12.3233,Regina Corner Ristorante,RESTAURANT,ristorante,https://raw.githubusercontent.com/pasqualelembo78/huntix-poi/main/italia/emilia-romagna/venezia/pages/regina_corner_ristorante_45.4342_12.3233.json,custom
45.434318,12.331840,ov_l_opera_45.4343_12.3318,L'opera,RESTAURANT,ristorante,https://raw.githubusercontent.com/pasqualelembo78/huntix-poi/main/italia/emilia-romagna/venezia/pages/lopera_45.4343_12.3318.json,custom
45.434416,12.332435,ov_hostaria_galileo_45.4344_12.3324,Hostaria Galileo,RESTAURANT,ristorante,https://raw.githubusercontent.com/pasqualelembo78/huntix-poi/main/italia/emilia-romagna/venezia/pages/hostaria_galileo_45.4344_12.3324.json,custom
45.434448,12.332032,ov_restorante_amalfitano_45.4344_12.3320,Restorante Amalfitano,RESTAURANT,ristorante,https://raw.githubusercontent.com/pasqualelembo78/huntix-poi/main/italia/emilia-romagna/venezia/pages/restorante_amalfitano_45.4344_12.3320.json,custom
45.434511,12.326142,ov_veniceat___ca__foscari_45.4345_12.3261,Veniceat - Ca' Foscari,RESTAURANT,ristorante,https://raw.githubusercontent.com/pasqualelembo78/huntix-poi/main/italia/emilia-romagna/venezia/pages/veniceat_-_ca_foscari_45.4345_12.3261.json,custom
45.434458,12.325850,ov_aea_canevassa_45.4345_12.3259,Aea Canevassa,RESTAURANT,ristorante,https://raw.githubusercontent.com/pasqualelembo78/huntix-poi/main/italia/emilia-romagna/venezia/pages/aea_canevassa_45.4345_12.3259.json,custom
45.434297,12.323410,ov_pizza_al_volo_45.4343_12.3234,Pizza al Volo,RESTAURANT,ristorante,https://raw.githubusercontent.com/pasqualelembo78/huntix-poi/main/italia/emilia-romagna/venezia/pages/pizza_al_volo_45.4343_12.3234.json,custom
45.434623,12.324112,ov_osteria_do_torri_45.4346_12.3241,Osteria Do Torri,RESTAURANT,ristorante,https://raw.githubusercontent.com/pasqualelembo78/huntix-poi/main/italia/emilia-romagna/venezia/pages/osteria_do_torri_45.4346_12.3241.json,custom
45.434669,12.323678,ov_al_bocon_divino_45.4347_12.3237,Al Bocon Divino,RESTAURANT,ristorante,https://raw.githubusercontent.com/pasqualelembo78/huntix-poi/main/italia/emilia-romagna/venezia/pages/al_bocon_divino_45.4347_12.3237.json,custom
45.434690,12.324138,ov_pier_dickens_45.4347_12.3241,Pier Dickens,RESTAURANT,ristorante,https://raw.githubusercontent.com/pasqualelembo78/huntix-poi/main/italia/emilia-romagna/venezia/pages/pier_dickens_45.4347_12.3241.json,custom
45.434971,12.323883,ov_bakaro_45.4350_12.3239,Bakaro,RESTAURANT,ristorante,https://raw.githubusercontent.com/pasqualelembo78/huntix-poi/main/italia/emilia-romagna/venezia/pages/bakaro_45.4350_12.3239.json,custom
45.434920,12.333335,ov_pizzeria_l_angelo_45.4349_12.3333,Pizzeria L'Angelo,RESTAURANT,ristorante,https://raw.githubusercontent.com/pasqualelembo78/huntix-poi/main/italia/emilia-romagna/venezia/pages/pizzeria_langelo_45.4349_12.3333.json,custom
45.434878,12.333179,ov_ristorante_rosa_rossa_45.4349_12.3332,Ristorante Rosa Rossa,RESTAURANT,ristorante,https://raw.githubusercontent.com/pasqualelembo78/huntix-poi/main/italia/emilia-romagna/venezia/pages/ristorante_rosa_rossa_45.4349_12.3332.json,custom
45.434875,12.333023,ov_al_vaporetto_45.4349_12.3330,Al Vaporetto,RESTAURANT,ristorante,https://raw.githubusercontent.com/pasqualelembo78/huntix-poi/main/italia/emilia-romagna/venezia/pages/al_vaporetto_45.4349_12.3330.json,custom
45.434740,12.333003,ov_vini_da_arturo_45.4347_12.3330,Vini Da Arturo,RESTAURANT,ristorante,https://raw.githubusercontent.com/pasqualelembo78/huntix-poi/main/italia/emilia-romagna/venezia/pages/vini_da_arturo_45.4347_12.3330.json,custom
45.434707,12.332732,ov_ristorante_la_feluca_45.4347_12.3327,Ristorante La Feluca,RESTAURANT,ristorante,https://raw.githubusercontent.com/pasqualelembo78/huntix-poi/main/italia/emilia-romagna/venezia/pages/ristorante_la_feluca_45.4347_12.3327.json,custom
45.434574,12.332268,ov_ristorante_acqua_pazza_45.4346_12.3323,Ristorante Acqua Pazza,RESTAURANT,ristorante,https://raw.githubusercontent.com/pasqualelembo78/huntix-poi/main/italia/emilia-romagna/venezia/pages/ristorante_acqua_pazza_45.4346_12.3323.json,custom
45.434619,12.335434,ov_ristorante_da_ivo_45.4346_12.3354,Ristorante da Ivo,RESTAURANT,ristorante,https://raw.githubusercontent.com/pasqualelembo78/huntix-poi/main/italia/emilia-romagna/venezia/pages/ristorante_da_ivo_45.4346_12.3354.json,custom
45.434824,12.333523,ov_osteria_ai_assassini_45.4348_12.3335,Osteria Ai Assassini,RESTAURANT,ristorante,https://raw.githubusercontent.com/pasqualelembo78/huntix-poi/main/italia/emilia-romagna/venezia/pages/osteria_ai_assassini_45.4348_12.3335.json,custom
45.434790,12.337302,ov_ristorante_noemi_45.4348_12.3373,Ristorante Noemi,RESTAURANT,ristorante,https://raw.githubusercontent.com/pasqualelembo78/huntix-poi/main/italia/emilia-romagna/venezia/pages/ristorante_noemi_45.4348_12.3373.json,custom
45.434821,12.337339,ov_happy_pizza_45.4348_12.3373,Happy Pizza,RESTAURANT,ristorante,https://raw.githubusercontent.com/pasqualelembo78/huntix-poi/main/italia/emilia-romagna/venezia/pages/happy_pizza_45.4348_12.3373.json,custom
45.434739,12.339052,ov_bar_americano_45.4347_12.3391,Bar Americano,RESTAURANT,ristorante,https://raw.githubusercontent.com/pasqualelembo78/huntix-poi/main/italia/emilia-romagna/venezia/pages/bar_americano_45.4347_12.3391.json,custom
45.434640,12.337535,ov_bacaro_da_me_pare_45.4346_12.3375,Bacaro da me Pare,RESTAURANT,ristorante,https://raw.githubusercontent.com/pasqualelembo78/huntix-poi/main/italia/emilia-romagna/venezia/pages/bacaro_da_me_pare_45.4346_12.3375.json,custom
45.434658,12.341850,ov_aerasse_45.4347_12.3419,AeRasse,RESTAURANT,ristorante,https://raw.githubusercontent.com/pasqualelembo78/huntix-poi/main/italia/emilia-romagna/venezia/pages/aerasse_45.4347_12.3419.json,custom
45.434605,12.341762,ov_ristorante_trovatore_45.4346_12.3418,Ristorante Trovatore,RESTAURANT,ristorante,https://raw.githubusercontent.com/pasqualelembo78/huntix-poi/main/italia/emilia-romagna/venezia/pages/ristorante_trovatore_45.4346_12.3418.json,custom
45.434884,12.340739,ov_calle_21_45.4349_12.3407,Calle 21,RESTAURANT,ristorante,https://raw.githubusercontent.com/pasqualelembo78/huntix-poi/main/italia/emilia-romagna/venezia/pages/calle_21_45.4349_12.3407.json,custom
45.434907,12.342765,ov_trattoria_zaccaria_45.4349_12.3428,Trattoria Zaccaria,RESTAURANT,ristorante,https://raw.githubusercontent.com/pasqualelembo78/huntix-poi/main/italia/emilia-romagna/venezia/pages/trattoria_zaccaria_45.4349_12.3428.json,custom
45.434912,12.342627,ov_trattoria_da_nino_venezia_45.4349_12.3426,Trattoria da Nino Venezia,RESTAURANT,ristorante,https://raw.githubusercontent.com/pasqualelembo78/huntix-poi/main/italia/emilia-romagna/venezia/pages/trattoria_da_nino_venezia_45.4349_12.3426.json,custom
45.435086,12.341786,ov_osteria_da_baco_45.4351_12.3418,Osteria Da Baco,RESTAURANT,ristorante,https://raw.githubusercontent.com/pasqualelembo78/huntix-poi/main/italia/emilia-romagna/venezia/pages/osteria_da_baco_45.4351_12.3418.json,custom
45.435080,12.341764,ov_verde_bistro_45.4351_12.3418,Verde Bistro,RESTAURANT,ristorante,https://raw.githubusercontent.com/pasqualelembo78/huntix-poi/main/italia/emilia-romagna/venezia/pages/verde_bistro_45.4351_12.3418.json,custom
45.435030,12.342400,ov_trattoria_da_roberto_45.4350_12.3424,Trattoria da Roberto,RESTAURANT,ristorante,https://raw.githubusercontent.com/pasqualelembo78/huntix-poi/main/italia/emilia-romagna/venezia/pages/trattoria_da_roberto_45.4350_12.3424.json,custom
45.435058,12.342013,ov_trattoria_alla_rivetta_45.4351_12.3420,Trattoria alla Rivetta,RESTAURANT,ristorante,https://raw.githubusercontent.com/pasqualelembo78/huntix-poi/main/italia/emilia-romagna/venezia/pages/trattoria_alla_rivetta_45.4351_12.3420.json,custom
45.435025,12.341296,ov_osteria_bizantina_45.4350_12.3413,Osteria Bizantina,RESTAURANT,ristorante,https://raw.githubusercontent.com/pasqualelembo78/huntix-poi/main/italia/emilia-romagna/venezia/pages/osteria_bizantina_45.4350_12.3413.json,custom
45.435036,12.341303,ov_ristorante_pesciolino_d_oro_45.4350_12.3413,Ristorante pesciolino d’oro,RESTAURANT,ristorante,https://raw.githubusercontent.com/pasqualelembo78/huntix-poi/main/italia/emilia-romagna/venezia/pages/ristorante_pesciolino_doro_45.4350_12.3413.json,custom
45.435012,12.341109,ov_ristorante_cinese_capitol_45.4350_12.3411,Ristorante Cinese Capitol,RESTAURANT,ristorante,https://raw.githubusercontent.com/pasqualelembo78/huntix-poi/main/italia/emilia-romagna/venezia/pages/ristorante_cinese_capitol_45.4350_12.3411.json,custom
45.435071,12.341523,ov_il_ridotto_45.4351_12.3415,Il Ridotto,RESTAURANT,ristorante,https://raw.githubusercontent.com/pasqualelembo78/huntix-poi/main/italia/emilia-romagna/venezia/pages/il_ridotto_45.4351_12.3415.json,custom
45.435088,12.341492,ov_ristorante_convivio_45.4351_12.3415,Ristorante Convivio,RESTAURANT,ristorante,https://raw.githubusercontent.com/pasqualelembo78/huntix-poi/main/italia/emilia-romagna/venezia/pages/ristorante_convivio_45.4351_12.3415.json,custom
45.435111,12.341319,ov_conca_d_oro_45.4351_12.3413,Conca D'Oro,RESTAURANT,ristorante,https://raw.githubusercontent.com/pasqualelembo78/huntix-poi/main/italia/emilia-romagna/venezia/pages/conca_doro_45.4351_12.3413.json,custom
45.435109,12.339322,ov_osteria_ai_specchieri_45.4351_12.3393,Osteria ai Specchieri,RESTAURANT,ristorante,https://raw.githubusercontent.com/pasqualelembo78/huntix-poi/main/italia/emilia-romagna/venezia/pages/osteria_ai_specchieri_45.4351_12.3393.json,custom
45.435077,12.339638,ov_falciani_45.4351_12.3396,Falciani,RESTAURANT,ristorante,https://raw.githubusercontent.com/pasqualelembo78/huntix-poi/main/italia/emilia-romagna/venezia/pages/falciani_45.4351_12.3396.json,custom
45.435123,12.338593,ov_la_piazza_zone_45.4351_12.3386,La Piazza Zone,RESTAURANT,ristorante,https://raw.githubusercontent.com/pasqualelembo78/huntix-poi/main/italia/emilia-romagna/venezia/pages/la_piazza_zone_45.4351_12.3386.json,custom
45.435116,12.337863,ov_ai_due_vescovi_45.4351_12.3379,Ai Due Vescovi,RESTAURANT,ristorante,https://raw.githubusercontent.com/pasqualelembo78/huntix-poi/main/italia/emilia-romagna/venezia/pages/ai_due_vescovi_45.4351_12.3379.json,custom
45.434996,12.337052,ov_ristorante_oasi_45.4350_12.3371,Ristorante Oasi,RESTAURANT,ristorante,https://raw.githubusercontent.com/pasqualelembo78/huntix-poi/main/italia/emilia-romagna/venezia/pages/ristorante_oasi_45.4350_12.3371.json,custom
45.434994,12.339061,ov_kori_restaurant_pizza_45.4350_12.3391,Kori Restaurant Pizza,RESTAURANT,ristorante,https://raw.githubusercontent.com/pasqualelembo78/huntix-poi/main/italia/emilia-romagna/venezia/pages/kori_restaurant_pizza_45.4350_12.3391.json,custom
45.435026,12.338819,ov_leone_d_oro_ristorante_45.4350_12.3388,Leone D’oro Ristorante,RESTAURANT,ristorante,https://raw.githubusercontent.com/pasqualelembo78/huntix-poi/main/italia/emilia-romagna/venezia/pages/leone_doro_ristorante_45.4350_12.3388.json,custom
45.434980,12.339847,ov_ristorante_feliciani_45.4350_12.3398,Ristorante Feliciani,RESTAURANT,ristorante,https://raw.githubusercontent.com/pasqualelembo78/huntix-poi/main/italia/emilia-romagna/venezia/pages/ristorante_feliciani_45.4350_12.3398.json,custom
45.434880,12.337172,ov_marco_polo_45.4349_12.3372,Marco Polo,RESTAURANT,ristorante,https://raw.githubusercontent.com/pasqualelembo78/huntix-poi/main/italia/emilia-romagna/venezia/pages/marco_polo_45.4349_12.3372.json,custom
45.434890,12.336728,ov_al_gallo_d_oro_45.4349_12.3367,Al Gallo d'Oro,RESTAURANT,ristorante,https://raw.githubusercontent.com/pasqualelembo78/huntix-poi/main/italia/emilia-romagna/venezia/pages/al_gallo_doro_45.4349_12.3367.json,custom
45.434966,12.337530,ov_aldo_pasta_45.4350_12.3375,Aldo Pasta,RESTAURANT,ristorante,https://raw.githubusercontent.com/pasqualelembo78/huntix-poi/main/italia/emilia-romagna/venezia/pages/aldo_pasta_45.4350_12.3375.json,custom
45.435022,12.335031,ov_ai_mercanti_45.4350_12.3350,Ai Mercanti,RESTAURANT,ristorante,https://raw.githubusercontent.com/pasqualelembo78/huntix-poi/main/italia/emilia-romagna/venezia/pages/ai_mercanti_45.4350_12.3350.json,custom
45.435120,12.335140,ov_osteria_contemporanea_da_riccardo_45.4351_12.3351,Osteria Contemporanea da Riccardo,RESTAURANT,ristorante,https://raw.githubusercontent.com/pasqualelembo78/huntix-poi/main/italia/emilia-romagna/venezia/pages/osteria_contemporanea_da_riccardo_45.4351_12.3351.json,custom
45.435070,12.334400,ov_cucina_da_mario_45.4351_12.3344,Cucina da Mario,RESTAURANT,ristorante,https://raw.githubusercontent.com/pasqualelembo78/huntix-poi/main/italia/emilia-romagna/venezia/pages/cucina_da_mario_45.4351_12.3344.json,custom
45.435324,12.334533,ov_skk_mediterranea_halal_45.4353_12.3345,SKK Mediterranea Halal,RESTAURANT,ristorante,https://raw.githubusercontent.com/pasqualelembo78/huntix-poi/main/italia/emilia-romagna/venezia/pages/skk_mediterranea_halal_45.4353_12.3345.json,custom
45.435336,12.335145,ov_pasta___sugo_45.4353_12.3351,Pasta & Sugo,RESTAURANT,ristorante,https://raw.githubusercontent.com/pasqualelembo78/huntix-poi/main/italia/emilia-romagna/venezia/pages/pasta_sugo_45.4353_12.3351.json,custom
45.435333,12.336741,ov_fried_rice_45.4353_12.3367,Fried rice,RESTAURANT,ristorante,https://raw.githubusercontent.com/pasqualelembo78/huntix-poi/main/italia/emilia-romagna/venezia/pages/fried_rice_45.4353_12.3367.json,custom
45.435339,12.336746,ov_trattoria_pizzeria_da_gioia_45.4353_12.3367,Trattoria Pizzeria Da Gioia,RESTAURANT,ristorante,https://raw.githubusercontent.com/pasqualelembo78/huntix-poi/main/italia/emilia-romagna/venezia/pages/trattoria_pizzeria_da_gioia_45.4353_12.3367.json,custom
45.435404,12.338145,ov_il_salotto_di_san_marco_45.4354_12.3381,Il Salotto di San Marco,RESTAURANT,ristorante,https://raw.githubusercontent.com/pasqualelembo78/huntix-poi/main/italia/emilia-romagna/venezia/pages/il_salotto_di_san_marco_45.4354_12.3381.json,custom
45.435357,12.339387,ov_ristorante_centrale_pizzeria_45.4354_12.3394,Ristorante Centrale Pizzeria,RESTAURANT,ristorante,https://raw.githubusercontent.com/pasqualelembo78/huntix-poi/main/italia/emilia-romagna/venezia/pages/ristorante_centrale_pizzeria_45.4354_12.3394.json,custom
45.435278,12.338971,ov_pako_s_pizza___pasta_45.4353_12.3390,Pako's Pizza & Pasta,RESTAURANT,ristorante,https://raw.githubusercontent.com/pasqualelembo78/huntix-poi/main/italia/emilia-romagna/venezia/pages/pakos_pizza_pasta_45.4353_12.3390.json,custom
45.435286,12.339669,ov_beppino_45.4353_12.3397,Beppino,RESTAURANT,ristorante,https://raw.githubusercontent.com/pasqualelembo78/huntix-poi/main/italia/emilia-romagna/venezia/pages/beppino_45.4353_12.3397.json,custom
45.435219,12.339695,ov_trattoria_ai_leoncini_45.4352_12.3397,Trattoria Ai Leoncini,RESTAURANT,ristorante,https://raw.githubusercontent.com/pasqualelembo78/huntix-poi/main/italia/emilia-romagna/venezia/pages/trattoria_ai_leoncini_45.4352_12.3397.json,custom
45.435238,12.337023,ov_trattoria_le_colonete_45.4352_12.3370,Trattoria le Colonete,RESTAURANT,ristorante,https://raw.githubusercontent.com/pasqualelembo78/huntix-poi/main/italia/emilia-romagna/venezia/pages/trattoria_le_colonete_45.4352_12.3370.json,custom
45.435227,12.336856,ov_ristorante_venezia_felice_45.4352_12.3369,Ristorante Venezia Felice,RESTAURANT,ristorante,https://raw.githubusercontent.com/pasqualelembo78/huntix-poi/main/italia/emilia-romagna/venezia/pages/ristorante_venezia_felice_45.4352_12.3369.json,custom
45.435208,12.336846,ov_dragone_d_oriente_45.4352_12.3368,Dragone d'Oriente,RESTAURANT,ristorante,https://raw.githubusercontent.com/pasqualelembo78/huntix-poi/main/italia/emilia-romagna/venezia/pages/dragone_doriente_45.4352_12.3368.json,custom
45.435191,12.339367,ov_al_chianti_45.4352_12.3394,Al Chianti,RESTAURANT,ristorante,https://raw.githubusercontent.com/pasqualelembo78/huntix-poi/main/italia/emilia-romagna/venezia/pages/al_chianti_45.4352_12.3394.json,custom
45.435156,12.339384,ov_ristorante_marciana_45.4352_12.3394,Ristorante Marciana,RESTAURANT,ristorante,https://raw.githubusercontent.com/pasqualelembo78/huntix-poi/main/italia/emilia-romagna/venezia/pages/ristorante_marciana_45.4352_12.3394.json,custom
45.435165,12.339387,ov_caruti___caruti_di_jacopo_caruti_s_a_s_45.4352_12.3394,Caruti & Caruti Di Jacopo Caruti S.A.S,RESTAURANT,ristorante,https://raw.githubusercontent.com/pasqualelembo78/huntix-poi/main/italia/emilia-romagna/venezia/pages/caruti_caruti_di_jacopo_caruti_sas_45.4352_12.3394.json,custom
45.435154,12.339178,ov_altrove_srl_45.4352_12.3392,Altrove SRL,RESTAURANT,ristorante,https://raw.githubusercontent.com/pasqualelembo78/huntix-poi/main/italia/emilia-romagna/venezia/pages/altrove_srl_45.4352_12.3392.json,custom
45.435154,12.339242,ov_birreria_pedavena_45.4352_12.3392,Birreria Pedavena,RESTAURANT,ristorante,https://raw.githubusercontent.com/pasqualelembo78/huntix-poi/main/italia/emilia-romagna/venezia/pages/birreria_pedavena_45.4352_12.3392.json,custom
45.435132,12.339314,ov_ristorante_pizzeria_venezia_45.4351_12.3393,Ristorante Pizzeria Venezia,RESTAURANT,ristorante,https://raw.githubusercontent.com/pasqualelembo78/huntix-poi/main/italia/emilia-romagna/venezia/pages/ristorante_pizzeria_venezia_45.4351_12.3393.json,custom
45.435250,12.340133,ov_trattoria_canonica_45.4353_12.3401,Trattoria Canonica,RESTAURANT,ristorante,https://raw.githubusercontent.com/pasqualelembo78/huntix-poi/main/italia/emilia-romagna/venezia/pages/trattoria_canonica_45.4353_12.3401.json,custom
45.435264,12.340065,ov_ristorante_pizza_e_bar_da_celio_45.4353_12.3401,Ristorante Pizza e Bar Da Celio,RESTAURANT,ristorante,https://raw.githubusercontent.com/pasqualelembo78/huntix-poi/main/italia/emilia-romagna/venezia/pages/ristorante_pizza_e_bar_da_celio_45.4353_12.3401.json,custom
45.435170,12.341644,ov_aciugheta_45.4352_12.3416,Aciugheta,RESTAURANT,ristorante,https://raw.githubusercontent.com/pasqualelembo78/huntix-poi/main/italia/emilia-romagna/venezia/pages/aciugheta_45.4352_12.3416.json,custom
45.435299,12.342712,ov_ristorante_san_provolo_45.4353_12.3427,Ristorante San provolo,RESTAURANT,ristorante,https://raw.githubusercontent.com/pasqualelembo78/huntix-poi/main/italia/emilia-romagna/venezia/pages/ristorante_san_provolo_45.4353_12.3427.json,custom
45.435364,12.340047,ov_rossopomodoro_venezia_san_marco_45.4354_12.3400,Rossopomodoro Venezia San Marco,RESTAURANT,ristorante,https://raw.githubusercontent.com/pasqualelembo78/huntix-poi/main/italia/emilia-romagna/venezia/pages/rossopomodoro_venezia_san_marco_45.4354_12.3400.json,custom
45.435531,12.341944,ov_baibe_sas_45.4355_12.3419,BAIBE SAS,RESTAURANT,ristorante,https://raw.githubusercontent.com/pasqualelembo78/huntix-poi/main/italia/emilia-romagna/venezia/pages/baibe_sas_45.4355_12.3419.json,custom
45.435411,12.346371,ov_hostaria_castello_45.4354_12.3464,Hostaria Castello,RESTAURANT,ristorante,https://raw.githubusercontent.com/pasqualelembo78/huntix-poi/main/italia/emilia-romagna/venezia/pages/hostaria_castello_45.4354_12.3464.json,custom
45.435608,12.345373,ov_prebateo_45.4356_12.3454,Prebateo,RESTAURANT,ristorante,https://raw.githubusercontent.com/pasqualelembo78/huntix-poi/main/italia/emilia-romagna/venezia/pages/prebateo_45.4356_12.3454.json,custom
45.435579,12.345516,ov_aurora_pizza___kebab_halal_45.4356_12.3455,Aurora Pizza & Kebab Halal,RESTAURANT,ristorante,https://raw.githubusercontent.com/pasqualelembo78/huntix-poi/main/italia/emilia-romagna/venezia/pages/aurora_pizza_kebab_halal_45.4356_12.3455.json,custom
45.435629,12.345289,ov_osteria_oliva_nera_45.4356_12.3453,Osteria Oliva Nera,RESTAURANT,ristorante,https://raw.githubusercontent.com/pasqualelembo78/huntix-poi/main/italia/emilia-romagna/venezia/pages/osteria_oliva_nera_45.4356_12.3453.json,custom
45.435628,12.345804,ov_trattoria_da_denis_45.4356_12.3458,Trattoria da Denis,RESTAURANT,ristorante,https://raw.githubusercontent.com/pasqualelembo78/huntix-poi/main/italia/emilia-romagna/venezia/pages/trattoria_da_denis_45.4356_12.3458.json,custom
45.435632,12.345967,ov_ristorante_local_45.4356_12.3460,Ristorante Local,RESTAURANT,ristorante,https://raw.githubusercontent.com/pasqualelembo78/huntix-poi/main/italia/emilia-romagna/venezia/pages/ristorante_local_45.4356_12.3460.json,custom
45.435688,12.345103,ov_trattoria_da_remigio_45.4357_12.3451,Trattoria da Remigio,RESTAURANT,ristorante,https://raw.githubusercontent.com/pasqualelembo78/huntix-poi/main/italia/emilia-romagna/venezia/pages/trattoria_da_remigio_45.4357_12.3451.json,custom
45.435653,12.344077,ov_creperia_artigianale_casteo_45.4357_12.3441,Creperia Artigianale Casteo,RESTAURANT,ristorante,https://raw.githubusercontent.com/pasqualelembo78/huntix-poi/main/italia/emilia-romagna/venezia/pages/creperia_artigianale_casteo_45.4357_12.3441.json,custom
45.435640,12.343751,ov_gransapor_ristorante_45.4356_12.3438,Gransapor Ristorante,RESTAURANT,ristorante,https://raw.githubusercontent.com/pasqualelembo78/huntix-poi/main/italia/emilia-romagna/venezia/pages/gransapor_ristorante_45.4356_12.3438.json,custom
45.435616,12.343820,ov_trattoria_ali_d_oro_45.4356_12.3438,Trattoria Ali D'oro,RESTAURANT,ristorante,https://raw.githubusercontent.com/pasqualelembo78/huntix-poi/main/italia/emilia-romagna/venezia/pages/trattoria_ali_doro_45.4356_12.3438.json,custom
45.435589,12.341638,ov_antica_osteria_ai_tre_leoni_45.4356_12.3416,Antica Osteria Ai Tre Leoni,RESTAURANT,ristorante,https://raw.githubusercontent.com/pasqualelembo78/huntix-poi/main/italia/emilia-romagna/venezia/pages/antica_osteria_ai_tre_leoni_45.4356_12.3416.json,custom
45.435657,12.339280,ov_ristorante_do_forni_45.4357_12.3393,Ristorante Do Forni,RESTAURANT,ristorante,https://raw.githubusercontent.com/pasqualelembo78/huntix-poi/main/italia/emilia-romagna/venezia/pages/ristorante_do_forni_45.4357_12.3393.json,custom
45.435560,12.338727,ov_ristorante_dallo_zio_san_marco_45.4356_12.3387,Ristorante Dallo Zio San Marco,RESTAURANT,ristorante,https://raw.githubusercontent.com/pasqualelembo78/huntix-poi/main/italia/emilia-romagna/venezia/pages/ristorante_dallo_zio_san_marco_45.4356_12.3387.json,custom
45.435520,12.339252,ov_trattoria_do_forni_45.4355_12.3393,Trattoria Do Forni,RESTAURANT,ristorante,https://raw.githubusercontent.com/pasqualelembo78/huntix-poi/main/italia/emilia-romagna/venezia/pages/trattoria_do_forni_45.4355_12.3393.json,custom
45.435515,12.338822,ov_bar_ristorante_pizzer_a_da_tot__45.4355_12.3388,Bar Ristorante Pizzería da Totò,RESTAURANT,ristorante,https://raw.githubusercontent.com/pasqualelembo78/huntix-poi/main/italia/emilia-romagna/venezia/pages/bar_ristorante_pizzera_da_tot_45.4355_12.3388.json,custom
45.435423,12.339399,ov_antico_pignolo_45.4354_12.3394,Antico Pignolo,RESTAURANT,ristorante,https://raw.githubusercontent.com/pasqualelembo78/huntix-poi/main/italia/emilia-romagna/venezia/pages/antico_pignolo_45.4354_12.3394.json,custom
45.435524,12.338332,ov_h_tte_45.4355_12.3383,Hütte,RESTAURANT,ristorante,https://raw.githubusercontent.com/pasqualelembo78/huntix-poi/main/italia/emilia-romagna/venezia/pages/htte_45.4355_12.3383.json,custom
45.435433,12.335293,ov_poke_a_pua_45.4354_12.3353,Poke a Pua,RESTAURANT,ristorante,https://raw.githubusercontent.com/pasqualelembo78/huntix-poi/main/italia/emilia-romagna/venezia/pages/poke_a_pua_45.4354_12.3353.json,custom
45.435564,12.336489,ov_bistrot_de_venise_45.4356_12.3365,Bistrot de Venise,RESTAURANT,ristorante,https://raw.githubusercontent.com/pasqualelembo78/huntix-poi/main/italia/emilia-romagna/venezia/pages/bistrot_de_venise_45.4356_12.3365.json,custom
45.435670,12.336298,ov_ristorante_pizzeria_nuova_valigia_45.4357_12.3363,Ristorante Pizzeria Nuova Valigia,RESTAURANT,ristorante,https://raw.githubusercontent.com/pasqualelembo78/huntix-poi/main/italia/emilia-romagna/venezia/pages/ristorante_pizzeria_nuova_valigia_45.4357_12.3363.json,custom
45.435189,12.326105,ov_al_canton_ristorante_pizzeria_45.4352_12.3261,Al Canton Ristorante Pizzeria,RESTAURANT,ristorante,https://raw.githubusercontent.com/pasqualelembo78/huntix-poi/main/italia/emilia-romagna/venezia/pages/al_canton_ristorante_pizzeria_45.4352_12.3261.json,custom
45.435354,12.321646,ov_8_millimetri_45.4354_12.3216,8 Millimetri,RESTAURANT,ristorante,https://raw.githubusercontent.com/pasqualelembo78/huntix-poi/main/italia/emilia-romagna/venezia/pages/8_millimetri_45.4354_12.3216.json,custom
45.435457,12.324757,ov_la_loggia_bistro_45.4355_12.3248,La Loggia Bistro,RESTAURANT,ristorante,https://raw.githubusercontent.com/pasqualelembo78/huntix-poi/main/italia/emilia-romagna/venezia/pages/la_loggia_bistro_45.4355_12.3248.json,custom
45.435673,12.325131,ov_sottosopra_45.4357_12.3251,SottoSopra,RESTAURANT,ristorante,https://raw.githubusercontent.com/pasqualelembo78/huntix-poi/main/italia/emilia-romagna/venezia/pages/sottosopra_45.4357_12.3251.json,custom
45.435619,12.325079,ov_kanpei_izakaya_venezia_45.4356_12.3251,Kanpei Izakaya Venezia,RESTAURANT,ristorante,https://raw.githubusercontent.com/pasqualelembo78/huntix-poi/main/italia/emilia-romagna/venezia/pages/kanpei_izakaya_venezia_45.4356_12.3251.json,custom
45.434368,12.316747,ov_la_vacaria_45.4344_12.3167,La Vacaria,RESTAURANT,ristorante,https://raw.githubusercontent.com/pasqualelembo78/huntix-poi/main/italia/emilia-romagna/venezia/pages/la_vacaria_45.4344_12.3167.json,custom
45.433512,12.317169,ov_bisicchia_rusticheria_siciliana_45.4335_12.3172,Bisicchia Rusticheria Siciliana,RESTAURANT,ristorante,https://raw.githubusercontent.com/pasqualelembo78/huntix-poi/main/italia/emilia-romagna/venezia/pages/bisicchia_rusticheria_siciliana_45.4335_12.3172.json,custom
45.433349,12.320003,ov_osteria_da_codroma_45.4333_12.3200,Osteria Da Codroma,RESTAURANT,ristorante,https://raw.githubusercontent.com/pasqualelembo78/huntix-poi/main/italia/emilia-romagna/venezia/pages/osteria_da_codroma_45.4333_12.3200.json,custom
45.432862,12.317443,ov_carovansara_ristorante_bar_45.4329_12.3174,Carovansara Ristorante Bar,RESTAURANT,ristorante,https://raw.githubusercontent.com/pasqualelembo78/huntix-poi/main/italia/emilia-romagna/venezia/pages/carovansara_ristorante_bar_45.4329_12.3174.json,custom
45.432718,12.317260,ov_osteria_bakan_45.4327_12.3173,Osteria Bakan,RESTAURANT,ristorante,https://raw.githubusercontent.com/pasqualelembo78/huntix-poi/main/italia/emilia-romagna/venezia/pages/osteria_bakan_45.4327_12.3173.json,custom
45.432573,12.317603,ov_caconero_45.4326_12.3176,Caconero,RESTAURANT,ristorante,https://raw.githubusercontent.com/pasqualelembo78/huntix-poi/main/italia/emilia-romagna/venezia/pages/caconero_45.4326_12.3176.json,custom
45.432566,12.317323,ov_giorai_45.4326_12.3173,Giorai,RESTAURANT,ristorante,https://raw.githubusercontent.com/pasqualelembo78/huntix-poi/main/italia/emilia-romagna/venezia/pages/giorai_45.4326_12.3173.json,custom
45.432062,12.319208,ov_trattoria_anzolo_raffaele_45.4321_12.3192,Trattoria Anzolo Raffaele,RESTAURANT,ristorante,https://raw.githubusercontent.com/pasqualelembo78/huntix-poi/main/italia/emilia-romagna/venezia/pages/trattoria_anzolo_raffaele_45.4321_12.3192.json,custom
45.431393,12.320366,ov_osteria_da_toni_45.4314_12.3204,Osteria da Toni,RESTAURANT,ristorante,https://raw.githubusercontent.com/pasqualelembo78/huntix-poi/main/italia/emilia-romagna/venezia/pages/osteria_da_toni_45.4314_12.3204.json,custom
45.431591,12.324783,ov_antica_locanda_montin_45.4316_12.3248,Antica Locanda Montin,RESTAURANT,ristorante,https://raw.githubusercontent.com/pasqualelembo78/huntix-poi/main/italia/emilia-romagna/venezia/pages/antica_locanda_montin_45.4316_12.3248.json,custom
45.431773,12.327046,ov_taverna_san_trovaso_45.4318_12.3270,Taverna San Trovaso,RESTAURANT,ristorante,https://raw.githubusercontent.com/pasqualelembo78/huntix-poi/main/italia/emilia-romagna/venezia/pages/taverna_san_trovaso_45.4318_12.3270.json,custom
45.431632,12.333336,ov_club_del_doge_45.4316_12.3333,Club del Doge,RESTAURANT,ristorante,https://raw.githubusercontent.com/pasqualelembo78/huntix-poi/main/italia/emilia-romagna/venezia/pages/club_del_doge_45.4316_12.3333.json,custom
45.432069,12.336563,ov_ristorante_ombra_del_leone_45.4321_12.3366,Ristorante Ombra del Leone,RESTAURANT,ristorante,https://raw.githubusercontent.com/pasqualelembo78/huntix-poi/main/italia/emilia-romagna/venezia/pages/ristorante_ombra_del_leone_45.4321_12.3366.json,custom
45.432229,12.335446,ov_gio_s_restaurant_and_terrace_45.4322_12.3354,Gio's Restaurant and Terrace,RESTAURANT,ristorante,https://raw.githubusercontent.com/pasqualelembo78/huntix-poi/main/italia/emilia-romagna/venezia/pages/gios_restaurant_and_terrace_45.4322_12.3354.json,custom
45.432214,12.336497,ov_ombra_del_leone_45.4322_12.3365,Ombra del Leone,RESTAURANT,ristorante,https://raw.githubusercontent.com/pasqualelembo78/huntix-poi/main/italia/emilia-romagna/venezia/pages/ombra_del_leone_45.4322_12.3365.json,custom
45.432179,12.331000,ov_ristorante_degli_artisti_45.4322_12.3310,Ristorante degli Artisti,RESTAURANT,ristorante,https://raw.githubusercontent.com/pasqualelembo78/huntix-poi/main/italia/emilia-romagna/venezia/pages/ristorante_degli_artisti_45.4322_12.3310.json,custom
45.432184,12.332886,ov_ristorante_al_giglio_45.4322_12.3329,Ristorante al Giglio,RESTAURANT,ristorante,https://raw.githubusercontent.com/pasqualelembo78/huntix-poi/main/italia/emilia-romagna/venezia/pages/ristorante_al_giglio_45.4322_12.3329.json,custom
45.432017,12.329512,ov_moro_restaurant_venice_45.4320_12.3295,Moro Restaurant Venice,RESTAURANT,ristorante,https://raw.githubusercontent.com/pasqualelembo78/huntix-poi/main/italia/emilia-romagna/venezia/pages/moro_restaurant_venice_45.4320_12.3295.json,custom
45.432012,12.325673,ov_pizza_e_kebab_toletta_45.4320_12.3257,Pizza e Kebab Toletta,RESTAURANT,ristorante,https://raw.githubusercontent.com/pasqualelembo78/huntix-poi/main/italia/emilia-romagna/venezia/pages/pizza_e_kebab_toletta_45.4320_12.3257.json,custom
45.431861,12.326088,ov_al_vecio_marangon_45.4319_12.3261,Al Vecio Marangon,RESTAURANT,ristorante,https://raw.githubusercontent.com/pasqualelembo78/huntix-poi/main/italia/emilia-romagna/venezia/pages/al_vecio_marangon_45.4319_12.3261.json,custom
45.432130,12.321460,ov_marco_benedetti_agenzia_di_commercio_45.4321_12.3215,Marco Benedetti Agenzia Di Commercio,RESTAURANT,ristorante,https://raw.githubusercontent.com/pasqualelembo78/huntix-poi/main/italia/emilia-romagna/venezia/pages/marco_benedetti_agenzia_di_commercio_45.4321_12.3215.json,custom
45.432150,12.325331,ov_osteria_enoteca_ai_artisti_45.4322_12.3253,Osteria Enoteca Ai Artisti,RESTAURANT,ristorante,https://raw.githubusercontent.com/pasqualelembo78/huntix-poi/main/italia/emilia-romagna/venezia/pages/osteria_enoteca_ai_artisti_45.4322_12.3253.json,custom
45.432455,12.322935,ov_al_profeta_45.4325_12.3229,Al Profeta,RESTAURANT,ristorante,https://raw.githubusercontent.com/pasqualelembo78/huntix-poi/main/italia/emilia-romagna/venezia/pages/al_profeta_45.4325_12.3229.json,custom
45.432490,12.323062,ov_basara_sushi_restaurant_45.4325_12.3231,Basara Sushi Restaurant,RESTAURANT,ristorante,https://raw.githubusercontent.com/pasqualelembo78/huntix-poi/main/italia/emilia-romagna/venezia/pages/basara_sushi_restaurant_45.4325_12.3231.json,custom
45.432606,12.325124,ov_casin_dei_nobili_45.4326_12.3251,Casin Dei Nobili,RESTAURANT,ristorante,https://raw.githubusercontent.com/pasqualelembo78/huntix-poi/main/italia/emilia-romagna/venezia/pages/casin_dei_nobili_45.4326_12.3251.json,custom
45.432664,12.330183,ov_art_blue_caf__45.4327_12.3302,Art Blue Café,RESTAURANT,ristorante,https://raw.githubusercontent.com/pasqualelembo78/huntix-poi/main/italia/emilia-romagna/venezia/pages/art_blue_caf_45.4327_12.3302.json,custom
45.432720,12.330450,ov_barababao_45.4327_12.3305,Barababao,RESTAURANT,ristorante,https://raw.githubusercontent.com/pasqualelembo78/huntix-poi/main/italia/emilia-romagna/venezia/pages/barababao_45.4327_12.3305.json,custom
45.432736,12.330215,ov_trattoria_e_pizzeira_45.4327_12.3302,Trattoria e Pizzeira,RESTAURANT,ristorante,https://raw.githubusercontent.com/pasqualelembo78/huntix-poi/main/italia/emilia-romagna/venezia/pages/trattoria_e_pizzeira_45.4327_12.3302.json,custom
45.432777,12.332043,ov_pizzeria_sansovino_45.4328_12.3320,Pizzeria Sansovino,RESTAURANT,ristorante,https://raw.githubusercontent.com/pasqualelembo78/huntix-poi/main/italia/emilia-romagna/venezia/pages/pizzeria_sansovino_45.4328_12.3320.json,custom
45.432795,12.331920,ov_tavernetta_san_maurizio_45.4328_12.3319,Tavernetta San Maurizio,RESTAURANT,ristorante,https://raw.githubusercontent.com/pasqualelembo78/huntix-poi/main/italia/emilia-romagna/venezia/pages/tavernetta_san_maurizio_45.4328_12.3319.json,custom
45.432887,12.324819,ov_ristorante_oniga_45.4329_12.3248,Ristorante Oniga,RESTAURANT,ristorante,https://raw.githubusercontent.com/pasqualelembo78/huntix-poi/main/italia/emilia-romagna/venezia/pages/ristorante_oniga_45.4329_12.3248.json,custom
45.432803,12.324273,ov_pane_vino_san_barnaba_45.4328_12.3243,Pane Vino San Barnaba,RESTAURANT,ristorante,https://raw.githubusercontent.com/pasqualelembo78/huntix-poi/main/italia/emilia-romagna/venezia/pages/pane_vino_san_barnaba_45.4328_12.3243.json,custom
45.432772,12.324570,ov_la_bitta_45.4328_12.3246,La Bitta,RESTAURANT,ristorante,https://raw.githubusercontent.com/pasqualelembo78/huntix-poi/main/italia/emilia-romagna/venezia/pages/la_bitta_45.4328_12.3246.json,custom
45.432647,12.323891,ov_bacaro_dai_fioi_45.4326_12.3239,Bacaro dai Fioi,RESTAURANT,ristorante,https://raw.githubusercontent.com/pasqualelembo78/huntix-poi/main/italia/emilia-romagna/venezia/pages/bacaro_dai_fioi_45.4326_12.3239.json,custom
45.432663,12.324003,ov_africa_experience_45.4327_12.3240,Africa Experience,RESTAURANT,ristorante,https://raw.githubusercontent.com/pasqualelembo78/huntix-poi/main/italia/emilia-romagna/venezia/pages/africa_experience_45.4327_12.3240.json,custom
45.432656,12.324367,ov_osteria_san_barnaba_45.4327_12.3244,Osteria San Barnaba,RESTAURANT,ristorante,https://raw.githubusercontent.com/pasqualelembo78/huntix-poi/main/italia/emilia-romagna/venezia/pages/osteria_san_barnaba_45.4327_12.3244.json,custom
45.433076,12.324344,ov_osteria_ai_pugni_45.4331_12.3243,Osteria Ai Pugni,RESTAURANT,ristorante,https://raw.githubusercontent.com/pasqualelembo78/huntix-poi/main/italia/emilia-romagna/venezia/pages/osteria_ai_pugni_45.4331_12.3243.json,custom
45.433098,12.324741,ov_ristorante_il_piacere_45.4331_12.3247,Ristorante Il Piacere,RESTAURANT,ristorante,https://raw.githubusercontent.com/pasqualelembo78/huntix-poi/main/italia/emilia-romagna/venezia/pages/ristorante_il_piacere_45.4331_12.3247.json,custom
45.433247,12.332296,ov_vecchia_malvasia_45.4332_12.3323,Vecchia Malvasia,RESTAURANT,ristorante,https://raw.githubusercontent.com/pasqualelembo78/huntix-poi/main/italia/emilia-romagna/venezia/pages/vecchia_malvasia_45.4332_12.3323.json,custom
45.433243,12.330533,ov_bar_caffetteria_saladate_45.4332_12.3305,Bar Caffetteria Saladate,RESTAURANT,ristorante,https://raw.githubusercontent.com/pasqualelembo78/huntix-poi/main/italia/emilia-romagna/venezia/pages/bar_caffetteria_saladate_45.4332_12.3305.json,custom
45.433244,12.330478,ov_ristorante_san_stefano_45.4332_12.3305,Ristorante San Stefano,RESTAURANT,ristorante,https://raw.githubusercontent.com/pasqualelembo78/huntix-poi/main/italia/emilia-romagna/venezia/pages/ristorante_san_stefano_45.4332_12.3305.json,custom
45.433132,12.330592,ov_beccafico_guna_restaurant_45.4331_12.3306,Beccafico Guna Restaurant,RESTAURANT,ristorante,https://raw.githubusercontent.com/pasqualelembo78/huntix-poi/main/italia/emilia-romagna/venezia/pages/beccafico_guna_restaurant_45.4331_12.3306.json,custom
45.433006,12.332152,ov_ca__del_pozzo_45.4330_12.3322,Ca' del Pozzo,RESTAURANT,ristorante,https://raw.githubusercontent.com/pasqualelembo78/huntix-poi/main/italia/emilia-romagna/venezia/pages/ca_del_pozzo_45.4330_12.3322.json,custom
45.433077,12.337202,ov_santo_mare_venice_45.4331_12.3372,Santo Mare Venice,RESTAURANT,ristorante,https://raw.githubusercontent.com/pasqualelembo78/huntix-poi/main/italia/emilia-romagna/venezia/pages/santo_mare_venice_45.4331_12.3372.json,custom
45.433169,12.334444,ov_ristorante_rio_de_la_veste_45.4332_12.3344,Ristorante rio de la veste,RESTAURANT,ristorante,https://raw.githubusercontent.com/pasqualelembo78/huntix-poi/main/italia/emilia-romagna/venezia/pages/ristorante_rio_de_la_veste_45.4332_12.3344.json,custom
45.433163,12.334270,ov_alla_borsa_45.4332_12.3343,Alla Borsa,RESTAURANT,ristorante,https://raw.githubusercontent.com/pasqualelembo78/huntix-poi/main/italia/emilia-romagna/venezia/pages/alla_borsa_45.4332_12.3343.json,custom
45.433213,12.336797,ov_pietro_panizzolo_45.4332_12.3368,Pietro Panizzolo,RESTAURANT,ristorante,https://raw.githubusercontent.com/pasqualelembo78/huntix-poi/main/italia/emilia-romagna/venezia/pages/pietro_panizzolo_45.4332_12.3368.json,custom
45.432387,12.333657,ov_ristorante_da_raffaele_45.4324_12.3337,Ristorante da Raffaele,RESTAURANT,ristorante,https://raw.githubusercontent.com/pasqualelembo78/huntix-poi/main/italia/emilia-romagna/venezia/pages/ristorante_da_raffaele_45.4324_12.3337.json,custom
45.432394,12.337045,ov_grand_canal_restaurant_and_bar_45.4324_12.3370,Grand Canal Restaurant and Bar,RESTAURANT,ristorante,https://raw.githubusercontent.com/pasqualelembo78/huntix-poi/main/italia/emilia-romagna/venezia/pages/grand_canal_restaurant_and_bar_45.4324_12.3370.json,custom
45.432460,12.337130,ov_cipriani_restaurant_venezia_45.4325_12.3371,Cipriani Restaurant Venezia,RESTAURANT,ristorante,https://raw.githubusercontent.com/pasqualelembo78/huntix-poi/main/italia/emilia-romagna/venezia/pages/cipriani_restaurant_venezia_45.4325_12.3371.json,custom
45.432379,12.353391,ov_trattoria_garibaldi_45.4324_12.3534,Trattoria Garibaldi,RESTAURANT,ristorante,https://raw.githubusercontent.com/pasqualelembo78/huntix-poi/main/italia/emilia-romagna/venezia/pages/trattoria_garibaldi_45.4324_12.3534.json,custom
45.432440,12.353350,ov_da_l__street_food_45.4324_12.3534,Da Lù Street Food,RESTAURANT,ristorante,https://raw.githubusercontent.com/pasqualelembo78/huntix-poi/main/italia/emilia-romagna/venezia/pages/da_l_street_food_45.4324_12.3534.json,custom
45.432448,12.355489,ov_osteria_da_valentino_45.4324_12.3555,Osteria Da Valentino,RESTAURANT,ristorante,https://raw.githubusercontent.com/pasqualelembo78/huntix-poi/main/italia/emilia-romagna/venezia/pages/osteria_da_valentino_45.4324_12.3555.json,custom
45.432426,12.355533,ov_trattoria_alla_rampa_45.4324_12.3555,Trattoria alla Rampa,RESTAURANT,ristorante,https://raw.githubusercontent.com/pasqualelembo78/huntix-poi/main/italia/emilia-romagna/venezia/pages/trattoria_alla_rampa_45.4324_12.3555.json,custom
45.432409,12.355256,ov_hostaria_all_ombra_45.4324_12.3553,Hostaria All Ombra,RESTAURANT,ristorante,https://raw.githubusercontent.com/pasqualelembo78/huntix-poi/main/italia/emilia-romagna/venezia/pages/hostaria_all_ombra_45.4324_12.3553.json,custom
45.432490,12.354879,ov_bacaro_1813_45.4325_12.3549,Bacaro 1813,RESTAURANT,ristorante,https://raw.githubusercontent.com/pasqualelembo78/huntix-poi/main/italia/emilia-romagna/venezia/pages/bacaro_1813_45.4325_12.3549.json,custom
45.433244,12.348643,ov_vero_venetian_roots_45.4332_12.3486,VERO Venetian Roots,RESTAURANT,ristorante,https://raw.githubusercontent.com/pasqualelembo78/huntix-poi/main/italia/emilia-romagna/venezia/pages/vero_venetian_roots_45.4332_12.3486.json,custom
45.433289,12.350629,ov_osteria_alla_tana_45.4333_12.3506,Osteria Alla Tana,RESTAURANT,ristorante,https://raw.githubusercontent.com/pasqualelembo78/huntix-poi/main/italia/emilia-romagna/venezia/pages/osteria_alla_tana_45.4333_12.3506.json,custom
45.432293,12.354377,ov_ristorante_il_nuovo_galeon_45.4323_12.3544,Ristorante Il Nuovo Galeon,RESTAURANT,ristorante,https://raw.githubusercontent.com/pasqualelembo78/huntix-poi/main/italia/emilia-romagna/venezia/pages/ristorante_il_nuovo_galeon_45.4323_12.3544.json,custom
45.432290,12.353789,ov_hopera_coffee_backery_45.4323_12.3538,Hopera coffee&backery,RESTAURANT,ristorante,https://raw.githubusercontent.com/pasqualelembo78/huntix-poi/main/italia/emilia-romagna/venezia/pages/hopera_coffeebackery_45.4323_12.3538.json,custom
45.432345,12.352352,ov_salvmeria_45.4323_12.3524,Salvmeria,RESTAURANT,ristorante,https://raw.githubusercontent.com/pasqualelembo78/huntix-poi/main/italia/emilia-romagna/venezia/pages/salvmeria_45.4323_12.3524.json,custom
45.432271,12.352980,ov_nevodi_45.4323_12.3530,Nevodi,RESTAURANT,ristorante,https://raw.githubusercontent.com/pasqualelembo78/huntix-poi/main/italia/emilia-romagna/venezia/pages/nevodi_45.4323_12.3530.json,custom
45.432268,12.352604,ov_ristorante_biennale_45.4323_12.3526,Ristorante Biennale,RESTAURANT,ristorante,https://raw.githubusercontent.com/pasqualelembo78/huntix-poi/main/italia/emilia-romagna/venezia/pages/ristorante_biennale_45.4323_12.3526.json,custom
45.432247,12.352356,ov_strani_45.4322_12.3524,Strani,RESTAURANT,ristorante,https://raw.githubusercontent.com/pasqualelembo78/huntix-poi/main/italia/emilia-romagna/venezia/pages/strani_45.4322_12.3524.json,custom
45.432256,12.351622,ov_trattoria_pizzeria_sottoprova_45.4323_12.3516,Trattoria Pizzeria Sottoprova,RESTAURANT,ristorante,https://raw.githubusercontent.com/pasqualelembo78/huntix-poi/main/italia/emilia-romagna/venezia/pages/trattoria_pizzeria_sottoprova_45.4323_12.3516.json,custom
45.432167,12.351977,ov_da_giulio_45.4322_12.3520,Da Giulio,RESTAURANT,ristorante,https://raw.githubusercontent.com/pasqualelembo78/huntix-poi/main/italia/emilia-romagna/venezia/pages/da_giulio_45.4322_12.3520.json,custom
45.432072,12.352164,ov_yuga_sushi_45.4321_12.3522,Yuga Sushi,RESTAURANT,ristorante,https://raw.githubusercontent.com/pasqualelembo78/huntix-poi/main/italia/emilia-romagna/venezia/pages/yuga_sushi_45.4321_12.3522.json,custom
45.432054,12.350820,ov_la_nuova_perla_45.4321_12.3508,La Nuova Perla,RESTAURANT,ristorante,https://raw.githubusercontent.com/pasqualelembo78/huntix-poi/main/italia/emilia-romagna/venezia/pages/la_nuova_perla_45.4321_12.3508.json,custom
45.431214,12.356652,ov_trattoria_dai_fioi_45.4312_12.3567,Trattoria Dai Fioi,RESTAURANT,ristorante,https://raw.githubusercontent.com/pasqualelembo78/huntix-poi/main/italia/emilia-romagna/venezia/pages/trattoria_dai_fioi_45.4312_12.3567.json,custom
45.431142,12.356247,ov_el_bagolo___casa_venezia_45.4311_12.3562,El Bagolo - CASA VENEZIA,RESTAURANT,ristorante,https://raw.githubusercontent.com/pasqualelembo78/huntix-poi/main/italia/emilia-romagna/venezia/pages/el_bagolo_-_casa_venezia_45.4311_12.3562.json,custom
45.430822,12.357403,ov_antica_osteria_da_gino_45.4308_12.3574,Antica Osteria da Gino,RESTAURANT,ristorante,https://raw.githubusercontent.com/pasqualelembo78/huntix-poi/main/italia/emilia-romagna/venezia/pages/antica_osteria_da_gino_45.4308_12.3574.json,custom
45.430686,12.356711,ov_osteria_al_ponte_45.4307_12.3567,Osteria al Ponte,RESTAURANT,ristorante,https://raw.githubusercontent.com/pasqualelembo78/huntix-poi/main/italia/emilia-romagna/venezia/pages/osteria_al_ponte_45.4307_12.3567.json,custom
45.429810,12.357119,ov_osteria_san_isepo_45.4298_12.3571,Osteria San Isepo,RESTAURANT,ristorante,https://raw.githubusercontent.com/pasqualelembo78/huntix-poi/main/italia/emilia-romagna/venezia/pages/osteria_san_isepo_45.4298_12.3571.json,custom
45.429470,12.334679,ov_ristorante_lineadombra_45.4295_12.3347,Ristorante Lineadombra,RESTAURANT,ristorante,https://raw.githubusercontent.com/pasqualelembo78/huntix-poi/main/italia/emilia-romagna/venezia/pages/ristorante_lineadombra_45.4295_12.3347.json,custom
45.429230,12.327654,ov_alle_zattere_45.4292_12.3277,Alle Zattere,RESTAURANT,ristorante,https://raw.githubusercontent.com/pasqualelembo78/huntix-poi/main/italia/emilia-romagna/venezia/pages/alle_zattere_45.4292_12.3277.json,custom
45.429654,12.325986,ov_terrazza_dei_nobili_45.4297_12.3260,Terrazza dei Nobili,RESTAURANT,ristorante,https://raw.githubusercontent.com/pasqualelembo78/huntix-poi/main/italia/emilia-romagna/venezia/pages/terrazza_dei_nobili_45.4297_12.3260.json,custom
45.429801,12.332799,ov_bistrot_da_cici_45.4298_12.3328,Bistrot da Cici,RESTAURANT,ristorante,https://raw.githubusercontent.com/pasqualelembo78/huntix-poi/main/italia/emilia-romagna/venezia/pages/bistrot_da_cici_45.4298_12.3328.json,custom
45.429913,12.332776,ov_ristorante_messner_45.4299_12.3328,Ristorante Messner,RESTAURANT,ristorante,https://raw.githubusercontent.com/pasqualelembo78/huntix-poi/main/italia/emilia-romagna/venezia/pages/ristorante_messner_45.4299_12.3328.json,custom
45.430091,12.326144,ov_osteria_al_squero_45.4301_12.3261,Osteria Al Squero,RESTAURANT,ristorante,https://raw.githubusercontent.com/pasqualelembo78/huntix-poi/main/italia/emilia-romagna/venezia/pages/osteria_al_squero_45.4301_12.3261.json,custom
45.430474,12.322731,ov_oke_zattere_45.4305_12.3227,OKE Zattere,RESTAURANT,ristorante,https://raw.githubusercontent.com/pasqualelembo78/huntix-poi/main/italia/emilia-romagna/venezia/pages/oke_zattere_45.4305_12.3227.json,custom
45.430649,12.321982,ov_ristorante_riviera_45.4306_12.3220,Ristorante Riviera,RESTAURANT,ristorante,https://raw.githubusercontent.com/pasqualelembo78/huntix-poi/main/italia/emilia-romagna/venezia/pages/ristorante_riviera_45.4306_12.3220.json,custom
45.430435,12.329863,ov_cantinone_storico_45.4304_12.3299,Cantinone Storico,RESTAURANT,ristorante,https://raw.githubusercontent.com/pasqualelembo78/huntix-poi/main/italia/emilia-romagna/venezia/pages/cantinone_storico_45.4304_12.3299.json,custom
45.430533,12.328100,ov_la_rivista_restaurant_45.4305_12.3281,La Rivista Restaurant,RESTAURANT,ristorante,https://raw.githubusercontent.com/pasqualelembo78/huntix-poi/main/italia/emilia-romagna/venezia/pages/la_rivista_restaurant_45.4305_12.3281.json,custom
45.430548,12.327327,ov_ristorante_san_trovaso_45.4305_12.3273,Ristorante San Trovaso,RESTAURANT,ristorante,https://raw.githubusercontent.com/pasqualelembo78/huntix-poi/main/italia/emilia-romagna/venezia/pages/ristorante_san_trovaso_45.4305_12.3273.json,custom
45.430630,12.326988,ov_la_bauta_restaurant_45.4306_12.3270,La Bauta Restaurant,RESTAURANT,ristorante,https://raw.githubusercontent.com/pasqualelembo78/huntix-poi/main/italia/emilia-romagna/venezia/pages/la_bauta_restaurant_45.4306_12.3270.json,custom
45.430610,12.328422,ov_venice_pasta_s_academy_45.4306_12.3284,Venice pasta's academy,RESTAURANT,ristorante,https://raw.githubusercontent.com/pasqualelembo78/huntix-poi/main/italia/emilia-romagna/venezia/pages/venice_pastas_academy_45.4306_12.3284.json,custom
45.430575,12.330186,ov_al_vecio_forner_45.4306_12.3302,Al Vecio Forner,RESTAURANT,ristorante,https://raw.githubusercontent.com/pasqualelembo78/huntix-poi/main/italia/emilia-romagna/venezia/pages/al_vecio_forner_45.4306_12.3302.json,custom
45.430290,12.330760,ov_ai_gondolieri_45.4303_12.3308,Ai Gondolieri,RESTAURANT,ristorante,https://raw.githubusercontent.com/pasqualelembo78/huntix-poi/main/italia/emilia-romagna/venezia/pages/ai_gondolieri_45.4303_12.3308.json,custom
45.430196,12.333535,ov_60_40_take_away_45.4302_12.3335,60/40 Take Away,RESTAURANT,ristorante,https://raw.githubusercontent.com/pasqualelembo78/huntix-poi/main/italia/emilia-romagna/venezia/pages/6040_take_away_45.4302_12.3335.json,custom
45.430758,12.329000,ov_gino_s_bruschetteria_45.4308_12.3290,Gino's Bruschetteria,RESTAURANT,ristorante,https://raw.githubusercontent.com/pasqualelembo78/huntix-poi/main/italia/emilia-romagna/venezia/pages/ginos_bruschetteria_45.4308_12.3290.json,custom
45.430675,12.329370,ov_trattoria_ai_cugnai_45.4307_12.3294,Trattoria ai Cugnai,RESTAURANT,ristorante,https://raw.githubusercontent.com/pasqualelembo78/huntix-poi/main/italia/emilia-romagna/venezia/pages/trattoria_ai_cugnai_45.4307_12.3294.json,custom
45.430710,12.329122,ov_bar_da_gino_45.4307_12.3291,Bar da Gino,RESTAURANT,ristorante,https://raw.githubusercontent.com/pasqualelembo78/huntix-poi/main/italia/emilia-romagna/venezia/pages/bar_da_gino_45.4307_12.3291.json,custom
45.430933,12.326711,ov_vini_al_bottegon_45.4309_12.3267,Vini AL Bottegon,RESTAURANT,ristorante,https://raw.githubusercontent.com/pasqualelembo78/huntix-poi/main/italia/emilia-romagna/venezia/pages/vini_al_bottegon_45.4309_12.3267.json,custom
45.430968,12.320704,ov_osteria_ca__del_vento_45.4310_12.3207,Osteria Ca' del Vento,RESTAURANT,ristorante,https://raw.githubusercontent.com/pasqualelembo78/huntix-poi/main/italia/emilia-romagna/venezia/pages/osteria_ca_del_vento_45.4310_12.3207.json,custom
45.428443,12.319519,ov_bacaromi_45.4284_12.3195,Bacaromi,RESTAURANT,ristorante,https://raw.githubusercontent.com/pasqualelembo78/huntix-poi/main/italia/emilia-romagna/venezia/pages/bacaromi_45.4284_12.3195.json,custom
45.427169,12.323094,ov_harry_s_dolci_45.4272_12.3231,Harry's Dolci,RESTAURANT,ristorante,https://raw.githubusercontent.com/pasqualelembo78/huntix-poi/main/italia/emilia-romagna/venezia/pages/harrys_dolci_45.4272_12.3231.json,custom
45.427120,12.325897,ov_al_bateo_central_45.4271_12.3259,Al Bateo Central,RESTAURANT,ristorante,https://raw.githubusercontent.com/pasqualelembo78/huntix-poi/main/italia/emilia-romagna/venezia/pages/al_bateo_central_45.4271_12.3259.json,custom
45.426940,12.338939,ov_l_ulivo_45.4269_12.3389,L'Ulivo,RESTAURANT,ristorante,https://raw.githubusercontent.com/pasqualelembo78/huntix-poi/main/italia/emilia-romagna/venezia/pages/lulivo_45.4269_12.3389.json,custom
45.427520,12.340300,ov_ristorante_oro_45.4275_12.3403,Ristorante Oro,RESTAURANT,ristorante,https://raw.githubusercontent.com/pasqualelembo78/huntix-poi/main/italia/emilia-romagna/venezia/pages/ristorante_oro_45.4275_12.3403.json,custom
45.427430,12.360877,ov_osteria_da_pampo_45.4274_12.3609,Osteria da Pampo,RESTAURANT,ristorante,https://raw.githubusercontent.com/pasqualelembo78/huntix-poi/main/italia/emilia-romagna/venezia/pages/osteria_da_pampo_45.4274_12.3609.json,custom
45.427020,12.357140,ov_cipriani_venice_45.4270_12.3571,Cipriani Venice,RESTAURANT,ristorante,https://raw.githubusercontent.com/pasqualelembo78/huntix-poi/main/italia/emilia-romagna/venezia/pages/cipriani_venice_45.4270_12.3571.json,custom
45.422922,12.385938,ov_sabia_venice_45.4229_12.3859,Sabia Venice,RESTAURANT,ristorante,https://raw.githubusercontent.com/pasqualelembo78/huntix-poi/main/italia/emilia-romagna/venezia/pages/sabia_venice_45.4229_12.3859.json,custom
45.423000,12.377121,ov_mabapa_restaurant_45.4230_12.3771,Mabapa Restaurant,RESTAURANT,ristorante,https://raw.githubusercontent.com/pasqualelembo78/huntix-poi/main/italia/emilia-romagna/venezia/pages/mabapa_restaurant_45.4230_12.3771.json,custom
45.426330,12.362470,ov_savor_restaurant___bar_45.4263_12.3625,Savor Restaurant & Bar,RESTAURANT,ristorante,https://raw.githubusercontent.com/pasqualelembo78/huntix-poi/main/italia/emilia-romagna/venezia/pages/savor_restaurant_bar_45.4263_12.3625.json,custom
45.426254,12.361707,ov_vecia_gina_45.4263_12.3617,Vecia Gina,RESTAURANT,ristorante,https://raw.githubusercontent.com/pasqualelembo78/huntix-poi/main/italia/emilia-romagna/venezia/pages/vecia_gina_45.4263_12.3617.json,custom
45.425075,12.338090,ov_venice_takeaway_45.4251_12.3381,Venice Takeaway,RESTAURANT,ristorante,https://raw.githubusercontent.com/pasqualelembo78/huntix-poi/main/italia/emilia-romagna/venezia/pages/venice_takeaway_45.4251_12.3381.json,custom
45.425290,12.331170,ov_ristorante_pizzeria_al_redentor_45.4253_12.3312,Ristorante Pizzeria Al Redentor,RESTAURANT,ristorante,https://raw.githubusercontent.com/pasqualelembo78/huntix-poi/main/italia/emilia-romagna/venezia/pages/ristorante_pizzeria_al_redentor_45.4253_12.3312.json,custom
45.425454,12.328565,ov_trattoria_altanella_45.4255_12.3286,Trattoria Altanella,RESTAURANT,ristorante,https://raw.githubusercontent.com/pasqualelembo78/huntix-poi/main/italia/emilia-romagna/venezia/pages/trattoria_altanella_45.4255_12.3286.json,custom
45.425440,12.332026,ov_al_pontil_dea_giudecca_45.4254_12.3320,Al Pontil Dea Giudecca,RESTAURANT,ristorante,https://raw.githubusercontent.com/pasqualelembo78/huntix-poi/main/italia/emilia-romagna/venezia/pages/al_pontil_dea_giudecca_45.4254_12.3320.json,custom
45.426096,12.327686,ov_trattoria_ai_cacciatori_45.4261_12.3277,Trattoria Ai Cacciatori,RESTAURANT,ristorante,https://raw.githubusercontent.com/pasqualelembo78/huntix-poi/main/italia/emilia-romagna/venezia/pages/trattoria_ai_cacciatori_45.4261_12.3277.json,custom
45.426101,12.327583,ov_la_foca_45.4261_12.3276,La Foca,RESTAURANT,ristorante,https://raw.githubusercontent.com/pasqualelembo78/huntix-poi/main/italia/emilia-romagna/venezia/pages/la_foca_45.4261_12.3276.json,custom
45.425677,12.335866,ov_bar_93_in_riva_45.4257_12.3359,Bar 93 in Riva,RESTAURANT,ristorante,https://raw.githubusercontent.com/pasqualelembo78/huntix-poi/main/italia/emilia-romagna/venezia/pages/bar_93_in_riva_45.4257_12.3359.json,custom
45.426113,12.341391,ov_giudecca_10_45.4261_12.3414,Giudecca 10,RESTAURANT,ristorante,https://raw.githubusercontent.com/pasqualelembo78/huntix-poi/main/italia/emilia-romagna/venezia/pages/giudecca_10_45.4261_12.3414.json,custom
45.426133,12.337008,ov_i_figli_delle_stelle_45.4261_12.3370,I figli delle stelle,RESTAURANT,ristorante,https://raw.githubusercontent.com/pasqualelembo78/huntix-poi/main/italia/emilia-romagna/venezia/pages/i_figli_delle_stelle_45.4261_12.3370.json,custom
45.425977,12.336542,ov_dolcemente_salato_45.4260_12.3365,Dolcemente Salato,RESTAURANT,ristorante,https://raw.githubusercontent.com/pasqualelembo78/huntix-poi/main/italia/emilia-romagna/venezia/pages/dolcemente_salato_45.4260_12.3365.json,custom
45.426408,12.341499,ov_il_porticciolo_45.4264_12.3415,Il Porticciolo,RESTAURANT,ristorante,https://raw.githubusercontent.com/pasqualelembo78/huntix-poi/main/italia/emilia-romagna/venezia/pages/il_porticciolo_45.4264_12.3415.json,custom
45.426765,12.338736,ov_bar_zitelle_45.4268_12.3387,Bar Zitelle,RESTAURANT,ristorante,https://raw.githubusercontent.com/pasqualelembo78/huntix-poi/main/italia/emilia-romagna/venezia/pages/bar_zitelle_45.4268_12.3387.json,custom
45.426361,12.326407,ov_la_palanca_45.4264_12.3264,La Palanca,RESTAURANT,ristorante,https://raw.githubusercontent.com/pasqualelembo78/huntix-poi/main/italia/emilia-romagna/venezia/pages/la_palanca_45.4264_12.3264.json,custom
45.426518,12.325790,ov_trattoria_pizzeria_do_mori_45.4265_12.3258,Trattoria Pizzeria Do Mori,RESTAURANT,ristorante,https://raw.githubusercontent.com/pasqualelembo78/huntix-poi/main/italia/emilia-romagna/venezia/pages/trattoria_pizzeria_do_mori_45.4265_12.3258.json,custom
45.426621,12.325397,ov_ostaria_vecia_giudeca_45.4266_12.3254,Ostaria Vecia Giudeca,RESTAURANT,ristorante,https://raw.githubusercontent.com/pasqualelembo78/huntix-poi/main/italia/emilia-romagna/venezia/pages/ostaria_vecia_giudeca_45.4266_12.3254.json,custom
45.426769,12.324715,ov_ae_botti_pizzeria_steak_house_45.4268_12.3247,Ae Botti Pizzeria Steak House,RESTAURANT,ristorante,https://raw.githubusercontent.com/pasqualelembo78/huntix-poi/main/italia/emilia-romagna/venezia/pages/ae_botti_pizzeria_steak_house_45.4268_12.3247.json,custom
45.425564,12.313871,ov_ai_campi_sportivi___sacca_fisola_venezia_45.4256_12.3139,Ai Campi Sportivi - Sacca Fisola Venezia,RESTAURANT,ristorante,https://raw.githubusercontent.com/pasqualelembo78/huntix-poi/main/italia/emilia-romagna/venezia/pages/ai_campi_sportivi_-_sacca_fisola_venezia_45.4256_12.3139.json,custom
45.423629,12.328777,ov_ristorante_da_crea_45.4236_12.3288,Ristorante Da Crea,RESTAURANT,ristorante,https://raw.githubusercontent.com/pasqualelembo78/huntix-poi/main/italia/emilia-romagna/venezia/pages/ristorante_da_crea_45.4236_12.3288.json,custom
45.417873,12.369837,ov_isola_d_oro_ristorante_pizzeria___lido_d_45.4179_12.3698,Isola D'oro Ristorante Pizzeria - Lido Di Venezia,RESTAURANT,ristorante,https://raw.githubusercontent.com/pasqualelembo78/huntix-poi/main/italia/emilia-romagna/venezia/pages/isola_doro_ristorante_pizzeria_-_lido_di_45.4179_12.3698.json,custom
45.418351,12.375573,ov_trattoria_la_battigia_45.4184_12.3756,Trattoria La Battigia,RESTAURANT,ristorante,https://raw.githubusercontent.com/pasqualelembo78/huntix-poi/main/italia/emilia-romagna/venezia/pages/trattoria_la_battigia_45.4184_12.3756.json,custom
45.419282,12.380178,ov_duemila_pizzeria_ristorante_45.4193_12.3802,Duemila pizzeria ristorante,RESTAURANT,ristorante,https://raw.githubusercontent.com/pasqualelembo78/huntix-poi/main/italia/emilia-romagna/venezia/pages/duemila_pizzeria_ristorante_45.4193_12.3802.json,custom
45.419313,12.376315,ov_pizzeria_la_taverna_45.4193_12.3763,Pizzeria La Taverna,RESTAURANT,ristorante,https://raw.githubusercontent.com/pasqualelembo78/huntix-poi/main/italia/emilia-romagna/venezia/pages/pizzeria_la_taverna_45.4193_12.3763.json,custom
45.421081,12.376829,ov_pancin_l_osteria_45.4211_12.3768,Pancin l'Osteria,RESTAURANT,ristorante,https://raw.githubusercontent.com/pasqualelembo78/huntix-poi/main/italia/emilia-romagna/venezia/pages/pancin_losteria_45.4211_12.3768.json,custom
45.457990,12.212935,ov_don_peppe_pizza_e_cucina_45.4580_12.2129,Don Peppe Pizza e Cucina,RESTAURANT,ristorante,https://raw.githubusercontent.com/pasqualelembo78/huntix-poi/main/italia/emilia-romagna/venezia/pages/don_peppe_pizza_e_cucina_45.4580_12.2129.json,custom
45.458099,12.213107,ov_mcdonald_s_45.4581_12.2131,McDonald's,RESTAURANT,ristorante,https://raw.githubusercontent.com/pasqualelembo78/huntix-poi/main/italia/emilia-romagna/venezia/pages/mcdonalds_45.4581_12.2131.json,custom
45.458417,12.212591,ov_kikko_kaiten_sushi_45.4584_12.2126,Kikko Kaiten Sushi,RESTAURANT,ristorante,https://raw.githubusercontent.com/pasqualelembo78/huntix-poi/main/italia/emilia-romagna/venezia/pages/kikko_kaiten_sushi_45.4584_12.2126.json,custom
45.458277,12.212286,ov_wiener_haus_marghera_45.4583_12.2123,Wiener Haus Marghera,RESTAURANT,ristorante,https://raw.githubusercontent.com/pasqualelembo78/huntix-poi/main/italia/emilia-romagna/venezia/pages/wiener_haus_marghera_45.4583_12.2123.json,custom
45.458273,12.212968,ov_marino_ristorante_45.4583_12.2130,Marino Ristorante,RESTAURANT,ristorante,https://raw.githubusercontent.com/pasqualelembo78/huntix-poi/main/italia/emilia-romagna/venezia/pages/marino_ristorante_45.4583_12.2130.json,custom
45.458436,12.212794,ov_baccanale_45.4584_12.2128,Baccanale,RESTAURANT,ristorante,https://raw.githubusercontent.com/pasqualelembo78/huntix-poi/main/italia/emilia-romagna/venezia/pages/baccanale_45.4584_12.2128.json,custom
45.458493,12.213181,ov_calavera_restaurant_45.4585_12.2132,Calavera Restaurant,RESTAURANT,ristorante,https://raw.githubusercontent.com/pasqualelembo78/huntix-poi/main/italia/emilia-romagna/venezia/pages/calavera_restaurant_45.4585_12.2132.json,custom
45.458553,12.212563,ov_kebhouze_45.4586_12.2126,Kebhouze,RESTAURANT,ristorante,https://raw.githubusercontent.com/pasqualelembo78/huntix-poi/main/italia/emilia-romagna/venezia/pages/kebhouze_45.4586_12.2126.json,custom
45.458726,12.213083,ov_nespresso_45.4587_12.2131,Nespresso,RESTAURANT,ristorante,https://raw.githubusercontent.com/pasqualelembo78/huntix-poi/main/italia/emilia-romagna/venezia/pages/nespresso_45.4587_12.2131.json,custom
45.459386,12.212707,ov_noor_grill_nave_de_vero_45.4594_12.2127,Noor Grill Nave De Vero,RESTAURANT,ristorante,https://raw.githubusercontent.com/pasqualelembo78/huntix-poi/main/italia/emilia-romagna/venezia/pages/noor_grill_nave_de_vero_45.4594_12.2127.json,custom
45.459426,12.212772,ov_poke_house_45.4594_12.2128,Poke House,RESTAURANT,ristorante,https://raw.githubusercontent.com/pasqualelembo78/huntix-poi/main/italia/emilia-romagna/venezia/pages/poke_house_45.4594_12.2128.json,custom
45.459714,12.212832,ov_la_piadineria_45.4597_12.2128,La Piadineria,RESTAURANT,ristorante,https://raw.githubusercontent.com/pasqualelembo78/huntix-poi/main/italia/emilia-romagna/venezia/pages/la_piadineria_45.4597_12.2128.json,custom
45.464105,12.211655,ov_ristorante_coreano_bada_45.4641_12.2117,Ristorante Coreano Bada,RESTAURANT,ristorante,https://raw.githubusercontent.com/pasqualelembo78/huntix-poi/main/italia/emilia-romagna/venezia/pages/ristorante_coreano_bada_45.4641_12.2117.json,custom
45.466815,12.213765,ov_rich_restaurant_45.4668_12.2138,Rich Restaurant,RESTAURANT,ristorante,https://raw.githubusercontent.com/pasqualelembo78/huntix-poi/main/italia/emilia-romagna/venezia/pages/rich_restaurant_45.4668_12.2138.json,custom
45.470458,12.193347,ov_ristorante_villa_braida_45.4705_12.1933,Ristorante Villa Braida,RESTAURANT,ristorante,https://raw.githubusercontent.com/pasqualelembo78/huntix-poi/main/italia/emilia-romagna/venezia/pages/ristorante_villa_braida_45.4705_12.1933.json,custom
45.476844,12.210335,ov_pizzeria_e_kebab_bella_rossa_45.4768_12.2103,Pizzeria e Kebab Bella Rossa,RESTAURANT,ristorante,https://raw.githubusercontent.com/pasqualelembo78/huntix-poi/main/italia/emilia-romagna/venezia/pages/pizzeria_e_kebab_bella_rossa_45.4768_12.2103.json,custom
45.477326,12.205263,ov_pizzeria_alla_conchiglia_45.4773_12.2053,Pizzeria Alla Conchiglia,RESTAURANT,ristorante,https://raw.githubusercontent.com/pasqualelembo78/huntix-poi/main/italia/emilia-romagna/venezia/pages/pizzeria_alla_conchiglia_45.4773_12.2053.json,custom
45.477489,12.201361,ov_la_bottega_della_pizza_45.4775_12.2014,La bottega della pizza,RESTAURANT,ristorante,https://raw.githubusercontent.com/pasqualelembo78/huntix-poi/main/italia/emilia-romagna/venezia/pages/la_bottega_della_pizza_45.4775_12.2014.json,custom
45.478482,12.202385,ov_osteria_pizzeria_da_nonna_anna_45.4785_12.2024,Osteria Pizzeria Da Nonna Anna,RESTAURANT,ristorante,https://raw.githubusercontent.com/pasqualelembo78/huntix-poi/main/italia/emilia-romagna/venezia/pages/osteria_pizzeria_da_nonna_anna_45.4785_12.2024.json,custom
45.478489,12.202370,ov_84010_pizzosteria_45.4785_12.2024,84010 Pizzosteria,RESTAURANT,ristorante,https://raw.githubusercontent.com/pasqualelembo78/huntix-poi/main/italia/emilia-romagna/venezia/pages/84010_pizzosteria_45.4785_12.2024.json,custom
45.478388,12.203983,ov_osteria_trattoria_la_campana_45.4784_12.2040,Osteria Trattoria la Campana,RESTAURANT,ristorante,https://raw.githubusercontent.com/pasqualelembo78/huntix-poi/main/italia/emilia-romagna/venezia/pages/osteria_trattoria_la_campana_45.4784_12.2040.json,custom
45.479842,12.203989,ov_pizzeria_la_mura_45.4798_12.2040,Pizzeria La Mura,RESTAURANT,ristorante,https://raw.githubusercontent.com/pasqualelembo78/huntix-poi/main/italia/emilia-romagna/venezia/pages/pizzeria_la_mura_45.4798_12.2040.json,custom
45.481306,12.193474,ov_pizzeria_positano_di_savastano_marco_45.4813_12.1935,Pizzeria Positano di Savastano Marco,RESTAURANT,ristorante,https://raw.githubusercontent.com/pasqualelembo78/huntix-poi/main/italia/emilia-romagna/venezia/pages/pizzeria_positano_di_savastano_marco_45.4813_12.1935.json,custom
45.482503,12.202350,ov_ai_4_elementi_45.4825_12.2023,Ai 4 Elementi,RESTAURANT,ristorante,https://raw.githubusercontent.com/pasqualelembo78/huntix-poi/main/italia/emilia-romagna/venezia/pages/ai_4_elementi_45.4825_12.2023.json,custom
45.484302,12.193006,ov_pizzaexpress_45.4843_12.1930,PizzaExpress,RESTAURANT,ristorante,https://raw.githubusercontent.com/pasqualelembo78/huntix-poi/main/italia/emilia-romagna/venezia/pages/pizzaexpress_45.4843_12.1930.json,custom
45.484572,12.199448,ov_ristorante_vietnamita_huong_viet_45.4846_12.1994,Ristorante Vietnamita Huong Viet,RESTAURANT,ristorante,https://raw.githubusercontent.com/pasqualelembo78/huntix-poi/main/italia/emilia-romagna/venezia/pages/ristorante_vietnamita_huong_viet_45.4846_12.1994.json,custom
45.484833,12.203050,ov_la_gastronomia_cinese_bongusto_45.4848_12.2031,La Gastronomia Cinese Bongusto,RESTAURANT,ristorante,https://raw.githubusercontent.com/pasqualelembo78/huntix-poi/main/italia/emilia-romagna/venezia/pages/la_gastronomia_cinese_bongusto_45.4848_12.2031.json,custom
45.484830,12.202940,ov_pizza_flash_45.4848_12.2029,Pizza Flash,RESTAURANT,ristorante,https://raw.githubusercontent.com/pasqualelembo78/huntix-poi/main/italia/emilia-romagna/venezia/pages/pizza_flash_45.4848_12.2029.json,custom
45.484965,12.203387,ov_pizzus_45.4850_12.2034,Pizzus,RESTAURANT,ristorante,https://raw.githubusercontent.com/pasqualelembo78/huntix-poi/main/italia/emilia-romagna/venezia/pages/pizzus_45.4850_12.2034.json,custom
45.484847,12.209409,ov_shockabab_45.4848_12.2094,Shockabab,RESTAURANT,ristorante,https://raw.githubusercontent.com/pasqualelembo78/huntix-poi/main/italia/emilia-romagna/venezia/pages/shockabab_45.4848_12.2094.json,custom
45.484917,12.209319,ov_kapitano_pizzeria___kebab_45.4849_12.2093,Kapitano Pizzeria & Kebab,RESTAURANT,ristorante,https://raw.githubusercontent.com/pasqualelembo78/huntix-poi/main/italia/emilia-romagna/venezia/pages/kapitano_pizzeria_kebab_45.4849_12.2093.json,custom
45.485198,12.212647,ov_pizzeria_1000_gusti_45.4852_12.2126,Pizzeria 1000 Gusti,RESTAURANT,ristorante,https://raw.githubusercontent.com/pasqualelembo78/huntix-poi/main/italia/emilia-romagna/venezia/pages/pizzeria_1000_gusti_45.4852_12.2126.json,custom
45.485417,12.214016,ov_osteria_kiwi_45.4854_12.2140,Osteria KIWI,RESTAURANT,ristorante,https://raw.githubusercontent.com/pasqualelembo78/huntix-poi/main/italia/emilia-romagna/venezia/pages/osteria_kiwi_45.4854_12.2140.json,custom
45.484544,12.190902,ov_al_vecio_tris_45.4845_12.1909,Al Vecio Tris,RESTAURANT,ristorante,https://raw.githubusercontent.com/pasqualelembo78/huntix-poi/main/italia/emilia-romagna/venezia/pages/al_vecio_tris_45.4845_12.1909.json,custom
45.485911,12.183985,ov_moon_sushi___mestre____chirignago_45.4859_12.1840,Moon Sushi - Mestre // Chirignago,RESTAURANT,ristorante,https://raw.githubusercontent.com/pasqualelembo78/huntix-poi/main/italia/emilia-romagna/venezia/pages/moon_sushi_-_mestre_chirignago_45.4859_12.1840.json,custom
45.485974,12.181523,ov_pizza_bull_45.4860_12.1815,Pizza Bull,RESTAURANT,ristorante,https://raw.githubusercontent.com/pasqualelembo78/huntix-poi/main/italia/emilia-romagna/venezia/pages/pizza_bull_45.4860_12.1815.json,custom
45.497900,12.178868,ov_ristorante_ai_tre_garofani_45.4979_12.1789,Ristorante Ai Tre Garofani,RESTAURANT,ristorante,https://raw.githubusercontent.com/pasqualelembo78/huntix-poi/main/italia/emilia-romagna/venezia/pages/ristorante_ai_tre_garofani_45.4979_12.1789.json,custom
45.496731,12.184578,ov_grigoris_45.4967_12.1846,Grigoris,RESTAURANT,ristorante,https://raw.githubusercontent.com/pasqualelembo78/huntix-poi/main/italia/emilia-romagna/venezia/pages/grigoris_45.4967_12.1846.json,custom
45.484801,12.418923,ov_ai_pescatori_45.4848_12.4189,Ai Pescatori,RESTAURANT,ristorante,https://raw.githubusercontent.com/pasqualelembo78/huntix-poi/main/italia/emilia-romagna/venezia/pages/ai_pescatori_45.4848_12.4189.json,custom
45.484658,12.419184,ov_osteria_al_museo_45.4847_12.4192,Osteria Al Museo,RESTAURANT,ristorante,https://raw.githubusercontent.com/pasqualelembo78/huntix-poi/main/italia/emilia-romagna/venezia/pages/osteria_al_museo_45.4847_12.4192.json,custom
45.484572,12.419102,ov_ristorantino_al_museo_45.4846_12.4191,Ristorantino Al Museo,RESTAURANT,ristorante,https://raw.githubusercontent.com/pasqualelembo78/huntix-poi/main/italia/emilia-romagna/venezia/pages/ristorantino_al_museo_45.4846_12.4191.json,custom
45.484385,12.417886,ov_ristorante_pizzeria_bar_sport_burano_45.4844_12.4179,Ristorante Pizzeria Bar Sport Burano,RESTAURANT,ristorante,https://raw.githubusercontent.com/pasqualelembo78/huntix-poi/main/italia/emilia-romagna/venezia/pages/ristorante_pizzeria_bar_sport_burano_45.4844_12.4179.json,custom
45.484650,12.417227,ov_ai_banky_cicchetteria_e_friggitoria_di_p_45.4846_12.4172,AI BANKY Cicchetteria e friggitoria di pesce,RESTAURANT,ristorante,https://raw.githubusercontent.com/pasqualelembo78/huntix-poi/main/italia/emilia-romagna/venezia/pages/ai_banky_cicchetteria_e_friggitoria_di_p_45.4846_12.4172.json,custom
45.484645,12.418365,ov_trattoria_caffe_vecio_45.4846_12.4184,Trattoria Caffe Vecio,RESTAURANT,ristorante,https://raw.githubusercontent.com/pasqualelembo78/huntix-poi/main/italia/emilia-romagna/venezia/pages/trattoria_caffe_vecio_45.4846_12.4184.json,custom
45.484898,12.418003,ov_al_leon_coronato_45.4849_12.4180,Al Leon Coronato,RESTAURANT,ristorante,https://raw.githubusercontent.com/pasqualelembo78/huntix-poi/main/italia/emilia-romagna/venezia/pages/al_leon_coronato_45.4849_12.4180.json,custom
45.484793,12.416231,ov_trattoria_al_gatto_nero_45.4848_12.4162,Trattoria Al Gatto Nero,RESTAURANT,ristorante,https://raw.githubusercontent.com/pasqualelembo78/huntix-poi/main/italia/emilia-romagna/venezia/pages/trattoria_al_gatto_nero_45.4848_12.4162.json,custom
45.485120,12.418157,ov_trattoria_da_romano_45.4851_12.4182,Trattoria da Romano,RESTAURANT,ristorante,https://raw.githubusercontent.com/pasqualelembo78/huntix-poi/main/italia/emilia-romagna/venezia/pages/trattoria_da_romano_45.4851_12.4182.json,custom
45.485294,12.417928,ov_trattoria_da_primo_45.4853_12.4179,Trattoria da Primo,RESTAURANT,ristorante,https://raw.githubusercontent.com/pasqualelembo78/huntix-poi/main/italia/emilia-romagna/venezia/pages/trattoria_da_primo_45.4853_12.4179.json,custom
45.485552,12.415084,ov_devil_pizza_45.4856_12.4151,Devil Pizza,RESTAURANT,ristorante,https://raw.githubusercontent.com/pasqualelembo78/huntix-poi/main/italia/emilia-romagna/venezia/pages/devil_pizza_45.4856_12.4151.json,custom
45.485528,12.415002,ov_suzo_45.4855_12.4150,SUZO,RESTAURANT,ristorante,https://raw.githubusercontent.com/pasqualelembo78/huntix-poi/main/italia/emilia-romagna/venezia/pages/suzo_45.4855_12.4150.json,custom
45.485396,12.415223,ov_in_riva_bistro_45.4854_12.4152,In Riva Bistro,RESTAURANT,ristorante,https://raw.githubusercontent.com/pasqualelembo78/huntix-poi/main/italia/emilia-romagna/venezia/pages/in_riva_bistro_45.4854_12.4152.json,custom
45.485381,12.417694,ov_bar_cafe_palmisano_45.4854_12.4177,Bar Cafe Palmisano,RESTAURANT,ristorante,https://raw.githubusercontent.com/pasqualelembo78/huntix-poi/main/italia/emilia-romagna/venezia/pages/bar_cafe_palmisano_45.4854_12.4177.json,custom
45.485407,12.417650,ov_restaurant_galuppi_45.4854_12.4177,Restaurant Galuppi,RESTAURANT,ristorante,https://raw.githubusercontent.com/pasqualelembo78/huntix-poi/main/italia/emilia-romagna/venezia/pages/restaurant_galuppi_45.4854_12.4177.json,custom
45.485407,12.417834,ov_pizzeria_la_perla_45.4854_12.4178,Pizzeria La Perla,RESTAURANT,ristorante,https://raw.githubusercontent.com/pasqualelembo78/huntix-poi/main/italia/emilia-romagna/venezia/pages/pizzeria_la_perla_45.4854_12.4178.json,custom
45.485518,12.417658,ov_palmisano_carmelina_45.4855_12.4177,Palmisano Carmelina,RESTAURANT,ristorante,https://raw.githubusercontent.com/pasqualelembo78/huntix-poi/main/italia/emilia-romagna/venezia/pages/palmisano_carmelina_45.4855_12.4177.json,custom
45.485621,12.417474,ov_trattoria_locanda_al_raspo_de_ua_45.4856_12.4175,Trattoria Locanda Al Raspo De Ua,RESTAURANT,ristorante,https://raw.githubusercontent.com/pasqualelembo78/huntix-poi/main/italia/emilia-romagna/venezia/pages/trattoria_locanda_al_raspo_de_ua_45.4856_12.4175.json,custom
45.486018,12.417270,ov_ristorante_pizzeria_principe_45.4860_12.4173,Ristorante Pizzeria Principe,RESTAURANT,ristorante,https://raw.githubusercontent.com/pasqualelembo78/huntix-poi/main/italia/emilia-romagna/venezia/pages/ristorante_pizzeria_principe_45.4860_12.4173.json,custom
45.486031,12.416526,ov_ristorante_pizzeria_ai_cesendeli_45.4860_12.4165,Ristorante Pizzeria Ai Cesendeli,RESTAURANT,ristorante,https://raw.githubusercontent.com/pasqualelembo78/huntix-poi/main/italia/emilia-romagna/venezia/pages/ristorante_pizzeria_ai_cesendeli_45.4860_12.4165.json,custom
45.486080,12.416284,ov_osteria_al_fureghin_45.4861_12.4163,Osteria Al Fureghin,RESTAURANT,ristorante,https://raw.githubusercontent.com/pasqualelembo78/huntix-poi/main/italia/emilia-romagna/venezia/pages/osteria_al_fureghin_45.4861_12.4163.json,custom
45.486297,12.416510,ov_al_vecio_pipa_45.4863_12.4165,Al Vecio Pipa,RESTAURANT,ristorante,https://raw.githubusercontent.com/pasqualelembo78/huntix-poi/main/italia/emilia-romagna/venezia/pages/al_vecio_pipa_45.4863_12.4165.json,custom
45.486391,12.416030,ov_riva_rosa_45.4864_12.4160,Riva Rosa,RESTAURANT,ristorante,https://raw.githubusercontent.com/pasqualelembo78/huntix-poi/main/italia/emilia-romagna/venezia/pages/riva_rosa_45.4864_12.4160.json,custom
45.487148,12.416554,ov_fritto_misto_45.4871_12.4166,Fritto Misto,RESTAURANT,ristorante,https://raw.githubusercontent.com/pasqualelembo78/huntix-poi/main/italia/emilia-romagna/venezia/pages/fritto_misto_45.4871_12.4166.json,custom
45.488563,12.410913,ov_venissa_45.4886_12.4109,Venissa,RESTAURANT,ristorante,https://raw.githubusercontent.com/pasqualelembo78/huntix-poi/main/italia/emilia-romagna/venezia/pages/venissa_45.4886_12.4109.json,custom
45.488121,12.409948,ov_trattoria_alla_maddalena_45.4881_12.4099,Trattoria alla Maddalena,RESTAURANT,ristorante,https://raw.githubusercontent.com/pasqualelembo78/huntix-poi/main/italia/emilia-romagna/venezia/pages/trattoria_alla_maddalena_45.4881_12.4099.json,custom
45.496495,12.415006,ov_taverna_tipica_veneziana_45.4965_12.4150,Taverna Tipica Veneziana,RESTAURANT,ristorante,https://raw.githubusercontent.com/pasqualelembo78/huntix-poi/main/italia/emilia-romagna/venezia/pages/taverna_tipica_veneziana_45.4965_12.4150.json,custom
45.496693,12.415676,ov_ristorante_al_trono_di_attila_45.4967_12.4157,Ristorante al trono di Attila,RESTAURANT,ristorante,https://raw.githubusercontent.com/pasqualelembo78/huntix-poi/main/italia/emilia-romagna/venezia/pages/ristorante_al_trono_di_attila_45.4967_12.4157.json,custom
45.497305,12.416680,ov_osteria_al_ponte_del_diavolo_45.4973_12.4167,Osteria Al Ponte del Diavolo,RESTAURANT,ristorante,https://raw.githubusercontent.com/pasqualelembo78/huntix-poi/main/italia/emilia-romagna/venezia/pages/osteria_al_ponte_del_diavolo_45.4973_12.4167.json,custom
45.497802,12.417936,ov_locanda_cipriani_torcello_45.4978_12.4179,Locanda Cipriani Torcello,RESTAURANT,ristorante,https://raw.githubusercontent.com/pasqualelembo78/huntix-poi/main/italia/emilia-romagna/venezia/pages/locanda_cipriani_torcello_45.4978_12.4179.json,custom
45.498022,12.417302,ov_villa_600_seicento_45.4980_12.4173,Villa 600 Seicento,RESTAURANT,ristorante,https://raw.githubusercontent.com/pasqualelembo78/huntix-poi/main/italia/emilia-romagna/venezia/pages/villa_600_seicento_45.4980_12.4173.json,custom
45.498630,12.250508,ov_pizza_sofia_di_kuch_vitaliy_45.4986_12.2505,Pizza Sofia di Kuch Vitaliy,RESTAURANT,ristorante,https://raw.githubusercontent.com/pasqualelembo78/huntix-poi/main/italia/emilia-romagna/venezia/pages/pizza_sofia_di_kuch_vitaliy_45.4986_12.2505.json,custom
45.498694,12.246194,ov_pizzeria_e_ristorante_al_progresso_mestr_45.4987_12.2462,Pizzeria e Ristorante Al Progresso Mestre,RESTAURANT,ristorante,https://raw.githubusercontent.com/pasqualelembo78/huntix-poi/main/italia/emilia-romagna/venezia/pages/pizzeria_e_ristorante_al_progresso_mestr_45.4987_12.2462.json,custom
45.499096,12.214766,ov_ristorante_pizzeria_la_chiave_45.4991_12.2148,Ristorante Pizzeria La Chiave,RESTAURANT,ristorante,https://raw.githubusercontent.com/pasqualelembo78/huntix-poi/main/italia/emilia-romagna/venezia/pages/ristorante_pizzeria_la_chiave_45.4991_12.2148.json,custom
45.499301,12.228175,ov_pizza_castellana_45.4993_12.2282,Pizza castellana,RESTAURANT,ristorante,https://raw.githubusercontent.com/pasqualelembo78/huntix-poi/main/italia/emilia-romagna/venezia/pages/pizza_castellana_45.4993_12.2282.json,custom
45.499693,12.234297,ov_mister_pizza_45.4997_12.2343,Mister Pizza,RESTAURANT,ristorante,https://raw.githubusercontent.com/pasqualelembo78/huntix-poi/main/italia/emilia-romagna/venezia/pages/mister_pizza_45.4997_12.2343.json,custom
45.497660,12.236415,ov_pizzeria_ristorante_ae_oche_45.4977_12.2364,Pizzeria Ristorante Ae Oche,RESTAURANT,ristorante,https://raw.githubusercontent.com/pasqualelembo78/huntix-poi/main/italia/emilia-romagna/venezia/pages/pizzeria_ristorante_ae_oche_45.4977_12.2364.json,custom
45.497491,12.236549,ov_mozi_restaurant_45.4975_12.2365,MOZI Restaurant,RESTAURANT,ristorante,https://raw.githubusercontent.com/pasqualelembo78/huntix-poi/main/italia/emilia-romagna/venezia/pages/mozi_restaurant_45.4975_12.2365.json,custom
45.497851,12.218823,ov_la_lista_mestre_45.4979_12.2188,La Lista Mestre,RESTAURANT,ristorante,https://raw.githubusercontent.com/pasqualelembo78/huntix-poi/main/italia/emilia-romagna/venezia/pages/la_lista_mestre_45.4979_12.2188.json,custom
45.495056,12.218006,ov_pizza_casa_45.4951_12.2180,Pizza Casa,RESTAURANT,ristorante,https://raw.githubusercontent.com/pasqualelembo78/huntix-poi/main/italia/emilia-romagna/venezia/pages/pizza_casa_45.4951_12.2180.json,custom
45.495380,12.234960,ov_nero_di_seppia_bistrot_45.4954_12.2350,Nero di Seppia Bistrot,RESTAURANT,ristorante,https://raw.githubusercontent.com/pasqualelembo78/huntix-poi/main/italia/emilia-romagna/venezia/pages/nero_di_seppia_bistrot_45.4954_12.2350.json,custom
45.495690,12.241490,ov_on_ly_brunch_45.4957_12.2415,On•Ly Brunch,RESTAURANT,ristorante,https://raw.githubusercontent.com/pasqualelembo78/huntix-poi/main/italia/emilia-romagna/venezia/pages/only_brunch_45.4957_12.2415.json,custom
45.495024,12.241585,ov_osteria_cuccagna_45.4950_12.2416,Osteria Cuccagna,RESTAURANT,ristorante,https://raw.githubusercontent.com/pasqualelembo78/huntix-poi/main/italia/emilia-romagna/venezia/pages/osteria_cuccagna_45.4950_12.2416.json,custom
45.495457,12.243157,ov_pizzeria_1955___la_pizza_come_una_volta_45.4955_12.2432,Pizzeria 1955 | La pizza come una volta,RESTAURANT,ristorante,https://raw.githubusercontent.com/pasqualelembo78/huntix-poi/main/italia/emilia-romagna/venezia/pages/pizzeria_1955_la_pizza_come_una_volta_45.4955_12.2432.json,custom
45.495876,12.245058,ov_all_ombra_del_gabbiano_45.4959_12.2451,All'ombra del gabbiano,RESTAURANT,ristorante,https://raw.githubusercontent.com/pasqualelembo78/huntix-poi/main/italia/emilia-romagna/venezia/pages/allombra_del_gabbiano_45.4959_12.2451.json,custom
45.495868,12.244676,ov_gustagrill_45.4959_12.2447,Gustagrill,RESTAURANT,ristorante,https://raw.githubusercontent.com/pasqualelembo78/huntix-poi/main/italia/emilia-romagna/venezia/pages/gustagrill_45.4959_12.2447.json,custom
45.495838,12.247405,ov_pizzeria_da_michele___caneve_45.4958_12.2474,Pizzeria da Michele - Caneve,RESTAURANT,ristorante,https://raw.githubusercontent.com/pasqualelembo78/huntix-poi/main/italia/emilia-romagna/venezia/pages/pizzeria_da_michele_-_caneve_45.4958_12.2474.json,custom
45.496227,12.244376,ov_osteria_lisca_45.4962_12.2444,Osteria Lisca,RESTAURANT,ristorante,https://raw.githubusercontent.com/pasqualelembo78/huntix-poi/main/italia/emilia-romagna/venezia/pages/osteria_lisca_45.4962_12.2444.json,custom
45.496036,12.240617,ov_you_sushi_45.4960_12.2406,You Sushi,RESTAURANT,ristorante,https://raw.githubusercontent.com/pasqualelembo78/huntix-poi/main/italia/emilia-romagna/venezia/pages/you_sushi_45.4960_12.2406.json,custom
45.497286,12.240925,ov_dining_room_45.4973_12.2409,Dining Room,RESTAURANT,ristorante,https://raw.githubusercontent.com/pasqualelembo78/huntix-poi/main/italia/emilia-romagna/venezia/pages/dining_room_45.4973_12.2409.json,custom
45.497949,12.237600,ov_hostaria_4_cantoni_45.4979_12.2376,Hostaria 4 Cantoni,RESTAURANT,ristorante,https://raw.githubusercontent.com/pasqualelembo78/huntix-poi/main/italia/emilia-romagna/venezia/pages/hostaria_4_cantoni_45.4979_12.2376.json,custom
45.498183,12.240668,ov_tavernetta_a_la_scuea_45.4982_12.2407,Tavernetta A La Scuea,RESTAURANT,ristorante,https://raw.githubusercontent.com/pasqualelembo78/huntix-poi/main/italia/emilia-romagna/venezia/pages/tavernetta_a_la_scuea_45.4982_12.2407.json,custom
45.496838,12.244606,ov_ristorante_brunch_republic_mestre_45.4968_12.2446,Ristorante Brunch Republic Mestre,RESTAURANT,ristorante,https://raw.githubusercontent.com/pasqualelembo78/huntix-poi/main/italia/emilia-romagna/venezia/pages/ristorante_brunch_republic_mestre_45.4968_12.2446.json,custom
45.496773,12.246222,ov_ostaria_da_mariano_45.4968_12.2462,Ostaria da Mariano,RESTAURANT,ristorante,https://raw.githubusercontent.com/pasqualelembo78/huntix-poi/main/italia/emilia-romagna/venezia/pages/ostaria_da_mariano_45.4968_12.2462.json,custom
45.497520,12.249850,ov_osteria_alberoni10_45.4975_12.2499,Osteria Alberoni10,RESTAURANT,ristorante,https://raw.githubusercontent.com/pasqualelembo78/huntix-poi/main/italia/emilia-romagna/venezia/pages/osteria_alberoni10_45.4975_12.2499.json,custom
45.497189,12.255333,ov_conestoga___controvento_45.4972_12.2553,Conestoga - Controvento,RESTAURANT,ristorante,https://raw.githubusercontent.com/pasqualelembo78/huntix-poi/main/italia/emilia-romagna/venezia/pages/conestoga_-_controvento_45.4972_12.2553.json,custom
45.496460,12.251948,ov_ali_baba_45.4965_12.2519,Ali Baba,RESTAURANT,ristorante,https://raw.githubusercontent.com/pasqualelembo78/huntix-poi/main/italia/emilia-romagna/venezia/pages/ali_baba_45.4965_12.2519.json,custom
45.494895,12.251852,ov_aqualtra_45.4949_12.2519,AquAltra,RESTAURANT,ristorante,https://raw.githubusercontent.com/pasqualelembo78/huntix-poi/main/italia/emilia-romagna/venezia/pages/aqualtra_45.4949_12.2519.json,custom
45.494996,12.252839,ov_apollo_la_pizza_mestre_45.4950_12.2528,Apollo La Pizza Mestre,RESTAURANT,ristorante,https://raw.githubusercontent.com/pasqualelembo78/huntix-poi/main/italia/emilia-romagna/venezia/pages/apollo_la_pizza_mestre_45.4950_12.2528.json,custom
45.494530,12.290554,ov_osteria_ai_gobbi_45.4945_12.2906,Osteria ai Gobbi,RESTAURANT,ristorante,https://raw.githubusercontent.com/pasqualelembo78/huntix-poi/main/italia/emilia-romagna/venezia/pages/osteria_ai_gobbi_45.4945_12.2906.json,custom
45.489463,12.281145,ov_punto_de_oro_restaurant_and_lounge_bar_45.4895_12.2811,Punto De Oro Restaurant and Lounge Bar,RESTAURANT,ristorante,https://raw.githubusercontent.com/pasqualelembo78/huntix-poi/main/italia/emilia-romagna/venezia/pages/punto_de_oro_restaurant_and_lounge_bar_45.4895_12.2811.json,custom
45.493027,12.266532,ov_pizzeria_ristorante_serenella_45.4930_12.2665,Pizzeria Ristorante Serenella,RESTAURANT,ristorante,https://raw.githubusercontent.com/pasqualelembo78/huntix-poi/main/italia/emilia-romagna/venezia/pages/pizzeria_ristorante_serenella_45.4930_12.2665.json,custom
45.494251,12.255541,ov_prima_volta_45.4943_12.2555,Prima Volta,RESTAURANT,ristorante,https://raw.githubusercontent.com/pasqualelembo78/huntix-poi/main/italia/emilia-romagna/venezia/pages/prima_volta_45.4943_12.2555.json,custom
45.492931,12.247483,ov_ristorante_pizzeria_aladino_45.4929_12.2475,Ristorante Pizzeria Aladino,RESTAURANT,ristorante,https://raw.githubusercontent.com/pasqualelembo78/huntix-poi/main/italia/emilia-romagna/venezia/pages/ristorante_pizzeria_aladino_45.4929_12.2475.json,custom
45.492699,12.243353,ov_creperia_e_yogurteria_45.4927_12.2434,Creperia E Yogurteria,RESTAURANT,ristorante,https://raw.githubusercontent.com/pasqualelembo78/huntix-poi/main/italia/emilia-romagna/venezia/pages/creperia_e_yogurteria_45.4927_12.2434.json,custom
45.491459,12.242579,ov_poke_a_pua_45.4915_12.2426,Poke a Pua,RESTAURANT,ristorante,https://raw.githubusercontent.com/pasqualelembo78/huntix-poi/main/italia/emilia-romagna/venezia/pages/poke_a_pua_45.4915_12.2426.json,custom
45.491908,12.243389,ov_itaria_extraordinary_sushi_45.4919_12.2434,ITARIA extraordinary sushi,RESTAURANT,ristorante,https://raw.githubusercontent.com/pasqualelembo78/huntix-poi/main/italia/emilia-romagna/venezia/pages/itaria_extraordinary_sushi_45.4919_12.2434.json,custom
45.492251,12.245117,ov_aqualta_45.4923_12.2451,AquAlta,RESTAURANT,ristorante,https://raw.githubusercontent.com/pasqualelembo78/huntix-poi/main/italia/emilia-romagna/venezia/pages/aqualta_45.4923_12.2451.json,custom
45.492160,12.240200,ov_la_banque_corte_le_281_45.4922_12.2402,La Banque Corte le 281,RESTAURANT,ristorante,https://raw.githubusercontent.com/pasqualelembo78/huntix-poi/main/italia/emilia-romagna/venezia/pages/la_banque_corte_le_281_45.4922_12.2402.json,custom
45.492086,12.239730,ov_mestre_45.4921_12.2397,Mestre,RESTAURANT,ristorante,https://raw.githubusercontent.com/pasqualelembo78/huntix-poi/main/italia/emilia-romagna/venezia/pages/mestre_45.4921_12.2397.json,custom
45.492074,12.240236,ov_pickles_45.4921_12.2402,Pickles,RESTAURANT,ristorante,https://raw.githubusercontent.com/pasqualelembo78/huntix-poi/main/italia/emilia-romagna/venezia/pages/pickles_45.4921_12.2402.json,custom
45.492041,12.240579,ov_fc_1920_45.4920_12.2406,FC 1920,RESTAURANT,ristorante,https://raw.githubusercontent.com/pasqualelembo78/huntix-poi/main/italia/emilia-romagna/venezia/pages/fc_1920_45.4920_12.2406.json,custom
45.491850,12.240193,ov_naturalmente_cibo_45.4918_12.2402,Naturalmente Cibo,RESTAURANT,ristorante,https://raw.githubusercontent.com/pasqualelembo78/huntix-poi/main/italia/emilia-romagna/venezia/pages/naturalmente_cibo_45.4918_12.2402.json,custom
45.491935,12.240711,ov_la_patatina_m9_45.4919_12.2407,La Patatina M9,RESTAURANT,ristorante,https://raw.githubusercontent.com/pasqualelembo78/huntix-poi/main/italia/emilia-romagna/venezia/pages/la_patatina_m9_45.4919_12.2407.json,custom
45.491628,12.242234,ov_ondo_bar_45.4916_12.2422,Ondo Bar,RESTAURANT,ristorante,https://raw.githubusercontent.com/pasqualelembo78/huntix-poi/main/italia/emilia-romagna/venezia/pages/ondo_bar_45.4916_12.2422.json,custom
45.491707,12.240850,ov_ca__di_mata_45.4917_12.2408,Ca' di Mata,RESTAURANT,ristorante,https://raw.githubusercontent.com/pasqualelembo78/huntix-poi/main/italia/emilia-romagna/venezia/pages/ca_di_mata_45.4917_12.2408.json,custom
45.491825,12.239831,ov_osteria_da_gino_45.4918_12.2398,Osteria Da Gino,RESTAURANT,ristorante,https://raw.githubusercontent.com/pasqualelembo78/huntix-poi/main/italia/emilia-romagna/venezia/pages/osteria_da_gino_45.4918_12.2398.json,custom
45.491874,12.239283,ov_isushi_45.4919_12.2393,iSushi,RESTAURANT,ristorante,https://raw.githubusercontent.com/pasqualelembo78/huntix-poi/main/italia/emilia-romagna/venezia/pages/isushi_45.4919_12.2393.json,custom
45.492332,12.239322,ov_dal_pansa_45.4923_12.2393,dal Pansa,RESTAURANT,ristorante,https://raw.githubusercontent.com/pasqualelembo78/huntix-poi/main/italia/emilia-romagna/venezia/pages/dal_pansa_45.4923_12.2393.json,custom
45.492926,12.242418,ov_fryto_45.4929_12.2424,Fryto,RESTAURANT,ristorante,https://raw.githubusercontent.com/pasqualelembo78/huntix-poi/main/italia/emilia-romagna/venezia/pages/fryto_45.4929_12.2424.json,custom
45.493080,12.240110,ov_caff__italia_1934_45.4931_12.2401,Caffè Italia 1934,RESTAURANT,ristorante,https://raw.githubusercontent.com/pasqualelembo78/huntix-poi/main/italia/emilia-romagna/venezia/pages/caff_italia_1934_45.4931_12.2401.json,custom
45.492776,12.239367,ov_bini_express_45.4928_12.2394,Bini Express,RESTAURANT,ristorante,https://raw.githubusercontent.com/pasqualelembo78/huntix-poi/main/italia/emilia-romagna/venezia/pages/bini_express_45.4928_12.2394.json,custom
45.493167,12.237847,ov_hana_kaze_sushi_lounge_45.4932_12.2378,Hana-Kaze Sushi Lounge,RESTAURANT,ristorante,https://raw.githubusercontent.com/pasqualelembo78/huntix-poi/main/italia/emilia-romagna/venezia/pages/hana-kaze_sushi_lounge_45.4932_12.2378.json,custom
45.493330,12.239700,ov_granditalia_caff____ristorante_45.4933_12.2397,Granditalia Caffè & Ristorante,RESTAURANT,ristorante,https://raw.githubusercontent.com/pasqualelembo78/huntix-poi/main/italia/emilia-romagna/venezia/pages/granditalia_caff_ristorante_45.4933_12.2397.json,custom
45.493449,12.239481,ov_kofler_group_srl_45.4934_12.2395,Kofler Group SRL,RESTAURANT,ristorante,https://raw.githubusercontent.com/pasqualelembo78/huntix-poi/main/italia/emilia-romagna/venezia/pages/kofler_group_srl_45.4934_12.2395.json,custom
45.493457,12.239070,ov_ristorante_royal_carne___churrasco_brasi_45.4935_12.2391,Ristorante Royal Carne | Churrasco Brasiliano,RESTAURANT,ristorante,https://raw.githubusercontent.com/pasqualelembo78/huntix-poi/main/italia/emilia-romagna/venezia/pages/ristorante_royal_carne_churrasco_brasili_45.4935_12.2391.json,custom
45.493653,12.240103,ov_krudo_venezia_45.4937_12.2401,Krudo Venezia,RESTAURANT,ristorante,https://raw.githubusercontent.com/pasqualelembo78/huntix-poi/main/italia/emilia-romagna/venezia/pages/krudo_venezia_45.4937_12.2401.json,custom
45.493861,12.240983,ov_hosteria_degusto_since_bar_sport_45.4939_12.2410,Hosteria Degusto Since Bar Sport,RESTAURANT,ristorante,https://raw.githubusercontent.com/pasqualelembo78/huntix-poi/main/italia/emilia-romagna/venezia/pages/hosteria_degusto_since_bar_sport_45.4939_12.2410.json,custom
45.493890,12.242137,ov_hostaria_ristorante_al_buso_45.4939_12.2421,Hostaria Ristorante Al Buso,RESTAURANT,ristorante,https://raw.githubusercontent.com/pasqualelembo78/huntix-poi/main/italia/emilia-romagna/venezia/pages/hostaria_ristorante_al_buso_45.4939_12.2421.json,custom
45.493795,12.242054,ov_giacomuzzi_1805_45.4938_12.2421,Giacomuzzi 1805,RESTAURANT,ristorante,https://raw.githubusercontent.com/pasqualelembo78/huntix-poi/main/italia/emilia-romagna/venezia/pages/giacomuzzi_1805_45.4938_12.2421.json,custom
45.493486,12.241912,ov_bistrot_55_45.4935_12.2419,Bistrot 55,RESTAURANT,ristorante,https://raw.githubusercontent.com/pasqualelembo78/huntix-poi/main/italia/emilia-romagna/venezia/pages/bistrot_55_45.4935_12.2419.json,custom
45.493412,12.239930,ov_dietro_le_quinte_45.4934_12.2399,Dietro Le Quinte,RESTAURANT,ristorante,https://raw.githubusercontent.com/pasqualelembo78/huntix-poi/main/italia/emilia-romagna/venezia/pages/dietro_le_quinte_45.4934_12.2399.json,custom
45.493335,12.240531,ov_pizzium___venezia_mestre_45.4933_12.2405,Pizzium - Venezia Mestre,RESTAURANT,ristorante,https://raw.githubusercontent.com/pasqualelembo78/huntix-poi/main/italia/emilia-romagna/venezia/pages/pizzium_-_venezia_mestre_45.4933_12.2405.json,custom
45.493305,12.240063,ov_fermenti_45.4933_12.2401,Fermenti,RESTAURANT,ristorante,https://raw.githubusercontent.com/pasqualelembo78/huntix-poi/main/italia/emilia-romagna/venezia/pages/fermenti_45.4933_12.2401.json,custom
45.493210,12.241905,ov_fratelli_la_bufala_45.4932_12.2419,Fratelli La Bufala,RESTAURANT,ristorante,https://raw.githubusercontent.com/pasqualelembo78/huntix-poi/main/italia/emilia-romagna/venezia/pages/fratelli_la_bufala_45.4932_12.2419.json,custom
45.493193,12.242830,ov_best_restaurants_in_mestre__italy_45.4932_12.2428,"Best Restaurants in Mestre, Italy",RESTAURANT,ristorante,https://raw.githubusercontent.com/pasqualelembo78/huntix-poi/main/italia/emilia-romagna/venezia/pages/best_restaurants_in_mestre_italy_45.4932_12.2428.json,custom
45.494003,12.243060,ov_mimio_sushi_45.4940_12.2431,Mimio Sushi,RESTAURANT,ristorante,https://raw.githubusercontent.com/pasqualelembo78/huntix-poi/main/italia/emilia-romagna/venezia/pages/mimio_sushi_45.4940_12.2431.json,custom
45.494204,12.243605,ov_el_bacaro_45.4942_12.2436,El Bacaro,RESTAURANT,ristorante,https://raw.githubusercontent.com/pasqualelembo78/huntix-poi/main/italia/emilia-romagna/venezia/pages/el_bacaro_45.4942_12.2436.json,custom
45.494351,12.242739,ov_pizzeria_gerardo_y_maria_45.4944_12.2427,Pizzeria Gerardo y Maria,RESTAURANT,ristorante,https://raw.githubusercontent.com/pasqualelembo78/huntix-poi/main/italia/emilia-romagna/venezia/pages/pizzeria_gerardo_y_maria_45.4944_12.2427.json,custom
45.494626,12.244860,ov_al_fapanni_30_45.4946_12.2449,Al Fapanni 30,RESTAURANT,ristorante,https://raw.githubusercontent.com/pasqualelembo78/huntix-poi/main/italia/emilia-romagna/venezia/pages/al_fapanni_30_45.4946_12.2449.json,custom
45.494427,12.242627,ov_ceola_osteria_e_cicchetteria_45.4944_12.2426,Ceola Osteria e Cicchetteria,RESTAURANT,ristorante,https://raw.githubusercontent.com/pasqualelembo78/huntix-poi/main/italia/emilia-romagna/venezia/pages/ceola_osteria_e_cicchetteria_45.4944_12.2426.json,custom
45.494805,12.241753,ov_osteria_al_duomo_mestre_45.4948_12.2418,Osteria al Duomo Mestre,RESTAURANT,ristorante,https://raw.githubusercontent.com/pasqualelembo78/huntix-poi/main/italia/emilia-romagna/venezia/pages/osteria_al_duomo_mestre_45.4948_12.2418.json,custom
45.494537,12.240833,ov_casa_fortuna_45.4945_12.2408,Casa Fortuna,RESTAURANT,ristorante,https://raw.githubusercontent.com/pasqualelembo78/huntix-poi/main/italia/emilia-romagna/venezia/pages/casa_fortuna_45.4945_12.2408.json,custom
45.494229,12.240558,ov_osteria_del_lupo_nero_45.4942_12.2406,Osteria del Lupo Nero,RESTAURANT,ristorante,https://raw.githubusercontent.com/pasqualelembo78/huntix-poi/main/italia/emilia-romagna/venezia/pages/osteria_del_lupo_nero_45.4942_12.2406.json,custom
45.494248,12.241049,ov_ristorante_ai_veterani_45.4942_12.2410,Ristorante Ai Veterani,RESTAURANT,ristorante,https://raw.githubusercontent.com/pasqualelembo78/huntix-poi/main/italia/emilia-romagna/venezia/pages/ristorante_ai_veterani_45.4942_12.2410.json,custom
45.494003,12.239380,ov_da_pino_45.4940_12.2394,Da Pino,RESTAURANT,ristorante,https://raw.githubusercontent.com/pasqualelembo78/huntix-poi/main/italia/emilia-romagna/venezia/pages/da_pino_45.4940_12.2394.json,custom
45.494436,12.239436,ov_old_wild_west_45.4944_12.2394,Old Wild West,RESTAURANT,ristorante,https://raw.githubusercontent.com/pasqualelembo78/huntix-poi/main/italia/emilia-romagna/venezia/pages/old_wild_west_45.4944_12.2394.json,custom
45.494600,12.239575,ov_goppion_caf____food_45.4946_12.2396,Goppion Cafè & Food,RESTAURANT,ristorante,https://raw.githubusercontent.com/pasqualelembo78/huntix-poi/main/italia/emilia-romagna/venezia/pages/goppion_caf_food_45.4946_12.2396.json,custom
45.494841,12.239682,ov_madai_fusion_45.4948_12.2397,Madai Fusion,RESTAURANT,ristorante,https://raw.githubusercontent.com/pasqualelembo78/huntix-poi/main/italia/emilia-romagna/venezia/pages/madai_fusion_45.4948_12.2397.json,custom
45.494055,12.219547,ov_trattoria_baccal__divino_45.4941_12.2195,Trattoria Baccalà Divino,RESTAURANT,ristorante,https://raw.githubusercontent.com/pasqualelembo78/huntix-poi/main/italia/emilia-romagna/venezia/pages/trattoria_baccal_divino_45.4941_12.2195.json,custom
45.493658,12.215760,ov_pizzeria_da_filippo_45.4937_12.2158,Pizzeria Da Filippo,RESTAURANT,ristorante,https://raw.githubusercontent.com/pasqualelembo78/huntix-poi/main/italia/emilia-romagna/venezia/pages/pizzeria_da_filippo_45.4937_12.2158.json,custom
45.491579,12.229269,ov_bigoli_e_bagoli_45.4916_12.2293,Bigoli E Bagoli,RESTAURANT,ristorante,https://raw.githubusercontent.com/pasqualelembo78/huntix-poi/main/italia/emilia-romagna/venezia/pages/bigoli_e_bagoli_45.4916_12.2293.json,custom
45.492851,12.232964,ov_ristorante_indiano_buddha_45.4929_12.2330,Ristorante Indiano Buddha,RESTAURANT,ristorante,https://raw.githubusercontent.com/pasqualelembo78/huntix-poi/main/italia/emilia-romagna/venezia/pages/ristorante_indiano_buddha_45.4929_12.2330.json,custom
45.492899,12.235268,ov_peperoncino_pizzeria_45.4929_12.2353,Peperoncino Pizzeria,RESTAURANT,ristorante,https://raw.githubusercontent.com/pasqualelembo78/huntix-poi/main/italia/emilia-romagna/venezia/pages/peperoncino_pizzeria_45.4929_12.2353.json,custom
45.492041,12.235385,ov_nuova_arte_della_pizza_45.4920_12.2354,Nuova Arte Della Pizza,RESTAURANT,ristorante,https://raw.githubusercontent.com/pasqualelembo78/huntix-poi/main/italia/emilia-romagna/venezia/pages/nuova_arte_della_pizza_45.4920_12.2354.json,custom
45.491933,12.234517,ov_pizzalonga_away_45.4919_12.2345,Pizzalonga Away,RESTAURANT,ristorante,https://raw.githubusercontent.com/pasqualelembo78/huntix-poi/main/italia/emilia-romagna/venezia/pages/pizzalonga_away_45.4919_12.2345.json,custom
45.491675,12.236078,ov_ristorante_cinese_jasmine_orange________45.4917_12.2361,Ristorante Cinese Jasmine Orange 七里香川菜馆,RESTAURANT,ristorante,https://raw.githubusercontent.com/pasqualelembo78/huntix-poi/main/italia/emilia-romagna/venezia/pages/ristorante_cinese_jasmine_orange__45.4917_12.2361.json,custom
45.490958,12.236613,ov_ca__dei_greci_45.4910_12.2366,Ca' dei Greci,RESTAURANT,ristorante,https://raw.githubusercontent.com/pasqualelembo78/huntix-poi/main/italia/emilia-romagna/venezia/pages/ca_dei_greci_45.4910_12.2366.json,custom
45.490123,12.236787,ov_wood_45.4901_12.2368,Wood,RESTAURANT,ristorante,https://raw.githubusercontent.com/pasqualelembo78/huntix-poi/main/italia/emilia-romagna/venezia/pages/wood_45.4901_12.2368.json,custom
45.488690,12.230865,ov_osteria_la_pergola_45.4887_12.2309,Osteria La Pergola,RESTAURANT,ristorante,https://raw.githubusercontent.com/pasqualelembo78/huntix-poi/main/italia/emilia-romagna/venezia/pages/osteria_la_pergola_45.4887_12.2309.json,custom
45.489141,12.235025,ov_bada_africa_bar_45.4891_12.2350,Bada Africa Bar,RESTAURANT,ristorante,https://raw.githubusercontent.com/pasqualelembo78/huntix-poi/main/italia/emilia-romagna/venezia/pages/bada_africa_bar_45.4891_12.2350.json,custom
45.488839,12.234965,ov_da_beppe_45.4888_12.2350,Da Beppe,RESTAURANT,ristorante,https://raw.githubusercontent.com/pasqualelembo78/huntix-poi/main/italia/emilia-romagna/venezia/pages/da_beppe_45.4888_12.2350.json,custom
45.488313,12.238130,ov_dalle_pizzaiole_45.4883_12.2381,Dalle Pizzaiole,RESTAURANT,ristorante,https://raw.githubusercontent.com/pasqualelembo78/huntix-poi/main/italia/emilia-romagna/venezia/pages/dalle_pizzaiole_45.4883_12.2381.json,custom
45.488710,12.239370,ov_mangiosubito_45.4887_12.2394,Mangiosubito,RESTAURANT,ristorante,https://raw.githubusercontent.com/pasqualelembo78/huntix-poi/main/italia/emilia-romagna/venezia/pages/mangiosubito_45.4887_12.2394.json,custom
45.488477,12.241601,ov_bismillah_restaurant___caff__45.4885_12.2416,Bismillah Restaurant & Caffè,RESTAURANT,ristorante,https://raw.githubusercontent.com/pasqualelembo78/huntix-poi/main/italia/emilia-romagna/venezia/pages/bismillah_restaurant_caff_45.4885_12.2416.json,custom
45.489668,12.244510,ov_da_marilu_45.4897_12.2445,Da Marilu,RESTAURANT,ristorante,https://raw.githubusercontent.com/pasqualelembo78/huntix-poi/main/italia/emilia-romagna/venezia/pages/da_marilu_45.4897_12.2445.json,custom
45.489027,12.239738,ov_bar_miura_45.4890_12.2397,Bar Miura,RESTAURANT,ristorante,https://raw.githubusercontent.com/pasqualelembo78/huntix-poi/main/italia/emilia-romagna/venezia/pages/bar_miura_45.4890_12.2397.json,custom
45.491161,12.241370,ov_casablanca_ristorante___caffetteria_45.4912_12.2414,Casablanca ristorante & caffetteria,RESTAURANT,ristorante,https://raw.githubusercontent.com/pasqualelembo78/huntix-poi/main/italia/emilia-romagna/venezia/pages/casablanca_ristorante_caffetteria_45.4912_12.2414.json,custom
45.490984,12.241409,ov_trattoria_da_terzo_45.4910_12.2414,Trattoria Da Terzo,RESTAURANT,ristorante,https://raw.githubusercontent.com/pasqualelembo78/huntix-poi/main/italia/emilia-romagna/venezia/pages/trattoria_da_terzo_45.4910_12.2414.json,custom
45.490940,12.242214,ov_el_fritoin_45.4909_12.2422,El Fritoin,RESTAURANT,ristorante,https://raw.githubusercontent.com/pasqualelembo78/huntix-poi/main/italia/emilia-romagna/venezia/pages/el_fritoin_45.4909_12.2422.json,custom
45.490920,12.241334,ov_ristorante_fairouz_45.4909_12.2413,Ristorante Fairouz,RESTAURANT,ristorante,https://raw.githubusercontent.com/pasqualelembo78/huntix-poi/main/italia/emilia-romagna/venezia/pages/ristorante_fairouz_45.4909_12.2413.json,custom
45.491279,12.243315,ov_pizzeria_mestrina_45.4913_12.2433,Pizzeria Mestrina,RESTAURANT,ristorante,https://raw.githubusercontent.com/pasqualelembo78/huntix-poi/main/italia/emilia-romagna/venezia/pages/pizzeria_mestrina_45.4913_12.2433.json,custom
45.491022,12.244894,ov_pizzeria_eraora_45.4910_12.2449,Pizzeria ERAORA,RESTAURANT,ristorante,https://raw.githubusercontent.com/pasqualelembo78/huntix-poi/main/italia/emilia-romagna/venezia/pages/pizzeria_eraora_45.4910_12.2449.json,custom
45.490859,12.247994,ov_d_d_pizzeria_paninoteca_45.4909_12.2480,D&D Pizzeria Paninoteca,RESTAURANT,ristorante,https://raw.githubusercontent.com/pasqualelembo78/huntix-poi/main/italia/emilia-romagna/venezia/pages/dd_pizzeria_paninoteca_45.4909_12.2480.json,custom
45.490717,12.247660,ov_sai_ke_sushi_45.4907_12.2477,Sai Ke Sushi,RESTAURANT,ristorante,https://raw.githubusercontent.com/pasqualelembo78/huntix-poi/main/italia/emilia-romagna/venezia/pages/sai_ke_sushi_45.4907_12.2477.json,custom
45.490179,12.246231,ov_bar_trattoria_all_ancora_45.4902_12.2462,Bar Trattoria all'Ancora,RESTAURANT,ristorante,https://raw.githubusercontent.com/pasqualelembo78/huntix-poi/main/italia/emilia-romagna/venezia/pages/bar_trattoria_allancora_45.4902_12.2462.json,custom
45.489977,12.244433,ov_al_corso_45.4900_12.2444,Al Corso,RESTAURANT,ristorante,https://raw.githubusercontent.com/pasqualelembo78/huntix-poi/main/italia/emilia-romagna/venezia/pages/al_corso_45.4900_12.2444.json,custom
45.490865,12.250567,ov_pizzeria_san_marco_45.4909_12.2506,Pizzeria San Marco,RESTAURANT,ristorante,https://raw.githubusercontent.com/pasqualelembo78/huntix-poi/main/italia/emilia-romagna/venezia/pages/pizzeria_san_marco_45.4909_12.2506.json,custom
45.490870,12.250212,ov_il_timone_pizzeria_45.4909_12.2502,Il Timone Pizzeria,RESTAURANT,ristorante,https://raw.githubusercontent.com/pasqualelembo78/huntix-poi/main/italia/emilia-romagna/venezia/pages/il_timone_pizzeria_45.4909_12.2502.json,custom
45.490680,12.253650,ov_time_out_45.4907_12.2537,Time Out,RESTAURANT,ristorante,https://raw.githubusercontent.com/pasqualelembo78/huntix-poi/main/italia/emilia-romagna/venezia/pages/time_out_45.4907_12.2537.json,custom
45.488545,12.251416,ov_ristorante_fox_45.4885_12.2514,Ristorante FOX,RESTAURANT,ristorante,https://raw.githubusercontent.com/pasqualelembo78/huntix-poi/main/italia/emilia-romagna/venezia/pages/ristorante_fox_45.4885_12.2514.json,custom
45.487640,12.250880,ov_bombayspice_mestre_45.4876_12.2509,BombaySpice Mestre,RESTAURANT,ristorante,https://raw.githubusercontent.com/pasqualelembo78/huntix-poi/main/italia/emilia-romagna/venezia/pages/bombayspice_mestre_45.4876_12.2509.json,custom
45.485641,12.256307,ov_sushi_bar_45.4856_12.2563,Sushi Bar,RESTAURANT,ristorante,https://raw.githubusercontent.com/pasqualelembo78/huntix-poi/main/italia/emilia-romagna/venezia/pages/sushi_bar_45.4856_12.2563.json,custom
45.485567,12.256374,ov_pizza_e_delizie_greche_45.4856_12.2564,Pizza e Delizie Greche,RESTAURANT,ristorante,https://raw.githubusercontent.com/pasqualelembo78/huntix-poi/main/italia/emilia-romagna/venezia/pages/pizza_e_delizie_greche_45.4856_12.2564.json,custom
45.485285,12.256737,ov_trattoria_alla_laguna_45.4853_12.2567,Trattoria alla Laguna,RESTAURANT,ristorante,https://raw.githubusercontent.com/pasqualelembo78/huntix-poi/main/italia/emilia-romagna/venezia/pages/trattoria_alla_laguna_45.4853_12.2567.json,custom
45.485030,12.253390,ov_surlie_45.4850_12.2534,Surlie,RESTAURANT,ristorante,https://raw.githubusercontent.com/pasqualelembo78/huntix-poi/main/italia/emilia-romagna/venezia/pages/surlie_45.4850_12.2534.json,custom
45.485412,12.242650,ov_ai_sapori_pizzeria_45.4854_12.2426,Ai Sapori Pizzeria,RESTAURANT,ristorante,https://raw.githubusercontent.com/pasqualelembo78/huntix-poi/main/italia/emilia-romagna/venezia/pages/ai_sapori_pizzeria_45.4854_12.2426.json,custom
45.485288,12.241773,ov_bistrot_ai_3_leoni_45.4853_12.2418,Bistrot Ai 3 Leoni,RESTAURANT,ristorante,https://raw.githubusercontent.com/pasqualelembo78/huntix-poi/main/italia/emilia-romagna/venezia/pages/bistrot_ai_3_leoni_45.4853_12.2418.json,custom
45.484988,12.240386,ov_hostaria_vite_rossa_45.4850_12.2404,Hostaria Vite Rossa,RESTAURANT,ristorante,https://raw.githubusercontent.com/pasqualelembo78/huntix-poi/main/italia/emilia-romagna/venezia/pages/hostaria_vite_rossa_45.4850_12.2404.json,custom
45.484522,12.241033,ov_pizzeria_la_regina_45.4845_12.2410,Pizzeria La Regina,RESTAURANT,ristorante,https://raw.githubusercontent.com/pasqualelembo78/huntix-poi/main/italia/emilia-romagna/venezia/pages/pizzeria_la_regina_45.4845_12.2410.json,custom
45.485230,12.237510,ov_italian_cucina_45.4852_12.2375,Italian cucina,RESTAURANT,ristorante,https://raw.githubusercontent.com/pasqualelembo78/huntix-poi/main/italia/emilia-romagna/venezia/pages/italian_cucina_45.4852_12.2375.json,custom
45.485435,12.242476,ov_ristorantino_da_carla_45.4854_12.2425,Ristorantino Da Carla,RESTAURANT,ristorante,https://raw.githubusercontent.com/pasqualelembo78/huntix-poi/main/italia/emilia-romagna/venezia/pages/ristorantino_da_carla_45.4854_12.2425.json,custom
45.486930,12.238202,ov_halal_kebab_pizza_45.4869_12.2382,Halal Kebab Pizza,RESTAURANT,ristorante,https://raw.githubusercontent.com/pasqualelembo78/huntix-poi/main/italia/emilia-romagna/venezia/pages/halal_kebab_pizza_45.4869_12.2382.json,custom
45.487318,12.242347,ov_karmasutra___ristorante_indiano_45.4873_12.2423,Karmasutra - Ristorante Indiano,RESTAURANT,ristorante,https://raw.githubusercontent.com/pasqualelembo78/huntix-poi/main/italia/emilia-romagna/venezia/pages/karmasutra_-_ristorante_indiano_45.4873_12.2423.json,custom
45.487220,12.242450,ov_namaste_venezia_45.4872_12.2424,Namaste Venezia,RESTAURANT,ristorante,https://raw.githubusercontent.com/pasqualelembo78/huntix-poi/main/italia/emilia-romagna/venezia/pages/namaste_venezia_45.4872_12.2424.json,custom
45.487155,12.237418,ov_antica_hostaria_dante_alighieri_45.4872_12.2374,Antica Hostaria Dante Alighieri,RESTAURANT,ristorante,https://raw.githubusercontent.com/pasqualelembo78/huntix-poi/main/italia/emilia-romagna/venezia/pages/antica_hostaria_dante_alighieri_45.4872_12.2374.json,custom
45.487596,12.234226,ov_pizzeria_columbus_45.4876_12.2342,Pizzeria Columbus,RESTAURANT,ristorante,https://raw.githubusercontent.com/pasqualelembo78/huntix-poi/main/italia/emilia-romagna/venezia/pages/pizzeria_columbus_45.4876_12.2342.json,custom
45.487174,12.234001,ov_noodles___sushi_mestre_45.4872_12.2340,Noodles & Sushi Mestre,RESTAURANT,ristorante,https://raw.githubusercontent.com/pasqualelembo78/huntix-poi/main/italia/emilia-romagna/venezia/pages/noodles_sushi_mestre_45.4872_12.2340.json,custom
45.487046,12.234173,ov_chicken_royal_45.4870_12.2342,Chicken Royal,RESTAURANT,ristorante,https://raw.githubusercontent.com/pasqualelembo78/huntix-poi/main/italia/emilia-romagna/venezia/pages/chicken_royal_45.4870_12.2342.json,custom
45.486971,12.234187,ov_best_indian_food_and_restaurant__halal_f_45.4870_12.2342,BEST INDIAN FOOD AND RESTAURANT .HALAL Food,RESTAURANT,ristorante,https://raw.githubusercontent.com/pasqualelembo78/huntix-poi/main/italia/emilia-romagna/venezia/pages/best_indian_food_and_restaurant_halal_fo_45.4870_12.2342.json,custom
45.486912,12.234178,ov_ai_folli_farcito_o_spadellato_45.4869_12.2342,Ai Folli farcito o spadellato,RESTAURANT,ristorante,https://raw.githubusercontent.com/pasqualelembo78/huntix-poi/main/italia/emilia-romagna/venezia/pages/ai_folli_farcito_o_spadellato_45.4869_12.2342.json,custom
45.486315,12.235301,ov_al_modina_bangla_misti_ghor_45.4863_12.2353,Al Modina Bangla Misti Ghor,RESTAURANT,ristorante,https://raw.githubusercontent.com/pasqualelembo78/huntix-poi/main/italia/emilia-romagna/venezia/pages/al_modina_bangla_misti_ghor_45.4863_12.2353.json,custom
45.486598,12.234718,ov_osteria_vecia_posta_45.4866_12.2347,Osteria Vecia Posta,RESTAURANT,ristorante,https://raw.githubusercontent.com/pasqualelembo78/huntix-poi/main/italia/emilia-romagna/venezia/pages/osteria_vecia_posta_45.4866_12.2347.json,custom
45.486304,12.229900,ov_villa_grandolfo_45.4863_12.2299,Villa Grandolfo,RESTAURANT,ristorante,https://raw.githubusercontent.com/pasqualelembo78/huntix-poi/main/italia/emilia-romagna/venezia/pages/villa_grandolfo_45.4863_12.2299.json,custom
45.486761,12.216289,ov_pizzeria_chicchiricchi_45.4868_12.2163,Pizzeria Chicchiricchi,RESTAURANT,ristorante,https://raw.githubusercontent.com/pasqualelembo78/huntix-poi/main/italia/emilia-romagna/venezia/pages/pizzeria_chicchiricchi_45.4868_12.2163.json,custom
45.486028,12.221068,ov_ristorante_amelia_romana_45.4860_12.2211,Ristorante Amelia Romana,RESTAURANT,ristorante,https://raw.githubusercontent.com/pasqualelembo78/huntix-poi/main/italia/emilia-romagna/venezia/pages/ristorante_amelia_romana_45.4860_12.2211.json,custom
45.485461,12.233119,ov_ristorante_pizzeria_da_jessica_45.4855_12.2331,Ristorante Pizzeria da Jessica,RESTAURANT,ristorante,https://raw.githubusercontent.com/pasqualelembo78/huntix-poi/main/italia/emilia-romagna/venezia/pages/ristorante_pizzeria_da_jessica_45.4855_12.2331.json,custom
45.485390,12.233580,ov_via_piave_summer_garden_45.4854_12.2336,Via Piave Summer Garden,RESTAURANT,ristorante,https://raw.githubusercontent.com/pasqualelembo78/huntix-poi/main/italia/emilia-romagna/venezia/pages/via_piave_summer_garden_45.4854_12.2336.json,custom
45.485563,12.233477,ov_chicken_fly_45.4856_12.2335,Chicken Fly,RESTAURANT,ristorante,https://raw.githubusercontent.com/pasqualelembo78/huntix-poi/main/italia/emilia-romagna/venezia/pages/chicken_fly_45.4856_12.2335.json,custom
45.485134,12.234737,ov_da_bepi_venesian_45.4851_12.2347,Da Bepi Venesian,RESTAURANT,ristorante,https://raw.githubusercontent.com/pasqualelembo78/huntix-poi/main/italia/emilia-romagna/venezia/pages/da_bepi_venesian_45.4851_12.2347.json,custom
45.485303,12.233828,ov_mic_ramen_mestre_45.4853_12.2338,MIC Ramen Mestre,RESTAURANT,ristorante,https://raw.githubusercontent.com/pasqualelembo78/huntix-poi/main/italia/emilia-romagna/venezia/pages/mic_ramen_mestre_45.4853_12.2338.json,custom
45.484492,12.232970,ov_ristorante_orientale_45.4845_12.2330,Ristorante Orientale,RESTAURANT,ristorante,https://raw.githubusercontent.com/pasqualelembo78/huntix-poi/main/italia/emilia-romagna/venezia/pages/ristorante_orientale_45.4845_12.2330.json,custom
45.483931,12.232510,ov_ristorante_cinese_delizie_____45.4839_12.2325,Ristorante Cinese Delizie 小食堂,RESTAURANT,ristorante,https://raw.githubusercontent.com/pasqualelembo78/huntix-poi/main/italia/emilia-romagna/venezia/pages/ristorante_cinese_delizie__45.4839_12.2325.json,custom
45.483861,12.232582,ov_cinesedelizie_45.4839_12.2326,Cinesedelizie,RESTAURANT,ristorante,https://raw.githubusercontent.com/pasqualelembo78/huntix-poi/main/italia/emilia-romagna/venezia/pages/cinesedelizie_45.4839_12.2326.json,custom
45.483453,12.236257,ov_bangla_alimentari_45.4835_12.2363,Bangla Alimentari,RESTAURANT,ristorante,https://raw.githubusercontent.com/pasqualelembo78/huntix-poi/main/italia/emilia-romagna/venezia/pages/bangla_alimentari_45.4835_12.2363.json,custom
45.483351,12.236199,ov_pizza_2020_kebab_45.4834_12.2362,Pizza 2020 Kebab,RESTAURANT,ristorante,https://raw.githubusercontent.com/pasqualelembo78/huntix-poi/main/italia/emilia-romagna/venezia/pages/pizza_2020_kebab_45.4834_12.2362.json,custom
45.482876,12.232134,ov_ristorante_datura_45.4829_12.2321,Ristorante DaTura,RESTAURANT,ristorante,https://raw.githubusercontent.com/pasqualelembo78/huntix-poi/main/italia/emilia-romagna/venezia/pages/ristorante_datura_45.4829_12.2321.json,custom
45.483221,12.232494,ov_ravioleria_dimsum_45.4832_12.2325,Ravioleria Dimsum,RESTAURANT,ristorante,https://raw.githubusercontent.com/pasqualelembo78/huntix-poi/main/italia/emilia-romagna/venezia/pages/ravioleria_dimsum_45.4832_12.2325.json,custom
45.483187,12.230345,ov_sakura_sushi_45.4832_12.2303,Sakura Sushi,RESTAURANT,ristorante,https://raw.githubusercontent.com/pasqualelembo78/huntix-poi/main/italia/emilia-romagna/venezia/pages/sakura_sushi_45.4832_12.2303.json,custom
45.483218,12.230064,ov_la_tana_di_oberix_45.4832_12.2301,La Tana di Oberix,RESTAURANT,ristorante,https://raw.githubusercontent.com/pasqualelembo78/huntix-poi/main/italia/emilia-romagna/venezia/pages/la_tana_di_oberix_45.4832_12.2301.json,custom
45.483090,12.230630,ov_ristorante_pizzeria_alla_stazione_45.4831_12.2306,Ristorante Pizzeria alla stazione,RESTAURANT,ristorante,https://raw.githubusercontent.com/pasqualelembo78/huntix-poi/main/italia/emilia-romagna/venezia/pages/ristorante_pizzeria_alla_stazione_45.4831_12.2306.json,custom
45.482292,12.232386,ov_mcdonald_s_45.4823_12.2324,McDonald's,RESTAURANT,ristorante,https://raw.githubusercontent.com/pasqualelembo78/huntix-poi/main/italia/emilia-romagna/venezia/pages/mcdonalds_45.4823_12.2324.json,custom
45.482444,12.231663,ov_autogrill_45.4824_12.2317,Autogrill,RESTAURANT,ristorante,https://raw.githubusercontent.com/pasqualelembo78/huntix-poi/main/italia/emilia-romagna/venezia/pages/autogrill_45.4824_12.2317.json,custom
45.482562,12.232990,ov_enjoy_bistro___restaurant___bar_45.4826_12.2330,Enjoy Bistro - Restaurant - Bar,RESTAURANT,ristorante,https://raw.githubusercontent.com/pasqualelembo78/huntix-poi/main/italia/emilia-romagna/venezia/pages/enjoy_bistro_-_restaurant_-_bar_45.4826_12.2330.json,custom
45.482495,12.235745,ov_macch_pasta_45.4825_12.2357,Macchépasta,RESTAURANT,ristorante,https://raw.githubusercontent.com/pasqualelembo78/huntix-poi/main/italia/emilia-romagna/venezia/pages/macchpasta_45.4825_12.2357.json,custom
45.482491,12.236076,ov_pasta___pizza_e_non_solo_45.4825_12.2361,PASTA & PIZZA e non solo,RESTAURANT,ristorante,https://raw.githubusercontent.com/pasqualelembo78/huntix-poi/main/italia/emilia-romagna/venezia/pages/pasta_pizza_e_non_solo_45.4825_12.2361.json,custom
45.482120,12.235000,ov_namaste_indian_restaurant_45.4821_12.2350,Namaste Indian Restaurant,RESTAURANT,ristorante,https://raw.githubusercontent.com/pasqualelembo78/huntix-poi/main/italia/emilia-romagna/venezia/pages/namaste_indian_restaurant_45.4821_12.2350.json,custom
45.482143,12.234773,ov_brothers_fast_food_45.4821_12.2348,Brothers Fast Food,RESTAURANT,ristorante,https://raw.githubusercontent.com/pasqualelembo78/huntix-poi/main/italia/emilia-romagna/venezia/pages/brothers_fast_food_45.4821_12.2348.json,custom
45.482038,12.236211,ov_pizzeria_da_michele___ca_marcello_45.4820_12.2362,Pizzeria Da Michele - Ca Marcello,RESTAURANT,ristorante,https://raw.githubusercontent.com/pasqualelembo78/huntix-poi/main/italia/emilia-romagna/venezia/pages/pizzeria_da_michele_-_ca_marcello_45.4820_12.2362.json,custom
45.481585,12.236746,ov_ristoranti_montenapoleone_45.4816_12.2367,Ristoranti Montenapoleone,RESTAURANT,ristorante,https://raw.githubusercontent.com/pasqualelembo78/huntix-poi/main/italia/emilia-romagna/venezia/pages/ristoranti_montenapoleone_45.4816_12.2367.json,custom
45.481628,12.241400,ov_htm_restaurant_45.4816_12.2414,HTM Restaurant,RESTAURANT,ristorante,https://raw.githubusercontent.com/pasqualelembo78/huntix-poi/main/italia/emilia-romagna/venezia/pages/htm_restaurant_45.4816_12.2414.json,custom
45.481597,12.241466,ov_blind_spot_45.4816_12.2415,Blind Spot,RESTAURANT,ristorante,https://raw.githubusercontent.com/pasqualelembo78/huntix-poi/main/italia/emilia-romagna/venezia/pages/blind_spot_45.4816_12.2415.json,custom
45.481511,12.241433,ov_aki_restaurant_45.4815_12.2414,Aki Restaurant,RESTAURANT,ristorante,https://raw.githubusercontent.com/pasqualelembo78/huntix-poi/main/italia/emilia-romagna/venezia/pages/aki_restaurant_45.4815_12.2414.json,custom
45.481802,12.248028,ov_zu_sushi_mestre_45.4818_12.2480,Zu sushi Mestre,RESTAURANT,ristorante,https://raw.githubusercontent.com/pasqualelembo78/huntix-poi/main/italia/emilia-romagna/venezia/pages/zu_sushi_mestre_45.4818_12.2480.json,custom
45.481812,12.247881,ov_fuji_restaurant_japanese_45.4818_12.2479,Fuji Restaurant Japanese,RESTAURANT,ristorante,https://raw.githubusercontent.com/pasqualelembo78/huntix-poi/main/italia/emilia-romagna/venezia/pages/fuji_restaurant_japanese_45.4818_12.2479.json,custom
45.482825,12.239744,ov_bar_agli_artisti_45.4828_12.2397,Bar Agli Artisti,RESTAURANT,ristorante,https://raw.githubusercontent.com/pasqualelembo78/huntix-poi/main/italia/emilia-romagna/venezia/pages/bar_agli_artisti_45.4828_12.2397.json,custom
45.483140,12.241515,ov_mcdonald_s_45.4831_12.2415,McDonald's,RESTAURANT,ristorante,https://raw.githubusercontent.com/pasqualelembo78/huntix-poi/main/italia/emilia-romagna/venezia/pages/mcdonalds_45.4831_12.2415.json,custom
45.483406,12.240259,ov_halal_carne_45.4834_12.2403,halal carne,RESTAURANT,ristorante,https://raw.githubusercontent.com/pasqualelembo78/huntix-poi/main/italia/emilia-romagna/venezia/pages/halal_carne_45.4834_12.2403.json,custom
45.483381,12.242101,ov_pizzeria_la_voglia_45.4834_12.2421,Pizzeria La Voglia,RESTAURANT,ristorante,https://raw.githubusercontent.com/pasqualelembo78/huntix-poi/main/italia/emilia-romagna/venezia/pages/pizzeria_la_voglia_45.4834_12.2421.json,custom
45.483627,12.241312,ov_intramezzo_45.4836_12.2413,Intramezzo,RESTAURANT,ristorante,https://raw.githubusercontent.com/pasqualelembo78/huntix-poi/main/italia/emilia-romagna/venezia/pages/intramezzo_45.4836_12.2413.json,custom
45.484332,12.238950,ov_desh_halal_pizzeria_e_kebab_45.4843_12.2389,Desh Halal Pizzeria E Kebab,RESTAURANT,ristorante,https://raw.githubusercontent.com/pasqualelembo78/huntix-poi/main/italia/emilia-romagna/venezia/pages/desh_halal_pizzeria_e_kebab_45.4843_12.2389.json,custom
45.484154,12.239645,ov_rosticceria_cinese_chinatown_45.4842_12.2396,Rosticceria Cinese Chinatown,RESTAURANT,ristorante,https://raw.githubusercontent.com/pasqualelembo78/huntix-poi/main/italia/emilia-romagna/venezia/pages/rosticceria_cinese_chinatown_45.4842_12.2396.json,custom
45.484107,12.239427,ov_safa_halal_food_venice_45.4841_12.2394,Safa Halal Food Venice,RESTAURANT,ristorante,https://raw.githubusercontent.com/pasqualelembo78/huntix-poi/main/italia/emilia-romagna/venezia/pages/safa_halal_food_venice_45.4841_12.2394.json,custom
45.484092,12.239383,ov_desh_fastfood_45.4841_12.2394,Desh Fastfood,RESTAURANT,ristorante,https://raw.githubusercontent.com/pasqualelembo78/huntix-poi/main/italia/emilia-romagna/venezia/pages/desh_fastfood_45.4841_12.2394.json,custom
45.483623,12.250382,ov_kyoto_45.4836_12.2504,Kyoto,RESTAURANT,ristorante,https://raw.githubusercontent.com/pasqualelembo78/huntix-poi/main/italia/emilia-romagna/venezia/pages/kyoto_45.4836_12.2504.json,custom
45.483239,12.250017,ov_unico_ristorante_pizzeria_45.4832_12.2500,Unico Ristorante Pizzeria,RESTAURANT,ristorante,https://raw.githubusercontent.com/pasqualelembo78/huntix-poi/main/italia/emilia-romagna/venezia/pages/unico_ristorante_pizzeria_45.4832_12.2500.json,custom
45.484418,12.250117,ov_ristobar_magia_45.4844_12.2501,Ristobar Magia,RESTAURANT,ristorante,https://raw.githubusercontent.com/pasqualelembo78/huntix-poi/main/italia/emilia-romagna/venezia/pages/ristobar_magia_45.4844_12.2501.json,custom
45.484381,12.253915,ov_ristorante_darsena_45.4844_12.2539,Ristorante Darsena,RESTAURANT,ristorante,https://raw.githubusercontent.com/pasqualelembo78/huntix-poi/main/italia/emilia-romagna/venezia/pages/ristorante_darsena_45.4844_12.2539.json,custom
45.484374,12.253822,ov_narsha_ristorante_coreano_45.4844_12.2538,Narsha Ristorante Coreano,RESTAURANT,ristorante,https://raw.githubusercontent.com/pasqualelembo78/huntix-poi/main/italia/emilia-romagna/venezia/pages/narsha_ristorante_coreano_45.4844_12.2538.json,custom
45.483700,12.256842,ov_taverna_fontana_45.4837_12.2568,Taverna Fontana,RESTAURANT,ristorante,https://raw.githubusercontent.com/pasqualelembo78/huntix-poi/main/italia/emilia-romagna/venezia/pages/taverna_fontana_45.4837_12.2568.json,custom
45.483074,12.255089,ov_trattoria_al_camionista_45.4831_12.2551,Trattoria al Camionista,RESTAURANT,ristorante,https://raw.githubusercontent.com/pasqualelembo78/huntix-poi/main/italia/emilia-romagna/venezia/pages/trattoria_al_camionista_45.4831_12.2551.json,custom
45.481754,12.250213,ov_pizzeria_al_timone_45.4818_12.2502,Pizzeria al timone,RESTAURANT,ristorante,https://raw.githubusercontent.com/pasqualelembo78/huntix-poi/main/italia/emilia-romagna/venezia/pages/pizzeria_al_timone_45.4818_12.2502.json,custom
45.484670,12.267270,ov_ristorante_il_pesciolino_innamorato_45.4847_12.2673,Ristorante Il pesciolino Innamorato,RESTAURANT,ristorante,https://raw.githubusercontent.com/pasqualelembo78/huntix-poi/main/italia/emilia-romagna/venezia/pages/ristorante_il_pesciolino_innamorato_45.4847_12.2673.json,custom
45.485413,12.288292,ov_trattoria_da_ugo_45.4854_12.2883,Trattoria Da Ugo,RESTAURANT,ristorante,https://raw.githubusercontent.com/pasqualelembo78/huntix-poi/main/italia/emilia-romagna/venezia/pages/trattoria_da_ugo_45.4854_12.2883.json,custom
45.485542,12.288817,ov_colors_45.4855_12.2888,Colors,RESTAURANT,ristorante,https://raw.githubusercontent.com/pasqualelembo78/huntix-poi/main/italia/emilia-romagna/venezia/pages/colors_45.4855_12.2888.json,custom
45.486567,12.294469,ov_pizzeria_tre_punto_zero_45.4866_12.2945,Pizzeria Tre Punto Zero,RESTAURANT,ristorante,https://raw.githubusercontent.com/pasqualelembo78/huntix-poi/main/italia/emilia-romagna/venezia/pages/pizzeria_tre_punto_zero_45.4866_12.2945.json,custom
45.487092,12.295861,ov_passione_di_pizza_45.4871_12.2959,Passione di Pizza,RESTAURANT,ristorante,https://raw.githubusercontent.com/pasqualelembo78/huntix-poi/main/italia/emilia-romagna/venezia/pages/passione_di_pizza_45.4871_12.2959.json,custom
45.486935,12.296141,ov_la_sosta___enoteca___cucina_campalto_45.4869_12.2961,La Sosta - Enoteca & Cucina Campalto,RESTAURANT,ristorante,https://raw.githubusercontent.com/pasqualelembo78/huntix-poi/main/italia/emilia-romagna/venezia/pages/la_sosta_-_enoteca_cucina_campalto_45.4869_12.2961.json,custom
45.487492,12.295156,ov_da_vittoria_la_trattoria_45.4875_12.2952,Da Vittoria La Trattoria,RESTAURANT,ristorante,https://raw.githubusercontent.com/pasqualelembo78/huntix-poi/main/italia/emilia-romagna/venezia/pages/da_vittoria_la_trattoria_45.4875_12.2952.json,custom
45.480391,12.298163,ov_ristorante_al_passo_campalto_45.4804_12.2982,Ristorante Al passo Campalto,RESTAURANT,ristorante,https://raw.githubusercontent.com/pasqualelembo78/huntix-poi/main/italia/emilia-romagna/venezia/pages/ristorante_al_passo_campalto_45.4804_12.2982.json,custom
45.479824,12.289186,ov_pizzeria_laguna_45.4798_12.2892,Pizzeria Laguna,RESTAURANT,ristorante,https://raw.githubusercontent.com/pasqualelembo78/huntix-poi/main/italia/emilia-romagna/venezia/pages/pizzeria_laguna_45.4798_12.2892.json,custom
45.476215,12.261715,ov_gatto_rosso_45.4762_12.2617,Gatto Rosso,RESTAURANT,ristorante,https://raw.githubusercontent.com/pasqualelembo78/huntix-poi/main/italia/emilia-romagna/venezia/pages/gatto_rosso_45.4762_12.2617.json,custom
45.476246,12.261859,ov_bagolaro___controvento_45.4762_12.2619,Bagolaro - Controvento,RESTAURANT,ristorante,https://raw.githubusercontent.com/pasqualelembo78/huntix-poi/main/italia/emilia-romagna/venezia/pages/bagolaro_-_controvento_45.4762_12.2619.json,custom
45.479568,12.263972,ov_semplicemente_pizza_mestre_45.4796_12.2640,Semplicemente Pizza Mestre,RESTAURANT,ristorante,https://raw.githubusercontent.com/pasqualelembo78/huntix-poi/main/italia/emilia-romagna/venezia/pages/semplicemente_pizza_mestre_45.4796_12.2640.json,custom
45.480040,12.231850,ov_pizza_go_go_45.4800_12.2318,Pizza Go-Go,RESTAURANT,ristorante,https://raw.githubusercontent.com/pasqualelembo78/huntix-poi/main/italia/emilia-romagna/venezia/pages/pizza_go-go_45.4800_12.2318.json,custom
45.480668,12.216168,ov_trattoria_siora_rosa_45.4807_12.2162,Trattoria Siora Rosa,RESTAURANT,ristorante,https://raw.githubusercontent.com/pasqualelembo78/huntix-poi/main/italia/emilia-romagna/venezia/pages/trattoria_siora_rosa_45.4807_12.2162.json,custom
45.478150,12.222018,ov_al_giardinetto_45.4782_12.2220,Al Giardinetto,RESTAURANT,ristorante,https://raw.githubusercontent.com/pasqualelembo78/huntix-poi/main/italia/emilia-romagna/venezia/pages/al_giardinetto_45.4782_12.2220.json,custom
45.477689,12.223166,ov_osteria_al_diplomatico_45.4777_12.2232,Osteria Al Diplomatico,RESTAURANT,ristorante,https://raw.githubusercontent.com/pasqualelembo78/huntix-poi/main/italia/emilia-romagna/venezia/pages/osteria_al_diplomatico_45.4777_12.2232.json,custom
45.477979,12.227011,ov_amia_gastronomia_vegetale_45.4780_12.2270,Amia Gastronomia vegetale,RESTAURANT,ristorante,https://raw.githubusercontent.com/pasqualelembo78/huntix-poi/main/italia/emilia-romagna/venezia/pages/amia_gastronomia_vegetale_45.4780_12.2270.json,custom
45.477695,12.226950,ov_bar_trattoria_pizzeria_45.4777_12.2269,Bar Trattoria Pizzeria,RESTAURANT,ristorante,https://raw.githubusercontent.com/pasqualelembo78/huntix-poi/main/italia/emilia-romagna/venezia/pages/bar_trattoria_pizzeria_45.4777_12.2269.json,custom
45.478429,12.229413,ov_la_griglia_45.4784_12.2294,La Griglia,RESTAURANT,ristorante,https://raw.githubusercontent.com/pasqualelembo78/huntix-poi/main/italia/emilia-romagna/venezia/pages/la_griglia_45.4784_12.2294.json,custom
45.478503,12.228326,ov_ristorante_bar_piccolo_45.4785_12.2283,Ristorante Bar Piccolo,RESTAURANT,ristorante,https://raw.githubusercontent.com/pasqualelembo78/huntix-poi/main/italia/emilia-romagna/venezia/pages/ristorante_bar_piccolo_45.4785_12.2283.json,custom
45.478969,12.228129,ov_ristorante_e_pizzeria_colombo_45.4790_12.2281,Ristorante e Pizzeria Colombo,RESTAURANT,ristorante,https://raw.githubusercontent.com/pasqualelembo78/huntix-poi/main/italia/emilia-romagna/venezia/pages/ristorante_e_pizzeria_colombo_45.4790_12.2281.json,custom
45.479222,12.233313,ov_diningroom_marghera_45.4792_12.2333,Diningroom Marghera,RESTAURANT,ristorante,https://raw.githubusercontent.com/pasqualelembo78/huntix-poi/main/italia/emilia-romagna/venezia/pages/diningroom_marghera_45.4792_12.2333.json,custom
45.477250,12.235360,ov_art___food_45.4772_12.2354,Art & Food,RESTAURANT,ristorante,https://raw.githubusercontent.com/pasqualelembo78/huntix-poi/main/italia/emilia-romagna/venezia/pages/art_food_45.4772_12.2354.json,custom
45.477209,12.235360,ov_ristorante_molodivenezia_45.4772_12.2354,Ristorante MolodiVenezia,RESTAURANT,ristorante,https://raw.githubusercontent.com/pasqualelembo78/huntix-poi/main/italia/emilia-romagna/venezia/pages/ristorante_molodivenezia_45.4772_12.2354.json,custom
45.475951,12.235013,ov_ristorante_gustoclick_45.4760_12.2350,Ristorante Gustoclick,RESTAURANT,ristorante,https://raw.githubusercontent.com/pasqualelembo78/huntix-poi/main/italia/emilia-romagna/venezia/pages/ristorante_gustoclick_45.4760_12.2350.json,custom
45.477427,12.218058,ov_pizzus_marghera_45.4774_12.2181,Pizzus Marghera,RESTAURANT,ristorante,https://raw.githubusercontent.com/pasqualelembo78/huntix-poi/main/italia/emilia-romagna/venezia/pages/pizzus_marghera_45.4774_12.2181.json,custom
45.476865,12.217293,ov_yi_sushi_45.4769_12.2173,Yi Sushi,RESTAURANT,ristorante,https://raw.githubusercontent.com/pasqualelembo78/huntix-poi/main/italia/emilia-romagna/venezia/pages/yi_sushi_45.4769_12.2173.json,custom
45.476819,12.217226,ov_ristorante_hotpot_all_you_can_eat_45.4768_12.2172,Ristorante hotpot all you can eat,RESTAURANT,ristorante,https://raw.githubusercontent.com/pasqualelembo78/huntix-poi/main/italia/emilia-romagna/venezia/pages/ristorante_hotpot_all_you_can_eat_45.4768_12.2172.json,custom
45.477003,12.219487,ov_pizzeria_jolly_45.4770_12.2195,Pizzeria Jolly,RESTAURANT,ristorante,https://raw.githubusercontent.com/pasqualelembo78/huntix-poi/main/italia/emilia-romagna/venezia/pages/pizzeria_jolly_45.4770_12.2195.json,custom
45.475435,12.225493,ov_pizzalonga_away_marghera_45.4754_12.2255,Pizzalonga Away Marghera,RESTAURANT,ristorante,https://raw.githubusercontent.com/pasqualelembo78/huntix-poi/main/italia/emilia-romagna/venezia/pages/pizzalonga_away_marghera_45.4754_12.2255.json,custom
45.475141,12.221056,ov_cicchetteria_venexiana_45.4751_12.2211,cicchetteria venexiana,RESTAURANT,ristorante,https://raw.githubusercontent.com/pasqualelembo78/huntix-poi/main/italia/emilia-romagna/venezia/pages/cicchetteria_venexiana_45.4751_12.2211.json,custom
45.474383,12.214862,ov_verona__italy_45.4744_12.2149,"Verona, Italy",RESTAURANT,ristorante,https://raw.githubusercontent.com/pasqualelembo78/huntix-poi/main/italia/emilia-romagna/venezia/pages/verona_italy_45.4744_12.2149.json,custom
45.474186,12.214555,ov_bell_italia_45.4742_12.2146,Bell'Italia,RESTAURANT,ristorante,https://raw.githubusercontent.com/pasqualelembo78/huntix-poi/main/italia/emilia-romagna/venezia/pages/bellitalia_45.4742_12.2146.json,custom
45.474382,12.221735,ov_bar_sport___ristorante_pizzeria_burano_45.4744_12.2217,Bar Sport - Ristorante Pizzeria Burano,RESTAURANT,ristorante,https://raw.githubusercontent.com/pasqualelembo78/huntix-poi/main/italia/emilia-romagna/venezia/pages/bar_sport_-_ristorante_pizzeria_burano_45.4744_12.2217.json,custom
45.474969,12.223956,ov_rosticceria_bottazzo_45.4750_12.2240,Rosticceria Bottazzo,RESTAURANT,ristorante,https://raw.githubusercontent.com/pasqualelembo78/huntix-poi/main/italia/emilia-romagna/venezia/pages/rosticceria_bottazzo_45.4750_12.2240.json,custom
45.474586,12.224779,ov_barkala_45.4746_12.2248,Barkala,RESTAURANT,ristorante,https://raw.githubusercontent.com/pasqualelembo78/huntix-poi/main/italia/emilia-romagna/venezia/pages/barkala_45.4746_12.2248.json,custom
45.474511,12.223488,ov_asian_food_45.4745_12.2235,Asian food,RESTAURANT,ristorante,https://raw.githubusercontent.com/pasqualelembo78/huntix-poi/main/italia/emilia-romagna/venezia/pages/asian_food_45.4745_12.2235.json,custom
45.474560,12.223281,ov_halal_pizza_kebab_45.4746_12.2233,Halal Pizza Kebab,RESTAURANT,ristorante,https://raw.githubusercontent.com/pasqualelembo78/huntix-poi/main/italia/emilia-romagna/venezia/pages/halal_pizza_kebab_45.4746_12.2233.json,custom
45.474495,12.223452,ov_bangla_misti_ghor_45.4745_12.2235,Bangla Misti Ghor,RESTAURANT,ristorante,https://raw.githubusercontent.com/pasqualelembo78/huntix-poi/main/italia/emilia-romagna/venezia/pages/bangla_misti_ghor_45.4745_12.2235.json,custom
45.474962,12.227142,ov_il_pizzaiolo_magico_45.4750_12.2271,Il Pizzaiolo Magico,RESTAURANT,ristorante,https://raw.githubusercontent.com/pasqualelembo78/huntix-poi/main/italia/emilia-romagna/venezia/pages/il_pizzaiolo_magico_45.4750_12.2271.json,custom
45.476663,12.255634,ov_ca__bolea_45.4767_12.2556,Ca' Bolea,RESTAURANT,ristorante,https://raw.githubusercontent.com/pasqualelembo78/huntix-poi/main/italia/emilia-romagna/venezia/pages/ca_bolea_45.4767_12.2556.json,custom
45.473469,12.221610,ov_osteria_0_75_45.4735_12.2216,Osteria 0.75,RESTAURANT,ristorante,https://raw.githubusercontent.com/pasqualelembo78/huntix-poi/main/italia/emilia-romagna/venezia/pages/osteria_075_45.4735_12.2216.json,custom
45.473500,12.221600,ov_hosteria_ai_musicisti_45.4735_12.2216,Hosteria AI Musicisti,RESTAURANT,ristorante,https://raw.githubusercontent.com/pasqualelembo78/huntix-poi/main/italia/emilia-romagna/venezia/pages/hosteria_ai_musicisti_45.4735_12.2216.json,custom
45.473856,12.219736,ov_pizzeria_041_45.4739_12.2197,Pizzeria 041,RESTAURANT,ristorante,https://raw.githubusercontent.com/pasqualelembo78/huntix-poi/main/italia/emilia-romagna/venezia/pages/pizzeria_041_45.4739_12.2197.json,custom
45.473866,12.214328,ov_autogrill_45.4739_12.2143,Autogrill,RESTAURANT,ristorante,https://raw.githubusercontent.com/pasqualelembo78/huntix-poi/main/italia/emilia-romagna/venezia/pages/autogrill_45.4739_12.2143.json,custom
45.473587,12.219371,ov_al_calesse_45.4736_12.2194,Al Calesse,RESTAURANT,ristorante,https://raw.githubusercontent.com/pasqualelembo78/huntix-poi/main/italia/emilia-romagna/venezia/pages/al_calesse_45.4736_12.2194.json,custom
45.471708,12.224227,ov_istanbul_city_kebap_45.4717_12.2242,Istanbul City Kebap,RESTAURANT,ristorante,https://raw.githubusercontent.com/pasqualelembo78/huntix-poi/main/italia/emilia-romagna/venezia/pages/istanbul_city_kebap_45.4717_12.2242.json,custom
45.471728,12.222837,ov_mood_bangla_restaurant___bar_45.4717_12.2228,Mood Bangla restaurant & bar,RESTAURANT,ristorante,https://raw.githubusercontent.com/pasqualelembo78/huntix-poi/main/italia/emilia-romagna/venezia/pages/mood_bangla_restaurant_bar_45.4717_12.2228.json,custom
45.469036,12.225819,ov_castagnomatto_45.4690_12.2258,Castagnomatto,RESTAURANT,ristorante,https://raw.githubusercontent.com/pasqualelembo78/huntix-poi/main/italia/emilia-romagna/venezia/pages/castagnomatto_45.4690_12.2258.json,custom
45.469560,12.221900,ov_istanbulcitykebapmarghera_45.4696_12.2219,IstanbulcitykebapMarghera,RESTAURANT,ristorante,https://raw.githubusercontent.com/pasqualelembo78/huntix-poi/main/italia/emilia-romagna/venezia/pages/istanbulcitykebapmarghera_45.4696_12.2219.json,custom
45.468841,12.222151,ov_da_gigi_cucina_e_pizzeria_45.4688_12.2222,Da Gigi Cucina e Pizzeria,RESTAURANT,ristorante,https://raw.githubusercontent.com/pasqualelembo78/huntix-poi/main/italia/emilia-romagna/venezia/pages/da_gigi_cucina_e_pizzeria_45.4688_12.2222.json,custom
45.469264,12.256030,ov_trattoria_pilla_45.4693_12.2560,Trattoria Pilla,RESTAURANT,ristorante,https://raw.githubusercontent.com/pasqualelembo78/huntix-poi/main/italia/emilia-romagna/venezia/pages/trattoria_pilla_45.4693_12.2560.json,custom
45.468810,12.275336,ov_longo_trasporti_di_longo_gabriele___vene_45.4688_12.2753,Longo Trasporti di Longo Gabriele - Venezia,RESTAURANT,ristorante,https://raw.githubusercontent.com/pasqualelembo78/huntix-poi/main/italia/emilia-romagna/venezia/pages/longo_trasporti_di_longo_gabriele_-_vene_45.4688_12.2753.json,custom
45.466104,12.226247,ov_ajwa_restaurant_bar_pizzeria___kebab_45.4661_12.2262,Ajwa Restaurant Bar Pizzeria & Kebab,RESTAURANT,ristorante,https://raw.githubusercontent.com/pasqualelembo78/huntix-poi/main/italia/emilia-romagna/venezia/pages/ajwa_restaurant_bar_pizzeria_kebab_45.4661_12.2262.json,custom
45.466446,12.225751,ov_c__nova_45.4664_12.2258,Cà Nova,RESTAURANT,ristorante,https://raw.githubusercontent.com/pasqualelembo78/huntix-poi/main/italia/emilia-romagna/venezia/pages/c_nova_45.4664_12.2258.json,custom
45.465004,12.223117,ov_pizza_si_45.4650_12.2231,Pizza Si,RESTAURANT,ristorante,https://raw.githubusercontent.com/pasqualelembo78/huntix-poi/main/italia/emilia-romagna/venezia/pages/pizza_si_45.4650_12.2231.json,custom
45.461848,12.242216,ov__80_ristorante_snack_bar_45.4618_12.2422,'80 Ristorante Snack Bar,RESTAURANT,ristorante,https://raw.githubusercontent.com/pasqualelembo78/huntix-poi/main/italia/emilia-romagna/venezia/pages/80_ristorante_snack_bar_45.4618_12.2422.json,custom
45.459800,12.222057,ov_bar_trattoria_008_45.4598_12.2221,Bar Trattoria 008,RESTAURANT,ristorante,https://raw.githubusercontent.com/pasqualelembo78/huntix-poi/main/italia/emilia-romagna/venezia/pages/bar_trattoria_008_45.4598_12.2221.json,custom
45.460084,12.218612,ov_ristorante_45.4601_12.2186,Ristorante,RESTAURANT,ristorante,https://raw.githubusercontent.com/pasqualelembo78/huntix-poi/main/italia/emilia-romagna/venezia/pages/ristorante_45.4601_12.2186.json,custom
45.457489,12.353500,ov_la_perla_ai_bisatei_45.4575_12.3535,La Perla Ai Bisatei,RESTAURANT,ristorante,https://raw.githubusercontent.com/pasqualelembo78/huntix-poi/main/italia/emilia-romagna/venezia/pages/la_perla_ai_bisatei_45.4575_12.3535.json,custom
45.457169,12.357956,ov_osteria_al_duomo_45.4572_12.3580,Osteria Al Duomo,RESTAURANT,ristorante,https://raw.githubusercontent.com/pasqualelembo78/huntix-poi/main/italia/emilia-romagna/venezia/pages/osteria_al_duomo_45.4572_12.3580.json,custom
45.456452,12.357295,ov_murano_trattoria_valmarana_45.4565_12.3573,Murano Trattoria Valmarana,RESTAURANT,ristorante,https://raw.githubusercontent.com/pasqualelembo78/huntix-poi/main/italia/emilia-romagna/venezia/pages/murano_trattoria_valmarana_45.4565_12.3573.json,custom
45.456311,12.352432,ov_trattoria_ai_frati_45.4563_12.3524,Trattoria Ai Frati,RESTAURANT,ristorante,https://raw.githubusercontent.com/pasqualelembo78/huntix-poi/main/italia/emilia-romagna/venezia/pages/trattoria_ai_frati_45.4563_12.3524.json,custom
45.456179,12.353906,ov_antica_trattoria_muranese_45.4562_12.3539,Antica Trattoria Muranese,RESTAURANT,ristorante,https://raw.githubusercontent.com/pasqualelembo78/huntix-poi/main/italia/emilia-romagna/venezia/pages/antica_trattoria_muranese_45.4562_12.3539.json,custom
45.456191,12.354332,ov_ristorante_ai_piantaleoni_45.4562_12.3543,Ristorante Ai Piantaleoni,RESTAURANT,ristorante,https://raw.githubusercontent.com/pasqualelembo78/huntix-poi/main/italia/emilia-romagna/venezia/pages/ristorante_ai_piantaleoni_45.4562_12.3543.json,custom
45.456343,12.355621,ov_osteriva_45.4563_12.3556,Osteriva,RESTAURANT,ristorante,https://raw.githubusercontent.com/pasqualelembo78/huntix-poi/main/italia/emilia-romagna/venezia/pages/osteriva_45.4563_12.3556.json,custom
45.456280,12.355538,ov_rivalonga_45.4563_12.3555,Rivalonga,RESTAURANT,ristorante,https://raw.githubusercontent.com/pasqualelembo78/huntix-poi/main/italia/emilia-romagna/venezia/pages/rivalonga_45.4563_12.3555.json,custom
45.456035,12.356226,ov_vetri_restaurant_45.4560_12.3562,Vetri Restaurant,RESTAURANT,ristorante,https://raw.githubusercontent.com/pasqualelembo78/huntix-poi/main/italia/emilia-romagna/venezia/pages/vetri_restaurant_45.4560_12.3562.json,custom
45.455665,12.354888,ov_casa_rosanna_45.4557_12.3549,Casa Rosanna,RESTAURANT,ristorante,https://raw.githubusercontent.com/pasqualelembo78/huntix-poi/main/italia/emilia-romagna/venezia/pages/casa_rosanna_45.4557_12.3549.json,custom
45.455221,12.353240,ov_trattoria_busa_alla_torre_45.4552_12.3532,Trattoria Busa alla Torre,RESTAURANT,ristorante,https://raw.githubusercontent.com/pasqualelembo78/huntix-poi/main/italia/emilia-romagna/venezia/pages/trattoria_busa_alla_torre_45.4552_12.3532.json,custom
45.454497,12.353013,ov_ristorante_dalla_mora_45.4545_12.3530,Ristorante Dalla Mora,RESTAURANT,ristorante,https://raw.githubusercontent.com/pasqualelembo78/huntix-poi/main/italia/emilia-romagna/venezia/pages/ristorante_dalla_mora_45.4545_12.3530.json,custom
45.453957,12.351671,ov_b_restaurant_alla_vecchia_pescheria_45.4540_12.3517,B Restaurant alla Vecchia Pescheria,RESTAURANT,ristorante,https://raw.githubusercontent.com/pasqualelembo78/huntix-poi/main/italia/emilia-romagna/venezia/pages/b_restaurant_alla_vecchia_pescheria_45.4540_12.3517.json,custom
45.454011,12.352610,ov_ristorante_da_tanduo_45.4540_12.3526,Ristorante Da Tanduo,RESTAURANT,ristorante,https://raw.githubusercontent.com/pasqualelembo78/huntix-poi/main/italia/emilia-romagna/venezia/pages/ristorante_da_tanduo_45.4540_12.3526.json,custom
45.457580,12.412934,ov_in_chiosco_al_bacan_45.4576_12.4129,In Chiosco Al Bacan,RESTAURANT,ristorante,https://raw.githubusercontent.com/pasqualelembo78/huntix-poi/main/italia/emilia-romagna/venezia/pages/in_chiosco_al_bacan_45.4576_12.4129.json,custom
45.444110,12.325050,osm_gam_gam_45.4441_12.3251,Gam Gam,ristorante,ristorante,https://raw.githubusercontent.com/pasqualelembo78/huntix-poi/main/italia/emilia-romagna/venezia/pages/gam_gam_45.4441_12.3251.json,custom
45.432636,12.323584,osm_la_furatola_45.4326_12.3236,La Furatola,ristorante,ristorante,https://raw.githubusercontent.com/pasqualelembo78/huntix-poi/main/italia/emilia-romagna/venezia/pages/la_furatola_45.4326_12.3236.json,custom
45.445662,12.328048,osm_ristorante_antica_mola_45.4457_12.3280,Ristorante Antica Mola,ristorante,ristorante,https://raw.githubusercontent.com/pasqualelembo78/huntix-poi/main/italia/emilia-romagna/venezia/pages/ristorante_antica_mola_45.4457_12.3280.json,custom
45.446363,12.328654,osm_anice_stellato_45.4464_12.3287,Anice Stellato,ristorante,ristorante,https://raw.githubusercontent.com/pasqualelembo78/huntix-poi/main/italia/emilia-romagna/venezia/pages/anice_stellato_45.4464_12.3287.json,custom
45.437444,12.336218,osm_al_graspo_de_ua_45.4374_12.3362,Al Graspo de Ua,ristorante,ristorante,https://raw.githubusercontent.com/pasqualelembo78/huntix-poi/main/italia/emilia-romagna/venezia/pages/al_graspo_de_ua_45.4374_12.3362.json,custom
45.438754,12.342439,osm_spaghetteria_6342_a_le_tole_45.4388_12.3424,Spaghetteria 6342 A Le Tole,ristorante,ristorante,https://raw.githubusercontent.com/pasqualelembo78/huntix-poi/main/italia/emilia-romagna/venezia/pages/spaghetteria_6342_a_le_tole_45.4388_12.3424.json,custom
45.443145,12.340279,osm_algiubagio_45.4431_12.3403,Algiubagio,ristorante,ristorante,https://raw.githubusercontent.com/pasqualelembo78/huntix-poi/main/italia/emilia-romagna/venezia/pages/algiubagio_45.4431_12.3403.json,custom
45.438851,12.321293,osm_trattoria_dalla_zanze_45.4389_12.3213,Trattoria dalla Zanze,ristorante,ristorante,https://raw.githubusercontent.com/pasqualelembo78/huntix-poi/main/italia/emilia-romagna/venezia/pages/trattoria_dalla_zanze_45.4389_12.3213.json,custom
45.439838,12.321658,osm_osteria_mare_magno_45.4398_12.3217,Osteria Mare Magno,ristorante,ristorante,https://raw.githubusercontent.com/pasqualelembo78/huntix-poi/main/italia/emilia-romagna/venezia/pages/osteria_mare_magno_45.4398_12.3217.json,custom
45.448673,12.193088,osm_ristorante_alla_fornace_45.4487_12.1931,Ristorante alla Fornace,ristorante,ristorante,https://raw.githubusercontent.com/pasqualelembo78/huntix-poi/main/italia/emilia-romagna/venezia/pages/ristorante_alla_fornace_45.4487_12.1931.json,custom
45.432874,12.317418,osm_carovansar__45.4329_12.3174,Carovansarà,ristorante,ristorante,https://raw.githubusercontent.com/pasqualelembo78/huntix-poi/main/italia/emilia-romagna/venezia/pages/carovansar_45.4329_12.3174.json,custom
45.436385,12.335631,osm_al_teatro_goldoni_45.4364_12.3356,Al Teatro Goldoni,ristorante,ristorante,https://raw.githubusercontent.com/pasqualelembo78/huntix-poi/main/italia/emilia-romagna/venezia/pages/al_teatro_goldoni_45.4364_12.3356.json,custom
45.434897,12.346875,osm_osteria_alla_rampa_45.4349_12.3469,Osteria alla Rampa,ristorante,ristorante,https://raw.githubusercontent.com/pasqualelembo78/huntix-poi/main/italia/emilia-romagna/venezia/pages/osteria_alla_rampa_45.4349_12.3469.json,custom
45.436042,12.325060,osm_estro___vino_e_cucina_45.4360_12.3251,Estro - Vino e Cucina,ristorante,ristorante,https://raw.githubusercontent.com/pasqualelembo78/huntix-poi/main/italia/emilia-romagna/venezia/pages/estro_-_vino_e_cucina_45.4360_12.3251.json,custom
45.434396,12.326088,osm_venice_eat_45.4344_12.3261,Venice Eat,ristorante,ristorante,https://raw.githubusercontent.com/pasqualelembo78/huntix-poi/main/italia/emilia-romagna/venezia/pages/venice_eat_45.4344_12.3261.json,custom
45.484644,12.418452,osm_vecio_45.4846_12.4185,Vecio,ristorante,ristorante,https://raw.githubusercontent.com/pasqualelembo78/huntix-poi/main/italia/emilia-romagna/venezia/pages/vecio_45.4846_12.4185.json,custom
45.437287,12.336996,osm_trattoria_da_mamo_45.4373_12.3370,Trattoria Da Mamo,ristorante,ristorante,https://raw.githubusercontent.com/pasqualelembo78/huntix-poi/main/italia/emilia-romagna/venezia/pages/trattoria_da_mamo_45.4373_12.3370.json,custom
45.432283,12.353865,osm_nevodi_pizzalab_nevodi_45.4323_12.3539,Nevodi Pizzalab;Nevodi,ristorante,ristorante,https://raw.githubusercontent.com/pasqualelembo78/huntix-poi/main/italia/emilia-romagna/venezia/pages/nevodi_pizzalabnevodi_45.4323_12.3539.json,custom
45.436193,12.339795,osm_dal_moro_s___fresh_pasta_to_go_45.4362_12.3398,Dal Moro's - Fresh Pasta To Go,ristorante,ristorante,https://raw.githubusercontent.com/pasqualelembo78/huntix-poi/main/italia/emilia-romagna/venezia/pages/dal_moros_-_fresh_pasta_to_go_45.4362_12.3398.json,custom
45.441464,12.322492,osm_ristorante_ai_scalzi_45.4415_12.3225,Ristorante Ai Scalzi,ristorante,ristorante,https://raw.githubusercontent.com/pasqualelembo78/huntix-poi/main/italia/emilia-romagna/venezia/pages/ristorante_ai_scalzi_45.4415_12.3225.json,custom
45.441641,12.333118,osm_la_cantina_45.4416_12.3331,La Cantina,ristorante,ristorante,https://raw.githubusercontent.com/pasqualelembo78/huntix-poi/main/italia/emilia-romagna/venezia/pages/la_cantina_45.4416_12.3331.json,custom
45.443553,12.330072,osm_ristorante_pizzeria_serenissima_45.4436_12.3301,Ristorante Pizzeria Serenissima,ristorante,ristorante,https://raw.githubusercontent.com/pasqualelembo78/huntix-poi/main/italia/emilia-romagna/venezia/pages/ristorante_pizzeria_serenissima_45.4436_12.3301.json,custom
45.439784,12.324839,osm_ai_garzotti_45.4398_12.3248,Ai Garzotti,ristorante,ristorante,https://raw.githubusercontent.com/pasqualelembo78/huntix-poi/main/italia/emilia-romagna/venezia/pages/ai_garzotti_45.4398_12.3248.json,custom
45.435541,12.339415,osm_ristorante_antico_pignolo_45.4355_12.3394,Ristorante Antico Pignolo,ristorante,ristorante,https://raw.githubusercontent.com/pasqualelembo78/huntix-poi/main/italia/emilia-romagna/venezia/pages/ristorante_antico_pignolo_45.4355_12.3394.json,custom
45.423670,12.329004,osm_al_storico_da_crea_45.4237_12.3290,Al Storico da Crea,ristorante,ristorante,https://raw.githubusercontent.com/pasqualelembo78/huntix-poi/main/italia/emilia-romagna/venezia/pages/al_storico_da_crea_45.4237_12.3290.json,custom
45.438536,12.321487,osm_atled_meat_lab_45.4385_12.3215,Atled Meat Lab,ristorante,ristorante,https://raw.githubusercontent.com/pasqualelembo78/huntix-poi/main/italia/emilia-romagna/venezia/pages/atled_meat_lab_45.4385_12.3215.json,custom
45.436939,12.334902,osm_ristorante_al_carbon_45.4369_12.3349,Ristorante Al Carbon,ristorante,ristorante,https://raw.githubusercontent.com/pasqualelembo78/huntix-poi/main/italia/emilia-romagna/venezia/pages/ristorante_al_carbon_45.4369_12.3349.json,custom
45.435020,12.347629,osm_bacarandino_45.4350_12.3476,Bacarandino,ristorante,ristorante,https://raw.githubusercontent.com/pasqualelembo78/huntix-poi/main/italia/emilia-romagna/venezia/pages/bacarandino_45.4350_12.3476.json,custom
45.440616,12.326292,osm_trattoria_antica_besseta_45.4406_12.3263,Trattoria Antica Besseta,ristorante,ristorante,https://raw.githubusercontent.com/pasqualelembo78/huntix-poi/main/italia/emilia-romagna/venezia/pages/trattoria_antica_besseta_45.4406_12.3263.json,custom
45.440611,12.322524,osm_santa_croce_45.4406_12.3225,Santa Croce,ristorante,ristorante,https://raw.githubusercontent.com/pasqualelembo78/huntix-poi/main/italia/emilia-romagna/venezia/pages/santa_croce_45.4406_12.3225.json,custom
45.438383,12.321582,osm_ristorante_c__leon_45.4384_12.3216,Ristorante Cà Leon,ristorante,ristorante,https://raw.githubusercontent.com/pasqualelembo78/huntix-poi/main/italia/emilia-romagna/venezia/pages/ristorante_c_leon_45.4384_12.3216.json,custom
45.435418,12.340020,osm_rossopomodoro_45.4354_12.3400,Rossopomodoro,ristorante,ristorante,https://raw.githubusercontent.com/pasqualelembo78/huntix-poi/main/italia/emilia-romagna/venezia/pages/rossopomodoro_45.4354_12.3400.json,custom
45.439985,12.331379,osm_ristorante_regina_sconta_45.4400_12.3314,Ristorante Regina Sconta,ristorante,ristorante,https://raw.githubusercontent.com/pasqualelembo78/huntix-poi/main/italia/emilia-romagna/venezia/pages/ristorante_regina_sconta_45.4400_12.3314.json,custom
45.443602,12.326998,osm_frito_inn_45.4436_12.3270,Frito Inn,ristorante,ristorante,https://raw.githubusercontent.com/pasqualelembo78/huntix-poi/main/italia/emilia-romagna/venezia/pages/frito_inn_45.4436_12.3270.json,custom
45.443666,12.327013,osm_l_angolo_della_pizza_45.4437_12.3270,L'angolo della pizza,ristorante,ristorante,https://raw.githubusercontent.com/pasqualelembo78/huntix-poi/main/italia/emilia-romagna/venezia/pages/langolo_della_pizza_45.4437_12.3270.json,custom
45.443770,12.326534,osm_pizzeria_al_gazebo_45.4438_12.3265,Pizzeria al gazebo,ristorante,ristorante,https://raw.githubusercontent.com/pasqualelembo78/huntix-poi/main/italia/emilia-romagna/venezia/pages/pizzeria_al_gazebo_45.4438_12.3265.json,custom
45.443630,12.326228,osm_cicchetteria_da_luca_e_fred_45.4436_12.3262,Cicchetteria da Luca e Fred,ristorante,ristorante,https://raw.githubusercontent.com/pasqualelembo78/huntix-poi/main/italia/emilia-romagna/venezia/pages/cicchetteria_da_luca_e_fred_45.4436_12.3262.json,custom
45.443598,12.325910,osm_el_picenin_della_palazzina_45.4436_12.3259,El Picenin della Palazzina,ristorante,ristorante,https://raw.githubusercontent.com/pasqualelembo78/huntix-poi/main/italia/emilia-romagna/venezia/pages/el_picenin_della_palazzina_45.4436_12.3259.json,custom
45.443636,12.326324,osm_trattoria_da_michele_45.4436_12.3263,Trattoria da Michele,ristorante,ristorante,https://raw.githubusercontent.com/pasqualelembo78/huntix-poi/main/italia/emilia-romagna/venezia/pages/trattoria_da_michele_45.4436_12.3263.json,custom
45.444769,12.323702,osm_l_osteria_le_guglie_45.4448_12.3237,L'Osteria Le Guglie,ristorante,ristorante,https://raw.githubusercontent.com/pasqualelembo78/huntix-poi/main/italia/emilia-romagna/venezia/pages/losteria_le_guglie_45.4448_12.3237.json,custom
45.442161,12.323373,osm_gino_s_pasta_e_pizza_45.4422_12.3234,Gino's Pasta e Pizza,ristorante,ristorante,https://raw.githubusercontent.com/pasqualelembo78/huntix-poi/main/italia/emilia-romagna/venezia/pages/ginos_pasta_e_pizza_45.4422_12.3234.json,custom
45.442643,12.324189,osm_la_lista_bistro_45.4426_12.3242,La Lista Bistro,ristorante,ristorante,https://raw.githubusercontent.com/pasqualelembo78/huntix-poi/main/italia/emilia-romagna/venezia/pages/la_lista_bistro_45.4426_12.3242.json,custom
45.443263,12.324748,osm_ristorante_al_brindisi_45.4433_12.3247,Ristorante Al Brindisi,ristorante,ristorante,https://raw.githubusercontent.com/pasqualelembo78/huntix-poi/main/italia/emilia-romagna/venezia/pages/ristorante_al_brindisi_45.4433_12.3247.json,custom
45.442254,12.323529,osm_ristorante_all_aquila_pizzeria_45.4423_12.3235,Ristorante All'Aquila Pizzeria,ristorante,ristorante,https://raw.githubusercontent.com/pasqualelembo78/huntix-poi/main/italia/emilia-romagna/venezia/pages/ristorante_allaquila_pizzeria_45.4423_12.3235.json,custom
45.442748,12.324372,osm_ristorante_pizzeria_da_giorgio_45.4427_12.3244,Ristorante Pizzeria Da Giorgio,ristorante,ristorante,https://raw.githubusercontent.com/pasqualelembo78/huntix-poi/main/italia/emilia-romagna/venezia/pages/ristorante_pizzeria_da_giorgio_45.4427_12.3244.json,custom
45.443387,12.324885,osm_trattoria_vittoria_45.4434_12.3249,Trattoria Vittoria,ristorante,ristorante,https://raw.githubusercontent.com/pasqualelembo78/huntix-poi/main/italia/emilia-romagna/venezia/pages/trattoria_vittoria_45.4434_12.3249.json,custom
45.440781,12.323024,osm_vittoria_45.4408_12.3230,Vittoria,ristorante,ristorante,https://raw.githubusercontent.com/pasqualelembo78/huntix-poi/main/italia/emilia-romagna/venezia/pages/vittoria_45.4408_12.3230.json,custom
45.433495,12.339314,osm_gran_caff__chioggia_45.4335_12.3393,Gran Caffè Chioggia,ristorante,ristorante,https://raw.githubusercontent.com/pasqualelembo78/huntix-poi/main/italia/emilia-romagna/venezia/pages/gran_caff_chioggia_45.4335_12.3393.json,custom
45.441973,12.334267,osm_osteria_antica_adelaide_45.4420_12.3343,Osteria Antica Adelaide,ristorante,ristorante,https://raw.githubusercontent.com/pasqualelembo78/huntix-poi/main/italia/emilia-romagna/venezia/pages/osteria_antica_adelaide_45.4420_12.3343.json,custom
45.485581,12.414986,osm_su_e_zo_45.4856_12.4150,Su e Zo,ristorante,ristorante,https://raw.githubusercontent.com/pasqualelembo78/huntix-poi/main/italia/emilia-romagna/venezia/pages/su_e_zo_45.4856_12.4150.json,custom
45.426427,12.326183,osm_majer_giudecca_45.4264_12.3262,Majer Giudecca,ristorante,ristorante,https://raw.githubusercontent.com/pasqualelembo78/huntix-poi/main/italia/emilia-romagna/venezia/pages/majer_giudecca_45.4264_12.3262.json,custom
45.441220,12.337240,osm_pizzeria_la_perla_45.4412_12.3372,Pizzeria La Perla,ristorante,ristorante,https://raw.githubusercontent.com/pasqualelembo78/huntix-poi/main/italia/emilia-romagna/venezia/pages/pizzeria_la_perla_45.4412_12.3372.json,custom
45.432367,12.355267,osm_hostaria_all_ombra_45.4324_12.3553,Hostaria All'Ombra,ristorante,ristorante,https://raw.githubusercontent.com/pasqualelembo78/huntix-poi/main/italia/emilia-romagna/venezia/pages/hostaria_allombra_45.4324_12.3553.json,custom
45.437643,12.341771,osm_zui_ramen_45.4376_12.3418,Zui ramen,ristorante,ristorante,https://raw.githubusercontent.com/pasqualelembo78/huntix-poi/main/italia/emilia-romagna/venezia/pages/zui_ramen_45.4376_12.3418.json,custom
45.441372,12.334552,osm_c__d_oro_alla_vedova_45.4414_12.3346,Cà D'Oro alla Vedova,ristorante,ristorante,https://raw.githubusercontent.com/pasqualelembo78/huntix-poi/main/italia/emilia-romagna/venezia/pages/c_doro_alla_vedova_45.4414_12.3346.json,custom
45.432023,12.351948,osm_osteria_da_giulio_45.4320_12.3519,Osteria da Giulio,ristorante,ristorante,https://raw.githubusercontent.com/pasqualelembo78/huntix-poi/main/italia/emilia-romagna/venezia/pages/osteria_da_giulio_45.4320_12.3519.json,custom
45.438697,12.342715,osm_osteria_ai_do_archi_45.4387_12.3427,Osteria Ai do Archi,ristorante,ristorante,https://raw.githubusercontent.com/pasqualelembo78/huntix-poi/main/italia/emilia-romagna/venezia/pages/osteria_ai_do_archi_45.4387_12.3427.json,custom
45.439805,12.340745,osm_fusion_puppa_45.4398_12.3407,Fusion Puppa,ristorante,ristorante,https://raw.githubusercontent.com/pasqualelembo78/huntix-poi/main/italia/emilia-romagna/venezia/pages/fusion_puppa_45.4398_12.3407.json,custom
45.437272,12.339240,osm_crazy_pizza_45.4373_12.3392,Crazy Pizza,ristorante,ristorante,https://raw.githubusercontent.com/pasqualelembo78/huntix-poi/main/italia/emilia-romagna/venezia/pages/crazy_pizza_45.4373_12.3392.json,custom
45.436046,12.338925,osm_ristorante_al_mercante_45.4360_12.3389,Ristorante Al Mercante,ristorante,ristorante,https://raw.githubusercontent.com/pasqualelembo78/huntix-poi/main/italia/emilia-romagna/venezia/pages/ristorante_al_mercante_45.4360_12.3389.json,custom
45.435995,12.338835,osm_cavatappi_45.4360_12.3388,Cavatappi,ristorante,ristorante,https://raw.githubusercontent.com/pasqualelembo78/huntix-poi/main/italia/emilia-romagna/venezia/pages/cavatappi_45.4360_12.3388.json,custom
45.441835,12.323129,osm_ristorante_povoledo_45.4418_12.3231,Ristorante Povoledo,ristorante,ristorante,https://raw.githubusercontent.com/pasqualelembo78/huntix-poi/main/italia/emilia-romagna/venezia/pages/ristorante_povoledo_45.4418_12.3231.json,custom
45.445032,12.325898,osm_pizzeria_ristorante_al_faro_45.4450_12.3259,Pizzeria Ristorante al Faro,ristorante,ristorante,https://raw.githubusercontent.com/pasqualelembo78/huntix-poi/main/italia/emilia-romagna/venezia/pages/pizzeria_ristorante_al_faro_45.4450_12.3259.json,custom
45.434681,12.332721,osm_la_feluca_45.4347_12.3327,La Feluca,ristorante,ristorante,https://raw.githubusercontent.com/pasqualelembo78/huntix-poi/main/italia/emilia-romagna/venezia/pages/la_feluca_45.4347_12.3327.json,custom
45.442436,12.324073,osm_orient_express_45.4424_12.3241,Orient Express,ristorante,ristorante,https://raw.githubusercontent.com/pasqualelembo78/huntix-poi/main/italia/emilia-romagna/venezia/pages/orient_express_45.4424_12.3241.json,custom
45.440463,12.323353,osm_marciana_45.4405_12.3234,Marciana,ristorante,ristorante,https://raw.githubusercontent.com/pasqualelembo78/huntix-poi/main/italia/emilia-romagna/venezia/pages/marciana_45.4405_12.3234.json,custom
45.443257,12.325098,osm_pedrocchi_45.4433_12.3251,Pedrocchi,ristorante,ristorante,https://raw.githubusercontent.com/pasqualelembo78/huntix-poi/main/italia/emilia-romagna/venezia/pages/pedrocchi_45.4433_12.3251.json,custom
45.436105,12.342719,osm_al_giardinetto_da_severino_45.4361_12.3427,Al Giardinetto da Severino,ristorante,ristorante,https://raw.githubusercontent.com/pasqualelembo78/huntix-poi/main/italia/emilia-romagna/venezia/pages/al_giardinetto_da_severino_45.4361_12.3427.json,custom
45.442365,12.332253,osm_fried_land_45.4424_12.3323,Fried Land,ristorante,ristorante,https://raw.githubusercontent.com/pasqualelembo78/huntix-poi/main/italia/emilia-romagna/venezia/pages/fried_land_45.4424_12.3323.json,custom
45.435546,12.333566,osm_ten_45.4355_12.3336,Ten,ristorante,ristorante,https://raw.githubusercontent.com/pasqualelembo78/huntix-poi/main/italia/emilia-romagna/venezia/pages/ten_45.4355_12.3336.json,custom
45.444588,12.332064,osm_osteria_il_paradiso_perduto_45.4446_12.3321,Osteria Il Paradiso Perduto,ristorante,ristorante,https://raw.githubusercontent.com/pasqualelembo78/huntix-poi/main/italia/emilia-romagna/venezia/pages/osteria_il_paradiso_perduto_45.4446_12.3321.json,custom
45.434047,12.343054,osm_cafe_internazionale_45.4340_12.3431,Cafe Internazionale,ristorante,ristorante,https://raw.githubusercontent.com/pasqualelembo78/huntix-poi/main/italia/emilia-romagna/venezia/pages/cafe_internazionale_45.4340_12.3431.json,custom
45.434057,12.343277,osm_ristorante_do_leoni_45.4341_12.3433,Ristorante Do Leoni,ristorante,ristorante,https://raw.githubusercontent.com/pasqualelembo78/huntix-poi/main/italia/emilia-romagna/venezia/pages/ristorante_do_leoni_45.4341_12.3433.json,custom
45.438672,12.343529,osm_pizzeria_peter_pan_45.4387_12.3435,Pizzeria peter pan,ristorante,ristorante,https://raw.githubusercontent.com/pasqualelembo78/huntix-poi/main/italia/emilia-romagna/venezia/pages/pizzeria_peter_pan_45.4387_12.3435.json,custom
45.439036,12.341191,osm_caff__al_cavallo_45.4390_12.3412,Caffè Al Cavallo,ristorante,ristorante,https://raw.githubusercontent.com/pasqualelembo78/huntix-poi/main/italia/emilia-romagna/venezia/pages/caff_al_cavallo_45.4390_12.3412.json,custom
45.437991,12.337407,osm_ristorante_pizzeria_corte_dell_orso_45.4380_12.3374,Ristorante Pizzeria Corte dell'Orso,ristorante,ristorante,https://raw.githubusercontent.com/pasqualelembo78/huntix-poi/main/italia/emilia-romagna/venezia/pages/ristorante_pizzeria_corte_dellorso_45.4380_12.3374.json,custom
45.437714,12.337681,osm_wok_45.4377_12.3377,WOK,ristorante,ristorante,https://raw.githubusercontent.com/pasqualelembo78/huntix-poi/main/italia/emilia-romagna/venezia/pages/wok_45.4377_12.3377.json,custom
45.438016,12.336368,osm_antico_caff__ristorante_al_buso_45.4380_12.3364,Antico Caffè Ristorante Al Buso,ristorante,ristorante,https://raw.githubusercontent.com/pasqualelembo78/huntix-poi/main/italia/emilia-romagna/venezia/pages/antico_caff_ristorante_al_buso_45.4380_12.3364.json,custom
45.437185,12.337257,osm_ristorante_mario_alla_fava_45.4372_12.3373,Ristorante Mario alla Fava,ristorante,ristorante,https://raw.githubusercontent.com/pasqualelembo78/huntix-poi/main/italia/emilia-romagna/venezia/pages/ristorante_mario_alla_fava_45.4372_12.3373.json,custom
45.435278,12.339649,osm_ristorante_beppino_45.4353_12.3396,Ristorante Beppino,ristorante,ristorante,https://raw.githubusercontent.com/pasqualelembo78/huntix-poi/main/italia/emilia-romagna/venezia/pages/ristorante_beppino_45.4353_12.3396.json,custom
45.435009,12.338886,osm_leone_d_oro_45.4350_12.3389,Leone D'Oro,ristorante,ristorante,https://raw.githubusercontent.com/pasqualelembo78/huntix-poi/main/italia/emilia-romagna/venezia/pages/leone_doro_45.4350_12.3389.json,custom
45.435088,12.339694,osm_ristorante_falciani_45.4351_12.3397,Ristorante Falciani,ristorante,ristorante,https://raw.githubusercontent.com/pasqualelembo78/huntix-poi/main/italia/emilia-romagna/venezia/pages/ristorante_falciani_45.4351_12.3397.json,custom
45.444819,12.328978,osm_orient_experience_1_45.4448_12.3290,Orient Experience 1,ristorante,ristorante,https://raw.githubusercontent.com/pasqualelembo78/huntix-poi/main/italia/emilia-romagna/venezia/pages/orient_experience_1_45.4448_12.3290.json,custom
45.440484,12.335941,osm_zikiya_45.4405_12.3359,Zikiya,ristorante,ristorante,https://raw.githubusercontent.com/pasqualelembo78/huntix-poi/main/italia/emilia-romagna/venezia/pages/zikiya_45.4405_12.3359.json,custom
45.438492,12.333998,osm_osteria_all_antico_dolo_45.4385_12.3340,Osteria all'Antico Dolo,ristorante,ristorante,https://raw.githubusercontent.com/pasqualelembo78/huntix-poi/main/italia/emilia-romagna/venezia/pages/osteria_allantico_dolo_45.4385_12.3340.json,custom
45.442825,12.332040,osm_pizza_kebab_45.4428_12.3320,Pizza Kebab,ristorante,ristorante,https://raw.githubusercontent.com/pasqualelembo78/huntix-poi/main/italia/emilia-romagna/venezia/pages/pizza_kebab_45.4428_12.3320.json,custom
45.438557,12.328478,osm_il_due_colonne_45.4386_12.3285,Il Due Colonne,ristorante,ristorante,https://raw.githubusercontent.com/pasqualelembo78/huntix-poi/main/italia/emilia-romagna/venezia/pages/il_due_colonne_45.4386_12.3285.json,custom
45.436823,12.338926,osm_cantina_canaletto_45.4368_12.3389,Cantina Canaletto,ristorante,ristorante,https://raw.githubusercontent.com/pasqualelembo78/huntix-poi/main/italia/emilia-romagna/venezia/pages/cantina_canaletto_45.4368_12.3389.json,custom
45.437326,12.331314,osm_acqua_e_mais_45.4373_12.3313,Acqua e mais,ristorante,ristorante,https://raw.githubusercontent.com/pasqualelembo78/huntix-poi/main/italia/emilia-romagna/venezia/pages/acqua_e_mais_45.4373_12.3313.json,custom
45.436124,12.323866,osm_la_lanterna_da_gas_45.4361_12.3239,La Lanterna da Gas,ristorante,ristorante,https://raw.githubusercontent.com/pasqualelembo78/huntix-poi/main/italia/emilia-romagna/venezia/pages/la_lanterna_da_gas_45.4361_12.3239.json,custom
45.438460,12.334271,osm_osteria_al_diavolo_e_l_acquasanta_45.4385_12.3343,Osteria al Diavolo e l'Acquasanta,ristorante,ristorante,https://raw.githubusercontent.com/pasqualelembo78/huntix-poi/main/italia/emilia-romagna/venezia/pages/osteria_al_diavolo_e_lacquasanta_45.4385_12.3343.json,custom
45.438283,12.334091,osm_ristorante_pizzeria_al_gobbo_di_rialto_45.4383_12.3341,Ristorante Pizzeria Al Gobbo di Rialto,ristorante,ristorante,https://raw.githubusercontent.com/pasqualelembo78/huntix-poi/main/italia/emilia-romagna/venezia/pages/ristorante_pizzeria_al_gobbo_di_rialto_45.4383_12.3341.json,custom
45.438940,12.333772,osm_osteria_ai_storti_45.4389_12.3338,Osteria ai Storti,ristorante,ristorante,https://raw.githubusercontent.com/pasqualelembo78/huntix-poi/main/italia/emilia-romagna/venezia/pages/osteria_ai_storti_45.4389_12.3338.json,custom
45.439724,12.337066,osm_ristorante_da_rimo_45.4397_12.3371,Ristorante da Rimo,ristorante,ristorante,https://raw.githubusercontent.com/pasqualelembo78/huntix-poi/main/italia/emilia-romagna/venezia/pages/ristorante_da_rimo_45.4397_12.3371.json,custom
45.438900,12.325871,osm_osteria_ae_saracche_45.4389_12.3259,Osteria Ae Saracche,ristorante,ristorante,https://raw.githubusercontent.com/pasqualelembo78/huntix-poi/main/italia/emilia-romagna/venezia/pages/osteria_ae_saracche_45.4389_12.3259.json,custom
45.440668,12.336491,osm_trattoria_da_bepi_gia_54_45.4407_12.3365,Trattoria da Bepi Gia 54,ristorante,ristorante,https://raw.githubusercontent.com/pasqualelembo78/huntix-poi/main/italia/emilia-romagna/venezia/pages/trattoria_da_bepi_gia_54_45.4407_12.3365.json,custom
45.432309,12.354360,osm_il_nouvo_galeon_45.4323_12.3544,il Nouvo Galeon,ristorante,ristorante,https://raw.githubusercontent.com/pasqualelembo78/huntix-poi/main/italia/emilia-romagna/venezia/pages/il_nouvo_galeon_45.4323_12.3544.json,custom
45.434033,12.345253,osm_orientalbar___bistrot_45.4340_12.3453,Orientalbar & Bistrot,ristorante,ristorante,https://raw.githubusercontent.com/pasqualelembo78/huntix-poi/main/italia/emilia-romagna/venezia/pages/orientalbar_bistrot_45.4340_12.3453.json,custom
45.441743,12.321124,osm_rossopomodoro_45.4417_12.3211,Rossopomodoro,ristorante,ristorante,https://raw.githubusercontent.com/pasqualelembo78/huntix-poi/main/italia/emilia-romagna/venezia/pages/rossopomodoro_45.4417_12.3211.json,custom
45.445475,12.328811,osm_pizza_da_zorma_45.4455_12.3288,Pizza Da Zorma,ristorante,ristorante,https://raw.githubusercontent.com/pasqualelembo78/huntix-poi/main/italia/emilia-romagna/venezia/pages/pizza_da_zorma_45.4455_12.3288.json,custom
45.426938,12.391999,osm_pachuka_disco_beach_45.4269_12.3920,Pachuka Disco Beach,ristorante,ristorante,https://raw.githubusercontent.com/pasqualelembo78/huntix-poi/main/italia/emilia-romagna/venezia/pages/pachuka_disco_beach_45.4269_12.3920.json,custom
45.439560,12.332823,osm_ai_botteri_45.4396_12.3328,Ai Botteri,ristorante,ristorante,https://raw.githubusercontent.com/pasqualelembo78/huntix-poi/main/italia/emilia-romagna/venezia/pages/ai_botteri_45.4396_12.3328.json,custom
45.443184,12.331687,osm_al_camin_storto__bacaro__45.4432_12.3317,Al Camin Storto (Bacaro),ristorante,ristorante,https://raw.githubusercontent.com/pasqualelembo78/huntix-poi/main/italia/emilia-romagna/venezia/pages/al_camin_storto_bacaro_45.4432_12.3317.json,custom
45.445536,12.321262,osm_very_good_45.4455_12.3213,Very Good,ristorante,ristorante,https://raw.githubusercontent.com/pasqualelembo78/huntix-poi/main/italia/emilia-romagna/venezia/pages/very_good_45.4455_12.3213.json,custom
45.426817,12.324462,osm_osteria_da_moro_45.4268_12.3245,Osteria da Moro,ristorante,ristorante,https://raw.githubusercontent.com/pasqualelembo78/huntix-poi/main/italia/emilia-romagna/venezia/pages/osteria_da_moro_45.4268_12.3245.json,custom
45.435824,12.326291,osm_al_vecio_forno_45.4358_12.3263,Al Vecio Forno,ristorante,ristorante,https://raw.githubusercontent.com/pasqualelembo78/huntix-poi/main/italia/emilia-romagna/venezia/pages/al_vecio_forno_45.4358_12.3263.json,custom
45.435547,12.336528,osm_bistrot_de_venise_45.4355_12.3365,Bistrot de Venise,ristorante,ristorante,https://raw.githubusercontent.com/pasqualelembo78/huntix-poi/main/italia/emilia-romagna/venezia/pages/bistrot_de_venise_45.4355_12.3365.json,custom
45.441045,12.334378,osm_rossopomodoro_45.4410_12.3344,Rossopomodoro,ristorante,ristorante,https://raw.githubusercontent.com/pasqualelembo78/huntix-poi/main/italia/emilia-romagna/venezia/pages/rossopomodoro_45.4410_12.3344.json,custom
45.441119,12.337511,osm_vecia_cavana_45.4411_12.3375,Vecia Cavana,ristorante,ristorante,https://raw.githubusercontent.com/pasqualelembo78/huntix-poi/main/italia/emilia-romagna/venezia/pages/vecia_cavana_45.4411_12.3375.json,custom
45.441249,12.333967,osm_spontini_45.4412_12.3340,Spontini,ristorante,ristorante,https://raw.githubusercontent.com/pasqualelembo78/huntix-poi/main/italia/emilia-romagna/venezia/pages/spontini_45.4412_12.3340.json,custom
45.429426,12.326819,osm_gianni_45.4294_12.3268,Gianni,ristorante,ristorante,https://raw.githubusercontent.com/pasqualelembo78/huntix-poi/main/italia/emilia-romagna/venezia/pages/gianni_45.4294_12.3268.json,custom
45.438887,12.337465,osm_osteria_il_milion_45.4389_12.3375,Osteria Il Milion,ristorante,ristorante,https://raw.githubusercontent.com/pasqualelembo78/huntix-poi/main/italia/emilia-romagna/venezia/pages/osteria_il_milion_45.4389_12.3375.json,custom
45.435523,12.326100,osm_trattoria_ca_foscari_al_canton_45.4355_12.3261,Trattoria Ca Foscari Al Canton,ristorante,ristorante,https://raw.githubusercontent.com/pasqualelembo78/huntix-poi/main/italia/emilia-romagna/venezia/pages/trattoria_ca_foscari_al_canton_45.4355_12.3261.json,custom
45.438294,12.333830,osm_osteria_ruga_rialto_45.4383_12.3338,Osteria Ruga Rialto,ristorante,ristorante,https://raw.githubusercontent.com/pasqualelembo78/huntix-poi/main/italia/emilia-romagna/venezia/pages/osteria_ruga_rialto_45.4383_12.3338.json,custom
45.485536,12.415084,osm_devil_pizza_take_away_45.4855_12.4151,Devil Pizza Take Away,ristorante,ristorante,https://raw.githubusercontent.com/pasqualelembo78/huntix-poi/main/italia/emilia-romagna/venezia/pages/devil_pizza_take_away_45.4855_12.4151.json,custom
45.443132,12.332257,osm_osteria_santa_fosca_45.4431_12.3323,Osteria Santa Fosca,ristorante,ristorante,https://raw.githubusercontent.com/pasqualelembo78/huntix-poi/main/italia/emilia-romagna/venezia/pages/osteria_santa_fosca_45.4431_12.3323.json,custom
45.440717,12.336104,osm_osteria_contemporanea_da_riccardo_45.4407_12.3361,Osteria contemporanea da Riccardo,ristorante,ristorante,https://raw.githubusercontent.com/pasqualelembo78/huntix-poi/main/italia/emilia-romagna/venezia/pages/osteria_contemporanea_da_riccardo_45.4407_12.3361.json,custom
45.482511,12.202359,osm_scuola_di_cucina_e_catering_peccati_di_g_45.4825_12.2024,Scuola Di Cucina E Catering Peccati Di Gola,ristorante,ristorante,https://raw.githubusercontent.com/pasqualelembo78/huntix-poi/main/italia/emilia-romagna/venezia/pages/scuola_di_cucina_e_catering_peccati_di_g_45.4825_12.2024.json,custom
45.434227,12.342832,osm_sestante_osteria_di_mare_45.4342_12.3428,Sestante Osteria di Mare,ristorante,ristorante,https://raw.githubusercontent.com/pasqualelembo78/huntix-poi/main/italia/emilia-romagna/venezia/pages/sestante_osteria_di_mare_45.4342_12.3428.json,custom
45.442791,12.340901,osm_il_caffegelato_45.4428_12.3409,il Caffegelato,ristorante,ristorante,https://raw.githubusercontent.com/pasqualelembo78/huntix-poi/main/italia/emilia-romagna/venezia/pages/il_caffegelato_45.4428_12.3409.json,custom
45.438372,12.333627,osm_casa_cappellari_45.4384_12.3336,Casa Cappellari,ristorante,ristorante,https://raw.githubusercontent.com/pasqualelembo78/huntix-poi/main/italia/emilia-romagna/venezia/pages/casa_cappellari_45.4384_12.3336.json,custom
45.438577,12.324349,osm_succede__la_vineria_45.4386_12.3243,Succede. La Vineria,ristorante,ristorante,https://raw.githubusercontent.com/pasqualelembo78/huntix-poi/main/italia/emilia-romagna/venezia/pages/succede_la_vineria_45.4386_12.3243.json,custom
45.434509,12.341755,osm_la_birreria_45.4345_12.3418,La Birreria,ristorante,ristorante,https://raw.githubusercontent.com/pasqualelembo78/huntix-poi/main/italia/emilia-romagna/venezia/pages/la_birreria_45.4345_12.3418.json,custom
45.438808,12.334172,osm_baccal__veneto_45.4388_12.3342,Baccalà Veneto,ristorante,ristorante,https://raw.githubusercontent.com/pasqualelembo78/huntix-poi/main/italia/emilia-romagna/venezia/pages/baccal_veneto_45.4388_12.3342.json,custom
45.427418,12.315528,osm_ai_campi_sportivi_45.4274_12.3155,Ai Campi Sportivi,ristorante,ristorante,https://raw.githubusercontent.com/pasqualelembo78/huntix-poi/main/italia/emilia-romagna/venezia/pages/ai_campi_sportivi_45.4274_12.3155.json,custom
45.476673,12.231191,osm_trattoria_belvedere_45.4767_12.2312,Trattoria Belvedere,ristorante,ristorante,https://raw.githubusercontent.com/pasqualelembo78/huntix-poi/main/italia/emilia-romagna/venezia/pages/trattoria_belvedere_45.4767_12.2312.json,custom
45.445410,12.329043,osm_officina_ormesini_45.4454_12.3290,Officina Ormesini,ristorante,ristorante,https://raw.githubusercontent.com/pasqualelembo78/huntix-poi/main/italia/emilia-romagna/venezia/pages/officina_ormesini_45.4454_12.3290.json,custom
45.440303,12.330133,osm_muro_san_stae_venezia_45.4403_12.3301,Muro san stae venezia,ristorante,ristorante,https://raw.githubusercontent.com/pasqualelembo78/huntix-poi/main/italia/emilia-romagna/venezia/pages/muro_san_stae_venezia_45.4403_12.3301.json,custom
45.434790,12.342881,osm_tratoria_zaccaria_45.4348_12.3429,Tratoria Zaccaria,ristorante,ristorante,https://raw.githubusercontent.com/pasqualelembo78/huntix-poi/main/italia/emilia-romagna/venezia/pages/tratoria_zaccaria_45.4348_12.3429.json,custom
45.432090,12.325722,osm_toletta_pizza_kebab_45.4321_12.3257,Toletta Pizza Kebab,ristorante,ristorante,https://raw.githubusercontent.com/pasqualelembo78/huntix-poi/main/italia/emilia-romagna/venezia/pages/toletta_pizza_kebab_45.4321_12.3257.json,custom
45.487657,12.250835,osm_bombay_spice_45.4877_12.2508,Bombay Spice,ristorante,ristorante,https://raw.githubusercontent.com/pasqualelembo78/huntix-poi/main/italia/emilia-romagna/venezia/pages/bombay_spice_45.4877_12.2508.json,custom
45.433880,12.325455,osm_osteria_ai_do_farai_45.4339_12.3255,Osteria Ai Do Farai,ristorante,ristorante,https://raw.githubusercontent.com/pasqualelembo78/huntix-poi/main/italia/emilia-romagna/venezia/pages/osteria_ai_do_farai_45.4339_12.3255.json,custom
45.438499,12.344999,osm_gibran_45.4385_12.3450,Gibran,ristorante,ristorante,https://raw.githubusercontent.com/pasqualelembo78/huntix-poi/main/italia/emilia-romagna/venezia/pages/gibran_45.4385_12.3450.json,custom
45.482144,12.235145,osm_sole_sapori_45.4821_12.2351,Sole Sapori,ristorante,ristorante,https://raw.githubusercontent.com/pasqualelembo78/huntix-poi/main/italia/emilia-romagna/venezia/pages/sole_sapori_45.4821_12.2351.json,custom
45.452358,12.350476,osm_art_caff____food__da_beppe__45.4524_12.3505,Art Caffè & Food (da Beppe),ristorante,ristorante,https://raw.githubusercontent.com/pasqualelembo78/huntix-poi/main/italia/emilia-romagna/venezia/pages/art_caff_food_da_beppe_45.4524_12.3505.json,custom
45.435141,12.335931,osm_ristorante_la_terrazza_45.4351_12.3359,Ristorante La Terrazza,ristorante,ristorante,https://raw.githubusercontent.com/pasqualelembo78/huntix-poi/main/italia/emilia-romagna/venezia/pages/ristorante_la_terrazza_45.4351_12.3359.json,custom
45.433930,12.332313,osm_ristorante_sant_angelo_45.4339_12.3323,Ristorante Sant’Angelo,ristorante,ristorante,https://raw.githubusercontent.com/pasqualelembo78/huntix-poi/main/italia/emilia-romagna/venezia/pages/ristorante_santangelo_45.4339_12.3323.json,custom
45.458341,12.212789,osm_kebhouze_45.4583_12.2128,Kebhouze,ristorante,ristorante,https://raw.githubusercontent.com/pasqualelembo78/huntix-poi/main/italia/emilia-romagna/venezia/pages/kebhouze_45.4583_12.2128.json,custom
45.445123,12.329078,osm_marcianino_l__osteria_45.4451_12.3291,Marcianino l’ Osteria,ristorante,ristorante,https://raw.githubusercontent.com/pasqualelembo78/huntix-poi/main/italia/emilia-romagna/venezia/pages/marcianino_l_osteria_45.4451_12.3291.json,custom
45.440919,12.334643,osm_la_tappa_45.4409_12.3346,La Tappa,ristorante,ristorante,https://raw.githubusercontent.com/pasqualelembo78/huntix-poi/main/italia/emilia-romagna/venezia/pages/la_tappa_45.4409_12.3346.json,custom
45.440444,12.336245,osm_sold__45.4404_12.3362,Soldà,ristorante,ristorante,https://raw.githubusercontent.com/pasqualelembo78/huntix-poi/main/italia/emilia-romagna/venezia/pages/sold_45.4404_12.3362.json,custom
45.443471,12.330410,osm_osteria_dei_sapori_45.4435_12.3304,Osteria dei sapori,ristorante,ristorante,https://raw.githubusercontent.com/pasqualelembo78/huntix-poi/main/italia/emilia-romagna/venezia/pages/osteria_dei_sapori_45.4435_12.3304.json,custom
45.440869,12.335362,osm_alla_bomba_45.4409_12.3354,Alla Bomba,ristorante,ristorante,https://raw.githubusercontent.com/pasqualelembo78/huntix-poi/main/italia/emilia-romagna/venezia/pages/alla_bomba_45.4409_12.3354.json,custom
45.435381,12.339382,osm_ristorante_centrale_45.4354_12.3394,Ristorante Centrale,ristorante,ristorante,https://raw.githubusercontent.com/pasqualelembo78/huntix-poi/main/italia/emilia-romagna/venezia/pages/ristorante_centrale_45.4354_12.3394.json,custom
45.440647,12.337096,osm_spicy_puppa_45.4406_12.3371,Spicy Puppa,ristorante,ristorante,https://raw.githubusercontent.com/pasqualelembo78/huntix-poi/main/italia/emilia-romagna/venezia/pages/spicy_puppa_45.4406_12.3371.json,custom
45.439025,12.337065,osm_snack_bar_tiziano_45.4390_12.3371,Snack Bar Tiziano,ristorante,ristorante,https://raw.githubusercontent.com/pasqualelembo78/huntix-poi/main/italia/emilia-romagna/venezia/pages/snack_bar_tiziano_45.4390_12.3371.json,custom
45.435204,12.339342,osm_ristorante_al_chianti_45.4352_12.3393,Ristorante Al Chianti,ristorante,ristorante,https://raw.githubusercontent.com/pasqualelembo78/huntix-poi/main/italia/emilia-romagna/venezia/pages/ristorante_al_chianti_45.4352_12.3393.json,custom
45.470835,12.224743,osm_da_marco_45.4708_12.2247,Da Marco,ristorante,ristorante,https://raw.githubusercontent.com/pasqualelembo78/huntix-poi/main/italia/emilia-romagna/venezia/pages/da_marco_45.4708_12.2247.json,custom
45.443367,12.331072,osm_ristorante_da_poggi_45.4434_12.3311,Ristorante da Poggi,ristorante,ristorante,https://raw.githubusercontent.com/pasqualelembo78/huntix-poi/main/italia/emilia-romagna/venezia/pages/ristorante_da_poggi_45.4434_12.3311.json,custom
45.432396,12.355582,osm_trattoria_alla_rampa_del_piave_45.4324_12.3556,Trattoria alla rampa del Piave,ristorante,ristorante,https://raw.githubusercontent.com/pasqualelembo78/huntix-poi/main/italia/emilia-romagna/venezia/pages/trattoria_alla_rampa_del_piave_45.4324_12.3556.json,custom
45.434376,12.338052,osm_ristorante_quadri_45.4344_12.3381,Ristorante Quadri,ristorante,ristorante,https://raw.githubusercontent.com/pasqualelembo78/huntix-poi/main/italia/emilia-romagna/venezia/pages/ristorante_quadri_45.4344_12.3381.json,custom
45.438869,12.334052,osm_bar_all_arco_45.4389_12.3341,Bar All'Arco,ristorante,ristorante,https://raw.githubusercontent.com/pasqualelembo78/huntix-poi/main/italia/emilia-romagna/venezia/pages/bar_allarco_45.4389_12.3341.json,custom
45.437713,12.334934,osm_ristorante_florida_venezia_45.4377_12.3349,Ristorante Florida Venezia,ristorante,ristorante,https://raw.githubusercontent.com/pasqualelembo78/huntix-poi/main/italia/emilia-romagna/venezia/pages/ristorante_florida_venezia_45.4377_12.3349.json,custom
45.445248,12.326601,osm_strazzaria_45.4452_12.3266,Strazzaria,ristorante,ristorante,https://raw.githubusercontent.com/pasqualelembo78/huntix-poi/main/italia/emilia-romagna/venezia/pages/strazzaria_45.4452_12.3266.json,custom
45.435974,12.335965,osm_ostaria_ai_fabbri_45.4360_12.3360,Ostaria ai Fabbri,ristorante,ristorante,https://raw.githubusercontent.com/pasqualelembo78/huntix-poi/main/italia/emilia-romagna/venezia/pages/ostaria_ai_fabbri_45.4360_12.3360.json,custom
45.435737,12.336095,osm_osteria_san_luca_45.4357_12.3361,Osteria San Luca,ristorante,ristorante,https://raw.githubusercontent.com/pasqualelembo78/huntix-poi/main/italia/emilia-romagna/venezia/pages/osteria_san_luca_45.4357_12.3361.json,custom
45.435676,12.336330,osm_pizzeria_pizzeria_nuova_valigia_45.4357_12.3363,Pizzeria Pizzeria Nuova Valigia,ristorante,ristorante,https://raw.githubusercontent.com/pasqualelembo78/huntix-poi/main/italia/emilia-romagna/venezia/pages/pizzeria_pizzeria_nuova_valigia_45.4357_12.3363.json,custom
45.443400,12.325080,osm_bar_laguna_45.4434_12.3251,Bar Laguna,ristorante,ristorante,https://raw.githubusercontent.com/pasqualelembo78/huntix-poi/main/italia/emilia-romagna/venezia/pages/bar_laguna_45.4434_12.3251.json,custom
45.459015,12.213232,osm_il_mediterraneo_45.4590_12.2132,Il Mediterraneo,ristorante,ristorante,https://raw.githubusercontent.com/pasqualelembo78/huntix-poi/main/italia/emilia-romagna/venezia/pages/il_mediterraneo_45.4590_12.2132.json,custom
45.458416,12.213703,osm_il_centro_45.4584_12.2137,Il Centro,ristorante,ristorante,https://raw.githubusercontent.com/pasqualelembo78/huntix-poi/main/italia/emilia-romagna/venezia/pages/il_centro_45.4584_12.2137.json,custom
45.433823,12.323764,osm_ristorante_dallo_zio_santa_margherita_45.4338_12.3238,Ristorante Dallo Zio Santa Margherita,ristorante,ristorante,https://raw.githubusercontent.com/pasqualelembo78/huntix-poi/main/italia/emilia-romagna/venezia/pages/ristorante_dallo_zio_santa_margherita_45.4338_12.3238.json,custom
45.435648,12.325097,osm_kanpei_45.4356_12.3251,Kanpei,ristorante,ristorante,https://raw.githubusercontent.com/pasqualelembo78/huntix-poi/main/italia/emilia-romagna/venezia/pages/kanpei_45.4356_12.3251.json,custom
45.438631,12.337015,osm_maison_de_la_crepe_45.4386_12.3370,Maison de la Crepe,ristorante,ristorante,https://raw.githubusercontent.com/pasqualelembo78/huntix-poi/main/italia/emilia-romagna/venezia/pages/maison_de_la_crepe_45.4386_12.3370.json,custom
45.439426,12.333289,osm_osteria_sora_al_ponte_45.4394_12.3333,Osteria Sora Al Ponte,ristorante,ristorante,https://raw.githubusercontent.com/pasqualelembo78/huntix-poi/main/italia/emilia-romagna/venezia/pages/osteria_sora_al_ponte_45.4394_12.3333.json,custom
45.437158,12.337671,osm_ristorante_alle_corone_45.4372_12.3377,Ristorante Alle Corone,ristorante,ristorante,https://raw.githubusercontent.com/pasqualelembo78/huntix-poi/main/italia/emilia-romagna/venezia/pages/ristorante_alle_corone_45.4372_12.3377.json,custom
45.440038,12.330552,osm_bacarretto_bistrot_il_siciliano_45.4400_12.3306,Bacarretto Bistrot Il Siciliano,ristorante,ristorante,https://raw.githubusercontent.com/pasqualelembo78/huntix-poi/main/italia/emilia-romagna/venezia/pages/bacarretto_bistrot_il_siciliano_45.4400_12.3306.json,custom
45.435039,12.339611,osm_ai_do_leoni_45.4350_12.3396,Ai Do Leoni,ristorante,ristorante,https://raw.githubusercontent.com/pasqualelembo78/huntix-poi/main/italia/emilia-romagna/venezia/pages/ai_do_leoni_45.4350_12.3396.json,custom
45.433865,12.342077,osm_terrazza_danieli_45.4339_12.3421,Terrazza Danieli,ristorante,ristorante,https://raw.githubusercontent.com/pasqualelembo78/huntix-poi/main/italia/emilia-romagna/venezia/pages/terrazza_danieli_45.4339_12.3421.json,custom
45.444179,12.328791,osm_ai_due_fratelli_45.4442_12.3288,Ai Due Fratelli,ristorante,ristorante,https://raw.githubusercontent.com/pasqualelembo78/huntix-poi/main/italia/emilia-romagna/venezia/pages/ai_due_fratelli_45.4442_12.3288.json,custom
45.445968,12.326971,osm_osteria_da_marco_45.4460_12.3270,Osteria da Marco,ristorante,ristorante,https://raw.githubusercontent.com/pasqualelembo78/huntix-poi/main/italia/emilia-romagna/venezia/pages/osteria_da_marco_45.4460_12.3270.json,custom
45.444009,12.329164,osm_al_cinema_italia_45.4440_12.3292,Al Cinema Italia,ristorante,ristorante,https://raw.githubusercontent.com/pasqualelembo78/huntix-poi/main/italia/emilia-romagna/venezia/pages/al_cinema_italia_45.4440_12.3292.json,custom
45.443578,12.325815,osm_trattoria_all_palazzina_45.4436_12.3258,Trattoria all Palazzina,ristorante,ristorante,https://raw.githubusercontent.com/pasqualelembo78/huntix-poi/main/italia/emilia-romagna/venezia/pages/trattoria_all_palazzina_45.4436_12.3258.json,custom
45.445183,12.322510,osm_bistrot_al_balcon_45.4452_12.3225,Bistrot al Balcon,ristorante,ristorante,https://raw.githubusercontent.com/pasqualelembo78/huntix-poi/main/italia/emilia-romagna/venezia/pages/bistrot_al_balcon_45.4452_12.3225.json,custom
45.432215,12.336563,osm_all_ombra_del_leone_45.4322_12.3366,All'Ombra del Leone,ristorante,ristorante,https://raw.githubusercontent.com/pasqualelembo78/huntix-poi/main/italia/emilia-romagna/venezia/pages/allombra_del_leone_45.4322_12.3366.json,custom
45.433812,12.334590,osm_hostaria_ai_coristi_45.4338_12.3346,Hostaria ai Coristi,ristorante,ristorante,https://raw.githubusercontent.com/pasqualelembo78/huntix-poi/main/italia/emilia-romagna/venezia/pages/hostaria_ai_coristi_45.4338_12.3346.json,custom
43.770762,11.249427,ov_florian_venezia_43.7708_11.2494,Florian Venezia,RESTAURANT,bar_cafe,https://raw.githubusercontent.com/pasqualelembo78/huntix-poi/main/italia/emilia-romagna/venezia/pages/florian_venezia_43.7708_11.2494.json,custom
45.316234,12.314463,ov_al_gatto_rosso_45.3162_12.3145,Al Gatto Rosso,RESTAURANT,bar_cafe,https://raw.githubusercontent.com/pasqualelembo78/huntix-poi/main/italia/emilia-romagna/venezia/pages/al_gatto_rosso_45.3162_12.3145.json,custom
45.333003,12.317254,ov_el_chiosco_45.3330_12.3173,El Chiosco,RESTAURANT,bar_cafe,https://raw.githubusercontent.com/pasqualelembo78/huntix-poi/main/italia/emilia-romagna/venezia/pages/el_chiosco_45.3330_12.3173.json,custom
45.349415,12.318695,ov_the_box_45.3494_12.3187,The Box,RESTAURANT,bar_cafe,https://raw.githubusercontent.com/pasqualelembo78/huntix-poi/main/italia/emilia-romagna/venezia/pages/the_box_45.3494_12.3187.json,custom
45.349342,12.318817,ov_bar_il_chiosco_alberoni_45.3493_12.3188,Bar il Chiosco Alberoni,RESTAURANT,bar_cafe,https://raw.githubusercontent.com/pasqualelembo78/huntix-poi/main/italia/emilia-romagna/venezia/pages/bar_il_chiosco_alberoni_45.3493_12.3188.json,custom
45.372190,12.337577,ov_lungolaguna_malamocco_45.3722_12.3376,Lungolaguna Malamocco,RESTAURANT,bar_cafe,https://raw.githubusercontent.com/pasqualelembo78/huntix-poi/main/italia/emilia-romagna/venezia/pages/lungolaguna_malamocco_45.3722_12.3376.json,custom
45.372450,12.337780,ov_ombrificio_45.3725_12.3378,Ombrificio,RESTAURANT,bar_cafe,https://raw.githubusercontent.com/pasqualelembo78/huntix-poi/main/italia/emilia-romagna/venezia/pages/ombrificio_45.3725_12.3378.json,custom
45.377993,12.344232,ov_smash_bar_restaurant_45.3780_12.3442,Smash Bar&Restaurant,RESTAURANT,bar_cafe,https://raw.githubusercontent.com/pasqualelembo78/huntix-poi/main/italia/emilia-romagna/venezia/pages/smash_barrestaurant_45.3780_12.3442.json,custom
45.283870,12.302640,ov_chiosco_al_forte_pellestrina_45.2839_12.3026,Chiosco al Forte Pellestrina,RESTAURANT,bar_cafe,https://raw.githubusercontent.com/pasqualelembo78/huntix-poi/main/italia/emilia-romagna/venezia/pages/chiosco_al_forte_pellestrina_45.2839_12.3026.json,custom
45.278071,12.301719,ov_campo_sportivo_don_olinto_marella_45.2781_12.3017,Campo Sportivo Don Olinto Marella,RESTAURANT,bar_cafe,https://raw.githubusercontent.com/pasqualelembo78/huntix-poi/main/italia/emilia-romagna/venezia/pages/campo_sportivo_don_olinto_marella_45.2781_12.3017.json,custom
45.266787,12.299950,ov_bar_il_siciliano_pellestrina_ve_45.2668_12.2999,Bar il Siciliano Pellestrina VE,RESTAURANT,bar_cafe,https://raw.githubusercontent.com/pasqualelembo78/huntix-poi/main/italia/emilia-romagna/venezia/pages/bar_il_siciliano_pellestrina_ve_45.2668_12.2999.json,custom
45.268892,12.300258,ov_bar_trattoria_laguna_45.2689_12.3003,Bar Trattoria Laguna,RESTAURANT,bar_cafe,https://raw.githubusercontent.com/pasqualelembo78/huntix-poi/main/italia/emilia-romagna/venezia/pages/bar_trattoria_laguna_45.2689_12.3003.json,custom
45.268924,12.300069,ov_bar_laguna_pellestrina_45.2689_12.3001,Bar Laguna Pellestrina,RESTAURANT,bar_cafe,https://raw.githubusercontent.com/pasqualelembo78/huntix-poi/main/italia/emilia-romagna/venezia/pages/bar_laguna_pellestrina_45.2689_12.3001.json,custom
45.383634,12.350051,ov_terre_perse_del_lido_45.3836_12.3501,Terre Perse del Lido,RESTAURANT,bar_cafe,https://raw.githubusercontent.com/pasqualelembo78/huntix-poi/main/italia/emilia-romagna/venezia/pages/terre_perse_del_lido_45.3836_12.3501.json,custom
45.389206,12.351086,ov_bar_la_fontaine_45.3892_12.3511,Bar La Fontaine,RESTAURANT,bar_cafe,https://raw.githubusercontent.com/pasqualelembo78/huntix-poi/main/italia/emilia-romagna/venezia/pages/bar_la_fontaine_45.3892_12.3511.json,custom
45.393350,12.354592,ov_enigma_pub_45.3933_12.3546,Enigma Pub,RESTAURANT,bar_cafe,https://raw.githubusercontent.com/pasqualelembo78/huntix-poi/main/italia/emilia-romagna/venezia/pages/enigma_pub_45.3933_12.3546.json,custom
45.401584,12.360935,ov_la_bottiglieria_di_jaccheo_linda_45.4016_12.3609,La Bottiglieria Di Jaccheo Linda,RESTAURANT,bar_cafe,https://raw.githubusercontent.com/pasqualelembo78/huntix-poi/main/italia/emilia-romagna/venezia/pages/la_bottiglieria_di_jaccheo_linda_45.4016_12.3609.json,custom
45.402967,12.362247,ov_pastry_caldara_andrea_45.4030_12.3622,Pastry Caldara Andrea,RESTAURANT,bar_cafe,https://raw.githubusercontent.com/pasqualelembo78/huntix-poi/main/italia/emilia-romagna/venezia/pages/pastry_caldara_andrea_45.4030_12.3622.json,custom
45.402970,12.365120,ov_tennis_club_venezia_pizzeria_ristorante__45.4030_12.3651,Tennis club venezia pizzeria ristorante da Gianni,RESTAURANT,bar_cafe,https://raw.githubusercontent.com/pasqualelembo78/huntix-poi/main/italia/emilia-romagna/venezia/pages/tennis_club_venezia_pizzeria_ristorante__45.4030_12.3651.json,custom
45.407828,12.370175,ov_cantinita_beach_45.4078_12.3702,Cantinita Beach,RESTAURANT,bar_cafe,https://raw.githubusercontent.com/pasqualelembo78/huntix-poi/main/italia/emilia-romagna/venezia/pages/cantinita_beach_45.4078_12.3702.json,custom
45.405702,12.364016,ov_chiosco_ai_soci_45.4057_12.3640,Chiosco ai soci,RESTAURANT,bar_cafe,https://raw.githubusercontent.com/pasqualelembo78/huntix-poi/main/italia/emilia-romagna/venezia/pages/chiosco_ai_soci_45.4057_12.3640.json,custom
45.405167,12.367054,ov_al_leone_d_oro_45.4052_12.3671,Al Leone D'Oro,RESTAURANT,bar_cafe,https://raw.githubusercontent.com/pasqualelembo78/huntix-poi/main/italia/emilia-romagna/venezia/pages/al_leone_doro_45.4052_12.3671.json,custom
45.416134,12.378509,ov_sunshine_beach_bar_45.4161_12.3785,Sunshine Beach Bar,RESTAURANT,bar_cafe,https://raw.githubusercontent.com/pasqualelembo78/huntix-poi/main/italia/emilia-romagna/venezia/pages/sunshine_beach_bar_45.4161_12.3785.json,custom
45.415880,12.378566,ov_l_americain_beach_bar_45.4159_12.3786,L'Americain beach bar,RESTAURANT,bar_cafe,https://raw.githubusercontent.com/pasqualelembo78/huntix-poi/main/italia/emilia-romagna/venezia/pages/lamericain_beach_bar_45.4159_12.3786.json,custom
45.415320,12.374480,ov_chiosco_gran_viale_45.4153_12.3745,Chiosco Gran Viale,RESTAURANT,bar_cafe,https://raw.githubusercontent.com/pasqualelembo78/huntix-poi/main/italia/emilia-romagna/venezia/pages/chiosco_gran_viale_45.4153_12.3745.json,custom
45.414391,12.377146,ov_terrazza_bluemoon_45.4144_12.3771,Terrazza bluemoon,RESTAURANT,bar_cafe,https://raw.githubusercontent.com/pasqualelembo78/huntix-poi/main/italia/emilia-romagna/venezia/pages/terrazza_bluemoon_45.4144_12.3771.json,custom
45.414307,12.377586,ov_blue_moon_45.4143_12.3776,Blue Moon,RESTAURANT,bar_cafe,https://raw.githubusercontent.com/pasqualelembo78/huntix-poi/main/italia/emilia-romagna/venezia/pages/blue_moon_45.4143_12.3776.json,custom
45.411237,12.373716,ov_reef_beach_bar_45.4112_12.3737,Reef Beach Bar,RESTAURANT,bar_cafe,https://raw.githubusercontent.com/pasqualelembo78/huntix-poi/main/italia/emilia-romagna/venezia/pages/reef_beach_bar_45.4112_12.3737.json,custom
45.411374,12.373214,ov_chiosco_sheridan_s_45.4114_12.3732,Chiosco Sheridan's,RESTAURANT,bar_cafe,https://raw.githubusercontent.com/pasqualelembo78/huntix-poi/main/italia/emilia-romagna/venezia/pages/chiosco_sheridans_45.4114_12.3732.json,custom
45.413120,12.370030,ov_nave_de_oro_45.4131_12.3700,Nave de oro,RESTAURANT,bar_cafe,https://raw.githubusercontent.com/pasqualelembo78/huntix-poi/main/italia/emilia-romagna/venezia/pages/nave_de_oro_45.4131_12.3700.json,custom
45.411637,12.334689,ov_sunset_bar_45.4116_12.3347,Sunset Bar,RESTAURANT,bar_cafe,https://raw.githubusercontent.com/pasqualelembo78/huntix-poi/main/italia/emilia-romagna/venezia/pages/sunset_bar_45.4116_12.3347.json,custom
45.412267,12.372016,ov_blue_moon_beach_bar_45.4123_12.3720,Blue Moon Beach Bar,RESTAURANT,bar_cafe,https://raw.githubusercontent.com/pasqualelembo78/huntix-poi/main/italia/emilia-romagna/venezia/pages/blue_moon_beach_bar_45.4123_12.3720.json,custom
45.411961,12.372319,ov_chiosco_malibu_45.4120_12.3723,Chiosco Malibu,RESTAURANT,bar_cafe,https://raw.githubusercontent.com/pasqualelembo78/huntix-poi/main/italia/emilia-romagna/venezia/pages/chiosco_malibu_45.4120_12.3723.json,custom
45.410831,12.366693,ov_bar_bepi_45.4108_12.3667,bar bepi,RESTAURANT,bar_cafe,https://raw.githubusercontent.com/pasqualelembo78/huntix-poi/main/italia/emilia-romagna/venezia/pages/bar_bepi_45.4108_12.3667.json,custom
45.415125,12.370206,ov_la_sferetta_srl_45.4151_12.3702,La Sferetta Srl,RESTAURANT,bar_cafe,https://raw.githubusercontent.com/pasqualelembo78/huntix-poi/main/italia/emilia-romagna/venezia/pages/la_sferetta_srl_45.4151_12.3702.json,custom
45.415754,12.370180,ov_bar9_45.4158_12.3702,Bar9,RESTAURANT,bar_cafe,https://raw.githubusercontent.com/pasqualelembo78/huntix-poi/main/italia/emilia-romagna/venezia/pages/bar9_45.4158_12.3702.json,custom
45.415884,12.370265,ov_cafes_do_brasil_45.4159_12.3703,Cafes do Brasil,RESTAURANT,bar_cafe,https://raw.githubusercontent.com/pasqualelembo78/huntix-poi/main/italia/emilia-romagna/venezia/pages/cafes_do_brasil_45.4159_12.3703.json,custom
45.415863,12.370179,ov_bar_lepanto_45.4159_12.3702,Bar Lepanto,RESTAURANT,bar_cafe,https://raw.githubusercontent.com/pasqualelembo78/huntix-poi/main/italia/emilia-romagna/venezia/pages/bar_lepanto_45.4159_12.3702.json,custom
45.416326,12.370544,ov_al_canton_del_gallo_pasticceria_bar_45.4163_12.3705,Al Canton del Gallo pasticceria bar,RESTAURANT,bar_cafe,https://raw.githubusercontent.com/pasqualelembo78/huntix-poi/main/italia/emilia-romagna/venezia/pages/al_canton_del_gallo_pasticceria_bar_45.4163_12.3705.json,custom
45.416521,12.370826,ov_bar_maleti_45.4165_12.3708,Bar Maleti,RESTAURANT,bar_cafe,https://raw.githubusercontent.com/pasqualelembo78/huntix-poi/main/italia/emilia-romagna/venezia/pages/bar_maleti_45.4165_12.3708.json,custom
45.416632,12.369365,ov_bounty_snack_bar_45.4166_12.3694,Bounty Snack Bar,RESTAURANT,bar_cafe,https://raw.githubusercontent.com/pasqualelembo78/huntix-poi/main/italia/emilia-romagna/venezia/pages/bounty_snack_bar_45.4166_12.3694.json,custom
45.416814,12.368802,ov_bar_l_incontro_45.4168_12.3688,Bar L'Incontro,RESTAURANT,bar_cafe,https://raw.githubusercontent.com/pasqualelembo78/huntix-poi/main/italia/emilia-romagna/venezia/pages/bar_lincontro_45.4168_12.3688.json,custom
45.416952,12.368320,ov_blue_drop_45.4170_12.3683,Blue Drop,RESTAURANT,bar_cafe,https://raw.githubusercontent.com/pasqualelembo78/huntix-poi/main/italia/emilia-romagna/venezia/pages/blue_drop_45.4170_12.3683.json,custom
45.416965,12.369096,ov_dolce_vita_45.4170_12.3691,Dolce Vita,RESTAURANT,bar_cafe,https://raw.githubusercontent.com/pasqualelembo78/huntix-poi/main/italia/emilia-romagna/venezia/pages/dolce_vita_45.4170_12.3691.json,custom
45.418481,12.258936,ov_fusina_45.4185_12.2589,Fusina,RESTAURANT,bar_cafe,https://raw.githubusercontent.com/pasqualelembo78/huntix-poi/main/italia/emilia-romagna/venezia/pages/fusina_45.4185_12.2589.json,custom
45.436126,12.206348,ov_il_bagigiogrill_45.4361_12.2063,Il BagigioGrill,RESTAURANT,bar_cafe,https://raw.githubusercontent.com/pasqualelembo78/huntix-poi/main/italia/emilia-romagna/venezia/pages/il_bagigiogrill_45.4361_12.2063.json,custom
45.436427,12.204632,ov_la_cantinella_di_chen_jianqing_45.4364_12.2046,La Cantinella di Chen Jianqing,RESTAURANT,bar_cafe,https://raw.githubusercontent.com/pasqualelembo78/huntix-poi/main/italia/emilia-romagna/venezia/pages/la_cantinella_di_chen_jianqing_45.4364_12.2046.json,custom
45.436148,12.320128,ov_majer_45.4361_12.3201,Majer,RESTAURANT,bar_cafe,https://raw.githubusercontent.com/pasqualelembo78/huntix-poi/main/italia/emilia-romagna/venezia/pages/majer_45.4361_12.3201.json,custom
45.436370,12.320081,ov_tango_bar_venezia_45.4364_12.3201,Tango Bar Venezia,RESTAURANT,bar_cafe,https://raw.githubusercontent.com/pasqualelembo78/huntix-poi/main/italia/emilia-romagna/venezia/pages/tango_bar_venezia_45.4364_12.3201.json,custom
45.436594,12.319962,ov_bar_da_mattia_45.4366_12.3200,Bar da Mattia,RESTAURANT,bar_cafe,https://raw.githubusercontent.com/pasqualelembo78/huntix-poi/main/italia/emilia-romagna/venezia/pages/bar_da_mattia_45.4366_12.3200.json,custom
45.436920,12.319590,ov_seltzbistrot_45.4369_12.3196,Seltzbistrot,RESTAURANT,bar_cafe,https://raw.githubusercontent.com/pasqualelembo78/huntix-poi/main/italia/emilia-romagna/venezia/pages/seltzbistrot_45.4369_12.3196.json,custom
45.437019,12.319218,ov_bar_due_ruote_45.4370_12.3192,Bar Due Ruote,RESTAURANT,bar_cafe,https://raw.githubusercontent.com/pasqualelembo78/huntix-poi/main/italia/emilia-romagna/venezia/pages/bar_due_ruote_45.4370_12.3192.json,custom
45.437021,12.320032,ov_caffetteria_3_ponti_45.4370_12.3200,Caffetteria 3 Ponti,RESTAURANT,bar_cafe,https://raw.githubusercontent.com/pasqualelembo78/huntix-poi/main/italia/emilia-romagna/venezia/pages/caffetteria_3_ponti_45.4370_12.3200.json,custom
45.437815,12.318323,ov_bar_le_coccinelle_45.4378_12.3183,Bar Le Coccinelle,RESTAURANT,bar_cafe,https://raw.githubusercontent.com/pasqualelembo78/huntix-poi/main/italia/emilia-romagna/venezia/pages/bar_le_coccinelle_45.4378_12.3183.json,custom
45.439428,12.318010,ov_caffe_di_venezia_45.4394_12.3180,Caffe Di Venezia,RESTAURANT,bar_cafe,https://raw.githubusercontent.com/pasqualelembo78/huntix-poi/main/italia/emilia-romagna/venezia/pages/caffe_di_venezia_45.4394_12.3180.json,custom
45.438784,12.318469,ov_filovia_45.4388_12.3185,Filovia,RESTAURANT,bar_cafe,https://raw.githubusercontent.com/pasqualelembo78/huntix-poi/main/italia/emilia-romagna/venezia/pages/filovia_45.4388_12.3185.json,custom
45.438823,12.318600,ov_motondoso_venezia_45.4388_12.3186,Motondoso venezia,RESTAURANT,bar_cafe,https://raw.githubusercontent.com/pasqualelembo78/huntix-poi/main/italia/emilia-romagna/venezia/pages/motondoso_venezia_45.4388_12.3186.json,custom
45.438339,12.318251,ov_bar_ristorante_autorimessa_45.4383_12.3183,Bar Ristorante Autorimessa,RESTAURANT,bar_cafe,https://raw.githubusercontent.com/pasqualelembo78/huntix-poi/main/italia/emilia-romagna/venezia/pages/bar_ristorante_autorimessa_45.4383_12.3183.json,custom
45.438151,12.319452,ov_koko_bar_45.4382_12.3195,Koko Bar,RESTAURANT,bar_cafe,https://raw.githubusercontent.com/pasqualelembo78/huntix-poi/main/italia/emilia-romagna/venezia/pages/koko_bar_45.4382_12.3195.json,custom
45.437945,12.317798,ov_pullman_bar_caffe_45.4379_12.3178,Pullman Bar Caffe,RESTAURANT,bar_cafe,https://raw.githubusercontent.com/pasqualelembo78/huntix-poi/main/italia/emilia-romagna/venezia/pages/pullman_bar_caffe_45.4379_12.3178.json,custom
45.437981,12.323448,ov_ai_do_scaini_45.4380_12.3234,Ai Do Scaini,RESTAURANT,bar_cafe,https://raw.githubusercontent.com/pasqualelembo78/huntix-poi/main/italia/emilia-romagna/venezia/pages/ai_do_scaini_45.4380_12.3234.json,custom
45.437927,12.322644,ov_tolentini_caf__45.4379_12.3226,Tolentini Cafè,RESTAURANT,bar_cafe,https://raw.githubusercontent.com/pasqualelembo78/huntix-poi/main/italia/emilia-romagna/venezia/pages/tolentini_caf_45.4379_12.3226.json,custom
45.438414,12.326408,ov_al_cafetier_45.4384_12.3264,Al Cafetier,RESTAURANT,bar_cafe,https://raw.githubusercontent.com/pasqualelembo78/huntix-poi/main/italia/emilia-romagna/venezia/pages/al_cafetier_45.4384_12.3264.json,custom
45.438210,12.326891,ov_brillo_parlante_45.4382_12.3269,Brillo Parlante,RESTAURANT,bar_cafe,https://raw.githubusercontent.com/pasqualelembo78/huntix-poi/main/italia/emilia-romagna/venezia/pages/brillo_parlante_45.4382_12.3269.json,custom
45.437999,12.327359,ov_bar_venetico_45.4380_12.3274,Bar Venetico,RESTAURANT,bar_cafe,https://raw.githubusercontent.com/pasqualelembo78/huntix-poi/main/italia/emilia-romagna/venezia/pages/bar_venetico_45.4380_12.3274.json,custom
45.438038,12.333143,ov_pasticceria_targa_45.4380_12.3331,Pasticceria Targa,RESTAURANT,bar_cafe,https://raw.githubusercontent.com/pasqualelembo78/huntix-poi/main/italia/emilia-romagna/venezia/pages/pasticceria_targa_45.4380_12.3331.json,custom
45.438132,12.337338,ov_i_rusteghi_45.4381_12.3373,I Rusteghi,RESTAURANT,bar_cafe,https://raw.githubusercontent.com/pasqualelembo78/huntix-poi/main/italia/emilia-romagna/venezia/pages/i_rusteghi_45.4381_12.3373.json,custom
45.438185,12.336981,ov_ba_ca_ro_45.4382_12.3370,Ba.Ca.Ro,RESTAURANT,bar_cafe,https://raw.githubusercontent.com/pasqualelembo78/huntix-poi/main/italia/emilia-romagna/venezia/pages/bacaro_45.4382_12.3370.json,custom
45.438355,12.345322,ov_caffe_libano_45.4384_12.3453,Caffe Libano,RESTAURANT,bar_cafe,https://raw.githubusercontent.com/pasqualelembo78/huntix-poi/main/italia/emilia-romagna/venezia/pages/caffe_libano_45.4384_12.3453.json,custom
45.438310,12.337096,ov_bacaro_jazz_45.4383_12.3371,Bacaro Jazz,RESTAURANT,bar_cafe,https://raw.githubusercontent.com/pasqualelembo78/huntix-poi/main/italia/emilia-romagna/venezia/pages/bacaro_jazz_45.4383_12.3371.json,custom
45.438306,12.334263,ov_caff__del_doge_45.4383_12.3343,Caffè del Doge,RESTAURANT,bar_cafe,https://raw.githubusercontent.com/pasqualelembo78/huntix-poi/main/italia/emilia-romagna/venezia/pages/caff_del_doge_45.4383_12.3343.json,custom
45.438420,12.334014,ov_caffetteria_goppion_45.4384_12.3340,Caffetteria Goppion,RESTAURANT,bar_cafe,https://raw.githubusercontent.com/pasqualelembo78/huntix-poi/main/italia/emilia-romagna/venezia/pages/caffetteria_goppion_45.4384_12.3340.json,custom
45.438477,12.334049,ov_enoteca_rialto_45.4385_12.3340,Enoteca Rialto,RESTAURANT,bar_cafe,https://raw.githubusercontent.com/pasqualelembo78/huntix-poi/main/italia/emilia-romagna/venezia/pages/enoteca_rialto_45.4385_12.3340.json,custom
45.438492,12.335149,ov_el_vin_del_paron_45.4385_12.3351,El vin del Paron,RESTAURANT,bar_cafe,https://raw.githubusercontent.com/pasqualelembo78/huntix-poi/main/italia/emilia-romagna/venezia/pages/el_vin_del_paron_45.4385_12.3351.json,custom
45.438691,12.335526,ov_caff__vergnano_45.4387_12.3355,Caffè Vergnano,RESTAURANT,bar_cafe,https://raw.githubusercontent.com/pasqualelembo78/huntix-poi/main/italia/emilia-romagna/venezia/pages/caff_vergnano_45.4387_12.3355.json,custom
45.438948,12.337098,ov_bacarino_45.4389_12.3371,Bacarino,RESTAURANT,bar_cafe,https://raw.githubusercontent.com/pasqualelembo78/huntix-poi/main/italia/emilia-romagna/venezia/pages/bacarino_45.4389_12.3371.json,custom
45.438829,12.335263,ov_ancora_venezia___ristorante_e_cocktail_b_45.4388_12.3353,Ancora Venezia - ristorante e cocktail bar live music,RESTAURANT,bar_cafe,https://raw.githubusercontent.com/pasqualelembo78/huntix-poi/main/italia/emilia-romagna/venezia/pages/ancora_venezia_-_ristorante_e_cocktail_b_45.4388_12.3353.json,custom
45.438995,12.333982,ov_cantina_do_mori_45.4390_12.3340,Cantina Do Mori,RESTAURANT,bar_cafe,https://raw.githubusercontent.com/pasqualelembo78/huntix-poi/main/italia/emilia-romagna/venezia/pages/cantina_do_mori_45.4390_12.3340.json,custom
45.438767,12.332821,ov_novecento_jazz_club_45.4388_12.3328,Novecento Jazz Club,RESTAURANT,bar_cafe,https://raw.githubusercontent.com/pasqualelembo78/huntix-poi/main/italia/emilia-romagna/venezia/pages/novecento_jazz_club_45.4388_12.3328.json,custom
45.438590,12.324321,ov_succede__la_vineria_45.4386_12.3243,Succede. La Vineria,RESTAURANT,bar_cafe,https://raw.githubusercontent.com/pasqualelembo78/huntix-poi/main/italia/emilia-romagna/venezia/pages/succede_la_vineria_45.4386_12.3243.json,custom
45.438958,12.323550,ov_cantina_da_fior_45.4390_12.3236,Cantina Da Fior,RESTAURANT,bar_cafe,https://raw.githubusercontent.com/pasqualelembo78/huntix-poi/main/italia/emilia-romagna/venezia/pages/cantina_da_fior_45.4390_12.3236.json,custom
45.439579,12.331708,ov_bar_san_cassian_45.4396_12.3317,Bar San Cassian,RESTAURANT,bar_cafe,https://raw.githubusercontent.com/pasqualelembo78/huntix-poi/main/italia/emilia-romagna/venezia/pages/bar_san_cassian_45.4396_12.3317.json,custom
45.439460,12.330091,ov_stappo_45.4395_12.3301,Stappo,RESTAURANT,bar_cafe,https://raw.githubusercontent.com/pasqualelembo78/huntix-poi/main/italia/emilia-romagna/venezia/pages/stappo_45.4395_12.3301.json,custom
45.439511,12.327795,ov_osteria_da_filo_45.4395_12.3278,Osteria da Filo,RESTAURANT,bar_cafe,https://raw.githubusercontent.com/pasqualelembo78/huntix-poi/main/italia/emilia-romagna/venezia/pages/osteria_da_filo_45.4395_12.3278.json,custom
45.439762,12.321694,ov_top_of_the_carlton_45.4398_12.3217,Top of the Carlton,RESTAURANT,bar_cafe,https://raw.githubusercontent.com/pasqualelembo78/huntix-poi/main/italia/emilia-romagna/venezia/pages/top_of_the_carlton_45.4398_12.3217.json,custom
45.440088,12.325404,ov_bar_rosa_45.4401_12.3254,Bar Rosa,RESTAURANT,bar_cafe,https://raw.githubusercontent.com/pasqualelembo78/huntix-poi/main/italia/emilia-romagna/venezia/pages/bar_rosa_45.4401_12.3254.json,custom
45.440010,12.325664,ov_al_canton_dei_artisti_45.4400_12.3257,Al Canton dei Artisti,RESTAURANT,bar_cafe,https://raw.githubusercontent.com/pasqualelembo78/huntix-poi/main/italia/emilia-romagna/venezia/pages/al_canton_dei_artisti_45.4400_12.3257.json,custom
45.440140,12.333387,ov_santa_cocktail_club___venezia_45.4401_12.3334,Santa Cocktail Club - Venezia,RESTAURANT,bar_cafe,https://raw.githubusercontent.com/pasqualelembo78/huntix-poi/main/italia/emilia-romagna/venezia/pages/santa_cocktail_club_-_venezia_45.4401_12.3334.json,custom
45.440070,12.332640,ov_sanbasiliocafe_45.4401_12.3326,SanBasiliocafe,RESTAURANT,bar_cafe,https://raw.githubusercontent.com/pasqualelembo78/huntix-poi/main/italia/emilia-romagna/venezia/pages/sanbasiliocafe_45.4401_12.3326.json,custom
45.439789,12.330462,ov_bar_45.4398_12.3305,Bar,RESTAURANT,bar_cafe,https://raw.githubusercontent.com/pasqualelembo78/huntix-poi/main/italia/emilia-romagna/venezia/pages/bar_45.4398_12.3305.json,custom
45.439760,12.327676,ov_ristorante_al_bagolo_sas_45.4398_12.3277,Ristorante al Bagolo Sas,RESTAURANT,bar_cafe,https://raw.githubusercontent.com/pasqualelembo78/huntix-poi/main/italia/emilia-romagna/venezia/pages/ristorante_al_bagolo_sas_45.4398_12.3277.json,custom
45.439757,12.327537,ov_venice___rialto___san_polo_45.4398_12.3275,Venice - Rialto - San Polo,RESTAURANT,bar_cafe,https://raw.githubusercontent.com/pasqualelembo78/huntix-poi/main/italia/emilia-romagna/venezia/pages/venice_-_rialto_-_san_polo_45.4398_12.3275.json,custom
45.439610,12.330600,ov_easy_bar__since_1937_45.4396_12.3306,Easy bar..since 1937,RESTAURANT,bar_cafe,https://raw.githubusercontent.com/pasqualelembo78/huntix-poi/main/italia/emilia-romagna/venezia/pages/easy_barsince_1937_45.4396_12.3306.json,custom
45.439737,12.337177,ov_san_giovanni_vini_e_cicchetti_45.4397_12.3372,San Giovanni Vini e Cicchetti,RESTAURANT,bar_cafe,https://raw.githubusercontent.com/pasqualelembo78/huntix-poi/main/italia/emilia-romagna/venezia/pages/san_giovanni_vini_e_cicchetti_45.4397_12.3372.json,custom
45.439841,12.338182,ov_zenevia_cafe_45.4398_12.3382,ZeneVia Cafe,RESTAURANT,bar_cafe,https://raw.githubusercontent.com/pasqualelembo78/huntix-poi/main/italia/emilia-romagna/venezia/pages/zenevia_cafe_45.4398_12.3382.json,custom
45.439856,12.337058,ov_bacaroo_amoenus_45.4399_12.3371,Bacaroo Amoenus,RESTAURANT,bar_cafe,https://raw.githubusercontent.com/pasqualelembo78/huntix-poi/main/italia/emilia-romagna/venezia/pages/bacaroo_amoenus_45.4399_12.3371.json,custom
45.439980,12.338679,ov_enoteca_cibo_e_vino_venezia_45.4400_12.3387,Enoteca Cibo E Vino Venezia,RESTAURANT,bar_cafe,https://raw.githubusercontent.com/pasqualelembo78/huntix-poi/main/italia/emilia-romagna/venezia/pages/enoteca_cibo_e_vino_venezia_45.4400_12.3387.json,custom
45.439659,12.340763,ov_caranto___wine_bar_45.4397_12.3408,CARANTO | Wine bar,RESTAURANT,bar_cafe,https://raw.githubusercontent.com/pasqualelembo78/huntix-poi/main/italia/emilia-romagna/venezia/pages/caranto_wine_bar_45.4397_12.3408.json,custom
45.439616,12.340759,ov_marmi_s_caf__45.4396_12.3408,MarMi's Cafè,RESTAURANT,bar_cafe,https://raw.githubusercontent.com/pasqualelembo78/huntix-poi/main/italia/emilia-romagna/venezia/pages/marmis_caf_45.4396_12.3408.json,custom
45.439461,12.334580,ov_i_compari_pulperia_a_venezia_45.4395_12.3346,I Compari Pulperia a Venezia,RESTAURANT,bar_cafe,https://raw.githubusercontent.com/pasqualelembo78/huntix-poi/main/italia/emilia-romagna/venezia/pages/i_compari_pulperia_a_venezia_45.4395_12.3346.json,custom
45.439438,12.333932,ov_pescaria_45.4394_12.3339,Pescaria,RESTAURANT,bar_cafe,https://raw.githubusercontent.com/pasqualelembo78/huntix-poi/main/italia/emilia-romagna/venezia/pages/pescaria_45.4394_12.3339.json,custom
45.439430,12.333464,ov_bar_stellina_45.4394_12.3335,Bar Stellina,RESTAURANT,bar_cafe,https://raw.githubusercontent.com/pasqualelembo78/huntix-poi/main/italia/emilia-romagna/venezia/pages/bar_stellina_45.4394_12.3335.json,custom
45.439175,12.334112,ov_dolce_vita_pasticceria_45.4392_12.3341,Dolce Vita Pasticceria,RESTAURANT,bar_cafe,https://raw.githubusercontent.com/pasqualelembo78/huntix-poi/main/italia/emilia-romagna/venezia/pages/dolce_vita_pasticceria_45.4392_12.3341.json,custom
45.439186,12.334861,ov_bussola_cocktail_lab_45.4392_12.3349,Bussola cocktail lab,RESTAURANT,bar_cafe,https://raw.githubusercontent.com/pasqualelembo78/huntix-poi/main/italia/emilia-romagna/venezia/pages/bussola_cocktail_lab_45.4392_12.3349.json,custom
45.439096,12.334405,ov_bar_rialto_da_lollo_45.4391_12.3344,Bar Rialto da Lollo,RESTAURANT,bar_cafe,https://raw.githubusercontent.com/pasqualelembo78/huntix-poi/main/italia/emilia-romagna/venezia/pages/bar_rialto_da_lollo_45.4391_12.3344.json,custom
45.439103,12.334831,ov_barcollo_bar_45.4391_12.3348,Barcollo Bar,RESTAURANT,bar_cafe,https://raw.githubusercontent.com/pasqualelembo78/huntix-poi/main/italia/emilia-romagna/venezia/pages/barcollo_bar_45.4391_12.3348.json,custom
45.439047,12.337135,ov_tris_snack_bar_45.4390_12.3371,Tris Snack Bar,RESTAURANT,bar_cafe,https://raw.githubusercontent.com/pasqualelembo78/huntix-poi/main/italia/emilia-romagna/venezia/pages/tris_snack_bar_45.4390_12.3371.json,custom
45.439027,12.341407,ov_bar_colleoni_45.4390_12.3414,Bar Colleoni,RESTAURANT,bar_cafe,https://raw.githubusercontent.com/pasqualelembo78/huntix-poi/main/italia/emilia-romagna/venezia/pages/bar_colleoni_45.4390_12.3414.json,custom
45.436822,12.347390,ov_bar_al_canton_45.4368_12.3474,Bar Al Canton,RESTAURANT,bar_cafe,https://raw.githubusercontent.com/pasqualelembo78/huntix-poi/main/italia/emilia-romagna/venezia/pages/bar_al_canton_45.4368_12.3474.json,custom
45.437442,12.346448,ov_enoteca_al_canton_del_vin_45.4374_12.3464,Enoteca al Canton del Vin,RESTAURANT,bar_cafe,https://raw.githubusercontent.com/pasqualelembo78/huntix-poi/main/italia/emilia-romagna/venezia/pages/enoteca_al_canton_del_vin_45.4374_12.3464.json,custom
45.437494,12.341951,ov_caffe_del_doge_45.4375_12.3420,Caffe del Doge,RESTAURANT,bar_cafe,https://raw.githubusercontent.com/pasqualelembo78/huntix-poi/main/italia/emilia-romagna/venezia/pages/caffe_del_doge_45.4375_12.3420.json,custom
45.437380,12.342120,ov_cav_caff__45.4374_12.3421,CavèCaffè,RESTAURANT,bar_cafe,https://raw.githubusercontent.com/pasqualelembo78/huntix-poi/main/italia/emilia-romagna/venezia/pages/cavcaff_45.4374_12.3421.json,custom
45.437431,12.341070,ov_bar_all_orologio_45.4374_12.3411,Bar All'Orologio,RESTAURANT,bar_cafe,https://raw.githubusercontent.com/pasqualelembo78/huntix-poi/main/italia/emilia-romagna/venezia/pages/bar_allorologio_45.4374_12.3411.json,custom
45.437531,12.340853,ov_arnold_s_45.4375_12.3409,Arnold's,RESTAURANT,bar_cafe,https://raw.githubusercontent.com/pasqualelembo78/huntix-poi/main/italia/emilia-romagna/venezia/pages/arnolds_45.4375_12.3409.json,custom
45.437911,12.332236,ov_bacaro_le_tre_rose_45.4379_12.3322,Bacaro Le Tre Rose,RESTAURANT,bar_cafe,https://raw.githubusercontent.com/pasqualelembo78/huntix-poi/main/italia/emilia-romagna/venezia/pages/bacaro_le_tre_rose_45.4379_12.3322.json,custom
45.437847,12.327173,ov_la_bottiglia_45.4378_12.3272,La Bottiglia,RESTAURANT,bar_cafe,https://raw.githubusercontent.com/pasqualelembo78/huntix-poi/main/italia/emilia-romagna/venezia/pages/la_bottiglia_45.4378_12.3272.json,custom
45.437888,12.321840,ov_barcollo_45.4379_12.3218,bArCollo,RESTAURANT,bar_cafe,https://raw.githubusercontent.com/pasqualelembo78/huntix-poi/main/italia/emilia-romagna/venezia/pages/barcollo_45.4379_12.3218.json,custom
45.437529,12.321378,ov_arcicchetti_bakaro_45.4375_12.3214,Arcicchetti Bakaro,RESTAURANT,bar_cafe,https://raw.githubusercontent.com/pasqualelembo78/huntix-poi/main/italia/emilia-romagna/venezia/pages/arcicchetti_bakaro_45.4375_12.3214.json,custom
45.437559,12.321269,ov_bacareto_da_lele_45.4376_12.3213,Bacareto da Lele,RESTAURANT,bar_cafe,https://raw.githubusercontent.com/pasqualelembo78/huntix-poi/main/italia/emilia-romagna/venezia/pages/bacareto_da_lele_45.4376_12.3213.json,custom
45.437509,12.331783,ov_agr_albertini_di_albertini_45.4375_12.3318,Agr Albertini di Albertini,RESTAURANT,bar_cafe,https://raw.githubusercontent.com/pasqualelembo78/huntix-poi/main/italia/emilia-romagna/venezia/pages/agr_albertini_di_albertini_45.4375_12.3318.json,custom
45.437572,12.332624,ov_vineria_all_amarone_45.4376_12.3326,Vineria all'Amarone,RESTAURANT,bar_cafe,https://raw.githubusercontent.com/pasqualelembo78/huntix-poi/main/italia/emilia-romagna/venezia/pages/vineria_allamarone_45.4376_12.3326.json,custom
45.437254,12.331122,ov_brunch_cafe_45.4373_12.3311,Brunch Cafe,RESTAURANT,bar_cafe,https://raw.githubusercontent.com/pasqualelembo78/huntix-poi/main/italia/emilia-romagna/venezia/pages/brunch_cafe_45.4373_12.3311.json,custom
45.437086,12.329893,ov_bar_prezzi_al_tavolo_45.4371_12.3299,Bar Prezzi al Tavolo,RESTAURANT,bar_cafe,https://raw.githubusercontent.com/pasqualelembo78/huntix-poi/main/italia/emilia-romagna/venezia/pages/bar_prezzi_al_tavolo_45.4371_12.3299.json,custom
45.437289,12.327240,ov_il_mercante_45.4373_12.3272,Il Mercante,RESTAURANT,bar_cafe,https://raw.githubusercontent.com/pasqualelembo78/huntix-poi/main/italia/emilia-romagna/venezia/pages/il_mercante_45.4373_12.3272.json,custom
45.437306,12.327221,ov_storico_caff__dei_frari___o__toppo_45.4373_12.3272,Storico Caffè dei Frari - O. Toppo,RESTAURANT,bar_cafe,https://raw.githubusercontent.com/pasqualelembo78/huntix-poi/main/italia/emilia-romagna/venezia/pages/storico_caff_dei_frari_-_o_toppo_45.4373_12.3272.json,custom
45.437348,12.324247,ov_bar_cicchetteria_ceranavolta_45.4373_12.3242,Bar-Cicchetteria Ceranavolta,RESTAURANT,bar_cafe,https://raw.githubusercontent.com/pasqualelembo78/huntix-poi/main/italia/emilia-romagna/venezia/pages/bar-cicchetteria_ceranavolta_45.4373_12.3242.json,custom
45.436905,12.321258,ov_bar_pasticceria_la_bauta_45.4369_12.3213,Bar Pasticceria La Bauta,RESTAURANT,bar_cafe,https://raw.githubusercontent.com/pasqualelembo78/huntix-poi/main/italia/emilia-romagna/venezia/pages/bar_pasticceria_la_bauta_45.4369_12.3213.json,custom
45.436970,12.329870,ov_venice_lagoon_45.4370_12.3299,Venice Lagoon,RESTAURANT,bar_cafe,https://raw.githubusercontent.com/pasqualelembo78/huntix-poi/main/italia/emilia-romagna/venezia/pages/venice_lagoon_45.4370_12.3299.json,custom
45.437345,12.335529,ov_bar_aperol_45.4373_12.3355,Bar Aperol,RESTAURANT,bar_cafe,https://raw.githubusercontent.com/pasqualelembo78/huntix-poi/main/italia/emilia-romagna/venezia/pages/bar_aperol_45.4373_12.3355.json,custom
45.437221,12.337119,ov_ai_stagneri_45.4372_12.3371,Ai Stagneri,RESTAURANT,bar_cafe,https://raw.githubusercontent.com/pasqualelembo78/huntix-poi/main/italia/emilia-romagna/venezia/pages/ai_stagneri_45.4372_12.3371.json,custom
45.437291,12.336818,ov_devil_s_forest_pub_45.4373_12.3368,Devil's Forest Pub,RESTAURANT,bar_cafe,https://raw.githubusercontent.com/pasqualelembo78/huntix-poi/main/italia/emilia-romagna/venezia/pages/devils_forest_pub_45.4373_12.3368.json,custom
45.437175,12.340577,ov_zanzibar_45.4372_12.3406,Zanzibar,RESTAURANT,bar_cafe,https://raw.githubusercontent.com/pasqualelembo78/huntix-poi/main/italia/emilia-romagna/venezia/pages/zanzibar_45.4372_12.3406.json,custom
45.436670,12.341089,ov_caffe_letterario_45.4367_12.3411,Caffe Letterario,RESTAURANT,bar_cafe,https://raw.githubusercontent.com/pasqualelembo78/huntix-poi/main/italia/emilia-romagna/venezia/pages/caffe_letterario_45.4367_12.3411.json,custom
45.436580,12.337463,ov_la_brasiliana_45.4366_12.3375,La Brasiliana,RESTAURANT,bar_cafe,https://raw.githubusercontent.com/pasqualelembo78/huntix-poi/main/italia/emilia-romagna/venezia/pages/la_brasiliana_45.4366_12.3375.json,custom
45.436790,12.326805,ov_snack_bar_all_angolo_45.4368_12.3268,Snack Bar All'Angolo,RESTAURANT,bar_cafe,https://raw.githubusercontent.com/pasqualelembo78/huntix-poi/main/italia/emilia-romagna/venezia/pages/snack_bar_allangolo_45.4368_12.3268.json,custom
45.436675,12.322758,ov_al_133_45.4367_12.3228,Al 133,RESTAURANT,bar_cafe,https://raw.githubusercontent.com/pasqualelembo78/huntix-poi/main/italia/emilia-romagna/venezia/pages/al_133_45.4367_12.3228.json,custom
45.436623,12.323835,ov_dolce_di_san_marco_45.4366_12.3238,Dolce di San Marco,RESTAURANT,bar_cafe,https://raw.githubusercontent.com/pasqualelembo78/huntix-poi/main/italia/emilia-romagna/venezia/pages/dolce_di_san_marco_45.4366_12.3238.json,custom
45.436579,12.326577,ov_bar_dogale_45.4366_12.3266,Bar Dogale,RESTAURANT,bar_cafe,https://raw.githubusercontent.com/pasqualelembo78/huntix-poi/main/italia/emilia-romagna/venezia/pages/bar_dogale_45.4366_12.3266.json,custom
45.436445,12.323250,ov_cantina_arnaldi_45.4364_12.3232,Cantina Arnaldi,RESTAURANT,bar_cafe,https://raw.githubusercontent.com/pasqualelembo78/huntix-poi/main/italia/emilia-romagna/venezia/pages/cantina_arnaldi_45.4364_12.3232.json,custom
45.436393,12.328516,ov_bar_ai_nomboli_45.4364_12.3285,Bar Ai Nomboli,RESTAURANT,bar_cafe,https://raw.githubusercontent.com/pasqualelembo78/huntix-poi/main/italia/emilia-romagna/venezia/pages/bar_ai_nomboli_45.4364_12.3285.json,custom
45.436033,12.327966,ov_bar_1_ciak_45.4360_12.3280,Bar 1 Ciak,RESTAURANT,bar_cafe,https://raw.githubusercontent.com/pasqualelembo78/huntix-poi/main/italia/emilia-romagna/venezia/pages/bar_1_ciak_45.4360_12.3280.json,custom
45.436090,12.327159,ov_basegone_45.4361_12.3272,Basegone,RESTAURANT,bar_cafe,https://raw.githubusercontent.com/pasqualelembo78/huntix-poi/main/italia/emilia-romagna/venezia/pages/basegone_45.4361_12.3272.json,custom
45.435975,12.325255,ov_cafe_noir_45.4360_12.3253,Cafe Noir,RESTAURANT,bar_cafe,https://raw.githubusercontent.com/pasqualelembo78/huntix-poi/main/italia/emilia-romagna/venezia/pages/cafe_noir_45.4360_12.3253.json,custom
45.435727,12.325109,ov_el_sbarlefo_san_pantalon_45.4357_12.3251,El Sbarlefo San Pantalon,RESTAURANT,bar_cafe,https://raw.githubusercontent.com/pasqualelembo78/huntix-poi/main/italia/emilia-romagna/venezia/pages/el_sbarlefo_san_pantalon_45.4357_12.3251.json,custom
45.436109,12.333914,ov_enoteca_al_volto_45.4361_12.3339,Enoteca Al Volto,RESTAURANT,bar_cafe,https://raw.githubusercontent.com/pasqualelembo78/huntix-poi/main/italia/emilia-romagna/venezia/pages/enoteca_al_volto_45.4361_12.3339.json,custom
45.436210,12.339282,ov_bar_lucano_45.4362_12.3393,Bar Lucano,RESTAURANT,bar_cafe,https://raw.githubusercontent.com/pasqualelembo78/huntix-poi/main/italia/emilia-romagna/venezia/pages/bar_lucano_45.4362_12.3393.json,custom
45.436082,12.337456,ov_zaza_club_45.4361_12.3375,Zaza Club,RESTAURANT,bar_cafe,https://raw.githubusercontent.com/pasqualelembo78/huntix-poi/main/italia/emilia-romagna/venezia/pages/zaza_club_45.4361_12.3375.json,custom
45.435981,12.343409,ov_wine_bar_5000_45.4360_12.3434,Wine Bar 5000,RESTAURANT,bar_cafe,https://raw.githubusercontent.com/pasqualelembo78/huntix-poi/main/italia/emilia-romagna/venezia/pages/wine_bar_5000_45.4360_12.3434.json,custom
45.435784,12.355537,ov_bar_brasilia_venezia_45.4358_12.3555,Bar Brasilia Venezia,RESTAURANT,bar_cafe,https://raw.githubusercontent.com/pasqualelembo78/huntix-poi/main/italia/emilia-romagna/venezia/pages/bar_brasilia_venezia_45.4358_12.3555.json,custom
45.437069,12.375752,ov_barena_certosa_45.4371_12.3758,Barena Certosa,RESTAURANT,bar_cafe,https://raw.githubusercontent.com/pasqualelembo78/huntix-poi/main/italia/emilia-romagna/venezia/pages/barena_certosa_45.4371_12.3758.json,custom
45.444231,12.324833,ov_vinoteca_vintido_alle_guglie_45.4442_12.3248,Vinoteca Vintido alle Guglie,RESTAURANT,bar_cafe,https://raw.githubusercontent.com/pasqualelembo78/huntix-poi/main/italia/emilia-romagna/venezia/pages/vinoteca_vintido_alle_guglie_45.4442_12.3248.json,custom
45.444130,12.325350,ov_ai_biliardi_45.4441_12.3254,Ai biliardi,RESTAURANT,bar_cafe,https://raw.githubusercontent.com/pasqualelembo78/huntix-poi/main/italia/emilia-romagna/venezia/pages/ai_biliardi_45.4441_12.3254.json,custom
45.444039,12.328665,ov_new_street_1815_45.4440_12.3287,New Street 1815,RESTAURANT,bar_cafe,https://raw.githubusercontent.com/pasqualelembo78/huntix-poi/main/italia/emilia-romagna/venezia/pages/new_street_1815_45.4440_12.3287.json,custom
45.444187,12.328621,ov_time_social_bar_45.4442_12.3286,TiME Social Bar,RESTAURANT,bar_cafe,https://raw.githubusercontent.com/pasqualelembo78/huntix-poi/main/italia/emilia-romagna/venezia/pages/time_social_bar_45.4442_12.3286.json,custom
45.444038,12.333045,ov_vino_vero_45.4440_12.3330,Vino Vero,RESTAURANT,bar_cafe,https://raw.githubusercontent.com/pasqualelembo78/huntix-poi/main/italia/emilia-romagna/venezia/pages/vino_vero_45.4440_12.3330.json,custom
45.443866,12.329399,ov_bella_gio_gio_45.4439_12.3294,Bella Gio Gio,RESTAURANT,bar_cafe,https://raw.githubusercontent.com/pasqualelembo78/huntix-poi/main/italia/emilia-romagna/venezia/pages/bella_gio_gio_45.4439_12.3294.json,custom
45.443889,12.328064,ov_handay_45.4439_12.3281,Handay,RESTAURANT,bar_cafe,https://raw.githubusercontent.com/pasqualelembo78/huntix-poi/main/italia/emilia-romagna/venezia/pages/handay_45.4439_12.3281.json,custom
45.443950,12.328750,ov_enoteca_do_colonne_45.4440_12.3287,Enoteca Do Colonne,RESTAURANT,bar_cafe,https://raw.githubusercontent.com/pasqualelembo78/huntix-poi/main/italia/emilia-romagna/venezia/pages/enoteca_do_colonne_45.4440_12.3287.json,custom
45.443940,12.328640,ov_h2_no_45.4439_12.3286,H2 NO,RESTAURANT,bar_cafe,https://raw.githubusercontent.com/pasqualelembo78/huntix-poi/main/italia/emilia-romagna/venezia/pages/h2_no_45.4439_12.3286.json,custom
45.444023,12.328704,ov_goppion_caffetteria_45.4440_12.3287,Goppion Caffetteria,RESTAURANT,bar_cafe,https://raw.githubusercontent.com/pasqualelembo78/huntix-poi/main/italia/emilia-romagna/venezia/pages/goppion_caffetteria_45.4440_12.3287.json,custom
45.443790,12.326197,ov_gelateria_da_nini_45.4438_12.3262,Gelateria da Nini,RESTAURANT,bar_cafe,https://raw.githubusercontent.com/pasqualelembo78/huntix-poi/main/italia/emilia-romagna/venezia/pages/gelateria_da_nini_45.4438_12.3262.json,custom
45.443727,12.325829,ov_bar_alle_guglie_45.4437_12.3258,Bar alle guglie,RESTAURANT,bar_cafe,https://raw.githubusercontent.com/pasqualelembo78/huntix-poi/main/italia/emilia-romagna/venezia/pages/bar_alle_guglie_45.4437_12.3258.json,custom
45.443490,12.327700,ov_casa_dea_corte_45.4435_12.3277,Casa Dea Corte,RESTAURANT,bar_cafe,https://raw.githubusercontent.com/pasqualelembo78/huntix-poi/main/italia/emilia-romagna/venezia/pages/casa_dea_corte_45.4435_12.3277.json,custom
45.443543,12.327752,ov_corte_1642_45.4435_12.3278,CORTE 1642,RESTAURANT,bar_cafe,https://raw.githubusercontent.com/pasqualelembo78/huntix-poi/main/italia/emilia-romagna/venezia/pages/corte_1642_45.4435_12.3278.json,custom
45.443697,12.329816,ov_snack_bar_sarpi_45.4437_12.3298,Snack Bar Sarpi,RESTAURANT,bar_cafe,https://raw.githubusercontent.com/pasqualelembo78/huntix-poi/main/italia/emilia-romagna/venezia/pages/snack_bar_sarpi_45.4437_12.3298.json,custom
45.443094,12.338787,ov_estate_ai_crociferi_45.4431_12.3388,Estate ai crociferi,RESTAURANT,bar_cafe,https://raw.githubusercontent.com/pasqualelembo78/huntix-poi/main/italia/emilia-romagna/venezia/pages/estate_ai_crociferi_45.4431_12.3388.json,custom
45.443375,12.332167,ov_il_santo_bevitore_craft_pub_45.4434_12.3322,Il Santo Bevitore craft pub,RESTAURANT,bar_cafe,https://raw.githubusercontent.com/pasqualelembo78/huntix-poi/main/italia/emilia-romagna/venezia/pages/il_santo_bevitore_craft_pub_45.4434_12.3322.json,custom
45.443305,12.331554,ov_cantina_vecia_carbonera_45.4433_12.3316,Cantina Vecia Carbonera,RESTAURANT,bar_cafe,https://raw.githubusercontent.com/pasqualelembo78/huntix-poi/main/italia/emilia-romagna/venezia/pages/cantina_vecia_carbonera_45.4433_12.3316.json,custom
45.443394,12.324920,ov_bar_laguna_45.4434_12.3249,Bar Laguna,RESTAURANT,bar_cafe,https://raw.githubusercontent.com/pasqualelembo78/huntix-poi/main/italia/emilia-romagna/venezia/pages/bar_laguna_45.4434_12.3249.json,custom
45.442994,12.324805,ov_shamrock_irish_bar_45.4430_12.3248,Shamrock Irish Bar,RESTAURANT,bar_cafe,https://raw.githubusercontent.com/pasqualelembo78/huntix-poi/main/italia/emilia-romagna/venezia/pages/shamrock_irish_bar_45.4430_12.3248.json,custom
45.442905,12.324669,ov_irish_pub_santa_lucia_45.4429_12.3247,Irish Pub Santa Lucia,RESTAURANT,bar_cafe,https://raw.githubusercontent.com/pasqualelembo78/huntix-poi/main/italia/emilia-romagna/venezia/pages/irish_pub_santa_lucia_45.4429_12.3247.json,custom
45.442633,12.332320,ov_frulala_45.4426_12.3323,Frulala,RESTAURANT,bar_cafe,https://raw.githubusercontent.com/pasqualelembo78/huntix-poi/main/italia/emilia-romagna/venezia/pages/frulala_45.4426_12.3323.json,custom
45.442831,12.340929,ov_il_caffegelato_45.4428_12.3409,il Caffegelato,RESTAURANT,bar_cafe,https://raw.githubusercontent.com/pasqualelembo78/huntix-poi/main/italia/emilia-romagna/venezia/pages/il_caffegelato_45.4428_12.3409.json,custom
45.441227,12.337549,ov_bar_stella_polare_45.4412_12.3375,Bar Stella Polare,RESTAURANT,bar_cafe,https://raw.githubusercontent.com/pasqualelembo78/huntix-poi/main/italia/emilia-romagna/venezia/pages/bar_stella_polare_45.4412_12.3375.json,custom
45.441241,12.334008,ov_pasticceria_giovanni_pitteri_45.4412_12.3340,Pasticceria Giovanni Pitteri,RESTAURANT,bar_cafe,https://raw.githubusercontent.com/pasqualelembo78/huntix-poi/main/italia/emilia-romagna/venezia/pages/pasticceria_giovanni_pitteri_45.4412_12.3340.json,custom
45.441025,12.336582,ov_el_sbarlefo_45.4410_12.3366,El Sbarlefo,RESTAURANT,bar_cafe,https://raw.githubusercontent.com/pasqualelembo78/huntix-poi/main/italia/emilia-romagna/venezia/pages/el_sbarlefo_45.4410_12.3366.json,custom
45.440928,12.337504,ov_enoteca_cavanina_45.4409_12.3375,Enoteca Cavanina,RESTAURANT,bar_cafe,https://raw.githubusercontent.com/pasqualelembo78/huntix-poi/main/italia/emilia-romagna/venezia/pages/enoteca_cavanina_45.4409_12.3375.json,custom
45.440964,12.334710,ov_tappa_obbligatoria_45.4410_12.3347,Tappa Obbligatoria,RESTAURANT,bar_cafe,https://raw.githubusercontent.com/pasqualelembo78/huntix-poi/main/italia/emilia-romagna/venezia/pages/tappa_obbligatoria_45.4410_12.3347.json,custom
45.440840,12.335070,ov_lavazza_45.4408_12.3351,LavAzza,RESTAURANT,bar_cafe,https://raw.githubusercontent.com/pasqualelembo78/huntix-poi/main/italia/emilia-romagna/venezia/pages/lavazza_45.4408_12.3351.json,custom
45.440708,12.337038,ov_retro_wine_bar_45.4407_12.3370,Retro Wine Bar,RESTAURANT,bar_cafe,https://raw.githubusercontent.com/pasqualelembo78/huntix-poi/main/italia/emilia-romagna/venezia/pages/retro_wine_bar_45.4407_12.3370.json,custom
45.440195,12.339159,ov_art_cafe_venezia_45.4402_12.3392,Art cafe venezia,RESTAURANT,bar_cafe,https://raw.githubusercontent.com/pasqualelembo78/huntix-poi/main/italia/emilia-romagna/venezia/pages/art_cafe_venezia_45.4402_12.3392.json,custom
45.440303,12.336231,ov_chioschetto_tirovino_45.4403_12.3362,Chioschetto TiroVino,RESTAURANT,bar_cafe,https://raw.githubusercontent.com/pasqualelembo78/huntix-poi/main/italia/emilia-romagna/venezia/pages/chioschetto_tirovino_45.4403_12.3362.json,custom
45.440553,12.336495,ov_blusbar_45.4406_12.3365,Blusbar,RESTAURANT,bar_cafe,https://raw.githubusercontent.com/pasqualelembo78/huntix-poi/main/italia/emilia-romagna/venezia/pages/blusbar_45.4406_12.3365.json,custom
45.440669,12.336470,ov_bibenda_45.4407_12.3365,Bibenda,RESTAURANT,bar_cafe,https://raw.githubusercontent.com/pasqualelembo78/huntix-poi/main/italia/emilia-romagna/venezia/pages/bibenda_45.4407_12.3365.json,custom
45.440496,12.329613,ov_boresso_45.4405_12.3296,Boresso,RESTAURANT,bar_cafe,https://raw.githubusercontent.com/pasqualelembo78/huntix-poi/main/italia/emilia-romagna/venezia/pages/boresso_45.4405_12.3296.json,custom
45.440467,12.327868,ov_al_prosecco_45.4405_12.3279,Al Prosecco,RESTAURANT,bar_cafe,https://raw.githubusercontent.com/pasqualelembo78/huntix-poi/main/italia/emilia-romagna/venezia/pages/al_prosecco_45.4405_12.3279.json,custom
45.440323,12.327310,ov_bacaro_el_fradeo_quebrado_45.4403_12.3273,Bacaro El Fradeo Quebrado,RESTAURANT,bar_cafe,https://raw.githubusercontent.com/pasqualelembo78/huntix-poi/main/italia/emilia-romagna/venezia/pages/bacaro_el_fradeo_quebrado_45.4403_12.3273.json,custom
45.440353,12.325168,ov_bacaro_quebrado_45.4404_12.3252,Bacaro Quebrado,RESTAURANT,bar_cafe,https://raw.githubusercontent.com/pasqualelembo78/huntix-poi/main/italia/emilia-romagna/venezia/pages/bacaro_quebrado_45.4404_12.3252.json,custom
45.440606,12.325040,ov_bar_barbari_45.4406_12.3250,Bar Barbari,RESTAURANT,bar_cafe,https://raw.githubusercontent.com/pasqualelembo78/huntix-poi/main/italia/emilia-romagna/venezia/pages/bar_barbari_45.4406_12.3250.json,custom
45.440657,12.320455,ov_bistrot_45.4407_12.3205,Bistrot,RESTAURANT,bar_cafe,https://raw.githubusercontent.com/pasqualelembo78/huntix-poi/main/italia/emilia-romagna/venezia/pages/bistrot_45.4407_12.3205.json,custom
45.441251,12.325826,ov_cassa_45.4413_12.3258,Cassa,RESTAURANT,bar_cafe,https://raw.githubusercontent.com/pasqualelembo78/huntix-poi/main/italia/emilia-romagna/venezia/pages/cassa_45.4413_12.3258.json,custom
45.441308,12.321374,ov_relax_caff__venezia_s__lucia_45.4413_12.3214,Relax&caffé Venezia S. Lucia,RESTAURANT,bar_cafe,https://raw.githubusercontent.com/pasqualelembo78/huntix-poi/main/italia/emilia-romagna/venezia/pages/relaxcaff_venezia_s_lucia_45.4413_12.3214.json,custom
45.441414,12.322460,ov_snack_bar_45.4414_12.3225,Snack Bar,RESTAURANT,bar_cafe,https://raw.githubusercontent.com/pasqualelembo78/huntix-poi/main/italia/emilia-romagna/venezia/pages/snack_bar_45.4414_12.3225.json,custom
45.441548,12.322604,ov_olimpia_bar_45.4415_12.3226,Olimpia Bar,RESTAURANT,bar_cafe,https://raw.githubusercontent.com/pasqualelembo78/huntix-poi/main/italia/emilia-romagna/venezia/pages/olimpia_bar_45.4415_12.3226.json,custom
45.441578,12.333253,ov_la_cantina_45.4416_12.3333,La Cantina,RESTAURANT,bar_cafe,https://raw.githubusercontent.com/pasqualelembo78/huntix-poi/main/italia/emilia-romagna/venezia/pages/la_cantina_45.4416_12.3333.json,custom
45.441494,12.331148,ov_vaporetto_dell_arte___san_stae_stop_45.4415_12.3311,Vaporetto dell'Arte - San Stae Stop,RESTAURANT,bar_cafe,https://raw.githubusercontent.com/pasqualelembo78/huntix-poi/main/italia/emilia-romagna/venezia/pages/vaporetto_dellarte_-_san_stae_stop_45.4415_12.3311.json,custom
45.441555,12.334118,ov_the_irish_pub_venezia_45.4416_12.3341,The Irish Pub Venezia,RESTAURANT,bar_cafe,https://raw.githubusercontent.com/pasqualelembo78/huntix-poi/main/italia/emilia-romagna/venezia/pages/the_irish_pub_venezia_45.4416_12.3341.json,custom
45.441975,12.337826,ov_pasticceria_bar_puppa_45.4420_12.3378,Pasticceria Bar Puppa,RESTAURANT,bar_cafe,https://raw.githubusercontent.com/pasqualelembo78/huntix-poi/main/italia/emilia-romagna/venezia/pages/pasticceria_bar_puppa_45.4420_12.3378.json,custom
45.441845,12.323084,ov_enoteca_venezia_45.4418_12.3231,Enoteca Venezia,RESTAURANT,bar_cafe,https://raw.githubusercontent.com/pasqualelembo78/huntix-poi/main/italia/emilia-romagna/venezia/pages/enoteca_venezia_45.4418_12.3231.json,custom
45.442250,12.323757,ov_cicchetti___italian_delicatessen_45.4422_12.3238,cicchetti - Italian delicatessen,RESTAURANT,bar_cafe,https://raw.githubusercontent.com/pasqualelembo78/huntix-poi/main/italia/emilia-romagna/venezia/pages/cicchetti_-_italian_delicatessen_45.4422_12.3238.json,custom
45.440370,12.315954,ov_hausbrandt_cafe_45.4404_12.3160,Hausbrandt Cafe,RESTAURANT,bar_cafe,https://raw.githubusercontent.com/pasqualelembo78/huntix-poi/main/italia/emilia-romagna/venezia/pages/hausbrandt_cafe_45.4404_12.3160.json,custom
45.440499,12.305969,ov_remida_s_s_a_45.4405_12.3060,Remida S.S.A,RESTAURANT,bar_cafe,https://raw.githubusercontent.com/pasqualelembo78/huntix-poi/main/italia/emilia-romagna/venezia/pages/remida_ssa_45.4405_12.3060.json,custom
45.445106,12.316640,ov_grey_wine_e_bistrot_45.4451_12.3166,Grey Wine e Bistrot,RESTAURANT,bar_cafe,https://raw.githubusercontent.com/pasqualelembo78/huntix-poi/main/italia/emilia-romagna/venezia/pages/grey_wine_e_bistrot_45.4451_12.3166.json,custom
45.444797,12.322557,ov_al_parlamento_45.4448_12.3226,Al Parlamento,RESTAURANT,bar_cafe,https://raw.githubusercontent.com/pasqualelembo78/huntix-poi/main/italia/emilia-romagna/venezia/pages/al_parlamento_45.4448_12.3226.json,custom
45.444741,12.323182,ov_silver_cafe_45.4447_12.3232,Silver Cafe,RESTAURANT,bar_cafe,https://raw.githubusercontent.com/pasqualelembo78/huntix-poi/main/italia/emilia-romagna/venezia/pages/silver_cafe_45.4447_12.3232.json,custom
45.444801,12.331744,ov_la_sete_45.4448_12.3317,la sete,RESTAURANT,bar_cafe,https://raw.githubusercontent.com/pasqualelembo78/huntix-poi/main/italia/emilia-romagna/venezia/pages/la_sete_45.4448_12.3317.json,custom
45.444981,12.330625,ov_a_la_vecia_papussa_45.4450_12.3306,A La Vecia Papussa,RESTAURANT,bar_cafe,https://raw.githubusercontent.com/pasqualelembo78/huntix-poi/main/italia/emilia-romagna/venezia/pages/a_la_vecia_papussa_45.4450_12.3306.json,custom
45.445181,12.322568,ov_mq10_45.4452_12.3226,MQ10,RESTAURANT,bar_cafe,https://raw.githubusercontent.com/pasqualelembo78/huntix-poi/main/italia/emilia-romagna/venezia/pages/mq10_45.4452_12.3226.json,custom
45.445170,12.322509,ov_al_balcon_45.4452_12.3225,Al Balcon,RESTAURANT,bar_cafe,https://raw.githubusercontent.com/pasqualelembo78/huntix-poi/main/italia/emilia-romagna/venezia/pages/al_balcon_45.4452_12.3225.json,custom
45.445497,12.328435,ov_timon_45.4455_12.3284,Timon,RESTAURANT,bar_cafe,https://raw.githubusercontent.com/pasqualelembo78/huntix-poi/main/italia/emilia-romagna/venezia/pages/timon_45.4455_12.3284.json,custom
45.445503,12.328603,ov_bacareto_da_ea_neni_45.4455_12.3286,Bacareto da ea Neni,RESTAURANT,bar_cafe,https://raw.githubusercontent.com/pasqualelembo78/huntix-poi/main/italia/emilia-romagna/venezia/pages/bacareto_da_ea_neni_45.4455_12.3286.json,custom
45.445519,12.328712,ov_birreria_zanon_45.4455_12.3287,Birreria Zanon,RESTAURANT,bar_cafe,https://raw.githubusercontent.com/pasqualelembo78/huntix-poi/main/italia/emilia-romagna/venezia/pages/birreria_zanon_45.4455_12.3287.json,custom
45.445524,12.328970,ov_agli_ormesini_45.4455_12.3290,Agli Ormesini,RESTAURANT,bar_cafe,https://raw.githubusercontent.com/pasqualelembo78/huntix-poi/main/italia/emilia-romagna/venezia/pages/agli_ormesini_45.4455_12.3290.json,custom
45.445601,12.328194,ov_vinile_45.4456_12.3282,Vinile,RESTAURANT,bar_cafe,https://raw.githubusercontent.com/pasqualelembo78/huntix-poi/main/italia/emilia-romagna/venezia/pages/vinile_45.4456_12.3282.json,custom
45.445630,12.328210,ov_bacaro_dai_morosi_45.4456_12.3282,Bacaro Dai Morosi,RESTAURANT,bar_cafe,https://raw.githubusercontent.com/pasqualelembo78/huntix-poi/main/italia/emilia-romagna/venezia/pages/bacaro_dai_morosi_45.4456_12.3282.json,custom
45.445390,12.332035,ov_el_chiosco_45.4454_12.3320,El chiosco,RESTAURANT,bar_cafe,https://raw.githubusercontent.com/pasqualelembo78/huntix-poi/main/italia/emilia-romagna/venezia/pages/el_chiosco_45.4454_12.3320.json,custom
45.445363,12.328232,ov_tap___tutto_a_posto_da_nicolino_45.4454_12.3282,TAP - TUTTO A POSTO da Nicolino,RESTAURANT,bar_cafe,https://raw.githubusercontent.com/pasqualelembo78/huntix-poi/main/italia/emilia-romagna/venezia/pages/tap_-_tutto_a_posto_da_nicolino_45.4454_12.3282.json,custom
45.445244,12.329544,ov_a_la_virtu_45.4452_12.3295,A la Virtu,RESTAURANT,bar_cafe,https://raw.githubusercontent.com/pasqualelembo78/huntix-poi/main/italia/emilia-romagna/venezia/pages/a_la_virtu_45.4452_12.3295.json,custom
45.445710,12.327860,ov_caff__cannaregio_45.4457_12.3279,Caffè Cannaregio,RESTAURANT,bar_cafe,https://raw.githubusercontent.com/pasqualelembo78/huntix-poi/main/italia/emilia-romagna/venezia/pages/caff_cannaregio_45.4457_12.3279.json,custom
45.445986,12.326722,ov_dodo_caffe_45.4460_12.3267,Dodo Caffe,RESTAURANT,bar_cafe,https://raw.githubusercontent.com/pasqualelembo78/huntix-poi/main/italia/emilia-romagna/venezia/pages/dodo_caffe_45.4460_12.3267.json,custom
45.446070,12.320421,ov_the_mask_american_bar_45.4461_12.3204,The Mask American Bar,RESTAURANT,bar_cafe,https://raw.githubusercontent.com/pasqualelembo78/huntix-poi/main/italia/emilia-romagna/venezia/pages/the_mask_american_bar_45.4461_12.3204.json,custom
45.446109,12.326243,ov_bagatela_45.4461_12.3262,Bagatela,RESTAURANT,bar_cafe,https://raw.githubusercontent.com/pasqualelembo78/huntix-poi/main/italia/emilia-romagna/venezia/pages/bagatela_45.4461_12.3262.json,custom
45.452174,12.349323,ov_bar_all_isola_45.4522_12.3493,Bar All'Isola,RESTAURANT,bar_cafe,https://raw.githubusercontent.com/pasqualelembo78/huntix-poi/main/italia/emilia-romagna/venezia/pages/bar_allisola_45.4522_12.3493.json,custom
45.451263,12.348862,ov_bar_gelateria_colonna_45.4513_12.3489,Bar Gelateria Colonna,RESTAURANT,bar_cafe,https://raw.githubusercontent.com/pasqualelembo78/huntix-poi/main/italia/emilia-romagna/venezia/pages/bar_gelateria_colonna_45.4513_12.3489.json,custom
45.444771,12.392542,ov_al_bacan_45.4448_12.3925,Al Bacan,RESTAURANT,bar_cafe,https://raw.githubusercontent.com/pasqualelembo78/huntix-poi/main/italia/emilia-romagna/venezia/pages/al_bacan_45.4448_12.3925.json,custom
45.434835,12.346938,ov_osteria_alla_rampa_45.4348_12.3469,Osteria Alla Rampa,RESTAURANT,bar_cafe,https://raw.githubusercontent.com/pasqualelembo78/huntix-poi/main/italia/emilia-romagna/venezia/pages/osteria_alla_rampa_45.4348_12.3469.json,custom
45.434726,12.349709,ov_bar_al_buso_45.4347_12.3497,Bar Al Buso,RESTAURANT,bar_cafe,https://raw.githubusercontent.com/pasqualelembo78/huntix-poi/main/italia/emilia-romagna/venezia/pages/bar_al_buso_45.4347_12.3497.json,custom
45.433495,12.348297,ov_alchemia_bar_45.4335_12.3483,Alchemia Bar,RESTAURANT,bar_cafe,https://raw.githubusercontent.com/pasqualelembo78/huntix-poi/main/italia/emilia-romagna/venezia/pages/alchemia_bar_45.4335_12.3483.json,custom
45.433834,12.346725,ov_tabar_36_45.4338_12.3467,Tabar 36,RESTAURANT,bar_cafe,https://raw.githubusercontent.com/pasqualelembo78/huntix-poi/main/italia/emilia-romagna/venezia/pages/tabar_36_45.4338_12.3467.json,custom
45.434489,12.346387,ov_caff__girani_45.4345_12.3464,Caffè Girani,RESTAURANT,bar_cafe,https://raw.githubusercontent.com/pasqualelembo78/huntix-poi/main/italia/emilia-romagna/venezia/pages/caff_girani_45.4345_12.3464.json,custom
45.434440,12.341790,ov_birreria_forst_45.4344_12.3418,Birreria Forst,RESTAURANT,bar_cafe,https://raw.githubusercontent.com/pasqualelembo78/huntix-poi/main/italia/emilia-romagna/venezia/pages/birreria_forst_45.4344_12.3418.json,custom
45.434518,12.341841,ov_bar_clodia_45.4345_12.3418,Bar Clodia,RESTAURANT,bar_cafe,https://raw.githubusercontent.com/pasqualelembo78/huntix-poi/main/italia/emilia-romagna/venezia/pages/bar_clodia_45.4345_12.3418.json,custom
45.434530,12.338525,ov_caff__lavena_45.4345_12.3385,Caffè Lavena,RESTAURANT,bar_cafe,https://raw.githubusercontent.com/pasqualelembo78/huntix-poi/main/italia/emilia-romagna/venezia/pages/caff_lavena_45.4345_12.3385.json,custom
45.434459,12.336457,ov_bar_chiaranda_45.4345_12.3365,Bar Chiaranda,RESTAURANT,bar_cafe,https://raw.githubusercontent.com/pasqualelembo78/huntix-poi/main/italia/emilia-romagna/venezia/pages/bar_chiaranda_45.4345_12.3365.json,custom
45.434347,12.338087,ov_gran_caff__quadri_45.4343_12.3381,Gran Caffè Quadri,RESTAURANT,bar_cafe,https://raw.githubusercontent.com/pasqualelembo78/huntix-poi/main/italia/emilia-romagna/venezia/pages/gran_caff_quadri_45.4343_12.3381.json,custom
45.434055,12.336424,ov_bar_mio_di_teso_mauro_45.4341_12.3364,Bar Mio di Teso Mauro,RESTAURANT,bar_cafe,https://raw.githubusercontent.com/pasqualelembo78/huntix-poi/main/italia/emilia-romagna/venezia/pages/bar_mio_di_teso_mauro_45.4341_12.3364.json,custom
45.434067,12.340980,ov_cafe_costadoro_45.4341_12.3410,Cafe Costadoro,RESTAURANT,bar_cafe,https://raw.githubusercontent.com/pasqualelembo78/huntix-poi/main/italia/emilia-romagna/venezia/pages/cafe_costadoro_45.4341_12.3410.json,custom
45.434048,12.345276,ov_oriental_bar___bistrot_45.4340_12.3453,Oriental Bar & Bistrot,RESTAURANT,bar_cafe,https://raw.githubusercontent.com/pasqualelembo78/huntix-poi/main/italia/emilia-romagna/venezia/pages/oriental_bar_bistrot_45.4340_12.3453.json,custom
45.433989,12.344075,ov_bar_gelateria_bellavista_45.4340_12.3441,Bar Gelateria Bellavista,RESTAURANT,bar_cafe,https://raw.githubusercontent.com/pasqualelembo78/huntix-poi/main/italia/emilia-romagna/venezia/pages/bar_gelateria_bellavista_45.4340_12.3441.json,custom
45.434000,12.343004,ov_caffe_internazionale_45.4340_12.3430,Caffe Internazionale,RESTAURANT,bar_cafe,https://raw.githubusercontent.com/pasqualelembo78/huntix-poi/main/italia/emilia-romagna/venezia/pages/caffe_internazionale_45.4340_12.3430.json,custom
45.433878,12.341569,ov_la_terraza_de_daniel_45.4339_12.3416,La terraza de Daniel,RESTAURANT,bar_cafe,https://raw.githubusercontent.com/pasqualelembo78/huntix-poi/main/italia/emilia-romagna/venezia/pages/la_terraza_de_daniel_45.4339_12.3416.json,custom
45.433883,12.342100,ov_bar_dandolo_45.4339_12.3421,Bar Dandolo,RESTAURANT,bar_cafe,https://raw.githubusercontent.com/pasqualelembo78/huntix-poi/main/italia/emilia-romagna/venezia/pages/bar_dandolo_45.4339_12.3421.json,custom
45.433640,12.338210,ov_caffe_florian_45.4336_12.3382,Caffe Florian,RESTAURANT,bar_cafe,https://raw.githubusercontent.com/pasqualelembo78/huntix-poi/main/italia/emilia-romagna/venezia/pages/caffe_florian_45.4336_12.3382.json,custom
45.433545,12.336539,ov_il_calice_45.4335_12.3365,Il Calice,RESTAURANT,bar_cafe,https://raw.githubusercontent.com/pasqualelembo78/huntix-poi/main/italia/emilia-romagna/venezia/pages/il_calice_45.4335_12.3365.json,custom
45.433790,12.338708,ov_caffe_aurora_45.4338_12.3387,Caffe Aurora,RESTAURANT,bar_cafe,https://raw.githubusercontent.com/pasqualelembo78/huntix-poi/main/italia/emilia-romagna/venezia/pages/caffe_aurora_45.4338_12.3387.json,custom
45.433921,12.330269,ov_vineria_dai_do_cancari_45.4339_12.3303,Vineria Dai Do Cancari,RESTAURANT,bar_cafe,https://raw.githubusercontent.com/pasqualelembo78/huntix-poi/main/italia/emilia-romagna/venezia/pages/vineria_dai_do_cancari_45.4339_12.3303.json,custom
45.433988,12.330989,ov_bar_spritz_45.4340_12.3310,Bar Spritz,RESTAURANT,bar_cafe,https://raw.githubusercontent.com/pasqualelembo78/huntix-poi/main/italia/emilia-romagna/venezia/pages/bar_spritz_45.4340_12.3310.json,custom
45.433790,12.330650,ov_bar_all_angolo_45.4338_12.3307,Bar all'Angolo,RESTAURANT,bar_cafe,https://raw.githubusercontent.com/pasqualelembo78/huntix-poi/main/italia/emilia-romagna/venezia/pages/bar_allangolo_45.4338_12.3307.json,custom
45.433511,12.330753,ov_caff__mokaefti_45.4335_12.3308,Caffè Mokaefti,RESTAURANT,bar_cafe,https://raw.githubusercontent.com/pasqualelembo78/huntix-poi/main/italia/emilia-romagna/venezia/pages/caff_mokaefti_45.4335_12.3308.json,custom
45.433560,12.330609,ov_gelateria_paolin_45.4336_12.3306,Gelateria Paolin,RESTAURANT,bar_cafe,https://raw.githubusercontent.com/pasqualelembo78/huntix-poi/main/italia/emilia-romagna/venezia/pages/gelateria_paolin_45.4336_12.3306.json,custom
45.433856,12.323776,ov_orange_bar_45.4339_12.3238,Orange Bar,RESTAURANT,bar_cafe,https://raw.githubusercontent.com/pasqualelembo78/huntix-poi/main/italia/emilia-romagna/venezia/pages/orange_bar_45.4339_12.3238.json,custom
45.434007,12.323827,ov_pub_margaret_duchamp_45.4340_12.3238,Pub Margaret DuChamp,RESTAURANT,bar_cafe,https://raw.githubusercontent.com/pasqualelembo78/huntix-poi/main/italia/emilia-romagna/venezia/pages/pub_margaret_duchamp_45.4340_12.3238.json,custom
45.434470,12.331630,ov_la_cortevecchia_venice_45.4345_12.3316,La Cortevecchia Venice,RESTAURANT,bar_cafe,https://raw.githubusercontent.com/pasqualelembo78/huntix-poi/main/italia/emilia-romagna/venezia/pages/la_cortevecchia_venice_45.4345_12.3316.json,custom
45.434806,12.323818,ov_skilla_bar_45.4348_12.3238,Skilla Bar,RESTAURANT,bar_cafe,https://raw.githubusercontent.com/pasqualelembo78/huntix-poi/main/italia/emilia-romagna/venezia/pages/skilla_bar_45.4348_12.3238.json,custom
45.434825,12.324192,ov_bar_ristorante__al_fontego_45.4348_12.3242,Bar Ristorante  Al Fontego,RESTAURANT,bar_cafe,https://raw.githubusercontent.com/pasqualelembo78/huntix-poi/main/italia/emilia-romagna/venezia/pages/bar_ristorante_al_fontego_45.4348_12.3242.json,custom
45.434924,12.320891,ov_snack_bar_ai_ragusei_45.4349_12.3209,Snack Bar Ai Ragusei,RESTAURANT,bar_cafe,https://raw.githubusercontent.com/pasqualelembo78/huntix-poi/main/italia/emilia-romagna/venezia/pages/snack_bar_ai_ragusei_45.4349_12.3209.json,custom
45.435078,12.323903,ov_do_draghi_45.4351_12.3239,Do Draghi,RESTAURANT,bar_cafe,https://raw.githubusercontent.com/pasqualelembo78/huntix-poi/main/italia/emilia-romagna/venezia/pages/do_draghi_45.4351_12.3239.json,custom
45.435079,12.326113,ov_capo_horn_pub_srl_45.4351_12.3261,Capo Horn Pub SRL,RESTAURANT,bar_cafe,https://raw.githubusercontent.com/pasqualelembo78/huntix-poi/main/italia/emilia-romagna/venezia/pages/capo_horn_pub_srl_45.4351_12.3261.json,custom
45.435110,12.332950,ov_ristopub_rossini_45.4351_12.3330,RistoPub Rossini,RESTAURANT,bar_cafe,https://raw.githubusercontent.com/pasqualelembo78/huntix-poi/main/italia/emilia-romagna/venezia/pages/ristopub_rossini_45.4351_12.3330.json,custom
45.434730,12.330846,ov_bar_ducale_45.4347_12.3308,Bar Ducale,RESTAURANT,bar_cafe,https://raw.githubusercontent.com/pasqualelembo78/huntix-poi/main/italia/emilia-romagna/venezia/pages/bar_ducale_45.4347_12.3308.json,custom
45.434578,12.337782,ov_caff__al_ponte_45.4346_12.3378,Caffè al Ponte,RESTAURANT,bar_cafe,https://raw.githubusercontent.com/pasqualelembo78/huntix-poi/main/italia/emilia-romagna/venezia/pages/caff_al_ponte_45.4346_12.3378.json,custom
45.434588,12.337534,ov_caff__dell_arte_45.4346_12.3375,Caffè dell'Arte,RESTAURANT,bar_cafe,https://raw.githubusercontent.com/pasqualelembo78/huntix-poi/main/italia/emilia-romagna/venezia/pages/caff_dellarte_45.4346_12.3375.json,custom
45.434981,12.341877,ov_cafe_molinari_45.4350_12.3419,Cafe Molinari,RESTAURANT,bar_cafe,https://raw.githubusercontent.com/pasqualelembo78/huntix-poi/main/italia/emilia-romagna/venezia/pages/cafe_molinari_45.4350_12.3419.json,custom
45.435015,12.341621,ov_bacaro_magnabevitasi_45.4350_12.3416,Bacaro Magnabevitasi,RESTAURANT,bar_cafe,https://raw.githubusercontent.com/pasqualelembo78/huntix-poi/main/italia/emilia-romagna/venezia/pages/bacaro_magnabevitasi_45.4350_12.3416.json,custom
45.435101,12.341299,ov_birreria_penasa_2_0_45.4351_12.3413,Birreria Penasa 2.0,RESTAURANT,bar_cafe,https://raw.githubusercontent.com/pasqualelembo78/huntix-poi/main/italia/emilia-romagna/venezia/pages/birreria_penasa_20_45.4351_12.3413.json,custom
45.435070,12.339161,ov_bar_al_campanile_45.4351_12.3392,Bar Al Campanile,RESTAURANT,bar_cafe,https://raw.githubusercontent.com/pasqualelembo78/huntix-poi/main/italia/emilia-romagna/venezia/pages/bar_al_campanile_45.4351_12.3392.json,custom
45.435020,12.337547,ov_caf__venezia_45.4350_12.3375,Café Venezia,RESTAURANT,bar_cafe,https://raw.githubusercontent.com/pasqualelembo78/huntix-poi/main/italia/emilia-romagna/venezia/pages/caf_venezia_45.4350_12.3375.json,custom
45.435018,12.339564,ov_bar_ai_do_leoni_45.4350_12.3396,Bar Ai Do Leoni,RESTAURANT,bar_cafe,https://raw.githubusercontent.com/pasqualelembo78/huntix-poi/main/italia/emilia-romagna/venezia/pages/bar_ai_do_leoni_45.4350_12.3396.json,custom
45.435059,12.333798,ov_movie_bistrot_e_wifi_caf__al_rossini_45.4351_12.3338,Movie Bistrot e Wifi Cafè Al Rossini,RESTAURANT,bar_cafe,https://raw.githubusercontent.com/pasqualelembo78/huntix-poi/main/italia/emilia-romagna/venezia/pages/movie_bistrot_e_wifi_caf_al_rossini_45.4351_12.3338.json,custom
45.435272,12.338520,ov_al_vecio_gopion_45.4353_12.3385,Al Vecio Gopion,RESTAURANT,bar_cafe,https://raw.githubusercontent.com/pasqualelembo78/huntix-poi/main/italia/emilia-romagna/venezia/pages/al_vecio_gopion_45.4353_12.3385.json,custom
45.435239,12.339413,ov_caffe_vero_45.4352_12.3394,Caffe Vero,RESTAURANT,bar_cafe,https://raw.githubusercontent.com/pasqualelembo78/huntix-poi/main/italia/emilia-romagna/venezia/pages/caffe_vero_45.4352_12.3394.json,custom
45.435156,12.341299,ov_bra_s_cocktail_bar_45.4352_12.3413,Bra's Cocktail Bar,RESTAURANT,bar_cafe,https://raw.githubusercontent.com/pasqualelembo78/huntix-poi/main/italia/emilia-romagna/venezia/pages/bras_cocktail_bar_45.4352_12.3413.json,custom
45.435148,12.341544,ov_magna_bevi_tasi_45.4351_12.3415,Magna Bevi Tasi,RESTAURANT,bar_cafe,https://raw.githubusercontent.com/pasqualelembo78/huntix-poi/main/italia/emilia-romagna/venezia/pages/magna_bevi_tasi_45.4351_12.3415.json,custom
45.435546,12.333568,ov_rivoire_venezia_45.4355_12.3336,Rivoire Venezia,RESTAURANT,bar_cafe,https://raw.githubusercontent.com/pasqualelembo78/huntix-poi/main/italia/emilia-romagna/venezia/pages/rivoire_venezia_45.4355_12.3336.json,custom
45.435628,12.327681,ov_niki_bar_45.4356_12.3277,Niki Bar,RESTAURANT,bar_cafe,https://raw.githubusercontent.com/pasqualelembo78/huntix-poi/main/italia/emilia-romagna/venezia/pages/niki_bar_45.4356_12.3277.json,custom
45.435201,12.323964,ov_chet_bar_45.4352_12.3240,Chet Bar,RESTAURANT,bar_cafe,https://raw.githubusercontent.com/pasqualelembo78/huntix-poi/main/italia/emilia-romagna/venezia/pages/chet_bar_45.4352_12.3240.json,custom
45.435570,12.324304,ov_vini_da_sam_45.4356_12.3243,Vini Da Sam,RESTAURANT,bar_cafe,https://raw.githubusercontent.com/pasqualelembo78/huntix-poi/main/italia/emilia-romagna/venezia/pages/vini_da_sam_45.4356_12.3243.json,custom
45.434119,12.317005,ov_bar_al_canton_45.4341_12.3170,Bar Al Canton,RESTAURANT,bar_cafe,https://raw.githubusercontent.com/pasqualelembo78/huntix-poi/main/italia/emilia-romagna/venezia/pages/bar_al_canton_45.4341_12.3170.json,custom
45.433692,12.315393,ov_bar_santa_marta_45.4337_12.3154,Bar Santa Marta,RESTAURANT,bar_cafe,https://raw.githubusercontent.com/pasqualelembo78/huntix-poi/main/italia/emilia-romagna/venezia/pages/bar_santa_marta_45.4337_12.3154.json,custom
45.432755,12.317495,ov_vintioto_45.4328_12.3175,Vintioto,RESTAURANT,bar_cafe,https://raw.githubusercontent.com/pasqualelembo78/huntix-poi/main/italia/emilia-romagna/venezia/pages/vintioto_45.4328_12.3175.json,custom
45.432190,12.314066,ov_hum_us_venezia_45.4322_12.3141,Hum.us Venezia,RESTAURANT,bar_cafe,https://raw.githubusercontent.com/pasqualelembo78/huntix-poi/main/italia/emilia-romagna/venezia/pages/humus_venezia_45.4322_12.3141.json,custom
45.431797,12.314940,ov_santa_marta_caf__45.4318_12.3149,Santa Marta Cafè,RESTAURANT,bar_cafe,https://raw.githubusercontent.com/pasqualelembo78/huntix-poi/main/italia/emilia-romagna/venezia/pages/santa_marta_caf_45.4318_12.3149.json,custom
45.431317,12.318163,ov_arterminal_45.4313_12.3182,Arterminal,RESTAURANT,bar_cafe,https://raw.githubusercontent.com/pasqualelembo78/huntix-poi/main/italia/emilia-romagna/venezia/pages/arterminal_45.4313_12.3182.json,custom
45.431252,12.320816,ov_terminal_2_0_45.4313_12.3208,Terminal 2.0,RESTAURANT,bar_cafe,https://raw.githubusercontent.com/pasqualelembo78/huntix-poi/main/italia/emilia-romagna/venezia/pages/terminal_20_45.4313_12.3208.json,custom
45.431250,12.324600,ov_c__la_boheme_45.4312_12.3246,Cà La Boheme,RESTAURANT,bar_cafe,https://raw.githubusercontent.com/pasqualelembo78/huntix-poi/main/italia/emilia-romagna/venezia/pages/c_la_boheme_45.4312_12.3246.json,custom
45.431720,12.326730,ov_bar_ae_maravegie_45.4317_12.3267,Bar ae Maravegie,RESTAURANT,bar_cafe,https://raw.githubusercontent.com/pasqualelembo78/huntix-poi/main/italia/emilia-romagna/venezia/pages/bar_ae_maravegie_45.4317_12.3267.json,custom
45.431603,12.327951,ov_bar_accademia_45.4316_12.3280,Bar Accademia,RESTAURANT,bar_cafe,https://raw.githubusercontent.com/pasqualelembo78/huntix-poi/main/italia/emilia-romagna/venezia/pages/bar_accademia_45.4316_12.3280.json,custom
45.431594,12.333121,ov_bar_longhi_45.4316_12.3331,Bar Longhi,RESTAURANT,bar_cafe,https://raw.githubusercontent.com/pasqualelembo78/huntix-poi/main/italia/emilia-romagna/venezia/pages/bar_longhi_45.4316_12.3331.json,custom
45.431538,12.333206,ov_riva_lounge_45.4315_12.3332,Riva Lounge,RESTAURANT,bar_cafe,https://raw.githubusercontent.com/pasqualelembo78/huntix-poi/main/italia/emilia-romagna/venezia/pages/riva_lounge_45.4315_12.3332.json,custom
45.431992,12.320641,ov_blu_bar_45.4320_12.3206,Blu Bar,RESTAURANT,bar_cafe,https://raw.githubusercontent.com/pasqualelembo78/huntix-poi/main/italia/emilia-romagna/venezia/pages/blu_bar_45.4320_12.3206.json,custom
45.432149,12.321350,ov_danilo_venezia_wine_45.4321_12.3213,Danilo Venezia Wine,RESTAURANT,bar_cafe,https://raw.githubusercontent.com/pasqualelembo78/huntix-poi/main/italia/emilia-romagna/venezia/pages/danilo_venezia_wine_45.4321_12.3213.json,custom
45.432453,12.332673,ov_tarnowska_s_american_bar_45.4325_12.3327,Tarnowska's American Bar,RESTAURANT,bar_cafe,https://raw.githubusercontent.com/pasqualelembo78/huntix-poi/main/italia/emilia-romagna/venezia/pages/tarnowskas_american_bar_45.4325_12.3327.json,custom
45.432757,12.332192,ov_bar_redentore_45.4328_12.3322,Bar Redentore,RESTAURANT,bar_cafe,https://raw.githubusercontent.com/pasqualelembo78/huntix-poi/main/italia/emilia-romagna/venezia/pages/bar_redentore_45.4328_12.3322.json,custom
45.432879,12.322251,ov_copisteria_c__foscari_45.4329_12.3223,Copisteria Cà Foscari,RESTAURANT,bar_cafe,https://raw.githubusercontent.com/pasqualelembo78/huntix-poi/main/italia/emilia-romagna/venezia/pages/copisteria_c_foscari_45.4329_12.3223.json,custom
45.432933,12.325209,ov_bar_ai_artisti_45.4329_12.3252,Bar Ai Artisti,RESTAURANT,bar_cafe,https://raw.githubusercontent.com/pasqualelembo78/huntix-poi/main/italia/emilia-romagna/venezia/pages/bar_ai_artisti_45.4329_12.3252.json,custom
45.432920,12.324783,ov_do_ve_dorsoduro_venezia_45.4329_12.3248,DO.VE Dorsoduro Venezia,RESTAURANT,bar_cafe,https://raw.githubusercontent.com/pasqualelembo78/huntix-poi/main/italia/emilia-romagna/venezia/pages/dove_dorsoduro_venezia_45.4329_12.3248.json,custom
45.433040,12.325021,ov_caffe_bar_45.4330_12.3250,Caffe Bar,RESTAURANT,bar_cafe,https://raw.githubusercontent.com/pasqualelembo78/huntix-poi/main/italia/emilia-romagna/venezia/pages/caffe_bar_45.4330_12.3250.json,custom
45.433398,12.324402,ov_imagina_cafe_45.4334_12.3244,Imagina Cafe,RESTAURANT,bar_cafe,https://raw.githubusercontent.com/pasqualelembo78/huntix-poi/main/italia/emilia-romagna/venezia/pages/imagina_cafe_45.4334_12.3244.json,custom
45.433411,12.330736,ov_terrazza_aperol___venezia_45.4334_12.3307,Terrazza Aperol - Venezia,RESTAURANT,bar_cafe,https://raw.githubusercontent.com/pasqualelembo78/huntix-poi/main/italia/emilia-romagna/venezia/pages/terrazza_aperol_-_venezia_45.4334_12.3307.json,custom
45.433221,12.330664,ov_le_cafe_45.4332_12.3307,Le Cafe,RESTAURANT,bar_cafe,https://raw.githubusercontent.com/pasqualelembo78/huntix-poi/main/italia/emilia-romagna/venezia/pages/le_cafe_45.4332_12.3307.json,custom
45.433430,12.339470,ov_gran_caffe_chioggia_45.4334_12.3395,Gran Caffe Chioggia,RESTAURANT,bar_cafe,https://raw.githubusercontent.com/pasqualelembo78/huntix-poi/main/italia/emilia-romagna/venezia/pages/gran_caffe_chioggia_45.4334_12.3395.json,custom
45.432889,12.334168,ov_bar_caravellino_45.4329_12.3342,Bar Caravellino,RESTAURANT,bar_cafe,https://raw.githubusercontent.com/pasqualelembo78/huntix-poi/main/italia/emilia-romagna/venezia/pages/bar_caravellino_45.4329_12.3342.json,custom
45.432622,12.337846,ov_illy_caffe_45.4326_12.3378,Illy Caffe,RESTAURANT,bar_cafe,https://raw.githubusercontent.com/pasqualelembo78/huntix-poi/main/italia/emilia-romagna/venezia/pages/illy_caffe_45.4326_12.3378.json,custom
45.432364,12.335423,ov_arts_bar_venice_45.4324_12.3354,Arts Bar Venice,RESTAURANT,bar_cafe,https://raw.githubusercontent.com/pasqualelembo78/huntix-poi/main/italia/emilia-romagna/venezia/pages/arts_bar_venice_45.4324_12.3354.json,custom
45.432401,12.336015,ov_bar_canale_45.4324_12.3360,Bar Canale,RESTAURANT,bar_cafe,https://raw.githubusercontent.com/pasqualelembo78/huntix-poi/main/italia/emilia-romagna/venezia/pages/bar_canale_45.4324_12.3360.json,custom
45.432432,12.337203,ov_harry_s_bar_45.4324_12.3372,Harry's Bar,RESTAURANT,bar_cafe,https://raw.githubusercontent.com/pasqualelembo78/huntix-poi/main/italia/emilia-romagna/venezia/pages/harrys_bar_45.4324_12.3372.json,custom
45.432363,12.355459,ov_pasticceria_pitteri_manuela_45.4324_12.3555,Pasticceria Pitteri Manuela,RESTAURANT,bar_cafe,https://raw.githubusercontent.com/pasqualelembo78/huntix-poi/main/italia/emilia-romagna/venezia/pages/pasticceria_pitteri_manuela_45.4324_12.3555.json,custom
45.432541,12.355585,ov_bar_alle_colonnette_45.4325_12.3556,Bar Alle Colonnette,RESTAURANT,bar_cafe,https://raw.githubusercontent.com/pasqualelembo78/huntix-poi/main/italia/emilia-romagna/venezia/pages/bar_alle_colonnette_45.4325_12.3556.json,custom
45.432515,12.355170,ov_bar_mio_45.4325_12.3552,Bar Mio,RESTAURANT,bar_cafe,https://raw.githubusercontent.com/pasqualelembo78/huntix-poi/main/italia/emilia-romagna/venezia/pages/bar_mio_45.4325_12.3552.json,custom
45.432205,12.353598,ov_ae_do_ombre_45.4322_12.3536,Ae do Ombre,RESTAURANT,bar_cafe,https://raw.githubusercontent.com/pasqualelembo78/huntix-poi/main/italia/emilia-romagna/venezia/pages/ae_do_ombre_45.4322_12.3536.json,custom
45.432227,12.352346,ov_la_barrique_wine_bar_45.4322_12.3523,La Barrique Wine Bar,RESTAURANT,bar_cafe,https://raw.githubusercontent.com/pasqualelembo78/huntix-poi/main/italia/emilia-romagna/venezia/pages/la_barrique_wine_bar_45.4322_12.3523.json,custom
45.432227,12.352323,ov_basego_45.4322_12.3523,Basego,RESTAURANT,bar_cafe,https://raw.githubusercontent.com/pasqualelembo78/huntix-poi/main/italia/emilia-romagna/venezia/pages/basego_45.4322_12.3523.json,custom
45.432207,12.351338,ov_bar_al_calice_45.4322_12.3513,Bar Al Calice,RESTAURANT,bar_cafe,https://raw.githubusercontent.com/pasqualelembo78/huntix-poi/main/italia/emilia-romagna/venezia/pages/bar_al_calice_45.4322_12.3513.json,custom
45.432276,12.350360,ov_wine_bar_angio_45.4323_12.3504,Wine bar Angio,RESTAURANT,bar_cafe,https://raw.githubusercontent.com/pasqualelembo78/huntix-poi/main/italia/emilia-romagna/venezia/pages/wine_bar_angio_45.4323_12.3504.json,custom
45.432098,12.351329,ov_snack_bar_castello_45.4321_12.3513,Snack Bar Castello,RESTAURANT,bar_cafe,https://raw.githubusercontent.com/pasqualelembo78/huntix-poi/main/italia/emilia-romagna/venezia/pages/snack_bar_castello_45.4321_12.3513.json,custom
45.432161,12.352299,ov_majer_via_garibaldi_45.4322_12.3523,MAJER Via Garibaldi,RESTAURANT,bar_cafe,https://raw.githubusercontent.com/pasqualelembo78/huntix-poi/main/italia/emilia-romagna/venezia/pages/majer_via_garibaldi_45.4322_12.3523.json,custom
45.432104,12.352491,ov_el_refolo_45.4321_12.3525,El Refolo,RESTAURANT,bar_cafe,https://raw.githubusercontent.com/pasqualelembo78/huntix-poi/main/italia/emilia-romagna/venezia/pages/el_refolo_45.4321_12.3525.json,custom
45.432016,12.351393,ov_bar_melograno_45.4320_12.3514,Bar Melograno,RESTAURANT,bar_cafe,https://raw.githubusercontent.com/pasqualelembo78/huntix-poi/main/italia/emilia-romagna/venezia/pages/bar_melograno_45.4320_12.3514.json,custom
45.429383,12.344746,ov_cafe_and_bar_san_giorgio_45.4294_12.3447,Cafe and Bar San Giorgio,RESTAURANT,bar_cafe,https://raw.githubusercontent.com/pasqualelembo78/huntix-poi/main/italia/emilia-romagna/venezia/pages/cafe_and_bar_san_giorgio_45.4294_12.3447.json,custom
45.429311,12.327473,ov_laguna_bar_gelateria_45.4293_12.3275,Laguna Bar Gelateria,RESTAURANT,bar_cafe,https://raw.githubusercontent.com/pasqualelembo78/huntix-poi/main/italia/emilia-romagna/venezia/pages/laguna_bar_gelateria_45.4293_12.3275.json,custom
45.430436,12.322956,ov_il_porto_lounge_bar_45.4304_12.3230,Il Porto Lounge Bar,RESTAURANT,bar_cafe,https://raw.githubusercontent.com/pasqualelembo78/huntix-poi/main/italia/emilia-romagna/venezia/pages/il_porto_lounge_bar_45.4304_12.3230.json,custom
45.430649,12.331638,ov_museum_cafe_45.4306_12.3316,Museum Cafe,RESTAURANT,bar_cafe,https://raw.githubusercontent.com/pasqualelembo78/huntix-poi/main/italia/emilia-romagna/venezia/pages/museum_cafe_45.4306_12.3316.json,custom
45.430436,12.330750,ov_corner_pub_45.4304_12.3307,Corner Pub,RESTAURANT,bar_cafe,https://raw.githubusercontent.com/pasqualelembo78/huntix-poi/main/italia/emilia-romagna/venezia/pages/corner_pub_45.4304_12.3307.json,custom
45.431201,12.328928,ov_bar_foscarini_45.4312_12.3289,Bar Foscarini,RESTAURANT,bar_cafe,https://raw.githubusercontent.com/pasqualelembo78/huntix-poi/main/italia/emilia-romagna/venezia/pages/bar_foscarini_45.4312_12.3289.json,custom
45.430682,12.329327,ov_caffe_poggi_45.4307_12.3293,Caffe Poggi,RESTAURANT,bar_cafe,https://raw.githubusercontent.com/pasqualelembo78/huntix-poi/main/italia/emilia-romagna/venezia/pages/caffe_poggi_45.4307_12.3293.json,custom
45.430931,12.326672,ov_cantine_del_vino_gia_schiavi_45.4309_12.3267,Cantine del Vino gia Schiavi,RESTAURANT,bar_cafe,https://raw.githubusercontent.com/pasqualelembo78/huntix-poi/main/italia/emilia-romagna/venezia/pages/cantine_del_vino_gia_schiavi_45.4309_12.3267.json,custom
45.428260,12.319872,ov_rialto_bar_45.4283_12.3199,Rialto Bar,RESTAURANT,bar_cafe,https://raw.githubusercontent.com/pasqualelembo78/huntix-poi/main/italia/emilia-romagna/venezia/pages/rialto_bar_45.4283_12.3199.json,custom
45.427774,12.314444,ov_bar_da_niky_e_lela_45.4278_12.3144,Bar da Niky e Lela,RESTAURANT,bar_cafe,https://raw.githubusercontent.com/pasqualelembo78/huntix-poi/main/italia/emilia-romagna/venezia/pages/bar_da_niky_e_lela_45.4278_12.3144.json,custom
45.427555,12.319910,ov_skyline_rooftop_bar_45.4276_12.3199,Skyline Rooftop Bar,RESTAURANT,bar_cafe,https://raw.githubusercontent.com/pasqualelembo78/huntix-poi/main/italia/emilia-romagna/venezia/pages/skyline_rooftop_bar_45.4276_12.3199.json,custom
45.426974,12.339026,ov_palladio_bar_45.4270_12.3390,Palladio Bar,RESTAURANT,bar_cafe,https://raw.githubusercontent.com/pasqualelembo78/huntix-poi/main/italia/emilia-romagna/venezia/pages/palladio_bar_45.4270_12.3390.json,custom
45.426917,12.360320,ov_vincent_bar_45.4269_12.3603,Vincent Bar,RESTAURANT,bar_cafe,https://raw.githubusercontent.com/pasqualelembo78/huntix-poi/main/italia/emilia-romagna/venezia/pages/vincent_bar_45.4269_12.3603.json,custom
45.430110,12.378044,ov_chiosco_bar_ex_cappuccetto_rosso_45.4301_12.3780,Chiosco Bar Ex Cappuccetto Rosso,RESTAURANT,bar_cafe,https://raw.githubusercontent.com/pasqualelembo78/huntix-poi/main/italia/emilia-romagna/venezia/pages/chiosco_bar_ex_cappuccetto_rosso_45.4301_12.3780.json,custom
45.422947,12.384614,ov_chiosco_bar_pedrocchi_45.4229_12.3846,Chiosco Bar Pedrocchi,RESTAURANT,bar_cafe,https://raw.githubusercontent.com/pasqualelembo78/huntix-poi/main/italia/emilia-romagna/venezia/pages/chiosco_bar_pedrocchi_45.4229_12.3846.json,custom
45.423240,12.385101,ov_chiosco_da_gianni_e_marco_45.4232_12.3851,Chiosco da Gianni e Marco,RESTAURANT,bar_cafe,https://raw.githubusercontent.com/pasqualelembo78/huntix-poi/main/italia/emilia-romagna/venezia/pages/chiosco_da_gianni_e_marco_45.4232_12.3851.json,custom
45.423370,12.384890,ov_chiosco_rosso_45.4234_12.3849,Chiosco Rosso,RESTAURANT,bar_cafe,https://raw.githubusercontent.com/pasqualelembo78/huntix-poi/main/italia/emilia-romagna/venezia/pages/chiosco_rosso_45.4234_12.3849.json,custom
45.426580,12.361180,ov_atelier___bar_24_ore___s_elena___venezia_45.4266_12.3612,Atelier - Bar 24 Ore - S.Elena - Venezia,RESTAURANT,bar_cafe,https://raw.githubusercontent.com/pasqualelembo78/huntix-poi/main/italia/emilia-romagna/venezia/pages/atelier_-_bar_24_ore_-_selena_-_venezia_45.4266_12.3612.json,custom
45.425380,12.322540,ov_bar_ae_maraveje_45.4254_12.3225,Bar ae Maraveje,RESTAURANT,bar_cafe,https://raw.githubusercontent.com/pasqualelembo78/huntix-poi/main/italia/emilia-romagna/venezia/pages/bar_ae_maraveje_45.4254_12.3225.json,custom
45.425670,12.336760,ov_bar_maleti_45.4257_12.3368,Bar Maleti,RESTAURANT,bar_cafe,https://raw.githubusercontent.com/pasqualelembo78/huntix-poi/main/italia/emilia-romagna/venezia/pages/bar_maleti_45.4257_12.3368.json,custom
45.425953,12.337943,ov_pasticceria_stella_45.4260_12.3379,Pasticceria Stella,RESTAURANT,bar_cafe,https://raw.githubusercontent.com/pasqualelembo78/huntix-poi/main/italia/emilia-romagna/venezia/pages/pasticceria_stella_45.4260_12.3379.json,custom
45.425988,12.336431,ov_bar_da_monica_45.4260_12.3364,Bar Da Monica,RESTAURANT,bar_cafe,https://raw.githubusercontent.com/pasqualelembo78/huntix-poi/main/italia/emilia-romagna/venezia/pages/bar_da_monica_45.4260_12.3364.json,custom
45.426575,12.340980,ov_cip_s_club_45.4266_12.3410,Cip's Club,RESTAURANT,bar_cafe,https://raw.githubusercontent.com/pasqualelembo78/huntix-poi/main/italia/emilia-romagna/venezia/pages/cips_club_45.4266_12.3410.json,custom
45.426441,12.326156,ov_majer_giudecca_45.4264_12.3262,MAJER Giudecca,RESTAURANT,bar_cafe,https://raw.githubusercontent.com/pasqualelembo78/huntix-poi/main/italia/emilia-romagna/venezia/pages/majer_giudecca_45.4264_12.3262.json,custom
45.426412,12.326277,ov_bacaro_per_caso_45.4264_12.3263,Bacaro Per Caso,RESTAURANT,bar_cafe,https://raw.githubusercontent.com/pasqualelembo78/huntix-poi/main/italia/emilia-romagna/venezia/pages/bacaro_per_caso_45.4264_12.3263.json,custom
45.417878,12.378909,ov_chiosco_bahiano_45.4179_12.3789,Chiosco Bahiano,RESTAURANT,bar_cafe,https://raw.githubusercontent.com/pasqualelembo78/huntix-poi/main/italia/emilia-romagna/venezia/pages/chiosco_bahiano_45.4179_12.3789.json,custom
45.419403,12.379936,ov_bar_self_service_pala_2___venezia_spiagg_45.4194_12.3799,Bar-Self Service Pala 2 - Venezia Spiagge,RESTAURANT,bar_cafe,https://raw.githubusercontent.com/pasqualelembo78/huntix-poi/main/italia/emilia-romagna/venezia/pages/bar-self_service_pala_2_-_venezia_spiagg_45.4194_12.3799.json,custom
45.419201,12.380355,ov_chiosco_da_nato_45.4192_12.3804,Chiosco Da Nato,RESTAURANT,bar_cafe,https://raw.githubusercontent.com/pasqualelembo78/huntix-poi/main/italia/emilia-romagna/venezia/pages/chiosco_da_nato_45.4192_12.3804.json,custom
45.458420,12.213374,ov_il_centro_tramezzini___dintorni___nave_d_45.4584_12.2134,Il Centro Tramezzini & Dintorni - Nave de Vero,RESTAURANT,bar_cafe,https://raw.githubusercontent.com/pasqualelembo78/huntix-poi/main/italia/emilia-romagna/venezia/pages/il_centro_tramezzini_dintorni_-_nave_de__45.4584_12.2134.json,custom
45.459551,12.212731,ov_caffe_diemme_45.4596_12.2127,Caffe Diemme,RESTAURANT,bar_cafe,https://raw.githubusercontent.com/pasqualelembo78/huntix-poi/main/italia/emilia-romagna/venezia/pages/caffe_diemme_45.4596_12.2127.json,custom
45.457499,12.185403,ov_tantra_caf__45.4575_12.1854,Tantra Cafè,RESTAURANT,bar_cafe,https://raw.githubusercontent.com/pasqualelembo78/huntix-poi/main/italia/emilia-romagna/venezia/pages/tantra_caf_45.4575_12.1854.json,custom
45.461145,12.213974,ov_melluso_45.4611_12.2140,Melluso,RESTAURANT,bar_cafe,https://raw.githubusercontent.com/pasqualelembo78/huntix-poi/main/italia/emilia-romagna/venezia/pages/melluso_45.4611_12.2140.json,custom
45.462288,12.210986,ov_ga_ri__service_di_fassina_daniele_45.4623_12.2110,Ga.Ri. Service di Fassina Daniele,RESTAURANT,bar_cafe,https://raw.githubusercontent.com/pasqualelembo78/huntix-poi/main/italia/emilia-romagna/venezia/pages/gari_service_di_fassina_daniele_45.4623_12.2110.json,custom
45.484470,12.188970,ov_magna_e_bevi_chirignago_45.4845_12.1890,Magna e Bevi Chirignago,RESTAURANT,bar_cafe,https://raw.githubusercontent.com/pasqualelembo78/huntix-poi/main/italia/emilia-romagna/venezia/pages/magna_e_bevi_chirignago_45.4845_12.1890.json,custom
45.483385,12.192816,ov_la_cantina_del_buongusto_45.4834_12.1928,La Cantina Del Buongusto,RESTAURANT,bar_cafe,https://raw.githubusercontent.com/pasqualelembo78/huntix-poi/main/italia/emilia-romagna/venezia/pages/la_cantina_del_buongusto_45.4834_12.1928.json,custom
45.484810,12.203120,ov_emme_duecentocinque_bar_45.4848_12.2031,Emme Duecentocinque Bar,RESTAURANT,bar_cafe,https://raw.githubusercontent.com/pasqualelembo78/huntix-poi/main/italia/emilia-romagna/venezia/pages/emme_duecentocinque_bar_45.4848_12.2031.json,custom
45.484810,12.203120,ov_m205_45.4848_12.2031,M205,RESTAURANT,bar_cafe,https://raw.githubusercontent.com/pasqualelembo78/huntix-poi/main/italia/emilia-romagna/venezia/pages/m205_45.4848_12.2031.json,custom
45.485215,12.212925,ov_enoteca_divino_45.4852_12.2129,Enoteca DiVino,RESTAURANT,bar_cafe,https://raw.githubusercontent.com/pasqualelembo78/huntix-poi/main/italia/emilia-romagna/venezia/pages/enoteca_divino_45.4852_12.2129.json,custom
45.485281,12.213967,ov_la_locanda_del_druido_45.4853_12.2140,La Locanda del Druido,RESTAURANT,bar_cafe,https://raw.githubusercontent.com/pasqualelembo78/huntix-poi/main/italia/emilia-romagna/venezia/pages/la_locanda_del_druido_45.4853_12.2140.json,custom
45.486302,12.210121,ov_snack_bar_caffetteria_marco_and_stella_45.4863_12.2101,Snack Bar Caffetteria Marco and Stella,RESTAURANT,bar_cafe,https://raw.githubusercontent.com/pasqualelembo78/huntix-poi/main/italia/emilia-romagna/venezia/pages/snack_bar_caffetteria_marco_and_stella_45.4863_12.2101.json,custom
45.495061,12.156691,ov_pasticceria_de_fiorenze_45.4951_12.1567,Pasticceria De Fiorenze,RESTAURANT,bar_cafe,https://raw.githubusercontent.com/pasqualelembo78/huntix-poi/main/italia/emilia-romagna/venezia/pages/pasticceria_de_fiorenze_45.4951_12.1567.json,custom
45.497415,12.182961,ov_bar_colibri_45.4974_12.1830,Bar Colibri,RESTAURANT,bar_cafe,https://raw.githubusercontent.com/pasqualelembo78/huntix-poi/main/italia/emilia-romagna/venezia/pages/bar_colibri_45.4974_12.1830.json,custom
45.485280,12.420246,ov_da_forner_burano_45.4853_12.4202,Da Forner Burano,RESTAURANT,bar_cafe,https://raw.githubusercontent.com/pasqualelembo78/huntix-poi/main/italia/emilia-romagna/venezia/pages/da_forner_burano_45.4853_12.4202.json,custom
45.484495,12.419601,ov_da_gigetto_45.4845_12.4196,Da Gigetto,RESTAURANT,bar_cafe,https://raw.githubusercontent.com/pasqualelembo78/huntix-poi/main/italia/emilia-romagna/venezia/pages/da_gigetto_45.4845_12.4196.json,custom
45.484353,12.416638,ov_tipico_103_45.4844_12.4166,Tipico 103,RESTAURANT,bar_cafe,https://raw.githubusercontent.com/pasqualelembo78/huntix-poi/main/italia/emilia-romagna/venezia/pages/tipico_103_45.4844_12.4166.json,custom
45.484821,12.415089,ov_in_pescaria_vecia_45.4848_12.4151,In Pescaria Vecia,RESTAURANT,bar_cafe,https://raw.githubusercontent.com/pasqualelembo78/huntix-poi/main/italia/emilia-romagna/venezia/pages/in_pescaria_vecia_45.4848_12.4151.json,custom
45.484610,12.418560,ov_3_santi_45.4846_12.4186,3 SANTI,RESTAURANT,bar_cafe,https://raw.githubusercontent.com/pasqualelembo78/huntix-poi/main/italia/emilia-romagna/venezia/pages/3_santi_45.4846_12.4186.json,custom
45.485088,12.417750,ov_laguna_bar_45.4851_12.4178,Laguna Bar,RESTAURANT,bar_cafe,https://raw.githubusercontent.com/pasqualelembo78/huntix-poi/main/italia/emilia-romagna/venezia/pages/laguna_bar_45.4851_12.4178.json,custom
45.485558,12.417569,ov_ninfea_45.4856_12.4176,Ninfea,RESTAURANT,bar_cafe,https://raw.githubusercontent.com/pasqualelembo78/huntix-poi/main/italia/emilia-romagna/venezia/pages/ninfea_45.4856_12.4176.json,custom
45.486104,12.416061,ov_eceoro_45.4861_12.4161,Eceoro,RESTAURANT,bar_cafe,https://raw.githubusercontent.com/pasqualelembo78/huntix-poi/main/italia/emilia-romagna/venezia/pages/eceoro_45.4861_12.4161.json,custom
45.486900,12.416387,ov_bar_primavera_45.4869_12.4164,Bar Primavera,RESTAURANT,bar_cafe,https://raw.githubusercontent.com/pasqualelembo78/huntix-poi/main/italia/emilia-romagna/venezia/pages/bar_primavera_45.4869_12.4164.json,custom
45.499695,12.246921,ov_mary_bar_45.4997_12.2469,Mary Bar,RESTAURANT,bar_cafe,https://raw.githubusercontent.com/pasqualelembo78/huntix-poi/main/italia/emilia-romagna/venezia/pages/mary_bar_45.4997_12.2469.json,custom
45.495096,12.235729,ov_bar_s__patrizio_45.4951_12.2357,Bar S. Patrizio,RESTAURANT,bar_cafe,https://raw.githubusercontent.com/pasqualelembo78/huntix-poi/main/italia/emilia-romagna/venezia/pages/bar_s_patrizio_45.4951_12.2357.json,custom
45.495570,12.241420,ov_starbar_45.4956_12.2414,Starbar,RESTAURANT,bar_cafe,https://raw.githubusercontent.com/pasqualelembo78/huntix-poi/main/italia/emilia-romagna/venezia/pages/starbar_45.4956_12.2414.json,custom
45.495558,12.241411,ov_barroca_bottiglieria_45.4956_12.2414,Barroca Bottiglieria,RESTAURANT,bar_cafe,https://raw.githubusercontent.com/pasqualelembo78/huntix-poi/main/italia/emilia-romagna/venezia/pages/barroca_bottiglieria_45.4956_12.2414.json,custom
45.495414,12.241226,ov_nudi_e_crudi_cocktail_club_45.4954_12.2412,nudi e crudi Cocktail Club,RESTAURANT,bar_cafe,https://raw.githubusercontent.com/pasqualelembo78/huntix-poi/main/italia/emilia-romagna/venezia/pages/nudi_e_crudi_cocktail_club_45.4954_12.2412.json,custom
45.495339,12.241303,ov_la_quarta_via_45.4953_12.2413,La Quarta Via,RESTAURANT,bar_cafe,https://raw.githubusercontent.com/pasqualelembo78/huntix-poi/main/italia/emilia-romagna/venezia/pages/la_quarta_via_45.4953_12.2413.json,custom
45.495166,12.241313,ov_marais_wine_and_cocktails_45.4952_12.2413,Marais Wine and Cocktails,RESTAURANT,bar_cafe,https://raw.githubusercontent.com/pasqualelembo78/huntix-poi/main/italia/emilia-romagna/venezia/pages/marais_wine_and_cocktails_45.4952_12.2413.json,custom
45.495281,12.241261,ov_osteria_perbacco_45.4953_12.2413,Osteria Perbacco,RESTAURANT,bar_cafe,https://raw.githubusercontent.com/pasqualelembo78/huntix-poi/main/italia/emilia-romagna/venezia/pages/osteria_perbacco_45.4953_12.2413.json,custom
45.494863,12.241385,ov_bar_monetine_45.4949_12.2414,Bar Monetine,RESTAURANT,bar_cafe,https://raw.githubusercontent.com/pasqualelembo78/huntix-poi/main/italia/emilia-romagna/venezia/pages/bar_monetine_45.4949_12.2414.json,custom
45.494874,12.242847,ov_osteria_birreria_la_torre_45.4949_12.2428,Osteria Birreria La Torre,RESTAURANT,bar_cafe,https://raw.githubusercontent.com/pasqualelembo78/huntix-poi/main/italia/emilia-romagna/venezia/pages/osteria_birreria_la_torre_45.4949_12.2428.json,custom
45.494909,12.243656,ov_bar_il_mondo_45.4949_12.2437,Bar Il Mondo,RESTAURANT,bar_cafe,https://raw.githubusercontent.com/pasqualelembo78/huntix-poi/main/italia/emilia-romagna/venezia/pages/bar_il_mondo_45.4949_12.2437.json,custom
45.495021,12.242965,ov_caff__la_torre_45.4950_12.2430,Caffé La Torre,RESTAURANT,bar_cafe,https://raw.githubusercontent.com/pasqualelembo78/huntix-poi/main/italia/emilia-romagna/venezia/pages/caff_la_torre_45.4950_12.2430.json,custom
45.495167,12.242877,ov_caffe_vergnano_45.4952_12.2429,Caffe Vergnano,RESTAURANT,bar_cafe,https://raw.githubusercontent.com/pasqualelembo78/huntix-poi/main/italia/emilia-romagna/venezia/pages/caffe_vergnano_45.4952_12.2429.json,custom
45.495266,12.243294,ov_bar_macao_45.4953_12.2433,Bar Macao,RESTAURANT,bar_cafe,https://raw.githubusercontent.com/pasqualelembo78/huntix-poi/main/italia/emilia-romagna/venezia/pages/bar_macao_45.4953_12.2433.json,custom
45.495161,12.243890,ov_il_foscarini_45.4952_12.2439,Il Foscarini,RESTAURANT,bar_cafe,https://raw.githubusercontent.com/pasqualelembo78/huntix-poi/main/italia/emilia-romagna/venezia/pages/il_foscarini_45.4952_12.2439.json,custom
45.495450,12.243422,ov_civico_31_di_padoan_silvia_45.4955_12.2434,Civico 31 di Padoan Silvia,RESTAURANT,bar_cafe,https://raw.githubusercontent.com/pasqualelembo78/huntix-poi/main/italia/emilia-romagna/venezia/pages/civico_31_di_padoan_silvia_45.4955_12.2434.json,custom
45.495443,12.243592,ov_caffe__pedrotti_di_pedrotti_carlo_45.4954_12.2436,Caffe' Pedrotti di Pedrotti Carlo,RESTAURANT,bar_cafe,https://raw.githubusercontent.com/pasqualelembo78/huntix-poi/main/italia/emilia-romagna/venezia/pages/caffe_pedrotti_di_pedrotti_carlo_45.4954_12.2436.json,custom
45.495553,12.243624,ov_bar_da_ettore_45.4956_12.2436,Bar da Ettore,RESTAURANT,bar_cafe,https://raw.githubusercontent.com/pasqualelembo78/huntix-poi/main/italia/emilia-romagna/venezia/pages/bar_da_ettore_45.4956_12.2436.json,custom
45.495767,12.245863,ov_just___ombre_caff__45.4958_12.2459,Just - ombre&caffè,RESTAURANT,bar_cafe,https://raw.githubusercontent.com/pasqualelembo78/huntix-poi/main/italia/emilia-romagna/venezia/pages/just_-_ombrecaff_45.4958_12.2459.json,custom
45.497336,12.240955,ov_zen_45.4973_12.2410,ZEN,RESTAURANT,bar_cafe,https://raw.githubusercontent.com/pasqualelembo78/huntix-poi/main/italia/emilia-romagna/venezia/pages/zen_45.4973_12.2410.json,custom
45.497753,12.239616,ov_bar_torretta_45.4978_12.2396,BAR Torretta,RESTAURANT,bar_cafe,https://raw.githubusercontent.com/pasqualelembo78/huntix-poi/main/italia/emilia-romagna/venezia/pages/bar_torretta_45.4978_12.2396.json,custom
45.497727,12.238213,ov_vintage_caffe_45.4977_12.2382,Vintage Caffe,RESTAURANT,bar_cafe,https://raw.githubusercontent.com/pasqualelembo78/huntix-poi/main/italia/emilia-romagna/venezia/pages/vintage_caffe_45.4977_12.2382.json,custom
45.496410,12.257730,ov_il_bar_del_bruno_45.4964_12.2577,Il Bar del Bruno,RESTAURANT,bar_cafe,https://raw.githubusercontent.com/pasqualelembo78/huntix-poi/main/italia/emilia-romagna/venezia/pages/il_bar_del_bruno_45.4964_12.2577.json,custom
45.495434,12.248785,ov_bar_vittoria_45.4954_12.2488,Bar Vittoria,RESTAURANT,bar_cafe,https://raw.githubusercontent.com/pasqualelembo78/huntix-poi/main/italia/emilia-romagna/venezia/pages/bar_vittoria_45.4954_12.2488.json,custom
45.495342,12.250547,ov_bar_drink_45.4953_12.2505,Bar drink,RESTAURANT,bar_cafe,https://raw.githubusercontent.com/pasqualelembo78/huntix-poi/main/italia/emilia-romagna/venezia/pages/bar_drink_45.4953_12.2505.json,custom
45.495130,12.250350,ov_exobar_45.4951_12.2503,Exobar,RESTAURANT,bar_cafe,https://raw.githubusercontent.com/pasqualelembo78/huntix-poi/main/italia/emilia-romagna/venezia/pages/exobar_45.4951_12.2503.json,custom
45.496722,12.260742,ov_murano_cafe_45.4967_12.2607,Murano Cafe,RESTAURANT,bar_cafe,https://raw.githubusercontent.com/pasqualelembo78/huntix-poi/main/italia/emilia-romagna/venezia/pages/murano_cafe_45.4967_12.2607.json,custom
45.494066,12.255416,ov_bar_k2_45.4941_12.2554,Bar K2,RESTAURANT,bar_cafe,https://raw.githubusercontent.com/pasqualelembo78/huntix-poi/main/italia/emilia-romagna/venezia/pages/bar_k2_45.4941_12.2554.json,custom
45.493290,12.255080,ov_il_cicchetto_45.4933_12.2551,Il Cicchetto,RESTAURANT,bar_cafe,https://raw.githubusercontent.com/pasqualelembo78/huntix-poi/main/italia/emilia-romagna/venezia/pages/il_cicchetto_45.4933_12.2551.json,custom
45.493807,12.256458,ov_kubo_45.4938_12.2565,Kubo,RESTAURANT,bar_cafe,https://raw.githubusercontent.com/pasqualelembo78/huntix-poi/main/italia/emilia-romagna/venezia/pages/kubo_45.4938_12.2565.json,custom
45.492429,12.243409,ov_bistrot_86_45.4924_12.2434,Bistrot 86,RESTAURANT,bar_cafe,https://raw.githubusercontent.com/pasqualelembo78/huntix-poi/main/italia/emilia-romagna/venezia/pages/bistrot_86_45.4924_12.2434.json,custom
45.492329,12.243238,ov_la_cambusa_45.4923_12.2432,La Cambusa,RESTAURANT,bar_cafe,https://raw.githubusercontent.com/pasqualelembo78/huntix-poi/main/italia/emilia-romagna/venezia/pages/la_cambusa_45.4923_12.2432.json,custom
45.492344,12.242581,ov_alle_barche_45.4923_12.2426,Alle Barche,RESTAURANT,bar_cafe,https://raw.githubusercontent.com/pasqualelembo78/huntix-poi/main/italia/emilia-romagna/venezia/pages/alle_barche_45.4923_12.2426.json,custom
45.492436,12.244526,ov_caff__diemme_45.4924_12.2445,Caffè Diemme,RESTAURANT,bar_cafe,https://raw.githubusercontent.com/pasqualelembo78/huntix-poi/main/italia/emilia-romagna/venezia/pages/caff_diemme_45.4924_12.2445.json,custom
45.492657,12.247856,ov_bar_caffe_degli_artisti_45.4927_12.2479,Bar Caffe Degli Artisti,RESTAURANT,bar_cafe,https://raw.githubusercontent.com/pasqualelembo78/huntix-poi/main/italia/emilia-romagna/venezia/pages/bar_caffe_degli_artisti_45.4927_12.2479.json,custom
45.491619,12.245088,ov_vittoria_movie_45.4916_12.2451,Vittoria Movie,RESTAURANT,bar_cafe,https://raw.githubusercontent.com/pasqualelembo78/huntix-poi/main/italia/emilia-romagna/venezia/pages/vittoria_movie_45.4916_12.2451.json,custom
45.492247,12.242176,ov_bottega_del_caff__dersut_45.4922_12.2422,Bottega del Caffè Dersut,RESTAURANT,bar_cafe,https://raw.githubusercontent.com/pasqualelembo78/huntix-poi/main/italia/emilia-romagna/venezia/pages/bottega_del_caff_dersut_45.4922_12.2422.json,custom
45.492080,12.240070,ov_helmut_mestre_45.4921_12.2401,Helmut Mestre,RESTAURANT,bar_cafe,https://raw.githubusercontent.com/pasqualelembo78/huntix-poi/main/italia/emilia-romagna/venezia/pages/helmut_mestre_45.4921_12.2401.json,custom
45.491676,12.238873,ov_bar_centrale_45.4917_12.2389,Bar Centrale,RESTAURANT,bar_cafe,https://raw.githubusercontent.com/pasqualelembo78/huntix-poi/main/italia/emilia-romagna/venezia/pages/bar_centrale_45.4917_12.2389.json,custom
45.491589,12.238770,ov_aimei_bar_45.4916_12.2388,AIMEI BAR,RESTAURANT,bar_cafe,https://raw.githubusercontent.com/pasqualelembo78/huntix-poi/main/italia/emilia-romagna/venezia/pages/aimei_bar_45.4916_12.2388.json,custom
45.491968,12.239550,ov_alfredo_1962_45.4920_12.2395,Alfredo 1962,RESTAURANT,bar_cafe,https://raw.githubusercontent.com/pasqualelembo78/huntix-poi/main/italia/emilia-romagna/venezia/pages/alfredo_1962_45.4920_12.2395.json,custom
45.492471,12.240007,ov_hanky_panky_45.4925_12.2400,Hanky Panky,RESTAURANT,bar_cafe,https://raw.githubusercontent.com/pasqualelembo78/huntix-poi/main/italia/emilia-romagna/venezia/pages/hanky_panky_45.4925_12.2400.json,custom
45.492560,12.240540,ov_la_tabaqueria_da_paolo_45.4926_12.2405,La Tabaqueria da Paolo,RESTAURANT,bar_cafe,https://raw.githubusercontent.com/pasqualelembo78/huntix-poi/main/italia/emilia-romagna/venezia/pages/la_tabaqueria_da_paolo_45.4926_12.2405.json,custom
45.492572,12.240410,ov_bar_serena_45.4926_12.2404,Bar Serena,RESTAURANT,bar_cafe,https://raw.githubusercontent.com/pasqualelembo78/huntix-poi/main/italia/emilia-romagna/venezia/pages/bar_serena_45.4926_12.2404.json,custom
45.492968,12.242188,ov_ristorante_rondina_8_45.4930_12.2422,Ristorante Rondina 8,RESTAURANT,bar_cafe,https://raw.githubusercontent.com/pasqualelembo78/huntix-poi/main/italia/emilia-romagna/venezia/pages/ristorante_rondina_8_45.4930_12.2422.json,custom
45.492964,12.239672,ov_bar_galleria_mestre_45.4930_12.2397,Bar Galleria Mestre,RESTAURANT,bar_cafe,https://raw.githubusercontent.com/pasqualelembo78/huntix-poi/main/italia/emilia-romagna/venezia/pages/bar_galleria_mestre_45.4930_12.2397.json,custom
45.493017,12.237883,ov_bar_riviera_45.4930_12.2379,Bar riviera,RESTAURANT,bar_cafe,https://raw.githubusercontent.com/pasqualelembo78/huntix-poi/main/italia/emilia-romagna/venezia/pages/bar_riviera_45.4930_12.2379.json,custom
45.493539,12.241084,ov_caffetteria_goppion_45.4935_12.2411,Caffetteria Goppion,RESTAURANT,bar_cafe,https://raw.githubusercontent.com/pasqualelembo78/huntix-poi/main/italia/emilia-romagna/venezia/pages/caffetteria_goppion_45.4935_12.2411.json,custom
45.493541,12.240172,ov_casa_del_caff__45.4935_12.2402,Casa del Caffè,RESTAURANT,bar_cafe,https://raw.githubusercontent.com/pasqualelembo78/huntix-poi/main/italia/emilia-romagna/venezia/pages/casa_del_caff_45.4935_12.2402.json,custom
45.493430,12.239970,ov_ventuno___agatha_45.4934_12.2400,Ventuno & Agatha,RESTAURANT,bar_cafe,https://raw.githubusercontent.com/pasqualelembo78/huntix-poi/main/italia/emilia-romagna/venezia/pages/ventuno_agatha_45.4934_12.2400.json,custom
45.493333,12.240945,ov_mconor_45.4933_12.2409,McOnor,RESTAURANT,bar_cafe,https://raw.githubusercontent.com/pasqualelembo78/huntix-poi/main/italia/emilia-romagna/venezia/pages/mconor_45.4933_12.2409.json,custom
45.493240,12.241553,ov_bar_sfizio_45.4932_12.2416,Bar Sfizio,RESTAURANT,bar_cafe,https://raw.githubusercontent.com/pasqualelembo78/huntix-poi/main/italia/emilia-romagna/venezia/pages/bar_sfizio_45.4932_12.2416.json,custom
45.493734,12.243747,ov_sweet_caffe_45.4937_12.2437,Sweet Caffe,RESTAURANT,bar_cafe,https://raw.githubusercontent.com/pasqualelembo78/huntix-poi/main/italia/emilia-romagna/venezia/pages/sweet_caffe_45.4937_12.2437.json,custom
45.493572,12.242728,ov_esquina_de_luxe_45.4936_12.2427,Esquina De Luxe,RESTAURANT,bar_cafe,https://raw.githubusercontent.com/pasqualelembo78/huntix-poi/main/italia/emilia-romagna/venezia/pages/esquina_de_luxe_45.4936_12.2427.json,custom
45.494164,12.244554,ov_hawloder_la_chiocciola_45.4942_12.2446,HAWLODER La Chiocciola,RESTAURANT,bar_cafe,https://raw.githubusercontent.com/pasqualelembo78/huntix-poi/main/italia/emilia-romagna/venezia/pages/hawloder_la_chiocciola_45.4942_12.2446.json,custom
45.494632,12.245040,ov_al_buon_caffe_45.4946_12.2450,Al Buon Caffe,RESTAURANT,bar_cafe,https://raw.githubusercontent.com/pasqualelembo78/huntix-poi/main/italia/emilia-romagna/venezia/pages/al_buon_caffe_45.4946_12.2450.json,custom
45.494620,12.242096,ov_soraprova_45.4946_12.2421,Soraprova,RESTAURANT,bar_cafe,https://raw.githubusercontent.com/pasqualelembo78/huntix-poi/main/italia/emilia-romagna/venezia/pages/soraprova_45.4946_12.2421.json,custom
45.494108,12.241472,ov_caffe_commercio_45.4941_12.2415,Caffe Commercio,RESTAURANT,bar_cafe,https://raw.githubusercontent.com/pasqualelembo78/huntix-poi/main/italia/emilia-romagna/venezia/pages/caffe_commercio_45.4941_12.2415.json,custom
45.494442,12.239168,ov_italiana_caff__candiani_45.4944_12.2392,Italiana Caffè Candiani,RESTAURANT,bar_cafe,https://raw.githubusercontent.com/pasqualelembo78/huntix-poi/main/italia/emilia-romagna/venezia/pages/italiana_caff_candiani_45.4944_12.2392.json,custom
45.494465,12.232341,ov_pub_birreria_al_distributore_45.4945_12.2323,Pub Birreria Al Distributore,RESTAURANT,bar_cafe,https://raw.githubusercontent.com/pasqualelembo78/huntix-poi/main/italia/emilia-romagna/venezia/pages/pub_birreria_al_distributore_45.4945_12.2323.json,custom
45.493230,12.236260,ov_royal_bar_45.4932_12.2363,Royal Bar,RESTAURANT,bar_cafe,https://raw.githubusercontent.com/pasqualelembo78/huntix-poi/main/italia/emilia-romagna/venezia/pages/royal_bar_45.4932_12.2363.json,custom
45.491824,12.229211,ov_bar_miranese_snc_45.4918_12.2292,Bar Miranese Snc,RESTAURANT,bar_cafe,https://raw.githubusercontent.com/pasqualelembo78/huntix-poi/main/italia/emilia-romagna/venezia/pages/bar_miranese_snc_45.4918_12.2292.json,custom
45.492263,12.230388,ov_internos_caff__di_francesco_e_sabrina_45.4923_12.2304,Internos Caffè di Francesco e Sabrina,RESTAURANT,bar_cafe,https://raw.githubusercontent.com/pasqualelembo78/huntix-poi/main/italia/emilia-romagna/venezia/pages/internos_caff_di_francesco_e_sabrina_45.4923_12.2304.json,custom
45.492287,12.230343,ov_bar_quattro_ciacole_45.4923_12.2303,Bar quattro ciacole,RESTAURANT,bar_cafe,https://raw.githubusercontent.com/pasqualelembo78/huntix-poi/main/italia/emilia-romagna/venezia/pages/bar_quattro_ciacole_45.4923_12.2303.json,custom
45.492710,12.236154,ov_l_altro_verdi_45.4927_12.2362,L'Altro Verdi,RESTAURANT,bar_cafe,https://raw.githubusercontent.com/pasqualelembo78/huntix-poi/main/italia/emilia-romagna/venezia/pages/laltro_verdi_45.4927_12.2362.json,custom
45.492051,12.236007,ov_bar_carducci_45.4921_12.2360,Bar Carducci,RESTAURANT,bar_cafe,https://raw.githubusercontent.com/pasqualelembo78/huntix-poi/main/italia/emilia-romagna/venezia/pages/bar_carducci_45.4921_12.2360.json,custom
45.491214,12.228591,ov_bar_el_bagoeo_45.4912_12.2286,Bar El Bagoeo,RESTAURANT,bar_cafe,https://raw.githubusercontent.com/pasqualelembo78/huntix-poi/main/italia/emilia-romagna/venezia/pages/bar_el_bagoeo_45.4912_12.2286.json,custom
45.488498,12.241423,ov_la_cantinetta_wine_boutique_45.4885_12.2414,La Cantinetta wine boutique,RESTAURANT,bar_cafe,https://raw.githubusercontent.com/pasqualelembo78/huntix-poi/main/italia/emilia-romagna/venezia/pages/la_cantinetta_wine_boutique_45.4885_12.2414.json,custom
45.489537,12.244988,ov_bar_civico_23_45.4895_12.2450,Bar Civico 23,RESTAURANT,bar_cafe,https://raw.githubusercontent.com/pasqualelembo78/huntix-poi/main/italia/emilia-romagna/venezia/pages/bar_civico_23_45.4895_12.2450.json,custom
45.489651,12.239971,ov_al_bacaro_del_baffo_45.4897_12.2400,Al Bacaro del Baffo,RESTAURANT,bar_cafe,https://raw.githubusercontent.com/pasqualelembo78/huntix-poi/main/italia/emilia-romagna/venezia/pages/al_bacaro_del_baffo_45.4897_12.2400.json,custom
45.489307,12.240084,ov_ae_botti_45.4893_12.2401,Ae Botti,RESTAURANT,bar_cafe,https://raw.githubusercontent.com/pasqualelembo78/huntix-poi/main/italia/emilia-romagna/venezia/pages/ae_botti_45.4893_12.2401.json,custom
45.490495,12.240625,ov_bar_milano_45.4905_12.2406,Bar Milano,RESTAURANT,bar_cafe,https://raw.githubusercontent.com/pasqualelembo78/huntix-poi/main/italia/emilia-romagna/venezia/pages/bar_milano_45.4905_12.2406.json,custom
45.490353,12.238822,ov_whisky_bar_45.4904_12.2388,Whisky Bar,RESTAURANT,bar_cafe,https://raw.githubusercontent.com/pasqualelembo78/huntix-poi/main/italia/emilia-romagna/venezia/pages/whisky_bar_45.4904_12.2388.json,custom
45.490886,12.239976,ov_openfuncaff__croissanteria_45.4909_12.2400,OpenFunCaffè Croissanteria,RESTAURANT,bar_cafe,https://raw.githubusercontent.com/pasqualelembo78/huntix-poi/main/italia/emilia-romagna/venezia/pages/openfuncaff_croissanteria_45.4909_12.2400.json,custom
45.490762,12.240733,ov_italiana_caffe_venezia_45.4908_12.2407,Italiana Caffe Venezia,RESTAURANT,bar_cafe,https://raw.githubusercontent.com/pasqualelembo78/huntix-poi/main/italia/emilia-romagna/venezia/pages/italiana_caffe_venezia_45.4908_12.2407.json,custom
45.491320,12.242922,ov_bar_perla_45.4913_12.2429,Bar Perla,RESTAURANT,bar_cafe,https://raw.githubusercontent.com/pasqualelembo78/huntix-poi/main/italia/emilia-romagna/venezia/pages/bar_perla_45.4913_12.2429.json,custom
45.490044,12.244199,ov_cafe_wine_bar_modi_45.4900_12.2442,Cafe Wine Bar Modi,RESTAURANT,bar_cafe,https://raw.githubusercontent.com/pasqualelembo78/huntix-poi/main/italia/emilia-romagna/venezia/pages/cafe_wine_bar_modi_45.4900_12.2442.json,custom
45.487985,12.253779,ov_caff__galway_45.4880_12.2538,Caffè Galway,RESTAURANT,bar_cafe,https://raw.githubusercontent.com/pasqualelembo78/huntix-poi/main/italia/emilia-romagna/venezia/pages/caff_galway_45.4880_12.2538.json,custom
45.487351,12.251126,ov_diamond_bar_45.4874_12.2511,Diamond Bar,RESTAURANT,bar_cafe,https://raw.githubusercontent.com/pasqualelembo78/huntix-poi/main/italia/emilia-romagna/venezia/pages/diamond_bar_45.4874_12.2511.json,custom
45.485051,12.241727,ov_dal_moro_bar___music_45.4851_12.2417,Dal Moro Bar & Music,RESTAURANT,bar_cafe,https://raw.githubusercontent.com/pasqualelembo78/huntix-poi/main/italia/emilia-romagna/venezia/pages/dal_moro_bar_music_45.4851_12.2417.json,custom
45.485075,12.241771,ov_giro_de_ombre_45.4851_12.2418,Giro de Ombre,RESTAURANT,bar_cafe,https://raw.githubusercontent.com/pasqualelembo78/huntix-poi/main/italia/emilia-romagna/venezia/pages/giro_de_ombre_45.4851_12.2418.json,custom
45.484611,12.241265,ov_milk___coffee_bar_45.4846_12.2413,Milk & Coffee Bar,RESTAURANT,bar_cafe,https://raw.githubusercontent.com/pasqualelembo78/huntix-poi/main/italia/emilia-romagna/venezia/pages/milk_coffee_bar_45.4846_12.2413.json,custom
45.484983,12.237208,ov_ristobar_sottobordo_45.4850_12.2372,Ristobar sottobordo,RESTAURANT,bar_cafe,https://raw.githubusercontent.com/pasqualelembo78/huntix-poi/main/italia/emilia-romagna/venezia/pages/ristobar_sottobordo_45.4850_12.2372.json,custom
45.485802,12.237828,ov_caffe_vittoria_45.4858_12.2378,Caffe Vittoria,RESTAURANT,bar_cafe,https://raw.githubusercontent.com/pasqualelembo78/huntix-poi/main/italia/emilia-romagna/venezia/pages/caffe_vittoria_45.4858_12.2378.json,custom
45.486789,12.243638,ov_il_baretto_caffetteria_45.4868_12.2436,Il Baretto Caffetteria,RESTAURANT,bar_cafe,https://raw.githubusercontent.com/pasqualelembo78/huntix-poi/main/italia/emilia-romagna/venezia/pages/il_baretto_caffetteria_45.4868_12.2436.json,custom
45.486889,12.243284,ov_la_cantina_degli_amici_mestre_45.4869_12.2433,La Cantina Degli Amici Mestre,RESTAURANT,bar_cafe,https://raw.githubusercontent.com/pasqualelembo78/huntix-poi/main/italia/emilia-romagna/venezia/pages/la_cantina_degli_amici_mestre_45.4869_12.2433.json,custom
45.487375,12.241465,ov_bar_piu_45.4874_12.2415,Bar Piu,RESTAURANT,bar_cafe,https://raw.githubusercontent.com/pasqualelembo78/huntix-poi/main/italia/emilia-romagna/venezia/pages/bar_piu_45.4874_12.2415.json,custom
45.487335,12.240586,ov_bar_l_arcobaleno_45.4873_12.2406,Bar L Arcobaleno,RESTAURANT,bar_cafe,https://raw.githubusercontent.com/pasqualelembo78/huntix-poi/main/italia/emilia-romagna/venezia/pages/bar_l_arcobaleno_45.4873_12.2406.json,custom
45.487396,12.238776,ov_al_tarlo_45.4874_12.2388,Al Tarlo,RESTAURANT,bar_cafe,https://raw.githubusercontent.com/pasqualelembo78/huntix-poi/main/italia/emilia-romagna/venezia/pages/al_tarlo_45.4874_12.2388.json,custom
45.487341,12.234080,ov_arcimboldo_45.4873_12.2341,Arcimboldo,RESTAURANT,bar_cafe,https://raw.githubusercontent.com/pasqualelembo78/huntix-poi/main/italia/emilia-romagna/venezia/pages/arcimboldo_45.4873_12.2341.json,custom
45.486269,12.227517,ov_comics_bar_45.4863_12.2275,Comics Bar,RESTAURANT,bar_cafe,https://raw.githubusercontent.com/pasqualelembo78/huntix-poi/main/italia/emilia-romagna/venezia/pages/comics_bar_45.4863_12.2275.json,custom
45.487678,12.230572,ov_the_white_bar_45.4877_12.2306,The White Bar,RESTAURANT,bar_cafe,https://raw.githubusercontent.com/pasqualelembo78/huntix-poi/main/italia/emilia-romagna/venezia/pages/the_white_bar_45.4877_12.2306.json,custom
45.486528,12.214448,ov_bar_alla_chiesa_45.4865_12.2144,Bar Alla Chiesa,RESTAURANT,bar_cafe,https://raw.githubusercontent.com/pasqualelembo78/huntix-poi/main/italia/emilia-romagna/venezia/pages/bar_alla_chiesa_45.4865_12.2144.json,custom
45.485363,12.233539,ov_coffee_break_45.4854_12.2335,Coffee Break,RESTAURANT,bar_cafe,https://raw.githubusercontent.com/pasqualelembo78/huntix-poi/main/italia/emilia-romagna/venezia/pages/coffee_break_45.4854_12.2335.json,custom
45.485049,12.233253,ov_bar_pasticceria_la_partenopea_45.4850_12.2333,Bar Pasticceria La Partenopea,RESTAURANT,bar_cafe,https://raw.githubusercontent.com/pasqualelembo78/huntix-poi/main/italia/emilia-romagna/venezia/pages/bar_pasticceria_la_partenopea_45.4850_12.2333.json,custom
45.482830,12.232394,ov_soul_kitchen_cafe_45.4828_12.2324,Soul Kitchen Cafe,RESTAURANT,bar_cafe,https://raw.githubusercontent.com/pasqualelembo78/huntix-poi/main/italia/emilia-romagna/venezia/pages/soul_kitchen_cafe_45.4828_12.2324.json,custom
45.482814,12.232128,ov_illy_45.4828_12.2321,Illy,RESTAURANT,bar_cafe,https://raw.githubusercontent.com/pasqualelembo78/huntix-poi/main/italia/emilia-romagna/venezia/pages/illy_45.4828_12.2321.json,custom
45.483505,12.233239,ov_alai_life_bar_45.4835_12.2332,Alai Life Bar,RESTAURANT,bar_cafe,https://raw.githubusercontent.com/pasqualelembo78/huntix-poi/main/italia/emilia-romagna/venezia/pages/alai_life_bar_45.4835_12.2332.json,custom
45.482970,12.231178,ov_tavola_calda_snack_bar_alle_botti_45.4830_12.2312,Tavola Calda Snack Bar Alle Botti,RESTAURANT,bar_cafe,https://raw.githubusercontent.com/pasqualelembo78/huntix-poi/main/italia/emilia-romagna/venezia/pages/tavola_calda_snack_bar_alle_botti_45.4830_12.2312.json,custom
45.482400,12.231754,ov_puro_gusto_45.4824_12.2318,Puro Gusto,RESTAURANT,bar_cafe,https://raw.githubusercontent.com/pasqualelembo78/huntix-poi/main/italia/emilia-romagna/venezia/pages/puro_gusto_45.4824_12.2318.json,custom
45.482128,12.235863,ov_midabar_45.4821_12.2359,Midabar,RESTAURANT,bar_cafe,https://raw.githubusercontent.com/pasqualelembo78/huntix-poi/main/italia/emilia-romagna/venezia/pages/midabar_45.4821_12.2359.json,custom
45.483953,12.239886,ov_caf___patronato_di_shuvo_45.4840_12.2399,Caf & Patronato di Shuvo,RESTAURANT,bar_cafe,https://raw.githubusercontent.com/pasqualelembo78/huntix-poi/main/italia/emilia-romagna/venezia/pages/caf_patronato_di_shuvo_45.4840_12.2399.json,custom
45.483757,12.240358,ov_bar_magic_number_45.4838_12.2404,Bar Magic Number,RESTAURANT,bar_cafe,https://raw.githubusercontent.com/pasqualelembo78/huntix-poi/main/italia/emilia-romagna/venezia/pages/bar_magic_number_45.4838_12.2404.json,custom
45.483712,12.250608,ov_fabbrica_in_pedavena_mestre_45.4837_12.2506,Fabbrica In Pedavena Mestre,RESTAURANT,bar_cafe,https://raw.githubusercontent.com/pasqualelembo78/huntix-poi/main/italia/emilia-romagna/venezia/pages/fabbrica_in_pedavena_mestre_45.4837_12.2506.json,custom
45.481081,12.257123,ov_amigos_bar_45.4811_12.2571,Amigos Bar,RESTAURANT,bar_cafe,https://raw.githubusercontent.com/pasqualelembo78/huntix-poi/main/italia/emilia-romagna/venezia/pages/amigos_bar_45.4811_12.2571.json,custom
45.486116,12.266239,ov_caf_pertini_45.4861_12.2662,Caf Pertini,RESTAURANT,bar_cafe,https://raw.githubusercontent.com/pasqualelembo78/huntix-poi/main/italia/emilia-romagna/venezia/pages/caf_pertini_45.4861_12.2662.json,custom
45.485123,12.285425,ov_bar_riatto_45.4851_12.2854,Bar Riatto,RESTAURANT,bar_cafe,https://raw.githubusercontent.com/pasqualelembo78/huntix-poi/main/italia/emilia-romagna/venezia/pages/bar_riatto_45.4851_12.2854.json,custom
45.486961,12.295503,ov_bar_cubic_45.4870_12.2955,Bar Cubic,RESTAURANT,bar_cafe,https://raw.githubusercontent.com/pasqualelembo78/huntix-poi/main/italia/emilia-romagna/venezia/pages/bar_cubic_45.4870_12.2955.json,custom
45.487429,12.294167,ov_pasticceria_caffetteria_da_silvano_45.4874_12.2942,Pasticceria Caffetteria Da Silvano,RESTAURANT,bar_cafe,https://raw.githubusercontent.com/pasqualelembo78/huntix-poi/main/italia/emilia-romagna/venezia/pages/pasticceria_caffetteria_da_silvano_45.4874_12.2942.json,custom
45.475348,12.268307,ov_bar_mansueto_porta_rossa_45.4753_12.2683,Bar Mansueto Porta Rossa,RESTAURANT,bar_cafe,https://raw.githubusercontent.com/pasqualelembo78/huntix-poi/main/italia/emilia-romagna/venezia/pages/bar_mansueto_porta_rossa_45.4753_12.2683.json,custom
45.476306,12.269209,ov_green_caf__45.4763_12.2692,Green Cafè,RESTAURANT,bar_cafe,https://raw.githubusercontent.com/pasqualelembo78/huntix-poi/main/italia/emilia-romagna/venezia/pages/green_caf_45.4763_12.2692.json,custom
45.479970,12.270061,ov_tavolo_bar_45.4800_12.2701,Tavolo Bar,RESTAURANT,bar_cafe,https://raw.githubusercontent.com/pasqualelembo78/huntix-poi/main/italia/emilia-romagna/venezia/pages/tavolo_bar_45.4800_12.2701.json,custom
45.478211,12.254387,ov_bar_alfa_45.4782_12.2544,Bar Alfa,RESTAURANT,bar_cafe,https://raw.githubusercontent.com/pasqualelembo78/huntix-poi/main/italia/emilia-romagna/venezia/pages/bar_alfa_45.4782_12.2544.json,custom
45.479103,12.245970,ov_barsnack_self_service_45.4791_12.2460,BarSnack Self Service,RESTAURANT,bar_cafe,https://raw.githubusercontent.com/pasqualelembo78/huntix-poi/main/italia/emilia-romagna/venezia/pages/barsnack_self_service_45.4791_12.2460.json,custom
45.479424,12.233400,ov_principe_marghera_45.4794_12.2334,Principe marghera,RESTAURANT,bar_cafe,https://raw.githubusercontent.com/pasqualelembo78/huntix-poi/main/italia/emilia-romagna/venezia/pages/principe_marghera_45.4794_12.2334.json,custom
45.478520,12.228869,ov_vineria_fiore_45.4785_12.2289,Vineria Fiore,RESTAURANT,bar_cafe,https://raw.githubusercontent.com/pasqualelembo78/huntix-poi/main/italia/emilia-romagna/venezia/pages/vineria_fiore_45.4785_12.2289.json,custom
45.476899,12.215621,ov_red_bear_pub_45.4769_12.2156,Red Bear Pub,RESTAURANT,bar_cafe,https://raw.githubusercontent.com/pasqualelembo78/huntix-poi/main/italia/emilia-romagna/venezia/pages/red_bear_pub_45.4769_12.2156.json,custom
45.477006,12.219098,ov_bar_la_parmigiana_45.4770_12.2191,Bar La Parmigiana,RESTAURANT,bar_cafe,https://raw.githubusercontent.com/pasqualelembo78/huntix-poi/main/italia/emilia-romagna/venezia/pages/bar_la_parmigiana_45.4770_12.2191.json,custom
45.476141,12.223460,ov_bar_vero_45.4761_12.2235,Bar vero,RESTAURANT,bar_cafe,https://raw.githubusercontent.com/pasqualelembo78/huntix-poi/main/italia/emilia-romagna/venezia/pages/bar_vero_45.4761_12.2235.json,custom
45.475325,12.225190,ov_bistr__la_piazza_45.4753_12.2252,Bistrò La Piazza,RESTAURANT,bar_cafe,https://raw.githubusercontent.com/pasqualelembo78/huntix-poi/main/italia/emilia-romagna/venezia/pages/bistr_la_piazza_45.4753_12.2252.json,custom
45.474836,12.223953,ov_bar_san_marco_45.4748_12.2240,Bar San Marco,RESTAURANT,bar_cafe,https://raw.githubusercontent.com/pasqualelembo78/huntix-poi/main/italia/emilia-romagna/venezia/pages/bar_san_marco_45.4748_12.2240.json,custom
45.474482,12.224837,ov_bar_verde_marghera_45.4745_12.2248,Bar Verde Marghera,RESTAURANT,bar_cafe,https://raw.githubusercontent.com/pasqualelembo78/huntix-poi/main/italia/emilia-romagna/venezia/pages/bar_verde_marghera_45.4745_12.2248.json,custom
45.474659,12.229554,ov_marciano_pub_45.4747_12.2296,Marciano Pub,RESTAURANT,bar_cafe,https://raw.githubusercontent.com/pasqualelembo78/huntix-poi/main/italia/emilia-romagna/venezia/pages/marciano_pub_45.4747_12.2296.json,custom
45.474640,12.229520,ov_wah_wah_club_45.4746_12.2295,Wah Wah Club,RESTAURANT,bar_cafe,https://raw.githubusercontent.com/pasqualelembo78/huntix-poi/main/italia/emilia-romagna/venezia/pages/wah_wah_club_45.4746_12.2295.json,custom
45.475122,12.227855,ov_bar_el_chocho_45.4751_12.2279,Bar EL Chocho,RESTAURANT,bar_cafe,https://raw.githubusercontent.com/pasqualelembo78/huntix-poi/main/italia/emilia-romagna/venezia/pages/bar_el_chocho_45.4751_12.2279.json,custom
45.475542,12.225663,ov_al_calice_45.4755_12.2257,Al Calice,RESTAURANT,bar_cafe,https://raw.githubusercontent.com/pasqualelembo78/huntix-poi/main/italia/emilia-romagna/venezia/pages/al_calice_45.4755_12.2257.json,custom
45.475093,12.236912,ov_bar_alla_darsena_45.4751_12.2369,Bar Alla Darsena,RESTAURANT,bar_cafe,https://raw.githubusercontent.com/pasqualelembo78/huntix-poi/main/italia/emilia-romagna/venezia/pages/bar_alla_darsena_45.4751_12.2369.json,custom
45.473664,12.255025,ov_amenity_srl_45.4737_12.2550,Amenity SRL,RESTAURANT,bar_cafe,https://raw.githubusercontent.com/pasqualelembo78/huntix-poi/main/italia/emilia-romagna/venezia/pages/amenity_srl_45.4737_12.2550.json,custom
45.473477,12.223273,ov_mister_g_coffee_45.4735_12.2233,Mister G Coffee,RESTAURANT,bar_cafe,https://raw.githubusercontent.com/pasqualelembo78/huntix-poi/main/italia/emilia-romagna/venezia/pages/mister_g_coffee_45.4735_12.2233.json,custom
45.473910,12.214429,ov_bar_snack_45.4739_12.2144,Bar snack,RESTAURANT,bar_cafe,https://raw.githubusercontent.com/pasqualelembo78/huntix-poi/main/italia/emilia-romagna/venezia/pages/bar_snack_45.4739_12.2144.json,custom
45.473730,12.219706,ov_charly_bar_45.4737_12.2197,Charly Bar,RESTAURANT,bar_cafe,https://raw.githubusercontent.com/pasqualelembo78/huntix-poi/main/italia/emilia-romagna/venezia/pages/charly_bar_45.4737_12.2197.json,custom
45.473090,12.224689,ov_la_vecchia_vite_di_zancan_lorenzo_45.4731_12.2247,La Vecchia Vite di Zancan Lorenzo,RESTAURANT,bar_cafe,https://raw.githubusercontent.com/pasqualelembo78/huntix-poi/main/italia/emilia-romagna/venezia/pages/la_vecchia_vite_di_zancan_lorenzo_45.4731_12.2247.json,custom
45.472662,12.224747,ov_bar_dae_fie_45.4727_12.2247,Bar Dae Fie,RESTAURANT,bar_cafe,https://raw.githubusercontent.com/pasqualelembo78/huntix-poi/main/italia/emilia-romagna/venezia/pages/bar_dae_fie_45.4727_12.2247.json,custom
45.471728,12.224243,ov_le_delizie_di_dea_45.4717_12.2242,Le Delizie di Dea,RESTAURANT,bar_cafe,https://raw.githubusercontent.com/pasqualelembo78/huntix-poi/main/italia/emilia-romagna/venezia/pages/le_delizie_di_dea_45.4717_12.2242.json,custom
45.469094,12.225805,ov_fuente_cafe_45.4691_12.2258,Fuente Cafe,RESTAURANT,bar_cafe,https://raw.githubusercontent.com/pasqualelembo78/huntix-poi/main/italia/emilia-romagna/venezia/pages/fuente_cafe_45.4691_12.2258.json,custom
45.467410,12.235660,ov_molo13_di_marco_e_natascia_45.4674_12.2357,Molo13 di Marco e Natascia,RESTAURANT,bar_cafe,https://raw.githubusercontent.com/pasqualelembo78/huntix-poi/main/italia/emilia-romagna/venezia/pages/molo13_di_marco_e_natascia_45.4674_12.2357.json,custom
45.467512,12.241397,ov_bar_tabacchi_da_italo_45.4675_12.2414,Bar Tabacchi Da Italo,RESTAURANT,bar_cafe,https://raw.githubusercontent.com/pasqualelembo78/huntix-poi/main/italia/emilia-romagna/venezia/pages/bar_tabacchi_da_italo_45.4675_12.2414.json,custom
45.473824,12.263635,ov_la_baia_del_forte___controvento_45.4738_12.2636,La Baia del Forte - Controvento,RESTAURANT,bar_cafe,https://raw.githubusercontent.com/pasqualelembo78/huntix-poi/main/italia/emilia-romagna/venezia/pages/la_baia_del_forte_-_controvento_45.4738_12.2636.json,custom
45.466040,12.282280,ov_carinthia_club_45.4660_12.2823,Carinthia Club,RESTAURANT,bar_cafe,https://raw.githubusercontent.com/pasqualelembo78/huntix-poi/main/italia/emilia-romagna/venezia/pages/carinthia_club_45.4660_12.2823.json,custom
45.464867,12.214919,ov_fasso_mi_45.4649_12.2149,Fasso Mi,RESTAURANT,bar_cafe,https://raw.githubusercontent.com/pasqualelembo78/huntix-poi/main/italia/emilia-romagna/venezia/pages/fasso_mi_45.4649_12.2149.json,custom
45.464710,12.215180,ov_ferovecio_osteria_industriale_45.4647_12.2152,Ferovecio Osteria Industriale,RESTAURANT,bar_cafe,https://raw.githubusercontent.com/pasqualelembo78/huntix-poi/main/italia/emilia-romagna/venezia/pages/ferovecio_osteria_industriale_45.4647_12.2152.json,custom
45.462178,12.223434,ov_hosteria_bandiera_45.4622_12.2234,Hosteria Bandiera,RESTAURANT,bar_cafe,https://raw.githubusercontent.com/pasqualelembo78/huntix-poi/main/italia/emilia-romagna/venezia/pages/hosteria_bandiera_45.4622_12.2234.json,custom
45.457071,12.357873,ov_centro_musica_murano_45.4571_12.3579,Centro Musica Murano,RESTAURANT,bar_cafe,https://raw.githubusercontent.com/pasqualelembo78/huntix-poi/main/italia/emilia-romagna/venezia/pages/centro_musica_murano_45.4571_12.3579.json,custom
45.457666,12.357528,ov_al_canton_45.4577_12.3575,Al Canton,RESTAURANT,bar_cafe,https://raw.githubusercontent.com/pasqualelembo78/huntix-poi/main/italia/emilia-romagna/venezia/pages/al_canton_45.4577_12.3575.json,custom
45.456878,12.357260,ov_bar_da_ice_45.4569_12.3573,Bar Da Ice,RESTAURANT,bar_cafe,https://raw.githubusercontent.com/pasqualelembo78/huntix-poi/main/italia/emilia-romagna/venezia/pages/bar_da_ice_45.4569_12.3573.json,custom
45.456475,12.354378,ov_sottovento_45.4565_12.3544,Sottovento,RESTAURANT,bar_cafe,https://raw.githubusercontent.com/pasqualelembo78/huntix-poi/main/italia/emilia-romagna/venezia/pages/sottovento_45.4565_12.3544.json,custom
45.454779,12.356754,ov_bar_navagero_45.4548_12.3568,Bar Navagero,RESTAURANT,bar_cafe,https://raw.githubusercontent.com/pasqualelembo78/huntix-poi/main/italia/emilia-romagna/venezia/pages/bar_navagero_45.4548_12.3568.json,custom
45.454668,12.352800,ov_bar_ai_speci_45.4547_12.3528,Bar ai Speci,RESTAURANT,bar_cafe,https://raw.githubusercontent.com/pasqualelembo78/huntix-poi/main/italia/emilia-romagna/venezia/pages/bar_ai_speci_45.4547_12.3528.json,custom
45.454500,12.389091,ov_chiosco_salso_45.4545_12.3891,Chiosco Salso,RESTAURANT,bar_cafe,https://raw.githubusercontent.com/pasqualelembo78/huntix-poi/main/italia/emilia-romagna/venezia/pages/chiosco_salso_45.4545_12.3891.json,custom
45.430898,12.326667,osm_cantinone_del_vino_gi__schiavi_45.4309_12.3267,Cantinone del Vino già Schiavi,bar_cafe,bar_cafe,https://raw.githubusercontent.com/pasqualelembo78/huntix-poi/main/italia/emilia-romagna/venezia/pages/cantinone_del_vino_gi_schiavi_45.4309_12.3267.json,custom
45.434674,12.349629,osm_bar_arsenale_45.4347_12.3496,Bar Arsenale,bar_cafe,bar_cafe,https://raw.githubusercontent.com/pasqualelembo78/huntix-poi/main/italia/emilia-romagna/venezia/pages/bar_arsenale_45.4347_12.3496.json,custom
45.440766,12.334997,osm_santa_sofia_45.4408_12.3350,Santa Sofia,bar_cafe,bar_cafe,https://raw.githubusercontent.com/pasqualelembo78/huntix-poi/main/italia/emilia-romagna/venezia/pages/santa_sofia_45.4408_12.3350.json,custom
45.439382,12.321186,osm_bar_mirabar_45.4394_12.3212,Bar Mirabar,bar_cafe,bar_cafe,https://raw.githubusercontent.com/pasqualelembo78/huntix-poi/main/italia/emilia-romagna/venezia/pages/bar_mirabar_45.4394_12.3212.json,custom
45.443687,12.327501,osm_times_cafe_45.4437_12.3275,Times Cafe,bar_cafe,bar_cafe,https://raw.githubusercontent.com/pasqualelembo78/huntix-poi/main/italia/emilia-romagna/venezia/pages/times_cafe_45.4437_12.3275.json,custom
45.443922,12.328044,osm_tera_ferma_45.4439_12.3280,Tera Ferma,bar_cafe,bar_cafe,https://raw.githubusercontent.com/pasqualelembo78/huntix-poi/main/italia/emilia-romagna/venezia/pages/tera_ferma_45.4439_12.3280.json,custom
45.439564,12.340996,osm_osteria_al_ponte_45.4396_12.3410,Osteria Al Ponte,bar_cafe,bar_cafe,https://raw.githubusercontent.com/pasqualelembo78/huntix-poi/main/italia/emilia-romagna/venezia/pages/osteria_al_ponte_45.4396_12.3410.json,custom
45.433778,12.330622,osm_all_angolo_45.4338_12.3306,All'Angolo,bar_cafe,bar_cafe,https://raw.githubusercontent.com/pasqualelembo78/huntix-poi/main/italia/emilia-romagna/venezia/pages/allangolo_45.4338_12.3306.json,custom
45.436029,12.348533,osm_osteria_ai_do_pozzi_45.4360_12.3485,Osteria ai do Pozzi,bar_cafe,bar_cafe,https://raw.githubusercontent.com/pasqualelembo78/huntix-poi/main/italia/emilia-romagna/venezia/pages/osteria_ai_do_pozzi_45.4360_12.3485.json,custom
45.429317,12.327464,osm_laguna_45.4293_12.3275,Laguna,bar_cafe,bar_cafe,https://raw.githubusercontent.com/pasqualelembo78/huntix-poi/main/italia/emilia-romagna/venezia/pages/laguna_45.4293_12.3275.json,custom
45.436025,12.327903,osm_ciak_45.4360_12.3279,Ciak,bar_cafe,bar_cafe,https://raw.githubusercontent.com/pasqualelembo78/huntix-poi/main/italia/emilia-romagna/venezia/pages/ciak_45.4360_12.3279.json,custom
45.431730,12.327446,osm_piccolo_mondo_45.4317_12.3274,Piccolo Mondo,bar_cafe,bar_cafe,https://raw.githubusercontent.com/pasqualelembo78/huntix-poi/main/italia/emilia-romagna/venezia/pages/piccolo_mondo_45.4317_12.3274.json,custom
45.434632,12.323658,osm_osteria_cicchetteria_al_bocon_divino_45.4346_12.3237,Osteria cicchetteria Al Bocon Divino,bar_cafe,bar_cafe,https://raw.githubusercontent.com/pasqualelembo78/huntix-poi/main/italia/emilia-romagna/venezia/pages/osteria_cicchetteria_al_bocon_divino_45.4346_12.3237.json,custom
45.437239,12.336944,osm_devil_s_forest_45.4372_12.3369,Devil's Forest,bar_cafe,bar_cafe,https://raw.githubusercontent.com/pasqualelembo78/huntix-poi/main/italia/emilia-romagna/venezia/pages/devils_forest_45.4372_12.3369.json,custom
45.441414,12.322406,osm_bar_ai_scalzi_45.4414_12.3224,Bar Ai Scalzi,bar_cafe,bar_cafe,https://raw.githubusercontent.com/pasqualelembo78/huntix-poi/main/italia/emilia-romagna/venezia/pages/bar_ai_scalzi_45.4414_12.3224.json,custom
45.434996,12.346840,osm_alla_bragora_45.4350_12.3468,Alla Bragora,bar_cafe,bar_cafe,https://raw.githubusercontent.com/pasqualelembo78/huntix-poi/main/italia/emilia-romagna/venezia/pages/alla_bragora_45.4350_12.3468.json,custom
45.440002,12.321796,osm_carlton_caf__45.4400_12.3218,Carlton Cafè,bar_cafe,bar_cafe,https://raw.githubusercontent.com/pasqualelembo78/huntix-poi/main/italia/emilia-romagna/venezia/pages/carlton_caf_45.4400_12.3218.json,custom
45.443754,12.326072,osm_ristopub_da_nini_45.4438_12.3261,Ristopub Da Nini,bar_cafe,bar_cafe,https://raw.githubusercontent.com/pasqualelembo78/huntix-poi/main/italia/emilia-romagna/venezia/pages/ristopub_da_nini_45.4438_12.3261.json,custom
45.441524,12.322581,osm_bar_olimpia_45.4415_12.3226,Bar Olimpia,bar_cafe,bar_cafe,https://raw.githubusercontent.com/pasqualelembo78/huntix-poi/main/italia/emilia-romagna/venezia/pages/bar_olimpia_45.4415_12.3226.json,custom
45.443216,12.324668,osm_snack_anhela_bar_45.4432_12.3247,Snack Anhela Bar,bar_cafe,bar_cafe,https://raw.githubusercontent.com/pasqualelembo78/huntix-poi/main/italia/emilia-romagna/venezia/pages/snack_anhela_bar_45.4432_12.3247.json,custom
45.452776,12.354074,osm_approdo_45.4528_12.3541,Approdo,bar_cafe,bar_cafe,https://raw.githubusercontent.com/pasqualelembo78/huntix-poi/main/italia/emilia-romagna/venezia/pages/approdo_45.4528_12.3541.json,custom
45.437402,12.335653,osm_bar_mister_sandwich_45.4374_12.3357,Bar Mister Sandwich,bar_cafe,bar_cafe,https://raw.githubusercontent.com/pasqualelembo78/huntix-poi/main/italia/emilia-romagna/venezia/pages/bar_mister_sandwich_45.4374_12.3357.json,custom
45.438097,12.337326,osm_osteria_i_rusteghi_45.4381_12.3373,Osteria i Rusteghi,bar_cafe,bar_cafe,https://raw.githubusercontent.com/pasqualelembo78/huntix-poi/main/italia/emilia-romagna/venezia/pages/osteria_i_rusteghi_45.4381_12.3373.json,custom
45.430098,12.326156,osm_osteria_al_squero_45.4301_12.3262,Osteria Al Squero,bar_cafe,bar_cafe,https://raw.githubusercontent.com/pasqualelembo78/huntix-poi/main/italia/emilia-romagna/venezia/pages/osteria_al_squero_45.4301_12.3262.json,custom
45.431703,12.326692,osm_bar_de_maravegie_bar_ae_maraveje_45.4317_12.3267,Bar de Maravegie;Bar ae Maraveje,bar_cafe,bar_cafe,https://raw.githubusercontent.com/pasqualelembo78/huntix-poi/main/italia/emilia-romagna/venezia/pages/bar_de_maravegiebar_ae_maraveje_45.4317_12.3267.json,custom
45.440650,12.336306,osm_ai_santi_45.4406_12.3363,Ai Santi,bar_cafe,bar_cafe,https://raw.githubusercontent.com/pasqualelembo78/huntix-poi/main/italia/emilia-romagna/venezia/pages/ai_santi_45.4406_12.3363.json,custom
45.443214,12.331642,osm_caffee_filermo_45.4432_12.3316,Caffee Filermo,bar_cafe,bar_cafe,https://raw.githubusercontent.com/pasqualelembo78/huntix-poi/main/italia/emilia-romagna/venezia/pages/caffee_filermo_45.4432_12.3316.json,custom
45.439631,12.340789,osm_caranto_45.4396_12.3408,Caranto,bar_cafe,bar_cafe,https://raw.githubusercontent.com/pasqualelembo78/huntix-poi/main/italia/emilia-romagna/venezia/pages/caranto_45.4396_12.3408.json,custom
45.438655,12.342967,osm_pasticceria_dal_conte_45.4387_12.3430,Pasticceria dal Conte,bar_cafe,bar_cafe,https://raw.githubusercontent.com/pasqualelembo78/huntix-poi/main/italia/emilia-romagna/venezia/pages/pasticceria_dal_conte_45.4387_12.3430.json,custom
45.437752,12.336989,osm_snack_bar_nostro_45.4378_12.3370,Snack Bar Nostro,bar_cafe,bar_cafe,https://raw.githubusercontent.com/pasqualelembo78/huntix-poi/main/italia/emilia-romagna/venezia/pages/snack_bar_nostro_45.4378_12.3370.json,custom
45.435618,12.338658,osm_edy_bar_45.4356_12.3387,Edy Bar,bar_cafe,bar_cafe,https://raw.githubusercontent.com/pasqualelembo78/huntix-poi/main/italia/emilia-romagna/venezia/pages/edy_bar_45.4356_12.3387.json,custom
45.437596,12.336886,osm_caff__rialto_45.4376_12.3369,Caffé Rialto,bar_cafe,bar_cafe,https://raw.githubusercontent.com/pasqualelembo78/huntix-poi/main/italia/emilia-romagna/venezia/pages/caff_rialto_45.4376_12.3369.json,custom
45.441541,12.334142,osm_the_irish_pub_45.4415_12.3341,The Irish Pub,bar_cafe,bar_cafe,https://raw.githubusercontent.com/pasqualelembo78/huntix-poi/main/italia/emilia-romagna/venezia/pages/the_irish_pub_45.4415_12.3341.json,custom
45.445842,12.327409,osm_mezzopieno_45.4458_12.3274,Mezzopieno,bar_cafe,bar_cafe,https://raw.githubusercontent.com/pasqualelembo78/huntix-poi/main/italia/emilia-romagna/venezia/pages/mezzopieno_45.4458_12.3274.json,custom
45.433066,12.324375,osm_osteria_ai_pugni_45.4331_12.3244,Osteria ai Pugni,bar_cafe,bar_cafe,https://raw.githubusercontent.com/pasqualelembo78/huntix-poi/main/italia/emilia-romagna/venezia/pages/osteria_ai_pugni_45.4331_12.3244.json,custom
45.442863,12.340778,osm_bar_cupido_bistrot_45.4429_12.3408,Bar Cupido Bistrot,bar_cafe,bar_cafe,https://raw.githubusercontent.com/pasqualelembo78/huntix-poi/main/italia/emilia-romagna/venezia/pages/bar_cupido_bistrot_45.4429_12.3408.json,custom
45.437252,12.337095,osm_snack_bar_ai_stagneri_45.4373_12.3371,Snack Bar Ai Stagneri,bar_cafe,bar_cafe,https://raw.githubusercontent.com/pasqualelembo78/huntix-poi/main/italia/emilia-romagna/venezia/pages/snack_bar_ai_stagneri_45.4373_12.3371.json,custom
45.438956,12.333963,osm_cantina_do_mori__ai_do_mori__45.4390_12.3340,Cantina do Mori (Ai do Mori),bar_cafe,bar_cafe,https://raw.githubusercontent.com/pasqualelembo78/huntix-poi/main/italia/emilia-romagna/venezia/pages/cantina_do_mori_ai_do_mori_45.4390_12.3340.json,custom
45.445561,12.328437,osm_al_timon_45.4456_12.3284,Al Timon,bar_cafe,bar_cafe,https://raw.githubusercontent.com/pasqualelembo78/huntix-poi/main/italia/emilia-romagna/venezia/pages/al_timon_45.4456_12.3284.json,custom
45.445492,12.328731,osm_birreria_zanon_45.4455_12.3287,Birreria Zanon,bar_cafe,bar_cafe,https://raw.githubusercontent.com/pasqualelembo78/huntix-poi/main/italia/emilia-romagna/venezia/pages/birreria_zanon_45.4455_12.3287.json,custom
45.437456,12.341174,osm_ozio_45.4375_12.3412,Ozio,bar_cafe,bar_cafe,https://raw.githubusercontent.com/pasqualelembo78/huntix-poi/main/italia/emilia-romagna/venezia/pages/ozio_45.4375_12.3412.json,custom
45.439229,12.323166,osm_punto_g_45.4392_12.3232,punto G,bar_cafe,bar_cafe,https://raw.githubusercontent.com/pasqualelembo78/huntix-poi/main/italia/emilia-romagna/venezia/pages/punto_g_45.4392_12.3232.json,custom
45.432073,12.352532,osm_el_refolo_45.4321_12.3525,El Refolo,bar_cafe,bar_cafe,https://raw.githubusercontent.com/pasqualelembo78/huntix-poi/main/italia/emilia-romagna/venezia/pages/el_refolo_45.4321_12.3525.json,custom
45.431723,12.326366,osm_bar_alla_toletta_45.4317_12.3264,bar alla toletta,bar_cafe,bar_cafe,https://raw.githubusercontent.com/pasqualelembo78/huntix-poi/main/italia/emilia-romagna/venezia/pages/bar_alla_toletta_45.4317_12.3264.json,custom
45.443991,12.328355,osm_caff__bistrot_45.4440_12.3284,Caffé Bistrot,bar_cafe,bar_cafe,https://raw.githubusercontent.com/pasqualelembo78/huntix-poi/main/italia/emilia-romagna/venezia/pages/caff_bistrot_45.4440_12.3284.json,custom
45.434732,12.339023,osm_bar_americano_45.4347_12.3390,Bar Americano,bar_cafe,bar_cafe,https://raw.githubusercontent.com/pasqualelembo78/huntix-poi/main/italia/emilia-romagna/venezia/pages/bar_americano_45.4347_12.3390.json,custom
45.347272,12.326708,osm_bagni_alberoni_45.3473_12.3267,Bagni Alberoni,bar_cafe,bar_cafe,https://raw.githubusercontent.com/pasqualelembo78/huntix-poi/main/italia/emilia-romagna/venezia/pages/bagni_alberoni_45.3473_12.3267.json,custom
45.445303,12.329457,osm_osteria_al_mariner_45.4453_12.3295,Osteria Al Mariner,bar_cafe,bar_cafe,https://raw.githubusercontent.com/pasqualelembo78/huntix-poi/main/italia/emilia-romagna/venezia/pages/osteria_al_mariner_45.4453_12.3295.json,custom
45.439385,12.336991,osm_bacaro_bar_45.4394_12.3370,Bacaro Bar,bar_cafe,bar_cafe,https://raw.githubusercontent.com/pasqualelembo78/huntix-poi/main/italia/emilia-romagna/venezia/pages/bacaro_bar_45.4394_12.3370.json,custom
45.439405,12.337104,osm_millevoglie_2_0_45.4394_12.3371,Millevoglie 2.0,bar_cafe,bar_cafe,https://raw.githubusercontent.com/pasqualelembo78/huntix-poi/main/italia/emilia-romagna/venezia/pages/millevoglie_20_45.4394_12.3371.json,custom
45.442612,12.341002,osm_osteria_al_tajer_45.4426_12.3410,Osteria Al Tajer,bar_cafe,bar_cafe,https://raw.githubusercontent.com/pasqualelembo78/huntix-poi/main/italia/emilia-romagna/venezia/pages/osteria_al_tajer_45.4426_12.3410.json,custom
45.436516,12.326586,osm_bottega_del_caff__dersut_45.4365_12.3266,Bottega del caffé Dersut,bar_cafe,bar_cafe,https://raw.githubusercontent.com/pasqualelembo78/huntix-poi/main/italia/emilia-romagna/venezia/pages/bottega_del_caff_dersut_45.4365_12.3266.json,custom
45.434646,12.333079,osm_caff__brasilia_45.4346_12.3331,Caffè Brasilia,bar_cafe,bar_cafe,https://raw.githubusercontent.com/pasqualelembo78/huntix-poi/main/italia/emilia-romagna/venezia/pages/caff_brasilia_45.4346_12.3331.json,custom
45.493911,12.242830,osm_garden_bar_45.4939_12.2428,Garden Bar,bar_cafe,bar_cafe,https://raw.githubusercontent.com/pasqualelembo78/huntix-poi/main/italia/emilia-romagna/venezia/pages/garden_bar_45.4939_12.2428.json,custom
45.444488,12.332312,osm_repair_caf__venezia_45.4445_12.3323,Repair Café Venezia,bar_cafe,bar_cafe,https://raw.githubusercontent.com/pasqualelembo78/huntix-poi/main/italia/emilia-romagna/venezia/pages/repair_caf_venezia_45.4445_12.3323.json,custom
45.434514,12.346357,osm_caff__girani_antica_torrefazione_venezia_45.4345_12.3464,Caffè Girani Antica torrefazione veneziana,bar_cafe,bar_cafe,https://raw.githubusercontent.com/pasqualelembo78/huntix-poi/main/italia/emilia-romagna/venezia/pages/caff_girani_antica_torrefazione_venezian_45.4345_12.3464.json,custom
45.439776,12.337953,osm_il_buongusto_45.4398_12.3380,Il Buongusto,bar_cafe,bar_cafe,https://raw.githubusercontent.com/pasqualelembo78/huntix-poi/main/italia/emilia-romagna/venezia/pages/il_buongusto_45.4398_12.3380.json,custom
45.425963,12.337967,osm_pasticceria_stella___bar___caffetteria_45.4260_12.3380,Pasticceria Stella - Bar & Caffetteria,bar_cafe,bar_cafe,https://raw.githubusercontent.com/pasqualelembo78/huntix-poi/main/italia/emilia-romagna/venezia/pages/pasticceria_stella_-_bar_caffetteria_45.4260_12.3380.json,custom
45.445348,12.329265,osm_bacaro_ae_bricoe_45.4453_12.3293,Bacaro Ae Bricoe,bar_cafe,bar_cafe,https://raw.githubusercontent.com/pasqualelembo78/huntix-poi/main/italia/emilia-romagna/venezia/pages/bacaro_ae_bricoe_45.4453_12.3293.json,custom
45.436450,12.325707,osm_ciccheteria_45.4364_12.3257,Ciccheteria,bar_cafe,bar_cafe,https://raw.githubusercontent.com/pasqualelembo78/huntix-poi/main/italia/emilia-romagna/venezia/pages/ciccheteria_45.4364_12.3257.json,custom
45.445433,12.328947,osm_da_aldo_45.4454_12.3289,Da Aldo,bar_cafe,bar_cafe,https://raw.githubusercontent.com/pasqualelembo78/huntix-poi/main/italia/emilia-romagna/venezia/pages/da_aldo_45.4454_12.3289.json,custom
45.444725,12.331608,osm_bar_all__angolo_45.4447_12.3316,Bar all' Angolo,bar_cafe,bar_cafe,https://raw.githubusercontent.com/pasqualelembo78/huntix-poi/main/italia/emilia-romagna/venezia/pages/bar_all_angolo_45.4447_12.3316.json,custom
45.432703,12.337635,osm_illy_caff__45.4327_12.3376,Illy Caffè,bar_cafe,bar_cafe,https://raw.githubusercontent.com/pasqualelembo78/huntix-poi/main/italia/emilia-romagna/venezia/pages/illy_caff_45.4327_12.3376.json,custom
45.485381,12.233550,osm_coffee_break_sweet___savory_45.4854_12.2335,Coffee break Sweet & Savory,bar_cafe,bar_cafe,https://raw.githubusercontent.com/pasqualelembo78/huntix-poi/main/italia/emilia-romagna/venezia/pages/coffee_break_sweet_savory_45.4854_12.2335.json,custom
45.443296,12.331179,osm_1000_45.4433_12.3312,1000,bar_cafe,bar_cafe,https://raw.githubusercontent.com/pasqualelembo78/huntix-poi/main/italia/emilia-romagna/venezia/pages/1000_45.4433_12.3312.json,custom
45.434927,12.320672,osm_gheni_pan_e_vin_bacaro_caff__45.4349_12.3207,Gheni Pan e Vin Bacaro Caffè,bar_cafe,bar_cafe,https://raw.githubusercontent.com/pasqualelembo78/huntix-poi/main/italia/emilia-romagna/venezia/pages/gheni_pan_e_vin_bacaro_caff_45.4349_12.3207.json,custom
45.434542,12.338442,osm_caff__lavena_45.4345_12.3384,Caffè Lavena,bar_cafe,bar_cafe,https://raw.githubusercontent.com/pasqualelembo78/huntix-poi/main/italia/emilia-romagna/venezia/pages/caff_lavena_45.4345_12.3384.json,custom
45.433601,12.338283,osm_caff__florian_45.4336_12.3383,Caffè Florian,bar_cafe,bar_cafe,https://raw.githubusercontent.com/pasqualelembo78/huntix-poi/main/italia/emilia-romagna/venezia/pages/caff_florian_45.4336_12.3383.json,custom
45.433731,12.338767,osm_caff__aurora_45.4337_12.3388,Caffè Aurora,bar_cafe,bar_cafe,https://raw.githubusercontent.com/pasqualelembo78/huntix-poi/main/italia/emilia-romagna/venezia/pages/caff_aurora_45.4337_12.3388.json,custom
45.433269,12.339441,osm_bar_gelateria_al_todaro_45.4333_12.3394,Bar Gelateria Al Todaro,bar_cafe,bar_cafe,https://raw.githubusercontent.com/pasqualelembo78/huntix-poi/main/italia/emilia-romagna/venezia/pages/bar_gelateria_al_todaro_45.4333_12.3394.json,custom
45.347053,12.326510,osm_kiosco_45.3471_12.3265,Kiosco,bar_cafe,bar_cafe,https://raw.githubusercontent.com/pasqualelembo78/huntix-poi/main/italia/emilia-romagna/venezia/pages/kiosco_45.3471_12.3265.json,custom
45.430204,12.323336,osm_el_chioschetto_45.4302_12.3233,El Chioschetto,bar_cafe,bar_cafe,https://raw.githubusercontent.com/pasqualelembo78/huntix-poi/main/italia/emilia-romagna/venezia/pages/el_chioschetto_45.4302_12.3233.json,custom
45.438951,12.334247,osm_alla_fonda_45.4390_12.3342,Alla Fonda,bar_cafe,bar_cafe,https://raw.githubusercontent.com/pasqualelembo78/huntix-poi/main/italia/emilia-romagna/venezia/pages/alla_fonda_45.4390_12.3342.json,custom
45.438735,12.318695,osm_bar_filovia_45.4387_12.3187,Bar Filovia,bar_cafe,bar_cafe,https://raw.githubusercontent.com/pasqualelembo78/huntix-poi/main/italia/emilia-romagna/venezia/pages/bar_filovia_45.4387_12.3187.json,custom
45.438866,12.318507,osm_motondoso_45.4389_12.3185,Motondoso,bar_cafe,bar_cafe,https://raw.githubusercontent.com/pasqualelembo78/huntix-poi/main/italia/emilia-romagna/venezia/pages/motondoso_45.4389_12.3185.json,custom
45.438744,12.334427,osm_tris_snack_bar_45.4387_12.3344,Tris Snack Bar,bar_cafe,bar_cafe,https://raw.githubusercontent.com/pasqualelembo78/huntix-poi/main/italia/emilia-romagna/venezia/pages/tris_snack_bar_45.4387_12.3344.json,custom
45.441026,12.334774,osm_al_cervi_45.4410_12.3348,Al Cervi,bar_cafe,bar_cafe,https://raw.githubusercontent.com/pasqualelembo78/huntix-poi/main/italia/emilia-romagna/venezia/pages/al_cervi_45.4410_12.3348.json,custom
45.444062,12.328740,osm_caffetteria_s__leonardo_45.4441_12.3287,Caffetteria S. Leonardo,bar_cafe,bar_cafe,https://raw.githubusercontent.com/pasqualelembo78/huntix-poi/main/italia/emilia-romagna/venezia/pages/caffetteria_s_leonardo_45.4441_12.3287.json,custom
45.445623,12.328204,osm_bar_pumba_45.4456_12.3282,Bar Pumba,bar_cafe,bar_cafe,https://raw.githubusercontent.com/pasqualelembo78/huntix-poi/main/italia/emilia-romagna/venezia/pages/bar_pumba_45.4456_12.3282.json,custom
45.443901,12.328645,osm_h2no_45.4439_12.3286,H2NO,bar_cafe,bar_cafe,https://raw.githubusercontent.com/pasqualelembo78/huntix-poi/main/italia/emilia-romagna/venezia/pages/h2no_45.4439_12.3286.json,custom
45.445079,12.322793,osm_osteria_sottobanco_45.4451_12.3228,Osteria Sottobanco,bar_cafe,bar_cafe,https://raw.githubusercontent.com/pasqualelembo78/huntix-poi/main/italia/emilia-romagna/venezia/pages/osteria_sottobanco_45.4451_12.3228.json,custom
45.444996,12.323081,osm_baraonda_45.4450_12.3231,Baraonda,bar_cafe,bar_cafe,https://raw.githubusercontent.com/pasqualelembo78/huntix-poi/main/italia/emilia-romagna/venezia/pages/baraonda_45.4450_12.3231.json,custom
45.433441,12.330283,osm_moeca_osteria_45.4334_12.3303,Moeca Osteria,bar_cafe,bar_cafe,https://raw.githubusercontent.com/pasqualelembo78/huntix-poi/main/italia/emilia-romagna/venezia/pages/moeca_osteria_45.4334_12.3303.json,custom
45.349765,12.319846,ov_terreno_di_danza_45.3498_12.3198,Terreno di Danza,GYM,palestra,https://raw.githubusercontent.com/pasqualelembo78/huntix-poi/main/italia/emilia-romagna/venezia/pages/terreno_di_danza_45.3498_12.3198.json,custom
45.377507,12.342214,ov_palestra_c__del_moro_45.3775_12.3422,Palestra Cà Del Moro,GYM,palestra,https://raw.githubusercontent.com/pasqualelembo78/huntix-poi/main/italia/emilia-romagna/venezia/pages/palestra_c_del_moro_45.3775_12.3422.json,custom
45.383055,12.344878,ov_campo_sportivo_45.3831_12.3449,Campo sportivo,GYM,palestra,https://raw.githubusercontent.com/pasqualelembo78/huntix-poi/main/italia/emilia-romagna/venezia/pages/campo_sportivo_45.3831_12.3449.json,custom
45.386398,12.348474,ov_compagnia_arcieri_del_leon_45.3864_12.3485,Compagnia Arcieri del Leon,GYM,palestra,https://raw.githubusercontent.com/pasqualelembo78/huntix-poi/main/italia/emilia-romagna/venezia/pages/compagnia_arcieri_del_leon_45.3864_12.3485.json,custom
45.386541,12.348862,ov_palestra_comunale_f__olivi_45.3865_12.3489,Palestra comunale F. Olivi,GYM,palestra,https://raw.githubusercontent.com/pasqualelembo78/huntix-poi/main/italia/emilia-romagna/venezia/pages/palestra_comunale_f_olivi_45.3865_12.3489.json,custom
45.390409,12.354702,ov_ranazzurra_lido_45.3904_12.3547,Ranazzurra Lido,GYM,palestra,https://raw.githubusercontent.com/pasqualelembo78/huntix-poi/main/italia/emilia-romagna/venezia/pages/ranazzurra_lido_45.3904_12.3547.json,custom
45.396519,12.359439,ov_sportcenter_lido_45.3965_12.3594,Sportcenter Lido,GYM,palestra,https://raw.githubusercontent.com/pasqualelembo78/huntix-poi/main/italia/emilia-romagna/venezia/pages/sportcenter_lido_45.3965_12.3594.json,custom
45.398957,12.357152,ov_circolo_ippico_venezia_lido_45.3990_12.3572,Circolo Ippico Venezia Lido,GYM,palestra,https://raw.githubusercontent.com/pasqualelembo78/huntix-poi/main/italia/emilia-romagna/venezia/pages/circolo_ippico_venezia_lido_45.3990_12.3572.json,custom
45.400074,12.360538,ov_wellness_and_fitness_45.4001_12.3605,Wellness and Fitness,GYM,palestra,https://raw.githubusercontent.com/pasqualelembo78/huntix-poi/main/italia/emilia-romagna/venezia/pages/wellness_and_fitness_45.4001_12.3605.json,custom
45.402380,12.364750,ov_freetime_diving_45.4024_12.3648,Freetime Diving,GYM,palestra,https://raw.githubusercontent.com/pasqualelembo78/huntix-poi/main/italia/emilia-romagna/venezia/pages/freetime_diving_45.4024_12.3648.json,custom
45.402321,12.364607,ov_gi__dance_school_45.4023_12.3646,Giò Dance School,GYM,palestra,https://raw.githubusercontent.com/pasqualelembo78/huntix-poi/main/italia/emilia-romagna/venezia/pages/gi_dance_school_45.4023_12.3646.json,custom
45.403602,12.365607,ov_centro_osho_ki_sei_45.4036_12.3656,Centro Osho Ki Sei,GYM,palestra,https://raw.githubusercontent.com/pasqualelembo78/huntix-poi/main/italia/emilia-romagna/venezia/pages/centro_osho_ki_sei_45.4036_12.3656.json,custom
45.416547,12.373899,ov_tango_venice_45.4165_12.3739,Tango Venice,GYM,palestra,https://raw.githubusercontent.com/pasqualelembo78/huntix-poi/main/italia/emilia-romagna/venezia/pages/tango_venice_45.4165_12.3739.json,custom
45.414096,12.377017,ov_lido_surf_club_45.4141_12.3770,Lido Surf Club,GYM,palestra,https://raw.githubusercontent.com/pasqualelembo78/huntix-poi/main/italia/emilia-romagna/venezia/pages/lido_surf_club_45.4141_12.3770.json,custom
45.436720,12.319800,ov_uni_s_ve__srl_45.4367_12.3198,Uni.S.Ve. Srl,GYM,palestra,https://raw.githubusercontent.com/pasqualelembo78/huntix-poi/main/italia/emilia-romagna/venezia/pages/unisve_srl_45.4367_12.3198.json,custom
45.438535,12.316257,ov_scuola_danza_diaghilev_45.4385_12.3163,Scuola Danza Diaghilev,GYM,palestra,https://raw.githubusercontent.com/pasqualelembo78/huntix-poi/main/italia/emilia-romagna/venezia/pages/scuola_danza_diaghilev_45.4385_12.3163.json,custom
45.438210,12.318001,ov_remiera_sport_mare_dlf_venezia_45.4382_12.3180,Remiera Sport Mare DLF Venezia,GYM,palestra,https://raw.githubusercontent.com/pasqualelembo78/huntix-poi/main/italia/emilia-romagna/venezia/pages/remiera_sport_mare_dlf_venezia_45.4382_12.3180.json,custom
45.438493,12.344158,ov_scuola_di_danza_edda_marcialis_45.4385_12.3442,Scuola di Danza Edda Marcialis,GYM,palestra,https://raw.githubusercontent.com/pasqualelembo78/huntix-poi/main/italia/emilia-romagna/venezia/pages/scuola_di_danza_edda_marcialis_45.4385_12.3442.json,custom
45.439164,12.344774,ov_power_gym_venice_45.4392_12.3448,Power Gym Venice,GYM,palestra,https://raw.githubusercontent.com/pasqualelembo78/huntix-poi/main/italia/emilia-romagna/venezia/pages/power_gym_venice_45.4392_12.3448.json,custom
45.438840,12.349710,ov_campo_sportivo_bacini___arsenale_nord_ve_45.4388_12.3497,Campo sportivo Bacini - Arsenale Nord Venezia,GYM,palestra,https://raw.githubusercontent.com/pasqualelembo78/huntix-poi/main/italia/emilia-romagna/venezia/pages/campo_sportivo_bacini_-_arsenale_nord_ve_45.4388_12.3497.json,custom
45.437656,12.341892,ov_fitness_point_s_r_l__45.4377_12.3419,Fitness Point S.R.L.,GYM,palestra,https://raw.githubusercontent.com/pasqualelembo78/huntix-poi/main/italia/emilia-romagna/venezia/pages/fitness_point_srl_45.4377_12.3419.json,custom
45.437379,12.336606,ov_lo_spazio_di_silvia_salvagno_45.4374_12.3366,Lo Spazio di Silvia Salvagno,GYM,palestra,https://raw.githubusercontent.com/pasqualelembo78/huntix-poi/main/italia/emilia-romagna/venezia/pages/lo_spazio_di_silvia_salvagno_45.4374_12.3366.json,custom
45.437890,12.330211,ov_jaya_yoga_venezia_45.4379_12.3302,Jaya Yoga Venezia,GYM,palestra,https://raw.githubusercontent.com/pasqualelembo78/huntix-poi/main/italia/emilia-romagna/venezia/pages/jaya_yoga_venezia_45.4379_12.3302.json,custom
45.437620,12.330425,ov_gruppo_danze_storiche_ricercardanzando_45.4376_12.3304,Gruppo Danze Storiche Ricercardanzando,GYM,palestra,https://raw.githubusercontent.com/pasqualelembo78/huntix-poi/main/italia/emilia-romagna/venezia/pages/gruppo_danze_storiche_ricercardanzando_45.4376_12.3304.json,custom
45.435843,12.336618,ov_ashtanga_yoga_venezia_45.4358_12.3366,Ashtanga Yoga Venezia,GYM,palestra,https://raw.githubusercontent.com/pasqualelembo78/huntix-poi/main/italia/emilia-romagna/venezia/pages/ashtanga_yoga_venezia_45.4358_12.3366.json,custom
45.443040,12.324650,ov_scuola_sergio_nen_cai_venezia_45.4430_12.3247,Scuola Sergio Nen CAI Venezia,GYM,palestra,https://raw.githubusercontent.com/pasqualelembo78/huntix-poi/main/italia/emilia-romagna/venezia/pages/scuola_sergio_nen_cai_venezia_45.4430_12.3247.json,custom
45.442569,12.333636,ov_the_original_club_45.4426_12.3336,The Original Club,GYM,palestra,https://raw.githubusercontent.com/pasqualelembo78/huntix-poi/main/italia/emilia-romagna/venezia/pages/the_original_club_45.4426_12.3336.json,custom
45.442655,12.340954,ov_yoga_studio_fondamenta_45.4427_12.3410,Yoga Studio Fondamenta,GYM,palestra,https://raw.githubusercontent.com/pasqualelembo78/huntix-poi/main/italia/emilia-romagna/venezia/pages/yoga_studio_fondamenta_45.4427_12.3410.json,custom
45.440567,12.324041,ov_mokayogavenice_45.4406_12.3240,MokaYogaVenice,GYM,palestra,https://raw.githubusercontent.com/pasqualelembo78/huntix-poi/main/italia/emilia-romagna/venezia/pages/mokayogavenice_45.4406_12.3240.json,custom
45.442046,12.341153,ov_power_gym_venice_2_45.4420_12.3412,Power Gym Venice 2,GYM,palestra,https://raw.githubusercontent.com/pasqualelembo78/huntix-poi/main/italia/emilia-romagna/venezia/pages/power_gym_venice_2_45.4420_12.3412.json,custom
45.442274,12.333921,ov_canottieri_treporti_45.4423_12.3339,Canottieri Treporti,GYM,palestra,https://raw.githubusercontent.com/pasqualelembo78/huntix-poi/main/italia/emilia-romagna/venezia/pages/canottieri_treporti_45.4423_12.3339.json,custom
45.445052,12.330736,ov_centro_energym_venezia_45.4451_12.3307,Centro Energym Venezia,GYM,palestra,https://raw.githubusercontent.com/pasqualelembo78/huntix-poi/main/italia/emilia-romagna/venezia/pages/centro_energym_venezia_45.4451_12.3307.json,custom
45.446160,12.331020,ov_asd_gloria_rogliani_45.4462_12.3310,ASD Gloria Rogliani,GYM,palestra,https://raw.githubusercontent.com/pasqualelembo78/huntix-poi/main/italia/emilia-romagna/venezia/pages/asd_gloria_rogliani_45.4462_12.3310.json,custom
45.446030,12.331715,ov_real_venetian_kayak_45.4460_12.3317,Real Venetian Kayak,GYM,palestra,https://raw.githubusercontent.com/pasqualelembo78/huntix-poi/main/italia/emilia-romagna/venezia/pages/real_venetian_kayak_45.4460_12.3317.json,custom
45.445782,12.330767,ov_voga_camp_45.4458_12.3308,Voga Camp,GYM,palestra,https://raw.githubusercontent.com/pasqualelembo78/huntix-poi/main/italia/emilia-romagna/venezia/pages/voga_camp_45.4458_12.3308.json,custom
45.446427,12.326886,ov_palestra_ex_umberto_i_45.4464_12.3269,Palestra Ex Umberto I,GYM,palestra,https://raw.githubusercontent.com/pasqualelembo78/huntix-poi/main/italia/emilia-romagna/venezia/pages/palestra_ex_umberto_i_45.4464_12.3269.json,custom
45.447201,12.331005,ov_a_s_d__gymnos_45.4472_12.3310,A.S.D. Gymnos,GYM,palestra,https://raw.githubusercontent.com/pasqualelembo78/huntix-poi/main/italia/emilia-romagna/venezia/pages/asd_gymnos_45.4472_12.3310.json,custom
45.448459,12.328125,ov_associazione_sportiva_venezia_verticale_45.4485_12.3281,Associazione Sportiva Venezia Verticale,GYM,palestra,https://raw.githubusercontent.com/pasqualelembo78/huntix-poi/main/italia/emilia-romagna/venezia/pages/associazione_sportiva_venezia_verticale_45.4485_12.3281.json,custom
45.448287,12.328405,ov_centro_sportivo_reyer_45.4483_12.3284,Centro Sportivo Reyer,GYM,palestra,https://raw.githubusercontent.com/pasqualelembo78/huntix-poi/main/italia/emilia-romagna/venezia/pages/centro_sportivo_reyer_45.4483_12.3284.json,custom
45.448463,12.325125,ov_palestra_marsico_45.4485_12.3251,Palestra Marsico,GYM,palestra,https://raw.githubusercontent.com/pasqualelembo78/huntix-poi/main/italia/emilia-romagna/venezia/pages/palestra_marsico_45.4485_12.3251.json,custom
45.433569,12.350189,ov_circolo_ufficiali_marina_militare_45.4336_12.3502,Circolo Ufficiali Marina Militare,GYM,palestra,https://raw.githubusercontent.com/pasqualelembo78/huntix-poi/main/italia/emilia-romagna/venezia/pages/circolo_ufficiali_marina_militare_45.4336_12.3502.json,custom
45.434511,12.346956,ov_spazio_levante_45.4345_12.3470,Spazio Levante,GYM,palestra,https://raw.githubusercontent.com/pasqualelembo78/huntix-poi/main/italia/emilia-romagna/venezia/pages/spazio_levante_45.4345_12.3470.json,custom
45.435050,12.323480,ov_eutonia_club_45.4351_12.3235,Eutonia Club,GYM,palestra,https://raw.githubusercontent.com/pasqualelembo78/huntix-poi/main/italia/emilia-romagna/venezia/pages/eutonia_club_45.4351_12.3235.json,custom
45.434808,12.345047,ov_wellness_center_venice_45.4348_12.3450,Wellness Center Venice,GYM,palestra,https://raw.githubusercontent.com/pasqualelembo78/huntix-poi/main/italia/emilia-romagna/venezia/pages/wellness_center_venice_45.4348_12.3450.json,custom
45.435239,12.334399,ov_palestra_international_club_45.4352_12.3344,Palestra International Club,GYM,palestra,https://raw.githubusercontent.com/pasqualelembo78/huntix-poi/main/italia/emilia-romagna/venezia/pages/palestra_international_club_45.4352_12.3344.json,custom
45.435491,12.319654,ov_studio_iyengar_yoga_venezia_45.4355_12.3197,Studio Iyengar Yoga Venezia,GYM,palestra,https://raw.githubusercontent.com/pasqualelembo78/huntix-poi/main/italia/emilia-romagna/venezia/pages/studio_iyengar_yoga_venezia_45.4355_12.3197.json,custom
45.431234,12.326779,ov_asd_gym___dance_45.4312_12.3268,asd GYM & DANCE,GYM,palestra,https://raw.githubusercontent.com/pasqualelembo78/huntix-poi/main/italia/emilia-romagna/venezia/pages/asd_gym_dance_45.4312_12.3268.json,custom
45.432139,12.332429,ov_scuola_di_danza_prof__marina_prando_45.4321_12.3324,Scuola Di Danza Prof. Marina Prando,GYM,palestra,https://raw.githubusercontent.com/pasqualelembo78/huntix-poi/main/italia/emilia-romagna/venezia/pages/scuola_di_danza_prof_marina_prando_45.4321_12.3324.json,custom
45.433055,12.322950,ov_palestra_oasi_fitness_club_45.4331_12.3229,Palestra Oasi Fitness Club,GYM,palestra,https://raw.githubusercontent.com/pasqualelembo78/huntix-poi/main/italia/emilia-romagna/venezia/pages/palestra_oasi_fitness_club_45.4331_12.3229.json,custom
45.432987,12.329367,ov_mary_fitness_studio_45.4330_12.3294,Mary Fitness Studio,GYM,palestra,https://raw.githubusercontent.com/pasqualelembo78/huntix-poi/main/italia/emilia-romagna/venezia/pages/mary_fitness_studio_45.4330_12.3294.json,custom
45.432474,12.350498,ov_societa_ginnastica_artistica_veneziana_45.4325_12.3505,Societa Ginnastica Artistica Veneziana,GYM,palestra,https://raw.githubusercontent.com/pasqualelembo78/huntix-poi/main/italia/emilia-romagna/venezia/pages/societa_ginnastica_artistica_veneziana_45.4325_12.3505.json,custom
45.432472,12.350482,ov_palasport_arsenale_45.4325_12.3505,Palasport Arsenale,GYM,palestra,https://raw.githubusercontent.com/pasqualelembo78/huntix-poi/main/italia/emilia-romagna/venezia/pages/palasport_arsenale_45.4325_12.3505.json,custom
45.432649,12.350003,ov_cus_venezia_volley___serie_c_45.4326_12.3500,Cus Venezia Volley - Serie C,GYM,palestra,https://raw.githubusercontent.com/pasqualelembo78/huntix-poi/main/italia/emilia-romagna/venezia/pages/cus_venezia_volley_-_serie_c_45.4326_12.3500.json,custom
45.429108,12.328163,ov_club_delfino_45.4291_12.3282,Club Delfino,GYM,palestra,https://raw.githubusercontent.com/pasqualelembo78/huntix-poi/main/italia/emilia-romagna/venezia/pages/club_delfino_45.4291_12.3282.json,custom
45.428989,12.333888,ov_club_subacqueo_san_marco_45.4290_12.3339,Club Subacqueo San Marco,GYM,palestra,https://raw.githubusercontent.com/pasqualelembo78/huntix-poi/main/italia/emilia-romagna/venezia/pages/club_subacqueo_san_marco_45.4290_12.3339.json,custom
45.425064,12.378196,ov_tiro_a_segno_nazionale_lido_di_venezia_45.4251_12.3782,Tiro a Segno Nazionale Lido di Venezia,GYM,palestra,https://raw.githubusercontent.com/pasqualelembo78/huntix-poi/main/italia/emilia-romagna/venezia/pages/tiro_a_segno_nazionale_lido_di_venezia_45.4251_12.3782.json,custom
45.426128,12.382191,ov_skydive_venezia_lido_45.4261_12.3822,Skydive Venezia Lido,GYM,palestra,https://raw.githubusercontent.com/pasqualelembo78/huntix-poi/main/italia/emilia-romagna/venezia/pages/skydive_venezia_lido_45.4261_12.3822.json,custom
45.424565,12.326270,ov_asd_aps_zenobia_45.4246_12.3263,ASD APS Zenobia,GYM,palestra,https://raw.githubusercontent.com/pasqualelembo78/huntix-poi/main/italia/emilia-romagna/venezia/pages/asd_aps_zenobia_45.4246_12.3263.json,custom
45.425730,12.323310,ov_tango_olos_venezia_45.4257_12.3233,Tango Olos Venezia,GYM,palestra,https://raw.githubusercontent.com/pasqualelembo78/huntix-poi/main/italia/emilia-romagna/venezia/pages/tango_olos_venezia_45.4257_12.3233.json,custom
45.426030,12.328088,ov_yoga_venezia_45.4260_12.3281,Yoga Venezia,GYM,palestra,https://raw.githubusercontent.com/pasqualelembo78/huntix-poi/main/italia/emilia-romagna/venezia/pages/yoga_venezia_45.4260_12.3281.json,custom
45.419416,12.376754,ov_ac_lab_mobility_45.4194_12.3768,AC Lab Mobility,GYM,palestra,https://raw.githubusercontent.com/pasqualelembo78/huntix-poi/main/italia/emilia-romagna/venezia/pages/ac_lab_mobility_45.4194_12.3768.json,custom
45.461989,12.212868,ov_crossfit_venezia_45.4620_12.2129,CrossFit Venezia,GYM,palestra,https://raw.githubusercontent.com/pasqualelembo78/huntix-poi/main/italia/emilia-romagna/venezia/pages/crossfit_venezia_45.4620_12.2129.json,custom
45.464582,12.212253,ov_palestra_mcfit_marghera_45.4646_12.2123,Palestra McFIT Marghera,GYM,palestra,https://raw.githubusercontent.com/pasqualelembo78/huntix-poi/main/italia/emilia-romagna/venezia/pages/palestra_mcfit_marghera_45.4646_12.2123.json,custom
45.474582,12.208288,ov_modulor_club_polisportiva_45.4746_12.2083,Modulor Club Polisportiva,GYM,palestra,https://raw.githubusercontent.com/pasqualelembo78/huntix-poi/main/italia/emilia-romagna/venezia/pages/modulor_club_polisportiva_45.4746_12.2083.json,custom
45.477900,12.205640,ov_nordicwalkinitaly_marghera_45.4779_12.2056,NordicwalkinItaly Marghera,GYM,palestra,https://raw.githubusercontent.com/pasqualelembo78/huntix-poi/main/italia/emilia-romagna/venezia/pages/nordicwalkinitaly_marghera_45.4779_12.2056.json,custom
45.483091,12.203618,ov_tangoparasiempre_45.4831_12.2036,TangoParaSiempre,GYM,palestra,https://raw.githubusercontent.com/pasqualelembo78/huntix-poi/main/italia/emilia-romagna/venezia/pages/tangoparasiempre_45.4831_12.2036.json,custom
45.486469,12.211399,ov_alveare_venezia_45.4865_12.2114,Alveare Venezia,GYM,palestra,https://raw.githubusercontent.com/pasqualelembo78/huntix-poi/main/italia/emilia-romagna/venezia/pages/alveare_venezia_45.4865_12.2114.json,custom
45.488760,12.211620,ov_asd_arcieri_mestrini_conte_di_carmagnola_45.4888_12.2116,ASD Arcieri Mestrini Conte Di Carmagnola,GYM,palestra,https://raw.githubusercontent.com/pasqualelembo78/huntix-poi/main/italia/emilia-romagna/venezia/pages/asd_arcieri_mestrini_conte_di_carmagnola_45.4888_12.2116.json,custom
45.490460,12.206582,ov_big_gym_palestra_45.4905_12.2066,Big Gym Palestra,GYM,palestra,https://raw.githubusercontent.com/pasqualelembo78/huntix-poi/main/italia/emilia-romagna/venezia/pages/big_gym_palestra_45.4905_12.2066.json,custom
45.489752,12.208486,ov_calcio_goc_gazzera_chirignago_official_45.4898_12.2085,Calcio GOC Gazzera Chirignago Official,GYM,palestra,https://raw.githubusercontent.com/pasqualelembo78/huntix-poi/main/italia/emilia-romagna/venezia/pages/calcio_goc_gazzera_chirignago_official_45.4898_12.2085.json,custom
45.491034,12.214009,ov_palestra_gramsci_45.4910_12.2140,Palestra Gramsci,GYM,palestra,https://raw.githubusercontent.com/pasqualelembo78/huntix-poi/main/italia/emilia-romagna/venezia/pages/palestra_gramsci_45.4910_12.2140.json,custom
45.491961,12.194449,ov_point_beach_venezia_45.4920_12.1944,Point Beach Venezia,GYM,palestra,https://raw.githubusercontent.com/pasqualelembo78/huntix-poi/main/italia/emilia-romagna/venezia/pages/point_beach_venezia_45.4920_12.1944.json,custom
45.492181,12.194721,ov_green_garden_village_45.4922_12.1947,Green Garden Village,GYM,palestra,https://raw.githubusercontent.com/pasqualelembo78/huntix-poi/main/italia/emilia-romagna/venezia/pages/green_garden_village_45.4922_12.1947.json,custom
45.498529,12.248242,ov_mestredanza_45.4985_12.2482,MestreDanza,GYM,palestra,https://raw.githubusercontent.com/pasqualelembo78/huntix-poi/main/italia/emilia-romagna/venezia/pages/mestredanza_45.4985_12.2482.json,custom
45.499143,12.229572,ov_asd_lo_spazio_156_fatti_di_tango___accad_45.4991_12.2296,Asd Lo Spazio 156 Fatti di Tango - Accademia di Tango Argent,GYM,palestra,https://raw.githubusercontent.com/pasqualelembo78/huntix-poi/main/italia/emilia-romagna/venezia/pages/asd_lo_spazio_156_fatti_di_tango_-_accad_45.4991_12.2296.json,custom
45.498998,12.228574,ov_fit_fight_gym_mestre_45.4990_12.2286,Fit&Fight Gym Mestre,GYM,palestra,https://raw.githubusercontent.com/pasqualelembo78/huntix-poi/main/italia/emilia-romagna/venezia/pages/fitfight_gym_mestre_45.4990_12.2286.json,custom
45.499779,12.233675,ov_amati_asd_45.4998_12.2337,AmaTi ASD,GYM,palestra,https://raw.githubusercontent.com/pasqualelembo78/huntix-poi/main/italia/emilia-romagna/venezia/pages/amati_asd_45.4998_12.2337.json,custom
45.498043,12.236504,ov_centro_yoga_studium_45.4980_12.2365,Centro Yoga Studium,GYM,palestra,https://raw.githubusercontent.com/pasqualelembo78/huntix-poi/main/italia/emilia-romagna/venezia/pages/centro_yoga_studium_45.4980_12.2365.json,custom
45.497840,12.228862,ov_asd_extreme_gym_45.4978_12.2289,ASD Extreme-Gym,GYM,palestra,https://raw.githubusercontent.com/pasqualelembo78/huntix-poi/main/italia/emilia-romagna/venezia/pages/asd_extreme-gym_45.4978_12.2289.json,custom
45.497909,12.228916,ov_pro_fighting_venezia_45.4979_12.2289,Pro Fighting Venezia,GYM,palestra,https://raw.githubusercontent.com/pasqualelembo78/huntix-poi/main/italia/emilia-romagna/venezia/pages/pro_fighting_venezia_45.4979_12.2289.json,custom
45.495765,12.235828,ov_nuoto_venezia___piscine_e_palestre_del_c_45.4958_12.2358,Nuoto Venezia - Piscine e Palestre del Centro,GYM,palestra,https://raw.githubusercontent.com/pasqualelembo78/huntix-poi/main/italia/emilia-romagna/venezia/pages/nuoto_venezia_-_piscine_e_palestre_del_c_45.4958_12.2358.json,custom
45.495780,12.235767,ov_aryanna_pole_dance_studio_45.4958_12.2358,Aryanna Pole Dance Studio,GYM,palestra,https://raw.githubusercontent.com/pasqualelembo78/huntix-poi/main/italia/emilia-romagna/venezia/pages/aryanna_pole_dance_studio_45.4958_12.2358.json,custom
45.495385,12.235242,ov_studio_yoga_sammasati_45.4954_12.2352,Studio Yoga Sammasati,GYM,palestra,https://raw.githubusercontent.com/pasqualelembo78/huntix-poi/main/italia/emilia-romagna/venezia/pages/studio_yoga_sammasati_45.4954_12.2352.json,custom
45.495170,12.233336,ov_a_s_d__union_boxe_mestre_1948_45.4952_12.2333,a.s.d. UNION BOXE MESTRE 1948,GYM,palestra,https://raw.githubusercontent.com/pasqualelembo78/huntix-poi/main/italia/emilia-romagna/venezia/pages/asd_union_boxe_mestre_1948_45.4952_12.2333.json,custom
45.495530,12.241821,ov_dararaqs_danceproject_asd___la_danza_ori_45.4955_12.2418,Dararaqs danceproject asd - la danza orientale a Mestre - Ve,GYM,palestra,https://raw.githubusercontent.com/pasqualelembo78/huntix-poi/main/italia/emilia-romagna/venezia/pages/dararaqs_danceproject_asd_-_la_danza_ori_45.4955_12.2418.json,custom
45.496356,12.245800,ov_asd_candiani_lineagym_sede_via_spalti_45.4964_12.2458,ASD Candiani Lineagym Sede Via Spalti,GYM,palestra,https://raw.githubusercontent.com/pasqualelembo78/huntix-poi/main/italia/emilia-romagna/venezia/pages/asd_candiani_lineagym_sede_via_spalti_45.4964_12.2458.json,custom
45.495489,12.248634,ov_bodhi_yoga___fit_studio_45.4955_12.2486,Bodhi Yoga & Fit Studio,GYM,palestra,https://raw.githubusercontent.com/pasqualelembo78/huntix-poi/main/italia/emilia-romagna/venezia/pages/bodhi_yoga_fit_studio_45.4955_12.2486.json,custom
45.499773,12.273184,ov_webfit_45.4998_12.2732,WebFit,GYM,palestra,https://raw.githubusercontent.com/pasqualelembo78/huntix-poi/main/italia/emilia-romagna/venezia/pages/webfit_45.4998_12.2732.json,custom
45.492111,12.290627,ov_palestra_spazio_fitness_45.4921_12.2906,Palestra Spazio Fitness,GYM,palestra,https://raw.githubusercontent.com/pasqualelembo78/huntix-poi/main/italia/emilia-romagna/venezia/pages/palestra_spazio_fitness_45.4921_12.2906.json,custom
45.488150,12.277479,ov_genial_gym_gym_a_r_l__45.4882_12.2775,Genial Gym Gym a.r.l.,GYM,palestra,https://raw.githubusercontent.com/pasqualelembo78/huntix-poi/main/italia/emilia-romagna/venezia/pages/genial_gym_gym_arl_45.4882_12.2775.json,custom
45.490590,12.269880,ov_asd_happy_gym___mestre_45.4906_12.2699,ASD HAPPY GYM   Mestre,GYM,palestra,https://raw.githubusercontent.com/pasqualelembo78/huntix-poi/main/italia/emilia-romagna/venezia/pages/asd_happy_gym_mestre_45.4906_12.2699.json,custom
45.494795,12.256390,ov_palestra_judokwai_mestre_45.4948_12.2564,Palestra Judokwai Mestre,GYM,palestra,https://raw.githubusercontent.com/pasqualelembo78/huntix-poi/main/italia/emilia-romagna/venezia/pages/palestra_judokwai_mestre_45.4948_12.2564.json,custom
45.494817,12.256401,ov_dreaming_dance_mestre_45.4948_12.2564,Dreaming Dance Mestre,GYM,palestra,https://raw.githubusercontent.com/pasqualelembo78/huntix-poi/main/italia/emilia-romagna/venezia/pages/dreaming_dance_mestre_45.4948_12.2564.json,custom
45.494098,12.252637,ov_arteyoga_studio_45.4941_12.2526,ArteYoga Studio,GYM,palestra,https://raw.githubusercontent.com/pasqualelembo78/huntix-poi/main/italia/emilia-romagna/venezia/pages/arteyoga_studio_45.4941_12.2526.json,custom
45.493820,12.256500,ov_fitcamp_ryc_mestre_45.4938_12.2565,Fitcamp RYC Mestre,GYM,palestra,https://raw.githubusercontent.com/pasqualelembo78/huntix-poi/main/italia/emilia-romagna/venezia/pages/fitcamp_ryc_mestre_45.4938_12.2565.json,custom
45.493974,12.238954,ov_baile_vital_escuela_de_baile_45.4940_12.2390,Baile vital escuela de baile,GYM,palestra,https://raw.githubusercontent.com/pasqualelembo78/huntix-poi/main/italia/emilia-romagna/venezia/pages/baile_vital_escuela_de_baile_45.4940_12.2390.json,custom
45.494022,12.238998,ov_candiani_line_gym_45.4940_12.2390,Candiani Line Gym,GYM,palestra,https://raw.githubusercontent.com/pasqualelembo78/huntix-poi/main/italia/emilia-romagna/venezia/pages/candiani_line_gym_45.4940_12.2390.json,custom
45.494615,12.238829,ov_figurella_snellezza_programmata_45.4946_12.2388,Figurella Snellezza Programmata,GYM,palestra,https://raw.githubusercontent.com/pasqualelembo78/huntix-poi/main/italia/emilia-romagna/venezia/pages/figurella_snellezza_programmata_45.4946_12.2388.json,custom
45.492614,12.222156,ov_acqua_club_venezia_45.4926_12.2222,Acqua Club Venezia,GYM,palestra,https://raw.githubusercontent.com/pasqualelembo78/huntix-poi/main/italia/emilia-romagna/venezia/pages/acqua_club_venezia_45.4926_12.2222.json,custom
45.492720,12.221940,ov_ko_ham_yoga_45.4927_12.2219,Ko'ham Yoga,GYM,palestra,https://raw.githubusercontent.com/pasqualelembo78/huntix-poi/main/italia/emilia-romagna/venezia/pages/koham_yoga_45.4927_12.2219.json,custom
45.490260,12.228785,ov_wontanara_venezia_45.4903_12.2288,Wontanara Venezia,GYM,palestra,https://raw.githubusercontent.com/pasqualelembo78/huntix-poi/main/italia/emilia-romagna/venezia/pages/wontanara_venezia_45.4903_12.2288.json,custom
45.490138,12.228851,ov_scuola_di_tango___tierra_milonguera_45.4901_12.2289,Scuola Di Tango - Tierra Milonguera,GYM,palestra,https://raw.githubusercontent.com/pasqualelembo78/huntix-poi/main/italia/emilia-romagna/venezia/pages/scuola_di_tango_-_tierra_milonguera_45.4901_12.2289.json,custom
45.490606,12.224031,ov_bodytrainer_45.4906_12.2240,Bodytrainer,GYM,palestra,https://raw.githubusercontent.com/pasqualelembo78/huntix-poi/main/italia/emilia-romagna/venezia/pages/bodytrainer_45.4906_12.2240.json,custom
45.488230,12.218266,ov_ashtanga_venice_45.4882_12.2183,Ashtanga Venice,GYM,palestra,https://raw.githubusercontent.com/pasqualelembo78/huntix-poi/main/italia/emilia-romagna/venezia/pages/ashtanga_venice_45.4882_12.2183.json,custom
45.488255,12.233936,ov_palestra_back_school_45.4883_12.2339,Palestra Back School,GYM,palestra,https://raw.githubusercontent.com/pasqualelembo78/huntix-poi/main/italia/emilia-romagna/venezia/pages/palestra_back_school_45.4883_12.2339.json,custom
45.490108,12.237226,ov_campo_sportivo_via_kolbe_45.4901_12.2372,campo sportivo Via Kolbe,GYM,palestra,https://raw.githubusercontent.com/pasqualelembo78/huntix-poi/main/italia/emilia-romagna/venezia/pages/campo_sportivo_via_kolbe_45.4901_12.2372.json,custom
45.491307,12.238047,ov_john_reed_fitness_45.4913_12.2380,John Reed Fitness,GYM,palestra,https://raw.githubusercontent.com/pasqualelembo78/huntix-poi/main/italia/emilia-romagna/venezia/pages/john_reed_fitness_45.4913_12.2380.json,custom
45.490244,12.250728,ov_casa_dello_yoga_45.4902_12.2507,Casa dello Yoga,GYM,palestra,https://raw.githubusercontent.com/pasqualelembo78/huntix-poi/main/italia/emilia-romagna/venezia/pages/casa_dello_yoga_45.4902_12.2507.json,custom
45.490901,12.253742,ov_ginnastica_blu_ribbon_45.4909_12.2537,Ginnastica Blu Ribbon,GYM,palestra,https://raw.githubusercontent.com/pasqualelembo78/huntix-poi/main/italia/emilia-romagna/venezia/pages/ginnastica_blu_ribbon_45.4909_12.2537.json,custom
45.485412,12.242294,ov_esseredanza_45.4854_12.2423,EssereDanza,GYM,palestra,https://raw.githubusercontent.com/pasqualelembo78/huntix-poi/main/italia/emilia-romagna/venezia/pages/esseredanza_45.4854_12.2423.json,custom
45.486817,12.243519,ov_krav_maga_traditional_mestrecentro_45.4868_12.2435,Krav Maga Traditional MestreCentro,GYM,palestra,https://raw.githubusercontent.com/pasqualelembo78/huntix-poi/main/italia/emilia-romagna/venezia/pages/krav_maga_traditional_mestrecentro_45.4868_12.2435.json,custom
45.487928,12.243964,ov_asd_la_palestra_45.4879_12.2440,ASD La Palestra,GYM,palestra,https://raw.githubusercontent.com/pasqualelembo78/huntix-poi/main/italia/emilia-romagna/venezia/pages/asd_la_palestra_45.4879_12.2440.json,custom
45.485780,12.234610,ov_danza_contemporanea_a_mestre_con_michela_45.4858_12.2346,Danza Contemporanea a Mestre con Michela Lorenzano,GYM,palestra,https://raw.githubusercontent.com/pasqualelembo78/huntix-poi/main/italia/emilia-romagna/venezia/pages/danza_contemporanea_a_mestre_con_michela_45.4858_12.2346.json,custom
45.483875,12.236295,ov_palestra_dynamis_45.4839_12.2363,Palestra DYNAMIS,GYM,palestra,https://raw.githubusercontent.com/pasqualelembo78/huntix-poi/main/italia/emilia-romagna/venezia/pages/palestra_dynamis_45.4839_12.2363.json,custom
45.481760,12.242850,ov_enjoy_bowling_venezia_45.4818_12.2428,Enjoy Bowling Venezia,GYM,palestra,https://raw.githubusercontent.com/pasqualelembo78/huntix-poi/main/italia/emilia-romagna/venezia/pages/enjoy_bowling_venezia_45.4818_12.2428.json,custom
45.481882,12.242813,ov_enjoy_pool_venezia_45.4819_12.2428,Enjoy Pool Venezia,GYM,palestra,https://raw.githubusercontent.com/pasqualelembo78/huntix-poi/main/italia/emilia-romagna/venezia/pages/enjoy_pool_venezia_45.4819_12.2428.json,custom
45.484331,12.242831,ov_kf_equilibrio_e_movimento_45.4843_12.2428,KF Equilibrio e Movimento,GYM,palestra,https://raw.githubusercontent.com/pasqualelembo78/huntix-poi/main/italia/emilia-romagna/venezia/pages/kf_equilibrio_e_movimento_45.4843_12.2428.json,custom
45.484117,12.257628,ov_power_gym_45.4841_12.2576,Power Gym,GYM,palestra,https://raw.githubusercontent.com/pasqualelembo78/huntix-poi/main/italia/emilia-romagna/venezia/pages/power_gym_45.4841_12.2576.json,custom
45.481093,12.250235,ov_newline_gym_fitness_center_srl_45.4811_12.2502,Newline Gym Fitness Center Srl,GYM,palestra,https://raw.githubusercontent.com/pasqualelembo78/huntix-poi/main/italia/emilia-romagna/venezia/pages/newline_gym_fitness_center_srl_45.4811_12.2502.json,custom
45.487690,12.293580,ov_accademia_raices_de_fuego_di_sergio_larr_45.4877_12.2936,Accademia Raices de Fuego di Sergio Larrinaga,GYM,palestra,https://raw.githubusercontent.com/pasqualelembo78/huntix-poi/main/italia/emilia-romagna/venezia/pages/accademia_raices_de_fuego_di_sergio_larr_45.4877_12.2936.json,custom
45.486987,12.297975,ov_a_s_d_ricerca_e_danza_45.4870_12.2980,A.s.d ricerca e danza,GYM,palestra,https://raw.githubusercontent.com/pasqualelembo78/huntix-poi/main/italia/emilia-romagna/venezia/pages/asd_ricerca_e_danza_45.4870_12.2980.json,custom
45.481586,12.290856,ov_blusub_asd___apnea_e_subacquea___mestre_45.4816_12.2909,Blusub ASD - Apnea e Subacquea - Mestre,GYM,palestra,https://raw.githubusercontent.com/pasqualelembo78/huntix-poi/main/italia/emilia-romagna/venezia/pages/blusub_asd_-_apnea_e_subacquea_-_mestre_45.4816_12.2909.json,custom
45.493949,12.311216,ov_circolo_ippico_ducale_45.4939_12.3112,Circolo ippico ducale,GYM,palestra,https://raw.githubusercontent.com/pasqualelembo78/huntix-poi/main/italia/emilia-romagna/venezia/pages/circolo_ippico_ducale_45.4939_12.3112.json,custom
45.475988,12.268822,ov_nordicwalkinitaly_45.4760_12.2688,NordicWalkinItaly,GYM,palestra,https://raw.githubusercontent.com/pasqualelembo78/huntix-poi/main/italia/emilia-romagna/venezia/pages/nordicwalkinitaly_45.4760_12.2688.json,custom
45.479283,12.249416,ov_c_f_p__venezia_balletto_45.4793_12.2494,C.F.P. Venezia Balletto,GYM,palestra,https://raw.githubusercontent.com/pasqualelembo78/huntix-poi/main/italia/emilia-romagna/venezia/pages/cfp_venezia_balletto_45.4793_12.2494.json,custom
45.478969,12.246741,ov_labvce_45.4790_12.2467,LABvce,GYM,palestra,https://raw.githubusercontent.com/pasqualelembo78/huntix-poi/main/italia/emilia-romagna/venezia/pages/labvce_45.4790_12.2467.json,custom
45.480306,12.244999,ov_focus_training_center_45.4803_12.2450,Focus Training Center,GYM,palestra,https://raw.githubusercontent.com/pasqualelembo78/huntix-poi/main/italia/emilia-romagna/venezia/pages/focus_training_center_45.4803_12.2450.json,custom
45.479789,12.234102,ov_f_i_g_c_45.4798_12.2341,F.I.G.C,GYM,palestra,https://raw.githubusercontent.com/pasqualelembo78/huntix-poi/main/italia/emilia-romagna/venezia/pages/figc_45.4798_12.2341.json,custom
45.480859,12.224675,ov_subdonaggio_asd_45.4809_12.2247,SubDonaggio ASD,GYM,palestra,https://raw.githubusercontent.com/pasqualelembo78/huntix-poi/main/italia/emilia-romagna/venezia/pages/subdonaggio_asd_45.4809_12.2247.json,custom
45.475516,12.225231,ov_futura5_45.4755_12.2252,Futura5,GYM,palestra,https://raw.githubusercontent.com/pasqualelembo78/huntix-poi/main/italia/emilia-romagna/venezia/pages/futura5_45.4755_12.2252.json,custom
45.475471,12.224111,ov_anytime_fitness_marghera_45.4755_12.2241,Anytime Fitness Marghera,GYM,palestra,https://raw.githubusercontent.com/pasqualelembo78/huntix-poi/main/italia/emilia-romagna/venezia/pages/anytime_fitness_marghera_45.4755_12.2241.json,custom
45.475115,12.228486,ov_asd_new_fitness_center_ariston_club_45.4751_12.2285,Asd New Fitness Center Ariston Club,GYM,palestra,https://raw.githubusercontent.com/pasqualelembo78/huntix-poi/main/italia/emilia-romagna/venezia/pages/asd_new_fitness_center_ariston_club_45.4751_12.2285.json,custom
45.471397,12.254863,ov_crossfit_mes3_45.4714_12.2549,CrossFit Mes3,GYM,palestra,https://raw.githubusercontent.com/pasqualelembo78/huntix-poi/main/italia/emilia-romagna/venezia/pages/crossfit_mes3_45.4714_12.2549.json,custom
45.473695,12.230665,ov_qui_rete_45.4737_12.2307,Quiérete,GYM,palestra,https://raw.githubusercontent.com/pasqualelembo78/huntix-poi/main/italia/emilia-romagna/venezia/pages/quirete_45.4737_12.2307.json,custom
45.471025,12.229776,ov_palestra_popolare_rivolta_45.4710_12.2298,Palestra Popolare RIVOLTA,GYM,palestra,https://raw.githubusercontent.com/pasqualelembo78/huntix-poi/main/italia/emilia-romagna/venezia/pages/palestra_popolare_rivolta_45.4710_12.2298.json,custom
45.468892,12.275074,ov_brube_45.4689_12.2751,Brube,GYM,palestra,https://raw.githubusercontent.com/pasqualelembo78/huntix-poi/main/italia/emilia-romagna/venezia/pages/brube_45.4689_12.2751.json,custom
45.473784,12.269471,ov_stadio_bacci_45.4738_12.2695,Stadio Bacci,GYM,palestra,https://raw.githubusercontent.com/pasqualelembo78/huntix-poi/main/italia/emilia-romagna/venezia/pages/stadio_bacci_45.4738_12.2695.json,custom
45.467236,12.281239,ov_vela_raid___venice_lagoon_raid_45.4672_12.2812,VeLa Raid - Venice Lagoon Raid,GYM,palestra,https://raw.githubusercontent.com/pasqualelembo78/huntix-poi/main/italia/emilia-romagna/venezia/pages/vela_raid_-_venice_lagoon_raid_45.4672_12.2812.json,custom
45.464747,12.215057,ov_picaflor_asd_45.4647_12.2151,Picaflor ASD,GYM,palestra,https://raw.githubusercontent.com/pasqualelembo78/huntix-poi/main/italia/emilia-romagna/venezia/pages/picaflor_asd_45.4647_12.2151.json,custom
45.464530,12.217754,ov_vertical_dance_centre_45.4645_12.2178,Vertical Dance Centre,GYM,palestra,https://raw.githubusercontent.com/pasqualelembo78/huntix-poi/main/italia/emilia-romagna/venezia/pages/vertical_dance_centre_45.4645_12.2178.json,custom
45.464147,12.221280,ov_palestra__stefan__45.4641_12.2213,Palestra 'Stefanì,GYM,palestra,https://raw.githubusercontent.com/pasqualelembo78/huntix-poi/main/italia/emilia-romagna/venezia/pages/palestra_stefan_45.4641_12.2213.json,custom
45.455257,12.354033,ov_palestra_leo_perziano_45.4553_12.3540,Palestra Leo Perziano,GYM,palestra,https://raw.githubusercontent.com/pasqualelembo78/huntix-poi/main/italia/emilia-romagna/venezia/pages/palestra_leo_perziano_45.4553_12.3540.json,custom
45.314860,12.313475,ov_piccolo_museo_della_laguna_sud_45.3149_12.3135,Piccolo Museo della Laguna sud,MUSEUM,monumento,https://raw.githubusercontent.com/pasqualelembo78/huntix-poi/main/italia/emilia-romagna/venezia/pages/piccolo_museo_della_laguna_sud_45.3149_12.3135.json,custom
45.395308,12.358675,ov_batteria_ca_bianca_angelo_emo_45.3953_12.3587,Batteria Ca'Bianca Angelo Emo,MONUMENT,monumento,https://raw.githubusercontent.com/pasqualelembo78/huntix-poi/main/italia/emilia-romagna/venezia/pages/batteria_cabianca_angelo_emo_45.3953_12.3587.json,custom
45.413880,12.368559,ov_museo_laboratorio_navale_falconi_45.4139_12.3686,Museo Laboratorio Navale Falconi,MUSEUM,monumento,https://raw.githubusercontent.com/pasqualelembo78/huntix-poi/main/italia/emilia-romagna/venezia/pages/museo_laboratorio_navale_falconi_45.4139_12.3686.json,custom
45.438263,12.327079,ov_creature_di_gomma_45.4383_12.3271,Creature di Gomma,MUSEUM,monumento,https://raw.githubusercontent.com/pasqualelembo78/huntix-poi/main/italia/emilia-romagna/venezia/pages/creature_di_gomma_45.4383_12.3271.json,custom
45.438280,12.327120,ov_el_panta_45.4383_12.3271,El Panta,MUSEUM,monumento,https://raw.githubusercontent.com/pasqualelembo78/huntix-poi/main/italia/emilia-romagna/venezia/pages/el_panta_45.4383_12.3271.json,custom
45.437936,12.342449,ov_palazzo_cavagnis_centro_culturale_protes_45.4379_12.3424,Palazzo Cavagnis Centro Culturale Protestante,MUSEUM,monumento,https://raw.githubusercontent.com/pasqualelembo78/huntix-poi/main/italia/emilia-romagna/venezia/pages/palazzo_cavagnis_centro_culturale_protes_45.4379_12.3424.json,custom
45.438314,12.342333,ov_palazzo_tetta_45.4383_12.3423,Palazzo Tetta,MUSEUM,monumento,https://raw.githubusercontent.com/pasqualelembo78/huntix-poi/main/italia/emilia-romagna/venezia/pages/palazzo_tetta_45.4383_12.3423.json,custom
45.438661,12.342893,ov_padri_domenicani_convento_ss_giovanni_45.4387_12.3429,Padri Domenicani Convento Ss.Giovanni,MUSEUM,monumento,https://raw.githubusercontent.com/pasqualelembo78/huntix-poi/main/italia/emilia-romagna/venezia/pages/padri_domenicani_convento_ssgiovanni_45.4387_12.3429.json,custom
45.438753,12.335144,ov_il_gobbo_di_rialto_45.4388_12.3351,Il Gobbo di Rialto,MONUMENT,monumento,https://raw.githubusercontent.com/pasqualelembo78/huntix-poi/main/italia/emilia-romagna/venezia/pages/il_gobbo_di_rialto_45.4388_12.3351.json,custom
45.438600,12.326700,ov_fondazione_guggenheim_venezia_45.4386_12.3267,Fondazione Guggenheim Venezia,MUSEUM,monumento,https://raw.githubusercontent.com/pasqualelembo78/huntix-poi/main/italia/emilia-romagna/venezia/pages/fondazione_guggenheim_venezia_45.4386_12.3267.json,custom
45.438600,12.326700,ov_el_puente_de_rialto_venecia_45.4386_12.3267,El Puente De Rialto Venecia,MONUMENT,monumento,https://raw.githubusercontent.com/pasqualelembo78/huntix-poi/main/italia/emilia-romagna/venezia/pages/el_puente_de_rialto_venecia_45.4386_12.3267.json,custom
45.439224,12.330167,ov_fondation_valmont_45.4392_12.3302,Fondation Valmont,MUSEUM,monumento,https://raw.githubusercontent.com/pasqualelembo78/huntix-poi/main/italia/emilia-romagna/venezia/pages/fondation_valmont_45.4392_12.3302.json,custom
45.439935,12.324618,ov_soprintendenza_beni_ambientali_ed_archit_45.4399_12.3246,Soprintendenza Beni Ambientali Ed Architettonici Del Veneto ,MUSEUM,monumento,https://raw.githubusercontent.com/pasqualelembo78/huntix-poi/main/italia/emilia-romagna/venezia/pages/soprintendenza_beni_ambientali_ed_archit_45.4399_12.3246.json,custom
45.439622,12.341453,ov_scuola_grande_di_san_marco_45.4396_12.3415,Scuola Grande di San Marco,MUSEUM,monumento,https://raw.githubusercontent.com/pasqualelembo78/huntix-poi/main/italia/emilia-romagna/venezia/pages/scuola_grande_di_san_marco_45.4396_12.3415.json,custom
45.439401,12.341254,ov_museo_di_anatomia_patologica_45.4394_12.3413,Museo Di Anatomia Patologica,MUSEUM,monumento,https://raw.githubusercontent.com/pasqualelembo78/huntix-poi/main/italia/emilia-romagna/venezia/pages/museo_di_anatomia_patologica_45.4394_12.3413.json,custom
45.439163,12.339209,ov_la_casa_di_corto_maltese___casa_museo_45.4392_12.3392,La Casa di Corto Maltese - Casa Museo,MUSEUM,monumento,https://raw.githubusercontent.com/pasqualelembo78/huntix-poi/main/italia/emilia-romagna/venezia/pages/la_casa_di_corto_maltese_-_casa_museo_45.4392_12.3392.json,custom
45.437807,12.353792,ov_arsenale_nord___tese_di_san_cristoforo_45.4378_12.3538,Arsenale Nord - Tese di San Cristoforo,MUSEUM,monumento,https://raw.githubusercontent.com/pasqualelembo78/huntix-poi/main/italia/emilia-romagna/venezia/pages/arsenale_nord_-_tese_di_san_cristoforo_45.4378_12.3538.json,custom
45.437440,12.326980,ov_lgbte_arts_45.4374_12.3270,LGBTE Arts,MUSEUM,monumento,https://raw.githubusercontent.com/pasqualelembo78/huntix-poi/main/italia/emilia-romagna/venezia/pages/lgbte_arts_45.4374_12.3270.json,custom
45.436850,12.325592,ov_da_vinci_interactive_museum_venice_45.4368_12.3256,Da Vinci Interactive Museum Venice,MUSEUM,monumento,https://raw.githubusercontent.com/pasqualelembo78/huntix-poi/main/italia/emilia-romagna/venezia/pages/da_vinci_interactive_museum_venice_45.4368_12.3256.json,custom
45.436890,12.331596,ov_archivio_luciano_minguzzi_45.4369_12.3316,Archivio Luciano Minguzzi,MUSEUM,monumento,https://raw.githubusercontent.com/pasqualelembo78/huntix-poi/main/italia/emilia-romagna/venezia/pages/archivio_luciano_minguzzi_45.4369_12.3316.json,custom
45.437093,12.341330,ov_pozzo_santa_maria_formosa_45.4371_12.3413,Pozzo Santa Maria Formosa,MUSEUM,monumento,https://raw.githubusercontent.com/pasqualelembo78/huntix-poi/main/italia/emilia-romagna/venezia/pages/pozzo_santa_maria_formosa_45.4371_12.3413.json,custom
45.436962,12.342189,ov_museo_di_palazzo_grimani_45.4370_12.3422,Museo di Palazzo Grimani,MUSEUM,monumento,https://raw.githubusercontent.com/pasqualelembo78/huntix-poi/main/italia/emilia-romagna/venezia/pages/museo_di_palazzo_grimani_45.4370_12.3422.json,custom
45.436668,12.341240,ov_fondazione_querini_stampalia_45.4367_12.3412,Fondazione Querini Stampalia,MUSEUM,monumento,https://raw.githubusercontent.com/pasqualelembo78/huntix-poi/main/italia/emilia-romagna/venezia/pages/fondazione_querini_stampalia_45.4367_12.3412.json,custom
45.436596,12.341239,ov_perinelli_carlo_45.4366_12.3412,Perinelli Carlo,MUSEUM,monumento,https://raw.githubusercontent.com/pasqualelembo78/huntix-poi/main/italia/emilia-romagna/venezia/pages/perinelli_carlo_45.4366_12.3412.json,custom
45.436778,12.333944,ov_republic_of_san_marino_45.4368_12.3339,Republic of San Marino,MUSEUM,monumento,https://raw.githubusercontent.com/pasqualelembo78/huntix-poi/main/italia/emilia-romagna/venezia/pages/republic_of_san_marino_45.4368_12.3339.json,custom
45.436264,12.328379,ov_casa_di_carlo_goldoni_45.4363_12.3284,Casa di Carlo Goldoni,MUSEUM,monumento,https://raw.githubusercontent.com/pasqualelembo78/huntix-poi/main/italia/emilia-romagna/venezia/pages/casa_di_carlo_goldoni_45.4363_12.3284.json,custom
45.435983,12.323966,ov_campiello_mosca_45.4360_12.3240,Campiello Mosca,MONUMENT,monumento,https://raw.githubusercontent.com/pasqualelembo78/huntix-poi/main/italia/emilia-romagna/venezia/pages/campiello_mosca_45.4360_12.3240.json,custom
45.435988,12.335698,ov_moca_modern_contemporary_art_45.4360_12.3357,MOCA Modern Contemporary Art,MUSEUM,monumento,https://raw.githubusercontent.com/pasqualelembo78/huntix-poi/main/italia/emilia-romagna/venezia/pages/moca_modern_contemporary_art_45.4360_12.3357.json,custom
45.444073,12.320655,ov_ponte_di_suspiri_45.4441_12.3207,Ponte Di Suspiri,MONUMENT,monumento,https://raw.githubusercontent.com/pasqualelembo78/huntix-poi/main/italia/emilia-romagna/venezia/pages/ponte_di_suspiri_45.4441_12.3207.json,custom
45.443731,12.326148,ov_venice_center_of_jewish_art_45.4437_12.3261,Venice Center of Jewish Art,MUSEUM,monumento,https://raw.githubusercontent.com/pasqualelembo78/huntix-poi/main/italia/emilia-romagna/venezia/pages/venice_center_of_jewish_art_45.4437_12.3261.json,custom
45.443428,12.336111,ov_museo_di_fisica_antonio_maria_traversi_45.4434_12.3361,Museo di Fisica Antonio Maria Traversi,MUSEUM,monumento,https://raw.githubusercontent.com/pasqualelembo78/huntix-poi/main/italia/emilia-romagna/venezia/pages/museo_di_fisica_antonio_maria_traversi_45.4434_12.3361.json,custom
45.443120,12.330460,ov_museo_wagner_45.4431_12.3305,Museo Wagner,MUSEUM,monumento,https://raw.githubusercontent.com/pasqualelembo78/huntix-poi/main/italia/emilia-romagna/venezia/pages/museo_wagner_45.4431_12.3305.json,custom
45.443150,12.332058,ov_monument_to_paolo_sarpi_45.4432_12.3321,Monument to Paolo Sarpi,MONUMENT,monumento,https://raw.githubusercontent.com/pasqualelembo78/huntix-poi/main/italia/emilia-romagna/venezia/pages/monument_to_paolo_sarpi_45.4432_12.3321.json,custom
45.442849,12.336970,ov_tintocorretto_45.4428_12.3370,TintoCORretto,MUSEUM,monumento,https://raw.githubusercontent.com/pasqualelembo78/huntix-poi/main/italia/emilia-romagna/venezia/pages/tintocorretto_45.4428_12.3370.json,custom
45.440860,12.337860,ov_fondaco_marcello_45.4409_12.3379,Fondaco Marcello,MUSEUM,monumento,https://raw.githubusercontent.com/pasqualelembo78/huntix-poi/main/italia/emilia-romagna/venezia/pages/fondaco_marcello_45.4409_12.3379.json,custom
45.440584,12.331870,ov_fondazione_prada_45.4406_12.3319,Fondazione Prada,MUSEUM,monumento,https://raw.githubusercontent.com/pasqualelembo78/huntix-poi/main/italia/emilia-romagna/venezia/pages/fondazione_prada_45.4406_12.3319.json,custom
45.440650,12.329806,ov_museo_di_palazzo_mocenigo_45.4406_12.3298,Museo di Palazzo Mocenigo,MUSEUM,monumento,https://raw.githubusercontent.com/pasqualelembo78/huntix-poi/main/italia/emilia-romagna/venezia/pages/museo_di_palazzo_mocenigo_45.4406_12.3298.json,custom
45.440913,12.331385,ov_oriental_art_museum_in_venice_45.4409_12.3314,Oriental Art Museum in Venice,MUSEUM,monumento,https://raw.githubusercontent.com/pasqualelembo78/huntix-poi/main/italia/emilia-romagna/venezia/pages/oriental_art_museum_in_venice_45.4409_12.3314.json,custom
45.440980,12.331530,ov_ca__pesaro___galleria_internazionale_d_a_45.4410_12.3315,Ca' Pesaro - Galleria Internazionale d'Arte Moderna,MUSEUM,monumento,https://raw.githubusercontent.com/pasqualelembo78/huntix-poi/main/italia/emilia-romagna/venezia/pages/ca_pesaro_-_galleria_internazionale_dart_45.4410_12.3315.json,custom
45.441671,12.328335,ov_museo_di_storia_naturale_di_venezia_45.4417_12.3283,Museo di Storia Naturale di Venezia,MUSEUM,monumento,https://raw.githubusercontent.com/pasqualelembo78/huntix-poi/main/italia/emilia-romagna/venezia/pages/museo_di_storia_naturale_di_venezia_45.4417_12.3283.json,custom
45.441631,12.332468,ov_palazzetto_da_lezze_45.4416_12.3325,Palazzetto Da Lezze,MONUMENT,monumento,https://raw.githubusercontent.com/pasqualelembo78/huntix-poi/main/italia/emilia-romagna/venezia/pages/palazzetto_da_lezze_45.4416_12.3325.json,custom
45.441482,12.328311,ov_museo_di_storia_naturale___natural_histo_45.4415_12.3283,Museo di Storia Naturale / Natural History Museum,MUSEUM,monumento,https://raw.githubusercontent.com/pasqualelembo78/huntix-poi/main/italia/emilia-romagna/venezia/pages/museo_di_storia_naturale_natural_history_45.4415_12.3283.json,custom
45.441708,12.342144,ov_spazio_berlendis_45.4417_12.3421,Spazio Berlendis,MUSEUM,monumento,https://raw.githubusercontent.com/pasqualelembo78/huntix-poi/main/italia/emilia-romagna/venezia/pages/spazio_berlendis_45.4417_12.3421.json,custom
45.445031,12.326943,ov_sinagoghe_e_museo_ebraico_di_venezia_45.4450_12.3269,Sinagoghe e Museo Ebraico di Venezia,MUSEUM,monumento,https://raw.githubusercontent.com/pasqualelembo78/huntix-poi/main/italia/emilia-romagna/venezia/pages/sinagoghe_e_museo_ebraico_di_venezia_45.4450_12.3269.json,custom
45.445119,12.327164,ov_cultura_ebraica_a_venezia_45.4451_12.3272,Cultura Ebraica a Venezia,MUSEUM,monumento,https://raw.githubusercontent.com/pasqualelembo78/huntix-poi/main/italia/emilia-romagna/venezia/pages/cultura_ebraica_a_venezia_45.4451_12.3272.json,custom
45.445160,12.323950,ov_architecture_for_the_people__by_the_peop_45.4452_12.3239,"Architecture for the People, by the People / Nakojaabaad",MUSEUM,monumento,https://raw.githubusercontent.com/pasqualelembo78/huntix-poi/main/italia/emilia-romagna/venezia/pages/architecture_for_the_people_by_the_peopl_45.4452_12.3239.json,custom
45.453036,12.348085,ov_the_archimede_seguso_s_museum_foundation_45.4530_12.3481,The Archimede Seguso's Museum Foundation,MUSEUM,monumento,https://raw.githubusercontent.com/pasqualelembo78/huntix-poi/main/italia/emilia-romagna/venezia/pages/the_archimede_segusos_museum_foundation_45.4530_12.3481.json,custom
45.434284,12.381787,ov_forte_sant_andrea_45.4343_12.3818,Forte Sant'Andrea,MONUMENT,monumento,https://raw.githubusercontent.com/pasqualelembo78/huntix-poi/main/italia/emilia-romagna/venezia/pages/forte_santandrea_45.4343_12.3818.json,custom
45.433799,12.355323,ov_la_biennale__venice_45.4338_12.3553,"La Biennale, Venice",MUSEUM,monumento,https://raw.githubusercontent.com/pasqualelembo78/huntix-poi/main/italia/emilia-romagna/venezia/pages/la_biennale_venice_45.4338_12.3553.json,custom
45.434560,12.349955,ov_victorie_navalis_monimentum_45.4346_12.3500,Victorie Navalis Monimentum,MUSEUM,monumento,https://raw.githubusercontent.com/pasqualelembo78/huntix-poi/main/italia/emilia-romagna/venezia/pages/victorie_navalis_monimentum_45.4346_12.3500.json,custom
45.434299,12.337927,ov_smac_venice__san_marco_art_centre__45.4343_12.3379,SMAC Venice (San Marco Art Centre),MUSEUM,monumento,https://raw.githubusercontent.com/pasqualelembo78/huntix-poi/main/italia/emilia-romagna/venezia/pages/smac_venice_san_marco_art_centre_45.4343_12.3379.json,custom
45.434369,12.339204,ov_museo_di_san_marco_45.4344_12.3392,Museo di San Marco,MUSEUM,monumento,https://raw.githubusercontent.com/pasqualelembo78/huntix-poi/main/italia/emilia-romagna/venezia/pages/museo_di_san_marco_45.4344_12.3392.json,custom
45.434287,12.338968,ov_bell_tower__venice_45.4343_12.3390,"Bell Tower, Venice",MUSEUM,monumento,https://raw.githubusercontent.com/pasqualelembo78/huntix-poi/main/italia/emilia-romagna/venezia/pages/bell_tower_venice_45.4343_12.3390.json,custom
45.434230,12.337945,ov_the_home_of_the_human_safety_net_45.4342_12.3379,The Home of The Human Safety Net,MUSEUM,monumento,https://raw.githubusercontent.com/pasqualelembo78/huntix-poi/main/italia/emilia-romagna/venezia/pages/the_home_of_the_human_safety_net_45.4342_12.3379.json,custom
45.434028,12.344407,ov_s_zaccaria_monumento_45.4340_12.3444,S.Zaccaria Monumento,MONUMENT,monumento,https://raw.githubusercontent.com/pasqualelembo78/huntix-poi/main/italia/emilia-romagna/venezia/pages/szaccaria_monumento_45.4340_12.3444.json,custom
45.433891,12.343342,ov_monument_to_victor_emmanuel_ii_45.4339_12.3433,Monument to Victor Emmanuel II,MONUMENT,monumento,https://raw.githubusercontent.com/pasqualelembo78/huntix-poi/main/italia/emilia-romagna/venezia/pages/monument_to_victor_emmanuel_ii_45.4339_12.3433.json,custom
45.433996,12.344512,ov_isola_di_san_servolo_insane_asylum_museu_45.4340_12.3445,Isola di San Servolo Insane Asylum Museum,MUSEUM,monumento,https://raw.githubusercontent.com/pasqualelembo78/huntix-poi/main/italia/emilia-romagna/venezia/pages/isola_di_san_servolo_insane_asylum_museu_45.4340_12.3445.json,custom
45.433900,12.340000,ov_____45.4339_12.3400,总督宫,MUSEUM,monumento,https://raw.githubusercontent.com/pasqualelembo78/huntix-poi/main/italia/emilia-romagna/venezia/pages/_45.4339_12.3400.json,custom
45.433816,12.344744,ov_riva_degli_schiavoni_45.4338_12.3447,Riva degli Schiavoni,MONUMENT,monumento,https://raw.githubusercontent.com/pasqualelembo78/huntix-poi/main/italia/emilia-romagna/venezia/pages/riva_degli_schiavoni_45.4338_12.3447.json,custom
45.433629,12.341271,ov_prison_of_venice___45.4336_12.3413,Prison of Venice!!,MONUMENT,monumento,https://raw.githubusercontent.com/pasqualelembo78/huntix-poi/main/italia/emilia-romagna/venezia/pages/prison_of_venice_45.4336_12.3413.json,custom
45.433683,12.340401,ov_palazzo_ducale_45.4337_12.3404,Palazzo Ducale,MUSEUM,monumento,https://raw.githubusercontent.com/pasqualelembo78/huntix-poi/main/italia/emilia-romagna/venezia/pages/palazzo_ducale_45.4337_12.3404.json,custom
45.433734,12.337997,ov_direzione_regionale_musei_veneto_45.4337_12.3380,Direzione regionale Musei Veneto,MUSEUM,monumento,https://raw.githubusercontent.com/pasqualelembo78/huntix-poi/main/italia/emilia-romagna/venezia/pages/direzione_regionale_musei_veneto_45.4337_12.3380.json,custom
45.433642,12.337285,ov_museo_correr_45.4336_12.3373,Museo Correr,MUSEUM,monumento,https://raw.githubusercontent.com/pasqualelembo78/huntix-poi/main/italia/emilia-romagna/venezia/pages/museo_correr_45.4336_12.3373.json,custom
45.433759,12.338981,ov_museo_archeologico_nazionale_di_venezia_45.4338_12.3390,Museo archeologico nazionale di Venezia,MUSEUM,monumento,https://raw.githubusercontent.com/pasqualelembo78/huntix-poi/main/italia/emilia-romagna/venezia/pages/museo_archeologico_nazionale_di_venezia_45.4338_12.3390.json,custom
45.433780,12.339088,ov_ponte_dei_sospiri_45.4338_12.3391,Ponte dei Sospiri,MONUMENT,monumento,https://raw.githubusercontent.com/pasqualelembo78/huntix-poi/main/italia/emilia-romagna/venezia/pages/ponte_dei_sospiri_45.4338_12.3391.json,custom
45.433900,12.337500,ov________45.4339_12.3375,科雷爾博物館,MUSEUM,monumento,https://raw.githubusercontent.com/pasqualelembo78/huntix-poi/main/italia/emilia-romagna/venezia/pages/_45.4339_12.3375.json,custom
45.433930,12.339740,ov_terza_colonna_venezia_45.4339_12.3397,Terza Colonna Venezia,MONUMENT,monumento,https://raw.githubusercontent.com/pasqualelembo78/huntix-poi/main/italia/emilia-romagna/venezia/pages/terza_colonna_venezia_45.4339_12.3397.json,custom
45.433981,12.339768,ov_fondazione_musei_civici_di_venezia_45.4340_12.3398,Fondazione Musei Civici di Venezia,MUSEUM,monumento,https://raw.githubusercontent.com/pasqualelembo78/huntix-poi/main/italia/emilia-romagna/venezia/pages/fondazione_musei_civici_di_venezia_45.4340_12.3398.json,custom
45.433968,12.337160,ov_libreria_sansoviniana__biblioteca_marcia_45.4340_12.3372,Libreria Sansoviniana (Biblioteca Marciana),MUSEUM,monumento,https://raw.githubusercontent.com/pasqualelembo78/huntix-poi/main/italia/emilia-romagna/venezia/pages/libreria_sansoviniana_biblioteca_marcian_45.4340_12.3372.json,custom
45.433726,12.327939,ov_palazzo_grassi___punta_della_dogana_45.4337_12.3279,Palazzo Grassi - Punta della Dogana,MUSEUM,monumento,https://raw.githubusercontent.com/pasqualelembo78/huntix-poi/main/italia/emilia-romagna/venezia/pages/palazzo_grassi_-_punta_della_dogana_45.4337_12.3279.json,custom
45.433553,12.326847,ov_ca__rezzonico_45.4336_12.3268,Ca' Rezzonico,MUSEUM,monumento,https://raw.githubusercontent.com/pasqualelembo78/huntix-poi/main/italia/emilia-romagna/venezia/pages/ca_rezzonico_45.4336_12.3268.json,custom
45.433470,12.326242,ov_____________45.4335_12.3262,קא' רצוניקו,MUSEUM,monumento,https://raw.githubusercontent.com/pasqualelembo78/huntix-poi/main/italia/emilia-romagna/venezia/pages/__45.4335_12.3262.json,custom
45.434203,12.327620,ov_palazzo_moro_lin_45.4342_12.3276,Palazzo Moro Lin,MUSEUM,monumento,https://raw.githubusercontent.com/pasqualelembo78/huntix-poi/main/italia/emilia-romagna/venezia/pages/palazzo_moro_lin_45.4342_12.3276.json,custom
45.434572,12.329038,ov_palazzo_mocenigo_ca__nova_45.4346_12.3290,Palazzo Mocenigo Ca' Nova,MUSEUM,monumento,https://raw.githubusercontent.com/pasqualelembo78/huntix-poi/main/italia/emilia-romagna/venezia/pages/palazzo_mocenigo_ca_nova_45.4346_12.3290.json,custom
45.434696,12.341800,ov_torcello__alle_origini_di_venezia_tra_oc_45.4347_12.3418,TORCELLO: Alle origini di Venezia tra Occidente e Oriente,MUSEUM,monumento,https://raw.githubusercontent.com/pasqualelembo78/huntix-poi/main/italia/emilia-romagna/venezia/pages/torcello_alle_origini_di_venezia_tra_occ_45.4347_12.3418.json,custom
45.435213,12.341258,ov_itsliquid_group_45.4352_12.3413,Itsliquid Group,MUSEUM,monumento,https://raw.githubusercontent.com/pasqualelembo78/huntix-poi/main/italia/emilia-romagna/venezia/pages/itsliquid_group_45.4352_12.3413.json,custom
45.435441,12.341584,ov_museu_da_ferrari_maranelo_45.4354_12.3416,Museu Da Ferrari Maranelo,MUSEUM,monumento,https://raw.githubusercontent.com/pasqualelembo78/huntix-poi/main/italia/emilia-romagna/venezia/pages/museu_da_ferrari_maranelo_45.4354_12.3416.json,custom
45.435500,12.327868,ov_ca__dandolo_45.4355_12.3279,Ca' Dandolo,MUSEUM,monumento,https://raw.githubusercontent.com/pasqualelembo78/huntix-poi/main/italia/emilia-romagna/venezia/pages/ca_dandolo_45.4355_12.3279.json,custom
45.435402,12.332275,ov_museo_fortuny_45.4354_12.3323,Museo Fortuny,MUSEUM,monumento,https://raw.githubusercontent.com/pasqualelembo78/huntix-poi/main/italia/emilia-romagna/venezia/pages/museo_fortuny_45.4354_12.3323.json,custom
45.431950,12.318540,ov_de_l_ombre___la_lumi_re_45.4319_12.3185,De l'Ombre à la Lumière,MUSEUM,monumento,https://raw.githubusercontent.com/pasqualelembo78/huntix-poi/main/italia/emilia-romagna/venezia/pages/de_lombre_la_lumire_45.4319_12.3185.json,custom
45.431442,12.326669,ov_palazzo_basadonna_giustinian_recanati_45.4314_12.3267,Palazzo Basadonna Giustinian Recanati,MONUMENT,monumento,https://raw.githubusercontent.com/pasqualelembo78/huntix-poi/main/italia/emilia-romagna/venezia/pages/palazzo_basadonna_giustinian_recanati_45.4314_12.3267.json,custom
45.431326,12.328840,ov_itinerari_segreti_45.4313_12.3288,Itinerari Segreti,MUSEUM,monumento,https://raw.githubusercontent.com/pasqualelembo78/huntix-poi/main/italia/emilia-romagna/venezia/pages/itinerari_segreti_45.4313_12.3288.json,custom
45.431257,12.328047,ov_aldo_manuzio_il_rinascimento_di_venezia_45.4313_12.3280,Aldo Manuzio Il rinascimento di Venezia,MUSEUM,monumento,https://raw.githubusercontent.com/pasqualelembo78/huntix-poi/main/italia/emilia-romagna/venezia/pages/aldo_manuzio_il_rinascimento_di_venezia_45.4313_12.3280.json,custom
45.432150,12.330320,ov_museo_palazzo_pisani_45.4322_12.3303,MUSEO Palazzo Pisani,MUSEUM,monumento,https://raw.githubusercontent.com/pasqualelembo78/huntix-poi/main/italia/emilia-romagna/venezia/pages/museo_palazzo_pisani_45.4322_12.3303.json,custom
45.431790,12.327300,ov_palazzo_rocca_45.4318_12.3273,Palazzo Rocca,MUSEUM,monumento,https://raw.githubusercontent.com/pasqualelembo78/huntix-poi/main/italia/emilia-romagna/venezia/pages/palazzo_rocca_45.4318_12.3273.json,custom
45.432557,12.330311,ov_kokod__kamigami_45.4326_12.3303,Kokodé Kamigami,MUSEUM,monumento,https://raw.githubusercontent.com/pasqualelembo78/huntix-poi/main/italia/emilia-romagna/venezia/pages/kokod_kamigami_45.4326_12.3303.json,custom
45.433044,12.325248,ov_leonardo_da_vinci__the_exhibition_in_ven_45.4330_12.3252,Leonardo da Vinci: The Exhibition in Venice,MUSEUM,monumento,https://raw.githubusercontent.com/pasqualelembo78/huntix-poi/main/italia/emilia-romagna/venezia/pages/leonardo_da_vinci_the_exhibition_in_veni_45.4330_12.3252.json,custom
45.433430,12.326240,ov_muve_education_45.4334_12.3262,MUVE Education,MUSEUM,monumento,https://raw.githubusercontent.com/pasqualelembo78/huntix-poi/main/italia/emilia-romagna/venezia/pages/muve_education_45.4334_12.3262.json,custom
45.433425,12.326817,ov___________45.4334_12.3268,カ・レッツォーニコ,MUSEUM,monumento,https://raw.githubusercontent.com/pasqualelembo78/huntix-poi/main/italia/emilia-romagna/venezia/pages/_45.4334_12.3268.json,custom
45.433417,12.331927,ov_santo_stefano_bell_tower_45.4334_12.3319,Santo Stefano Bell Tower,MONUMENT,monumento,https://raw.githubusercontent.com/pasqualelembo78/huntix-poi/main/italia/emilia-romagna/venezia/pages/santo_stefano_bell_tower_45.4334_12.3319.json,custom
45.433017,12.331616,ov_museo_della_musica_di_venezia_45.4330_12.3316,Museo della Musica di Venezia,MUSEUM,monumento,https://raw.githubusercontent.com/pasqualelembo78/huntix-poi/main/italia/emilia-romagna/venezia/pages/museo_della_musica_di_venezia_45.4330_12.3316.json,custom
45.433213,12.337636,ov_salone_dello_scrutinio___palazzo_ducale_45.4332_12.3376,Salone dello scrutinio @ palazzo ducale,MUSEUM,monumento,https://raw.githubusercontent.com/pasqualelembo78/huntix-poi/main/italia/emilia-romagna/venezia/pages/salone_dello_scrutinio_palazzo_ducale_45.4332_12.3376.json,custom
45.432395,12.349522,ov_amerigo_vespucci_45.4324_12.3495,Amerigo Vespucci,MONUMENT,monumento,https://raw.githubusercontent.com/pasqualelembo78/huntix-poi/main/italia/emilia-romagna/venezia/pages/amerigo_vespucci_45.4324_12.3495.json,custom
45.432505,12.349868,ov_museo_storico_navale_di_venezia__museum__45.4325_12.3499,Museo Storico Navale Di Venezia (Museum Der Seefahrtsgeschic,MUSEUM,monumento,https://raw.githubusercontent.com/pasqualelembo78/huntix-poi/main/italia/emilia-romagna/venezia/pages/museo_storico_navale_di_venezia_museum_d_45.4325_12.3499.json,custom
45.432506,12.355401,ov_venezia___giardini_45.4325_12.3554,Venezia - Giardini,MUSEUM,monumento,https://raw.githubusercontent.com/pasqualelembo78/huntix-poi/main/italia/emilia-romagna/venezia/pages/venezia_-_giardini_45.4325_12.3554.json,custom
45.433411,12.352895,ov_le_corderie__arsenale_venezia_45.4334_12.3529,"Le Corderie, Arsenale Venezia",MUSEUM,monumento,https://raw.githubusercontent.com/pasqualelembo78/huntix-poi/main/italia/emilia-romagna/venezia/pages/le_corderie_arsenale_venezia_45.4334_12.3529.json,custom
45.433391,12.358015,ov_museo_delle_imbarcazioni_tradizionali_45.4334_12.3580,Museo delle Imbarcazioni Tradizionali,MUSEUM,monumento,https://raw.githubusercontent.com/pasqualelembo78/huntix-poi/main/italia/emilia-romagna/venezia/pages/museo_delle_imbarcazioni_tradizionali_45.4334_12.3580.json,custom
45.432077,12.354904,ov_monumento_a_giuseppe_garibaldi__venice_45.4321_12.3549,"Monumento a Giuseppe Garibaldi, Venice",MONUMENT,monumento,https://raw.githubusercontent.com/pasqualelembo78/huntix-poi/main/italia/emilia-romagna/venezia/pages/monumento_a_giuseppe_garibaldi_venice_45.4321_12.3549.json,custom
45.431097,12.353245,ov_arsenale_institute_for_politics_of_repre_45.4311_12.3532,Arsenale Institute for Politics of Representation,MUSEUM,monumento,https://raw.githubusercontent.com/pasqualelembo78/huntix-poi/main/italia/emilia-romagna/venezia/pages/arsenale_institute_for_politics_of_repre_45.4311_12.3532.json,custom
45.430777,12.355668,ov_kingdom_of_saudi_arabia___la_biennale_45.4308_12.3557,Kingdom of Saudi Arabia @ La Biennale,MUSEUM,monumento,https://raw.githubusercontent.com/pasqualelembo78/huntix-poi/main/italia/emilia-romagna/venezia/pages/kingdom_of_saudi_arabia_la_biennale_45.4308_12.3557.json,custom
45.429723,12.358023,ov_netherlands_pavilion_45.4297_12.3580,Netherlands Pavilion,MUSEUM,monumento,https://raw.githubusercontent.com/pasqualelembo78/huntix-poi/main/italia/emilia-romagna/venezia/pages/netherlands_pavilion_45.4297_12.3580.json,custom
45.429798,12.358663,ov_padiglione_centrale_45.4298_12.3587,Padiglione Centrale,MUSEUM,monumento,https://raw.githubusercontent.com/pasqualelembo78/huntix-poi/main/italia/emilia-romagna/venezia/pages/padiglione_centrale_45.4298_12.3587.json,custom
45.429333,12.339284,ov_nuova_manica_lunga_45.4293_12.3393,Nuova Manica Lunga,MUSEUM,monumento,https://raw.githubusercontent.com/pasqualelembo78/huntix-poi/main/italia/emilia-romagna/venezia/pages/nuova_manica_lunga_45.4293_12.3393.json,custom
45.429867,12.325355,ov_venice_carnival_museum_45.4299_12.3254,Venice Carnival Museum,MUSEUM,monumento,https://raw.githubusercontent.com/pasqualelembo78/huntix-poi/main/italia/emilia-romagna/venezia/pages/venice_carnival_museum_45.4299_12.3254.json,custom
45.430645,12.331612,ov_museo_guggenheim_arte_moderna__venezia_45.4306_12.3316,Museo Guggenheim(arte moderna) Venezia,MUSEUM,monumento,https://raw.githubusercontent.com/pasqualelembo78/huntix-poi/main/italia/emilia-romagna/venezia/pages/museo_guggenheimarte_moderna_venezia_45.4306_12.3316.json,custom
45.430725,12.335452,ov_pinacoteca_manfrediniana_45.4307_12.3355,Pinacoteca Manfrediniana,MUSEUM,monumento,https://raw.githubusercontent.com/pasqualelembo78/huntix-poi/main/italia/emilia-romagna/venezia/pages/pinacoteca_manfrediniana_45.4307_12.3355.json,custom
45.430957,12.336624,ov_punta_della_dogana_45.4310_12.3366,Punta della Dogana,MUSEUM,monumento,https://raw.githubusercontent.com/pasqualelembo78/huntix-poi/main/italia/emilia-romagna/venezia/pages/punta_della_dogana_45.4310_12.3366.json,custom
45.431171,12.328131,ov_gallerie_dell_accademia_di_venezia_45.4312_12.3281,Gallerie dell'Accademia di Venezia,MUSEUM,monumento,https://raw.githubusercontent.com/pasqualelembo78/huntix-poi/main/italia/emilia-romagna/venezia/pages/gallerie_dellaccademia_di_venezia_45.4312_12.3281.json,custom
45.430720,12.331500,ov_guggheneim_museo_45.4307_12.3315,Guggheneim Museo,MUSEUM,monumento,https://raw.githubusercontent.com/pasqualelembo78/huntix-poi/main/italia/emilia-romagna/venezia/pages/guggheneim_museo_45.4307_12.3315.json,custom
45.430684,12.331155,ov_museo_peggy_guggenheim_45.4307_12.3312,Museo Peggy Guggenheim,MUSEUM,monumento,https://raw.githubusercontent.com/pasqualelembo78/huntix-poi/main/italia/emilia-romagna/venezia/pages/museo_peggy_guggenheim_45.4307_12.3312.json,custom
45.428819,12.322763,ov_gugenheim_museum_45.4288_12.3228,Gugenheim Museum,MUSEUM,monumento,https://raw.githubusercontent.com/pasqualelembo78/huntix-poi/main/italia/emilia-romagna/venezia/pages/gugenheim_museum_45.4288_12.3228.json,custom
45.428190,12.359499,ov_greek_pavilion_45.4282_12.3595,Greek Pavilion,MUSEUM,monumento,https://raw.githubusercontent.com/pasqualelembo78/huntix-poi/main/italia/emilia-romagna/venezia/pages/greek_pavilion_45.4282_12.3595.json,custom
45.428303,12.357658,ov_russian_pavilion_of_the_venice_biennale_45.4283_12.3577,Russian Pavilion of the Venice Biennale,MUSEUM,monumento,https://raw.githubusercontent.com/pasqualelembo78/huntix-poi/main/italia/emilia-romagna/venezia/pages/russian_pavilion_of_the_venice_biennale_45.4283_12.3577.json,custom
45.428860,12.358860,ov_israeli_pavilion_45.4289_12.3589,Israeli Pavilion,MUSEUM,monumento,https://raw.githubusercontent.com/pasqualelembo78/huntix-poi/main/italia/emilia-romagna/venezia/pages/israeli_pavilion_45.4289_12.3589.json,custom
45.428572,12.357510,ov_padiglione_del_venezuela_45.4286_12.3575,Padiglione del Venezuela,MUSEUM,monumento,https://raw.githubusercontent.com/pasqualelembo78/huntix-poi/main/italia/emilia-romagna/venezia/pages/padiglione_del_venezuela_45.4286_12.3575.json,custom
45.427950,12.360440,ov_egyptian_pavilion_in_international_archi_45.4280_12.3604,Egyptian pavilion in international Architecture Biennale Ven,MUSEUM,monumento,https://raw.githubusercontent.com/pasqualelembo78/huntix-poi/main/italia/emilia-romagna/venezia/pages/egyptian_pavilion_in_international_archi_45.4280_12.3604.json,custom
45.427460,12.359110,ov_haus_der_kunst_45.4275_12.3591,Haus der Kunst,MUSEUM,monumento,https://raw.githubusercontent.com/pasqualelembo78/huntix-poi/main/italia/emilia-romagna/venezia/pages/haus_der_kunst_45.4275_12.3591.json,custom
45.423368,12.378196,ov_romano_vio_scultore_official_italia_45.4234_12.3782,Romano Vio scultore official italia,MUSEUM,monumento,https://raw.githubusercontent.com/pasqualelembo78/huntix-poi/main/italia/emilia-romagna/venezia/pages/romano_vio_scultore_official_italia_45.4234_12.3782.json,custom
45.425007,12.330099,ov_crea_cantieri_del_contemporaneo_45.4250_12.3301,CREA Cantieri del Contemporaneo,MUSEUM,monumento,https://raw.githubusercontent.com/pasqualelembo78/huntix-poi/main/italia/emilia-romagna/venezia/pages/crea_cantieri_del_contemporaneo_45.4250_12.3301.json,custom
45.484700,12.418750,ov_museo_del_merletto_di_burano_45.4847_12.4187,Museo del Merletto di Burano,MUSEUM,monumento,https://raw.githubusercontent.com/pasqualelembo78/huntix-poi/main/italia/emilia-romagna/venezia/pages/museo_del_merletto_di_burano_45.4847_12.4187.json,custom
45.484720,12.418785,ov_lace_museum_45.4847_12.4188,Lace Museum,MUSEUM,monumento,https://raw.githubusercontent.com/pasqualelembo78/huntix-poi/main/italia/emilia-romagna/venezia/pages/lace_museum_45.4847_12.4188.json,custom
45.497645,12.417327,ov_tirchello_45.4976_12.4173,Tirchello,MUSEUM,monumento,https://raw.githubusercontent.com/pasqualelembo78/huntix-poi/main/italia/emilia-romagna/venezia/pages/tirchello_45.4976_12.4173.json,custom
45.498280,12.411774,ov_casa_museo_andrich_45.4983_12.4118,Casa Museo Andrich,MUSEUM,monumento,https://raw.githubusercontent.com/pasqualelembo78/huntix-poi/main/italia/emilia-romagna/venezia/pages/casa_museo_andrich_45.4983_12.4118.json,custom
45.499642,12.257429,ov_biennale_cimm_45.4996_12.2574,Biennale CIMM,MUSEUM,monumento,https://raw.githubusercontent.com/pasqualelembo78/huntix-poi/main/italia/emilia-romagna/venezia/pages/biennale_cimm_45.4996_12.2574.json,custom
45.495248,12.236170,ov_castello_di_mestre_45.4952_12.2362,Castello di Mestre,MONUMENT,monumento,https://raw.githubusercontent.com/pasqualelembo78/huntix-poi/main/italia/emilia-romagna/venezia/pages/castello_di_mestre_45.4952_12.2362.json,custom
45.492974,12.243274,ov_museo_forte_marghera_45.4930_12.2433,Museo Forte Marghera,MUSEUM,monumento,https://raw.githubusercontent.com/pasqualelembo78/huntix-poi/main/italia/emilia-romagna/venezia/pages/museo_forte_marghera_45.4930_12.2433.json,custom
45.492906,12.243360,ov_mostra_di_costruzioni_di_mattoncini_lego_45.4929_12.2434,Mostra di Costruzioni di Mattoncini LEGO®,MUSEUM,monumento,https://raw.githubusercontent.com/pasqualelembo78/huntix-poi/main/italia/emilia-romagna/venezia/pages/mostra_di_costruzioni_di_mattoncini_lego_45.4929_12.2434.json,custom
45.491706,12.241048,ov_m9_museum_45.4917_12.2410,M9 Museum,MUSEUM,monumento,https://raw.githubusercontent.com/pasqualelembo78/huntix-poi/main/italia/emilia-romagna/venezia/pages/m9_museum_45.4917_12.2410.json,custom
45.493648,12.222100,ov_villa_pozzi_45.4936_12.2221,Villa Pozzi,MUSEUM,monumento,https://raw.githubusercontent.com/pasqualelembo78/huntix-poi/main/italia/emilia-romagna/venezia/pages/villa_pozzi_45.4936_12.2221.json,custom
45.475525,12.259753,ov_museo_storico_militare_di_forte_marghera_45.4755_12.2598,Museo Storico Militare di Forte Marghera,MUSEUM,monumento,https://raw.githubusercontent.com/pasqualelembo78/huntix-poi/main/italia/emilia-romagna/venezia/pages/museo_storico_militare_di_forte_marghera_45.4755_12.2598.json,custom
45.469792,12.246387,ov_porto_marghera_100_45.4698_12.2464,Porto Marghera 100,MUSEUM,monumento,https://raw.githubusercontent.com/pasqualelembo78/huntix-poi/main/italia/emilia-romagna/venezia/pages/porto_marghera_100_45.4698_12.2464.json,custom
45.456570,12.356910,ov_museo_del_vetro_45.4566_12.3569,Museo del Vetro,MUSEUM,monumento,https://raw.githubusercontent.com/pasqualelembo78/huntix-poi/main/italia/emilia-romagna/venezia/pages/museo_del_vetro_45.4566_12.3569.json,custom
45.456145,12.355405,ov_murano_museo_a_45.4561_12.3554,Murano Museo A,MUSEUM,monumento,https://raw.githubusercontent.com/pasqualelembo78/huntix-poi/main/italia/emilia-romagna/venezia/pages/murano_museo_a_45.4561_12.3554.json,custom
45.454033,12.351601,ov_fondazione_berengo_art_space_45.4540_12.3516,Fondazione Berengo Art Space,MUSEUM,monumento,https://raw.githubusercontent.com/pasqualelembo78/huntix-poi/main/italia/emilia-romagna/venezia/pages/fondazione_berengo_art_space_45.4540_12.3516.json,custom
45.437151,12.315331,ov_procura_della_repubblica_di_venezia_45.4372_12.3153,Procura della Repubblica di Venezia,GOVERNMENT,ufficio_pubblico,https://raw.githubusercontent.com/pasqualelembo78/huntix-poi/main/italia/emilia-romagna/venezia/pages/procura_della_repubblica_di_venezia_45.4372_12.3153.json,custom
45.437291,12.315637,ov_cittadella_della_giustizia_45.4373_12.3156,Cittadella della Giustizia,GOVERNMENT,ufficio_pubblico,https://raw.githubusercontent.com/pasqualelembo78/huntix-poi/main/italia/emilia-romagna/venezia/pages/cittadella_della_giustizia_45.4373_12.3156.json,custom
45.438516,12.335432,ov_tribunale_ordinario_di_venezia_45.4385_12.3354,Tribunale Ordinario di Venezia,GOVERNMENT,ufficio_pubblico,https://raw.githubusercontent.com/pasqualelembo78/huntix-poi/main/italia/emilia-romagna/venezia/pages/tribunale_ordinario_di_venezia_45.4385_12.3354.json,custom
45.436544,12.333016,ov_corte_d_appello_di_venezia_45.4365_12.3330,Corte D’appello di Venezia,GOVERNMENT,ufficio_pubblico,https://raw.githubusercontent.com/pasqualelembo78/huntix-poi/main/italia/emilia-romagna/venezia/pages/corte_dappello_di_venezia_45.4365_12.3330.json,custom
45.441931,12.332292,ov_tribunale_amministrativo_regionale_per_i_45.4419_12.3323,Tribunale Amministrativo Regionale per il Veneto,GOVERNMENT,ufficio_pubblico,https://raw.githubusercontent.com/pasqualelembo78/huntix-poi/main/italia/emilia-romagna/venezia/pages/tribunale_amministrativo_regionale_per_i_45.4419_12.3323.json,custom
45.442031,12.326741,ov_giudice_di_pace_45.4420_12.3267,Giudice di Pace,GOVERNMENT,ufficio_pubblico,https://raw.githubusercontent.com/pasqualelembo78/huntix-poi/main/italia/emilia-romagna/venezia/pages/giudice_di_pace_45.4420_12.3267.json,custom
45.497674,12.269819,ov_aula_bunker_venezia_mestre_45.4977_12.2698,Aula Bunker Venezia-Mestre,GOVERNMENT,ufficio_pubblico,https://raw.githubusercontent.com/pasqualelembo78/huntix-poi/main/italia/emilia-romagna/venezia/pages/aula_bunker_venezia-mestre_45.4977_12.2698.json,custom
45.488958,12.250284,ov_tribunale_per_i_minorenni_di_venezia_45.4890_12.2503,Tribunale per i Minorenni di Venezia,GOVERNMENT,ufficio_pubblico,https://raw.githubusercontent.com/pasqualelembo78/huntix-poi/main/italia/emilia-romagna/venezia/pages/tribunale_per_i_minorenni_di_venezia_45.4890_12.2503.json,custom
45.442150,12.334461,osm_venezia_5_45.4422_12.3345,Venezia 5,ufficio_postale,ufficio_postale,https://raw.githubusercontent.com/pasqualelembo78/huntix-poi/main/italia/emilia-romagna/venezia/pages/venezia_5_45.4422_12.3345.json,custom
45.438738,12.342515,osm_brusato_transporti_45.4387_12.3425,Brusato Transporti,ufficio_postale,ufficio_postale,https://raw.githubusercontent.com/pasqualelembo78/huntix-poi/main/italia/emilia-romagna/venezia/pages/brusato_transporti_45.4387_12.3425.json,custom
45.431973,12.351401,osm_poste_italiane_45.4320_12.3514,Poste Italiane,ufficio_postale,ufficio_postale,https://raw.githubusercontent.com/pasqualelembo78/huntix-poi/main/italia/emilia-romagna/venezia/pages/poste_italiane_45.4320_12.3514.json,custom
45.430796,12.321199,osm_venezia_10_45.4308_12.3212,Venezia 10,ufficio_postale,ufficio_postale,https://raw.githubusercontent.com/pasqualelembo78/huntix-poi/main/italia/emilia-romagna/venezia/pages/venezia_10_45.4308_12.3212.json,custom
45.397203,12.355918,ov_biblioteca_del_lido_di_venezia_hugo_prat_45.3972_12.3559,Biblioteca del Lido di Venezia Hugo Pratt,LIBRARY,biblioteca,https://raw.githubusercontent.com/pasqualelembo78/huntix-poi/main/italia/emilia-romagna/venezia/pages/biblioteca_del_lido_di_venezia_hugo_prat_45.3972_12.3559.json,custom
45.438490,12.347360,ov_biblioteca_san_francesco_della_vigna_45.4385_12.3474,Biblioteca San Francesco Della Vigna,LIBRARY,biblioteca,https://raw.githubusercontent.com/pasqualelembo78/huntix-poi/main/italia/emilia-romagna/venezia/pages/biblioteca_san_francesco_della_vigna_45.4385_12.3474.json,custom
45.437610,12.348144,ov_rio_di_san_francesco_della_vigna_45.4376_12.3481,Rio di San Francesco della Vigna,LIBRARY,biblioteca,https://raw.githubusercontent.com/pasqualelembo78/huntix-poi/main/italia/emilia-romagna/venezia/pages/rio_di_san_francesco_della_vigna_45.4376_12.3481.json,custom
45.437790,12.321960,ov_biblioteca_iuav_45.4378_12.3220,Biblioteca Iuav,LIBRARY,biblioteca,https://raw.githubusercontent.com/pasqualelembo78/huntix-poi/main/italia/emilia-romagna/venezia/pages/biblioteca_iuav_45.4378_12.3220.json,custom
45.437370,12.326739,ov_archivio_di_stato_di_venezia___pagina_is_45.4374_12.3267,Archivio di Stato di Venezia - Pagina istituzionale,LIBRARY,biblioteca,https://raw.githubusercontent.com/pasqualelembo78/huntix-poi/main/italia/emilia-romagna/venezia/pages/archivio_di_stato_di_venezia_-_pagina_is_45.4374_12.3267.json,custom
45.437318,12.327051,ov_soprintendenza_archivistica_e_bibliograf_45.4373_12.3271,Soprintendenza Archivistica e Bibliografica per il Veneto e ,LIBRARY,biblioteca,https://raw.githubusercontent.com/pasqualelembo78/huntix-poi/main/italia/emilia-romagna/venezia/pages/soprintendenza_archivistica_e_bibliograf_45.4373_12.3271.json,custom
45.437036,12.344891,ov_biblioteca_di_castello_45.4370_12.3449,Biblioteca di Castello,LIBRARY,biblioteca,https://raw.githubusercontent.com/pasqualelembo78/huntix-poi/main/italia/emilia-romagna/venezia/pages/biblioteca_di_castello_45.4370_12.3449.json,custom
45.436133,12.327272,ov_biblioteca_di_san_toma_45.4361_12.3273,Biblioteca di San Toma,LIBRARY,biblioteca,https://raw.githubusercontent.com/pasqualelembo78/huntix-poi/main/italia/emilia-romagna/venezia/pages/biblioteca_di_san_toma_45.4361_12.3273.json,custom
45.444456,12.317906,ov_biblioteca_area_economica_45.4445_12.3179,Biblioteca Area Economica,LIBRARY,biblioteca,https://raw.githubusercontent.com/pasqualelembo78/huntix-poi/main/italia/emilia-romagna/venezia/pages/biblioteca_area_economica_45.4445_12.3179.json,custom
45.446680,12.324380,ov_biblioteca_scolastica_innovativa_ic_san__45.4467_12.3244,Biblioteca Scolastica Innovativa IC San Girolamo Venezia,LIBRARY,biblioteca,https://raw.githubusercontent.com/pasqualelembo78/huntix-poi/main/italia/emilia-romagna/venezia/pages/biblioteca_scolastica_innovativa_ic_san__45.4467_12.3244.json,custom
45.433816,12.326743,ov_palazzo_nani_bernardo_45.4338_12.3267,Palazzo Nani Bernardo,LIBRARY,biblioteca,https://raw.githubusercontent.com/pasqualelembo78/huntix-poi/main/italia/emilia-romagna/venezia/pages/palazzo_nani_bernardo_45.4338_12.3267.json,custom
45.434125,12.321984,ov_palazzo_vendramin___biblioteca_area_ling_45.4341_12.3220,Palazzo Vendramin - Biblioteca Area Linguistica (BALI) - Dip,LIBRARY,biblioteca,https://raw.githubusercontent.com/pasqualelembo78/huntix-poi/main/italia/emilia-romagna/venezia/pages/palazzo_vendramin_-_biblioteca_area_ling_45.4341_12.3220.json,custom
45.434710,12.322498,ov_biblioteca_area_umanistica_45.4347_12.3225,Biblioteca Area Umanistica,LIBRARY,biblioteca,https://raw.githubusercontent.com/pasqualelembo78/huntix-poi/main/italia/emilia-romagna/venezia/pages/biblioteca_area_umanistica_45.4347_12.3225.json,custom
45.435202,12.342702,ov_biblioteca_bettini_junior_45.4352_12.3427,Biblioteca Bettini Junior,LIBRARY,biblioteca,https://raw.githubusercontent.com/pasqualelembo78/huntix-poi/main/italia/emilia-romagna/venezia/pages/biblioteca_bettini_junior_45.4352_12.3427.json,custom
45.431892,12.320408,ov_universit__ca__foscari_venezia_45.4319_12.3204,Università Ca' Foscari Venezia,LIBRARY,biblioteca,https://raw.githubusercontent.com/pasqualelembo78/huntix-poi/main/italia/emilia-romagna/venezia/pages/universit_ca_foscari_venezia_45.4319_12.3204.json,custom
45.433057,12.324987,ov_indiana_jones_library_45.4331_12.3250,Indiana Jones Library,LIBRARY,biblioteca,https://raw.githubusercontent.com/pasqualelembo78/huntix-poi/main/italia/emilia-romagna/venezia/pages/indiana_jones_library_45.4331_12.3250.json,custom
45.433015,12.331330,ov_centro_di_studi_teologici_g__pattaro_45.4330_12.3313,Centro di studi teologici G. Pattaro,LIBRARY,biblioteca,https://raw.githubusercontent.com/pasqualelembo78/huntix-poi/main/italia/emilia-romagna/venezia/pages/centro_di_studi_teologici_g_pattaro_45.4330_12.3313.json,custom
45.433180,12.339222,ov_zecca_palace_45.4332_12.3392,Zecca Palace,LIBRARY,biblioteca,https://raw.githubusercontent.com/pasqualelembo78/huntix-poi/main/italia/emilia-romagna/venezia/pages/zecca_palace_45.4332_12.3392.json,custom
45.433380,12.339430,ov_sale_monumentali_della_libreria_sansovin_45.4334_12.3394,Sale Monumentali della Libreria Sansoviniana,LIBRARY,biblioteca,https://raw.githubusercontent.com/pasqualelembo78/huntix-poi/main/italia/emilia-romagna/venezia/pages/sale_monumentali_della_libreria_sansovin_45.4334_12.3394.json,custom
45.433327,12.339454,ov_marciana_national_library_45.4333_12.3395,Marciana National Library,LIBRARY,biblioteca,https://raw.githubusercontent.com/pasqualelembo78/huntix-poi/main/italia/emilia-romagna/venezia/pages/marciana_national_library_45.4333_12.3395.json,custom
45.430225,12.359051,ov_the_biennale_library___asac_45.4302_12.3591,The Biennale Library - Asac,LIBRARY,biblioteca,https://raw.githubusercontent.com/pasqualelembo78/huntix-poi/main/italia/emilia-romagna/venezia/pages/the_biennale_library_-_asac_45.4302_12.3591.json,custom
45.499388,12.259245,ov_biblioteca_di_carpenedo_bissuola_45.4994_12.2592,Biblioteca di Carpenedo Bissuola,LIBRARY,biblioteca,https://raw.githubusercontent.com/pasqualelembo78/huntix-poi/main/italia/emilia-romagna/venezia/pages/biblioteca_di_carpenedo_bissuola_45.4994_12.2592.json,custom
45.490840,12.238869,ov_vez_junior_45.4908_12.2389,Vez Junior,LIBRARY,biblioteca,https://raw.githubusercontent.com/pasqualelembo78/huntix-poi/main/italia/emilia-romagna/venezia/pages/vez_junior_45.4908_12.2389.json,custom
45.486631,12.238078,ov_biblioteca_caio_giulio_cesare_45.4866_12.2381,Biblioteca Caio Giulio Cesare,LIBRARY,biblioteca,https://raw.githubusercontent.com/pasqualelembo78/huntix-poi/main/italia/emilia-romagna/venezia/pages/biblioteca_caio_giulio_cesare_45.4866_12.2381.json,custom
45.474543,12.224091,ov_biblioteca_di_marghera_45.4745_12.2241,Biblioteca di Marghera,LIBRARY,biblioteca,https://raw.githubusercontent.com/pasqualelembo78/huntix-poi/main/italia/emilia-romagna/venezia/pages/biblioteca_di_marghera_45.4745_12.2241.json,custom
45.436941,12.345796,osm_biblioteca_di_castello_45.4369_12.3458,Biblioteca di Castello,biblioteca,biblioteca,https://raw.githubusercontent.com/pasqualelembo78/huntix-poi/main/italia/emilia-romagna/venezia/pages/biblioteca_di_castello_45.4369_12.3458.json,custom
45.435186,12.349532,osm_biblioteca_dante_alighieri_45.4352_12.3495,Biblioteca Dante Alighieri,biblioteca,biblioteca,https://raw.githubusercontent.com/pasqualelembo78/huntix-poi/main/italia/emilia-romagna/venezia/pages/biblioteca_dante_alighieri_45.4352_12.3495.json,custom
45.429939,12.324934,osm_ca__foscari_zattere_45.4299_12.3249,Ca’ Foscari Zattere,biblioteca,biblioteca,https://raw.githubusercontent.com/pasqualelembo78/huntix-poi/main/italia/emilia-romagna/venezia/pages/ca_foscari_zattere_45.4299_12.3249.json,custom
45.424903,12.336038,osm_biblioteca_della_giudecca_45.4249_12.3360,Biblioteca della Giudecca,biblioteca,biblioteca,https://raw.githubusercontent.com/pasqualelembo78/huntix-poi/main/italia/emilia-romagna/venezia/pages/biblioteca_della_giudecca_45.4249_12.3360.json,custom
45.427537,12.365596,osm_biblioteca_del_comitato_veneziano_della__45.4275_12.3656,Biblioteca del Comitato veneziano della Società Dante Alighi,biblioteca,biblioteca,https://raw.githubusercontent.com/pasqualelembo78/huntix-poi/main/italia/emilia-romagna/venezia/pages/biblioteca_del_comitato_veneziano_della__45.4275_12.3656.json,custom
45.436147,12.327139,osm_biblioteca_san_toma__45.4361_12.3271,Biblioteca San Toma',biblioteca,biblioteca,https://raw.githubusercontent.com/pasqualelembo78/huntix-poi/main/italia/emilia-romagna/venezia/pages/biblioteca_san_toma_45.4361_12.3271.json,custom
45.434741,12.336427,osm_biblioteca_del_consiglio_regionale_del_v_45.4347_12.3364,Biblioteca del Consiglio regionale del Veneto,biblioteca,biblioteca,https://raw.githubusercontent.com/pasqualelembo78/huntix-poi/main/italia/emilia-romagna/venezia/pages/biblioteca_del_consiglio_regionale_del_v_45.4347_12.3364.json,custom
45.433479,12.339234,osm_biblioteca_nazionale_marciana_45.4335_12.3392,Biblioteca Nazionale Marciana,biblioteca,biblioteca,https://raw.githubusercontent.com/pasqualelembo78/huntix-poi/main/italia/emilia-romagna/venezia/pages/biblioteca_nazionale_marciana_45.4335_12.3392.json,custom
