# lat,lng,id,name,building_type,type,url,page_type
# ancona -- restaurants
43.528520,13.444890,ov_tunital_food_43.5285_13.4449,Tunital Food,RESTAURANT,ristorante,https://raw.githubusercontent.com/pasqualelembo78/huntix-poi/main/italia/marche/ancona/pages/tunital_food_43.5285_13.4449.json,custom
43.616984,13.430121,ov_bagni_romolo_43.6170_13.4301,Bagni Romolo,RESTAURANT,ristorante,https://raw.githubusercontent.com/pasqualelembo78/huntix-poi/main/italia/marche/ancona/pages/bagni_romolo_43.6170_13.4301.json,custom
43.617668,13.426083,ov_sosteria_ancona_43.6177_13.4261,Sosteria Ancona,RESTAURANT,ristorante,https://raw.githubusercontent.com/pasqualelembo78/huntix-poi/main/italia/marche/ancona/pages/sosteria_ancona_43.6177_13.4261.json,custom
43.618709,13.424997,ov_ristorante_da_giovanni_43.6187_13.4250,Ristorante Da Giovanni,RESTAURANT,ristorante,https://raw.githubusercontent.com/pasqualelembo78/huntix-poi/main/italia/marche/ancona/pages/ristorante_da_giovanni_43.6187_13.4250.json,custom
43.618827,13.424381,ov_carlo_cori_43.6188_13.4244,Carlo Cori,RESTAURANT,ristorante,https://raw.githubusercontent.com/pasqualelembo78/huntix-poi/main/italia/marche/ancona/pages/carlo_cori_43.6188_13.4244.json,custom
43.619298,13.424273,ov_bandiera_gialla_beach_43.6193_13.4243,Bandiera Gialla Beach,RESTAURANT,ristorante,https://raw.githubusercontent.com/pasqualelembo78/huntix-poi/main/italia/marche/ancona/pages/bandiera_gialla_beach_43.6193_13.4243.json,custom
43.618290,13.426269,ov_ristorante_pizzeria_da_romano_43.6183_13.4263,Ristorante Pizzeria Da Romano,RESTAURANT,ristorante,https://raw.githubusercontent.com/pasqualelembo78/huntix-poi/main/italia/marche/ancona/pages/ristorante_pizzeria_da_romano_43.6183_13.4263.json,custom
43.619670,13.421880,ov_chalet_azzurro_43.6197_13.4219,Chalet Azzurro,RESTAURANT,ristorante,https://raw.githubusercontent.com/pasqualelembo78/huntix-poi/main/italia/marche/ancona/pages/chalet_azzurro_43.6197_13.4219.json,custom
43.616489,13.432357,ov_bataban__43.6165_13.4324,Batabanò,RESTAURANT,ristorante,https://raw.githubusercontent.com/pasqualelembo78/huntix-poi/main/italia/marche/ancona/pages/bataban_43.6165_13.4324.json,custom
43.614620,13.431550,ov_bandiera_gialla_beach_43.6146_13.4315,Bandiera Gialla beach,RESTAURANT,ristorante,https://raw.githubusercontent.com/pasqualelembo78/huntix-poi/main/italia/marche/ancona/pages/bandiera_gialla_beach_43.6146_13.4315.json,custom
43.600210,13.448398,ov_da_romano_43.6002_13.4484,Da Romano,RESTAURANT,ristorante,https://raw.githubusercontent.com/pasqualelembo78/huntix-poi/main/italia/marche/ancona/pages/da_romano_43.6002_13.4484.json,custom
43.610010,13.450260,ov_pizzeria_bar_il_calcio_43.6100_13.4503,Pizzeria Bar Il Calcio,RESTAURANT,ristorante,https://raw.githubusercontent.com/pasqualelembo78/huntix-poi/main/italia/marche/ancona/pages/pizzeria_bar_il_calcio_43.6100_13.4503.json,custom
43.611051,13.450531,ov_pizza_pazza_43.6111_13.4505,Pizza Pazza,RESTAURANT,ristorante,https://raw.githubusercontent.com/pasqualelembo78/huntix-poi/main/italia/marche/ancona/pages/pizza_pazza_43.6111_13.4505.json,custom
43.611068,13.450556,ov_mociga_43.6111_13.4506,Mociga,RESTAURANT,ristorante,https://raw.githubusercontent.com/pasqualelembo78/huntix-poi/main/italia/marche/ancona/pages/mociga_43.6111_13.4506.json,custom
43.609468,13.453743,ov_pizzeria_pulcinella_43.6095_13.4537,Pizzeria Pulcinella,RESTAURANT,ristorante,https://raw.githubusercontent.com/pasqualelembo78/huntix-poi/main/italia/marche/ancona/pages/pizzeria_pulcinella_43.6095_13.4537.json,custom
43.607836,13.454379,ov_ristorante_sessanta126_43.6078_13.4544,Ristorante Sessanta126,RESTAURANT,ristorante,https://raw.githubusercontent.com/pasqualelembo78/huntix-poi/main/italia/marche/ancona/pages/ristorante_sessanta126_43.6078_13.4544.json,custom
43.606867,13.454185,ov_ristorante_buono_buono_43.6069_13.4542,Ristorante Buono Buono,RESTAURANT,ristorante,https://raw.githubusercontent.com/pasqualelembo78/huntix-poi/main/italia/marche/ancona/pages/ristorante_buono_buono_43.6069_13.4542.json,custom
43.606267,13.454978,ov_mad_29_43.6063_13.4550,Mad 29,RESTAURANT,ristorante,https://raw.githubusercontent.com/pasqualelembo78/huntix-poi/main/italia/marche/ancona/pages/mad_29_43.6063_13.4550.json,custom
43.572331,13.434101,ov_l_isola_che_non_c_____coutry_house_43.5723_13.4341,L'isola che non c'è - Coutry House,RESTAURANT,ristorante,https://raw.githubusercontent.com/pasqualelembo78/huntix-poi/main/italia/marche/ancona/pages/lisola_che_non_c_-_coutry_house_43.5723_13.4341.json,custom
43.571812,13.434906,ov_l_isola_che_non_c_____ancona_43.5718_13.4349,L'isola che non c'è - ancona,RESTAURANT,ristorante,https://raw.githubusercontent.com/pasqualelembo78/huntix-poi/main/italia/marche/ancona/pages/lisola_che_non_c_-_ancona_43.5718_13.4349.json,custom
43.574980,13.437800,ov_la_casa_in_campagna_43.5750_13.4378,La casa in campagna,RESTAURANT,ristorante,https://raw.githubusercontent.com/pasqualelembo78/huntix-poi/main/italia/marche/ancona/pages/la_casa_in_campagna_43.5750_13.4378.json,custom
43.572050,13.444206,ov_agriturismo_la_casa_in_campagna_43.5721_13.4442,Agriturismo La Casa in Campagna,RESTAURANT,ristorante,https://raw.githubusercontent.com/pasqualelembo78/huntix-poi/main/italia/marche/ancona/pages/agriturismo_la_casa_in_campagna_43.5721_13.4442.json,custom
43.554584,13.496192,ov_la_rocca_verde_agrifood_43.5546_13.4962,La Rocca Verde Agrifood,RESTAURANT,ristorante,https://raw.githubusercontent.com/pasqualelembo78/huntix-poi/main/italia/marche/ancona/pages/la_rocca_verde_agrifood_43.5546_13.4962.json,custom
43.569603,13.503200,ov_pizzeria_baraccola_43.5696_13.5032,Pizzeria Baraccola,RESTAURANT,ristorante,https://raw.githubusercontent.com/pasqualelembo78/huntix-poi/main/italia/marche/ancona/pages/pizzeria_baraccola_43.5696_13.5032.json,custom
43.573022,13.504735,ov_america_graffiti___chiuso_43.5730_13.5047,America Graffiti - CHIUSO,RESTAURANT,ristorante,https://raw.githubusercontent.com/pasqualelembo78/huntix-poi/main/italia/marche/ancona/pages/america_graffiti_-_chiuso_43.5730_13.5047.json,custom
43.582949,13.499723,ov_autogrill_43.5829_13.4997,Autogrill,RESTAURANT,ristorante,https://raw.githubusercontent.com/pasqualelembo78/huntix-poi/main/italia/marche/ancona/pages/autogrill_43.5829_13.4997.json,custom
43.581866,13.502992,ov_mama_city_43.5819_13.5030,MAMA City,RESTAURANT,ristorante,https://raw.githubusercontent.com/pasqualelembo78/huntix-poi/main/italia/marche/ancona/pages/mama_city_43.5819_13.5030.json,custom
43.582156,13.493065,ov_ristorante_l_incontro_43.5822_13.4931,Ristorante L'Incontro,RESTAURANT,ristorante,https://raw.githubusercontent.com/pasqualelembo78/huntix-poi/main/italia/marche/ancona/pages/ristorante_lincontro_43.5822_13.4931.json,custom
43.589160,13.492997,ov_osteria_la_bottega_di_pinocchio_43.5892_13.4930,Osteria La Bottega Di Pinocchio,RESTAURANT,ristorante,https://raw.githubusercontent.com/pasqualelembo78/huntix-poi/main/italia/marche/ancona/pages/osteria_la_bottega_di_pinocchio_43.5892_13.4930.json,custom
43.589825,13.493427,ov_pizzeria_del_pinocchio_43.5898_13.4934,Pizzeria del Pinocchio,RESTAURANT,ristorante,https://raw.githubusercontent.com/pasqualelembo78/huntix-poi/main/italia/marche/ancona/pages/pizzeria_del_pinocchio_43.5898_13.4934.json,custom
43.592703,13.503861,ov_ristorante_pizzeria_la_ginestra_43.5927_13.5039,Ristorante Pizzeria La Ginestra,RESTAURANT,ristorante,https://raw.githubusercontent.com/pasqualelembo78/huntix-poi/main/italia/marche/ancona/pages/ristorante_pizzeria_la_ginestra_43.5927_13.5039.json,custom
43.596615,13.502561,ov_pizzeria_desiderio_43.5966_13.5026,Pizzeria Desiderio,RESTAURANT,ristorante,https://raw.githubusercontent.com/pasqualelembo78/huntix-poi/main/italia/marche/ancona/pages/pizzeria_desiderio_43.5966_13.5026.json,custom
43.598652,13.490292,ov_mister_pizza_posatora_43.5987_13.4903,Mister Pizza Posatora,RESTAURANT,ristorante,https://raw.githubusercontent.com/pasqualelembo78/huntix-poi/main/italia/marche/ancona/pages/mister_pizza_posatora_43.5987_13.4903.json,custom
43.593420,13.455800,ov_a_3_passi_agriturismo_43.5934_13.4558,A 3 Passi Agriturismo,RESTAURANT,ristorante,https://raw.githubusercontent.com/pasqualelembo78/huntix-poi/main/italia/marche/ancona/pages/a_3_passi_agriturismo_43.5934_13.4558.json,custom
43.588937,13.459414,ov_ristorante_la_tavola_43.5889_13.4594,Ristorante La Tavola,RESTAURANT,ristorante,https://raw.githubusercontent.com/pasqualelembo78/huntix-poi/main/italia/marche/ancona/pages/ristorante_la_tavola_43.5889_13.4594.json,custom
43.588893,13.458987,ov_la_tavola_del_carmine_43.5889_13.4590,La Tavola Del Carmine,RESTAURANT,ristorante,https://raw.githubusercontent.com/pasqualelembo78/huntix-poi/main/italia/marche/ancona/pages/la_tavola_del_carmine_43.5889_13.4590.json,custom
43.607631,13.455469,ov_mcdonald_s_43.6076_13.4555,McDonald's,RESTAURANT,ristorante,https://raw.githubusercontent.com/pasqualelembo78/huntix-poi/main/italia/marche/ancona/pages/mcdonalds_43.6076_13.4555.json,custom
43.609228,13.458846,ov_oggi_pizza___restaurant_43.6092_13.4588,Oggi Pizza & Restaurant,RESTAURANT,ristorante,https://raw.githubusercontent.com/pasqualelembo78/huntix-poi/main/italia/marche/ancona/pages/oggi_pizza_restaurant_43.6092_13.4588.json,custom
43.609035,13.459269,ov_groovy_restaurant_43.6090_13.4593,Groovy Restaurant,RESTAURANT,ristorante,https://raw.githubusercontent.com/pasqualelembo78/huntix-poi/main/italia/marche/ancona/pages/groovy_restaurant_43.6090_13.4593.json,custom
43.608931,13.462991,ov_la_vecchia_pesca_43.6089_13.4630,La Vecchia Pesca,RESTAURANT,ristorante,https://raw.githubusercontent.com/pasqualelembo78/huntix-poi/main/italia/marche/ancona/pages/la_vecchia_pesca_43.6089_13.4630.json,custom
43.615426,13.502090,ov_pesce_fresco_gigante_43.6154_13.5021,Pesce Fresco GIGANTE,RESTAURANT,ristorante,https://raw.githubusercontent.com/pasqualelembo78/huntix-poi/main/italia/marche/ancona/pages/pesce_fresco_gigante_43.6154_13.5021.json,custom
43.612737,13.504152,ov_vino_e_cucina_miscia_43.6127_13.5042,Vino E Cucina Miscia,RESTAURANT,ristorante,https://raw.githubusercontent.com/pasqualelembo78/huntix-poi/main/italia/marche/ancona/pages/vino_e_cucina_miscia_43.6127_13.5042.json,custom
43.612420,13.504590,ov_special_doner_kebab_43.6124_13.5046,Special Doner Kebab,RESTAURANT,ristorante,https://raw.githubusercontent.com/pasqualelembo78/huntix-poi/main/italia/marche/ancona/pages/special_doner_kebab_43.6124_13.5046.json,custom
43.613774,13.501760,ov_il_lazzareto_43.6138_13.5018,Il Lazzareto,RESTAURANT,ristorante,https://raw.githubusercontent.com/pasqualelembo78/huntix-poi/main/italia/marche/ancona/pages/il_lazzareto_43.6138_13.5018.json,custom
43.614803,13.503078,ov_ristorante_stamura_43.6148_13.5031,Ristorante Stamura,RESTAURANT,ristorante,https://raw.githubusercontent.com/pasqualelembo78/huntix-poi/main/italia/marche/ancona/pages/ristorante_stamura_43.6148_13.5031.json,custom
43.613741,13.501052,ov_palombaro_ristorante_43.6137_13.5011,Palombaro Ristorante,RESTAURANT,ristorante,https://raw.githubusercontent.com/pasqualelembo78/huntix-poi/main/italia/marche/ancona/pages/palombaro_ristorante_43.6137_13.5011.json,custom
43.613040,13.501108,ov_ristorante_al_mandracchio_43.6130_13.5011,Ristorante Al Mandracchio,RESTAURANT,ristorante,https://raw.githubusercontent.com/pasqualelembo78/huntix-poi/main/italia/marche/ancona/pages/ristorante_al_mandracchio_43.6130_13.5011.json,custom
43.612275,13.499989,ov_ristorante_la_barca_sul_tetto_43.6123_13.5000,Ristorante la barca sul tetto,RESTAURANT,ristorante,https://raw.githubusercontent.com/pasqualelembo78/huntix-poi/main/italia/marche/ancona/pages/ristorante_la_barca_sul_tetto_43.6123_13.5000.json,custom
43.605891,13.489186,ov_trattoria_dell_antiquario_43.6059_13.4892,Trattoria Dell'Antiquario,RESTAURANT,ristorante,https://raw.githubusercontent.com/pasqualelembo78/huntix-poi/main/italia/marche/ancona/pages/trattoria_dellantiquario_43.6059_13.4892.json,custom
43.606995,13.487951,ov_ristorante_pizzeria_aristo__qua__43.6070_13.4880,Ristorante Pizzeria Aristo' Qua',RESTAURANT,ristorante,https://raw.githubusercontent.com/pasqualelembo78/huntix-poi/main/italia/marche/ancona/pages/ristorante_pizzeria_aristo_qua_43.6070_13.4880.json,custom
43.610998,13.486589,ov_lega_navale_sez_di_ancona_43.6110_13.4866,Lega Navale Sez di Ancona,RESTAURANT,ristorante,https://raw.githubusercontent.com/pasqualelembo78/huntix-poi/main/italia/marche/ancona/pages/lega_navale_sez_di_ancona_43.6110_13.4866.json,custom
43.610966,13.486590,ov_ristorante_lega_navale_italiana_ancona_43.6110_13.4866,Ristorante Lega Navale Italiana Ancona,RESTAURANT,ristorante,https://raw.githubusercontent.com/pasqualelembo78/huntix-poi/main/italia/marche/ancona/pages/ristorante_lega_navale_italiana_ancona_43.6110_13.4866.json,custom
43.608903,13.482416,ov_perla_nera_43.6089_13.4824,Perla Nera,RESTAURANT,ristorante,https://raw.githubusercontent.com/pasqualelembo78/huntix-poi/main/italia/marche/ancona/pages/perla_nera_43.6089_13.4824.json,custom
43.608846,13.482394,ov_nautilus_43.6088_13.4824,Nautilus,RESTAURANT,ristorante,https://raw.githubusercontent.com/pasqualelembo78/huntix-poi/main/italia/marche/ancona/pages/nautilus_43.6088_13.4824.json,custom
43.608345,13.481854,ov_la_bussola_trattoria_di_mare_43.6083_13.4819,La Bussola Trattoria di mare,RESTAURANT,ristorante,https://raw.githubusercontent.com/pasqualelembo78/huntix-poi/main/italia/marche/ancona/pages/la_bussola_trattoria_di_mare_43.6083_13.4819.json,custom
43.608134,13.482048,ov_desiderio_al_molo_71_43.6081_13.4820,Desiderio al Molo 71,RESTAURANT,ristorante,https://raw.githubusercontent.com/pasqualelembo78/huntix-poi/main/italia/marche/ancona/pages/desiderio_al_molo_71_43.6081_13.4820.json,custom
43.608796,13.481955,ov_babordo_ristorante_pizzeria_43.6088_13.4820,Babordo Ristorante Pizzeria,RESTAURANT,ristorante,https://raw.githubusercontent.com/pasqualelembo78/huntix-poi/main/italia/marche/ancona/pages/babordo_ristorante_pizzeria_43.6088_13.4820.json,custom
43.607266,13.484337,ov_ristorante_amici_del_mare_43.6073_13.4843,Ristorante Amici Del Mare,RESTAURANT,ristorante,https://raw.githubusercontent.com/pasqualelembo78/huntix-poi/main/italia/marche/ancona/pages/ristorante_amici_del_mare_43.6073_13.4843.json,custom
43.601930,13.482220,ov_posapark_43.6019_13.4822,PosaPark,RESTAURANT,ristorante,https://raw.githubusercontent.com/pasqualelembo78/huntix-poi/main/italia/marche/ancona/pages/posapark_43.6019_13.4822.json,custom
43.601352,13.486253,ov_posa_bar_43.6014_13.4863,Posa bar,RESTAURANT,ristorante,https://raw.githubusercontent.com/pasqualelembo78/huntix-poi/main/italia/marche/ancona/pages/posa_bar_43.6014_13.4863.json,custom
43.603741,13.493985,ov_sopra_vento_43.6037_13.4940,Sopra Vento,RESTAURANT,ristorante,https://raw.githubusercontent.com/pasqualelembo78/huntix-poi/main/italia/marche/ancona/pages/sopra_vento_43.6037_13.4940.json,custom
43.610317,13.493298,ov_club_amici_del_mare_43.6103_13.4933,Club Amici Del Mare,RESTAURANT,ristorante,https://raw.githubusercontent.com/pasqualelembo78/huntix-poi/main/italia/marche/ancona/pages/club_amici_del_mare_43.6103_13.4933.json,custom
43.611158,13.494975,ov_tavolamica_43.6112_13.4950,Tavolamica,RESTAURANT,ristorante,https://raw.githubusercontent.com/pasqualelembo78/huntix-poi/main/italia/marche/ancona/pages/tavolamica_43.6112_13.4950.json,custom
43.611434,13.494862,ov_b_b_mar_43.6114_13.4949,B.B.MAR,RESTAURANT,ristorante,https://raw.githubusercontent.com/pasqualelembo78/huntix-poi/main/italia/marche/ancona/pages/bbmar_43.6114_13.4949.json,custom
43.611675,13.498212,ov_amici_del_mare_43.6117_13.4982,Amici Del Mare,RESTAURANT,ristorante,https://raw.githubusercontent.com/pasqualelembo78/huntix-poi/main/italia/marche/ancona/pages/amici_del_mare_43.6117_13.4982.json,custom
43.606595,13.495867,ov_la_vecchia_pesca_43.6066_13.4959,La Vecchia Pesca,RESTAURANT,ristorante,https://raw.githubusercontent.com/pasqualelembo78/huntix-poi/main/italia/marche/ancona/pages/la_vecchia_pesca_43.6066_13.4959.json,custom
43.606770,13.497170,ov_el_saz_n_de_marisol_43.6068_13.4972,El Sazòn de Marisol,RESTAURANT,ristorante,https://raw.githubusercontent.com/pasqualelembo78/huntix-poi/main/italia/marche/ancona/pages/el_sazn_de_marisol_43.6068_13.4972.json,custom
43.606674,13.497370,ov_pappap__piccola_cucina_43.6067_13.4974,PAPPAPÒ piccola cucina,RESTAURANT,ristorante,https://raw.githubusercontent.com/pasqualelembo78/huntix-poi/main/italia/marche/ancona/pages/pappap_piccola_cucina_43.6067_13.4974.json,custom
43.606783,13.497326,ov_vino_e_cucina_miscia_43.6068_13.4973,Vino e Cucina Miscia,RESTAURANT,ristorante,https://raw.githubusercontent.com/pasqualelembo78/huntix-poi/main/italia/marche/ancona/pages/vino_e_cucina_miscia_43.6068_13.4973.json,custom
43.606778,13.497234,ov_ristorante_gino_43.6068_13.4972,Ristorante Gino,RESTAURANT,ristorante,https://raw.githubusercontent.com/pasqualelembo78/huntix-poi/main/italia/marche/ancona/pages/ristorante_gino_43.6068_13.4972.json,custom
43.606757,13.497558,ov_bd_fast_food_43.6068_13.4976,BD Fast Food,RESTAURANT,ristorante,https://raw.githubusercontent.com/pasqualelembo78/huntix-poi/main/italia/marche/ancona/pages/bd_fast_food_43.6068_13.4976.json,custom
43.606755,13.497499,ov_trattoria_dorica_43.6068_13.4975,Trattoria Dorica,RESTAURANT,ristorante,https://raw.githubusercontent.com/pasqualelembo78/huntix-poi/main/italia/marche/ancona/pages/trattoria_dorica_43.6068_13.4975.json,custom
43.606698,13.497791,ov_osteria_pizzeria_luciano_43.6067_13.4978,Osteria Pizzeria Luciano,RESTAURANT,ristorante,https://raw.githubusercontent.com/pasqualelembo78/huntix-poi/main/italia/marche/ancona/pages/osteria_pizzeria_luciano_43.6067_13.4978.json,custom
43.607115,13.498711,ov_ristorante_fiorire_43.6071_13.4987,Ristorante fiorire,RESTAURANT,ristorante,https://raw.githubusercontent.com/pasqualelembo78/huntix-poi/main/italia/marche/ancona/pages/ristorante_fiorire_43.6071_13.4987.json,custom
43.608086,13.501654,ov_rete_ferroviaria_italiana_43.6081_13.5017,Rete Ferroviaria Italiana,RESTAURANT,ristorante,https://raw.githubusercontent.com/pasqualelembo78/huntix-poi/main/italia/marche/ancona/pages/rete_ferroviaria_italiana_43.6081_13.5017.json,custom
43.609266,13.503036,ov_trattoria_ulderico_43.6093_13.5030,Trattoria Ulderico,RESTAURANT,ristorante,https://raw.githubusercontent.com/pasqualelembo78/huntix-poi/main/italia/marche/ancona/pages/trattoria_ulderico_43.6093_13.5030.json,custom
43.611732,13.503824,ov_sepofa_ristorante_pizzeria_43.6117_13.5038,Sepofa Ristorante Pizzeria,RESTAURANT,ristorante,https://raw.githubusercontent.com/pasqualelembo78/huntix-poi/main/italia/marche/ancona/pages/sepofa_ristorante_pizzeria_43.6117_13.5038.json,custom
43.611446,13.503929,ov_ristorante_sotajarchi_43.6114_13.5039,Ristorante Sotajarchi,RESTAURANT,ristorante,https://raw.githubusercontent.com/pasqualelembo78/huntix-poi/main/italia/marche/ancona/pages/ristorante_sotajarchi_43.6114_13.5039.json,custom
43.607005,13.503313,ov_surovi_ristorante_indiano_43.6070_13.5033,Surovi Ristorante Indiano,RESTAURANT,ristorante,https://raw.githubusercontent.com/pasqualelembo78/huntix-poi/main/italia/marche/ancona/pages/surovi_ristorante_indiano_43.6070_13.5033.json,custom
43.602562,13.499303,ov_pizzeria_buon_gusto_drive_3402972810_43.6026_13.4993,Pizzeria BUON GUSTO DRIVE 3402972810,RESTAURANT,ristorante,https://raw.githubusercontent.com/pasqualelembo78/huntix-poi/main/italia/marche/ancona/pages/pizzeria_buon_gusto_drive_3402972810_43.6026_13.4993.json,custom
43.601230,13.501020,ov_la_cantina_privata_di_mariella_e_daniele_43.6012_13.5010,La Cantina Privata di Mariella e Daniele,RESTAURANT,ristorante,https://raw.githubusercontent.com/pasqualelembo78/huntix-poi/main/italia/marche/ancona/pages/la_cantina_privata_di_mariella_e_daniele_43.6012_13.5010.json,custom
43.600578,13.501002,ov_trattoria_carotti_43.6006_13.5010,Trattoria Carotti,RESTAURANT,ristorante,https://raw.githubusercontent.com/pasqualelembo78/huntix-poi/main/italia/marche/ancona/pages/trattoria_carotti_43.6006_13.5010.json,custom
43.602115,13.505974,ov_amelie_43.6021_13.5060,Amelie,RESTAURANT,ristorante,https://raw.githubusercontent.com/pasqualelembo78/huntix-poi/main/italia/marche/ancona/pages/amelie_43.6021_13.5060.json,custom
43.602390,13.506830,ov_l_arte_della_pizza_43.6024_13.5068,L'Arte Della Pizza,RESTAURANT,ristorante,https://raw.githubusercontent.com/pasqualelembo78/huntix-poi/main/italia/marche/ancona/pages/larte_della_pizza_43.6024_13.5068.json,custom
43.602391,13.507247,ov_bar___trattoria_del_piano_43.6024_13.5072,Bar - Trattoria del Piano,RESTAURANT,ristorante,https://raw.githubusercontent.com/pasqualelembo78/huntix-poi/main/italia/marche/ancona/pages/bar_-_trattoria_del_piano_43.6024_13.5072.json,custom
43.602637,13.507529,ov_linea_simpatia_43.6026_13.5075,Linea Simpatia,RESTAURANT,ristorante,https://raw.githubusercontent.com/pasqualelembo78/huntix-poi/main/italia/marche/ancona/pages/linea_simpatia_43.6026_13.5075.json,custom
43.600802,13.507661,ov_pizzeria_del_mercato_43.6008_13.5077,Pizzeria del Mercato,RESTAURANT,ristorante,https://raw.githubusercontent.com/pasqualelembo78/huntix-poi/main/italia/marche/ancona/pages/pizzeria_del_mercato_43.6008_13.5077.json,custom
43.601742,13.509433,ov_poldo_s_pizza_43.6017_13.5094,Poldo's Pizza,RESTAURANT,ristorante,https://raw.githubusercontent.com/pasqualelembo78/huntix-poi/main/italia/marche/ancona/pages/poldos_pizza_43.6017_13.5094.json,custom
43.601848,13.508688,ov_pizzeria_bar_miami_43.6018_13.5087,Pizzeria Bar Miami,RESTAURANT,ristorante,https://raw.githubusercontent.com/pasqualelembo78/huntix-poi/main/italia/marche/ancona/pages/pizzeria_bar_miami_43.6018_13.5087.json,custom
43.604615,13.507527,ov_pizza_express_43.6046_13.5075,Pizza Express,RESTAURANT,ristorante,https://raw.githubusercontent.com/pasqualelembo78/huntix-poi/main/italia/marche/ancona/pages/pizza_express_43.6046_13.5075.json,custom
43.604352,13.507768,ov_pizzeria_pettinari_43.6044_13.5078,Pizzeria Pettinari,RESTAURANT,ristorante,https://raw.githubusercontent.com/pasqualelembo78/huntix-poi/main/italia/marche/ancona/pages/pizzeria_pettinari_43.6044_13.5078.json,custom
43.602986,13.507403,ov_ristorante_shanghai_43.6030_13.5074,Ristorante Shanghai,RESTAURANT,ristorante,https://raw.githubusercontent.com/pasqualelembo78/huntix-poi/main/italia/marche/ancona/pages/ristorante_shanghai_43.6030_13.5074.json,custom
43.602992,13.507429,ov_ali_baba_kebab_43.6030_13.5074,Ali Baba Kebab,RESTAURANT,ristorante,https://raw.githubusercontent.com/pasqualelembo78/huntix-poi/main/italia/marche/ancona/pages/ali_baba_kebab_43.6030_13.5074.json,custom
43.605470,13.506198,ov_pak_ali_kebab_43.6055_13.5062,Pak Ali Kebab,RESTAURANT,ristorante,https://raw.githubusercontent.com/pasqualelembo78/huntix-poi/main/italia/marche/ancona/pages/pak_ali_kebab_43.6055_13.5062.json,custom
43.605557,13.506086,ov_kamkam_pizza_43.6056_13.5061,Kamkam Pizza,RESTAURANT,ristorante,https://raw.githubusercontent.com/pasqualelembo78/huntix-poi/main/italia/marche/ancona/pages/kamkam_pizza_43.6056_13.5061.json,custom
43.607090,13.505382,ov_ristorantino_dlf_43.6071_13.5054,Ristorantino DLF,RESTAURANT,ristorante,https://raw.githubusercontent.com/pasqualelembo78/huntix-poi/main/italia/marche/ancona/pages/ristorantino_dlf_43.6071_13.5054.json,custom
43.607302,13.505865,ov_friggitoria_da_jessica_43.6073_13.5059,Friggitoria da Jessica,RESTAURANT,ristorante,https://raw.githubusercontent.com/pasqualelembo78/huntix-poi/main/italia/marche/ancona/pages/friggitoria_da_jessica_43.6073_13.5059.json,custom
43.607054,13.507794,ov_ristorante_e_gastronomia_da_dome__e_paol_43.6071_13.5078,Ristorante e Gastronomia Da Dome' e Paola - Cotto Fritto e n,RESTAURANT,ristorante,https://raw.githubusercontent.com/pasqualelembo78/huntix-poi/main/italia/marche/ancona/pages/ristorante_e_gastronomia_da_dome_e_paola_43.6071_13.5078.json,custom
43.610512,13.507200,ov_monia_bar_and_restaurant_43.6105_13.5072,Monia bar and restaurant,RESTAURANT,ristorante,https://raw.githubusercontent.com/pasqualelembo78/huntix-poi/main/italia/marche/ancona/pages/monia_bar_and_restaurant_43.6105_13.5072.json,custom
43.610361,13.507221,ov_osteria_del_gomito_43.6104_13.5072,Osteria del Gomito,RESTAURANT,ristorante,https://raw.githubusercontent.com/pasqualelembo78/huntix-poi/main/italia/marche/ancona/pages/osteria_del_gomito_43.6104_13.5072.json,custom
43.606887,13.507944,ov_la_tartaruga_43.6069_13.5079,La Tartaruga,RESTAURANT,ristorante,https://raw.githubusercontent.com/pasqualelembo78/huntix-poi/main/italia/marche/ancona/pages/la_tartaruga_43.6069_13.5079.json,custom
43.606502,13.508114,ov_pizzeria_vallemiano_da_luigi_43.6065_13.5081,Pizzeria Vallemiano da Luigi,RESTAURANT,ristorante,https://raw.githubusercontent.com/pasqualelembo78/huntix-poi/main/italia/marche/ancona/pages/pizzeria_vallemiano_da_luigi_43.6065_13.5081.json,custom
43.606113,13.511122,ov_sapore_di_stelle_bistr__43.6061_13.5111,Sapore di Stelle Bistrò,RESTAURANT,ristorante,https://raw.githubusercontent.com/pasqualelembo78/huntix-poi/main/italia/marche/ancona/pages/sapore_di_stelle_bistr_43.6061_13.5111.json,custom
43.606513,13.513252,ov_pizzeria_angolo_del_gusto_43.6065_13.5133,Pizzeria Angolo del Gusto,RESTAURANT,ristorante,https://raw.githubusercontent.com/pasqualelembo78/huntix-poi/main/italia/marche/ancona/pages/pizzeria_angolo_del_gusto_43.6065_13.5133.json,custom
43.609371,13.516459,ov_l_arte_bianca_pinseria_43.6094_13.5165,L'Arte Bianca Pinseria,RESTAURANT,ristorante,https://raw.githubusercontent.com/pasqualelembo78/huntix-poi/main/italia/marche/ancona/pages/larte_bianca_pinseria_43.6094_13.5165.json,custom
43.601506,13.511349,ov_il_brillo_parlante_43.6015_13.5113,Il Brillo Parlante,RESTAURANT,ristorante,https://raw.githubusercontent.com/pasqualelembo78/huntix-poi/main/italia/marche/ancona/pages/il_brillo_parlante_43.6015_13.5113.json,custom
43.600704,13.514794,ov_pizzeria_da_michele_43.6007_13.5148,Pizzeria Da Michele,RESTAURANT,ristorante,https://raw.githubusercontent.com/pasqualelembo78/huntix-poi/main/italia/marche/ancona/pages/pizzeria_da_michele_43.6007_13.5148.json,custom
43.607115,13.521932,ov_vino_e_cucina_miscia_43.6071_13.5219,Vino e Cucina Miscia,RESTAURANT,ristorante,https://raw.githubusercontent.com/pasqualelembo78/huntix-poi/main/italia/marche/ancona/pages/vino_e_cucina_miscia_43.6071_13.5219.json,custom
43.609759,13.517469,ov_powerup_burgers_43.6098_13.5175,PowerUP Burgers,RESTAURANT,ristorante,https://raw.githubusercontent.com/pasqualelembo78/huntix-poi/main/italia/marche/ancona/pages/powerup_burgers_43.6098_13.5175.json,custom
43.615810,13.518630,ov_stabilimento_balneare_da_giacchetti_srl_43.6158_13.5186,Stabilimento Balneare da Giacchetti Srl,RESTAURANT,ristorante,https://raw.githubusercontent.com/pasqualelembo78/huntix-poi/main/italia/marche/ancona/pages/stabilimento_balneare_da_giacchetti_srl_43.6158_13.5186.json,custom
43.616462,13.519546,ov_il_pastaio_43.6165_13.5195,Il Pastaio,RESTAURANT,ristorante,https://raw.githubusercontent.com/pasqualelembo78/huntix-poi/main/italia/marche/ancona/pages/il_pastaio_43.6165_13.5195.json,custom
43.615844,13.519096,ov_co_ba_r_43.6158_13.5191,Co.Ba.r,RESTAURANT,ristorante,https://raw.githubusercontent.com/pasqualelembo78/huntix-poi/main/italia/marche/ancona/pages/cobar_43.6158_13.5191.json,custom
43.615524,13.518812,ov_lagaleria_43.6155_13.5188,Lagaleria,RESTAURANT,ristorante,https://raw.githubusercontent.com/pasqualelembo78/huntix-poi/main/italia/marche/ancona/pages/lagaleria_43.6155_13.5188.json,custom
43.615460,13.519699,ov_zahara_bar__fast_food_43.6155_13.5197,Zahara Bar &Fast Food,RESTAURANT,ristorante,https://raw.githubusercontent.com/pasqualelembo78/huntix-poi/main/italia/marche/ancona/pages/zahara_bar_fast_food_43.6155_13.5197.json,custom
43.615385,13.519905,ov_ristorante_cinese_giapponese_kiyomi_43.6154_13.5199,Ristorante Cinese Giapponese kiyomi,RESTAURANT,ristorante,https://raw.githubusercontent.com/pasqualelembo78/huntix-poi/main/italia/marche/ancona/pages/ristorante_cinese_giapponese_kiyomi_43.6154_13.5199.json,custom
43.615495,13.519927,ov_sushi_fo_43.6155_13.5199,Sushi Fo,RESTAURANT,ristorante,https://raw.githubusercontent.com/pasqualelembo78/huntix-poi/main/italia/marche/ancona/pages/sushi_fo_43.6155_13.5199.json,custom
43.616910,13.523091,ov_panino_marino_43.6169_13.5231,Panino Marino,RESTAURANT,ristorante,https://raw.githubusercontent.com/pasqualelembo78/huntix-poi/main/italia/marche/ancona/pages/panino_marino_43.6169_13.5231.json,custom
43.612492,13.520440,ov_il_pincio_43.6125_13.5204,Il Pincio,RESTAURANT,ristorante,https://raw.githubusercontent.com/pasqualelembo78/huntix-poi/main/italia/marche/ancona/pages/il_pincio_43.6125_13.5204.json,custom
43.614747,13.528882,ov_elementi_osteria_43.6147_13.5289,Elementi Osteria,RESTAURANT,ristorante,https://raw.githubusercontent.com/pasqualelembo78/huntix-poi/main/italia/marche/ancona/pages/elementi_osteria_43.6147_13.5289.json,custom
43.615619,13.528894,ov_l_arte_della_pizza_43.6156_13.5289,L'Arte della Pizza,RESTAURANT,ristorante,https://raw.githubusercontent.com/pasqualelembo78/huntix-poi/main/italia/marche/ancona/pages/larte_della_pizza_43.6156_13.5289.json,custom
43.616369,13.525759,ov_mangio_ergo_sum_43.6164_13.5258,Mangio Ergo Sum,RESTAURANT,ristorante,https://raw.githubusercontent.com/pasqualelembo78/huntix-poi/main/italia/marche/ancona/pages/mangio_ergo_sum_43.6164_13.5258.json,custom
43.615159,13.525044,ov_la_gastronomia_di_joy_43.6152_13.5250,La Gastronomia di Joy,RESTAURANT,ristorante,https://raw.githubusercontent.com/pasqualelembo78/huntix-poi/main/italia/marche/ancona/pages/la_gastronomia_di_joy_43.6152_13.5250.json,custom
43.615841,13.525636,ov_ristorante_il_giardino_43.6158_13.5256,Ristorante Il Giardino,RESTAURANT,ristorante,https://raw.githubusercontent.com/pasqualelembo78/huntix-poi/main/italia/marche/ancona/pages/ristorante_il_giardino_43.6158_13.5256.json,custom
43.615177,13.524904,ov_only_pizza___love_43.6152_13.5249,Only Pizza & Love,RESTAURANT,ristorante,https://raw.githubusercontent.com/pasqualelembo78/huntix-poi/main/italia/marche/ancona/pages/only_pizza_love_43.6152_13.5249.json,custom
43.616817,13.524879,ov_la_vecchia_osteria_43.6168_13.5249,La Vecchia Osteria,RESTAURANT,ristorante,https://raw.githubusercontent.com/pasqualelembo78/huntix-poi/main/italia/marche/ancona/pages/la_vecchia_osteria_43.6168_13.5249.json,custom
43.621547,13.511614,ov_gallorosso_al_guasco_43.6215_13.5116,GALLOROSSO al GUASCO,RESTAURANT,ristorante,https://raw.githubusercontent.com/pasqualelembo78/huntix-poi/main/italia/marche/ancona/pages/gallorosso_al_guasco_43.6215_13.5116.json,custom
43.621161,13.511517,ov_matas_54_43.6212_13.5115,Matas 54,RESTAURANT,ristorante,https://raw.githubusercontent.com/pasqualelembo78/huntix-poi/main/italia/marche/ancona/pages/matas_54_43.6212_13.5115.json,custom
43.619508,13.512991,ov_l_amour_toujours_43.6195_13.5130,L'Amour Toujours,RESTAURANT,ristorante,https://raw.githubusercontent.com/pasqualelembo78/huntix-poi/main/italia/marche/ancona/pages/lamour_toujours_43.6195_13.5130.json,custom
43.619505,13.511375,ov_la_moretta_43.6195_13.5114,La Moretta,RESTAURANT,ristorante,https://raw.githubusercontent.com/pasqualelembo78/huntix-poi/main/italia/marche/ancona/pages/la_moretta_43.6195_13.5114.json,custom
43.619234,13.511208,ov_gnaoo_gatti_bistrot_43.6192_13.5112,Gnaoo Gatti Bistrot,RESTAURANT,ristorante,https://raw.githubusercontent.com/pasqualelembo78/huntix-poi/main/italia/marche/ancona/pages/gnaoo_gatti_bistrot_43.6192_13.5112.json,custom
43.618639,13.511331,ov_osteria_simonetti_43.6186_13.5113,Osteria Simonetti,RESTAURANT,ristorante,https://raw.githubusercontent.com/pasqualelembo78/huntix-poi/main/italia/marche/ancona/pages/osteria_simonetti_43.6186_13.5113.json,custom
43.618679,13.511500,ov_mazzini_62_rosticceria_e_pita_da_rahel_43.6187_13.5115,Mazzini 62 Rosticceria e Pita da Rahel,RESTAURANT,ristorante,https://raw.githubusercontent.com/pasqualelembo78/huntix-poi/main/italia/marche/ancona/pages/mazzini_62_rosticceria_e_pita_da_rahel_43.6187_13.5115.json,custom
43.618569,13.511637,ov_wokaway_43.6186_13.5116,Wokaway,RESTAURANT,ristorante,https://raw.githubusercontent.com/pasqualelembo78/huntix-poi/main/italia/marche/ancona/pages/wokaway_43.6186_13.5116.json,custom
43.618406,13.511586,ov_alambicco_bistr____gin_43.6184_13.5116,Alambicco Bistró & Gin,RESTAURANT,ristorante,https://raw.githubusercontent.com/pasqualelembo78/huntix-poi/main/italia/marche/ancona/pages/alambicco_bistr_gin_43.6184_13.5116.json,custom
43.618587,13.511106,ov_la_tana_del_polpo_43.6186_13.5111,La Tana del Polpo,RESTAURANT,ristorante,https://raw.githubusercontent.com/pasqualelembo78/huntix-poi/main/italia/marche/ancona/pages/la_tana_del_polpo_43.6186_13.5111.json,custom
43.618154,13.511369,ov_ristorante_cinese_e_giapponese_yoshi_43.6182_13.5114,Ristorante Cinese e Giapponese Yoshi,RESTAURANT,ristorante,https://raw.githubusercontent.com/pasqualelembo78/huntix-poi/main/italia/marche/ancona/pages/ristorante_cinese_e_giapponese_yoshi_43.6182_13.5114.json,custom
43.618059,13.511160,ov_ciainavoja_43.6181_13.5112,CiainaVoja,RESTAURANT,ristorante,https://raw.githubusercontent.com/pasqualelembo78/huntix-poi/main/italia/marche/ancona/pages/ciainavoja_43.6181_13.5112.json,custom
43.618059,13.511485,ov_yoshi_ancona_43.6181_13.5115,Yoshi-Ancona,RESTAURANT,ristorante,https://raw.githubusercontent.com/pasqualelembo78/huntix-poi/main/italia/marche/ancona/pages/yoshi-ancona_43.6181_13.5115.json,custom
43.618073,13.511762,ov_plaza_ancona_43.6181_13.5118,Plaza Ancona,RESTAURANT,ristorante,https://raw.githubusercontent.com/pasqualelembo78/huntix-poi/main/italia/marche/ancona/pages/plaza_ancona_43.6181_13.5118.json,custom
43.618545,13.512140,ov_chalet_gabbiano_43.6185_13.5121,Chalet Gabbiano,RESTAURANT,ristorante,https://raw.githubusercontent.com/pasqualelembo78/huntix-poi/main/italia/marche/ancona/pages/chalet_gabbiano_43.6185_13.5121.json,custom
43.618421,13.512229,ov_l_arte_della_pizza_43.6184_13.5122,L'Arte della Pizza,RESTAURANT,ristorante,https://raw.githubusercontent.com/pasqualelembo78/huntix-poi/main/italia/marche/ancona/pages/larte_della_pizza_43.6184_13.5122.json,custom
43.618548,13.512459,ov_al_chiosco_da_morena_43.6185_13.5125,Al Chiosco da Morena,RESTAURANT,ristorante,https://raw.githubusercontent.com/pasqualelembo78/huntix-poi/main/italia/marche/ancona/pages/al_chiosco_da_morena_43.6185_13.5125.json,custom
43.618304,13.512842,ov_trattoria_13_cannelle_43.6183_13.5128,Trattoria 13 Cannelle,RESTAURANT,ristorante,https://raw.githubusercontent.com/pasqualelembo78/huntix-poi/main/italia/marche/ancona/pages/trattoria_13_cannelle_43.6183_13.5128.json,custom
43.618284,13.512805,ov_da_gusto_43.6183_13.5128,Da Gusto,RESTAURANT,ristorante,https://raw.githubusercontent.com/pasqualelembo78/huntix-poi/main/italia/marche/ancona/pages/da_gusto_43.6183_13.5128.json,custom
43.619355,13.513431,ov_pizzeria_rosticceria_paolo_43.6194_13.5134,Pizzeria Rosticceria Paolo,RESTAURANT,ristorante,https://raw.githubusercontent.com/pasqualelembo78/huntix-poi/main/italia/marche/ancona/pages/pizzeria_rosticceria_paolo_43.6194_13.5134.json,custom
43.618838,13.513880,ov_la_piada__43.6188_13.5139,La Piada.,RESTAURANT,ristorante,https://raw.githubusercontent.com/pasqualelembo78/huntix-poi/main/italia/marche/ancona/pages/la_piada_43.6188_13.5139.json,custom
43.618232,13.513823,ov_domus_pizza_43.6182_13.5138,Domus Pizza,RESTAURANT,ristorante,https://raw.githubusercontent.com/pasqualelembo78/huntix-poi/main/italia/marche/ancona/pages/domus_pizza_43.6182_13.5138.json,custom
43.618140,13.513870,ov_best_chicken___burger_43.6181_13.5139,Best Chicken & Burger,RESTAURANT,ristorante,https://raw.githubusercontent.com/pasqualelembo78/huntix-poi/main/italia/marche/ancona/pages/best_chicken_burger_43.6181_13.5139.json,custom
43.618206,13.514038,ov_benb__43.6182_13.5140,Benbè,RESTAURANT,ristorante,https://raw.githubusercontent.com/pasqualelembo78/huntix-poi/main/italia/marche/ancona/pages/benb_43.6182_13.5140.json,custom
43.618166,13.514264,ov_spaghetteria_numero_nove_43.6182_13.5143,Spaghetteria Numero Nove,RESTAURANT,ristorante,https://raw.githubusercontent.com/pasqualelembo78/huntix-poi/main/italia/marche/ancona/pages/spaghetteria_numero_nove_43.6182_13.5143.json,custom
43.619128,13.514541,ov_pizze_e_delizie_43.6191_13.5145,Pizze e Delizie,RESTAURANT,ristorante,https://raw.githubusercontent.com/pasqualelembo78/huntix-poi/main/italia/marche/ancona/pages/pizze_e_delizie_43.6191_13.5145.json,custom
43.619996,13.516843,ov_leviosa_pizza___food_ancona_43.6200_13.5168,Leviosa Pizza & Food Ancona,RESTAURANT,ristorante,https://raw.githubusercontent.com/pasqualelembo78/huntix-poi/main/italia/marche/ancona/pages/leviosa_pizza_food_ancona_43.6200_13.5168.json,custom
43.618207,13.516481,ov_pino_s_little_italy_43.6182_13.5165,Pino's Little Italy,RESTAURANT,ristorante,https://raw.githubusercontent.com/pasqualelembo78/huntix-poi/main/italia/marche/ancona/pages/pinos_little_italy_43.6182_13.5165.json,custom
43.618358,13.516964,ov_sapori_delle_marche_43.6184_13.5170,Sapori delle Marche,RESTAURANT,ristorante,https://raw.githubusercontent.com/pasqualelembo78/huntix-poi/main/italia/marche/ancona/pages/sapori_delle_marche_43.6184_13.5170.json,custom
43.618316,13.517088,ov_pizzeria_pelozzo_43.6183_13.5171,Pizzeria Pelozzo,RESTAURANT,ristorante,https://raw.githubusercontent.com/pasqualelembo78/huntix-poi/main/italia/marche/ancona/pages/pizzeria_pelozzo_43.6183_13.5171.json,custom
43.616813,13.515723,ov_pizzeria_centrale_da_sante_43.6168_13.5157,Pizzeria Centrale da Sante,RESTAURANT,ristorante,https://raw.githubusercontent.com/pasqualelembo78/huntix-poi/main/italia/marche/ancona/pages/pizzeria_centrale_da_sante_43.6168_13.5157.json,custom
43.616953,13.515832,ov_turcuaz_istanbul_43.6170_13.5158,Turcuaz Istanbul,RESTAURANT,ristorante,https://raw.githubusercontent.com/pasqualelembo78/huntix-poi/main/italia/marche/ancona/pages/turcuaz_istanbul_43.6170_13.5158.json,custom
43.617831,13.515578,ov_pizzeria_paola_ancona_43.6178_13.5156,Pizzeria Paola Ancona,RESTAURANT,ristorante,https://raw.githubusercontent.com/pasqualelembo78/huntix-poi/main/italia/marche/ancona/pages/pizzeria_paola_ancona_43.6178_13.5156.json,custom
43.616874,13.514570,ov_la_piadineria_43.6169_13.5146,La Piadineria,RESTAURANT,ristorante,https://raw.githubusercontent.com/pasqualelembo78/huntix-poi/main/italia/marche/ancona/pages/la_piadineria_43.6169_13.5146.json,custom
43.616697,13.515451,ov_malik_kebab_ish_43.6167_13.5155,Malik Kebab Ish,RESTAURANT,ristorante,https://raw.githubusercontent.com/pasqualelembo78/huntix-poi/main/italia/marche/ancona/pages/malik_kebab_ish_43.6167_13.5155.json,custom
43.615877,13.514187,ov_trattoria_da_nordio_43.6159_13.5142,Trattoria da Nordio,RESTAURANT,ristorante,https://raw.githubusercontent.com/pasqualelembo78/huntix-poi/main/italia/marche/ancona/pages/trattoria_da_nordio_43.6159_13.5142.json,custom
43.616321,13.517097,ov_barangolo_43.6163_13.5171,Barangolo,RESTAURANT,ristorante,https://raw.githubusercontent.com/pasqualelembo78/huntix-poi/main/italia/marche/ancona/pages/barangolo_43.6163_13.5171.json,custom
43.614223,13.515082,ov_loreta_43.6142_13.5151,Loreta,RESTAURANT,ristorante,https://raw.githubusercontent.com/pasqualelembo78/huntix-poi/main/italia/marche/ancona/pages/loreta_43.6142_13.5151.json,custom
43.615854,13.513391,ov_poldo_s_pizza_43.6159_13.5134,Poldo's Pizza,RESTAURANT,ristorante,https://raw.githubusercontent.com/pasqualelembo78/huntix-poi/main/italia/marche/ancona/pages/poldos_pizza_43.6159_13.5134.json,custom
43.616621,13.512839,ov_sfizio_bio_43.6166_13.5128,Sfizio Bio,RESTAURANT,ristorante,https://raw.githubusercontent.com/pasqualelembo78/huntix-poi/main/italia/marche/ancona/pages/sfizio_bio_43.6166_13.5128.json,custom
43.616453,13.513648,ov_hoshiko_poke_sushi_43.6165_13.5136,Hoshiko Poke&Sushi,RESTAURANT,ristorante,https://raw.githubusercontent.com/pasqualelembo78/huntix-poi/main/italia/marche/ancona/pages/hoshiko_pokesushi_43.6165_13.5136.json,custom
43.617580,13.513242,ov_poke_scuse_43.6176_13.5132,Poke Scuse,RESTAURANT,ristorante,https://raw.githubusercontent.com/pasqualelembo78/huntix-poi/main/italia/marche/ancona/pages/poke_scuse_43.6176_13.5132.json,custom
43.617144,13.512446,ov_ristorante_zenzero_43.6171_13.5124,Ristorante Zenzero,RESTAURANT,ristorante,https://raw.githubusercontent.com/pasqualelembo78/huntix-poi/main/italia/marche/ancona/pages/ristorante_zenzero_43.6171_13.5124.json,custom
43.616781,13.512195,ov_la_mezza_luna_43.6168_13.5122,La Mezza Luna,RESTAURANT,ristorante,https://raw.githubusercontent.com/pasqualelembo78/huntix-poi/main/italia/marche/ancona/pages/la_mezza_luna_43.6168_13.5122.json,custom
43.616906,13.512133,ov_hanami_43.6169_13.5121,Hanami,RESTAURANT,ristorante,https://raw.githubusercontent.com/pasqualelembo78/huntix-poi/main/italia/marche/ancona/pages/hanami_43.6169_13.5121.json,custom
43.616997,13.512085,ov_3_regioni_43.6170_13.5121,3 Regioni,RESTAURANT,ristorante,https://raw.githubusercontent.com/pasqualelembo78/huntix-poi/main/italia/marche/ancona/pages/3_regioni_43.6170_13.5121.json,custom
43.617128,13.511586,ov_ristorante_l_india_43.6171_13.5116,Ristorante L'India,RESTAURANT,ristorante,https://raw.githubusercontent.com/pasqualelembo78/huntix-poi/main/italia/marche/ancona/pages/ristorante_lindia_43.6171_13.5116.json,custom
43.617870,13.511270,ov_cia___agricoltori_italiani_marche_43.6179_13.5113,CIA - Agricoltori Italiani Marche,RESTAURANT,ristorante,https://raw.githubusercontent.com/pasqualelembo78/huntix-poi/main/italia/marche/ancona/pages/cia_-_agricoltori_italiani_marche_43.6179_13.5113.json,custom
43.617793,13.510974,ov_pizzeria_podesti_43.6178_13.5110,Pizzeria Podesti,RESTAURANT,ristorante,https://raw.githubusercontent.com/pasqualelembo78/huntix-poi/main/italia/marche/ancona/pages/pizzeria_podesti_43.6178_13.5110.json,custom
43.617022,13.510033,ov_chapa_tu_pollo_43.6170_13.5100,Chapa Tu Pollo,RESTAURANT,ristorante,https://raw.githubusercontent.com/pasqualelembo78/huntix-poi/main/italia/marche/ancona/pages/chapa_tu_pollo_43.6170_13.5100.json,custom
43.613121,13.504871,ov_argo_greek_comfort_food_43.6131_13.5049,Argo Greek comfort food,RESTAURANT,ristorante,https://raw.githubusercontent.com/pasqualelembo78/huntix-poi/main/italia/marche/ancona/pages/argo_greek_comfort_food_43.6131_13.5049.json,custom
43.613680,13.505166,ov_rice___curry_43.6137_13.5052,Rice & Curry,RESTAURANT,ristorante,https://raw.githubusercontent.com/pasqualelembo78/huntix-poi/main/italia/marche/ancona/pages/rice_curry_43.6137_13.5052.json,custom
43.613611,13.505519,ov_ristorante_cinese_e_orientale_43.6136_13.5055,Ristorante Cinese e Orientale,RESTAURANT,ristorante,https://raw.githubusercontent.com/pasqualelembo78/huntix-poi/main/italia/marche/ancona/pages/ristorante_cinese_e_orientale_43.6136_13.5055.json,custom
43.616012,13.506713,ov_ginevra_restaurant_43.6160_13.5067,Ginevra Restaurant,RESTAURANT,ristorante,https://raw.githubusercontent.com/pasqualelembo78/huntix-poi/main/italia/marche/ancona/pages/ginevra_restaurant_43.6160_13.5067.json,custom
43.619337,13.509063,ov_lievito_mare_43.6193_13.5091,Lievito Mare,RESTAURANT,ristorante,https://raw.githubusercontent.com/pasqualelembo78/huntix-poi/main/italia/marche/ancona/pages/lievito_mare_43.6193_13.5091.json,custom
43.618328,13.508810,ov_il_bistrot_errante_43.6183_13.5088,Il Bistrot errante,RESTAURANT,ristorante,https://raw.githubusercontent.com/pasqualelembo78/huntix-poi/main/italia/marche/ancona/pages/il_bistrot_errante_43.6183_13.5088.json,custom
43.618428,13.510688,ov_pizzeria_da_giorgio_43.6184_13.5107,Pizzeria Da Giorgio,RESTAURANT,ristorante,https://raw.githubusercontent.com/pasqualelembo78/huntix-poi/main/italia/marche/ancona/pages/pizzeria_da_giorgio_43.6184_13.5107.json,custom
43.618249,13.510925,ov_trattoria_clarice_43.6182_13.5109,Trattoria Clarice,RESTAURANT,ristorante,https://raw.githubusercontent.com/pasqualelembo78/huntix-poi/main/italia/marche/ancona/pages/trattoria_clarice_43.6182_13.5109.json,custom
43.618606,13.510667,ov_mood_22_in_green_43.6186_13.5107,Mood 22 in green,RESTAURANT,ristorante,https://raw.githubusercontent.com/pasqualelembo78/huntix-poi/main/italia/marche/ancona/pages/mood_22_in_green_43.6186_13.5107.json,custom
43.618739,13.510835,ov_due_passi_bistrot_43.6187_13.5108,Due Passi Bistrot,RESTAURANT,ristorante,https://raw.githubusercontent.com/pasqualelembo78/huntix-poi/main/italia/marche/ancona/pages/due_passi_bistrot_43.6187_13.5108.json,custom
43.618958,13.510625,ov_yum_yum_unconventional_43.6190_13.5106,Yum Yum Unconventional,RESTAURANT,ristorante,https://raw.githubusercontent.com/pasqualelembo78/huntix-poi/main/italia/marche/ancona/pages/yum_yum_unconventional_43.6190_13.5106.json,custom
43.619106,13.510868,ov_solomarche_bottega_e_bistrot_43.6191_13.5109,SoloMarche Bottega e Bistrot,RESTAURANT,ristorante,https://raw.githubusercontent.com/pasqualelembo78/huntix-poi/main/italia/marche/ancona/pages/solomarche_bottega_e_bistrot_43.6191_13.5109.json,custom
43.619009,13.510469,ov_nino_pesciolino_ancona_43.6190_13.5105,Nino Pesciolino Ancona,RESTAURANT,ristorante,https://raw.githubusercontent.com/pasqualelembo78/huntix-poi/main/italia/marche/ancona/pages/nino_pesciolino_ancona_43.6190_13.5105.json,custom
43.619135,13.510376,ov_palazzo_jona_ankon_bistro_43.6191_13.5104,Palazzo Jona Ankon Bistro,RESTAURANT,ristorante,https://raw.githubusercontent.com/pasqualelembo78/huntix-poi/main/italia/marche/ancona/pages/palazzo_jona_ankon_bistro_43.6191_13.5104.json,custom
43.619269,13.510306,ov_la_cantineta_43.6193_13.5103,La Cantineta,RESTAURANT,ristorante,https://raw.githubusercontent.com/pasqualelembo78/huntix-poi/main/italia/marche/ancona/pages/la_cantineta_43.6193_13.5103.json,custom
43.618709,13.510179,ov_bar_caffe_giuliani_43.6187_13.5102,Bar Caffe Giuliani,RESTAURANT,ristorante,https://raw.githubusercontent.com/pasqualelembo78/huntix-poi/main/italia/marche/ancona/pages/bar_caffe_giuliani_43.6187_13.5102.json,custom
43.619340,13.509505,ov_pizzeria_baraonda_43.6193_13.5095,Pizzeria Baraonda,RESTAURANT,ristorante,https://raw.githubusercontent.com/pasqualelembo78/huntix-poi/main/italia/marche/ancona/pages/pizzeria_baraonda_43.6193_13.5095.json,custom
43.619836,13.509812,ov_poldo_burger_bar_43.6198_13.5098,Poldo Burger Bar,RESTAURANT,ristorante,https://raw.githubusercontent.com/pasqualelembo78/huntix-poi/main/italia/marche/ancona/pages/poldo_burger_bar_43.6198_13.5098.json,custom
43.619476,13.510473,ov_kebab_turco_43.6195_13.5105,Kebab Turco,RESTAURANT,ristorante,https://raw.githubusercontent.com/pasqualelembo78/huntix-poi/main/italia/marche/ancona/pages/kebab_turco_43.6195_13.5105.json,custom
43.619612,13.510898,ov_anburger_43.6196_13.5109,ANburger,RESTAURANT,ristorante,https://raw.githubusercontent.com/pasqualelembo78/huntix-poi/main/italia/marche/ancona/pages/anburger_43.6196_13.5109.json,custom
43.619885,13.510452,ov_osteria_del_pozzo_43.6199_13.5105,Osteria Del Pozzo,RESTAURANT,ristorante,https://raw.githubusercontent.com/pasqualelembo78/huntix-poi/main/italia/marche/ancona/pages/osteria_del_pozzo_43.6199_13.5105.json,custom
43.620319,13.510980,ov_la_degosteria_43.6203_13.5110,La Degosteria,RESTAURANT,ristorante,https://raw.githubusercontent.com/pasqualelembo78/huntix-poi/main/italia/marche/ancona/pages/la_degosteria_43.6203_13.5110.json,custom
43.620828,13.509847,ov_manganelli_43.6208_13.5098,Manganelli,RESTAURANT,ristorante,https://raw.githubusercontent.com/pasqualelembo78/huntix-poi/main/italia/marche/ancona/pages/manganelli_43.6208_13.5098.json,custom
43.620233,13.510183,ov_ricomincio_da_due_43.6202_13.5102,Ricomincio Da Due,RESTAURANT,ristorante,https://raw.githubusercontent.com/pasqualelembo78/huntix-poi/main/italia/marche/ancona/pages/ricomincio_da_due_43.6202_13.5102.json,custom
43.620145,13.510008,ov_stelle_cucina_caffe_e_pizzeria_43.6201_13.5100,Stelle Cucina Caffe e Pizzeria,RESTAURANT,ristorante,https://raw.githubusercontent.com/pasqualelembo78/huntix-poi/main/italia/marche/ancona/pages/stelle_cucina_caffe_e_pizzeria_43.6201_13.5100.json,custom
43.620382,13.509570,ov_la_bitta_43.6204_13.5096,La Bitta,RESTAURANT,ristorante,https://raw.githubusercontent.com/pasqualelembo78/huntix-poi/main/italia/marche/ancona/pages/la_bitta_43.6204_13.5096.json,custom
43.620856,13.508064,ov_ristorante_la_terrazza_43.6209_13.5081,Ristorante La Terrazza,RESTAURANT,ristorante,https://raw.githubusercontent.com/pasqualelembo78/huntix-poi/main/italia/marche/ancona/pages/ristorante_la_terrazza_43.6209_13.5081.json,custom
43.614993,13.535222,ov_la_luna_al_passetto_43.6150_13.5352,La Luna al Passetto,RESTAURANT,ristorante,https://raw.githubusercontent.com/pasqualelembo78/huntix-poi/main/italia/marche/ancona/pages/la_luna_al_passetto_43.6150_13.5352.json,custom
43.615921,13.533352,ov_ristorante_l_ascensore_43.6159_13.5334,Ristorante L'Ascensore,RESTAURANT,ristorante,https://raw.githubusercontent.com/pasqualelembo78/huntix-poi/main/italia/marche/ancona/pages/ristorante_lascensore_43.6159_13.5334.json,custom
43.615302,13.531627,ov_farinando_43.6153_13.5316,Farinando,RESTAURANT,ristorante,https://raw.githubusercontent.com/pasqualelembo78/huntix-poi/main/italia/marche/ancona/pages/farinando_43.6153_13.5316.json,custom
43.615564,13.532571,ov_pizzeria_passetto_43.6156_13.5326,Pizzeria Passetto,RESTAURANT,ristorante,https://raw.githubusercontent.com/pasqualelembo78/huntix-poi/main/italia/marche/ancona/pages/pizzeria_passetto_43.6156_13.5326.json,custom
43.614556,13.532099,ov_ristorante_pizzeria_sassi_neri_43.6146_13.5321,Ristorante Pizzeria Sassi Neri,RESTAURANT,ristorante,https://raw.githubusercontent.com/pasqualelembo78/huntix-poi/main/italia/marche/ancona/pages/ristorante_pizzeria_sassi_neri_43.6146_13.5321.json,custom
43.614300,13.534695,ov_maway___al_passetto_43.6143_13.5347,MaWay - Al Passetto,RESTAURANT,ristorante,https://raw.githubusercontent.com/pasqualelembo78/huntix-poi/main/italia/marche/ancona/pages/maway_-_al_passetto_43.6143_13.5347.json,custom
43.602256,13.538816,ov_match_point___ristorante_pizzeria___cock_43.6023_13.5388,Match Point - Ristorante Pizzeria & Cocktail Bar,RESTAURANT,ristorante,https://raw.githubusercontent.com/pasqualelembo78/huntix-poi/main/italia/marche/ancona/pages/match_point_-_ristorante_pizzeria_cockta_43.6023_13.5388.json,custom
43.601340,13.543808,ov_osteria_del_baffo_43.6013_13.5438,Osteria Del Baffo,RESTAURANT,ristorante,https://raw.githubusercontent.com/pasqualelembo78/huntix-poi/main/italia/marche/ancona/pages/osteria_del_baffo_43.6013_13.5438.json,custom
43.579110,13.552640,ov_trattoria_sardella_43.5791_13.5526,Trattoria Sardella,RESTAURANT,ristorante,https://raw.githubusercontent.com/pasqualelembo78/huntix-poi/main/italia/marche/ancona/pages/trattoria_sardella_43.5791_13.5526.json,custom
43.581691,13.550914,ov_aia_43.5817_13.5509,Aia,RESTAURANT,ristorante,https://raw.githubusercontent.com/pasqualelembo78/huntix-poi/main/italia/marche/ancona/pages/aia_43.5817_13.5509.json,custom
43.582782,13.538330,ov_la_rosa_del_conero_43.5828_13.5383,La Rosa del Conero,RESTAURANT,ristorante,https://raw.githubusercontent.com/pasqualelembo78/huntix-poi/main/italia/marche/ancona/pages/la_rosa_del_conero_43.5828_13.5383.json,custom
43.592169,13.538066,ov_ristorante_villa_romana_43.5922_13.5381,Ristorante Villa Romana,RESTAURANT,ristorante,https://raw.githubusercontent.com/pasqualelembo78/huntix-poi/main/italia/marche/ancona/pages/ristorante_villa_romana_43.5922_13.5381.json,custom
43.596468,13.517956,ov_la_pizzetta_43.5965_13.5180,La Pizzetta,RESTAURANT,ristorante,https://raw.githubusercontent.com/pasqualelembo78/huntix-poi/main/italia/marche/ancona/pages/la_pizzetta_43.5965_13.5180.json,custom
43.595615,13.522087,ov_baldi__43.5956_13.5221,Baldi',RESTAURANT,ristorante,https://raw.githubusercontent.com/pasqualelembo78/huntix-poi/main/italia/marche/ancona/pages/baldi_43.5956_13.5221.json,custom
43.597179,13.517946,ov_pescheria_da_luigi_43.5972_13.5179,Pescheria da Luigi,RESTAURANT,ristorante,https://raw.githubusercontent.com/pasqualelembo78/huntix-poi/main/italia/marche/ancona/pages/pescheria_da_luigi_43.5972_13.5179.json,custom
43.598582,13.515540,ov_la_casa_dei_sapori_43.5986_13.5155,La Casa dei Sapori,RESTAURANT,ristorante,https://raw.githubusercontent.com/pasqualelembo78/huntix-poi/main/italia/marche/ancona/pages/la_casa_dei_sapori_43.5986_13.5155.json,custom
43.597264,13.517104,ov_la_botte_ristorante_pizzeria_43.5973_13.5171,La Botte Ristorante Pizzeria,RESTAURANT,ristorante,https://raw.githubusercontent.com/pasqualelembo78/huntix-poi/main/italia/marche/ancona/pages/la_botte_ristorante_pizzeria_43.5973_13.5171.json,custom
43.596975,13.511041,ov_super_pizza_bar_43.5970_13.5110,Super Pizza Bar,RESTAURANT,ristorante,https://raw.githubusercontent.com/pasqualelembo78/huntix-poi/main/italia/marche/ancona/pages/super_pizza_bar_43.5970_13.5110.json,custom
43.598615,13.509099,ov_i_glicini_ristorante_pizzeria_43.5986_13.5091,I Glicini ristorante pizzeria,RESTAURANT,ristorante,https://raw.githubusercontent.com/pasqualelembo78/huntix-poi/main/italia/marche/ancona/pages/i_glicini_ristorante_pizzeria_43.5986_13.5091.json,custom
43.593417,13.514507,ov_la_bottega_di_alfredo_43.5934_13.5145,La Bottega di Alfredo,RESTAURANT,ristorante,https://raw.githubusercontent.com/pasqualelembo78/huntix-poi/main/italia/marche/ancona/pages/la_bottega_di_alfredo_43.5934_13.5145.json,custom
43.593780,13.514860,ov_cybo_ancona_43.5938_13.5149,Cybo Ancona,RESTAURANT,ristorante,https://raw.githubusercontent.com/pasqualelembo78/huntix-poi/main/italia/marche/ancona/pages/cybo_ancona_43.5938_13.5149.json,custom
43.590660,13.516994,ov_l_arte_della_pizza_43.5907_13.5170,L'Arte della Pizza,RESTAURANT,ristorante,https://raw.githubusercontent.com/pasqualelembo78/huntix-poi/main/italia/marche/ancona/pages/larte_della_pizza_43.5907_13.5170.json,custom
43.590399,13.517093,ov_turkish_kebab_43.5904_13.5171,Turkish Kebab,RESTAURANT,ristorante,https://raw.githubusercontent.com/pasqualelembo78/huntix-poi/main/italia/marche/ancona/pages/turkish_kebab_43.5904_13.5171.json,custom
43.578606,13.508873,ov_quore_43.5786_13.5089,Quore,RESTAURANT,ristorante,https://raw.githubusercontent.com/pasqualelembo78/huntix-poi/main/italia/marche/ancona/pages/quore_43.5786_13.5089.json,custom
43.576808,13.509576,ov_pizzeria_avalon_baraccola_43.5768_13.5096,Pizzeria Avalon BARACCOLA,RESTAURANT,ristorante,https://raw.githubusercontent.com/pasqualelembo78/huntix-poi/main/italia/marche/ancona/pages/pizzeria_avalon_baraccola_43.5768_13.5096.json,custom
43.576469,13.514322,ov_basilico_pizzeria_ancona_43.5765_13.5143,Basilico Pizzeria Ancona,RESTAURANT,ristorante,https://raw.githubusercontent.com/pasqualelembo78/huntix-poi/main/italia/marche/ancona/pages/basilico_pizzeria_ancona_43.5765_13.5143.json,custom
43.586060,13.517347,ov_rustico_ristorante_pizzeria_43.5861_13.5173,Rustico Ristorante Pizzeria,RESTAURANT,ristorante,https://raw.githubusercontent.com/pasqualelembo78/huntix-poi/main/italia/marche/ancona/pages/rustico_ristorante_pizzeria_43.5861_13.5173.json,custom
43.572106,13.523845,ov_di_giampaolo_caff__43.5721_13.5238,Di Giampaolo Caffè,RESTAURANT,ristorante,https://raw.githubusercontent.com/pasqualelembo78/huntix-poi/main/italia/marche/ancona/pages/di_giampaolo_caff_43.5721_13.5238.json,custom
43.565622,13.525672,ov_fib_federazione_italiana_bocce_marche_43.5656_13.5257,FIB-Federazione Italiana Bocce Marche,RESTAURANT,ristorante,https://raw.githubusercontent.com/pasqualelembo78/huntix-poi/main/italia/marche/ancona/pages/fib-federazione_italiana_bocce_marche_43.5656_13.5257.json,custom
43.565777,13.526186,ov_santa_monica___pizza_food_shows_43.5658_13.5262,Santa Monica - Pizza Food Shows,RESTAURANT,ristorante,https://raw.githubusercontent.com/pasqualelembo78/huntix-poi/main/italia/marche/ancona/pages/santa_monica_-_pizza_food_shows_43.5658_13.5262.json,custom
43.570115,13.517264,ov_pizzeria_tofee_43.5701_13.5173,Pizzeria Tofee,RESTAURANT,ristorante,https://raw.githubusercontent.com/pasqualelembo78/huntix-poi/main/italia/marche/ancona/pages/pizzeria_tofee_43.5701_13.5173.json,custom
43.571659,13.515799,ov_al_puntogiusto_43.5717_13.5158,Al Puntogiusto,RESTAURANT,ristorante,https://raw.githubusercontent.com/pasqualelembo78/huntix-poi/main/italia/marche/ancona/pages/al_puntogiusto_43.5717_13.5158.json,custom
43.570072,13.508710,ov_chiosco_tosto_43.5701_13.5087,Chiosco Tosto,RESTAURANT,ristorante,https://raw.githubusercontent.com/pasqualelembo78/huntix-poi/main/italia/marche/ancona/pages/chiosco_tosto_43.5701_13.5087.json,custom
43.568120,13.507980,ov_mirketto_s_pizza_43.5681_13.5080,MIRKETTO's PIZZA,RESTAURANT,ristorante,https://raw.githubusercontent.com/pasqualelembo78/huntix-poi/main/italia/marche/ancona/pages/mirkettos_pizza_43.5681_13.5080.json,custom
43.569192,13.509121,ov_ristorante_bar_gino_43.5692_13.5091,Ristorante Bar Gino,RESTAURANT,ristorante,https://raw.githubusercontent.com/pasqualelembo78/huntix-poi/main/italia/marche/ancona/pages/ristorante_bar_gino_43.5692_13.5091.json,custom
43.564249,13.511674,ov_biancamore_pinseria_43.5642_13.5117,BiancAmore Pinseria,RESTAURANT,ristorante,https://raw.githubusercontent.com/pasqualelembo78/huntix-poi/main/italia/marche/ancona/pages/biancamore_pinseria_43.5642_13.5117.json,custom
43.563996,13.512005,ov_qualit____amore_43.5640_13.5120,Qualità è Amore,RESTAURANT,ristorante,https://raw.githubusercontent.com/pasqualelembo78/huntix-poi/main/italia/marche/ancona/pages/qualit_amore_43.5640_13.5120.json,custom
43.563920,13.513500,ov_chalet_beach_43.5639_13.5135,Chalet Beach,RESTAURANT,ristorante,https://raw.githubusercontent.com/pasqualelembo78/huntix-poi/main/italia/marche/ancona/pages/chalet_beach_43.5639_13.5135.json,custom
43.569130,13.511446,ov_la_pala_43.5691_13.5114,La Pala,RESTAURANT,ristorante,https://raw.githubusercontent.com/pasqualelembo78/huntix-poi/main/italia/marche/ancona/pages/la_pala_43.5691_13.5114.json,custom
43.569631,13.512439,ov_spizzipizza_43.5696_13.5124,Spizzipizza,RESTAURANT,ristorante,https://raw.githubusercontent.com/pasqualelembo78/huntix-poi/main/italia/marche/ancona/pages/spizzipizza_43.5696_13.5124.json,custom
43.567185,13.514694,ov_mixbar_43.5672_13.5147,MixBar,RESTAURANT,ristorante,https://raw.githubusercontent.com/pasqualelembo78/huntix-poi/main/italia/marche/ancona/pages/mixbar_43.5672_13.5147.json,custom
43.564434,13.514212,ov_osteria_lucia_43.5644_13.5142,Osteria Lucia,RESTAURANT,ristorante,https://raw.githubusercontent.com/pasqualelembo78/huntix-poi/main/italia/marche/ancona/pages/osteria_lucia_43.5644_13.5142.json,custom
43.563425,13.514746,ov_pinsami_ancona_43.5634_13.5147,Pinsami Ancona,RESTAURANT,ristorante,https://raw.githubusercontent.com/pasqualelembo78/huntix-poi/main/italia/marche/ancona/pages/pinsami_ancona_43.5634_13.5147.json,custom
43.562087,13.513439,ov_sushiko_ancona_43.5621_13.5134,Sushiko Ancona,RESTAURANT,ristorante,https://raw.githubusercontent.com/pasqualelembo78/huntix-poi/main/italia/marche/ancona/pages/sushiko_ancona_43.5621_13.5134.json,custom
43.562511,13.511545,ov_acropoli_43.5625_13.5115,Acropoli,RESTAURANT,ristorante,https://raw.githubusercontent.com/pasqualelembo78/huntix-poi/main/italia/marche/ancona/pages/acropoli_43.5625_13.5115.json,custom
43.562550,13.511521,ov_old_wild_west_43.5626_13.5115,Old Wild West,RESTAURANT,ristorante,https://raw.githubusercontent.com/pasqualelembo78/huntix-poi/main/italia/marche/ancona/pages/old_wild_west_43.5626_13.5115.json,custom
43.558711,13.508819,ov_filotea_43.5587_13.5088,Filotea,RESTAURANT,ristorante,https://raw.githubusercontent.com/pasqualelembo78/huntix-poi/main/italia/marche/ancona/pages/filotea_43.5587_13.5088.json,custom
43.559254,13.508904,ov_super_haccp_43.5593_13.5089,Super Haccp,RESTAURANT,ristorante,https://raw.githubusercontent.com/pasqualelembo78/huntix-poi/main/italia/marche/ancona/pages/super_haccp_43.5593_13.5089.json,custom
43.559501,13.509194,ov_i_matti_anni_30_43.5595_13.5092,I Matti Anni 30,RESTAURANT,ristorante,https://raw.githubusercontent.com/pasqualelembo78/huntix-poi/main/italia/marche/ancona/pages/i_matti_anni_30_43.5595_13.5092.json,custom
43.560139,13.510064,ov_l_wengrube_43.5601_13.5101,Löwengrube,RESTAURANT,ristorante,https://raw.githubusercontent.com/pasqualelembo78/huntix-poi/main/italia/marche/ancona/pages/lwengrube_43.5601_13.5101.json,custom
43.560058,13.510785,ov_roadhouse_restaurant_ancona_43.5601_13.5108,Roadhouse Restaurant Ancona,RESTAURANT,ristorante,https://raw.githubusercontent.com/pasqualelembo78/huntix-poi/main/italia/marche/ancona/pages/roadhouse_restaurant_ancona_43.5601_13.5108.json,custom
43.558162,13.509811,ov_ristorante_66_43.5582_13.5098,Ristorante 66,RESTAURANT,ristorante,https://raw.githubusercontent.com/pasqualelembo78/huntix-poi/main/italia/marche/ancona/pages/ristorante_66_43.5582_13.5098.json,custom
43.557918,13.509835,ov_la_piadineria_43.5579_13.5098,La Piadineria,RESTAURANT,ristorante,https://raw.githubusercontent.com/pasqualelembo78/huntix-poi/main/italia/marche/ancona/pages/la_piadineria_43.5579_13.5098.json,custom
43.558261,13.510647,ov_mcdonald_s_43.5583_13.5106,McDonald's,RESTAURANT,ristorante,https://raw.githubusercontent.com/pasqualelembo78/huntix-poi/main/italia/marche/ancona/pages/mcdonalds_43.5583_13.5106.json,custom
43.557284,13.510490,ov_primo_piatto_43.5573_13.5105,Primo Piatto,RESTAURANT,ristorante,https://raw.githubusercontent.com/pasqualelembo78/huntix-poi/main/italia/marche/ancona/pages/primo_piatto_43.5573_13.5105.json,custom
43.554766,13.510666,ov_conero_break_43.5548_13.5107,Conero Break,RESTAURANT,ristorante,https://raw.githubusercontent.com/pasqualelembo78/huntix-poi/main/italia/marche/ancona/pages/conero_break_43.5548_13.5107.json,custom
43.552293,13.512651,ov_wok_fusion_43.5523_13.5127,Wok Fusion,RESTAURANT,ristorante,https://raw.githubusercontent.com/pasqualelembo78/huntix-poi/main/italia/marche/ancona/pages/wok_fusion_43.5523_13.5127.json,custom
43.552286,13.512870,ov_ristorante_wok_in_43.5523_13.5129,Ristorante Wok in,RESTAURANT,ristorante,https://raw.githubusercontent.com/pasqualelembo78/huntix-poi/main/italia/marche/ancona/pages/ristorante_wok_in_43.5523_13.5129.json,custom
43.554220,13.511424,ov_re_salmone_43.5542_13.5114,Re Salmone,RESTAURANT,ristorante,https://raw.githubusercontent.com/pasqualelembo78/huntix-poi/main/italia/marche/ancona/pages/re_salmone_43.5542_13.5114.json,custom
43.553055,13.514169,ov_l_isola_del_ristoro_di_viozzi_eugenio_43.5531_13.5142,L'Isola del Ristoro di Viozzi Eugenio,RESTAURANT,ristorante,https://raw.githubusercontent.com/pasqualelembo78/huntix-poi/main/italia/marche/ancona/pages/lisola_del_ristoro_di_viozzi_eugenio_43.5531_13.5142.json,custom
43.552523,13.514855,ov_la_piadineria_43.5525_13.5149,La Piadineria,RESTAURANT,ristorante,https://raw.githubusercontent.com/pasqualelembo78/huntix-poi/main/italia/marche/ancona/pages/la_piadineria_43.5525_13.5149.json,custom
43.555410,13.537570,ov_opera_nova_della_marca_43.5554_13.5376,Opera Nova della Marca,RESTAURANT,ristorante,https://raw.githubusercontent.com/pasqualelembo78/huntix-poi/main/italia/marche/ancona/pages/opera_nova_della_marca_43.5554_13.5376.json,custom
43.571452,13.536987,ov_opera_nova_della_marca_43.5715_13.5370,Opera Nova della Marca,RESTAURANT,ristorante,https://raw.githubusercontent.com/pasqualelembo78/huntix-poi/main/italia/marche/ancona/pages/opera_nova_della_marca_43.5715_13.5370.json,custom
43.569929,13.551422,ov_agriturismo_rossoconero_43.5699_13.5514,Agriturismo Rossoconero,RESTAURANT,ristorante,https://raw.githubusercontent.com/pasqualelembo78/huntix-poi/main/italia/marche/ancona/pages/agriturismo_rossoconero_43.5699_13.5514.json,custom
43.551160,13.514580,ov_wok_sushi_ancona_43.5512_13.5146,Wok Sushi Ancona,RESTAURANT,ristorante,https://raw.githubusercontent.com/pasqualelembo78/huntix-poi/main/italia/marche/ancona/pages/wok_sushi_ancona_43.5512_13.5146.json,custom
43.550110,13.510842,ov_burger_king_ancona_43.5501_13.5108,Burger King Ancona,RESTAURANT,ristorante,https://raw.githubusercontent.com/pasqualelembo78/huntix-poi/main/italia/marche/ancona/pages/burger_king_ancona_43.5501_13.5108.json,custom
43.533909,13.503265,ov_pizzeria_dell_aspio_vecchio_43.5339_13.5033,Pizzeria dell'Aspio Vecchio,RESTAURANT,ristorante,https://raw.githubusercontent.com/pasqualelembo78/huntix-poi/main/italia/marche/ancona/pages/pizzeria_dellaspio_vecchio_43.5339_13.5033.json,custom
43.533607,13.501542,ov_pizzeria_buon_gusto_aspio_43.5336_13.5015,Pizzeria Buon Gusto Aspio,RESTAURANT,ristorante,https://raw.githubusercontent.com/pasqualelembo78/huntix-poi/main/italia/marche/ancona/pages/pizzeria_buon_gusto_aspio_43.5336_13.5015.json,custom
43.537144,13.586812,ov_saviotti_ristorante_43.5371_13.5868,Saviotti Ristorante,RESTAURANT,ristorante,https://raw.githubusercontent.com/pasqualelembo78/huntix-poi/main/italia/marche/ancona/pages/saviotti_ristorante_43.5371_13.5868.json,custom
43.522851,13.580099,ov_tenuta_il_corbezzolo_43.5229_13.5801,Tenuta Il Corbezzolo,RESTAURANT,ristorante,https://raw.githubusercontent.com/pasqualelembo78/huntix-poi/main/italia/marche/ancona/pages/tenuta_il_corbezzolo_43.5229_13.5801.json,custom
43.569162,13.574606,ov_trattoria_a_mezzavalle_43.5692_13.5746,Trattoria a Mezzavalle,RESTAURANT,ristorante,https://raw.githubusercontent.com/pasqualelembo78/huntix-poi/main/italia/marche/ancona/pages/trattoria_a_mezzavalle_43.5692_13.5746.json,custom
43.554429,13.582313,ov_osteria_del_poggio_43.5544_13.5823,Osteria Del Poggio,RESTAURANT,ristorante,https://raw.githubusercontent.com/pasqualelembo78/huntix-poi/main/italia/marche/ancona/pages/osteria_del_poggio_43.5544_13.5823.json,custom
43.557208,13.580183,ov_trattoria_mafalda_43.5572_13.5802,Trattoria Mafalda,RESTAURANT,ristorante,https://raw.githubusercontent.com/pasqualelembo78/huntix-poi/main/italia/marche/ancona/pages/trattoria_mafalda_43.5572_13.5802.json,custom
43.557104,13.580265,ov_trattoria_da_irma_43.5571_13.5803,Trattoria da Irma,RESTAURANT,ristorante,https://raw.githubusercontent.com/pasqualelembo78/huntix-poi/main/italia/marche/ancona/pages/trattoria_da_irma_43.5571_13.5803.json,custom
43.562049,13.598670,ov_ristorante_da_giacchetti_43.5620_13.5987,Ristorante da Giacchetti,RESTAURANT,ristorante,https://raw.githubusercontent.com/pasqualelembo78/huntix-poi/main/italia/marche/ancona/pages/ristorante_da_giacchetti_43.5620_13.5987.json,custom
43.560159,13.593433,ov_ristorante_manifattura_di_mare_43.5602_13.5934,Ristorante Manifattura di Mare,RESTAURANT,ristorante,https://raw.githubusercontent.com/pasqualelembo78/huntix-poi/main/italia/marche/ancona/pages/ristorante_manifattura_di_mare_43.5602_13.5934.json,custom
43.561555,13.592890,ov_pesci_fuor_d_acqua_43.5616_13.5929,Pesci Fuor d'Acqua,RESTAURANT,ristorante,https://raw.githubusercontent.com/pasqualelembo78/huntix-poi/main/italia/marche/ancona/pages/pesci_fuor_dacqua_43.5616_13.5929.json,custom
43.565092,13.591472,ov_il_molo_portonovo_43.5651_13.5915,Il Molo Portonovo,RESTAURANT,ristorante,https://raw.githubusercontent.com/pasqualelembo78/huntix-poi/main/italia/marche/ancona/pages/il_molo_portonovo_43.5651_13.5915.json,custom
43.564239,13.591000,ov_ristorante_marcello_portonovo_43.5642_13.5910,Ristorante Marcello Portonovo,RESTAURANT,ristorante,https://raw.githubusercontent.com/pasqualelembo78/huntix-poi/main/italia/marche/ancona/pages/ristorante_marcello_portonovo_43.5642_13.5910.json,custom
43.563963,13.590216,ov_ristorante_emilia_43.5640_13.5902,Ristorante Emilia,RESTAURANT,ristorante,https://raw.githubusercontent.com/pasqualelembo78/huntix-poi/main/italia/marche/ancona/pages/ristorante_emilia_43.5640_13.5902.json,custom
43.587563,13.559662,ov_trattoria_sardella_43.5876_13.5597,Trattoria Sardella,RESTAURANT,ristorante,https://raw.githubusercontent.com/pasqualelembo78/huntix-poi/main/italia/marche/ancona/pages/trattoria_sardella_43.5876_13.5597.json,custom
43.443650,13.599350,ov_norcineria_taccalite_ancona_centro_43.4436_13.5993,Norcineria Taccalite Ancona centro,RESTAURANT,ristorante,https://raw.githubusercontent.com/pasqualelembo78/huntix-poi/main/italia/marche/ancona/pages/norcineria_taccalite_ancona_centro_43.4436_13.5993.json,custom
43.618568,13.512402,osm_rosa_cremeria_food_43.6186_13.5124,Rosa Cremeria Food,ristorante,ristorante,https://raw.githubusercontent.com/pasqualelembo78/huntix-poi/main/italia/marche/ancona/pages/rosa_cremeria_food_43.6186_13.5124.json,custom
43.605598,13.506072,osm_kam_kam_pizza_43.6056_13.5061,Kam Kam Pizza,ristorante,ristorante,https://raw.githubusercontent.com/pasqualelembo78/huntix-poi/main/italia/marche/ancona/pages/kam_kam_pizza_43.6056_13.5061.json,custom
43.604984,13.506993,osm_bamyan_43.6050_13.5070,Bamyan,ristorante,ristorante,https://raw.githubusercontent.com/pasqualelembo78/huntix-poi/main/italia/marche/ancona/pages/bamyan_43.6050_13.5070.json,custom
43.607720,13.502886,osm_quality_pizza_43.6077_13.5029,Quality Pizza,ristorante,ristorante,https://raw.githubusercontent.com/pasqualelembo78/huntix-poi/main/italia/marche/ancona/pages/quality_pizza_43.6077_13.5029.json,custom
43.602972,13.507440,osm_ali_bab__kebab_43.6030_13.5074,Ali Babà Kebab,ristorante,ristorante,https://raw.githubusercontent.com/pasqualelembo78/huntix-poi/main/italia/marche/ancona/pages/ali_bab_kebab_43.6030_13.5074.json,custom
43.603054,13.507533,osm_shanghai_43.6031_13.5075,Shanghai,ristorante,ristorante,https://raw.githubusercontent.com/pasqualelembo78/huntix-poi/main/italia/marche/ancona/pages/shanghai_43.6031_13.5075.json,custom
43.618035,13.513926,osm_da_dori_43.6180_13.5139,Da Dori,ristorante,ristorante,https://raw.githubusercontent.com/pasqualelembo78/huntix-poi/main/italia/marche/ancona/pages/da_dori_43.6180_13.5139.json,custom
43.602385,13.506764,osm_l_arte_della_pizza_5_43.6024_13.5068,L'arte della pizza 5,ristorante,ristorante,https://raw.githubusercontent.com/pasqualelembo78/huntix-poi/main/italia/marche/ancona/pages/larte_della_pizza_5_43.6024_13.5068.json,custom
43.605393,13.505723,osm_no_hay_m_s_43.6054_13.5057,No Hay Más,ristorante,ristorante,https://raw.githubusercontent.com/pasqualelembo78/huntix-poi/main/italia/marche/ancona/pages/no_hay_ms_43.6054_13.5057.json,custom
43.611216,13.503461,osm_jarita_ristobar_43.6112_13.5035,Jarita Ristobar,ristorante,ristorante,https://raw.githubusercontent.com/pasqualelembo78/huntix-poi/main/italia/marche/ancona/pages/jarita_ristobar_43.6112_13.5035.json,custom
43.611407,13.503968,osm_sot_aj_archi_43.6114_13.5040,Sot'aj archi,ristorante,ristorante,https://raw.githubusercontent.com/pasqualelembo78/huntix-poi/main/italia/marche/ancona/pages/sotaj_archi_43.6114_13.5040.json,custom
43.612252,13.504487,osm_kebab_speciale_43.6123_13.5045,Kebab Speciale,ristorante,ristorante,https://raw.githubusercontent.com/pasqualelembo78/huntix-poi/main/italia/marche/ancona/pages/kebab_speciale_43.6123_13.5045.json,custom
43.612975,13.504864,osm_argo_43.6130_13.5049,Argo,ristorante,ristorante,https://raw.githubusercontent.com/pasqualelembo78/huntix-poi/main/italia/marche/ancona/pages/argo_43.6130_13.5049.json,custom
43.601262,13.505935,osm_furnar__43.6013_13.5059,Furnarì,ristorante,ristorante,https://raw.githubusercontent.com/pasqualelembo78/huntix-poi/main/italia/marche/ancona/pages/furnar_43.6013_13.5059.json,custom
43.602672,13.507584,osm_pizzeria_linea_simpatia_43.6027_13.5076,Pizzeria Linea Simpatia,ristorante,ristorante,https://raw.githubusercontent.com/pasqualelembo78/huntix-poi/main/italia/marche/ancona/pages/pizzeria_linea_simpatia_43.6027_13.5076.json,custom
43.606614,13.497467,osm_pappapo__cucina_popolare_43.6066_13.4975,Pappapo' cucina popolare,ristorante,ristorante,https://raw.githubusercontent.com/pasqualelembo78/huntix-poi/main/italia/marche/ancona/pages/pappapo_cucina_popolare_43.6066_13.4975.json,custom
43.606856,13.498471,osm_pak_chicken_43.6069_13.4985,Pak Chicken,ristorante,ristorante,https://raw.githubusercontent.com/pasqualelembo78/huntix-poi/main/italia/marche/ancona/pages/pak_chicken_43.6069_13.4985.json,custom
43.607085,13.498834,osm_fiorire_43.6071_13.4988,Fiorire,ristorante,ristorante,https://raw.githubusercontent.com/pasqualelembo78/huntix-poi/main/italia/marche/ancona/pages/fiorire_43.6071_13.4988.json,custom
43.590498,13.517063,osm_l_arte_della_pizza_3_43.5905_13.5171,L'arte della pizza 3,ristorante,ristorante,https://raw.githubusercontent.com/pasqualelembo78/huntix-poi/main/italia/marche/ancona/pages/larte_della_pizza_3_43.5905_13.5171.json,custom
43.597209,13.516994,osm_pizzeria_la_botte_43.5972_13.5170,Pizzeria La botte,ristorante,ristorante,https://raw.githubusercontent.com/pasqualelembo78/huntix-poi/main/italia/marche/ancona/pages/pizzeria_la_botte_43.5972_13.5170.json,custom
43.599957,13.515823,osm_pizzeria_buon_gusto_43.6000_13.5158,Pizzeria Buon Gusto,ristorante,ristorante,https://raw.githubusercontent.com/pasqualelembo78/huntix-poi/main/italia/marche/ancona/pages/pizzeria_buon_gusto_43.6000_13.5158.json,custom
43.617251,13.511629,osm_l_india_43.6173_13.5116,L'India,ristorante,ristorante,https://raw.githubusercontent.com/pasqualelembo78/huntix-poi/main/italia/marche/ancona/pages/lindia_43.6173_13.5116.json,custom
43.616080,13.533661,osm_l_ascensore_43.6161_13.5337,L'Ascensore,ristorante,ristorante,https://raw.githubusercontent.com/pasqualelembo78/huntix-poi/main/italia/marche/ancona/pages/lascensore_43.6161_13.5337.json,custom
43.564038,13.596817,osm_clandestino_susci_bar_43.5640_13.5968,Clandestino susci bar,ristorante,ristorante,https://raw.githubusercontent.com/pasqualelembo78/huntix-poi/main/italia/marche/ancona/pages/clandestino_susci_bar_43.5640_13.5968.json,custom
43.581555,13.550328,osm_agriturismo_ai_n_di_moroder_43.5816_13.5503,Agriturismo Aiòn di Moroder,ristorante,ristorante,https://raw.githubusercontent.com/pasqualelembo78/huntix-poi/main/italia/marche/ancona/pages/agriturismo_ain_di_moroder_43.5816_13.5503.json,custom
43.615664,13.528823,osm_tost_oh_43.6157_13.5288,Tost-oh,ristorante,ristorante,https://raw.githubusercontent.com/pasqualelembo78/huntix-poi/main/italia/marche/ancona/pages/tost-oh_43.6157_13.5288.json,custom
43.615471,13.532547,osm_pizzeria_passetto_43.6155_13.5325,Pizzeria Passetto,ristorante,ristorante,https://raw.githubusercontent.com/pasqualelembo78/huntix-poi/main/italia/marche/ancona/pages/pizzeria_passetto_43.6155_13.5325.json,custom
43.615642,13.513666,osm_poldo_s_pizza_43.6156_13.5137,Poldo's Pizza,ristorante,ristorante,https://raw.githubusercontent.com/pasqualelembo78/huntix-poi/main/italia/marche/ancona/pages/poldos_pizza_43.6156_13.5137.json,custom
43.602443,13.507246,osm_trattoria_bar_del_piano_43.6024_13.5072,Trattoria Bar del Piano,ristorante,ristorante,https://raw.githubusercontent.com/pasqualelembo78/huntix-poi/main/italia/marche/ancona/pages/trattoria_bar_del_piano_43.6024_13.5072.json,custom
43.586068,13.517382,osm_rustico_43.5861_13.5174,Rustico,ristorante,ristorante,https://raw.githubusercontent.com/pasqualelembo78/huntix-poi/main/italia/marche/ancona/pages/rustico_43.5861_13.5174.json,custom
43.607588,13.498369,osm_cobar_self_service_stazione_43.6076_13.4984,Cobar self service Stazione,ristorante,ristorante,https://raw.githubusercontent.com/pasqualelembo78/huntix-poi/main/italia/marche/ancona/pages/cobar_self_service_stazione_43.6076_13.4984.json,custom
43.607505,13.498117,osm_pizzeria_bar_cobar_43.6075_13.4981,Pizzeria bar Cobar,ristorante,ristorante,https://raw.githubusercontent.com/pasqualelembo78/huntix-poi/main/italia/marche/ancona/pages/pizzeria_bar_cobar_43.6075_13.4981.json,custom
43.619488,13.510509,osm_kebap_turco_43.6195_13.5105,Kebap Turco,ristorante,ristorante,https://raw.githubusercontent.com/pasqualelembo78/huntix-poi/main/italia/marche/ancona/pages/kebap_turco_43.6195_13.5105.json,custom
43.620109,13.510136,osm_rustica_43.6201_13.5101,Rustica,ristorante,ristorante,https://raw.githubusercontent.com/pasqualelembo78/huntix-poi/main/italia/marche/ancona/pages/rustica_43.6201_13.5101.json,custom
43.609277,13.502893,osm_trattoria_da_ulderico_43.6093_13.5029,Trattoria da Ulderico,ristorante,ristorante,https://raw.githubusercontent.com/pasqualelembo78/huntix-poi/main/italia/marche/ancona/pages/trattoria_da_ulderico_43.6093_13.5029.json,custom
43.619485,13.511375,osm_trattoria_la_moretta_43.6195_13.5114,Trattoria La Moretta,ristorante,ristorante,https://raw.githubusercontent.com/pasqualelembo78/huntix-poi/main/italia/marche/ancona/pages/trattoria_la_moretta_43.6195_13.5114.json,custom
43.617973,13.511439,osm_yoshi_43.6180_13.5114,Yoshi,ristorante,ristorante,https://raw.githubusercontent.com/pasqualelembo78/huntix-poi/main/italia/marche/ancona/pages/yoshi_43.6180_13.5114.json,custom
43.607524,13.454500,osm_sessanta126_43.6075_13.4545,Sessanta126,ristorante,ristorante,https://raw.githubusercontent.com/pasqualelembo78/huntix-poi/main/italia/marche/ancona/pages/sessanta126_43.6075_13.4545.json,custom
43.624083,13.508495,osm_trattoria_irma_43.6241_13.5085,Trattoria Irma,ristorante,ristorante,https://raw.githubusercontent.com/pasqualelembo78/huntix-poi/main/italia/marche/ancona/pages/trattoria_irma_43.6241_13.5085.json,custom
43.620301,13.509726,osm_locanda_del_porto_43.6203_13.5097,Locanda del Porto,ristorante,ristorante,https://raw.githubusercontent.com/pasqualelembo78/huntix-poi/main/italia/marche/ancona/pages/locanda_del_porto_43.6203_13.5097.json,custom
43.620850,13.509697,osm_bar_manganelli_43.6208_13.5097,Bar Manganelli,ristorante,ristorante,https://raw.githubusercontent.com/pasqualelembo78/huntix-poi/main/italia/marche/ancona/pages/bar_manganelli_43.6208_13.5097.json,custom
43.617824,13.515533,osm_pizzeria_paola_43.6178_13.5155,Pizzeria Paola,ristorante,ristorante,https://raw.githubusercontent.com/pasqualelembo78/huntix-poi/main/italia/marche/ancona/pages/pizzeria_paola_43.6178_13.5155.json,custom
43.618176,13.514227,osm_spaghetteria_n_9_43.6182_13.5142,Spaghetteria n.9,ristorante,ristorante,https://raw.githubusercontent.com/pasqualelembo78/huntix-poi/main/italia/marche/ancona/pages/spaghetteria_n9_43.6182_13.5142.json,custom
43.580058,13.516746,osm_fior_fior_di_pizza_43.5801_13.5167,Fior fior di pizza,ristorante,ristorante,https://raw.githubusercontent.com/pasqualelembo78/huntix-poi/main/italia/marche/ancona/pages/fior_fior_di_pizza_43.5801_13.5167.json,custom
43.618651,13.511388,osm_pizzeria_da_gianlu_43.6187_13.5114,Pizzeria da Gianlu,ristorante,ristorante,https://raw.githubusercontent.com/pasqualelembo78/huntix-poi/main/italia/marche/ancona/pages/pizzeria_da_gianlu_43.6187_13.5114.json,custom
43.618277,13.512900,osm_trattoria_alle_13_cannelle_43.6183_13.5129,Trattoria alle 13 cannelle,ristorante,ristorante,https://raw.githubusercontent.com/pasqualelembo78/huntix-poi/main/italia/marche/ancona/pages/trattoria_alle_13_cannelle_43.6183_13.5129.json,custom
43.618987,13.510454,osm_nino_pesciolino_43.6190_13.5105,Nino Pesciolino,ristorante,ristorante,https://raw.githubusercontent.com/pasqualelembo78/huntix-poi/main/italia/marche/ancona/pages/nino_pesciolino_43.6190_13.5105.json,custom
43.618536,13.512539,osm_al_chiosco_da_morena_43.6185_13.5125,Al Chiosco da Morena,ristorante,ristorante,https://raw.githubusercontent.com/pasqualelembo78/huntix-poi/main/italia/marche/ancona/pages/al_chiosco_da_morena_43.6185_13.5125.json,custom
43.618239,13.512768,osm_d__gusto_43.6182_13.5128,Dà Gusto,ristorante,ristorante,https://raw.githubusercontent.com/pasqualelembo78/huntix-poi/main/italia/marche/ancona/pages/d_gusto_43.6182_13.5128.json,custom
43.618942,13.510595,osm_yum_yum_43.6189_13.5106,Yum Yum,ristorante,ristorante,https://raw.githubusercontent.com/pasqualelembo78/huntix-poi/main/italia/marche/ancona/pages/yum_yum_43.6189_13.5106.json,custom
43.610973,13.450507,osm_m_ciga_43.6110_13.4505,Móciga,ristorante,ristorante,https://raw.githubusercontent.com/pasqualelembo78/huntix-poi/main/italia/marche/ancona/pages/mciga_43.6110_13.4505.json,custom
43.617418,13.427599,osm_mare_nostrum_43.6174_13.4276,Mare Nostrum,ristorante,ristorante,https://raw.githubusercontent.com/pasqualelembo78/huntix-poi/main/italia/marche/ancona/pages/mare_nostrum_43.6174_13.4276.json,custom
43.618771,13.513873,osm_3d_piada_43.6188_13.5139,3D Piada,ristorante,ristorante,https://raw.githubusercontent.com/pasqualelembo78/huntix-poi/main/italia/marche/ancona/pages/3d_piada_43.6188_13.5139.json,custom
43.596629,13.502524,osm_desiderio_43.5966_13.5025,Desiderio,ristorante,ristorante,https://raw.githubusercontent.com/pasqualelembo78/huntix-poi/main/italia/marche/ancona/pages/desiderio_43.5966_13.5025.json,custom
43.608307,13.481913,osm_desiderio_al_molo71_43.6083_13.4819,Desiderio al Molo71,ristorante,ristorante,https://raw.githubusercontent.com/pasqualelembo78/huntix-poi/main/italia/marche/ancona/pages/desiderio_al_molo71_43.6083_13.4819.json,custom
43.618209,13.516460,osm_mario_s_little_italy_43.6182_13.5165,Mario's Little Italy,ristorante,ristorante,https://raw.githubusercontent.com/pasqualelembo78/huntix-poi/main/italia/marche/ancona/pages/marios_little_italy_43.6182_13.5165.json,custom
43.593472,13.556851,osm_la_vedova_43.5935_13.5569,La Vedova,ristorante,ristorante,https://raw.githubusercontent.com/pasqualelembo78/huntix-poi/main/italia/marche/ancona/pages/la_vedova_43.5935_13.5569.json,custom
43.615856,13.525602,osm_ristorante_giardino_43.6159_13.5256,Ristorante Giardino,ristorante,ristorante,https://raw.githubusercontent.com/pasqualelembo78/huntix-poi/main/italia/marche/ancona/pages/ristorante_giardino_43.6159_13.5256.json,custom
43.616042,13.513490,osm_digio_bistrot_43.6160_13.5135,Digio Bistrot,ristorante,ristorante,https://raw.githubusercontent.com/pasqualelembo78/huntix-poi/main/italia/marche/ancona/pages/digio_bistrot_43.6160_13.5135.json,custom
43.616348,13.513541,osm_il_casereccio_43.6163_13.5135,Il casereccio,ristorante,ristorante,https://raw.githubusercontent.com/pasqualelembo78/huntix-poi/main/italia/marche/ancona/pages/il_casereccio_43.6163_13.5135.json,custom
43.618530,13.511382,osm_good_food_43.6185_13.5114,Good Food,ristorante,ristorante,https://raw.githubusercontent.com/pasqualelembo78/huntix-poi/main/italia/marche/ancona/pages/good_food_43.6185_13.5114.json,custom
43.562537,13.511412,osm_acropoli_43.5625_13.5114,Acropoli,ristorante,ristorante,https://raw.githubusercontent.com/pasqualelembo78/huntix-poi/main/italia/marche/ancona/pages/acropoli_43.5625_13.5114.json,custom
43.616523,13.513619,osm_hoshiko_43.6165_13.5136,Hoshiko,ristorante,ristorante,https://raw.githubusercontent.com/pasqualelembo78/huntix-poi/main/italia/marche/ancona/pages/hoshiko_43.6165_13.5136.json,custom
43.615627,13.515061,osm_pizzeria_dundy_s_43.6156_13.5151,Pizzeria Dundy's,ristorante,ristorante,https://raw.githubusercontent.com/pasqualelembo78/huntix-poi/main/italia/marche/ancona/pages/pizzeria_dundys_43.6156_13.5151.json,custom
43.572888,13.509652,osm_tavolamica_camst_43.5729_13.5097,Tavolamica Camst,ristorante,ristorante,https://raw.githubusercontent.com/pasqualelembo78/huntix-poi/main/italia/marche/ancona/pages/tavolamica_camst_43.5729_13.5097.json,custom
43.582687,13.504365,osm_osteria_lucia_2_43.5827_13.5044,Osteria Lucia 2,ristorante,ristorante,https://raw.githubusercontent.com/pasqualelembo78/huntix-poi/main/italia/marche/ancona/pages/osteria_lucia_2_43.5827_13.5044.json,custom
43.599852,13.510755,osm_pizzeria_da_francesca_43.5999_13.5108,Pizzeria Da Francesca,ristorante,ristorante,https://raw.githubusercontent.com/pasqualelembo78/huntix-poi/main/italia/marche/ancona/pages/pizzeria_da_francesca_43.5999_13.5108.json,custom
43.606881,13.507951,osm_coconuts_gluten_free_43.6069_13.5080,Coconuts Gluten Free,ristorante,ristorante,https://raw.githubusercontent.com/pasqualelembo78/huntix-poi/main/italia/marche/ancona/pages/coconuts_gluten_free_43.6069_13.5080.json,custom
43.618347,13.513556,osm_real_taste_43.6183_13.5136,Real Taste,ristorante,ristorante,https://raw.githubusercontent.com/pasqualelembo78/huntix-poi/main/italia/marche/ancona/pages/real_taste_43.6183_13.5136.json,custom
43.618636,13.511465,osm_mazzini_62_43.6186_13.5115,Mazzini 62,ristorante,ristorante,https://raw.githubusercontent.com/pasqualelembo78/huntix-poi/main/italia/marche/ancona/pages/mazzini_62_43.6186_13.5115.json,custom
43.618352,13.517048,osm_l_intervallo_fyfoppi_43.6184_13.5170,L'intervallo Fyfoppi,ristorante,ristorante,https://raw.githubusercontent.com/pasqualelembo78/huntix-poi/main/italia/marche/ancona/pages/lintervallo_fyfoppi_43.6184_13.5170.json,custom
43.607248,13.499766,osm_pizzeria_kebab_istanbul_43.6072_13.4998,Pizzeria Kebab Istanbul,ristorante,ristorante,https://raw.githubusercontent.com/pasqualelembo78/huntix-poi/main/italia/marche/ancona/pages/pizzeria_kebab_istanbul_43.6072_13.4998.json,custom
43.616369,13.525759,osm_mangio_ergo_sushi_43.6164_13.5258,Mangio Ergo Sushi,ristorante,ristorante,https://raw.githubusercontent.com/pasqualelembo78/huntix-poi/main/italia/marche/ancona/pages/mangio_ergo_sushi_43.6164_13.5258.json,custom
43.617349,13.515473,osm_degostreet_43.6173_13.5155,DegoStreet,ristorante,ristorante,https://raw.githubusercontent.com/pasqualelembo78/huntix-poi/main/italia/marche/ancona/pages/degostreet_43.6173_13.5155.json,custom
43.618169,13.517541,osm_pizzeria_avalon_centro_43.6182_13.5175,Pizzeria Avalon Centro,ristorante,ristorante,https://raw.githubusercontent.com/pasqualelembo78/huntix-poi/main/italia/marche/ancona/pages/pizzeria_avalon_centro_43.6182_13.5175.json,custom
43.616698,13.515507,osm_malik___kebab___ish_43.6167_13.5155,Malik - Kebab - Ish,ristorante,ristorante,https://raw.githubusercontent.com/pasqualelembo78/huntix-poi/main/italia/marche/ancona/pages/malik_-_kebab_-_ish_43.6167_13.5155.json,custom
43.614504,13.532116,osm_sassi_neri_43.6145_13.5321,Sassi Neri,ristorante,ristorante,https://raw.githubusercontent.com/pasqualelembo78/huntix-poi/main/italia/marche/ancona/pages/sassi_neri_43.6145_13.5321.json,custom
43.609045,13.458904,osm_oggi_43.6090_13.4589,Oggi,ristorante,ristorante,https://raw.githubusercontent.com/pasqualelembo78/huntix-poi/main/italia/marche/ancona/pages/oggi_43.6090_13.4589.json,custom
43.617740,13.509845,osm_vino_al_vino_bistrot_43.6177_13.5098,Vino al Vino Bistrot,ristorante,ristorante,https://raw.githubusercontent.com/pasqualelembo78/huntix-poi/main/italia/marche/ancona/pages/vino_al_vino_bistrot_43.6177_13.5098.json,custom
43.615312,13.433492,osm_pizzeria_pontemare_43.6153_13.4335,Pizzeria Pontemare,ristorante,ristorante,https://raw.githubusercontent.com/pasqualelembo78/huntix-poi/main/italia/marche/ancona/pages/pizzeria_pontemare_43.6153_13.4335.json,custom
43.610056,13.450208,osm_pizzadoro_43.6101_13.4502,Pizzadoro,ristorante,ristorante,https://raw.githubusercontent.com/pasqualelembo78/huntix-poi/main/italia/marche/ancona/pages/pizzadoro_43.6101_13.4502.json,custom
43.616852,13.523118,osm_pizzeria_mima_43.6169_13.5231,Pizzeria Mima,ristorante,ristorante,https://raw.githubusercontent.com/pasqualelembo78/huntix-poi/main/italia/marche/ancona/pages/pizzeria_mima_43.6169_13.5231.json,custom
43.617110,13.512401,osm_zenzero_43.6171_13.5124,Zenzero,ristorante,ristorante,https://raw.githubusercontent.com/pasqualelembo78/huntix-poi/main/italia/marche/ancona/pages/zenzero_43.6171_13.5124.json,custom
43.553156,13.514502,osm_rom_antica_43.5532_13.5145,Rom'antica,ristorante,ristorante,https://raw.githubusercontent.com/pasqualelembo78/huntix-poi/main/italia/marche/ancona/pages/romantica_43.5532_13.5145.json,custom
43.560158,13.510823,osm_roadhouse_43.5602_13.5108,Roadhouse,ristorante,ristorante,https://raw.githubusercontent.com/pasqualelembo78/huntix-poi/main/italia/marche/ancona/pages/roadhouse_43.5602_13.5108.json,custom
43.609223,13.514272,osm_chicken_king_43.6092_13.5143,Chicken King,ristorante,ristorante,https://raw.githubusercontent.com/pasqualelembo78/huntix-poi/main/italia/marche/ancona/pages/chicken_king_43.6092_13.5143.json,custom
43.607120,13.507816,osm_da_dom__e_paola_43.6071_13.5078,Da Domé e Paola,ristorante,ristorante,https://raw.githubusercontent.com/pasqualelembo78/huntix-poi/main/italia/marche/ancona/pages/da_dom_e_paola_43.6071_13.5078.json,custom
43.611750,13.503733,osm_sepof__43.6117_13.5037,SePoFà,ristorante,ristorante,https://raw.githubusercontent.com/pasqualelembo78/huntix-poi/main/italia/marche/ancona/pages/sepof_43.6117_13.5037.json,custom
43.612388,13.504102,osm_asso_di_cuore_43.6124_13.5041,Asso di Cuore,ristorante,ristorante,https://raw.githubusercontent.com/pasqualelembo78/huntix-poi/main/italia/marche/ancona/pages/asso_di_cuore_43.6124_13.5041.json,custom
43.606629,13.497546,osm_mood22_in_red_43.6066_13.4975,Mood22 in Red,ristorante,ristorante,https://raw.githubusercontent.com/pasqualelembo78/huntix-poi/main/italia/marche/ancona/pages/mood22_in_red_43.6066_13.4975.json,custom
43.619981,13.516797,osm_leviosa_pizza___food_43.6200_13.5168,Leviosa Pizza & Food,ristorante,ristorante,https://raw.githubusercontent.com/pasqualelembo78/huntix-poi/main/italia/marche/ancona/pages/leviosa_pizza_food_43.6200_13.5168.json,custom
43.607541,13.455611,osm_mcdonald_s_43.6075_13.4556,McDonald's,ristorante,ristorante,https://raw.githubusercontent.com/pasqualelembo78/huntix-poi/main/italia/marche/ancona/pages/mcdonalds_43.6075_13.4556.json,custom
43.598656,13.489804,osm_mister_pizza_43.5987_13.4898,Mister Pizza,ristorante,ristorante,https://raw.githubusercontent.com/pasqualelembo78/huntix-poi/main/italia/marche/ancona/pages/mister_pizza_43.5987_13.4898.json,custom
43.590580,13.516993,osm_kebap_turco_2_43.5906_13.5170,Kebap Turco 2,ristorante,ristorante,https://raw.githubusercontent.com/pasqualelembo78/huntix-poi/main/italia/marche/ancona/pages/kebap_turco_2_43.5906_13.5170.json,custom
43.570038,13.507749,osm_gep_43.5700_13.5077,GEP,ristorante,ristorante,https://raw.githubusercontent.com/pasqualelembo78/huntix-poi/main/italia/marche/ancona/pages/gep_43.5700_13.5077.json,custom
43.614665,13.528901,osm_elementi_43.6147_13.5289,Elementi,ristorante,ristorante,https://raw.githubusercontent.com/pasqualelembo78/huntix-poi/main/italia/marche/ancona/pages/elementi_43.6147_13.5289.json,custom
43.618603,13.510635,osm_mood22_in_green_43.6186_13.5106,Mood22 in Green,ristorante,ristorante,https://raw.githubusercontent.com/pasqualelembo78/huntix-poi/main/italia/marche/ancona/pages/mood22_in_green_43.6186_13.5106.json,custom
43.552302,13.512667,osm_wok_in_43.5523_13.5127,Wok In,ristorante,ristorante,https://raw.githubusercontent.com/pasqualelembo78/huntix-poi/main/italia/marche/ancona/pages/wok_in_43.5523_13.5127.json,custom
43.553879,13.514633,osm_la_piadineria_43.5539_13.5146,La Piadineria,ristorante,ristorante,https://raw.githubusercontent.com/pasqualelembo78/huntix-poi/main/italia/marche/ancona/pages/la_piadineria_43.5539_13.5146.json,custom
43.576412,13.514400,osm_basilico_pizzeria_43.5764_13.5144,Basilico Pizzeria,ristorante,ristorante,https://raw.githubusercontent.com/pasqualelembo78/huntix-poi/main/italia/marche/ancona/pages/basilico_pizzeria_43.5764_13.5144.json,custom
43.606445,13.513210,osm_angolo_del_gusto_43.6064_13.5132,Angolo del Gusto,ristorante,ristorante,https://raw.githubusercontent.com/pasqualelembo78/huntix-poi/main/italia/marche/ancona/pages/angolo_del_gusto_43.6064_13.5132.json,custom
43.608931,13.482075,osm_babordo_43.6089_13.4821,Babordo,ristorante,ristorante,https://raw.githubusercontent.com/pasqualelembo78/huntix-poi/main/italia/marche/ancona/pages/babordo_43.6089_13.4821.json,custom
43.564571,13.514205,osm_la_taverna_del_monaco_43.5646_13.5142,La Taverna del Monaco,ristorante,ristorante,https://raw.githubusercontent.com/pasqualelembo78/huntix-poi/main/italia/marche/ancona/pages/la_taverna_del_monaco_43.5646_13.5142.json,custom
43.614287,13.534625,osm_maway_43.6143_13.5346,MaWay,ristorante,ristorante,https://raw.githubusercontent.com/pasqualelembo78/huntix-poi/main/italia/marche/ancona/pages/maway_43.6143_13.5346.json,custom
43.607636,13.500446,osm_bokor_fast_food_43.6076_13.5004,Bokor Fast Food,ristorante,ristorante,https://raw.githubusercontent.com/pasqualelembo78/huntix-poi/main/italia/marche/ancona/pages/bokor_fast_food_43.6076_13.5004.json,custom
43.616328,13.526605,osm_pescionario_fantastico_43.6163_13.5266,Pescionario Fantastico,ristorante,ristorante,https://raw.githubusercontent.com/pasqualelembo78/huntix-poi/main/italia/marche/ancona/pages/pescionario_fantastico_43.6163_13.5266.json,custom
43.617503,13.514367,osm_lasagneria_filotea_43.6175_13.5144,Lasagneria Filotea,ristorante,ristorante,https://raw.githubusercontent.com/pasqualelembo78/huntix-poi/main/italia/marche/ancona/pages/lasagneria_filotea_43.6175_13.5144.json,custom
43.561526,13.513199,osm_sushiko_43.5615_13.5132,Sushiko,ristorante,ristorante,https://raw.githubusercontent.com/pasqualelembo78/huntix-poi/main/italia/marche/ancona/pages/sushiko_43.5615_13.5132.json,custom
43.553077,13.514735,osm_sapori___sorrisi_43.5531_13.5147,Sapori & Sorrisi,ristorante,ristorante,https://raw.githubusercontent.com/pasqualelembo78/huntix-poi/main/italia/marche/ancona/pages/sapori_sorrisi_43.5531_13.5147.json,custom
43.578672,13.508881,osm_quore___laboratorio_del_cibo_43.5787_13.5089,Quore - Laboratorio del Cibo,ristorante,ristorante,https://raw.githubusercontent.com/pasqualelembo78/huntix-poi/main/italia/marche/ancona/pages/quore_-_laboratorio_del_cibo_43.5787_13.5089.json,custom
43.618118,13.517322,osm_mensa_universitaria_43.6181_13.5173,Mensa universitaria,ristorante,ristorante,https://raw.githubusercontent.com/pasqualelembo78/huntix-poi/main/italia/marche/ancona/pages/mensa_universitaria_43.6181_13.5173.json,custom
43.606934,13.503153,osm_surovi_43.6069_13.5032,Surovi,ristorante,ristorante,https://raw.githubusercontent.com/pasqualelembo78/huntix-poi/main/italia/marche/ancona/pages/surovi_43.6069_13.5032.json,custom
43.606626,13.503805,osm_sultan_pascia_43.6066_13.5038,Sultan Pascia,ristorante,ristorante,https://raw.githubusercontent.com/pasqualelembo78/huntix-poi/main/italia/marche/ancona/pages/sultan_pascia_43.6066_13.5038.json,custom
43.603663,13.494160,osm_sopravento_43.6037_13.4942,SopraVento,ristorante,ristorante,https://raw.githubusercontent.com/pasqualelembo78/huntix-poi/main/italia/marche/ancona/pages/sopravento_43.6037_13.4942.json,custom
43.616203,13.513477,osm_mascolo_original_panuozzo_43.6162_13.5135,Mascolo Original Panuozzo,ristorante,ristorante,https://raw.githubusercontent.com/pasqualelembo78/huntix-poi/main/italia/marche/ancona/pages/mascolo_original_panuozzo_43.6162_13.5135.json,custom
43.618182,13.515678,osm_elv__vineria_creativa_43.6182_13.5157,Elvì Vineria Creativa,ristorante,ristorante,https://raw.githubusercontent.com/pasqualelembo78/huntix-poi/main/italia/marche/ancona/pages/elv_vineria_creativa_43.6182_13.5157.json,custom
43.618152,13.513878,osm_centro_pizza_e_kebab_43.6182_13.5139,Centro Pizza e Kebab,ristorante,ristorante,https://raw.githubusercontent.com/pasqualelembo78/huntix-poi/main/italia/marche/ancona/pages/centro_pizza_e_kebab_43.6182_13.5139.json,custom
43.602554,13.499390,osm_pizzeria_buon_gusto_43.6026_13.4994,Pizzeria Buon Gusto,ristorante,ristorante,https://raw.githubusercontent.com/pasqualelembo78/huntix-poi/main/italia/marche/ancona/pages/pizzeria_buon_gusto_43.6026_13.4994.json,custom
43.607264,13.484330,osm_ristorante_club_amici_del_mare_43.6073_13.4843,Ristorante Club Amici del Mare,ristorante,ristorante,https://raw.githubusercontent.com/pasqualelembo78/huntix-poi/main/italia/marche/ancona/pages/ristorante_club_amici_del_mare_43.6073_13.4843.json,custom
43.607101,13.487982,osm_ristorante_arist__qu__43.6071_13.4880,Ristorante Aristò quà,ristorante,ristorante,https://raw.githubusercontent.com/pasqualelembo78/huntix-poi/main/italia/marche/ancona/pages/ristorante_arist_qu_43.6071_13.4880.json,custom
43.597040,13.510724,osm_pizzeria_della_montagnola_da_hassan_43.5970_13.5107,Pizzeria della Montagnola da Hassan,ristorante,ristorante,https://raw.githubusercontent.com/pasqualelembo78/huntix-poi/main/italia/marche/ancona/pages/pizzeria_della_montagnola_da_hassan_43.5970_13.5107.json,custom
43.598664,13.509157,osm_i_glicini_43.5987_13.5092,I Glicini,ristorante,ristorante,https://raw.githubusercontent.com/pasqualelembo78/huntix-poi/main/italia/marche/ancona/pages/i_glicini_43.5987_13.5092.json,custom
43.610956,13.486457,osm_ristorante_lega_navale_italiana_43.6110_13.4865,Ristorante Lega Navale Italiana,ristorante,ristorante,https://raw.githubusercontent.com/pasqualelembo78/huntix-poi/main/italia/marche/ancona/pages/ristorante_lega_navale_italiana_43.6110_13.4865.json,custom
43.594453,13.505168,osm_il_gusto_della_pizza_2015_mr__michetta_43.5945_13.5052,Il Gusto della Pizza 2015 Mr. Michetta,ristorante,ristorante,https://raw.githubusercontent.com/pasqualelembo78/huntix-poi/main/italia/marche/ancona/pages/il_gusto_della_pizza_2015_mr_michetta_43.5945_13.5052.json,custom
43.612545,13.427396,osm_pizzeria_ferry_2_43.6125_13.4274,Pizzeria Ferry 2,ristorante,ristorante,https://raw.githubusercontent.com/pasqualelembo78/huntix-poi/main/italia/marche/ancona/pages/pizzeria_ferry_2_43.6125_13.4274.json,custom
43.537147,13.586858,osm_saviotti_43.5371_13.5869,Saviotti,ristorante,ristorante,https://raw.githubusercontent.com/pasqualelembo78/huntix-poi/main/italia/marche/ancona/pages/saviotti_43.5371_13.5869.json,custom
43.619121,13.510893,osm_solomarche_43.6191_13.5109,SoloMarche,ristorante,ristorante,https://raw.githubusercontent.com/pasqualelembo78/huntix-poi/main/italia/marche/ancona/pages/solomarche_43.6191_13.5109.json,custom
43.618353,13.510579,osm_garibaldi_fast_food_43.6184_13.5106,Garibaldi Fast Food,ristorante,ristorante,https://raw.githubusercontent.com/pasqualelembo78/huntix-poi/main/italia/marche/ancona/pages/garibaldi_fast_food_43.6184_13.5106.json,custom
43.618499,13.511639,osm_alambicco_gineria_ancona_43.6185_13.5116,Alambicco Gineria Ancona,ristorante,ristorante,https://raw.githubusercontent.com/pasqualelembo78/huntix-poi/main/italia/marche/ancona/pages/alambicco_gineria_ancona_43.6185_13.5116.json,custom
43.605070,13.506858,osm_pizza_express_43.6051_13.5069,Pizza Express,ristorante,ristorante,https://raw.githubusercontent.com/pasqualelembo78/huntix-poi/main/italia/marche/ancona/pages/pizza_express_43.6051_13.5069.json,custom
43.570081,13.508708,osm_el_chiosco_tosto_43.5701_13.5087,El Chiosco Tosto,ristorante,ristorante,https://raw.githubusercontent.com/pasqualelembo78/huntix-poi/main/italia/marche/ancona/pages/el_chiosco_tosto_43.5701_13.5087.json,custom
43.619038,13.510354,osm_la_farina_43.6190_13.5104,La Farina,ristorante,ristorante,https://raw.githubusercontent.com/pasqualelembo78/huntix-poi/main/italia/marche/ancona/pages/la_farina_43.6190_13.5104.json,custom
43.616940,13.515162,osm_ristorante_teff___ethiopian_resaurant_an_43.6169_13.5152,Ristorante Teff - Ethiopian resaurant Ancona,ristorante,ristorante,https://raw.githubusercontent.com/pasqualelembo78/huntix-poi/main/italia/marche/ancona/pages/ristorante_teff_-_ethiopian_resaurant_an_43.6169_13.5152.json,custom
43.559551,13.509275,osm_bruschetteria_i_matti_anni_30_43.5596_13.5093,Bruschetteria I Matti Anni 30,ristorante,ristorante,https://raw.githubusercontent.com/pasqualelembo78/huntix-poi/main/italia/marche/ancona/pages/bruschetteria_i_matti_anni_30_43.5596_13.5093.json,custom
43.561455,13.592977,osm_pesci_fuor_d_acqua_43.5615_13.5930,Pesci Fuor d'Acqua,ristorante,ristorante,https://raw.githubusercontent.com/pasqualelembo78/huntix-poi/main/italia/marche/ancona/pages/pesci_fuor_dacqua_43.5615_13.5930.json,custom
43.563017,13.598137,osm_spiaggiabonetti_43.5630_13.5981,SpiaggiaBonetti,ristorante,ristorante,https://raw.githubusercontent.com/pasqualelembo78/huntix-poi/main/italia/marche/ancona/pages/spiaggiabonetti_43.5630_13.5981.json,custom
43.564244,13.590954,osm_ristorante_marcello_43.5642_13.5910,Ristorante Marcello,ristorante,ristorante,https://raw.githubusercontent.com/pasqualelembo78/huntix-poi/main/italia/marche/ancona/pages/ristorante_marcello_43.5642_13.5910.json,custom
43.569150,13.574645,osm_trattoria_mezzavalle_43.5692_13.5746,Trattoria Mezzavalle,ristorante,ristorante,https://raw.githubusercontent.com/pasqualelembo78/huntix-poi/main/italia/marche/ancona/pages/trattoria_mezzavalle_43.5692_13.5746.json,custom
43.565155,13.591450,osm_ristorante_il_molo_43.5652_13.5914,Ristorante Il Molo,ristorante,ristorante,https://raw.githubusercontent.com/pasqualelembo78/huntix-poi/main/italia/marche/ancona/pages/ristorante_il_molo_43.5652_13.5914.json,custom
43.561703,13.599320,osm_la_capannina_43.5617_13.5993,La Capannina,ristorante,ristorante,https://raw.githubusercontent.com/pasqualelembo78/huntix-poi/main/italia/marche/ancona/pages/la_capannina_43.5617_13.5993.json,custom
43.562127,13.598639,osm_giacchetti_43.5621_13.5986,Giacchetti,ristorante,ristorante,https://raw.githubusercontent.com/pasqualelembo78/huntix-poi/main/italia/marche/ancona/pages/giacchetti_43.5621_13.5986.json,custom
43.602157,13.538762,osm_match_point_43.6022_13.5388,Match Point,ristorante,ristorante,https://raw.githubusercontent.com/pasqualelembo78/huntix-poi/main/italia/marche/ancona/pages/match_point_43.6022_13.5388.json,custom
43.612336,13.520644,osm_il_pincio_43.6123_13.5206,Il Pincio,ristorante,ristorante,https://raw.githubusercontent.com/pasqualelembo78/huntix-poi/main/italia/marche/ancona/pages/il_pincio_43.6123_13.5206.json,custom
43.592025,13.538057,osm_villa_romana_43.5920_13.5381,Villa Romana,ristorante,ristorante,https://raw.githubusercontent.com/pasqualelembo78/huntix-poi/main/italia/marche/ancona/pages/villa_romana_43.5920_13.5381.json,custom
43.551099,13.586128,osm_piadineria_bar_da_rina_43.5511_13.5861,Piadineria Bar da Rina,ristorante,ristorante,https://raw.githubusercontent.com/pasqualelembo78/huntix-poi/main/italia/marche/ancona/pages/piadineria_bar_da_rina_43.5511_13.5861.json,custom
43.557347,13.510656,osm_primo_piatto_43.5573_13.5107,Primo Piatto,ristorante,ristorante,https://raw.githubusercontent.com/pasqualelembo78/huntix-poi/main/italia/marche/ancona/pages/primo_piatto_43.5573_13.5107.json,custom
43.576760,13.509443,osm_pizzeria_avalon_baraccola_43.5768_13.5094,Pizzeria Avalon Baraccola,ristorante,ristorante,https://raw.githubusercontent.com/pasqualelembo78/huntix-poi/main/italia/marche/ancona/pages/pizzeria_avalon_baraccola_43.5768_13.5094.json,custom
43.569891,13.551340,osm_agriturismo_rosso_conero_43.5699_13.5513,Agriturismo Rosso Conero,ristorante,ristorante,https://raw.githubusercontent.com/pasqualelembo78/huntix-poi/main/italia/marche/ancona/pages/agriturismo_rosso_conero_43.5699_13.5513.json,custom
43.617171,13.513918,osm_white_bakery_43.6172_13.5139,White Bakery,ristorante,ristorante,https://raw.githubusercontent.com/pasqualelembo78/huntix-poi/main/italia/marche/ancona/pages/white_bakery_43.6172_13.5139.json,custom
43.564808,13.595530,osm_la_spiaggina_43.5648_13.5955,La Spiaggina,ristorante,ristorante,https://raw.githubusercontent.com/pasqualelembo78/huntix-poi/main/italia/marche/ancona/pages/la_spiaggina_43.5648_13.5955.json,custom
