# lat,lng,id,name,building_type,type,url,page_type
# Lucca -- Tutti
43.841826,10.510295,ov_casa_di_cura_m_d__barbantini_43.8418_10.5103,Casa di Cura M.D. Barbantini,HOSPITAL,hospital,https://raw.githubusercontent.com/pasqualelembo78/huntix-poi/main/italia/emilia-romagna/lucca/pages/casa_di_cura_md_barbantini_43.8418_10.5103.json,custom
43.839534,10.511791,ov_centro_oculistico_san_martino_43.8395_10.5118,Centro Oculistico San Martino,HOSPITAL,hospital,https://raw.githubusercontent.com/pasqualelembo78/huntix-poi/main/italia/emilia-romagna/lucca/pages/centro_oculistico_san_martino_43.8395_10.5118.json,custom
43.842576,10.532689,ov_centro_trasfusionale_43.8426_10.5327,Centro Trasfusionale,HOSPITAL,hospital,https://raw.githubusercontent.com/pasqualelembo78/huntix-poi/main/italia/emilia-romagna/lucca/pages/centro_trasfusionale_43.8426_10.5327.json,custom
43.842720,10.532650,ov_ospedale_san_luca_43.8427_10.5327,Ospedale San Luca,HOSPITAL,hospital,https://raw.githubusercontent.com/pasqualelembo78/huntix-poi/main/italia/emilia-romagna/lucca/pages/ospedale_san_luca_43.8427_10.5327.json,custom
43.834240,10.521130,ov_cisa_group_43.8342_10.5211,CISA GROUP,HOSPITAL,hospital,https://raw.githubusercontent.com/pasqualelembo78/huntix-poi/main/italia/emilia-romagna/lucca/pages/cisa_group_43.8342_10.5211.json,custom
43.851452,10.517251,ov_lucca_campo_di_marte_43.8515_10.5173,Lucca Campo Di Marte,HOSPITAL,hospital,https://raw.githubusercontent.com/pasqualelembo78/huntix-poi/main/italia/emilia-romagna/lucca/pages/lucca_campo_di_marte_43.8515_10.5173.json,custom
43.849637,10.517687,ov_centro_trasfusionale_ospedale_di_lucca_43.8496_10.5177,Centro Trasfusionale Ospedale Di Lucca,HOSPITAL,hospital,https://raw.githubusercontent.com/pasqualelembo78/huntix-poi/main/italia/emilia-romagna/lucca/pages/centro_trasfusionale_ospedale_di_lucca_43.8496_10.5177.json,custom
43.853570,10.508040,ov_omnia_fkt___centro_medico_43.8536_10.5080,Omnia FKT - Centro Medico,HOSPITAL,hospital,https://raw.githubusercontent.com/pasqualelembo78/huntix-poi/main/italia/emilia-romagna/lucca/pages/omnia_fkt_-_centro_medico_43.8536_10.5080.json,custom
43.850657,10.517812,osm_cittadella_della_salute_campo_di_marte_43.8507_10.5178,Cittadella della Salute Campo di Marte,hospital,hospital,https://raw.githubusercontent.com/pasqualelembo78/huntix-poi/main/italia/emilia-romagna/lucca/pages/cittadella_della_salute_campo_di_marte_43.8507_10.5178.json,custom
43.821572,10.514963,ov_casina_delle_rose_43.8216_10.5150,Casina delle Rose,RESTAURANT,ristorante,https://raw.githubusercontent.com/pasqualelembo78/huntix-poi/main/italia/emilia-romagna/lucca/pages/casina_delle_rose_43.8216_10.5150.json,custom
43.825157,10.511302,ov_il_botteghino_di_valentina_43.8252_10.5113,Il Botteghino di Valentina,RESTAURANT,ristorante,https://raw.githubusercontent.com/pasqualelembo78/huntix-poi/main/italia/emilia-romagna/lucca/pages/il_botteghino_di_valentina_43.8252_10.5113.json,custom
43.834921,10.511122,ov_pizzeria_a_modo_tuo_43.8349_10.5111,Pizzeria A modo tuo,RESTAURANT,ristorante,https://raw.githubusercontent.com/pasqualelembo78/huntix-poi/main/italia/emilia-romagna/lucca/pages/pizzeria_a_modo_tuo_43.8349_10.5111.json,custom
43.841974,10.500996,ov_il_mago_43.8420_10.5010,Il MAGO,RESTAURANT,ristorante,https://raw.githubusercontent.com/pasqualelembo78/huntix-poi/main/italia/emilia-romagna/lucca/pages/il_mago_43.8420_10.5010.json,custom
43.842075,10.501154,ov_la_linea_43.8421_10.5012,La Linea,RESTAURANT,ristorante,https://raw.githubusercontent.com/pasqualelembo78/huntix-poi/main/italia/emilia-romagna/lucca/pages/la_linea_43.8421_10.5012.json,custom
43.842069,10.502694,ov_la_casa_del_pesce_43.8421_10.5027,La Casa del Pesce,RESTAURANT,ristorante,https://raw.githubusercontent.com/pasqualelembo78/huntix-poi/main/italia/emilia-romagna/lucca/pages/la_casa_del_pesce_43.8421_10.5027.json,custom
43.841826,10.502820,ov_pizzeria_bar_da_franchino_43.8418_10.5028,Pizzeria Bar da Franchino,RESTAURANT,ristorante,https://raw.githubusercontent.com/pasqualelembo78/huntix-poi/main/italia/emilia-romagna/lucca/pages/pizzeria_bar_da_franchino_43.8418_10.5028.json,custom
43.841845,10.502699,ov_ciacco_43.8418_10.5027,Ciacco,RESTAURANT,ristorante,https://raw.githubusercontent.com/pasqualelembo78/huntix-poi/main/italia/emilia-romagna/lucca/pages/ciacco_43.8418_10.5027.json,custom
43.841823,10.503186,ov_il_nicchio_43.8418_10.5032,Il Nicchio,RESTAURANT,ristorante,https://raw.githubusercontent.com/pasqualelembo78/huntix-poi/main/italia/emilia-romagna/lucca/pages/il_nicchio_43.8418_10.5032.json,custom
43.841876,10.503964,ov_soup_in_town_43.8419_10.5040,Soup in Town,RESTAURANT,ristorante,https://raw.githubusercontent.com/pasqualelembo78/huntix-poi/main/italia/emilia-romagna/lucca/pages/soup_in_town_43.8419_10.5040.json,custom
43.842376,10.503927,ov_oste_di_lucca_43.8424_10.5039,Oste di Lucca,RESTAURANT,ristorante,https://raw.githubusercontent.com/pasqualelembo78/huntix-poi/main/italia/emilia-romagna/lucca/pages/oste_di_lucca_43.8424_10.5039.json,custom
43.842481,10.505199,ov_da_quartuccio_osteria_43.8425_10.5052,Da Quartuccio Osteria,RESTAURANT,ristorante,https://raw.githubusercontent.com/pasqualelembo78/huntix-poi/main/italia/emilia-romagna/lucca/pages/da_quartuccio_osteria_43.8425_10.5052.json,custom
43.842490,10.505160,ov_osteria_da_bollore_2_0_43.8425_10.5052,Osteria da bollore 2.0,RESTAURANT,ristorante,https://raw.githubusercontent.com/pasqualelembo78/huntix-poi/main/italia/emilia-romagna/lucca/pages/osteria_da_bollore_20_43.8425_10.5052.json,custom
43.842730,10.503540,ov_gli_antichi_sapori_calabresi_43.8427_10.5035,Gli Antichi Sapori Calabresi,RESTAURANT,ristorante,https://raw.githubusercontent.com/pasqualelembo78/huntix-poi/main/italia/emilia-romagna/lucca/pages/gli_antichi_sapori_calabresi_43.8427_10.5035.json,custom
43.842764,10.501709,ov_buca_di_sant_antonio_43.8428_10.5017,Buca di Sant'Antonio,RESTAURANT,ristorante,https://raw.githubusercontent.com/pasqualelembo78/huntix-poi/main/italia/emilia-romagna/lucca/pages/buca_di_santantonio_43.8428_10.5017.json,custom
43.842584,10.501951,ov_bistro_del_piccolo_mondo_43.8426_10.5020,Bistro del Piccolo Mondo,RESTAURANT,ristorante,https://raw.githubusercontent.com/pasqualelembo78/huntix-poi/main/italia/emilia-romagna/lucca/pages/bistro_del_piccolo_mondo_43.8426_10.5020.json,custom
43.842318,10.503256,ov_antica_locanda_dell_angelo_43.8423_10.5033,Antica Locanda dell'Angelo,RESTAURANT,ristorante,https://raw.githubusercontent.com/pasqualelembo78/huntix-poi/main/italia/emilia-romagna/lucca/pages/antica_locanda_dellangelo_43.8423_10.5033.json,custom
43.842307,10.502791,ov_osteria_del_neni_43.8423_10.5028,Osteria Del Neni,RESTAURANT,ristorante,https://raw.githubusercontent.com/pasqualelembo78/huntix-poi/main/italia/emilia-romagna/lucca/pages/osteria_del_neni_43.8423_10.5028.json,custom
43.842444,10.501983,ov_osteria_da_rosolo_43.8424_10.5020,Osteria Da Rosolo,RESTAURANT,ristorante,https://raw.githubusercontent.com/pasqualelembo78/huntix-poi/main/italia/emilia-romagna/lucca/pages/osteria_da_rosolo_43.8424_10.5020.json,custom
43.842536,10.501976,ov_bistr__corte_campana_43.8425_10.5020,Bistrò Corte Campana,RESTAURANT,ristorante,https://raw.githubusercontent.com/pasqualelembo78/huntix-poi/main/italia/emilia-romagna/lucca/pages/bistr_corte_campana_43.8425_10.5020.json,custom
43.842921,10.501025,ov_rusticanella_2_43.8429_10.5010,Rusticanella 2,RESTAURANT,ristorante,https://raw.githubusercontent.com/pasqualelembo78/huntix-poi/main/italia/emilia-romagna/lucca/pages/rusticanella_2_43.8429_10.5010.json,custom
43.842877,10.501708,ov_alice_pizza_43.8429_10.5017,Alice Pizza,RESTAURANT,ristorante,https://raw.githubusercontent.com/pasqualelembo78/huntix-poi/main/italia/emilia-romagna/lucca/pages/alice_pizza_43.8429_10.5017.json,custom
43.842907,10.503180,ov_la_tana_del_boia_43.8429_10.5032,La Tana del Boia,RESTAURANT,ristorante,https://raw.githubusercontent.com/pasqualelembo78/huntix-poi/main/italia/emilia-romagna/lucca/pages/la_tana_del_boia_43.8429_10.5032.json,custom
43.843289,10.503208,ov_pizzeria_pellegrini_43.8433_10.5032,Pizzeria Pellegrini,RESTAURANT,ristorante,https://raw.githubusercontent.com/pasqualelembo78/huntix-poi/main/italia/emilia-romagna/lucca/pages/pizzeria_pellegrini_43.8433_10.5032.json,custom
43.843290,10.501332,ov_miglio_ristorante_43.8433_10.5013,Miglio Ristorante,RESTAURANT,ristorante,https://raw.githubusercontent.com/pasqualelembo78/huntix-poi/main/italia/emilia-romagna/lucca/pages/miglio_ristorante_43.8433_10.5013.json,custom
43.843100,10.501255,ov_bistrot_paris_boheme_43.8431_10.5013,Bistrot Paris Boheme,RESTAURANT,ristorante,https://raw.githubusercontent.com/pasqualelembo78/huntix-poi/main/italia/emilia-romagna/lucca/pages/bistrot_paris_boheme_43.8431_10.5013.json,custom
43.843155,10.501209,ov_osteria_tosca_43.8432_10.5012,Osteria Tosca,RESTAURANT,ristorante,https://raw.githubusercontent.com/pasqualelembo78/huntix-poi/main/italia/emilia-romagna/lucca/pages/osteria_tosca_43.8432_10.5012.json,custom
43.843633,10.502387,ov_la_piadineria_43.8436_10.5024,La Piadineria,RESTAURANT,ristorante,https://raw.githubusercontent.com/pasqualelembo78/huntix-poi/main/italia/emilia-romagna/lucca/pages/la_piadineria_43.8436_10.5024.json,custom
43.843758,10.502041,ov_ristorante_da_francesco_43.8438_10.5020,Ristorante Da Francesco,RESTAURANT,ristorante,https://raw.githubusercontent.com/pasqualelembo78/huntix-poi/main/italia/emilia-romagna/lucca/pages/ristorante_da_francesco_43.8438_10.5020.json,custom
43.843356,10.503646,ov_chiasso13_43.8434_10.5036,Chiasso13,RESTAURANT,ristorante,https://raw.githubusercontent.com/pasqualelembo78/huntix-poi/main/italia/emilia-romagna/lucca/pages/chiasso13_43.8434_10.5036.json,custom
43.843846,10.503357,ov_pizzeria_da_felice_43.8438_10.5034,Pizzeria da Felice,RESTAURANT,ristorante,https://raw.githubusercontent.com/pasqualelembo78/huntix-poi/main/italia/emilia-romagna/lucca/pages/pizzeria_da_felice_43.8438_10.5034.json,custom
43.843799,10.504996,ov_osteria_nova_43.8438_10.5050,Osteria Nova,RESTAURANT,ristorante,https://raw.githubusercontent.com/pasqualelembo78/huntix-poi/main/italia/emilia-romagna/lucca/pages/osteria_nova_43.8438_10.5050.json,custom
43.842850,10.504000,ov_pizzeria_pomodori_43.8428_10.5040,Pizzeria Pomodori,RESTAURANT,ristorante,https://raw.githubusercontent.com/pasqualelembo78/huntix-poi/main/italia/emilia-romagna/lucca/pages/pizzeria_pomodori_43.8428_10.5040.json,custom
43.842819,10.504033,ov_dante___gentucca_43.8428_10.5040,Dante & Gentucca,RESTAURANT,ristorante,https://raw.githubusercontent.com/pasqualelembo78/huntix-poi/main/italia/emilia-romagna/lucca/pages/dante_gentucca_43.8428_10.5040.json,custom
43.843074,10.505007,ov_ristorante_all_olivo_43.8431_10.5050,Ristorante All'Olivo,RESTAURANT,ristorante,https://raw.githubusercontent.com/pasqualelembo78/huntix-poi/main/italia/emilia-romagna/lucca/pages/ristorante_allolivo_43.8431_10.5050.json,custom
43.843607,10.507392,ov_bistr__piqui_43.8436_10.5074,Bistrò PIQUI,RESTAURANT,ristorante,https://raw.githubusercontent.com/pasqualelembo78/huntix-poi/main/italia/emilia-romagna/lucca/pages/bistr_piqui_43.8436_10.5074.json,custom
43.843623,10.507426,ov_il_bistr__by_piqui_43.8436_10.5074,il BISTRÒ by PIQUI,RESTAURANT,ristorante,https://raw.githubusercontent.com/pasqualelembo78/huntix-poi/main/italia/emilia-romagna/lucca/pages/il_bistr_by_piqui_43.8436_10.5074.json,custom
43.842836,10.510590,ov_gli_orti_di_via_elisa_43.8428_10.5106,Gli Orti di Via Elisa,RESTAURANT,ristorante,https://raw.githubusercontent.com/pasqualelembo78/huntix-poi/main/italia/emilia-romagna/lucca/pages/gli_orti_di_via_elisa_43.8428_10.5106.json,custom
43.842909,10.511420,ov_ristorante_enoteca_stravinsky_43.8429_10.5114,Ristorante enoteca StraVinSky,RESTAURANT,ristorante,https://raw.githubusercontent.com/pasqualelembo78/huntix-poi/main/italia/emilia-romagna/lucca/pages/ristorante_enoteca_stravinsky_43.8429_10.5114.json,custom
43.843004,10.512172,ov_cibus_e_pizza_43.8430_10.5122,Cibus e Pizza,RESTAURANT,ristorante,https://raw.githubusercontent.com/pasqualelembo78/huntix-poi/main/italia/emilia-romagna/lucca/pages/cibus_e_pizza_43.8430_10.5122.json,custom
43.842770,10.510049,ov_antica_drogheria_43.8428_10.5100,Antica Drogheria,RESTAURANT,ristorante,https://raw.githubusercontent.com/pasqualelembo78/huntix-poi/main/italia/emilia-romagna/lucca/pages/antica_drogheria_43.8428_10.5100.json,custom
43.842789,10.509987,ov_la_terrazza_di_via_elisa_43.8428_10.5100,La Terrazza di via Elisa,RESTAURANT,ristorante,https://raw.githubusercontent.com/pasqualelembo78/huntix-poi/main/italia/emilia-romagna/lucca/pages/la_terrazza_di_via_elisa_43.8428_10.5100.json,custom
43.842631,10.509277,ov_fuori_controllo_43.8426_10.5093,Fuori Controllo,RESTAURANT,ristorante,https://raw.githubusercontent.com/pasqualelembo78/huntix-poi/main/italia/emilia-romagna/lucca/pages/fuori_controllo_43.8426_10.5093.json,custom
43.842603,10.509141,ov_osteria_vispateresa_43.8426_10.5091,Osteria VispaTeresa,RESTAURANT,ristorante,https://raw.githubusercontent.com/pasqualelembo78/huntix-poi/main/italia/emilia-romagna/lucca/pages/osteria_vispateresa_43.8426_10.5091.json,custom
43.842503,10.507983,ov_trattoria_da_nonna_clara_43.8425_10.5080,Trattoria da Nonna Clara,RESTAURANT,ristorante,https://raw.githubusercontent.com/pasqualelembo78/huntix-poi/main/italia/emilia-romagna/lucca/pages/trattoria_da_nonna_clara_43.8425_10.5080.json,custom
43.842527,10.506789,ov_antica_osteria_43.8425_10.5068,Antica Osteria,RESTAURANT,ristorante,https://raw.githubusercontent.com/pasqualelembo78/huntix-poi/main/italia/emilia-romagna/lucca/pages/antica_osteria_43.8425_10.5068.json,custom
43.841319,10.505714,ov_undici_undici_43.8413_10.5057,Undici Undici,RESTAURANT,ristorante,https://raw.githubusercontent.com/pasqualelembo78/huntix-poi/main/italia/emilia-romagna/lucca/pages/undici_undici_43.8413_10.5057.json,custom
43.841537,10.503372,ov_elkano_43.8415_10.5034,Elkano,RESTAURANT,ristorante,https://raw.githubusercontent.com/pasqualelembo78/huntix-poi/main/italia/emilia-romagna/lucca/pages/elkano_43.8415_10.5034.json,custom
43.841589,10.504688,ov_olio_su_tavola_43.8416_10.5047,Olio Su Tavola,RESTAURANT,ristorante,https://raw.githubusercontent.com/pasqualelembo78/huntix-poi/main/italia/emilia-romagna/lucca/pages/olio_su_tavola_43.8416_10.5047.json,custom
43.841750,10.503895,ov_des_arts_43.8417_10.5039,Des Arts,RESTAURANT,ristorante,https://raw.githubusercontent.com/pasqualelembo78/huntix-poi/main/italia/emilia-romagna/lucca/pages/des_arts_43.8417_10.5039.json,custom
43.841705,10.503986,ov_wine_and_snack_43.8417_10.5040,Wine and Snack,RESTAURANT,ristorante,https://raw.githubusercontent.com/pasqualelembo78/huntix-poi/main/italia/emilia-romagna/lucca/pages/wine_and_snack_43.8417_10.5040.json,custom
43.841587,10.502980,ov_fuori_di_piazza_43.8416_10.5030,Fuori Di Piazza,RESTAURANT,ristorante,https://raw.githubusercontent.com/pasqualelembo78/huntix-poi/main/italia/emilia-romagna/lucca/pages/fuori_di_piazza_43.8416_10.5030.json,custom
43.841504,10.502987,ov_s_p_s__di_paoli_sonatori_43.8415_10.5030,S.P.S. di Paoli Sonatori,RESTAURANT,ristorante,https://raw.githubusercontent.com/pasqualelembo78/huntix-poi/main/italia/emilia-romagna/lucca/pages/sps_di_paoli_sonatori_43.8415_10.5030.json,custom
43.841312,10.502946,ov_ristorante_del_teatro_43.8413_10.5029,Ristorante del Teatro,RESTAURANT,ristorante,https://raw.githubusercontent.com/pasqualelembo78/huntix-poi/main/italia/emilia-romagna/lucca/pages/ristorante_del_teatro_43.8413_10.5029.json,custom
43.841341,10.502916,ov_da_umberto_43.8413_10.5029,Da Umberto,RESTAURANT,ristorante,https://raw.githubusercontent.com/pasqualelembo78/huntix-poi/main/italia/emilia-romagna/lucca/pages/da_umberto_43.8413_10.5029.json,custom
43.841223,10.502968,ov_legacy_restaurant_43.8412_10.5030,Legacy Restaurant,RESTAURANT,ristorante,https://raw.githubusercontent.com/pasqualelembo78/huntix-poi/main/italia/emilia-romagna/lucca/pages/legacy_restaurant_43.8412_10.5030.json,custom
43.841096,10.503281,ov_ristorante_giglio_43.8411_10.5033,Ristorante Giglio,RESTAURANT,ristorante,https://raw.githubusercontent.com/pasqualelembo78/huntix-poi/main/italia/emilia-romagna/lucca/pages/ristorante_giglio_43.8411_10.5033.json,custom
43.840592,10.502034,ov_stella_polare_43.8406_10.5020,Stella Polare,RESTAURANT,ristorante,https://raw.githubusercontent.com/pasqualelembo78/huntix-poi/main/italia/emilia-romagna/lucca/pages/stella_polare_43.8406_10.5020.json,custom
43.840305,10.501823,ov_fiaschetto_43.8403_10.5018,Fiaschetto,RESTAURANT,ristorante,https://raw.githubusercontent.com/pasqualelembo78/huntix-poi/main/italia/emilia-romagna/lucca/pages/fiaschetto_43.8403_10.5018.json,custom
43.839917,10.502862,ov_in_pasta_43.8399_10.5029,In Pasta,RESTAURANT,ristorante,https://raw.githubusercontent.com/pasqualelembo78/huntix-poi/main/italia/emilia-romagna/lucca/pages/in_pasta_43.8399_10.5029.json,custom
43.839838,10.504612,ov_al_noor_kebab_43.8398_10.5046,Al Noor Kebab,RESTAURANT,ristorante,https://raw.githubusercontent.com/pasqualelembo78/huntix-poi/main/italia/emilia-romagna/lucca/pages/al_noor_kebab_43.8398_10.5046.json,custom
43.839969,10.504120,ov_go_do__burger_bar_and_bistrot_43.8400_10.5041,Go.Do. Burger Bar and Bistrot,RESTAURANT,ristorante,https://raw.githubusercontent.com/pasqualelembo78/huntix-poi/main/italia/emilia-romagna/lucca/pages/godo_burger_bar_and_bistrot_43.8400_10.5041.json,custom
43.839961,10.504298,ov_al_corso_43.8400_10.5043,Al Corso,RESTAURANT,ristorante,https://raw.githubusercontent.com/pasqualelembo78/huntix-poi/main/italia/emilia-romagna/lucca/pages/al_corso_43.8400_10.5043.json,custom
43.839694,10.507109,ov_ristorante_san_colombano_43.8397_10.5071,Ristorante San Colombano,RESTAURANT,ristorante,https://raw.githubusercontent.com/pasqualelembo78/huntix-poi/main/italia/emilia-romagna/lucca/pages/ristorante_san_colombano_43.8397_10.5071.json,custom
43.839437,10.507088,ov_san_co_lom_bana_43.8394_10.5071,San Co Lom Bana,RESTAURANT,ristorante,https://raw.githubusercontent.com/pasqualelembo78/huntix-poi/main/italia/emilia-romagna/lucca/pages/san_co_lom_bana_43.8394_10.5071.json,custom
43.838237,10.506976,ov_fish_poke_lucca_43.8382_10.5070,Fish Poke Lucca,RESTAURANT,ristorante,https://raw.githubusercontent.com/pasqualelembo78/huntix-poi/main/italia/emilia-romagna/lucca/pages/fish_poke_lucca_43.8382_10.5070.json,custom
43.838399,10.504715,ov_apollo_chicken___burger_point_43.8384_10.5047,Apollo Chicken & Burger Point,RESTAURANT,ristorante,https://raw.githubusercontent.com/pasqualelembo78/huntix-poi/main/italia/emilia-romagna/lucca/pages/apollo_chicken_burger_point_43.8384_10.5047.json,custom
43.838343,10.504688,ov_onara_43.8383_10.5047,Onara,RESTAURANT,ristorante,https://raw.githubusercontent.com/pasqualelembo78/huntix-poi/main/italia/emilia-romagna/lucca/pages/onara_43.8383_10.5047.json,custom
43.838330,10.504180,ov_toro_ramen_lucca_43.8383_10.5042,Toro Ramen Lucca,RESTAURANT,ristorante,https://raw.githubusercontent.com/pasqualelembo78/huntix-poi/main/italia/emilia-romagna/lucca/pages/toro_ramen_lucca_43.8383_10.5042.json,custom
43.837722,10.505788,ov_caf__new_york_43.8377_10.5058,Café New York,RESTAURANT,ristorante,https://raw.githubusercontent.com/pasqualelembo78/huntix-poi/main/italia/emilia-romagna/lucca/pages/caf_new_york_43.8377_10.5058.json,custom
43.837561,10.503344,ov_pizzeria_da_francesco_43.8376_10.5033,Pizzeria Da Francesco,RESTAURANT,ristorante,https://raw.githubusercontent.com/pasqualelembo78/huntix-poi/main/italia/emilia-romagna/lucca/pages/pizzeria_da_francesco_43.8376_10.5033.json,custom
43.838322,10.501716,ov_antico_caff__delle_mura___pizzeria_risto_43.8383_10.5017,Antico Caffè delle Mura - Pizzeria Ristorante,RESTAURANT,ristorante,https://raw.githubusercontent.com/pasqualelembo78/huntix-poi/main/italia/emilia-romagna/lucca/pages/antico_caff_delle_mura_-_pizzeria_ristor_43.8383_10.5017.json,custom
43.839515,10.502584,ov_ristorante_giapponese_origami_43.8395_10.5026,Ristorante Giapponese Origami,RESTAURANT,ristorante,https://raw.githubusercontent.com/pasqualelembo78/huntix-poi/main/italia/emilia-romagna/lucca/pages/ristorante_giapponese_origami_43.8395_10.5026.json,custom
43.839488,10.501558,ov_lo_skianto_43.8395_10.5016,Lo Skianto,RESTAURANT,ristorante,https://raw.githubusercontent.com/pasqualelembo78/huntix-poi/main/italia/emilia-romagna/lucca/pages/lo_skianto_43.8395_10.5016.json,custom
43.839510,10.501592,ov_osteria_dell_indulgenza_43.8395_10.5016,Osteria dell'indulgenza,RESTAURANT,ristorante,https://raw.githubusercontent.com/pasqualelembo78/huntix-poi/main/italia/emilia-romagna/lucca/pages/osteria_dellindulgenza_43.8395_10.5016.json,custom
43.835853,10.500013,ov_planet_cafe_43.8359_10.5000,Planet Cafe,RESTAURANT,ristorante,https://raw.githubusercontent.com/pasqualelembo78/huntix-poi/main/italia/emilia-romagna/lucca/pages/planet_cafe_43.8359_10.5000.json,custom
43.836163,10.503527,ov_pizzeria_da_ninni_43.8362_10.5035,Pizzeria da Ninni,RESTAURANT,ristorante,https://raw.githubusercontent.com/pasqualelembo78/huntix-poi/main/italia/emilia-romagna/lucca/pages/pizzeria_da_ninni_43.8362_10.5035.json,custom
43.836253,10.503575,ov_da_ninni_43.8363_10.5036,Da Ninni,RESTAURANT,ristorante,https://raw.githubusercontent.com/pasqualelembo78/huntix-poi/main/italia/emilia-romagna/lucca/pages/da_ninni_43.8363_10.5036.json,custom
43.836344,10.501722,ov_baobab_43.8363_10.5017,Baobab,RESTAURANT,ristorante,https://raw.githubusercontent.com/pasqualelembo78/huntix-poi/main/italia/emilia-romagna/lucca/pages/baobab_43.8363_10.5017.json,custom
43.836195,10.502338,ov_pizzeria_dal_ciaccia_43.8362_10.5023,Pizzeria Dal Ciaccia,RESTAURANT,ristorante,https://raw.githubusercontent.com/pasqualelembo78/huntix-poi/main/italia/emilia-romagna/lucca/pages/pizzeria_dal_ciaccia_43.8362_10.5023.json,custom
43.837538,10.503639,ov_ristorante_da_francesco_43.8375_10.5036,Ristorante Da Francesco,RESTAURANT,ristorante,https://raw.githubusercontent.com/pasqualelembo78/huntix-poi/main/italia/emilia-romagna/lucca/pages/ristorante_da_francesco_43.8375_10.5036.json,custom
43.835584,10.508925,ov_casina_delle_rose_43.8356_10.5089,Casina delle Rose,RESTAURANT,ristorante,https://raw.githubusercontent.com/pasqualelembo78/huntix-poi/main/italia/emilia-romagna/lucca/pages/casina_delle_rose_43.8356_10.5089.json,custom
43.837394,10.515564,ov_hortus_restaurant___more_43.8374_10.5156,Hortus Restaurant & More,RESTAURANT,ristorante,https://raw.githubusercontent.com/pasqualelembo78/huntix-poi/main/italia/emilia-romagna/lucca/pages/hortus_restaurant_more_43.8374_10.5156.json,custom
43.839513,10.524095,ov_ristorante_musetti_43.8395_10.5241,Ristorante Musetti,RESTAURANT,ristorante,https://raw.githubusercontent.com/pasqualelembo78/huntix-poi/main/italia/emilia-romagna/lucca/pages/ristorante_musetti_43.8395_10.5241.json,custom
43.840416,10.514560,ov_celide_ristorante_lucca_43.8404_10.5146,Celide-Ristorante Lucca,RESTAURANT,ristorante,https://raw.githubusercontent.com/pasqualelembo78/huntix-poi/main/italia/emilia-romagna/lucca/pages/celide-ristorante_lucca_43.8404_10.5146.json,custom
43.840600,10.524938,ov_pizza_service_43.8406_10.5249,Pizza Service,RESTAURANT,ristorante,https://raw.githubusercontent.com/pasqualelembo78/huntix-poi/main/italia/emilia-romagna/lucca/pages/pizza_service_43.8406_10.5249.json,custom
43.841940,10.515469,ov_ristorante_al_templare_altopascio_43.8419_10.5155,Ristorante Al Templare Altopascio,RESTAURANT,ristorante,https://raw.githubusercontent.com/pasqualelembo78/huntix-poi/main/italia/emilia-romagna/lucca/pages/ristorante_al_templare_altopascio_43.8419_10.5155.json,custom
43.841764,10.516771,ov_osteria_da_mangiafoco_43.8418_10.5168,Osteria da Mangiafoco,RESTAURANT,ristorante,https://raw.githubusercontent.com/pasqualelembo78/huntix-poi/main/italia/emilia-romagna/lucca/pages/osteria_da_mangiafoco_43.8418_10.5168.json,custom
43.843461,10.516253,ov_rios_poke___lucca_43.8435_10.5163,Rios Poke · Lucca,RESTAURANT,ristorante,https://raw.githubusercontent.com/pasqualelembo78/huntix-poi/main/italia/emilia-romagna/lucca/pages/rios_poke_lucca_43.8435_10.5163.json,custom
43.841980,10.529163,ov_i_line_caf__food_43.8420_10.5292,I Line Cafè Food,RESTAURANT,ristorante,https://raw.githubusercontent.com/pasqualelembo78/huntix-poi/main/italia/emilia-romagna/lucca/pages/i_line_caf_food_43.8420_10.5292.json,custom
43.841089,10.534006,ov_ristorante_giordano_bruno_43.8411_10.5340,Ristorante Giordano Bruno,RESTAURANT,ristorante,https://raw.githubusercontent.com/pasqualelembo78/huntix-poi/main/italia/emilia-romagna/lucca/pages/ristorante_giordano_bruno_43.8411_10.5340.json,custom
43.841126,10.534120,ov_i_line_cafe_food_43.8411_10.5341,I Line Cafe Food,RESTAURANT,ristorante,https://raw.githubusercontent.com/pasqualelembo78/huntix-poi/main/italia/emilia-romagna/lucca/pages/i_line_cafe_food_43.8411_10.5341.json,custom
43.839964,10.530207,ov_pizzeria_il_giogo_lucca_43.8400_10.5302,Pizzeria il giogo Lucca,RESTAURANT,ristorante,https://raw.githubusercontent.com/pasqualelembo78/huntix-poi/main/italia/emilia-romagna/lucca/pages/pizzeria_il_giogo_lucca_43.8400_10.5302.json,custom
43.839680,10.532640,ov_la_tavernetta_43.8397_10.5326,La tavernetta,RESTAURANT,ristorante,https://raw.githubusercontent.com/pasqualelembo78/huntix-poi/main/italia/emilia-romagna/lucca/pages/la_tavernetta_43.8397_10.5326.json,custom
43.842897,10.547988,ov_la_conca_ristorante_43.8429_10.5480,La Conca Ristorante,RESTAURANT,ristorante,https://raw.githubusercontent.com/pasqualelembo78/huntix-poi/main/italia/emilia-romagna/lucca/pages/la_conca_ristorante_43.8429_10.5480.json,custom
43.842695,10.548858,ov_ristorante_pizzeria_vecchi_sapori___cuci_43.8427_10.5489,Ristorante Pizzeria Vecchi Sapori - Cucina Tipica Lucchese,RESTAURANT,ristorante,https://raw.githubusercontent.com/pasqualelembo78/huntix-poi/main/italia/emilia-romagna/lucca/pages/ristorante_pizzeria_vecchi_sapori_-_cuci_43.8427_10.5489.json,custom
43.841112,10.553655,ov_la_biribaola_43.8411_10.5537,La Biribaola,RESTAURANT,ristorante,https://raw.githubusercontent.com/pasqualelembo78/huntix-poi/main/italia/emilia-romagna/lucca/pages/la_biribaola_43.8411_10.5537.json,custom
43.834764,10.521574,ov_pelledoca_43.8348_10.5216,Pelledoca,RESTAURANT,ristorante,https://raw.githubusercontent.com/pasqualelembo78/huntix-poi/main/italia/emilia-romagna/lucca/pages/pelledoca_43.8348_10.5216.json,custom
43.831461,10.520205,ov_pizzeria_masaniello_43.8315_10.5202,Pizzeria Masaniello,RESTAURANT,ristorante,https://raw.githubusercontent.com/pasqualelembo78/huntix-poi/main/italia/emilia-romagna/lucca/pages/pizzeria_masaniello_43.8315_10.5202.json,custom
43.831471,10.520487,ov_ristorante_pizzeria_mara_meo_2_0_43.8315_10.5205,Ristorante Pizzeria Mara Meo 2.0,RESTAURANT,ristorante,https://raw.githubusercontent.com/pasqualelembo78/huntix-poi/main/italia/emilia-romagna/lucca/pages/ristorante_pizzeria_mara_meo_20_43.8315_10.5205.json,custom
43.849470,10.506860,ov_ristorante_woksushi_43.8495_10.5069,Ristorante Woksushi,RESTAURANT,ristorante,https://raw.githubusercontent.com/pasqualelembo78/huntix-poi/main/italia/emilia-romagna/lucca/pages/ristorante_woksushi_43.8495_10.5069.json,custom
43.849483,10.506845,ov_savon_japan_ramen_43.8495_10.5068,Savon Japan Ramen,RESTAURANT,ristorante,https://raw.githubusercontent.com/pasqualelembo78/huntix-poi/main/italia/emilia-romagna/lucca/pages/savon_japan_ramen_43.8495_10.5068.json,custom
43.849622,10.507127,ov_trattoria_gosto_e_mea_43.8496_10.5071,Trattoria Gosto e Mea,RESTAURANT,ristorante,https://raw.githubusercontent.com/pasqualelembo78/huntix-poi/main/italia/emilia-romagna/lucca/pages/trattoria_gosto_e_mea_43.8496_10.5071.json,custom
43.849360,10.506752,ov_pizzeria_peperoncino_43.8494_10.5068,Pizzeria Peperoncino,RESTAURANT,ristorante,https://raw.githubusercontent.com/pasqualelembo78/huntix-poi/main/italia/emilia-romagna/lucca/pages/pizzeria_peperoncino_43.8494_10.5068.json,custom
43.849256,10.506889,ov_ristocaffe_colombo_43.8493_10.5069,Ristocaffe Colombo,RESTAURANT,ristorante,https://raw.githubusercontent.com/pasqualelembo78/huntix-poi/main/italia/emilia-romagna/lucca/pages/ristocaffe_colombo_43.8493_10.5069.json,custom
43.849711,10.508057,ov_regina_marghe_43.8497_10.5081,Regina Marghe,RESTAURANT,ristorante,https://raw.githubusercontent.com/pasqualelembo78/huntix-poi/main/italia/emilia-romagna/lucca/pages/regina_marghe_43.8497_10.5081.json,custom
43.849785,10.507101,ov_ichimi_43.8498_10.5071,Ichimi,RESTAURANT,ristorante,https://raw.githubusercontent.com/pasqualelembo78/huntix-poi/main/italia/emilia-romagna/lucca/pages/ichimi_43.8498_10.5071.json,custom
43.849741,10.504157,ov_du_palle_43.8497_10.5042,Du Palle,RESTAURANT,ristorante,https://raw.githubusercontent.com/pasqualelembo78/huntix-poi/main/italia/emilia-romagna/lucca/pages/du_palle_43.8497_10.5042.json,custom
43.849891,10.501138,ov_inpasti_43.8499_10.5011,InPasti,RESTAURANT,ristorante,https://raw.githubusercontent.com/pasqualelembo78/huntix-poi/main/italia/emilia-romagna/lucca/pages/inpasti_43.8499_10.5011.json,custom
43.851356,10.506208,ov_anna_al_borgo_43.8514_10.5062,Anna Al Borgo,RESTAURANT,ristorante,https://raw.githubusercontent.com/pasqualelembo78/huntix-poi/main/italia/emilia-romagna/lucca/pages/anna_al_borgo_43.8514_10.5062.json,custom
43.851316,10.506110,ov_osteria_al_borgo_43.8513_10.5061,Osteria Al Borgo,RESTAURANT,ristorante,https://raw.githubusercontent.com/pasqualelembo78/huntix-poi/main/italia/emilia-romagna/lucca/pages/osteria_al_borgo_43.8513_10.5061.json,custom
43.851659,10.507375,ov_king_oriente_43.8517_10.5074,King Oriente,RESTAURANT,ristorante,https://raw.githubusercontent.com/pasqualelembo78/huntix-poi/main/italia/emilia-romagna/lucca/pages/king_oriente_43.8517_10.5074.json,custom
43.851885,10.507175,ov_pizzeria_il_grillo_parlante_43.8519_10.5072,Pizzeria il Grillo Parlante,RESTAURANT,ristorante,https://raw.githubusercontent.com/pasqualelembo78/huntix-poi/main/italia/emilia-romagna/lucca/pages/pizzeria_il_grillo_parlante_43.8519_10.5072.json,custom
43.852110,10.514760,ov_osteria_al_borgo_lucca_43.8521_10.5148,Osteria al Borgo Lucca,RESTAURANT,ristorante,https://raw.githubusercontent.com/pasqualelembo78/huntix-poi/main/italia/emilia-romagna/lucca/pages/osteria_al_borgo_lucca_43.8521_10.5148.json,custom
43.850624,10.527273,ov_da_mangiafoco_43.8506_10.5273,Da Mangiafoco,RESTAURANT,ristorante,https://raw.githubusercontent.com/pasqualelembo78/huntix-poi/main/italia/emilia-romagna/lucca/pages/da_mangiafoco_43.8506_10.5273.json,custom
43.851277,10.530787,ov_zen_sushi_restaurant_43.8513_10.5308,Zen Sushi Restaurant,RESTAURANT,ristorante,https://raw.githubusercontent.com/pasqualelembo78/huntix-poi/main/italia/emilia-romagna/lucca/pages/zen_sushi_restaurant_43.8513_10.5308.json,custom
43.852306,10.524821,ov_papao_ristorante_pizzeria_43.8523_10.5248,PAPAO Ristorante Pizzeria,RESTAURANT,ristorante,https://raw.githubusercontent.com/pasqualelembo78/huntix-poi/main/italia/emilia-romagna/lucca/pages/papao_ristorante_pizzeria_43.8523_10.5248.json,custom
43.851633,10.526662,ov_da_punteparti_43.8516_10.5267,Da Punteparti,RESTAURANT,ristorante,https://raw.githubusercontent.com/pasqualelembo78/huntix-poi/main/italia/emilia-romagna/lucca/pages/da_punteparti_43.8516_10.5267.json,custom
43.851980,10.536770,ov_catelli_ristofood_43.8520_10.5368,Catelli Ristofood,RESTAURANT,ristorante,https://raw.githubusercontent.com/pasqualelembo78/huntix-poi/main/italia/emilia-romagna/lucca/pages/catelli_ristofood_43.8520_10.5368.json,custom
43.851961,10.534724,ov_ristorante_giapponese_oishii_lucca_43.8520_10.5347,Ristorante Giapponese Oishii Lucca,RESTAURANT,ristorante,https://raw.githubusercontent.com/pasqualelembo78/huntix-poi/main/italia/emilia-romagna/lucca/pages/ristorante_giapponese_oishii_lucca_43.8520_10.5347.json,custom
43.848743,10.519149,ov_pizzeria_vecchia_rotonda_43.8487_10.5191,Pizzeria Vecchia Rotonda,RESTAURANT,ristorante,https://raw.githubusercontent.com/pasqualelembo78/huntix-poi/main/italia/emilia-romagna/lucca/pages/pizzeria_vecchia_rotonda_43.8487_10.5191.json,custom
43.848407,10.518971,ov_nida_43.8484_10.5190,Nida,RESTAURANT,ristorante,https://raw.githubusercontent.com/pasqualelembo78/huntix-poi/main/italia/emilia-romagna/lucca/pages/nida_43.8484_10.5190.json,custom
43.847964,10.531339,ov_pizzeria_pinseria_mamma_mia_food_factory_43.8480_10.5313,Pizzeria Pinseria Mamma Mia Food Factory,RESTAURANT,ristorante,https://raw.githubusercontent.com/pasqualelembo78/huntix-poi/main/italia/emilia-romagna/lucca/pages/pizzeria_pinseria_mamma_mia_food_factory_43.8480_10.5313.json,custom
43.847509,10.507846,ov_gino_frutta_43.8475_10.5078,Gino Frutta,RESTAURANT,ristorante,https://raw.githubusercontent.com/pasqualelembo78/huntix-poi/main/italia/emilia-romagna/lucca/pages/gino_frutta_43.8475_10.5078.json,custom
43.847111,10.508432,ov_ali_baba_doner_kebab_lucca_43.8471_10.5084,Ali Baba Doner Kebab Lucca,RESTAURANT,ristorante,https://raw.githubusercontent.com/pasqualelembo78/huntix-poi/main/italia/emilia-romagna/lucca/pages/ali_baba_doner_kebab_lucca_43.8471_10.5084.json,custom
43.847053,10.508030,ov_origami_take_away_43.8471_10.5080,Origami Take Away,RESTAURANT,ristorante,https://raw.githubusercontent.com/pasqualelembo78/huntix-poi/main/italia/emilia-romagna/lucca/pages/origami_take_away_43.8471_10.5080.json,custom
43.847305,10.507473,ov_trattoria_da_vasco_43.8473_10.5075,Trattoria Da Vasco,RESTAURANT,ristorante,https://raw.githubusercontent.com/pasqualelembo78/huntix-poi/main/italia/emilia-romagna/lucca/pages/trattoria_da_vasco_43.8473_10.5075.json,custom
43.847276,10.506975,ov_pizzeria_santa_maria_43.8473_10.5070,Pizzeria Santa Maria,RESTAURANT,ristorante,https://raw.githubusercontent.com/pasqualelembo78/huntix-poi/main/italia/emilia-romagna/lucca/pages/pizzeria_santa_maria_43.8473_10.5070.json,custom
43.847278,10.506187,ov_miranda_43.8473_10.5062,Miranda,RESTAURANT,ristorante,https://raw.githubusercontent.com/pasqualelembo78/huntix-poi/main/italia/emilia-romagna/lucca/pages/miranda_43.8473_10.5062.json,custom
43.847187,10.506139,ov_osteria_miranda_43.8472_10.5061,Osteria Miranda,RESTAURANT,ristorante,https://raw.githubusercontent.com/pasqualelembo78/huntix-poi/main/italia/emilia-romagna/lucca/pages/osteria_miranda_43.8472_10.5061.json,custom
43.847688,10.507761,ov_trattoria_pizzeria_da_emily_43.8477_10.5078,Trattoria Pizzeria Da Emily,RESTAURANT,ristorante,https://raw.githubusercontent.com/pasqualelembo78/huntix-poi/main/italia/emilia-romagna/lucca/pages/trattoria_pizzeria_da_emily_43.8477_10.5078.json,custom
43.846030,10.506220,ov_da_carissimi___sapori_del_brasile_43.8460_10.5062,Da Carissimi - Sapori del Brasile,RESTAURANT,ristorante,https://raw.githubusercontent.com/pasqualelembo78/huntix-poi/main/italia/emilia-romagna/lucca/pages/da_carissimi_-_sapori_del_brasile_43.8460_10.5062.json,custom
43.846477,10.505434,ov_pizzeria_sud_43.8465_10.5054,Pizzeria SUD,RESTAURANT,ristorante,https://raw.githubusercontent.com/pasqualelembo78/huntix-poi/main/italia/emilia-romagna/lucca/pages/pizzeria_sud_43.8465_10.5054.json,custom
43.846626,10.505372,ov_inpasti_sanfrediano_43.8466_10.5054,InPasti Sanfrediano,RESTAURANT,ristorante,https://raw.githubusercontent.com/pasqualelembo78/huntix-poi/main/italia/emilia-romagna/lucca/pages/inpasti_sanfrediano_43.8466_10.5054.json,custom
43.846810,10.507809,ov_carbone_43.8468_10.5078,Carbone,RESTAURANT,ristorante,https://raw.githubusercontent.com/pasqualelembo78/huntix-poi/main/italia/emilia-romagna/lucca/pages/carbone_43.8468_10.5078.json,custom
43.846996,10.507544,ov_ristorante_la_cranceria_43.8470_10.5075,Ristorante La Cranceria,RESTAURANT,ristorante,https://raw.githubusercontent.com/pasqualelembo78/huntix-poi/main/italia/emilia-romagna/lucca/pages/ristorante_la_cranceria_43.8470_10.5075.json,custom
43.846856,10.516454,ov_contantoamore_43.8469_10.5165,Contantoamore,RESTAURANT,ristorante,https://raw.githubusercontent.com/pasqualelembo78/huntix-poi/main/italia/emilia-romagna/lucca/pages/contantoamore_43.8469_10.5165.json,custom
43.846026,10.510359,ov_bottega_della_cucina_43.8460_10.5104,Bottega della Cucina,RESTAURANT,ristorante,https://raw.githubusercontent.com/pasqualelembo78/huntix-poi/main/italia/emilia-romagna/lucca/pages/bottega_della_cucina_43.8460_10.5104.json,custom
43.845979,10.510358,ov_port_ellen_clan_43.8460_10.5104,Port Ellen Clan,RESTAURANT,ristorante,https://raw.githubusercontent.com/pasqualelembo78/huntix-poi/main/italia/emilia-romagna/lucca/pages/port_ellen_clan_43.8460_10.5104.json,custom
43.844988,10.514816,ov_ristoro_delle_mura_la_casermetta_43.8450_10.5148,Ristoro Delle Mura La Casermetta,RESTAURANT,ristorante,https://raw.githubusercontent.com/pasqualelembo78/huntix-poi/main/italia/emilia-romagna/lucca/pages/ristoro_delle_mura_la_casermetta_43.8450_10.5148.json,custom
43.845195,10.510246,ov_osteria_la_dritta_43.8452_10.5102,Osteria la Dritta,RESTAURANT,ristorante,https://raw.githubusercontent.com/pasqualelembo78/huntix-poi/main/italia/emilia-romagna/lucca/pages/osteria_la_dritta_43.8452_10.5102.json,custom
43.845428,10.510703,ov_marameo_pizzerie_43.8454_10.5107,MaraMeo Pizzerie,RESTAURANT,ristorante,https://raw.githubusercontent.com/pasqualelembo78/huntix-poi/main/italia/emilia-romagna/lucca/pages/marameo_pizzerie_43.8454_10.5107.json,custom
43.845200,10.509064,ov_la_bottega_dell_oste_43.8452_10.5091,La Bottega dell'Oste,RESTAURANT,ristorante,https://raw.githubusercontent.com/pasqualelembo78/huntix-poi/main/italia/emilia-romagna/lucca/pages/la_bottega_delloste_43.8452_10.5091.json,custom
43.845109,10.508599,ov_il_grammofono_43.8451_10.5086,Il Grammofono,RESTAURANT,ristorante,https://raw.githubusercontent.com/pasqualelembo78/huntix-poi/main/italia/emilia-romagna/lucca/pages/il_grammofono_43.8451_10.5086.json,custom
43.845112,10.509369,ov_l_imbuto_43.8451_10.5094,L'imbuto,RESTAURANT,ristorante,https://raw.githubusercontent.com/pasqualelembo78/huntix-poi/main/italia/emilia-romagna/lucca/pages/limbuto_43.8451_10.5094.json,custom
43.845053,10.506834,ov_trattoria_canuleia_43.8451_10.5068,Trattoria Canuleia,RESTAURANT,ristorante,https://raw.githubusercontent.com/pasqualelembo78/huntix-poi/main/italia/emilia-romagna/lucca/pages/trattoria_canuleia_43.8451_10.5068.json,custom
43.845169,10.506810,ov_trattoria_da_ubaldo_43.8452_10.5068,Trattoria da Ubaldo,RESTAURANT,ristorante,https://raw.githubusercontent.com/pasqualelembo78/huntix-poi/main/italia/emilia-romagna/lucca/pages/trattoria_da_ubaldo_43.8452_10.5068.json,custom
43.845128,10.506175,ov_locanda_del_linchetto_43.8451_10.5062,Locanda del Linchetto,RESTAURANT,ristorante,https://raw.githubusercontent.com/pasqualelembo78/huntix-poi/main/italia/emilia-romagna/lucca/pages/locanda_del_linchetto_43.8451_10.5062.json,custom
43.845143,10.505975,ov_osteria_parlascio_43.8451_10.5060,Osteria Parlascio,RESTAURANT,ristorante,https://raw.githubusercontent.com/pasqualelembo78/huntix-poi/main/italia/emilia-romagna/lucca/pages/osteria_parlascio_43.8451_10.5060.json,custom
43.845112,10.506274,ov_la_cicciascheria_43.8451_10.5063,La Cicciascheria,RESTAURANT,ristorante,https://raw.githubusercontent.com/pasqualelembo78/huntix-poi/main/italia/emilia-romagna/lucca/pages/la_cicciascheria_43.8451_10.5063.json,custom
43.845082,10.506339,ov_perbacco_43.8451_10.5063,Perbacco,RESTAURANT,ristorante,https://raw.githubusercontent.com/pasqualelembo78/huntix-poi/main/italia/emilia-romagna/lucca/pages/perbacco_43.8451_10.5063.json,custom
43.845016,10.505864,ov_ristorante_per_21_43.8450_10.5059,Ristorante Per 21,RESTAURANT,ristorante,https://raw.githubusercontent.com/pasqualelembo78/huntix-poi/main/italia/emilia-romagna/lucca/pages/ristorante_per_21_43.8450_10.5059.json,custom
43.844994,10.506540,ov_quanto_basta_lucca_43.8450_10.5065,Quanto Basta Lucca,RESTAURANT,ristorante,https://raw.githubusercontent.com/pasqualelembo78/huntix-poi/main/italia/emilia-romagna/lucca/pages/quanto_basta_lucca_43.8450_10.5065.json,custom
43.845013,10.504028,ov_l_isola_che_non_c_era_43.8450_10.5040,L'Isola Che Non C'era,RESTAURANT,ristorante,https://raw.githubusercontent.com/pasqualelembo78/huntix-poi/main/italia/emilia-romagna/lucca/pages/lisola_che_non_cera_43.8450_10.5040.json,custom
43.845046,10.503792,ov_ristorante_tomei_43.8450_10.5038,Ristorante Tomei,RESTAURANT,ristorante,https://raw.githubusercontent.com/pasqualelembo78/huntix-poi/main/italia/emilia-romagna/lucca/pages/ristorante_tomei_43.8450_10.5038.json,custom
43.845298,10.503313,ov_osteria_dal_manzo_43.8453_10.5033,Osteria dal Manzo,RESTAURANT,ristorante,https://raw.githubusercontent.com/pasqualelembo78/huntix-poi/main/italia/emilia-romagna/lucca/pages/osteria_dal_manzo_43.8453_10.5033.json,custom
43.845241,10.505507,ov_ristorante_pizzeria_k2_43.8452_10.5055,Ristorante Pizzeria K2,RESTAURANT,ristorante,https://raw.githubusercontent.com/pasqualelembo78/huntix-poi/main/italia/emilia-romagna/lucca/pages/ristorante_pizzeria_k2_43.8452_10.5055.json,custom
43.845259,10.506546,ov_le_sorelle_43.8453_10.5065,Le sorelle,RESTAURANT,ristorante,https://raw.githubusercontent.com/pasqualelembo78/huntix-poi/main/italia/emilia-romagna/lucca/pages/le_sorelle_43.8453_10.5065.json,custom
43.845318,10.505598,ov_l_angolo_tondo_43.8453_10.5056,L'Angolo Tondo,RESTAURANT,ristorante,https://raw.githubusercontent.com/pasqualelembo78/huntix-poi/main/italia/emilia-romagna/lucca/pages/langolo_tondo_43.8453_10.5056.json,custom
43.845349,10.506637,ov_pane_e_vino_43.8453_10.5066,Pane e Vino,RESTAURANT,ristorante,https://raw.githubusercontent.com/pasqualelembo78/huntix-poi/main/italia/emilia-romagna/lucca/pages/pane_e_vino_43.8453_10.5066.json,custom
43.845456,10.505696,ov_peperosa_43.8455_10.5057,Peperosa,RESTAURANT,ristorante,https://raw.githubusercontent.com/pasqualelembo78/huntix-poi/main/italia/emilia-romagna/lucca/pages/peperosa_43.8455_10.5057.json,custom
43.845592,10.506428,ov_toscana_tipica_43.8456_10.5064,Toscana Tipica,RESTAURANT,ristorante,https://raw.githubusercontent.com/pasqualelembo78/huntix-poi/main/italia/emilia-romagna/lucca/pages/toscana_tipica_43.8456_10.5064.json,custom
43.845558,10.506345,ov_osteria_del_podere_43.8456_10.5063,Osteria del Podere,RESTAURANT,ristorante,https://raw.githubusercontent.com/pasqualelembo78/huntix-poi/main/italia/emilia-romagna/lucca/pages/osteria_del_podere_43.8456_10.5063.json,custom
43.845587,10.506186,ov_old_charlie_43.8456_10.5062,Old Charlie,RESTAURANT,ristorante,https://raw.githubusercontent.com/pasqualelembo78/huntix-poi/main/italia/emilia-romagna/lucca/pages/old_charlie_43.8456_10.5062.json,custom
43.845506,10.505350,ov_umpa_lumpa_dolci_43.8455_10.5054,Umpa Lumpa Dolci,RESTAURANT,ristorante,https://raw.githubusercontent.com/pasqualelembo78/huntix-poi/main/italia/emilia-romagna/lucca/pages/umpa_lumpa_dolci_43.8455_10.5054.json,custom
43.845515,10.505792,ov_trattoria_pizzeria_da_gherardo_43.8455_10.5058,Trattoria Pizzeria Da Gherardo,RESTAURANT,ristorante,https://raw.githubusercontent.com/pasqualelembo78/huntix-poi/main/italia/emilia-romagna/lucca/pages/trattoria_pizzeria_da_gherardo_43.8455_10.5058.json,custom
43.845498,10.506777,ov_st__bartholomeo_rua_prudente_43.8455_10.5068,St. Bartholomeo rua Prudente,RESTAURANT,ristorante,https://raw.githubusercontent.com/pasqualelembo78/huntix-poi/main/italia/emilia-romagna/lucca/pages/st_bartholomeo_rua_prudente_43.8455_10.5068.json,custom
43.845520,10.509958,ov_ristorante_mecenate_43.8455_10.5100,Ristorante Mecenate,RESTAURANT,ristorante,https://raw.githubusercontent.com/pasqualelembo78/huntix-poi/main/italia/emilia-romagna/lucca/pages/ristorante_mecenate_43.8455_10.5100.json,custom
43.845610,10.506660,ov_osteria_st__bartholomeo_lucca_43.8456_10.5067,Osteria St. Bartholomeo Lucca,RESTAURANT,ristorante,https://raw.githubusercontent.com/pasqualelembo78/huntix-poi/main/italia/emilia-romagna/lucca/pages/osteria_st_bartholomeo_lucca_43.8456_10.5067.json,custom
43.845988,10.506163,ov_pizzeria_sbragia_43.8460_10.5062,Pizzeria Sbragia,RESTAURANT,ristorante,https://raw.githubusercontent.com/pasqualelembo78/huntix-poi/main/italia/emilia-romagna/lucca/pages/pizzeria_sbragia_43.8460_10.5062.json,custom
43.845889,10.505268,ov_piccola_osteria_civico_6_43.8459_10.5053,Piccola Osteria Civico 6,RESTAURANT,ristorante,https://raw.githubusercontent.com/pasqualelembo78/huntix-poi/main/italia/emilia-romagna/lucca/pages/piccola_osteria_civico_6_43.8459_10.5053.json,custom
43.845832,10.505955,ov_baffardello_enoteca_43.8458_10.5060,Baffardello Enoteca,RESTAURANT,ristorante,https://raw.githubusercontent.com/pasqualelembo78/huntix-poi/main/italia/emilia-romagna/lucca/pages/baffardello_enoteca_43.8458_10.5060.json,custom
43.845755,10.506524,ov_bruschetteria_bruschini___lucca_43.8458_10.5065,Bruschetteria Bruschini - Lucca,RESTAURANT,ristorante,https://raw.githubusercontent.com/pasqualelembo78/huntix-poi/main/italia/emilia-romagna/lucca/pages/bruschetteria_bruschini_-_lucca_43.8458_10.5065.json,custom
43.845926,10.504540,ov_la_bottega_di_anna_e_leo_43.8459_10.5045,La Bottega di Anna e Leo,RESTAURANT,ristorante,https://raw.githubusercontent.com/pasqualelembo78/huntix-poi/main/italia/emilia-romagna/lucca/pages/la_bottega_di_anna_e_leo_43.8459_10.5045.json,custom
43.844981,10.501926,ov_vecchia_trattoria_buralli_43.8450_10.5019,Vecchia Trattoria Buralli,RESTAURANT,ristorante,https://raw.githubusercontent.com/pasqualelembo78/huntix-poi/main/italia/emilia-romagna/lucca/pages/vecchia_trattoria_buralli_43.8450_10.5019.json,custom
43.844957,10.502985,ov_ristorante_calici_alti_43.8450_10.5030,Ristorante Calici Alti,RESTAURANT,ristorante,https://raw.githubusercontent.com/pasqualelembo78/huntix-poi/main/italia/emilia-romagna/lucca/pages/ristorante_calici_alti_43.8450_10.5030.json,custom
43.844800,10.503025,ov_restaurant_43.8448_10.5030,Restaurant,RESTAURANT,ristorante,https://raw.githubusercontent.com/pasqualelembo78/huntix-poi/main/italia/emilia-romagna/lucca/pages/restaurant_43.8448_10.5030.json,custom
43.844306,10.502326,ov_trattoria_da_leo_43.8443_10.5023,Trattoria da Leo,RESTAURANT,ristorante,https://raw.githubusercontent.com/pasqualelembo78/huntix-poi/main/italia/emilia-romagna/lucca/pages/trattoria_da_leo_43.8443_10.5023.json,custom
43.843906,10.502368,ov_in_calderia_43.8439_10.5024,In Calderia,RESTAURANT,ristorante,https://raw.githubusercontent.com/pasqualelembo78/huntix-poi/main/italia/emilia-romagna/lucca/pages/in_calderia_43.8439_10.5024.json,custom
43.843905,10.502371,ov_flamingo_43.8439_10.5024,Flamingo,RESTAURANT,ristorante,https://raw.githubusercontent.com/pasqualelembo78/huntix-poi/main/italia/emilia-romagna/lucca/pages/flamingo_43.8439_10.5024.json,custom
43.843879,10.502948,ov_strabuono_43.8439_10.5029,Strabuono,RESTAURANT,ristorante,https://raw.githubusercontent.com/pasqualelembo78/huntix-poi/main/italia/emilia-romagna/lucca/pages/strabuono_43.8439_10.5029.json,custom
43.843911,10.505037,ov_allosteria_43.8439_10.5050,Allosteria,RESTAURANT,ristorante,https://raw.githubusercontent.com/pasqualelembo78/huntix-poi/main/italia/emilia-romagna/lucca/pages/allosteria_43.8439_10.5050.json,custom
43.844170,10.507267,ov_antica_proseccheria_terrazza_madre_43.8442_10.5073,Antica Proseccheria Terrazza Madre,RESTAURANT,ristorante,https://raw.githubusercontent.com/pasqualelembo78/huntix-poi/main/italia/emilia-romagna/lucca/pages/antica_proseccheria_terrazza_madre_43.8442_10.5073.json,custom
43.844221,10.505332,ov_gigi_trattoria_43.8442_10.5053,Gigi Trattoria,RESTAURANT,ristorante,https://raw.githubusercontent.com/pasqualelembo78/huntix-poi/main/italia/emilia-romagna/lucca/pages/gigi_trattoria_43.8442_10.5053.json,custom
43.844307,10.503473,ov_osteria_da_pasquale_43.8443_10.5035,Osteria da Pasquale,RESTAURANT,ristorante,https://raw.githubusercontent.com/pasqualelembo78/huntix-poi/main/italia/emilia-romagna/lucca/pages/osteria_da_pasquale_43.8443_10.5035.json,custom
43.844381,10.503989,ov_l_hamburgheria_di_eataly_lucca_43.8444_10.5040,L'Hamburgheria di Eataly Lucca,RESTAURANT,ristorante,https://raw.githubusercontent.com/pasqualelembo78/huntix-poi/main/italia/emilia-romagna/lucca/pages/lhamburgheria_di_eataly_lucca_43.8444_10.5040.json,custom
43.844716,10.504027,ov_delicatezze_43.8447_10.5040,Delicatezze,RESTAURANT,ristorante,https://raw.githubusercontent.com/pasqualelembo78/huntix-poi/main/italia/emilia-romagna/lucca/pages/delicatezze_43.8447_10.5040.json,custom
43.844882,10.503549,ov_osteria_san_giorgio_43.8449_10.5035,Osteria San Giorgio,RESTAURANT,ristorante,https://raw.githubusercontent.com/pasqualelembo78/huntix-poi/main/italia/emilia-romagna/lucca/pages/osteria_san_giorgio_43.8449_10.5035.json,custom
43.844836,10.505570,ov_rosticceria_da_nonna_tati_43.8448_10.5056,Rosticceria da NONNA TATI,RESTAURANT,ristorante,https://raw.githubusercontent.com/pasqualelembo78/huntix-poi/main/italia/emilia-romagna/lucca/pages/rosticceria_da_nonna_tati_43.8448_10.5056.json,custom
43.844794,10.505155,ov_gorilla_craft_food___beer_43.8448_10.5052,Gorilla Craft Food & Beer,RESTAURANT,ristorante,https://raw.githubusercontent.com/pasqualelembo78/huntix-poi/main/italia/emilia-romagna/lucca/pages/gorilla_craft_food_beer_43.8448_10.5052.json,custom
43.844450,10.509161,ov_la_norma_43.8444_10.5092,La Norma,RESTAURANT,ristorante,https://raw.githubusercontent.com/pasqualelembo78/huntix-poi/main/italia/emilia-romagna/lucca/pages/la_norma_43.8444_10.5092.json,custom
43.844256,10.517357,ov_pizzeria_le_mura_43.8443_10.5174,Pizzeria Le Mura,RESTAURANT,ristorante,https://raw.githubusercontent.com/pasqualelembo78/huntix-poi/main/italia/emilia-romagna/lucca/pages/pizzeria_le_mura_43.8443_10.5174.json,custom
43.844121,10.520615,ov_pizzeria_scugnizzi_43.8441_10.5206,Pizzeria Scugnizzi,RESTAURANT,ristorante,https://raw.githubusercontent.com/pasqualelembo78/huntix-poi/main/italia/emilia-romagna/lucca/pages/pizzeria_scugnizzi_43.8441_10.5206.json,custom
43.844885,10.518387,ov_pizzicheria_agnese_43.8449_10.5184,Pizzicheria Agnese,RESTAURANT,ristorante,https://raw.githubusercontent.com/pasqualelembo78/huntix-poi/main/italia/emilia-romagna/lucca/pages/pizzicheria_agnese_43.8449_10.5184.json,custom
43.845300,10.519109,ov_pizzeria_strapizzami_43.8453_10.5191,Pizzeria Strapizzami,RESTAURANT,ristorante,https://raw.githubusercontent.com/pasqualelembo78/huntix-poi/main/italia/emilia-romagna/lucca/pages/pizzeria_strapizzami_43.8453_10.5191.json,custom
43.844473,10.539553,ov_rustichetto_43.8445_10.5396,Rustichetto,RESTAURANT,ristorante,https://raw.githubusercontent.com/pasqualelembo78/huntix-poi/main/italia/emilia-romagna/lucca/pages/rustichetto_43.8445_10.5396.json,custom
43.844440,10.535121,ov_pizzeria_vesuvio_43.8444_10.5351,Pizzeria Vesuvio,RESTAURANT,ristorante,https://raw.githubusercontent.com/pasqualelembo78/huntix-poi/main/italia/emilia-romagna/lucca/pages/pizzeria_vesuvio_43.8444_10.5351.json,custom
43.844068,10.540499,ov_varrone_pizza_43.8441_10.5405,Varrone Pizza,RESTAURANT,ristorante,https://raw.githubusercontent.com/pasqualelembo78/huntix-poi/main/italia/emilia-romagna/lucca/pages/varrone_pizza_43.8441_10.5405.json,custom
43.843933,10.543006,ov_la_stanza_del_gusto_43.8439_10.5430,La stanza del gusto,RESTAURANT,ristorante,https://raw.githubusercontent.com/pasqualelembo78/huntix-poi/main/italia/emilia-romagna/lucca/pages/la_stanza_del_gusto_43.8439_10.5430.json,custom
43.860489,10.507643,ov_el_paso_trattoria_pizzeria_43.8605_10.5076,El Paso Trattoria Pizzeria,RESTAURANT,ristorante,https://raw.githubusercontent.com/pasqualelembo78/huntix-poi/main/italia/emilia-romagna/lucca/pages/el_paso_trattoria_pizzeria_43.8605_10.5076.json,custom
43.858972,10.506119,ov_pizzeria_new_york_43.8590_10.5061,Pizzeria New York,RESTAURANT,ristorante,https://raw.githubusercontent.com/pasqualelembo78/huntix-poi/main/italia/emilia-romagna/lucca/pages/pizzeria_new_york_43.8590_10.5061.json,custom
43.857990,10.505460,ov_bar_pacini_43.8580_10.5055,BAR PACINI,RESTAURANT,ristorante,https://raw.githubusercontent.com/pasqualelembo78/huntix-poi/main/italia/emilia-romagna/lucca/pages/bar_pacini_43.8580_10.5055.json,custom
43.858640,10.522440,ov_regine_pizzeria_43.8586_10.5224,Regine Pizzeria,RESTAURANT,ristorante,https://raw.githubusercontent.com/pasqualelembo78/huntix-poi/main/italia/emilia-romagna/lucca/pages/regine_pizzeria_43.8586_10.5224.json,custom
43.856530,10.519443,ov_biscuit_84_43.8565_10.5194,Biscuit 84,RESTAURANT,ristorante,https://raw.githubusercontent.com/pasqualelembo78/huntix-poi/main/italia/emilia-romagna/lucca/pages/biscuit_84_43.8565_10.5194.json,custom
43.856258,10.519160,ov_pizzeria_il_corsaro_43.8563_10.5192,Pizzeria Il Corsaro,RESTAURANT,ristorante,https://raw.githubusercontent.com/pasqualelembo78/huntix-poi/main/italia/emilia-romagna/lucca/pages/pizzeria_il_corsaro_43.8563_10.5192.json,custom
43.854443,10.533080,ov_lucca_kebab_43.8544_10.5331,Lucca Kebab,RESTAURANT,ristorante,https://raw.githubusercontent.com/pasqualelembo78/huntix-poi/main/italia/emilia-romagna/lucca/pages/lucca_kebab_43.8544_10.5331.json,custom
43.852912,10.532195,ov_tagliapizza_43.8529_10.5322,Tagliapizza,RESTAURANT,ristorante,https://raw.githubusercontent.com/pasqualelembo78/huntix-poi/main/italia/emilia-romagna/lucca/pages/tagliapizza_43.8529_10.5322.json,custom
43.853602,10.507530,ov_locanda_buatino_43.8536_10.5075,Locanda Buatino,RESTAURANT,ristorante,https://raw.githubusercontent.com/pasqualelembo78/huntix-poi/main/italia/emilia-romagna/lucca/pages/locanda_buatino_43.8536_10.5075.json,custom
43.853338,10.510445,ov_new_hong_kong_43.8533_10.5104,New Hong Kong,RESTAURANT,ristorante,https://raw.githubusercontent.com/pasqualelembo78/huntix-poi/main/italia/emilia-romagna/lucca/pages/new_hong_kong_43.8533_10.5104.json,custom
43.853123,10.510316,ov_ristorante_cinese_hong_kong_43.8531_10.5103,Ristorante Cinese Hong Kong,RESTAURANT,ristorante,https://raw.githubusercontent.com/pasqualelembo78/huntix-poi/main/italia/emilia-romagna/lucca/pages/ristorante_cinese_hong_kong_43.8531_10.5103.json,custom
43.852394,10.507357,ov_da_fabio_43.8524_10.5074,Da Fabio,RESTAURANT,ristorante,https://raw.githubusercontent.com/pasqualelembo78/huntix-poi/main/italia/emilia-romagna/lucca/pages/da_fabio_43.8524_10.5074.json,custom
43.853029,10.507243,ov_man__43.8530_10.5072,MaNà,RESTAURANT,ristorante,https://raw.githubusercontent.com/pasqualelembo78/huntix-poi/main/italia/emilia-romagna/lucca/pages/man_43.8530_10.5072.json,custom
43.855865,10.511127,ov_cleopatra_43.8559_10.5111,Cleopatra,RESTAURANT,ristorante,https://raw.githubusercontent.com/pasqualelembo78/huntix-poi/main/italia/emilia-romagna/lucca/pages/cleopatra_43.8559_10.5111.json,custom
43.867832,10.512111,ov_tarabaralla_ristorante_pizzeria_43.8678_10.5121,Tarabaralla Ristorante Pizzeria,RESTAURANT,ristorante,https://raw.githubusercontent.com/pasqualelembo78/huntix-poi/main/italia/emilia-romagna/lucca/pages/tarabaralla_ristorante_pizzeria_43.8678_10.5121.json,custom
43.866427,10.541473,ov_la_fornace_43.8664_10.5415,La Fornace,RESTAURANT,ristorante,https://raw.githubusercontent.com/pasqualelembo78/huntix-poi/main/italia/emilia-romagna/lucca/pages/la_fornace_43.8664_10.5415.json,custom
43.864540,10.508390,ov_pizzeria_totopizza_43.8645_10.5084,Pizzeria TotoPizza,RESTAURANT,ristorante,https://raw.githubusercontent.com/pasqualelembo78/huntix-poi/main/italia/emilia-romagna/lucca/pages/pizzeria_totopizza_43.8645_10.5084.json,custom
43.864875,10.508250,ov_marricriu_43.8649_10.5083,Marricriu,RESTAURANT,ristorante,https://raw.githubusercontent.com/pasqualelembo78/huntix-poi/main/italia/emilia-romagna/lucca/pages/marricriu_43.8649_10.5083.json,custom
43.864990,10.508205,ov_pizzeria_mangiafuoco_43.8650_10.5082,Pizzeria Mangiafuoco,RESTAURANT,ristorante,https://raw.githubusercontent.com/pasqualelembo78/huntix-poi/main/italia/emilia-romagna/lucca/pages/pizzeria_mangiafuoco_43.8650_10.5082.json,custom
43.864983,10.508269,ov_il_bocconcino_43.8650_10.5083,Il Bocconcino,RESTAURANT,ristorante,https://raw.githubusercontent.com/pasqualelembo78/huntix-poi/main/italia/emilia-romagna/lucca/pages/il_bocconcino_43.8650_10.5083.json,custom
43.863872,10.508537,ov_pane_e_marmellata_43.8639_10.5085,Pane e Marmellata,RESTAURANT,ristorante,https://raw.githubusercontent.com/pasqualelembo78/huntix-poi/main/italia/emilia-romagna/lucca/pages/pane_e_marmellata_43.8639_10.5085.json,custom
43.861412,10.521562,ov_la_bettola_2_0_trattoria_43.8614_10.5216,La bettola 2.0 trattoria,RESTAURANT,ristorante,https://raw.githubusercontent.com/pasqualelembo78/huntix-poi/main/italia/emilia-romagna/lucca/pages/la_bettola_20_trattoria_43.8614_10.5216.json,custom
43.874861,10.534995,ov_ristorante_il_granaio_43.8749_10.5350,Ristorante Il Granaio,RESTAURANT,ristorante,https://raw.githubusercontent.com/pasqualelembo78/huntix-poi/main/italia/emilia-romagna/lucca/pages/ristorante_il_granaio_43.8749_10.5350.json,custom
43.869934,10.541574,ov_nico___pizzeria_taglio_e_asporto_43.8699_10.5416,NICO - Pizzeria taglio e asporto,RESTAURANT,ristorante,https://raw.githubusercontent.com/pasqualelembo78/huntix-poi/main/italia/emilia-romagna/lucca/pages/nico_-_pizzeria_taglio_e_asporto_43.8699_10.5416.json,custom
43.901709,10.539045,ov_pizzeria_la_fortuna_43.9017_10.5390,Pizzeria la Fortuna,RESTAURANT,ristorante,https://raw.githubusercontent.com/pasqualelembo78/huntix-poi/main/italia/emilia-romagna/lucca/pages/pizzeria_la_fortuna_43.9017_10.5390.json,custom
43.909780,10.529020,ov_da_bastiano_43.9098_10.5290,Da Bastiano,RESTAURANT,ristorante,https://raw.githubusercontent.com/pasqualelembo78/huntix-poi/main/italia/emilia-romagna/lucca/pages/da_bastiano_43.9098_10.5290.json,custom
43.910039,10.528825,ov_ristorante_pizzeria_da_pinzo_43.9100_10.5288,Ristorante Pizzeria Da Pinzo,RESTAURANT,ristorante,https://raw.githubusercontent.com/pasqualelembo78/huntix-poi/main/italia/emilia-romagna/lucca/pages/ristorante_pizzeria_da_pinzo_43.9100_10.5288.json,custom
43.909348,10.528763,ov_turkish_kebab_43.9093_10.5288,Turkish kebab,RESTAURANT,ristorante,https://raw.githubusercontent.com/pasqualelembo78/huntix-poi/main/italia/emilia-romagna/lucca/pages/turkish_kebab_43.9093_10.5288.json,custom
43.908349,10.538791,ov_chiocciolo_bar_pizzeria_43.9083_10.5388,Chiocciolo Bar Pizzeria,RESTAURANT,ristorante,https://raw.githubusercontent.com/pasqualelembo78/huntix-poi/main/italia/emilia-romagna/lucca/pages/chiocciolo_bar_pizzeria_43.9083_10.5388.json,custom
43.905740,10.533214,ov_pizzeria_da_marco_43.9057_10.5332,Pizzeria Da Marco,RESTAURANT,ristorante,https://raw.githubusercontent.com/pasqualelembo78/huntix-poi/main/italia/emilia-romagna/lucca/pages/pizzeria_da_marco_43.9057_10.5332.json,custom
43.905751,10.565197,ov_aldebaran_43.9058_10.5652,Aldebaran,RESTAURANT,ristorante,https://raw.githubusercontent.com/pasqualelembo78/huntix-poi/main/italia/emilia-romagna/lucca/pages/aldebaran_43.9058_10.5652.json,custom
43.907506,10.562265,ov_osteria_il_botteghino_43.9075_10.5623,Osteria Il Botteghino,RESTAURANT,ristorante,https://raw.githubusercontent.com/pasqualelembo78/huntix-poi/main/italia/emilia-romagna/lucca/pages/osteria_il_botteghino_43.9075_10.5623.json,custom
43.886345,10.519927,ov_osteria_pio_43.8863_10.5199,Osteria Pio,RESTAURANT,ristorante,https://raw.githubusercontent.com/pasqualelembo78/huntix-poi/main/italia/emilia-romagna/lucca/pages/osteria_pio_43.8863_10.5199.json,custom
43.886262,10.519977,ov_pio_osteria_storica_morianese_43.8863_10.5200,pio osteria storica morianese,RESTAURANT,ristorante,https://raw.githubusercontent.com/pasqualelembo78/huntix-poi/main/italia/emilia-romagna/lucca/pages/pio_osteria_storica_morianese_43.8863_10.5200.json,custom
43.878204,10.507067,ov_in_cantina_43.8782_10.5071,In Cantina,RESTAURANT,ristorante,https://raw.githubusercontent.com/pasqualelembo78/huntix-poi/main/italia/emilia-romagna/lucca/pages/in_cantina_43.8782_10.5071.json,custom
43.917550,10.509342,ov_sagra_della_zuppa_di_aquilea_43.9175_10.5093,Sagra della Zuppa di Aquilea,RESTAURANT,ristorante,https://raw.githubusercontent.com/pasqualelembo78/huntix-poi/main/italia/emilia-romagna/lucca/pages/sagra_della_zuppa_di_aquilea_43.9175_10.5093.json,custom
43.932163,10.520397,ov_circolo_a_palazzo_43.9322_10.5204,Circolo a Palazzo,RESTAURANT,ristorante,https://raw.githubusercontent.com/pasqualelembo78/huntix-poi/main/italia/emilia-romagna/lucca/pages/circolo_a_palazzo_43.9322_10.5204.json,custom
43.936090,10.524200,ov_beb_naturista_e_spa_43.9361_10.5242,BeB Naturista e spa,RESTAURANT,ristorante,https://raw.githubusercontent.com/pasqualelembo78/huntix-poi/main/italia/emilia-romagna/lucca/pages/beb_naturista_e_spa_43.9361_10.5242.json,custom
43.937067,10.529736,ov_la_tosca_ristorante_gignano_di_brancoli_43.9371_10.5297,La tosca Ristorante Gignano di Brancoli,RESTAURANT,ristorante,https://raw.githubusercontent.com/pasqualelembo78/huntix-poi/main/italia/emilia-romagna/lucca/pages/la_tosca_ristorante_gignano_di_brancoli_43.9371_10.5297.json,custom
43.924122,10.526720,ov_antica_locanda_di_sesto_43.9241_10.5267,Antica Locanda di Sesto,RESTAURANT,ristorante,https://raw.githubusercontent.com/pasqualelembo78/huntix-poi/main/italia/emilia-romagna/lucca/pages/antica_locanda_di_sesto_43.9241_10.5267.json,custom
43.916764,10.530651,ov_ristorante_erasmo_43.9168_10.5307,Ristorante Erasmo,RESTAURANT,ristorante,https://raw.githubusercontent.com/pasqualelembo78/huntix-poi/main/italia/emilia-romagna/lucca/pages/ristorante_erasmo_43.9168_10.5307.json,custom
43.910045,10.528840,osm_trattoria_da_pinzo_43.9100_10.5288,Trattoria Da Pinzo,ristorante,ristorante,https://raw.githubusercontent.com/pasqualelembo78/huntix-poi/main/italia/emilia-romagna/lucca/pages/trattoria_da_pinzo_43.9100_10.5288.json,custom
43.843860,10.503466,osm_pizza_da_felice_43.8439_10.5035,Pizza da Felice,ristorante,ristorante,https://raw.githubusercontent.com/pasqualelembo78/huntix-poi/main/italia/emilia-romagna/lucca/pages/pizza_da_felice_43.8439_10.5035.json,custom
43.845762,10.506241,osm_osteria_baralla_43.8458_10.5062,Osteria Baralla,ristorante,ristorante,https://raw.githubusercontent.com/pasqualelembo78/huntix-poi/main/italia/emilia-romagna/lucca/pages/osteria_baralla_43.8458_10.5062.json,custom
43.845119,10.506436,osm_osteria_del_tortellino_43.8451_10.5064,Osteria del Tortellino,ristorante,ristorante,https://raw.githubusercontent.com/pasqualelembo78/huntix-poi/main/italia/emilia-romagna/lucca/pages/osteria_del_tortellino_43.8451_10.5064.json,custom
43.896349,10.529124,osm_hippo_43.8963_10.5291,hippo,ristorante,ristorante,https://raw.githubusercontent.com/pasqualelembo78/huntix-poi/main/italia/emilia-romagna/lucca/pages/hippo_43.8963_10.5291.json,custom
43.845211,10.505769,osm_dal_poderino_43.8452_10.5058,Dal Poderino,ristorante,ristorante,https://raw.githubusercontent.com/pasqualelembo78/huntix-poi/main/italia/emilia-romagna/lucca/pages/dal_poderino_43.8452_10.5058.json,custom
43.845571,10.505832,osm_da_gherardo_43.8456_10.5058,Da Gherardo,ristorante,ristorante,https://raw.githubusercontent.com/pasqualelembo78/huntix-poi/main/italia/emilia-romagna/lucca/pages/da_gherardo_43.8456_10.5058.json,custom
43.845183,10.504933,osm_l_oste_di_lucca_43.8452_10.5049,L'Oste di Lucca,ristorante,ristorante,https://raw.githubusercontent.com/pasqualelembo78/huntix-poi/main/italia/emilia-romagna/lucca/pages/loste_di_lucca_43.8452_10.5049.json,custom
43.843108,10.501172,osm_paris_boheme_bistrot_43.8431_10.5012,Paris Boheme Bistrot,ristorante,ristorante,https://raw.githubusercontent.com/pasqualelembo78/huntix-poi/main/italia/emilia-romagna/lucca/pages/paris_boheme_bistrot_43.8431_10.5012.json,custom
43.843312,10.501403,osm_schiaffino_43.8433_10.5014,Schiaffino,ristorante,ristorante,https://raw.githubusercontent.com/pasqualelembo78/huntix-poi/main/italia/emilia-romagna/lucca/pages/schiaffino_43.8433_10.5014.json,custom
43.845029,10.503917,osm_antico_sigillo_43.8450_10.5039,Antico Sigillo,ristorante,ristorante,https://raw.githubusercontent.com/pasqualelembo78/huntix-poi/main/italia/emilia-romagna/lucca/pages/antico_sigillo_43.8450_10.5039.json,custom
43.841847,10.502598,osm_ciacco_bistrot_43.8418_10.5026,Ciacco Bistrot,ristorante,ristorante,https://raw.githubusercontent.com/pasqualelembo78/huntix-poi/main/italia/emilia-romagna/lucca/pages/ciacco_bistrot_43.8418_10.5026.json,custom
43.845935,10.504357,osm_la_bottega_di_anna_e_leo_43.8459_10.5044,La Bottega di Anna e Leo,ristorante,ristorante,https://raw.githubusercontent.com/pasqualelembo78/huntix-poi/main/italia/emilia-romagna/lucca/pages/la_bottega_di_anna_e_leo_43.8459_10.5044.json,custom
43.845482,10.509987,osm_il_mecenate_a_lucca_43.8455_10.5100,Il Mecenate a Lucca,ristorante,ristorante,https://raw.githubusercontent.com/pasqualelembo78/huntix-poi/main/italia/emilia-romagna/lucca/pages/il_mecenate_a_lucca_43.8455_10.5100.json,custom
43.845513,10.510639,osm_mara_meo_san_francesco_43.8455_10.5106,Mara Meo San Francesco,ristorante,ristorante,https://raw.githubusercontent.com/pasqualelembo78/huntix-poi/main/italia/emilia-romagna/lucca/pages/mara_meo_san_francesco_43.8455_10.5106.json,custom
43.843135,10.501520,osm_madame_butterfly_43.8431_10.5015,Madame Butterfly,ristorante,ristorante,https://raw.githubusercontent.com/pasqualelembo78/huntix-poi/main/italia/emilia-romagna/lucca/pages/madame_butterfly_43.8431_10.5015.json,custom
43.841552,10.503198,osm_nanda_s_vegan_burgers___cakes_43.8416_10.5032,Nanda’s Vegan Burgers & Cakes,ristorante,ristorante,https://raw.githubusercontent.com/pasqualelembo78/huntix-poi/main/italia/emilia-romagna/lucca/pages/nandas_vegan_burgers_cakes_43.8416_10.5032.json,custom
43.844655,10.508116,osm_l_anci_a_43.8447_10.5081,L'Anciüa,ristorante,ristorante,https://raw.githubusercontent.com/pasqualelembo78/huntix-poi/main/italia/emilia-romagna/lucca/pages/lancia_43.8447_10.5081.json,custom
43.845343,10.505664,osm_sottosotto_43.8453_10.5057,Sottosotto,ristorante,ristorante,https://raw.githubusercontent.com/pasqualelembo78/huntix-poi/main/italia/emilia-romagna/lucca/pages/sottosotto_43.8453_10.5057.json,custom
43.844021,10.540465,osm_bonci__pizzarium_43.8440_10.5405,Bonci #pizzarium,ristorante,ristorante,https://raw.githubusercontent.com/pasqualelembo78/huntix-poi/main/italia/emilia-romagna/lucca/pages/bonci_pizzarium_43.8440_10.5405.json,custom
43.852861,10.513283,osm_marco_pollo_ristolab_43.8529_10.5133,Marco Pollo Ristolab,ristorante,ristorante,https://raw.githubusercontent.com/pasqualelembo78/huntix-poi/main/italia/emilia-romagna/lucca/pages/marco_pollo_ristolab_43.8529_10.5133.json,custom
43.842566,10.509137,osm_osteria_vispa_teresa_43.8426_10.5091,Osteria Vispa Teresa,ristorante,ristorante,https://raw.githubusercontent.com/pasqualelembo78/huntix-poi/main/italia/emilia-romagna/lucca/pages/osteria_vispa_teresa_43.8426_10.5091.json,custom
43.839883,10.502612,osm_in_pasta___cibo_e_convivio_43.8399_10.5026,In Pasta - Cibo e Convivio,ristorante,ristorante,https://raw.githubusercontent.com/pasqualelembo78/huntix-poi/main/italia/emilia-romagna/lucca/pages/in_pasta_-_cibo_e_convivio_43.8399_10.5026.json,custom
43.845109,10.506021,osm_parlascio_43.8451_10.5060,Parlascio,ristorante,ristorante,https://raw.githubusercontent.com/pasqualelembo78/huntix-poi/main/italia/emilia-romagna/lucca/pages/parlascio_43.8451_10.5060.json,custom
43.845446,10.513826,osm_mixi_gastropub_43.8454_10.5138,Mixi Gastropub,ristorante,ristorante,https://raw.githubusercontent.com/pasqualelembo78/huntix-poi/main/italia/emilia-romagna/lucca/pages/mixi_gastropub_43.8454_10.5138.json,custom
43.852980,10.507673,osm_vegrano_43.8530_10.5077,Vegrano,ristorante,ristorante,https://raw.githubusercontent.com/pasqualelembo78/huntix-poi/main/italia/emilia-romagna/lucca/pages/vegrano_43.8530_10.5077.json,custom
43.837677,10.505665,osm_bar_stazione_43.8377_10.5057,Bar Stazione,ristorante,ristorante,https://raw.githubusercontent.com/pasqualelembo78/huntix-poi/main/italia/emilia-romagna/lucca/pages/bar_stazione_43.8377_10.5057.json,custom
43.845300,10.510105,osm_bonny_pizza_43.8453_10.5101,Bonny Pizza,ristorante,ristorante,https://raw.githubusercontent.com/pasqualelembo78/huntix-poi/main/italia/emilia-romagna/lucca/pages/bonny_pizza_43.8453_10.5101.json,custom
43.847265,10.507205,osm_pok_flash_43.8473_10.5072,PokèFlash,ristorante,ristorante,https://raw.githubusercontent.com/pasqualelembo78/huntix-poi/main/italia/emilia-romagna/lucca/pages/pokflash_43.8473_10.5072.json,custom
43.844973,10.506529,osm_quanta_basta_43.8450_10.5065,Quanta Basta,ristorante,ristorante,https://raw.githubusercontent.com/pasqualelembo78/huntix-poi/main/italia/emilia-romagna/lucca/pages/quanta_basta_43.8450_10.5065.json,custom
43.843714,10.502486,osm_tomkat_43.8437_10.5025,Tomkat,ristorante,ristorante,https://raw.githubusercontent.com/pasqualelembo78/huntix-poi/main/italia/emilia-romagna/lucca/pages/tomkat_43.8437_10.5025.json,custom
43.830812,10.500531,ov_fuorigiri_srl_43.8308_10.5005,Fuorigiri Srl,RESTAURANT,bar_cafe,https://raw.githubusercontent.com/pasqualelembo78/huntix-poi/main/italia/emilia-romagna/lucca/pages/fuorigiri_srl_43.8308_10.5005.json,custom
43.834960,10.511200,ov_bar_tabaccheria_formisano_43.8350_10.5112,Bar Tabaccheria Formisano,RESTAURANT,bar_cafe,https://raw.githubusercontent.com/pasqualelembo78/huntix-poi/main/italia/emilia-romagna/lucca/pages/bar_tabaccheria_formisano_43.8350_10.5112.json,custom
43.842031,10.500182,ov_bar_teani_43.8420_10.5002,Bar Teani,RESTAURANT,bar_cafe,https://raw.githubusercontent.com/pasqualelembo78/huntix-poi/main/italia/emilia-romagna/lucca/pages/bar_teani_43.8420_10.5002.json,custom
43.842073,10.500895,ov_bisboccia_43.8421_10.5009,Bisboccia,RESTAURANT,bar_cafe,https://raw.githubusercontent.com/pasqualelembo78/huntix-poi/main/italia/emilia-romagna/lucca/pages/bisboccia_43.8421_10.5009.json,custom
43.841801,10.503843,ov_blend_43.8418_10.5038,Blend,RESTAURANT,bar_cafe,https://raw.githubusercontent.com/pasqualelembo78/huntix-poi/main/italia/emilia-romagna/lucca/pages/blend_43.8418_10.5038.json,custom
43.841945,10.503899,ov_bar_s_giusto_43.8419_10.5039,Bar S.Giusto,RESTAURANT,bar_cafe,https://raw.githubusercontent.com/pasqualelembo78/huntix-poi/main/italia/emilia-romagna/lucca/pages/bar_sgiusto_43.8419_10.5039.json,custom
43.842523,10.503892,ov_bar_frastuka_43.8425_10.5039,Bar Frastuka,RESTAURANT,bar_cafe,https://raw.githubusercontent.com/pasqualelembo78/huntix-poi/main/italia/emilia-romagna/lucca/pages/bar_frastuka_43.8425_10.5039.json,custom
43.842636,10.505120,ov_bar_tessieri_43.8426_10.5051,Bar Tessieri,RESTAURANT,bar_cafe,https://raw.githubusercontent.com/pasqualelembo78/huntix-poi/main/italia/emilia-romagna/lucca/pages/bar_tessieri_43.8426_10.5051.json,custom
43.842737,10.503139,ov_caffe_casali_43.8427_10.5031,Caffe Casali,RESTAURANT,bar_cafe,https://raw.githubusercontent.com/pasqualelembo78/huntix-poi/main/italia/emilia-romagna/lucca/pages/caffe_casali_43.8427_10.5031.json,custom
43.843050,10.501300,ov_l_angolonove_43.8430_10.5013,L'AngoloNove,RESTAURANT,bar_cafe,https://raw.githubusercontent.com/pasqualelembo78/huntix-poi/main/italia/emilia-romagna/lucca/pages/langolonove_43.8430_10.5013.json,custom
43.842928,10.501384,ov_caffe_manon_lescaut_43.8429_10.5014,Caffe Manon Lescaut,RESTAURANT,bar_cafe,https://raw.githubusercontent.com/pasqualelembo78/huntix-poi/main/italia/emilia-romagna/lucca/pages/caffe_manon_lescaut_43.8429_10.5014.json,custom
43.842894,10.502134,ov_bar_san_michele_43.8429_10.5021,Bar San Michele,RESTAURANT,bar_cafe,https://raw.githubusercontent.com/pasqualelembo78/huntix-poi/main/italia/emilia-romagna/lucca/pages/bar_san_michele_43.8429_10.5021.json,custom
43.842850,10.503164,ov_marsili_costantino_43.8429_10.5032,Marsili costantino,RESTAURANT,bar_cafe,https://raw.githubusercontent.com/pasqualelembo78/huntix-poi/main/italia/emilia-romagna/lucca/pages/marsili_costantino_43.8429_10.5032.json,custom
43.843151,10.502647,ov_peschino_43.8432_10.5026,Peschino,RESTAURANT,bar_cafe,https://raw.githubusercontent.com/pasqualelembo78/huntix-poi/main/italia/emilia-romagna/lucca/pages/peschino_43.8432_10.5026.json,custom
43.843154,10.501533,ov_madama_butterfly__43.8432_10.5015,Madama Butterfly.,RESTAURANT,bar_cafe,https://raw.githubusercontent.com/pasqualelembo78/huntix-poi/main/italia/emilia-romagna/lucca/pages/madama_butterfly_43.8432_10.5015.json,custom
43.843091,10.501225,ov_caffe_silvia_43.8431_10.5012,Caffe Silvia,RESTAURANT,bar_cafe,https://raw.githubusercontent.com/pasqualelembo78/huntix-poi/main/italia/emilia-romagna/lucca/pages/caffe_silvia_43.8431_10.5012.json,custom
43.843670,10.502442,ov_tomkat___wine_restaurant_43.8437_10.5024,Tomkat - Wine Restaurant,RESTAURANT,bar_cafe,https://raw.githubusercontent.com/pasqualelembo78/huntix-poi/main/italia/emilia-romagna/lucca/pages/tomkat_-_wine_restaurant_43.8437_10.5024.json,custom
43.843740,10.502360,ov_diabolik_43.8437_10.5024,Diabolik,RESTAURANT,bar_cafe,https://raw.githubusercontent.com/pasqualelembo78/huntix-poi/main/italia/emilia-romagna/lucca/pages/diabolik_43.8437_10.5024.json,custom
43.843771,10.502423,ov_multiverso_casa_di_w___m_43.8438_10.5024,Multiverso Casa di W & M,RESTAURANT,bar_cafe,https://raw.githubusercontent.com/pasqualelembo78/huntix-poi/main/italia/emilia-romagna/lucca/pages/multiverso_casa_di_w_m_43.8438_10.5024.json,custom
43.843445,10.502353,ov_caffetteria_turandot_43.8434_10.5024,Caffetteria Turandot,RESTAURANT,bar_cafe,https://raw.githubusercontent.com/pasqualelembo78/huntix-poi/main/italia/emilia-romagna/lucca/pages/caffetteria_turandot_43.8434_10.5024.json,custom
43.843394,10.502854,ov_caff__del_mercato_43.8434_10.5029,Caffè del Mercato,RESTAURANT,bar_cafe,https://raw.githubusercontent.com/pasqualelembo78/huntix-poi/main/italia/emilia-romagna/lucca/pages/caff_del_mercato_43.8434_10.5029.json,custom
43.843408,10.502578,ov_screwdriver_43.8434_10.5026,Screwdriver,RESTAURANT,bar_cafe,https://raw.githubusercontent.com/pasqualelembo78/huntix-poi/main/italia/emilia-romagna/lucca/pages/screwdriver_43.8434_10.5026.json,custom
43.843425,10.502698,ov_lebowski_43.8434_10.5027,Lebowski,RESTAURANT,bar_cafe,https://raw.githubusercontent.com/pasqualelembo78/huntix-poi/main/italia/emilia-romagna/lucca/pages/lebowski_43.8434_10.5027.json,custom
43.843780,10.504130,ov_pult_43.8438_10.5041,Pult,RESTAURANT,bar_cafe,https://raw.githubusercontent.com/pasqualelembo78/huntix-poi/main/italia/emilia-romagna/lucca/pages/pult_43.8438_10.5041.json,custom
43.843704,10.505181,ov_baccanale_43.8437_10.5052,Baccanale,RESTAURANT,bar_cafe,https://raw.githubusercontent.com/pasqualelembo78/huntix-poi/main/italia/emilia-romagna/lucca/pages/baccanale_43.8437_10.5052.json,custom
43.842820,10.505048,ov_magellano_43.8428_10.5050,Magellano,RESTAURANT,bar_cafe,https://raw.githubusercontent.com/pasqualelembo78/huntix-poi/main/italia/emilia-romagna/lucca/pages/magellano_43.8428_10.5050.json,custom
43.843046,10.512227,ov_bar_pasticceria_elisa_43.8430_10.5122,Bar Pasticceria Elisa,RESTAURANT,bar_cafe,https://raw.githubusercontent.com/pasqualelembo78/huntix-poi/main/italia/emilia-romagna/lucca/pages/bar_pasticceria_elisa_43.8430_10.5122.json,custom
43.842552,10.508131,ov_bar_caf__lucca_43.8426_10.5081,Bar Cafè Lucca,RESTAURANT,bar_cafe,https://raw.githubusercontent.com/pasqualelembo78/huntix-poi/main/italia/emilia-romagna/lucca/pages/bar_caf_lucca_43.8426_10.5081.json,custom
43.842465,10.508227,ov_bar_caffetteria_la_colonna_43.8425_10.5082,Bar Caffetteria La Colonna,RESTAURANT,bar_cafe,https://raw.githubusercontent.com/pasqualelembo78/huntix-poi/main/italia/emilia-romagna/lucca/pages/bar_caffetteria_la_colonna_43.8425_10.5082.json,custom
43.841569,10.507723,ov_pasticceria_dianda_43.8416_10.5077,Pasticceria Dianda,RESTAURANT,bar_cafe,https://raw.githubusercontent.com/pasqualelembo78/huntix-poi/main/italia/emilia-romagna/lucca/pages/pasticceria_dianda_43.8416_10.5077.json,custom
43.841554,10.503028,ov_ale_s_bar_43.8416_10.5030,Ale's Bar,RESTAURANT,bar_cafe,https://raw.githubusercontent.com/pasqualelembo78/huntix-poi/main/italia/emilia-romagna/lucca/pages/ales_bar_43.8416_10.5030.json,custom
43.840757,10.503438,ov_bar_astra_43.8408_10.5034,Bar Astra,RESTAURANT,bar_cafe,https://raw.githubusercontent.com/pasqualelembo78/huntix-poi/main/italia/emilia-romagna/lucca/pages/bar_astra_43.8408_10.5034.json,custom
43.841101,10.504718,ov_cattedrale_di_san_martino___cathedral_mu_43.8411_10.5047,Cattedrale di San Martino - Cathedral Music - Lucca,RESTAURANT,bar_cafe,https://raw.githubusercontent.com/pasqualelembo78/huntix-poi/main/italia/emilia-romagna/lucca/pages/cattedrale_di_san_martino_-_cathedral_mu_43.8411_10.5047.json,custom
43.841007,10.504373,ov_caffe_del_duomo_43.8410_10.5044,Caffe Del Duomo,RESTAURANT,bar_cafe,https://raw.githubusercontent.com/pasqualelembo78/huntix-poi/main/italia/emilia-romagna/lucca/pages/caffe_del_duomo_43.8410_10.5044.json,custom
43.840580,10.503420,ov_de_cervesia_43.8406_10.5034,De Cervesia,RESTAURANT,bar_cafe,https://raw.githubusercontent.com/pasqualelembo78/huntix-poi/main/italia/emilia-romagna/lucca/pages/de_cervesia_43.8406_10.5034.json,custom
43.840539,10.502008,ov_al_bacaro_del_collegio_43.8405_10.5020,Al Bacaro del Collegio,RESTAURANT,bar_cafe,https://raw.githubusercontent.com/pasqualelembo78/huntix-poi/main/italia/emilia-romagna/lucca/pages/al_bacaro_del_collegio_43.8405_10.5020.json,custom
43.840306,10.502480,ov_the_little_folk_43.8403_10.5025,The Little Folk,RESTAURANT,bar_cafe,https://raw.githubusercontent.com/pasqualelembo78/huntix-poi/main/italia/emilia-romagna/lucca/pages/the_little_folk_43.8403_10.5025.json,custom
43.840348,10.501866,ov_glam_caf__43.8403_10.5019,Glam Café,RESTAURANT,bar_cafe,https://raw.githubusercontent.com/pasqualelembo78/huntix-poi/main/italia/emilia-romagna/lucca/pages/glam_caf_43.8403_10.5019.json,custom
43.840372,10.502460,ov_caff__del_teatro__pasticceria_napoletana_43.8404_10.5025,Caffè del Teatro: Pasticceria Napoletana,RESTAURANT,bar_cafe,https://raw.githubusercontent.com/pasqualelembo78/huntix-poi/main/italia/emilia-romagna/lucca/pages/caff_del_teatro_pasticceria_napoletana_43.8404_10.5025.json,custom
43.839956,10.502227,ov_shaker_43.8400_10.5022,Shaker,RESTAURANT,bar_cafe,https://raw.githubusercontent.com/pasqualelembo78/huntix-poi/main/italia/emilia-romagna/lucca/pages/shaker_43.8400_10.5022.json,custom
43.839940,10.501887,ov_caff__monica_43.8399_10.5019,Caffè Monica,RESTAURANT,bar_cafe,https://raw.githubusercontent.com/pasqualelembo78/huntix-poi/main/italia/emilia-romagna/lucca/pages/caff_monica_43.8399_10.5019.json,custom
43.840043,10.501869,ov_miglio_food___drinks_43.8400_10.5019,Miglio Food & Drinks,RESTAURANT,bar_cafe,https://raw.githubusercontent.com/pasqualelembo78/huntix-poi/main/italia/emilia-romagna/lucca/pages/miglio_food_drinks_43.8400_10.5019.json,custom
43.840115,10.501794,ov_old_city_bar_43.8401_10.5018,Old City Bar,RESTAURANT,bar_cafe,https://raw.githubusercontent.com/pasqualelembo78/huntix-poi/main/italia/emilia-romagna/lucca/pages/old_city_bar_43.8401_10.5018.json,custom
43.840150,10.502158,ov_il_barino_di_gi__43.8402_10.5022,Il Barino Di Giò,RESTAURANT,bar_cafe,https://raw.githubusercontent.com/pasqualelembo78/huntix-poi/main/italia/emilia-romagna/lucca/pages/il_barino_di_gi_43.8402_10.5022.json,custom
43.839868,10.503315,ov_risto_bar_il_caffe_43.8399_10.5033,Risto-Bar Il Caffe,RESTAURANT,bar_cafe,https://raw.githubusercontent.com/pasqualelembo78/huntix-poi/main/italia/emilia-romagna/lucca/pages/risto-bar_il_caffe_43.8399_10.5033.json,custom
43.838132,10.507367,ov_mc_culloughs_irish_pub_43.8381_10.5074,Mc Culloughs Irish Pub,RESTAURANT,bar_cafe,https://raw.githubusercontent.com/pasqualelembo78/huntix-poi/main/italia/emilia-romagna/lucca/pages/mc_culloughs_irish_pub_43.8381_10.5074.json,custom
43.838192,10.507463,ov_bar_cupido_sas_43.8382_10.5075,Bar Cupido Sas,RESTAURANT,bar_cafe,https://raw.githubusercontent.com/pasqualelembo78/huntix-poi/main/italia/emilia-romagna/lucca/pages/bar_cupido_sas_43.8382_10.5075.json,custom
43.837706,10.505629,ov_bar_ristorante_la_stazione_43.8377_10.5056,Bar Ristorante La Stazione,RESTAURANT,bar_cafe,https://raw.githubusercontent.com/pasqualelembo78/huntix-poi/main/italia/emilia-romagna/lucca/pages/bar_ristorante_la_stazione_43.8377_10.5056.json,custom
43.837758,10.505578,ov_bar_buffet_della_stazione_di_lucca_43.8378_10.5056,Bar Buffet della Stazione di Lucca,RESTAURANT,bar_cafe,https://raw.githubusercontent.com/pasqualelembo78/huntix-poi/main/italia/emilia-romagna/lucca/pages/bar_buffet_della_stazione_di_lucca_43.8378_10.5056.json,custom
43.837632,10.503231,ov_ali_call_center_43.8376_10.5032,Ali Call Center,RESTAURANT,bar_cafe,https://raw.githubusercontent.com/pasqualelembo78/huntix-poi/main/italia/emilia-romagna/lucca/pages/ali_call_center_43.8376_10.5032.json,custom
43.839624,10.501889,ov_paniko_food_lab_43.8396_10.5019,Paniko Food Lab,RESTAURANT,bar_cafe,https://raw.githubusercontent.com/pasqualelembo78/huntix-poi/main/italia/emilia-romagna/lucca/pages/paniko_food_lab_43.8396_10.5019.json,custom
43.840346,10.514663,ov_caffe_celide_bistrot_43.8403_10.5147,Caffe Celide Bistrot,RESTAURANT,bar_cafe,https://raw.githubusercontent.com/pasqualelembo78/huntix-poi/main/italia/emilia-romagna/lucca/pages/caffe_celide_bistrot_43.8403_10.5147.json,custom
43.840575,10.516153,ov_ottavo_nano_pub_43.8406_10.5162,Ottavo Nano Pub,RESTAURANT,bar_cafe,https://raw.githubusercontent.com/pasqualelembo78/huntix-poi/main/italia/emilia-romagna/lucca/pages/ottavo_nano_pub_43.8406_10.5162.json,custom
43.840262,10.516286,ov_sughero_la_vineria_43.8403_10.5163,Sughero La Vineria,RESTAURANT,bar_cafe,https://raw.githubusercontent.com/pasqualelembo78/huntix-poi/main/italia/emilia-romagna/lucca/pages/sughero_la_vineria_43.8403_10.5163.json,custom
43.841652,10.518558,ov_bar_puccioni_enzo_43.8417_10.5186,Bar Puccioni Enzo,RESTAURANT,bar_cafe,https://raw.githubusercontent.com/pasqualelembo78/huntix-poi/main/italia/emilia-romagna/lucca/pages/bar_puccioni_enzo_43.8417_10.5186.json,custom
43.841600,10.528560,ov_reloo_caffe_43.8416_10.5286,Reloo Caffe,RESTAURANT,bar_cafe,https://raw.githubusercontent.com/pasqualelembo78/huntix-poi/main/italia/emilia-romagna/lucca/pages/reloo_caffe_43.8416_10.5286.json,custom
43.842817,10.548678,ov_achille_caffe_43.8428_10.5487,Achille Caffe,RESTAURANT,bar_cafe,https://raw.githubusercontent.com/pasqualelembo78/huntix-poi/main/italia/emilia-romagna/lucca/pages/achille_caffe_43.8428_10.5487.json,custom
43.842242,10.553131,ov_fata_mata_43.8422_10.5531,Fata Mata,RESTAURANT,bar_cafe,https://raw.githubusercontent.com/pasqualelembo78/huntix-poi/main/italia/emilia-romagna/lucca/pages/fata_mata_43.8422_10.5531.json,custom
43.850120,10.508960,ov_bar_tabacchi_passerella_43.8501_10.5090,Bar Tabacchi passerella,RESTAURANT,bar_cafe,https://raw.githubusercontent.com/pasqualelembo78/huntix-poi/main/italia/emilia-romagna/lucca/pages/bar_tabacchi_passerella_43.8501_10.5090.json,custom
43.849703,10.506915,ov_bei___nannini_43.8497_10.5069,Bei & Nannini,RESTAURANT,bar_cafe,https://raw.githubusercontent.com/pasqualelembo78/huntix-poi/main/italia/emilia-romagna/lucca/pages/bei_nannini_43.8497_10.5069.json,custom
43.852000,10.501050,ov_lucca_mercato_settimanale_mercoledi_e_sa_43.8520_10.5010,Lucca mercato settimanale mercoledi e sabato,RESTAURANT,bar_cafe,https://raw.githubusercontent.com/pasqualelembo78/huntix-poi/main/italia/emilia-romagna/lucca/pages/lucca_mercato_settimanale_mercoledi_e_sa_43.8520_10.5010.json,custom
43.851990,10.507211,ov_il_mio_caff__43.8520_10.5072,Il Mio Caffè,RESTAURANT,bar_cafe,https://raw.githubusercontent.com/pasqualelembo78/huntix-poi/main/italia/emilia-romagna/lucca/pages/il_mio_caff_43.8520_10.5072.json,custom
43.851374,10.527996,ov_bar_catelli_43.8514_10.5280,Bar Catelli,RESTAURANT,bar_cafe,https://raw.githubusercontent.com/pasqualelembo78/huntix-poi/main/italia/emilia-romagna/lucca/pages/bar_catelli_43.8514_10.5280.json,custom
43.851673,10.534178,ov_enicaf_lucca_43.8517_10.5342,EniCaféLucca,RESTAURANT,bar_cafe,https://raw.githubusercontent.com/pasqualelembo78/huntix-poi/main/italia/emilia-romagna/lucca/pages/enicaflucca_43.8517_10.5342.json,custom
43.848379,10.529558,ov_bar_gelateria_letizia_43.8484_10.5296,Bar gelateria letizia,RESTAURANT,bar_cafe,https://raw.githubusercontent.com/pasqualelembo78/huntix-poi/main/italia/emilia-romagna/lucca/pages/bar_gelateria_letizia_43.8484_10.5296.json,custom
43.846110,10.524685,ov_peter_pan_bar_ristorantino_43.8461_10.5247,Peter Pan Bar Ristorantino,RESTAURANT,bar_cafe,https://raw.githubusercontent.com/pasqualelembo78/huntix-poi/main/italia/emilia-romagna/lucca/pages/peter_pan_bar_ristorantino_43.8461_10.5247.json,custom
43.847338,10.508107,ov_betty_blue_43.8473_10.5081,Betty Blue,RESTAURANT,bar_cafe,https://raw.githubusercontent.com/pasqualelembo78/huntix-poi/main/italia/emilia-romagna/lucca/pages/betty_blue_43.8473_10.5081.json,custom
43.847231,10.508317,ov_bar_martini_43.8472_10.5083,Bar Martini,RESTAURANT,bar_cafe,https://raw.githubusercontent.com/pasqualelembo78/huntix-poi/main/italia/emilia-romagna/lucca/pages/bar_martini_43.8472_10.5083.json,custom
43.847307,10.507598,ov_pasticceria_gelateria_momus_cafe_43.8473_10.5076,Pasticceria Gelateria Momus Cafe,RESTAURANT,bar_cafe,https://raw.githubusercontent.com/pasqualelembo78/huntix-poi/main/italia/emilia-romagna/lucca/pages/pasticceria_gelateria_momus_cafe_43.8473_10.5076.json,custom
43.846458,10.507257,ov_vinarkia_della_pavona_43.8465_10.5073,Vinarkia della Pavona,RESTAURANT,bar_cafe,https://raw.githubusercontent.com/pasqualelembo78/huntix-poi/main/italia/emilia-romagna/lucca/pages/vinarkia_della_pavona_43.8465_10.5073.json,custom
43.847025,10.507642,ov_bar_l_aurora_43.8470_10.5076,Bar L'Aurora,RESTAURANT,bar_cafe,https://raw.githubusercontent.com/pasqualelembo78/huntix-poi/main/italia/emilia-romagna/lucca/pages/bar_laurora_43.8470_10.5076.json,custom
43.847017,10.508103,ov_ciclo_divino_43.8470_10.5081,Ciclo Divino,RESTAURANT,bar_cafe,https://raw.githubusercontent.com/pasqualelembo78/huntix-poi/main/italia/emilia-romagna/lucca/pages/ciclo_divino_43.8470_10.5081.json,custom
43.846952,10.508197,ov_de_cervesia_pub_43.8470_10.5082,De Cervesia Pub,RESTAURANT,bar_cafe,https://raw.githubusercontent.com/pasqualelembo78/huntix-poi/main/italia/emilia-romagna/lucca/pages/de_cervesia_pub_43.8470_10.5082.json,custom
43.846766,10.507700,ov_caffe_puccini_43.8468_10.5077,Caffe Puccini,RESTAURANT,bar_cafe,https://raw.githubusercontent.com/pasqualelembo78/huntix-poi/main/italia/emilia-romagna/lucca/pages/caffe_puccini_43.8468_10.5077.json,custom
43.845668,10.512082,ov_la_pecora_nera_43.8457_10.5121,La Pecora Nera,RESTAURANT,bar_cafe,https://raw.githubusercontent.com/pasqualelembo78/huntix-poi/main/italia/emilia-romagna/lucca/pages/la_pecora_nera_43.8457_10.5121.json,custom
43.845023,10.514946,ov_foresteria_la_casa_del_boia_43.8450_10.5149,Foresteria la casa del boia,RESTAURANT,bar_cafe,https://raw.githubusercontent.com/pasqualelembo78/huntix-poi/main/italia/emilia-romagna/lucca/pages/foresteria_la_casa_del_boia_43.8450_10.5149.json,custom
43.845084,10.509747,ov_osteria_caffetteria_stellario_43.8451_10.5097,Osteria Caffetteria Stellario,RESTAURANT,bar_cafe,https://raw.githubusercontent.com/pasqualelembo78/huntix-poi/main/italia/emilia-romagna/lucca/pages/osteria_caffetteria_stellario_43.8451_10.5097.json,custom
43.844961,10.506166,ov_braceria_cicci_43.8450_10.5062,Braceria Cicci,RESTAURANT,bar_cafe,https://raw.githubusercontent.com/pasqualelembo78/huntix-poi/main/italia/emilia-romagna/lucca/pages/braceria_cicci_43.8450_10.5062.json,custom
43.845092,10.504603,ov_de_cervesia_beershop_43.8451_10.5046,De Cervesia Beershop,RESTAURANT,bar_cafe,https://raw.githubusercontent.com/pasqualelembo78/huntix-poi/main/italia/emilia-romagna/lucca/pages/de_cervesia_beershop_43.8451_10.5046.json,custom
43.845118,10.504719,ov_l_oste_di_lucca_43.8451_10.5047,L’Oste di Lucca,RESTAURANT,bar_cafe,https://raw.githubusercontent.com/pasqualelembo78/huntix-poi/main/italia/emilia-romagna/lucca/pages/loste_di_lucca_43.8451_10.5047.json,custom
43.845250,10.505685,ov_bollicina_lucca_43.8453_10.5057,Bollicina Lucca,RESTAURANT,bar_cafe,https://raw.githubusercontent.com/pasqualelembo78/huntix-poi/main/italia/emilia-romagna/lucca/pages/bollicina_lucca_43.8453_10.5057.json,custom
43.845716,10.505686,ov_bar_il_quadrifoglio_43.8457_10.5057,Bar Il Quadrifoglio,RESTAURANT,bar_cafe,https://raw.githubusercontent.com/pasqualelembo78/huntix-poi/main/italia/emilia-romagna/lucca/pages/bar_il_quadrifoglio_43.8457_10.5057.json,custom
43.845500,10.506472,ov_dal_puccini_43.8455_10.5065,Dal Puccini,RESTAURANT,bar_cafe,https://raw.githubusercontent.com/pasqualelembo78/huntix-poi/main/italia/emilia-romagna/lucca/pages/dal_puccini_43.8455_10.5065.json,custom
43.845955,10.505025,ov_bar_s__frediano_43.8460_10.5050,Bar S. Frediano,RESTAURANT,bar_cafe,https://raw.githubusercontent.com/pasqualelembo78/huntix-poi/main/italia/emilia-romagna/lucca/pages/bar_s_frediano_43.8460_10.5050.json,custom
43.845923,10.505413,ov_caffe_santa_zita_43.8459_10.5054,Caffe Santa Zita,RESTAURANT,bar_cafe,https://raw.githubusercontent.com/pasqualelembo78/huntix-poi/main/italia/emilia-romagna/lucca/pages/caffe_santa_zita_43.8459_10.5054.json,custom
43.844942,10.501971,ov_accanto_43.8449_10.5020,Accanto,RESTAURANT,bar_cafe,https://raw.githubusercontent.com/pasqualelembo78/huntix-poi/main/italia/emilia-romagna/lucca/pages/accanto_43.8449_10.5020.json,custom
43.844948,10.502023,ov_franklin_33_43.8449_10.5020,Franklin 33,RESTAURANT,bar_cafe,https://raw.githubusercontent.com/pasqualelembo78/huntix-poi/main/italia/emilia-romagna/lucca/pages/franklin_33_43.8449_10.5020.json,custom
43.844028,10.502690,ov_lucca___piazza_san_salvatore_43.8440_10.5027,Lucca - Piazza San Salvatore,RESTAURANT,bar_cafe,https://raw.githubusercontent.com/pasqualelembo78/huntix-poi/main/italia/emilia-romagna/lucca/pages/lucca_-_piazza_san_salvatore_43.8440_10.5027.json,custom
43.843929,10.502706,ov_enoteca_vanni_43.8439_10.5027,Enoteca Vanni,RESTAURANT,bar_cafe,https://raw.githubusercontent.com/pasqualelembo78/huntix-poi/main/italia/emilia-romagna/lucca/pages/enoteca_vanni_43.8439_10.5027.json,custom
43.843943,10.503867,ov_enoteca_eccellenze_di_luigi_43.8439_10.5039,Enoteca Eccellenze di Luigi,RESTAURANT,bar_cafe,https://raw.githubusercontent.com/pasqualelembo78/huntix-poi/main/italia/emilia-romagna/lucca/pages/enoteca_eccellenze_di_luigi_43.8439_10.5039.json,custom
43.844272,10.504187,ov_antico_caffe_di_simo_43.8443_10.5042,Antico Caffe Di Simo,RESTAURANT,bar_cafe,https://raw.githubusercontent.com/pasqualelembo78/huntix-poi/main/italia/emilia-romagna/lucca/pages/antico_caffe_di_simo_43.8443_10.5042.json,custom
43.844182,10.504282,ov_ristori_lucca_43.8442_10.5043,Ristori Lucca,RESTAURANT,bar_cafe,https://raw.githubusercontent.com/pasqualelembo78/huntix-poi/main/italia/emilia-romagna/lucca/pages/ristori_lucca_43.8442_10.5043.json,custom
43.844562,10.505477,ov_pasticceria_buralli_snc_43.8446_10.5055,Pasticceria Buralli SNC,RESTAURANT,bar_cafe,https://raw.githubusercontent.com/pasqualelembo78/huntix-poi/main/italia/emilia-romagna/lucca/pages/pasticceria_buralli_snc_43.8446_10.5055.json,custom
43.844590,10.504160,ov_moka_bar_43.8446_10.5042,Moka Bar,RESTAURANT,bar_cafe,https://raw.githubusercontent.com/pasqualelembo78/huntix-poi/main/italia/emilia-romagna/lucca/pages/moka_bar_43.8446_10.5042.json,custom
43.844801,10.503936,ov_bar_caffe_ristretto_43.8448_10.5039,Bar Caffe Ristretto,RESTAURANT,bar_cafe,https://raw.githubusercontent.com/pasqualelembo78/huntix-poi/main/italia/emilia-romagna/lucca/pages/bar_caffe_ristretto_43.8448_10.5039.json,custom
43.844760,10.505186,ov_la_fanciulla_del_west_43.8448_10.5052,La Fanciulla Del West,RESTAURANT,bar_cafe,https://raw.githubusercontent.com/pasqualelembo78/huntix-poi/main/italia/emilia-romagna/lucca/pages/la_fanciulla_del_west_43.8448_10.5052.json,custom
43.844729,10.505422,ov_bar_del_sole_di_marcone_monica_43.8447_10.5054,Bar Del Sole Di Marcone Monica,RESTAURANT,bar_cafe,https://raw.githubusercontent.com/pasqualelembo78/huntix-poi/main/italia/emilia-romagna/lucca/pages/bar_del_sole_di_marcone_monica_43.8447_10.5054.json,custom
43.844939,10.518464,ov_bar_morino_43.8449_10.5185,Bar Morino,RESTAURANT,bar_cafe,https://raw.githubusercontent.com/pasqualelembo78/huntix-poi/main/italia/emilia-romagna/lucca/pages/bar_morino_43.8449_10.5185.json,custom
43.845192,10.518885,ov_bar_al_sottopasso_43.8452_10.5189,Bar Al Sottopasso,RESTAURANT,bar_cafe,https://raw.githubusercontent.com/pasqualelembo78/huntix-poi/main/italia/emilia-romagna/lucca/pages/bar_al_sottopasso_43.8452_10.5189.json,custom
43.853300,10.545860,ov_bar_qq3_43.8533_10.5459,BAR QQ3,RESTAURANT,bar_cafe,https://raw.githubusercontent.com/pasqualelembo78/huntix-poi/main/italia/emilia-romagna/lucca/pages/bar_qq3_43.8533_10.5459.json,custom
43.856642,10.519378,ov_biscuitgelateria_ristobar_lucca_43.8566_10.5194,BiscuitGelateria RistoBar Lucca,RESTAURANT,bar_cafe,https://raw.githubusercontent.com/pasqualelembo78/huntix-poi/main/italia/emilia-romagna/lucca/pages/biscuitgelateria_ristobar_lucca_43.8566_10.5194.json,custom
43.857903,10.520890,ov_vin_tage_43.8579_10.5209,Vin-tage,RESTAURANT,bar_cafe,https://raw.githubusercontent.com/pasqualelembo78/huntix-poi/main/italia/emilia-romagna/lucca/pages/vin-tage_43.8579_10.5209.json,custom
43.856312,10.525493,ov_caffe_pagni_43.8563_10.5255,Caffe Pagni,RESTAURANT,bar_cafe,https://raw.githubusercontent.com/pasqualelembo78/huntix-poi/main/italia/emilia-romagna/lucca/pages/caffe_pagni_43.8563_10.5255.json,custom
43.852470,10.539110,ov_bar_4_mura_di_gi__43.8525_10.5391,Bar 4 MURA di GIÒ,RESTAURANT,bar_cafe,https://raw.githubusercontent.com/pasqualelembo78/huntix-poi/main/italia/emilia-romagna/lucca/pages/bar_4_mura_di_gi_43.8525_10.5391.json,custom
43.854138,10.508787,ov_bar_bistrot_parapiglia_43.8541_10.5088,Bar Bistrot Parapiglia,RESTAURANT,bar_cafe,https://raw.githubusercontent.com/pasqualelembo78/huntix-poi/main/italia/emilia-romagna/lucca/pages/bar_bistrot_parapiglia_43.8541_10.5088.json,custom
43.853065,10.513754,ov_bar_san_marco_43.8531_10.5138,Bar San Marco,RESTAURANT,bar_cafe,https://raw.githubusercontent.com/pasqualelembo78/huntix-poi/main/italia/emilia-romagna/lucca/pages/bar_san_marco_43.8531_10.5138.json,custom
43.852665,10.507532,ov_pop_caff__lucca_43.8527_10.5075,Pop Caffè Lucca,RESTAURANT,bar_cafe,https://raw.githubusercontent.com/pasqualelembo78/huntix-poi/main/italia/emilia-romagna/lucca/pages/pop_caff_lucca_43.8527_10.5075.json,custom
43.852523,10.507180,ov_sandra___l_angolo_dolce_43.8525_10.5072,Sandra & L'Angolo Dolce,RESTAURANT,bar_cafe,https://raw.githubusercontent.com/pasqualelembo78/huntix-poi/main/italia/emilia-romagna/lucca/pages/sandra_langolo_dolce_43.8525_10.5072.json,custom
43.856133,10.511430,ov_bar_david_43.8561_10.5114,Bar David,RESTAURANT,bar_cafe,https://raw.githubusercontent.com/pasqualelembo78/huntix-poi/main/italia/emilia-romagna/lucca/pages/bar_david_43.8561_10.5114.json,custom
43.868586,10.537828,ov_bar_italia_43.8686_10.5378,Bar Italia,RESTAURANT,bar_cafe,https://raw.githubusercontent.com/pasqualelembo78/huntix-poi/main/italia/emilia-romagna/lucca/pages/bar_italia_43.8686_10.5378.json,custom
43.864305,10.509122,ov_dal_ragi__43.8643_10.5091,Dal Ragià,RESTAURANT,bar_cafe,https://raw.githubusercontent.com/pasqualelembo78/huntix-poi/main/italia/emilia-romagna/lucca/pages/dal_ragi_43.8643_10.5091.json,custom
43.861351,10.521515,ov_la_caffetteria_di_cicogni_luigi_43.8614_10.5215,La Caffetteria Di Cicogni Luigi,RESTAURANT,bar_cafe,https://raw.githubusercontent.com/pasqualelembo78/huntix-poi/main/italia/emilia-romagna/lucca/pages/la_caffetteria_di_cicogni_luigi_43.8614_10.5215.json,custom
43.876314,10.531692,ov_giorgina_coffee_di_bandettini_giampiero_43.8763_10.5317,Giorgina coffee di bandettini giampiero,RESTAURANT,bar_cafe,https://raw.githubusercontent.com/pasqualelembo78/huntix-poi/main/italia/emilia-romagna/lucca/pages/giorgina_coffee_di_bandettini_giampiero_43.8763_10.5317.json,custom
43.870184,10.534556,ov_caff__d_agostino_43.8702_10.5346,Caffè D'Agostino,RESTAURANT,bar_cafe,https://raw.githubusercontent.com/pasqualelembo78/huntix-poi/main/italia/emilia-romagna/lucca/pages/caff_dagostino_43.8702_10.5346.json,custom
43.869425,10.507207,ov_bar_tre_cancelli_43.8694_10.5072,Bar Tre Cancelli,RESTAURANT,bar_cafe,https://raw.githubusercontent.com/pasqualelembo78/huntix-poi/main/italia/emilia-romagna/lucca/pages/bar_tre_cancelli_43.8694_10.5072.json,custom
43.900400,10.537580,ov_barino_stadio_di_saltocchio_43.9004_10.5376,Barino Stadio Di Saltocchio,RESTAURANT,bar_cafe,https://raw.githubusercontent.com/pasqualelembo78/huntix-poi/main/italia/emilia-romagna/lucca/pages/barino_stadio_di_saltocchio_43.9004_10.5376.json,custom
43.900510,10.537750,ov_bar_collo_43.9005_10.5378,Bar.collo,RESTAURANT,bar_cafe,https://raw.githubusercontent.com/pasqualelembo78/huntix-poi/main/italia/emilia-romagna/lucca/pages/barcollo_43.9005_10.5378.json,custom
43.902230,10.535890,ov_il_pipporo_caffe__43.9022_10.5359,IL Pipporo Caffe',RESTAURANT,bar_cafe,https://raw.githubusercontent.com/pasqualelembo78/huntix-poi/main/italia/emilia-romagna/lucca/pages/il_pipporo_caffe_43.9022_10.5359.json,custom
43.909684,10.529291,ov_caffetteria_graziella_43.9097_10.5293,Caffetteria Graziella,RESTAURANT,bar_cafe,https://raw.githubusercontent.com/pasqualelembo78/huntix-poi/main/italia/emilia-romagna/lucca/pages/caffetteria_graziella_43.9097_10.5293.json,custom
43.910303,10.529043,ov_bar_barrito_43.9103_10.5290,Bar Barrito,RESTAURANT,bar_cafe,https://raw.githubusercontent.com/pasqualelembo78/huntix-poi/main/italia/emilia-romagna/lucca/pages/bar_barrito_43.9103_10.5290.json,custom
43.910399,10.526557,ov_bar_cendora_43.9104_10.5266,Bar Cendora,RESTAURANT,bar_cafe,https://raw.githubusercontent.com/pasqualelembo78/huntix-poi/main/italia/emilia-romagna/lucca/pages/bar_cendora_43.9104_10.5266.json,custom
43.908520,10.538560,ov_sandy_bar_43.9085_10.5386,Sandy Bar,RESTAURANT,bar_cafe,https://raw.githubusercontent.com/pasqualelembo78/huntix-poi/main/italia/emilia-romagna/lucca/pages/sandy_bar_43.9085_10.5386.json,custom
43.908360,10.533502,ov_bar_stazione_43.9084_10.5335,Bar Stazione,RESTAURANT,bar_cafe,https://raw.githubusercontent.com/pasqualelembo78/huntix-poi/main/italia/emilia-romagna/lucca/pages/bar_stazione_43.9084_10.5335.json,custom
43.911434,10.560670,ov_la_macina_43.9114_10.5607,La Macina,RESTAURANT,bar_cafe,https://raw.githubusercontent.com/pasqualelembo78/huntix-poi/main/italia/emilia-romagna/lucca/pages/la_macina_43.9114_10.5607.json,custom
43.909691,10.529338,osm_graziella_caffetteria_43.9097_10.5293,Graziella Caffetteria,bar_cafe,bar_cafe,https://raw.githubusercontent.com/pasqualelembo78/huntix-poi/main/italia/emilia-romagna/lucca/pages/graziella_caffetteria_43.9097_10.5293.json,custom
43.842066,10.500224,osm_bar_teani_snc_43.8421_10.5002,Bar Teani SNC,bar_cafe,bar_cafe,https://raw.githubusercontent.com/pasqualelembo78/huntix-poi/main/italia/emilia-romagna/lucca/pages/bar_teani_snc_43.8421_10.5002.json,custom
43.839628,10.501694,osm_gelateria_veneta_43.8396_10.5017,Gelateria Veneta,bar_cafe,bar_cafe,https://raw.githubusercontent.com/pasqualelembo78/huntix-poi/main/italia/emilia-romagna/lucca/pages/gelateria_veneta_43.8396_10.5017.json,custom
43.838129,10.507638,osm_bar_cupido_43.8381_10.5076,Bar Cupido,bar_cafe,bar_cafe,https://raw.githubusercontent.com/pasqualelembo78/huntix-poi/main/italia/emilia-romagna/lucca/pages/bar_cupido_43.8381_10.5076.json,custom
43.838133,10.507474,osm_mcculloughs_irish_pub_43.8381_10.5075,McCulloughs Irish Pub,bar_cafe,bar_cafe,https://raw.githubusercontent.com/pasqualelembo78/huntix-poi/main/italia/emilia-romagna/lucca/pages/mcculloughs_irish_pub_43.8381_10.5075.json,custom
43.839293,10.507181,osm_caffetteria_san_colombano_43.8393_10.5072,Caffetteria San Colombano,bar_cafe,bar_cafe,https://raw.githubusercontent.com/pasqualelembo78/huntix-poi/main/italia/emilia-romagna/lucca/pages/caffetteria_san_colombano_43.8393_10.5072.json,custom
43.846893,10.508179,osm_de_cervesia_43.8469_10.5082,De Cervesia,bar_cafe,bar_cafe,https://raw.githubusercontent.com/pasqualelembo78/huntix-poi/main/italia/emilia-romagna/lucca/pages/de_cervesia_43.8469_10.5082.json,custom
43.845047,10.504613,osm_de_cervesia_43.8450_10.5046,De Cervesia,bar_cafe,bar_cafe,https://raw.githubusercontent.com/pasqualelembo78/huntix-poi/main/italia/emilia-romagna/lucca/pages/de_cervesia_43.8450_10.5046.json,custom
43.842697,10.503152,osm_caff__casali_43.8427_10.5032,Caffè Casali,bar_cafe,bar_cafe,https://raw.githubusercontent.com/pasqualelembo78/huntix-poi/main/italia/emilia-romagna/lucca/pages/caff_casali_43.8427_10.5032.json,custom
43.848602,10.523779,osm_pasticceria_regina_43.8486_10.5238,Pasticceria Regina,bar_cafe,bar_cafe,https://raw.githubusercontent.com/pasqualelembo78/huntix-poi/main/italia/emilia-romagna/lucca/pages/pasticceria_regina_43.8486_10.5238.json,custom
43.844759,10.504090,osm_caff__ristretto_43.8448_10.5041,Caffè Ristretto,bar_cafe,bar_cafe,https://raw.githubusercontent.com/pasqualelembo78/huntix-poi/main/italia/emilia-romagna/lucca/pages/caff_ristretto_43.8448_10.5041.json,custom
43.836425,10.500309,osm_pasticceria_la_soave_di_lazzari_antonell_43.8364_10.5003,Pasticceria La Soave di Lazzari Antonella,bar_cafe,bar_cafe,https://raw.githubusercontent.com/pasqualelembo78/huntix-poi/main/italia/emilia-romagna/lucca/pages/pasticceria_la_soave_di_lazzari_antonell_43.8364_10.5003.json,custom
43.842858,10.502127,osm_san_michele_43.8429_10.5021,San Michele,bar_cafe,bar_cafe,https://raw.githubusercontent.com/pasqualelembo78/huntix-poi/main/italia/emilia-romagna/lucca/pages/san_michele_43.8429_10.5021.json,custom
43.845222,10.509536,osm_caffetteria_la_piazzetta_43.8452_10.5095,Caffetteria la Piazzetta,bar_cafe,bar_cafe,https://raw.githubusercontent.com/pasqualelembo78/huntix-poi/main/italia/emilia-romagna/lucca/pages/caffetteria_la_piazzetta_43.8452_10.5095.json,custom
43.841537,10.503324,osm_magazzino_43.8415_10.5033,Magazzino,bar_cafe,bar_cafe,https://raw.githubusercontent.com/pasqualelembo78/huntix-poi/main/italia/emilia-romagna/lucca/pages/magazzino_43.8415_10.5033.json,custom
43.842949,10.501480,osm_manon_lescaut_43.8429_10.5015,Manon Lescaut,bar_cafe,bar_cafe,https://raw.githubusercontent.com/pasqualelembo78/huntix-poi/main/italia/emilia-romagna/lucca/pages/manon_lescaut_43.8429_10.5015.json,custom
43.840940,10.504301,osm_caff__del_duomo_43.8409_10.5043,Caffè del Duomo,bar_cafe,bar_cafe,https://raw.githubusercontent.com/pasqualelembo78/huntix-poi/main/italia/emilia-romagna/lucca/pages/caff_del_duomo_43.8409_10.5043.json,custom
43.841850,10.502554,osm_gelateria_il_pinguino_43.8419_10.5026,Gelateria il Pinguino,bar_cafe,bar_cafe,https://raw.githubusercontent.com/pasqualelembo78/huntix-poi/main/italia/emilia-romagna/lucca/pages/gelateria_il_pinguino_43.8419_10.5026.json,custom
43.836356,10.501717,osm_bar_ristoro_da_sean_43.8364_10.5017,Bar Ristoro da Sean,bar_cafe,bar_cafe,https://raw.githubusercontent.com/pasqualelembo78/huntix-poi/main/italia/emilia-romagna/lucca/pages/bar_ristoro_da_sean_43.8364_10.5017.json,custom
43.842997,10.512029,osm_cibus_e_pizza_43.8430_10.5120,Cibus e Pizza,bar_cafe,bar_cafe,https://raw.githubusercontent.com/pasqualelembo78/huntix-poi/main/italia/emilia-romagna/lucca/pages/cibus_e_pizza_43.8430_10.5120.json,custom
43.843008,10.512264,osm_pasticceria_elisa_43.8430_10.5123,Pasticceria Elisa,bar_cafe,bar_cafe,https://raw.githubusercontent.com/pasqualelembo78/huntix-poi/main/italia/emilia-romagna/lucca/pages/pasticceria_elisa_43.8430_10.5123.json,custom
43.842910,10.511417,osm_stravinsky_43.8429_10.5114,StraVinSky,bar_cafe,bar_cafe,https://raw.githubusercontent.com/pasqualelembo78/huntix-poi/main/italia/emilia-romagna/lucca/pages/stravinsky_43.8429_10.5114.json,custom
43.845064,10.509806,osm_bar_osteria_dello_stellario_43.8451_10.5098,Bar Osteria dello Stellario,bar_cafe,bar_cafe,https://raw.githubusercontent.com/pasqualelembo78/huntix-poi/main/italia/emilia-romagna/lucca/pages/bar_osteria_dello_stellario_43.8451_10.5098.json,custom
43.843423,10.502577,osm_screwdriver__cocktail_bar_43.8434_10.5026,Screwdriver, Cocktail Bar,bar_cafe,bar_cafe,https://raw.githubusercontent.com/pasqualelembo78/huntix-poi/main/italia/emilia-romagna/lucca/pages/screwdriver_cocktail_bar_43.8434_10.5026.json,custom
43.841890,10.502246,osm_caff__ninci_43.8419_10.5022,Caffè Ninci,bar_cafe,bar_cafe,https://raw.githubusercontent.com/pasqualelembo78/huntix-poi/main/italia/emilia-romagna/lucca/pages/caff_ninci_43.8419_10.5022.json,custom
43.846314,10.507009,osm_bar_centro_43.8463_10.5070,Bar Centro,bar_cafe,bar_cafe,https://raw.githubusercontent.com/pasqualelembo78/huntix-poi/main/italia/emilia-romagna/lucca/pages/bar_centro_43.8463_10.5070.json,custom
43.838333,10.501669,osm_antico_caff__delle_mura_43.8383_10.5017,Antico Caffè delle Mura,bar_cafe,bar_cafe,https://raw.githubusercontent.com/pasqualelembo78/huntix-poi/main/italia/emilia-romagna/lucca/pages/antico_caff_delle_mura_43.8383_10.5017.json,custom
43.827350,10.510727,ov_abacada_luna_43.8274_10.5107,Abacada Luna,GYM,palestra,https://raw.githubusercontent.com/pasqualelembo78/huntix-poi/main/italia/emilia-romagna/lucca/pages/abacada_luna_43.8274_10.5107.json,custom
43.830740,10.501935,ov_danza_lucca_43.8307_10.5019,Danza Lucca,GYM,palestra,https://raw.githubusercontent.com/pasqualelembo78/huntix-poi/main/italia/emilia-romagna/lucca/pages/danza_lucca_43.8307_10.5019.json,custom
43.832174,10.503483,ov_associazione_culturale_la_farfalla_43.8322_10.5035,Associazione Culturale La Farfalla,GYM,palestra,https://raw.githubusercontent.com/pasqualelembo78/huntix-poi/main/italia/emilia-romagna/lucca/pages/associazione_culturale_la_farfalla_43.8322_10.5035.json,custom
43.842850,10.509399,ov_anspi_sillicano___sede_43.8429_10.5094,ANSPI Sillicano - SEDE,GYM,palestra,https://raw.githubusercontent.com/pasqualelembo78/huntix-poi/main/italia/emilia-romagna/lucca/pages/anspi_sillicano_-_sede_43.8429_10.5094.json,custom
43.839458,10.511829,ov_officina_pilates_43.8395_10.5118,Officina Pilates,GYM,palestra,https://raw.githubusercontent.com/pasqualelembo78/huntix-poi/main/italia/emilia-romagna/lucca/pages/officina_pilates_43.8395_10.5118.json,custom
43.837918,10.512722,ov_palestra_happy_gym_43.8379_10.5127,Palestra Happy Gym,GYM,palestra,https://raw.githubusercontent.com/pasqualelembo78/huntix-poi/main/italia/emilia-romagna/lucca/pages/palestra_happy_gym_43.8379_10.5127.json,custom
43.837670,10.502360,ov_pugilistica_lucchese_43.8377_10.5024,Pugilistica Lucchese,GYM,palestra,https://raw.githubusercontent.com/pasqualelembo78/huntix-poi/main/italia/emilia-romagna/lucca/pages/pugilistica_lucchese_43.8377_10.5024.json,custom
43.836307,10.501623,ov_tai_chi_lucca_43.8363_10.5016,Tai Chi Lucca,GYM,palestra,https://raw.githubusercontent.com/pasqualelembo78/huntix-poi/main/italia/emilia-romagna/lucca/pages/tai_chi_lucca_43.8363_10.5016.json,custom
43.836518,10.504396,ov_fuoricentro_danza_43.8365_10.5044,Fuoricentro Danza,GYM,palestra,https://raw.githubusercontent.com/pasqualelembo78/huntix-poi/main/italia/emilia-romagna/lucca/pages/fuoricentro_danza_43.8365_10.5044.json,custom
43.838260,10.536722,ov_luca_e_rosa_43.8383_10.5367,Luca e Rosa,GYM,palestra,https://raw.githubusercontent.com/pasqualelembo78/huntix-poi/main/italia/emilia-romagna/lucca/pages/luca_e_rosa_43.8383_10.5367.json,custom
43.838861,10.535001,ov_sede_asd_rumba_que_salsa_lucca_43.8389_10.5350,Sede Asd Rumba que Salsa Lucca,GYM,palestra,https://raw.githubusercontent.com/pasqualelembo78/huntix-poi/main/italia/emilia-romagna/lucca/pages/sede_asd_rumba_que_salsa_lucca_43.8389_10.5350.json,custom
43.839325,10.536511,ov_alchimia_dance_43.8393_10.5365,Alchimia Dance,GYM,palestra,https://raw.githubusercontent.com/pasqualelembo78/huntix-poi/main/italia/emilia-romagna/lucca/pages/alchimia_dance_43.8393_10.5365.json,custom
43.837614,10.524048,ov_palestra_life_43.8376_10.5240,Palestra Life,GYM,palestra,https://raw.githubusercontent.com/pasqualelembo78/huntix-poi/main/italia/emilia-romagna/lucca/pages/palestra_life_43.8376_10.5240.json,custom
43.840213,10.518115,ov_studio_yoga_benessere_forza_vitale_lucca_43.8402_10.5181,Studio Yoga Benessere Forza Vitale Lucca,GYM,palestra,https://raw.githubusercontent.com/pasqualelembo78/huntix-poi/main/italia/emilia-romagna/lucca/pages/studio_yoga_benessere_forza_vitale_lucca_43.8402_10.5181.json,custom
43.842982,10.526119,ov_fitness_360_lucca_43.8430_10.5261,Fitness 360 Lucca,GYM,palestra,https://raw.githubusercontent.com/pasqualelembo78/huntix-poi/main/italia/emilia-romagna/lucca/pages/fitness_360_lucca_43.8430_10.5261.json,custom
43.842816,10.526115,ov_boxelucca_43.8428_10.5261,BoxeLucca,GYM,palestra,https://raw.githubusercontent.com/pasqualelembo78/huntix-poi/main/italia/emilia-romagna/lucca/pages/boxelucca_43.8428_10.5261.json,custom
43.840410,10.527040,ov_thai_boxe_gym_lucca_43.8404_10.5270,Thai Boxe Gym Lucca,GYM,palestra,https://raw.githubusercontent.com/pasqualelembo78/huntix-poi/main/italia/emilia-romagna/lucca/pages/thai_boxe_gym_lucca_43.8404_10.5270.json,custom
43.840032,10.555144,ov_movinart_dance_studio_43.8400_10.5551,Movinart Dance Studio,GYM,palestra,https://raw.githubusercontent.com/pasqualelembo78/huntix-poi/main/italia/emilia-romagna/lucca/pages/movinart_dance_studio_43.8400_10.5551.json,custom
43.839878,10.555133,ov_studio_personal_dance_curse_it2_43.8399_10.5551,Studio Personal Dance Curse IT2,GYM,palestra,https://raw.githubusercontent.com/pasqualelembo78/huntix-poi/main/italia/emilia-romagna/lucca/pages/studio_personal_dance_curse_it2_43.8399_10.5551.json,custom
43.834341,10.528121,ov_pole_dance_lucca_43.8343_10.5281,Pole Dance Lucca,GYM,palestra,https://raw.githubusercontent.com/pasqualelembo78/huntix-poi/main/italia/emilia-romagna/lucca/pages/pole_dance_lucca_43.8343_10.5281.json,custom
43.833914,10.524857,ov_johnny_club_lucca_43.8339_10.5249,Johnny Club Lucca,GYM,palestra,https://raw.githubusercontent.com/pasqualelembo78/huntix-poi/main/italia/emilia-romagna/lucca/pages/johnny_club_lucca_43.8339_10.5249.json,custom
43.834154,10.524655,ov_salsa_de_alma_43.8342_10.5247,Salsa de Alma,GYM,palestra,https://raw.githubusercontent.com/pasqualelembo78/huntix-poi/main/italia/emilia-romagna/lucca/pages/salsa_de_alma_43.8342_10.5247.json,custom
43.833705,10.524888,ov_calcetto_sul_tetto_43.8337_10.5249,Calcetto sul Tetto,GYM,palestra,https://raw.githubusercontent.com/pasqualelembo78/huntix-poi/main/italia/emilia-romagna/lucca/pages/calcetto_sul_tetto_43.8337_10.5249.json,custom
43.831658,10.520344,ov_genesi_fitness_43.8317_10.5203,Genesi Fitness,GYM,palestra,https://raw.githubusercontent.com/pasqualelembo78/huntix-poi/main/italia/emilia-romagna/lucca/pages/genesi_fitness_43.8317_10.5203.json,custom
43.848920,10.505300,ov_endas_comitato_provinciale_di_lucca_43.8489_10.5053,ENDAS Comitato provinciale di Lucca,GYM,palestra,https://raw.githubusercontent.com/pasqualelembo78/huntix-poi/main/italia/emilia-romagna/lucca/pages/endas_comitato_provinciale_di_lucca_43.8489_10.5053.json,custom
43.850992,10.500817,ov_il_mercatino_delle_tagliate_43.8510_10.5008,Il Mercatino delle Tagliate,GYM,palestra,https://raw.githubusercontent.com/pasqualelembo78/huntix-poi/main/italia/emilia-romagna/lucca/pages/il_mercatino_delle_tagliate_43.8510_10.5008.json,custom
43.851336,10.505035,ov_art_danza_arabesque_43.8513_10.5050,Art&danza Arabesque,GYM,palestra,https://raw.githubusercontent.com/pasqualelembo78/huntix-poi/main/italia/emilia-romagna/lucca/pages/artdanza_arabesque_43.8513_10.5050.json,custom
43.850498,10.505236,ov_crossfit_bad_beast_43.8505_10.5052,CrossFit Bad Beast,GYM,palestra,https://raw.githubusercontent.com/pasqualelembo78/huntix-poi/main/italia/emilia-romagna/lucca/pages/crossfit_bad_beast_43.8505_10.5052.json,custom
43.850388,10.504605,ov_ginnastica_ritmica_lucca_43.8504_10.5046,Ginnastica Ritmica Lucca,GYM,palestra,https://raw.githubusercontent.com/pasqualelembo78/huntix-poi/main/italia/emilia-romagna/lucca/pages/ginnastica_ritmica_lucca_43.8504_10.5046.json,custom
43.850440,10.506870,ov_pinturtango_43.8504_10.5069,PinturTango,GYM,palestra,https://raw.githubusercontent.com/pasqualelembo78/huntix-poi/main/italia/emilia-romagna/lucca/pages/pinturtango_43.8504_10.5069.json,custom
43.851820,10.527967,ov_palasport_bowling_lucca_43.8518_10.5280,Palasport Bowling Lucca,GYM,palestra,https://raw.githubusercontent.com/pasqualelembo78/huntix-poi/main/italia/emilia-romagna/lucca/pages/palasport_bowling_lucca_43.8518_10.5280.json,custom
43.847018,10.525791,ov_evolution_lab_2_0___the_gym_43.8470_10.5258,Evolution lab 2.0 - The Gym,GYM,palestra,https://raw.githubusercontent.com/pasqualelembo78/huntix-poi/main/italia/emilia-romagna/lucca/pages/evolution_lab_20_-_the_gym_43.8470_10.5258.json,custom
43.846033,10.526017,ov_tai_chi_centro_studio_43.8460_10.5260,Tai Chi Centro Studio,GYM,palestra,https://raw.githubusercontent.com/pasqualelembo78/huntix-poi/main/italia/emilia-romagna/lucca/pages/tai_chi_centro_studio_43.8460_10.5260.json,custom
43.846779,10.513517,ov_palestra_bacchettoni_43.8468_10.5135,Palestra Bacchettoni,GYM,palestra,https://raw.githubusercontent.com/pasqualelembo78/huntix-poi/main/italia/emilia-romagna/lucca/pages/palestra_bacchettoni_43.8468_10.5135.json,custom
43.844643,10.513725,ov_johnny_the_best_43.8446_10.5137,Johnny The Best,GYM,palestra,https://raw.githubusercontent.com/pasqualelembo78/huntix-poi/main/italia/emilia-romagna/lucca/pages/johnny_the_best_43.8446_10.5137.json,custom
43.844180,10.518466,ov_centro_studi_attivita_motorie_43.8442_10.5185,Centro Studi Attivita Motorie,GYM,palestra,https://raw.githubusercontent.com/pasqualelembo78/huntix-poi/main/italia/emilia-romagna/lucca/pages/centro_studi_attivita_motorie_43.8442_10.5185.json,custom
43.857146,10.518136,ov_84_fitness_43.8571_10.5181,84 Fitness,GYM,palestra,https://raw.githubusercontent.com/pasqualelembo78/huntix-poi/main/italia/emilia-romagna/lucca/pages/84_fitness_43.8571_10.5181.json,custom
43.857783,10.517225,ov_smash_hip_hop_poin1_43.8578_10.5172,Smash Hip Hop Poin1,GYM,palestra,https://raw.githubusercontent.com/pasqualelembo78/huntix-poi/main/italia/emilia-romagna/lucca/pages/smash_hip_hop_poin1_43.8578_10.5172.json,custom
43.855944,10.528510,ov_arcieri_lucca_43.8559_10.5285,Arcieri Lucca,GYM,palestra,https://raw.githubusercontent.com/pasqualelembo78/huntix-poi/main/italia/emilia-romagna/lucca/pages/arcieri_lucca_43.8559_10.5285.json,custom
43.853063,10.527154,ov_fit_express_lucca_san_vito_43.8531_10.5272,Fit Express Lucca San Vito,GYM,palestra,https://raw.githubusercontent.com/pasqualelembo78/huntix-poi/main/italia/emilia-romagna/lucca/pages/fit_express_lucca_san_vito_43.8531_10.5272.json,custom
43.854209,10.511990,ov_palestra_filippo_martini_43.8542_10.5120,Palestra Filippo Martini,GYM,palestra,https://raw.githubusercontent.com/pasqualelembo78/huntix-poi/main/italia/emilia-romagna/lucca/pages/palestra_filippo_martini_43.8542_10.5120.json,custom
43.853656,10.509049,ov_new_studio_accademico_43.8537_10.5090,New Studio Accademico,GYM,palestra,https://raw.githubusercontent.com/pasqualelembo78/huntix-poi/main/italia/emilia-romagna/lucca/pages/new_studio_accademico_43.8537_10.5090.json,custom
43.855052,10.510482,ov_studio_pilates_25_43.8551_10.5105,Studio Pilates 25,GYM,palestra,https://raw.githubusercontent.com/pasqualelembo78/huntix-poi/main/italia/emilia-romagna/lucca/pages/studio_pilates_25_43.8551_10.5105.json,custom
43.855056,10.510487,ov_centro_amrita_43.8551_10.5105,Centro Amrita,GYM,palestra,https://raw.githubusercontent.com/pasqualelembo78/huntix-poi/main/italia/emilia-romagna/lucca/pages/centro_amrita_43.8551_10.5105.json,custom
43.855281,10.510210,ov_anatomia_per_il_movimento_italia_43.8553_10.5102,Anatomia per il Movimento Italia,GYM,palestra,https://raw.githubusercontent.com/pasqualelembo78/huntix-poi/main/italia/emilia-romagna/lucca/pages/anatomia_per_il_movimento_italia_43.8553_10.5102.json,custom
43.907190,10.532210,ov_podistica_s_pancrazio_43.9072_10.5322,Podistica S.Pancrazio,GYM,palestra,https://raw.githubusercontent.com/pasqualelembo78/huntix-poi/main/italia/emilia-romagna/lucca/pages/podistica_spancrazio_43.9072_10.5322.json,custom
43.841890,10.501436,ov_fondazione_paolo_cresci_43.8419_10.5014,Fondazione Paolo Cresci,MUSEUM,monumento,https://raw.githubusercontent.com/pasqualelembo78/huntix-poi/main/italia/emilia-romagna/lucca/pages/fondazione_paolo_cresci_43.8419_10.5014.json,custom
43.842950,10.500100,ov_chiesa_di_san_matteo_43.8430_10.5001,Chiesa di San Matteo,MONUMENT,monumento,https://raw.githubusercontent.com/pasqualelembo78/huntix-poi/main/italia/emilia-romagna/lucca/pages/chiesa_di_san_matteo_43.8430_10.5001.json,custom
43.843024,10.501236,ov_puccini_museum_43.8430_10.5012,Puccini Museum,MUSEUM,monumento,https://raw.githubusercontent.com/pasqualelembo78/huntix-poi/main/italia/emilia-romagna/lucca/pages/puccini_museum_43.8430_10.5012.json,custom
43.843110,10.501348,ov_statue_of_giacomo_puccini_43.8431_10.5013,Statue of Giacomo Puccini,MONUMENT,monumento,https://raw.githubusercontent.com/pasqualelembo78/huntix-poi/main/italia/emilia-romagna/lucca/pages/statue_of_giacomo_puccini_43.8431_10.5013.json,custom
43.843620,10.507373,ov_museo_del_motore_a_scoppio_barsanti_e_ma_43.8436_10.5074,Museo del motore a scoppio Barsanti e Matteucci,MUSEUM,monumento,https://raw.githubusercontent.com/pasqualelembo78/huntix-poi/main/italia/emilia-romagna/lucca/pages/museo_del_motore_a_scoppio_barsanti_e_ma_43.8436_10.5074.json,custom
43.842539,10.510949,ov_fondazione_centro_studi_ragghianti_43.8425_10.5109,Fondazione Centro Studi Ragghianti,MUSEUM,monumento,https://raw.githubusercontent.com/pasqualelembo78/huntix-poi/main/italia/emilia-romagna/lucca/pages/fondazione_centro_studi_ragghianti_43.8425_10.5109.json,custom
43.841248,10.504593,ov_campanile_santi_giovanni_e_reparata_43.8412_10.5046,Campanile Santi Giovanni e Reparata,MONUMENT,monumento,https://raw.githubusercontent.com/pasqualelembo78/huntix-poi/main/italia/emilia-romagna/lucca/pages/campanile_santi_giovanni_e_reparata_43.8412_10.5046.json,custom
43.841049,10.501326,ov_museo_del_risorgimento_43.8410_10.5013,Museo del Risorgimento,MUSEUM,monumento,https://raw.githubusercontent.com/pasqualelembo78/huntix-poi/main/italia/emilia-romagna/lucca/pages/museo_del_risorgimento_43.8410_10.5013.json,custom
43.840976,10.506116,ov_museo_della_cattedrale_43.8410_10.5061,Museo della Cattedrale,MUSEUM,monumento,https://raw.githubusercontent.com/pasqualelembo78/huntix-poi/main/italia/emilia-romagna/lucca/pages/museo_della_cattedrale_43.8410_10.5061.json,custom
43.840597,10.506450,ov_monumento_funebre_a_ilaria_del_carretto_43.8406_10.5064,Monumento funebre a Ilaria del Carretto,MONUMENT,monumento,https://raw.githubusercontent.com/pasqualelembo78/huntix-poi/main/italia/emilia-romagna/lucca/pages/monumento_funebre_a_ilaria_del_carretto_43.8406_10.5064.json,custom
43.840010,10.502434,ov_mura_di_lucca_43.8400_10.5024,Mura di Lucca,MONUMENT,monumento,https://raw.githubusercontent.com/pasqualelembo78/huntix-poi/main/italia/emilia-romagna/lucca/pages/mura_di_lucca_43.8400_10.5024.json,custom
43.839411,10.507083,ov_baluardo_san_colombano_43.8394_10.5071,Baluardo San Colombano,MONUMENT,monumento,https://raw.githubusercontent.com/pasqualelembo78/huntix-poi/main/italia/emilia-romagna/lucca/pages/baluardo_san_colombano_43.8394_10.5071.json,custom
43.838400,10.503700,ov_museo_arte_del_passato_43.8384_10.5037,Museo Arte del Passato,MUSEUM,monumento,https://raw.githubusercontent.com/pasqualelembo78/huntix-poi/main/italia/emilia-romagna/lucca/pages/museo_arte_del_passato_43.8384_10.5037.json,custom
43.841810,10.518330,ov_lucca_biennale_cartasia_43.8418_10.5183,Lucca Biennale Cartasia,MUSEUM,monumento,https://raw.githubusercontent.com/pasqualelembo78/huntix-poi/main/italia/emilia-romagna/lucca/pages/lucca_biennale_cartasia_43.8418_10.5183.json,custom
43.843039,10.515650,ov_mura_di_lucca_43.8430_10.5157,Mura di Lucca,MONUMENT,monumento,https://raw.githubusercontent.com/pasqualelembo78/huntix-poi/main/italia/emilia-romagna/lucca/pages/mura_di_lucca_43.8430_10.5157.json,custom
43.846240,10.505110,ov_chiostro_di_santa_caterina_43.8462_10.5051,Chiostro di Santa Caterina,MONUMENT,monumento,https://raw.githubusercontent.com/pasqualelembo78/huntix-poi/main/italia/emilia-romagna/lucca/pages/chiostro_di_santa_caterina_43.8462_10.5051.json,custom
43.846380,10.507014,ov_museum_of_torture_43.8464_10.5070,Museum of Torture,MUSEUM,monumento,https://raw.githubusercontent.com/pasqualelembo78/huntix-poi/main/italia/emilia-romagna/lucca/pages/museum_of_torture_43.8464_10.5070.json,custom
43.845804,10.513734,ov_musei_nazionali_lucca_43.8458_10.5137,Musei nazionali Lucca,MUSEUM,monumento,https://raw.githubusercontent.com/pasqualelembo78/huntix-poi/main/italia/emilia-romagna/lucca/pages/musei_nazionali_lucca_43.8458_10.5137.json,custom
43.845143,10.512305,ov_museo_nazionale_di_villa_guinigi_43.8451_10.5123,Museo Nazionale di Villa Guinigi,MUSEUM,monumento,https://raw.githubusercontent.com/pasqualelembo78/huntix-poi/main/italia/emilia-romagna/lucca/pages/museo_nazionale_di_villa_guinigi_43.8451_10.5123.json,custom
43.845159,10.509582,ov_madonna_dello_stellario_43.8452_10.5096,Madonna dello Stellario,MONUMENT,monumento,https://raw.githubusercontent.com/pasqualelembo78/huntix-poi/main/italia/emilia-romagna/lucca/pages/madonna_dello_stellario_43.8452_10.5096.json,custom
43.845033,10.509321,ov_lu_c_c_a__lucca_center_of_contemporary_a_43.8450_10.5093,Lu.C.C.A. Lucca Center of Contemporary Art,MUSEUM,monumento,https://raw.githubusercontent.com/pasqualelembo78/huntix-poi/main/italia/emilia-romagna/lucca/pages/lucca_lucca_center_of_contemporary_art_43.8450_10.5093.json,custom
43.845500,10.503200,ov_gabinetto_di_storia_naturale_43.8455_10.5032,Gabinetto di Storia Naturale,MUSEUM,monumento,https://raw.githubusercontent.com/pasqualelembo78/huntix-poi/main/italia/emilia-romagna/lucca/pages/gabinetto_di_storia_naturale_43.8455_10.5032.json,custom
43.845599,10.503048,ov_palazzo_pfanner_43.8456_10.5030,Palazzo Pfanner,MUSEUM,monumento,https://raw.githubusercontent.com/pasqualelembo78/huntix-poi/main/italia/emilia-romagna/lucca/pages/palazzo_pfanner_43.8456_10.5030.json,custom
43.871696,10.579666,ov_9_muse_43.8717_10.5797,9 Muse,MUSEUM,monumento,https://raw.githubusercontent.com/pasqualelembo78/huntix-poi/main/italia/emilia-romagna/lucca/pages/9_muse_43.8717_10.5797.json,custom
43.948019,10.525044,ov_croce_di_brancoli_43.9480_10.5250,Croce di Brancoli,MONUMENT,monumento,https://raw.githubusercontent.com/pasqualelembo78/huntix-poi/main/italia/emilia-romagna/lucca/pages/croce_di_brancoli_43.9480_10.5250.json,custom
43.940620,10.538087,ov_piazza_di_brancoli_43.9406_10.5381,Piazza di Brancoli,MUSEUM,monumento,https://raw.githubusercontent.com/pasqualelembo78/huntix-poi/main/italia/emilia-romagna/lucca/pages/piazza_di_brancoli_43.9406_10.5381.json,custom
43.844097,10.517314,osm_poste_italiane_43.8441_10.5173,Poste Italiane,ufficio_postale,ufficio_postale,https://raw.githubusercontent.com/pasqualelembo78/huntix-poi/main/italia/emilia-romagna/lucca/pages/poste_italiane_43.8441_10.5173.json,custom
43.852551,10.532095,osm_poste_italiane_43.8526_10.5321,Poste Italiane,ufficio_postale,ufficio_postale,https://raw.githubusercontent.com/pasqualelembo78/huntix-poi/main/italia/emilia-romagna/lucca/pages/poste_italiane_43.8526_10.5321.json,custom
43.833162,10.505378,ov_biblioteca_popolare_quartiere_s__concord_43.8332_10.5054,Biblioteca Popolare Quartiere S. Concordio,LIBRARY,biblioteca,https://raw.githubusercontent.com/pasqualelembo78/huntix-poi/main/italia/emilia-romagna/lucca/pages/biblioteca_popolare_quartiere_s_concordi_43.8332_10.5054.json,custom
43.841810,10.506010,ov_biblioteca_civica_agor__43.8418_10.5060,Biblioteca Civica Agorà,LIBRARY,biblioteca,https://raw.githubusercontent.com/pasqualelembo78/huntix-poi/main/italia/emilia-romagna/lucca/pages/biblioteca_civica_agor_43.8418_10.5060.json,custom
43.843147,10.512424,ov_imt_library_43.8431_10.5124,IMT Library,LIBRARY,biblioteca,https://raw.githubusercontent.com/pasqualelembo78/huntix-poi/main/italia/emilia-romagna/lucca/pages/imt_library_43.8431_10.5124.json,custom
43.844864,10.501242,ov_biblioteca_statale_di_lucca_43.8449_10.5012,Biblioteca Statale di Lucca,LIBRARY,biblioteca,https://raw.githubusercontent.com/pasqualelembo78/huntix-poi/main/italia/emilia-romagna/lucca/pages/biblioteca_statale_di_lucca_43.8449_10.5012.json,custom
43.857568,10.512819,ov_il_cantiere_giovani_43.8576_10.5128,Il Cantiere Giovani,LIBRARY,biblioteca,https://raw.githubusercontent.com/pasqualelembo78/huntix-poi/main/italia/emilia-romagna/lucca/pages/il_cantiere_giovani_43.8576_10.5128.json,custom
43.857538,10.512921,ov_cesdop_43.8575_10.5129,CeSDoP,LIBRARY,biblioteca,https://raw.githubusercontent.com/pasqualelembo78/huntix-poi/main/italia/emilia-romagna/lucca/pages/cesdop_43.8575_10.5129.json,custom
43.841696,10.506322,osm_emeroteca_comunale_arrigo_benedetti_43.8417_10.5063,Emeroteca comunale Arrigo Benedetti,biblioteca,biblioteca,https://raw.githubusercontent.com/pasqualelembo78/huntix-poi/main/italia/emilia-romagna/lucca/pages/emeroteca_comunale_arrigo_benedetti_43.8417_10.5063.json,custom
43.857555,10.512814,osm_cesdop_centro_studi_e_documentazione_pro_43.8576_10.5128,CeSDoP Centro Studi e Documentazione Provinciale Dipendenze ,biblioteca,biblioteca,https://raw.githubusercontent.com/pasqualelembo78/huntix-poi/main/italia/emilia-romagna/lucca/pages/cesdop_centro_studi_e_documentazione_pro_43.8576_10.5128.json,custom
43.876406,10.510474,osm_biblioteca_teologica_diocesana_mons__giu_43.8764_10.5105,Biblioteca teologica diocesana Mons. Giuliano Agresti,biblioteca,biblioteca,https://raw.githubusercontent.com/pasqualelembo78/huntix-poi/main/italia/emilia-romagna/lucca/pages/biblioteca_teologica_diocesana_mons_giul_43.8764_10.5105.json,custom
43.876300,10.510749,osm_biblioteca_e_archivio_del_seminario_arci_43.8763_10.5107,Biblioteca e archivio del seminario arcivescovile,biblioteca,biblioteca,https://raw.githubusercontent.com/pasqualelembo78/huntix-poi/main/italia/emilia-romagna/lucca/pages/biblioteca_e_archivio_del_seminario_arci_43.8763_10.5107.json,custom
43.876733,10.509533,osm_biblioteca_di_scienze_del_turismo_dell_u_43.8767_10.5095,Biblioteca di Scienze del turismo dell'Università di Pisa - ,biblioteca,biblioteca,https://raw.githubusercontent.com/pasqualelembo78/huntix-poi/main/italia/emilia-romagna/lucca/pages/biblioteca_di_scienze_del_turismo_dellun_43.8767_10.5095.json,custom
43.840402,10.507853,osm_biblioteca_di_casa_giannini_43.8404_10.5079,Biblioteca di Casa Giannini,biblioteca,biblioteca,https://raw.githubusercontent.com/pasqualelembo78/huntix-poi/main/italia/emilia-romagna/lucca/pages/biblioteca_di_casa_giannini_43.8404_10.5079.json,custom
43.845487,10.501718,osm_biblioteca_delle_oblate_dello_spirito_sa_43.8455_10.5017,Biblioteca delle Oblate dello Spirito Santo - Casa Madre,biblioteca,biblioteca,https://raw.githubusercontent.com/pasqualelembo78/huntix-poi/main/italia/emilia-romagna/lucca/pages/biblioteca_delle_oblate_dello_spirito_sa_43.8455_10.5017.json,custom
43.842708,10.510478,osm_biblioteca_delle_ministre_degli_infermi__43.8427_10.5105,Biblioteca delle Ministre degli infermi di San Camillo,biblioteca,biblioteca,https://raw.githubusercontent.com/pasqualelembo78/huntix-poi/main/italia/emilia-romagna/lucca/pages/biblioteca_delle_ministre_degli_infermi__43.8427_10.5105.json,custom
43.847425,10.511515,osm_biblioteca_delle_figlie_della_carit__di__43.8474_10.5115,Biblioteca delle Figlie della Carità di San Vincenzo de' Pao,biblioteca,biblioteca,https://raw.githubusercontent.com/pasqualelembo78/huntix-poi/main/italia/emilia-romagna/lucca/pages/biblioteca_delle_figlie_della_carit_di_s_43.8474_10.5115.json,custom
43.832181,10.516297,osm_biblioteca_delle_compassioniste_serve_di_43.8322_10.5163,Biblioteca delle Compassioniste Serve di Maria,biblioteca,biblioteca,https://raw.githubusercontent.com/pasqualelembo78/huntix-poi/main/italia/emilia-romagna/lucca/pages/biblioteca_delle_compassioniste_serve_di_43.8322_10.5163.json,custom
43.842698,10.510599,osm_biblioteca_della_fondazione_dino_terra_43.8427_10.5106,Biblioteca della Fondazione Dino Terra,biblioteca,biblioteca,https://raw.githubusercontent.com/pasqualelembo78/huntix-poi/main/italia/emilia-romagna/lucca/pages/biblioteca_della_fondazione_dino_terra_43.8427_10.5106.json,custom
43.842448,10.510754,osm_biblioteca_della_fondazione_centro_studi_43.8424_10.5108,Biblioteca della Fondazione Centro studi sull'arte Licia e C,biblioteca,biblioteca,https://raw.githubusercontent.com/pasqualelembo78/huntix-poi/main/italia/emilia-romagna/lucca/pages/biblioteca_della_fondazione_centro_studi_43.8424_10.5108.json,custom
43.841563,10.505296,osm_biblioteca_della_casa_di_riposo_volto_sa_43.8416_10.5053,Biblioteca della Casa di Riposo Volto Santo - Suore domenica,biblioteca,biblioteca,https://raw.githubusercontent.com/pasqualelembo78/huntix-poi/main/italia/emilia-romagna/lucca/pages/biblioteca_della_casa_di_riposo_volto_sa_43.8416_10.5053.json,custom
43.842499,10.501694,osm_biblioteca_della_camera_di_commercio__in_43.8425_10.5017,Biblioteca della Camera di Commercio, Industria, Artigianato,biblioteca,biblioteca,https://raw.githubusercontent.com/pasqualelembo78/huntix-poi/main/italia/emilia-romagna/lucca/pages/biblioteca_della_camera_di_commercio_ind_43.8425_10.5017.json,custom
43.840867,10.510393,osm_biblioteca_dell_orto_botanico_di_lucca_43.8409_10.5104,Biblioteca dell'Orto botanico di Lucca,biblioteca,biblioteca,https://raw.githubusercontent.com/pasqualelembo78/huntix-poi/main/italia/emilia-romagna/lucca/pages/biblioteca_dellorto_botanico_di_lucca_43.8409_10.5104.json,custom
43.900543,10.550901,osm_biblioteca_dell_ordine_della_visitazione_43.9005_10.5509,Biblioteca dell'Ordine della Visitazione di Santa Maria (Vis,biblioteca,biblioteca,https://raw.githubusercontent.com/pasqualelembo78/huntix-poi/main/italia/emilia-romagna/lucca/pages/biblioteca_dellordine_della_visitazione__43.9005_10.5509.json,custom
43.849209,10.515569,osm_biblioteca_dell_istituto_tecnico_f__carr_43.8492_10.5156,Biblioteca dell'Istituto tecnico F. Carrara,biblioteca,biblioteca,https://raw.githubusercontent.com/pasqualelembo78/huntix-poi/main/italia/emilia-romagna/lucca/pages/biblioteca_dellistituto_tecnico_f_carrar_43.8492_10.5156.json,custom
43.839522,10.501361,osm_biblioteca_dell_istituto_storico_lucches_43.8395_10.5014,Biblioteca dell'Istituto storico lucchese,biblioteca,biblioteca,https://raw.githubusercontent.com/pasqualelembo78/huntix-poi/main/italia/emilia-romagna/lucca/pages/biblioteca_dellistituto_storico_lucchese_43.8395_10.5014.json,custom
43.842980,10.506388,osm_biblioteca_dell_istituto_musicale_luigi__43.8430_10.5064,Biblioteca dell'Istituto musicale Luigi Boccherini,biblioteca,biblioteca,https://raw.githubusercontent.com/pasqualelembo78/huntix-poi/main/italia/emilia-romagna/lucca/pages/biblioteca_dellistituto_musicale_luigi_b_43.8430_10.5064.json,custom
43.843892,10.507759,osm_biblioteca_dell_istituto_diocesano_music_43.8439_10.5078,Biblioteca dell'Istituto diocesano musicale R. Baralli,biblioteca,biblioteca,https://raw.githubusercontent.com/pasqualelembo78/huntix-poi/main/italia/emilia-romagna/lucca/pages/biblioteca_dellistituto_diocesano_musica_43.8439_10.5078.json,custom
43.841327,10.509294,osm_biblioteca_dell_istituto_santa_dorotea_43.8413_10.5093,Biblioteca dell'Istituto Santa Dorotea,biblioteca,biblioteca,https://raw.githubusercontent.com/pasqualelembo78/huntix-poi/main/italia/emilia-romagna/lucca/pages/biblioteca_dellistituto_santa_dorotea_43.8413_10.5093.json,custom
43.842646,10.502326,osm_biblioteca_dell_accademia_lucchese_di_sc_43.8426_10.5023,Biblioteca dell'Accademia lucchese di scienze, lettere ed ar,biblioteca,biblioteca,https://raw.githubusercontent.com/pasqualelembo78/huntix-poi/main/italia/emilia-romagna/lucca/pages/biblioteca_dellaccademia_lucchese_di_sci_43.8426_10.5023.json,custom
43.925528,10.536618,osm_biblioteca_dell_accademia_di_montegral_43.9255_10.5366,Biblioteca dell'Accademia di Montegral,biblioteca,biblioteca,https://raw.githubusercontent.com/pasqualelembo78/huntix-poi/main/italia/emilia-romagna/lucca/pages/biblioteca_dellaccademia_di_montegral_43.9255_10.5366.json,custom
43.840524,10.503215,osm_biblioteca_del_teatro_del_giglio_43.8405_10.5032,Biblioteca del Teatro del Giglio,biblioteca,biblioteca,https://raw.githubusercontent.com/pasqualelembo78/huntix-poi/main/italia/emilia-romagna/lucca/pages/biblioteca_del_teatro_del_giglio_43.8405_10.5032.json,custom
43.841125,10.503504,osm_biblioteca_del_regnum_christi_43.8411_10.5035,Biblioteca del Regnum Christi,biblioteca,biblioteca,https://raw.githubusercontent.com/pasqualelembo78/huntix-poi/main/italia/emilia-romagna/lucca/pages/biblioteca_del_regnum_christi_43.8411_10.5035.json,custom
43.841350,10.509850,osm_biblioteca_del_museo_cesare_bicchi_43.8414_10.5099,Biblioteca del Museo Cesare Bicchi,biblioteca,biblioteca,https://raw.githubusercontent.com/pasqualelembo78/huntix-poi/main/italia/emilia-romagna/lucca/pages/biblioteca_del_museo_cesare_bicchi_43.8414_10.5099.json,custom
43.843017,10.518802,osm_biblioteca_del_monastero_claustrali_pass_43.8430_10.5188,Biblioteca del Monastero Claustrali Passioniste,biblioteca,biblioteca,https://raw.githubusercontent.com/pasqualelembo78/huntix-poi/main/italia/emilia-romagna/lucca/pages/biblioteca_del_monastero_claustrali_pass_43.8430_10.5188.json,custom
43.901365,10.543052,osm_biblioteca_del_convento_dei_cappuccini_43.9014_10.5431,Biblioteca del Convento dei Cappuccini,biblioteca,biblioteca,https://raw.githubusercontent.com/pasqualelembo78/huntix-poi/main/italia/emilia-romagna/lucca/pages/biblioteca_del_convento_dei_cappuccini_43.9014_10.5431.json,custom
43.839433,10.507029,osm_biblioteca_del_centro_studi_giacomo_pucc_43.8394_10.5070,Biblioteca del Centro studi Giacomo Puccini,biblioteca,biblioteca,https://raw.githubusercontent.com/pasqualelembo78/huntix-poi/main/italia/emilia-romagna/lucca/pages/biblioteca_del_centro_studi_giacomo_pucc_43.8394_10.5070.json,custom
43.844445,10.502466,osm_biblioteca_del_centro_di_documentazione__43.8444_10.5025,Biblioteca del Centro di documentazione di Lucca,biblioteca,biblioteca,https://raw.githubusercontent.com/pasqualelembo78/huntix-poi/main/italia/emilia-romagna/lucca/pages/biblioteca_del_centro_di_documentazione__43.8444_10.5025.json,custom
43.846217,10.508934,osm_biblioteca_del_monastero_delle_benedetti_43.8462_10.5089,Biblioteca del Monastero delle Benedettine dell'Adorazione P,biblioteca,biblioteca,https://raw.githubusercontent.com/pasqualelembo78/huntix-poi/main/italia/emilia-romagna/lucca/pages/biblioteca_del_monastero_delle_benedetti_43.8462_10.5089.json,custom
43.901350,10.543235,osm_biblioteca_dei_terziari_cappuccini_dell__43.9014_10.5432,Biblioteca dei Terziari Cappuccini dell'Addolorata,biblioteca,biblioteca,https://raw.githubusercontent.com/pasqualelembo78/huntix-poi/main/italia/emilia-romagna/lucca/pages/biblioteca_dei_terziari_cappuccini_della_43.9014_10.5432.json,custom
43.847813,10.511987,osm_biblioteca_dei_missionari_comboniani_43.8478_10.5120,Biblioteca dei Missionari Comboniani,biblioteca,biblioteca,https://raw.githubusercontent.com/pasqualelembo78/huntix-poi/main/italia/emilia-romagna/lucca/pages/biblioteca_dei_missionari_comboniani_43.8478_10.5120.json,custom
43.858953,10.506061,osm_biblioteca_comunale_della_circoscrizione_43.8590_10.5061,Biblioteca comunale della Circoscrizione 6,biblioteca,biblioteca,https://raw.githubusercontent.com/pasqualelembo78/huntix-poi/main/italia/emilia-romagna/lucca/pages/biblioteca_comunale_della_circoscrizione_43.8590_10.5061.json,custom
43.855621,10.528922,osm_biblioteca_bibliopark_43.8556_10.5289,Biblioteca bibliopark,biblioteca,biblioteca,https://raw.githubusercontent.com/pasqualelembo78/huntix-poi/main/italia/emilia-romagna/lucca/pages/biblioteca_bibliopark_43.8556_10.5289.json,custom
43.842006,10.509021,osm_biblioteca_santa_maria_forisportam_dei_c_43.8420_10.5090,Biblioteca Santa Maria Forisportam dei Canonici Regolari Lat,biblioteca,biblioteca,https://raw.githubusercontent.com/pasqualelembo78/huntix-poi/main/italia/emilia-romagna/lucca/pages/biblioteca_santa_maria_forisportam_dei_c_43.8420_10.5090.json,custom
43.842863,10.512293,osm_biblioteca_ordine_della_visitazione_di_s_43.8429_10.5123,Biblioteca Ordine della Visitazione di Santa Maria,biblioteca,biblioteca,https://raw.githubusercontent.com/pasqualelembo78/huntix-poi/main/italia/emilia-romagna/lucca/pages/biblioteca_ordine_della_visitazione_di_s_43.8429_10.5123.json,custom
43.833396,10.502002,osm_biblioteca_librando_43.8334_10.5020,Biblioteca Librando,biblioteca,biblioteca,https://raw.githubusercontent.com/pasqualelembo78/huntix-poi/main/italia/emilia-romagna/lucca/pages/biblioteca_librando_43.8334_10.5020.json,custom
43.843164,10.512851,osm_biblioteca_imt_alti_studi_43.8432_10.5129,Biblioteca IMT Alti Studi,biblioteca,biblioteca,https://raw.githubusercontent.com/pasqualelembo78/huntix-poi/main/italia/emilia-romagna/lucca/pages/biblioteca_imt_alti_studi_43.8432_10.5129.json,custom
43.840827,10.507138,osm_biblioteca_capitolare_feliniana_43.8408_10.5071,Biblioteca Capitolare Feliniana,biblioteca,biblioteca,https://raw.githubusercontent.com/pasqualelembo78/huntix-poi/main/italia/emilia-romagna/lucca/pages/biblioteca_capitolare_feliniana_43.8408_10.5071.json,custom
43.841201,10.502934,osm_biblioteca_r__papini_dell_istituto_stori_43.8412_10.5029,Biblioteca R. Papini dell'Istituto storico della Resistenza ,biblioteca,biblioteca,https://raw.githubusercontent.com/pasqualelembo78/huntix-poi/main/italia/emilia-romagna/lucca/pages/biblioteca_r_papini_dellistituto_storico_43.8412_10.5029.json,custom
43.840909,10.507171,osm_archivio_e_biblioteca_arcivescovile_43.8409_10.5072,Archivio e biblioteca Arcivescovile,biblioteca,biblioteca,https://raw.githubusercontent.com/pasqualelembo78/huntix-poi/main/italia/emilia-romagna/lucca/pages/archivio_e_biblioteca_arcivescovile_43.8409_10.5072.json,custom
