# lat,lng,id,name,building_type,type,url,page_type
# sconosciuta -- bars_cafes
43.072464,12.342657,osm_bar_da_pippo_43.0725_12.3427,Bar da Pippo,bar_cafe,bar_cafe,https://raw.githubusercontent.com/pasqualelembo78/huntix-poi/main/italia/marche/sconosciuta/pages/bar_da_pippo_43.0725_12.3427.json,custom
42.506427,14.170902,osm_st__pauli_42.5064_14.1709,St. Pauli,bar_cafe,bar_cafe,https://raw.githubusercontent.com/pasqualelembo78/huntix-poi/main/italia/marche/sconosciuta/pages/st_pauli_42.5064_14.1709.json,custom
42.515951,14.151095,osm_cirus___co__42.5160_14.1511,Cirus & Co.,bar_cafe,bar_cafe,https://raw.githubusercontent.com/pasqualelembo78/huntix-poi/main/italia/marche/sconosciuta/pages/cirus_co_42.5160_14.1511.json,custom
43.603984,12.987790,osm_sound_caf__43.6040_12.9878,Sound Cafè,bar_cafe,bar_cafe,https://raw.githubusercontent.com/pasqualelembo78/huntix-poi/main/italia/marche/sconosciuta/pages/sound_caf_43.6040_12.9878.json,custom
43.999008,12.630751,osm_boschetto_cafe_43.9990_12.6308,Boschetto Cafe,bar_cafe,bar_cafe,https://raw.githubusercontent.com/pasqualelembo78/huntix-poi/main/italia/marche/sconosciuta/pages/boschetto_cafe_43.9990_12.6308.json,custom
43.123416,12.202552,osm_gina_43.1234_12.2026,Gina,bar_cafe,bar_cafe,https://raw.githubusercontent.com/pasqualelembo78/huntix-poi/main/italia/marche/sconosciuta/pages/gina_43.1234_12.2026.json,custom
42.502926,14.166890,osm_time_out_42.5029_14.1669,Time Out,bar_cafe,bar_cafe,https://raw.githubusercontent.com/pasqualelembo78/huntix-poi/main/italia/marche/sconosciuta/pages/time_out_42.5029_14.1669.json,custom
42.514169,14.148759,osm_caff__daniel_s_42.5142_14.1488,Caffè Daniel's,bar_cafe,bar_cafe,https://raw.githubusercontent.com/pasqualelembo78/huntix-poi/main/italia/marche/sconosciuta/pages/caff_daniels_42.5142_14.1488.json,custom
42.514401,14.149386,osm_gran_caff__roma_42.5144_14.1494,Gran Caffè Roma,bar_cafe,bar_cafe,https://raw.githubusercontent.com/pasqualelembo78/huntix-poi/main/italia/marche/sconosciuta/pages/gran_caff_roma_42.5144_14.1494.json,custom
42.517820,14.160511,osm_caf__del_mare_42.5178_14.1605,Cafè del Mare,bar_cafe,bar_cafe,https://raw.githubusercontent.com/pasqualelembo78/huntix-poi/main/italia/marche/sconosciuta/pages/caf_del_mare_42.5178_14.1605.json,custom
42.909505,12.337386,osm_bar_centrale_42.9095_12.3374,Bar Centrale,bar_cafe,bar_cafe,https://raw.githubusercontent.com/pasqualelembo78/huntix-poi/main/italia/marche/sconosciuta/pages/bar_centrale_42.9095_12.3374.json,custom
43.506023,13.136180,osm_caff__letterario_43.5060_13.1362,Caffè Letterario,bar_cafe,bar_cafe,https://raw.githubusercontent.com/pasqualelembo78/huntix-poi/main/italia/marche/sconosciuta/pages/caff_letterario_43.5060_13.1362.json,custom
43.107998,12.378373,osm_enibar_43.1080_12.3784,EniBar,bar_cafe,bar_cafe,https://raw.githubusercontent.com/pasqualelembo78/huntix-poi/main/italia/marche/sconosciuta/pages/enibar_43.1080_12.3784.json,custom
42.509809,14.169052,osm_pineta_caf__42.5098_14.1691,Pineta Cafè,bar_cafe,bar_cafe,https://raw.githubusercontent.com/pasqualelembo78/huntix-poi/main/italia/marche/sconosciuta/pages/pineta_caf_42.5098_14.1691.json,custom
43.476849,13.495425,osm_barigno_43.4768_13.4954,Barigno,bar_cafe,bar_cafe,https://raw.githubusercontent.com/pasqualelembo78/huntix-poi/main/italia/marche/sconosciuta/pages/barigno_43.4768_13.4954.json,custom
43.359923,13.697309,osm_bar_paoletti_43.3599_13.6973,Bar Paoletti,bar_cafe,bar_cafe,https://raw.githubusercontent.com/pasqualelembo78/huntix-poi/main/italia/marche/sconosciuta/pages/bar_paoletti_43.3599_13.6973.json,custom
43.359808,13.697591,osm_bar_giorgetti_43.3598_13.6976,Bar Giorgetti,bar_cafe,bar_cafe,https://raw.githubusercontent.com/pasqualelembo78/huntix-poi/main/italia/marche/sconosciuta/pages/bar_giorgetti_43.3598_13.6976.json,custom
43.481349,13.475328,osm_ambarabar_43.4813_13.4753,Ambarabar,bar_cafe,bar_cafe,https://raw.githubusercontent.com/pasqualelembo78/huntix-poi/main/italia/marche/sconosciuta/pages/ambarabar_43.4813_13.4753.json,custom
42.512285,14.151518,osm_gran_caff__d_annunzio_42.5123_14.1515,Gran Caffè D'Annunzio,bar_cafe,bar_cafe,https://raw.githubusercontent.com/pasqualelembo78/huntix-poi/main/italia/marche/sconosciuta/pages/gran_caff_dannunzio_42.5123_14.1515.json,custom
42.515585,14.149198,osm_anni_60_42.5156_14.1492,Anni 60,bar_cafe,bar_cafe,https://raw.githubusercontent.com/pasqualelembo78/huntix-poi/main/italia/marche/sconosciuta/pages/anni_60_42.5156_14.1492.json,custom
43.896359,12.343458,osm_alchimia_43.8964_12.3435,Alchimia,bar_cafe,bar_cafe,https://raw.githubusercontent.com/pasqualelembo78/huntix-poi/main/italia/marche/sconosciuta/pages/alchimia_43.8964_12.3435.json,custom
42.718689,12.114517,osm_caff__del_corso_42.7187_12.1145,Caffè del Corso,bar_cafe,bar_cafe,https://raw.githubusercontent.com/pasqualelembo78/huntix-poi/main/italia/marche/sconosciuta/pages/caff_del_corso_42.7187_12.1145.json,custom
42.509334,14.155317,osm_angel_s_bar_42.5093_14.1553,Angel's Bar,bar_cafe,bar_cafe,https://raw.githubusercontent.com/pasqualelembo78/huntix-poi/main/italia/marche/sconosciuta/pages/angels_bar_42.5093_14.1553.json,custom
42.848197,12.476878,osm_bar_cappelli_42.8482_12.4769,Bar Cappelli,bar_cafe,bar_cafe,https://raw.githubusercontent.com/pasqualelembo78/huntix-poi/main/italia/marche/sconosciuta/pages/bar_cappelli_42.8482_12.4769.json,custom
42.500966,14.166958,osm_dante_42.5010_14.1670,Dante,bar_cafe,bar_cafe,https://raw.githubusercontent.com/pasqualelembo78/huntix-poi/main/italia/marche/sconosciuta/pages/dante_42.5010_14.1670.json,custom
42.520250,14.149903,osm_marlin_caf__42.5202_14.1499,Marlin Café,bar_cafe,bar_cafe,https://raw.githubusercontent.com/pasqualelembo78/huntix-poi/main/italia/marche/sconosciuta/pages/marlin_caf_42.5202_14.1499.json,custom
43.344712,12.905111,osm_caffeteria_della_stazione_43.3447_12.9051,Caffeteria della Stazione,bar_cafe,bar_cafe,https://raw.githubusercontent.com/pasqualelembo78/huntix-poi/main/italia/marche/sconosciuta/pages/caffeteria_della_stazione_43.3447_12.9051.json,custom
43.283527,13.330224,osm_bar_del_cacciatore_43.2835_13.3302,Bar del Cacciatore,bar_cafe,bar_cafe,https://raw.githubusercontent.com/pasqualelembo78/huntix-poi/main/italia/marche/sconosciuta/pages/bar_del_cacciatore_43.2835_13.3302.json,custom
43.283576,13.330458,osm_bar_dello_sport_43.2836_13.3305,Bar dello Sport,bar_cafe,bar_cafe,https://raw.githubusercontent.com/pasqualelembo78/huntix-poi/main/italia/marche/sconosciuta/pages/bar_dello_sport_43.2836_13.3305.json,custom
43.282840,13.331039,osm_bocciodromo_43.2828_13.3310,Bocciodromo,bar_cafe,bar_cafe,https://raw.githubusercontent.com/pasqualelembo78/huntix-poi/main/italia/marche/sconosciuta/pages/bocciodromo_43.2828_13.3310.json,custom
42.516929,14.149631,osm_jeko_42.5169_14.1496,Jeko,bar_cafe,bar_cafe,https://raw.githubusercontent.com/pasqualelembo78/huntix-poi/main/italia/marche/sconosciuta/pages/jeko_42.5169_14.1496.json,custom
43.209000,13.057398,osm_gelateria_centrale_gran_caff__43.2090_13.0574,Gelateria Centrale Gran Caffè,bar_cafe,bar_cafe,https://raw.githubusercontent.com/pasqualelembo78/huntix-poi/main/italia/marche/sconosciuta/pages/gelateria_centrale_gran_caff_43.2090_13.0574.json,custom
43.560030,12.105147,osm_bar_tiberino_43.5600_12.1051,Bar Tiberino,bar_cafe,bar_cafe,https://raw.githubusercontent.com/pasqualelembo78/huntix-poi/main/italia/marche/sconosciuta/pages/bar_tiberino_43.5600_12.1051.json,custom
43.537802,12.055668,osm_jolly_bar_43.5378_12.0557,Jolly Bar,bar_cafe,bar_cafe,https://raw.githubusercontent.com/pasqualelembo78/huntix-poi/main/italia/marche/sconosciuta/pages/jolly_bar_43.5378_12.0557.json,custom
43.484672,12.111960,osm_osteria_la_vecchia_43.4847_12.1120,Osteria La Vecchia,bar_cafe,bar_cafe,https://raw.githubusercontent.com/pasqualelembo78/huntix-poi/main/italia/marche/sconosciuta/pages/osteria_la_vecchia_43.4847_12.1120.json,custom
43.526103,13.063620,osm_bar_centrale_43.5261_13.0636,Bar Centrale,bar_cafe,bar_cafe,https://raw.githubusercontent.com/pasqualelembo78/huntix-poi/main/italia/marche/sconosciuta/pages/bar_centrale_43.5261_13.0636.json,custom
42.512876,14.154106,osm_pizzabar_42.5129_14.1541,Pizzabar,bar_cafe,bar_cafe,https://raw.githubusercontent.com/pasqualelembo78/huntix-poi/main/italia/marche/sconosciuta/pages/pizzabar_42.5129_14.1541.json,custom
42.501867,14.167915,osm_giampy_42.5019_14.1679,Giampy,bar_cafe,bar_cafe,https://raw.githubusercontent.com/pasqualelembo78/huntix-poi/main/italia/marche/sconosciuta/pages/giampy_42.5019_14.1679.json,custom
43.275456,13.485652,osm_la_chimera_43.2755_13.4857,La Chimera,bar_cafe,bar_cafe,https://raw.githubusercontent.com/pasqualelembo78/huntix-poi/main/italia/marche/sconosciuta/pages/la_chimera_43.2755_13.4857.json,custom
42.553827,12.713434,osm_bottega_del_turista_42.5538_12.7134,Bottega del Turista,bar_cafe,bar_cafe,https://raw.githubusercontent.com/pasqualelembo78/huntix-poi/main/italia/marche/sconosciuta/pages/bottega_del_turista_42.5538_12.7134.json,custom
43.577886,13.352812,osm_bar_pasticceria_dolce_e_salato_43.5779_13.3528,Bar Pasticceria Dolce e Salato,bar_cafe,bar_cafe,https://raw.githubusercontent.com/pasqualelembo78/huntix-poi/main/italia/marche/sconosciuta/pages/bar_pasticceria_dolce_e_salato_43.5779_13.3528.json,custom
43.576705,13.352365,osm_bocciofila_43.5767_13.3524,Bocciofila,bar_cafe,bar_cafe,https://raw.githubusercontent.com/pasqualelembo78/huntix-poi/main/italia/marche/sconosciuta/pages/bocciofila_43.5767_13.3524.json,custom
42.504831,14.142955,osm_bar_festival_42.5048_14.1430,Bar Festival,bar_cafe,bar_cafe,https://raw.githubusercontent.com/pasqualelembo78/huntix-poi/main/italia/marche/sconosciuta/pages/bar_festival_42.5048_14.1430.json,custom
43.071723,12.618576,osm_bar_la_rocca_43.0717_12.6186,Bar La Rocca,bar_cafe,bar_cafe,https://raw.githubusercontent.com/pasqualelembo78/huntix-poi/main/italia/marche/sconosciuta/pages/bar_la_rocca_43.0717_12.6186.json,custom
42.631805,12.553368,osm_kitch_le_ragazze_del_coyote_42.6318_12.5534,Kitch Le Ragazze del Coyote,bar_cafe,bar_cafe,https://raw.githubusercontent.com/pasqualelembo78/huntix-poi/main/italia/marche/sconosciuta/pages/kitch_le_ragazze_del_coyote_42.6318_12.5534.json,custom
43.169045,13.677650,osm_molini_43.1690_13.6776,Molini,bar_cafe,bar_cafe,https://raw.githubusercontent.com/pasqualelembo78/huntix-poi/main/italia/marche/sconosciuta/pages/molini_43.1690_13.6776.json,custom
43.289668,13.435872,osm_nino_caf__43.2897_13.4359,Nino Cafè,bar_cafe,bar_cafe,https://raw.githubusercontent.com/pasqualelembo78/huntix-poi/main/italia/marche/sconosciuta/pages/nino_caf_43.2897_13.4359.json,custom
42.731403,12.134671,osm_bar_zelletta_42.7314_12.1347,Bar Zelletta,bar_cafe,bar_cafe,https://raw.githubusercontent.com/pasqualelembo78/huntix-poi/main/italia/marche/sconosciuta/pages/bar_zelletta_42.7314_12.1347.json,custom
43.159174,13.784629,osm_bar_bruni_caffetteria_43.1592_13.7846,Bar Bruni Caffetteria,bar_cafe,bar_cafe,https://raw.githubusercontent.com/pasqualelembo78/huntix-poi/main/italia/marche/sconosciuta/pages/bar_bruni_caffetteria_43.1592_13.7846.json,custom
43.156065,13.727989,osm_tazza_d_oro_43.1561_13.7280,Tazza D'oro,bar_cafe,bar_cafe,https://raw.githubusercontent.com/pasqualelembo78/huntix-poi/main/italia/marche/sconosciuta/pages/tazza_doro_43.1561_13.7280.json,custom
42.860303,13.711181,osm_il_boccale_d_oro_42.8603_13.7112,Il boccale d'oro,bar_cafe,bar_cafe,https://raw.githubusercontent.com/pasqualelembo78/huntix-poi/main/italia/marche/sconosciuta/pages/il_boccale_doro_42.8603_13.7112.json,custom
42.869830,13.717363,osm_bar_canala_42.8698_13.7174,Bar Canala,bar_cafe,bar_cafe,https://raw.githubusercontent.com/pasqualelembo78/huntix-poi/main/italia/marche/sconosciuta/pages/bar_canala_42.8698_13.7174.json,custom
42.874893,13.704245,osm_caffetteria_tu_io_42.8749_13.7042,Caffetteria Tu&Io,bar_cafe,bar_cafe,https://raw.githubusercontent.com/pasqualelembo78/huntix-poi/main/italia/marche/sconosciuta/pages/caffetteria_tuio_42.8749_13.7042.json,custom
42.874355,13.706251,osm_bar_roma_42.8744_13.7063,Bar Roma,bar_cafe,bar_cafe,https://raw.githubusercontent.com/pasqualelembo78/huntix-poi/main/italia/marche/sconosciuta/pages/bar_roma_42.8744_13.7063.json,custom
42.871631,13.711179,osm_sister_s_caf__42.8716_13.7112,Sister's Cafè,bar_cafe,bar_cafe,https://raw.githubusercontent.com/pasqualelembo78/huntix-poi/main/italia/marche/sconosciuta/pages/sisters_caf_42.8716_13.7112.json,custom
42.859318,13.704574,osm_bar_caprice_42.8593_13.7046,Bar Caprice,bar_cafe,bar_cafe,https://raw.githubusercontent.com/pasqualelembo78/huntix-poi/main/italia/marche/sconosciuta/pages/bar_caprice_42.8593_13.7046.json,custom
43.179469,13.797227,osm_perfetto_cafe_43.1795_13.7972,Perfetto Cafe,bar_cafe,bar_cafe,https://raw.githubusercontent.com/pasqualelembo78/huntix-poi/main/italia/marche/sconosciuta/pages/perfetto_cafe_43.1795_13.7972.json,custom
43.255342,12.139015,osm_la_taverna_de_ori_43.2553_12.1390,La Taverna de Ori,bar_cafe,bar_cafe,https://raw.githubusercontent.com/pasqualelembo78/huntix-poi/main/italia/marche/sconosciuta/pages/la_taverna_de_ori_43.2553_12.1390.json,custom
42.519581,14.128848,osm_portello_caff__42.5196_14.1288,Portello Caffè,bar_cafe,bar_cafe,https://raw.githubusercontent.com/pasqualelembo78/huntix-poi/main/italia/marche/sconosciuta/pages/portello_caff_42.5196_14.1288.json,custom
43.713510,13.219645,osm_saffi_caff__43.7135_13.2196,Saffi Caffè,bar_cafe,bar_cafe,https://raw.githubusercontent.com/pasqualelembo78/huntix-poi/main/italia/marche/sconosciuta/pages/saffi_caff_43.7135_13.2196.json,custom
42.514824,14.148413,osm_l_uet_caf__42.5148_14.1484,L'uet Café,bar_cafe,bar_cafe,https://raw.githubusercontent.com/pasqualelembo78/huntix-poi/main/italia/marche/sconosciuta/pages/luet_caf_42.5148_14.1484.json,custom
42.514111,14.147488,osm_bar_freedom_42.5141_14.1475,Bar Freedom,bar_cafe,bar_cafe,https://raw.githubusercontent.com/pasqualelembo78/huntix-poi/main/italia/marche/sconosciuta/pages/bar_freedom_42.5141_14.1475.json,custom
42.858098,13.709022,osm_la_buona_pausa_42.8581_13.7090,La Buona Pausa,bar_cafe,bar_cafe,https://raw.githubusercontent.com/pasqualelembo78/huntix-poi/main/italia/marche/sconosciuta/pages/la_buona_pausa_42.8581_13.7090.json,custom
42.857647,13.709877,osm_nine_bar_42.8576_13.7099,Nine Bar,bar_cafe,bar_cafe,https://raw.githubusercontent.com/pasqualelembo78/huntix-poi/main/italia/marche/sconosciuta/pages/nine_bar_42.8576_13.7099.json,custom
42.591411,12.572852,osm_miri_bar_42.5914_12.5729,Miri Bar,bar_cafe,bar_cafe,https://raw.githubusercontent.com/pasqualelembo78/huntix-poi/main/italia/marche/sconosciuta/pages/miri_bar_42.5914_12.5729.json,custom
42.935189,13.691785,osm_caff__del_corso_42.9352_13.6918,Caffè del corso,bar_cafe,bar_cafe,https://raw.githubusercontent.com/pasqualelembo78/huntix-poi/main/italia/marche/sconosciuta/pages/caff_del_corso_42.9352_13.6918.json,custom
42.852271,13.596581,osm_gasthaus_alpen_keller_42.8523_13.5966,Gasthaus Alpen Keller,bar_cafe,bar_cafe,https://raw.githubusercontent.com/pasqualelembo78/huntix-poi/main/italia/marche/sconosciuta/pages/gasthaus_alpen_keller_42.8523_13.5966.json,custom
42.564162,12.644002,osm_paggi___serangeli_42.5642_12.6440,Paggi & Serangeli,bar_cafe,bar_cafe,https://raw.githubusercontent.com/pasqualelembo78/huntix-poi/main/italia/marche/sconosciuta/pages/paggi_serangeli_42.5642_12.6440.json,custom
42.568090,12.640858,osm_d_antonio_42.5681_12.6409,D'Antonio,bar_cafe,bar_cafe,https://raw.githubusercontent.com/pasqualelembo78/huntix-poi/main/italia/marche/sconosciuta/pages/dantonio_42.5681_12.6409.json,custom
42.815913,12.445004,osm_belvedere_42.8159_12.4450,Belvedere,bar_cafe,bar_cafe,https://raw.githubusercontent.com/pasqualelembo78/huntix-poi/main/italia/marche/sconosciuta/pages/belvedere_42.8159_12.4450.json,custom
42.518706,14.139022,osm_l_assaggeria_42.5187_14.1390,L'Assaggeria,bar_cafe,bar_cafe,https://raw.githubusercontent.com/pasqualelembo78/huntix-poi/main/italia/marche/sconosciuta/pages/lassaggeria_42.5187_14.1390.json,custom
42.509846,14.154627,osm_omar_s_42.5098_14.1546,Omar's,bar_cafe,bar_cafe,https://raw.githubusercontent.com/pasqualelembo78/huntix-poi/main/italia/marche/sconosciuta/pages/omars_42.5098_14.1546.json,custom
42.850747,13.593371,osm_caff__ever_green_42.8507_13.5934,Caffè Ever Green,bar_cafe,bar_cafe,https://raw.githubusercontent.com/pasqualelembo78/huntix-poi/main/italia/marche/sconosciuta/pages/caff_ever_green_42.8507_13.5934.json,custom
43.330961,12.323232,osm_il_borghetto_43.3310_12.3232,il Borghetto,bar_cafe,bar_cafe,https://raw.githubusercontent.com/pasqualelembo78/huntix-poi/main/italia/marche/sconosciuta/pages/il_borghetto_43.3310_12.3232.json,custom
42.593332,12.600494,osm_bar_del_cacciatore_42.5933_12.6005,Bar del Cacciatore,bar_cafe,bar_cafe,https://raw.githubusercontent.com/pasqualelembo78/huntix-poi/main/italia/marche/sconosciuta/pages/bar_del_cacciatore_42.5933_12.6005.json,custom
43.547143,12.177900,osm_red_rock_valley_43.5471_12.1779,Red Rock Valley,bar_cafe,bar_cafe,https://raw.githubusercontent.com/pasqualelembo78/huntix-poi/main/italia/marche/sconosciuta/pages/red_rock_valley_43.5471_12.1779.json,custom
43.715173,13.218271,osm_pasquini_43.7152_13.2183,Pasquini,bar_cafe,bar_cafe,https://raw.githubusercontent.com/pasqualelembo78/huntix-poi/main/italia/marche/sconosciuta/pages/pasquini_43.7152_13.2183.json,custom
43.543470,12.061275,osm_bar_la_battaglia_43.5435_12.0613,Bar La Battaglia,bar_cafe,bar_cafe,https://raw.githubusercontent.com/pasqualelembo78/huntix-poi/main/italia/marche/sconosciuta/pages/bar_la_battaglia_43.5435_12.0613.json,custom
42.525332,13.891416,osm_mr__coffee_42.5253_13.8914,Mr. coffee,bar_cafe,bar_cafe,https://raw.githubusercontent.com/pasqualelembo78/huntix-poi/main/italia/marche/sconosciuta/pages/mr_coffee_42.5253_13.8914.json,custom
43.232155,13.684449,osm_nik___43.2322_13.6844,Nik'ò,bar_cafe,bar_cafe,https://raw.githubusercontent.com/pasqualelembo78/huntix-poi/main/italia/marche/sconosciuta/pages/nik_43.2322_13.6844.json,custom
43.882033,12.865783,osm_edi_bar_43.8820_12.8658,Edi Bar,bar_cafe,bar_cafe,https://raw.githubusercontent.com/pasqualelembo78/huntix-poi/main/italia/marche/sconosciuta/pages/edi_bar_43.8820_12.8658.json,custom
43.159879,13.721430,osm_petit_caf__43.1599_13.7214,Petit Cafè,bar_cafe,bar_cafe,https://raw.githubusercontent.com/pasqualelembo78/huntix-poi/main/italia/marche/sconosciuta/pages/petit_caf_43.1599_13.7214.json,custom
42.820760,13.634431,osm_bar_2erre_42.8208_13.6344,Bar 2Erre,bar_cafe,bar_cafe,https://raw.githubusercontent.com/pasqualelembo78/huntix-poi/main/italia/marche/sconosciuta/pages/bar_2erre_42.8208_13.6344.json,custom
42.837580,13.636982,osm_caff__aprutino_42.8376_13.6370,Caffè Aprutino,bar_cafe,bar_cafe,https://raw.githubusercontent.com/pasqualelembo78/huntix-poi/main/italia/marche/sconosciuta/pages/caff_aprutino_42.8376_13.6370.json,custom
42.943205,13.138746,osm_schulzmania_42.9432_13.1387,Schulzmania,bar_cafe,bar_cafe,https://raw.githubusercontent.com/pasqualelembo78/huntix-poi/main/italia/marche/sconosciuta/pages/schulzmania_42.9432_13.1387.json,custom
42.930960,13.087369,osm_bar_sibilla_42.9310_13.0874,Bar Sibilla,bar_cafe,bar_cafe,https://raw.githubusercontent.com/pasqualelembo78/huntix-poi/main/italia/marche/sconosciuta/pages/bar_sibilla_42.9310_13.0874.json,custom
42.931061,13.087730,osm_bar_centrale_42.9311_13.0877,Bar Centrale,bar_cafe,bar_cafe,https://raw.githubusercontent.com/pasqualelembo78/huntix-poi/main/italia/marche/sconosciuta/pages/bar_centrale_42.9311_13.0877.json,custom
42.930891,13.088193,osm_pub_e_pizzeria_wanted_42.9309_13.0882,Pub e Pizzeria Wanted,bar_cafe,bar_cafe,https://raw.githubusercontent.com/pasqualelembo78/huntix-poi/main/italia/marche/sconosciuta/pages/pub_e_pizzeria_wanted_42.9309_13.0882.json,custom
43.540591,13.610722,osm_met__monte_43.5406_13.6107,Metà Monte,bar_cafe,bar_cafe,https://raw.githubusercontent.com/pasqualelembo78/huntix-poi/main/italia/marche/sconosciuta/pages/met_monte_43.5406_13.6107.json,custom
42.658123,13.656321,osm_bar_dello_sport_42.6581_13.6563,Bar dello Sport,bar_cafe,bar_cafe,https://raw.githubusercontent.com/pasqualelembo78/huntix-poi/main/italia/marche/sconosciuta/pages/bar_dello_sport_42.6581_13.6563.json,custom
42.768555,12.863204,osm_snack_bar_valnerina_42.7686_12.8632,Snack bar valnerina,bar_cafe,bar_cafe,https://raw.githubusercontent.com/pasqualelembo78/huntix-poi/main/italia/marche/sconosciuta/pages/snack_bar_valnerina_42.7686_12.8632.json,custom
42.565377,12.652115,osm_vetturini_42.5654_12.6521,Vetturini,bar_cafe,bar_cafe,https://raw.githubusercontent.com/pasqualelembo78/huntix-poi/main/italia/marche/sconosciuta/pages/vetturini_42.5654_12.6521.json,custom
42.567804,12.614053,osm_chicco_42.5678_12.6141,Chicco,bar_cafe,bar_cafe,https://raw.githubusercontent.com/pasqualelembo78/huntix-poi/main/italia/marche/sconosciuta/pages/chicco_42.5678_12.6141.json,custom
43.535627,13.609352,osm_bar_e_panini_belvedere_43.5356_13.6094,Bar e Panini Belvedere,bar_cafe,bar_cafe,https://raw.githubusercontent.com/pasqualelembo78/huntix-poi/main/italia/marche/sconosciuta/pages/bar_e_panini_belvedere_43.5356_13.6094.json,custom
43.058588,12.754643,osm_smile_bar_43.0586_12.7546,Smile Bar,bar_cafe,bar_cafe,https://raw.githubusercontent.com/pasqualelembo78/huntix-poi/main/italia/marche/sconosciuta/pages/smile_bar_43.0586_12.7546.json,custom
42.961077,13.875830,osm_pasticceria_delizia_42.9611_13.8758,Pasticceria Delizia,bar_cafe,bar_cafe,https://raw.githubusercontent.com/pasqualelembo78/huntix-poi/main/italia/marche/sconosciuta/pages/pasticceria_delizia_42.9611_13.8758.json,custom
42.730873,12.135575,osm_bar_tonelli_42.7309_12.1356,Bar Tonelli,bar_cafe,bar_cafe,https://raw.githubusercontent.com/pasqualelembo78/huntix-poi/main/italia/marche/sconosciuta/pages/bar_tonelli_42.7309_12.1356.json,custom
42.559053,12.652368,osm_fat_42.5591_12.6524,fat,bar_cafe,bar_cafe,https://raw.githubusercontent.com/pasqualelembo78/huntix-poi/main/italia/marche/sconosciuta/pages/fat_42.5591_12.6524.json,custom
43.306303,12.326735,osm_caff__centrale_43.3063_12.3267,Caffé Centrale,bar_cafe,bar_cafe,https://raw.githubusercontent.com/pasqualelembo78/huntix-poi/main/italia/marche/sconosciuta/pages/caff_centrale_43.3063_12.3267.json,custom
43.115041,12.389853,osm_bar_fortebraccio_43.1150_12.3899,Bar Fortebraccio,bar_cafe,bar_cafe,https://raw.githubusercontent.com/pasqualelembo78/huntix-poi/main/italia/marche/sconosciuta/pages/bar_fortebraccio_43.1150_12.3899.json,custom
43.111996,12.392498,osm_loop_caf__43.1120_12.3925,Loop Café,bar_cafe,bar_cafe,https://raw.githubusercontent.com/pasqualelembo78/huntix-poi/main/italia/marche/sconosciuta/pages/loop_caf_43.1120_12.3925.json,custom
42.956372,12.700106,osm_bread_and_wine_42.9564_12.7001,Bread and wine,bar_cafe,bar_cafe,https://raw.githubusercontent.com/pasqualelembo78/huntix-poi/main/italia/marche/sconosciuta/pages/bread_and_wine_42.9564_12.7001.json,custom
42.953960,12.701625,osm_le_4_bont__42.9540_12.7016,Le 4 bontà,bar_cafe,bar_cafe,https://raw.githubusercontent.com/pasqualelembo78/huntix-poi/main/italia/marche/sconosciuta/pages/le_4_bont_42.9540_12.7016.json,custom
42.751040,13.958354,osm_caff__marcozzi_42.7510_13.9584,Caffé Marcozzi,bar_cafe,bar_cafe,https://raw.githubusercontent.com/pasqualelembo78/huntix-poi/main/italia/marche/sconosciuta/pages/caff_marcozzi_42.7510_13.9584.json,custom
42.917134,13.891310,osm_cocktails___dreams_42.9171_13.8913,Cocktails & Dreams,bar_cafe,bar_cafe,https://raw.githubusercontent.com/pasqualelembo78/huntix-poi/main/italia/marche/sconosciuta/pages/cocktails_dreams_42.9171_13.8913.json,custom
42.917144,13.889889,osm_caff__big_42.9171_13.8899,Caffè Big,bar_cafe,bar_cafe,https://raw.githubusercontent.com/pasqualelembo78/huntix-poi/main/italia/marche/sconosciuta/pages/caff_big_42.9171_13.8899.json,custom
42.657081,13.655393,osm_bar_centrale_42.6571_13.6554,Bar Centrale,bar_cafe,bar_cafe,https://raw.githubusercontent.com/pasqualelembo78/huntix-poi/main/italia/marche/sconosciuta/pages/bar_centrale_42.6571_13.6554.json,custom
42.649088,13.650265,osm_mercury_caf__42.6491_13.6503,Mercury Cafè,bar_cafe,bar_cafe,https://raw.githubusercontent.com/pasqualelembo78/huntix-poi/main/italia/marche/sconosciuta/pages/mercury_caf_42.6491_13.6503.json,custom
43.362935,13.347584,osm_dal_tramonto_all_alba_43.3629_13.3476,Dal tramonto all'alba,bar_cafe,bar_cafe,https://raw.githubusercontent.com/pasqualelembo78/huntix-poi/main/italia/marche/sconosciuta/pages/dal_tramonto_allalba_43.3629_13.3476.json,custom
43.350809,12.926528,osm_bar_ghibli_43.3508_12.9265,Bar Ghibli,bar_cafe,bar_cafe,https://raw.githubusercontent.com/pasqualelembo78/huntix-poi/main/italia/marche/sconosciuta/pages/bar_ghibli_43.3508_12.9265.json,custom
42.662513,13.709151,osm_promenade_42.6625_13.7092,Promenade,bar_cafe,bar_cafe,https://raw.githubusercontent.com/pasqualelembo78/huntix-poi/main/italia/marche/sconosciuta/pages/promenade_42.6625_13.7092.json,custom
42.659857,13.703602,osm_caff__latino_42.6599_13.7036,Caffé Latino,bar_cafe,bar_cafe,https://raw.githubusercontent.com/pasqualelembo78/huntix-poi/main/italia/marche/sconosciuta/pages/caff_latino_42.6599_13.7036.json,custom
43.338124,12.908358,osm_bar_della_nave_lida_43.3381_12.9084,Bar della Nave Lida,bar_cafe,bar_cafe,https://raw.githubusercontent.com/pasqualelembo78/huntix-poi/main/italia/marche/sconosciuta/pages/bar_della_nave_lida_43.3381_12.9084.json,custom
43.349117,12.920442,osm_bar_tabaccheria_palasport_43.3491_12.9204,Bar Tabaccheria Palasport,bar_cafe,bar_cafe,https://raw.githubusercontent.com/pasqualelembo78/huntix-poi/main/italia/marche/sconosciuta/pages/bar_tabaccheria_palasport_43.3491_12.9204.json,custom
43.350639,12.921700,osm_bar_walter_43.3506_12.9217,Bar Walter,bar_cafe,bar_cafe,https://raw.githubusercontent.com/pasqualelembo78/huntix-poi/main/italia/marche/sconosciuta/pages/bar_walter_43.3506_12.9217.json,custom
43.209579,12.009940,osm_galaxia_bar_43.2096_12.0099,Galaxia bar,bar_cafe,bar_cafe,https://raw.githubusercontent.com/pasqualelembo78/huntix-poi/main/italia/marche/sconosciuta/pages/galaxia_bar_43.2096_12.0099.json,custom
43.340482,12.898810,osm_bar_del_borgo_43.3405_12.8988,Bar del Borgo,bar_cafe,bar_cafe,https://raw.githubusercontent.com/pasqualelembo78/huntix-poi/main/italia/marche/sconosciuta/pages/bar_del_borgo_43.3405_12.8988.json,custom
43.347638,12.922087,osm_zona_caff__43.3476_12.9221,Zona Caffè,bar_cafe,bar_cafe,https://raw.githubusercontent.com/pasqualelembo78/huntix-poi/main/italia/marche/sconosciuta/pages/zona_caff_43.3476_12.9221.json,custom
43.258123,13.757974,osm_bar_pasticceria_ragno_43.2581_13.7580,Bar Pasticceria Ragno,bar_cafe,bar_cafe,https://raw.githubusercontent.com/pasqualelembo78/huntix-poi/main/italia/marche/sconosciuta/pages/bar_pasticceria_ragno_43.2581_13.7580.json,custom
43.080926,13.491327,osm_caffetteria_gelateria_mecozzi_43.0809_13.4913,Caffetteria Gelateria Mecozzi,bar_cafe,bar_cafe,https://raw.githubusercontent.com/pasqualelembo78/huntix-poi/main/italia/marche/sconosciuta/pages/caffetteria_gelateria_mecozzi_43.0809_13.4913.json,custom
43.343877,12.918979,osm_bar_mon_amour_43.3439_12.9190,Bar Mon Amour,bar_cafe,bar_cafe,https://raw.githubusercontent.com/pasqualelembo78/huntix-poi/main/italia/marche/sconosciuta/pages/bar_mon_amour_43.3439_12.9190.json,custom
43.989407,12.635242,osm_bar_colombarina_43.9894_12.6352,Bar Colombarina,bar_cafe,bar_cafe,https://raw.githubusercontent.com/pasqualelembo78/huntix-poi/main/italia/marche/sconosciuta/pages/bar_colombarina_43.9894_12.6352.json,custom
43.127366,12.375152,osm_bar_a_l_a__43.1274_12.3752,Bar A.L.A.,bar_cafe,bar_cafe,https://raw.githubusercontent.com/pasqualelembo78/huntix-poi/main/italia/marche/sconosciuta/pages/bar_ala_43.1274_12.3752.json,custom
42.506988,13.963459,osm_bar_d_annunzio_42.5070_13.9635,Bar D'Annunzio,bar_cafe,bar_cafe,https://raw.githubusercontent.com/pasqualelembo78/huntix-poi/main/italia/marche/sconosciuta/pages/bar_dannunzio_42.5070_13.9635.json,custom
43.602151,13.455443,osm_mache_bar_43.6022_13.4554,Mache'bar,bar_cafe,bar_cafe,https://raw.githubusercontent.com/pasqualelembo78/huntix-poi/main/italia/marche/sconosciuta/pages/machebar_43.6022_13.4554.json,custom
43.335798,13.434401,osm_giusy_pub_43.3358_13.4344,Giusy Pub,bar_cafe,bar_cafe,https://raw.githubusercontent.com/pasqualelembo78/huntix-poi/main/italia/marche/sconosciuta/pages/giusy_pub_43.3358_13.4344.json,custom
43.476265,13.508139,osm_la_base_43.4763_13.5081,La base,bar_cafe,bar_cafe,https://raw.githubusercontent.com/pasqualelembo78/huntix-poi/main/italia/marche/sconosciuta/pages/la_base_43.4763_13.5081.json,custom
43.473976,13.511958,osm_circolo_san_sabino_43.4740_13.5120,Circolo San Sabino,bar_cafe,bar_cafe,https://raw.githubusercontent.com/pasqualelembo78/huntix-poi/main/italia/marche/sconosciuta/pages/circolo_san_sabino_43.4740_13.5120.json,custom
43.593587,13.521091,osm_peynet_caf__43.5936_13.5211,Peynet cafè,bar_cafe,bar_cafe,https://raw.githubusercontent.com/pasqualelembo78/huntix-poi/main/italia/marche/sconosciuta/pages/peynet_caf_43.5936_13.5211.json,custom
43.298360,13.448739,osm_bar_rosticceria_gelateria_43.2984_13.4487,Bar rosticceria gelateria,bar_cafe,bar_cafe,https://raw.githubusercontent.com/pasqualelembo78/huntix-poi/main/italia/marche/sconosciuta/pages/bar_rosticceria_gelateria_43.2984_13.4487.json,custom
43.179376,13.797003,osm_caf__florian_43.1794_13.7970,Café Florian,bar_cafe,bar_cafe,https://raw.githubusercontent.com/pasqualelembo78/huntix-poi/main/italia/marche/sconosciuta/pages/caf_florian_43.1794_13.7970.json,custom
42.657049,13.655953,osm_al_cinquantacinque_42.6570_13.6560,Al Cinquantacinque,bar_cafe,bar_cafe,https://raw.githubusercontent.com/pasqualelembo78/huntix-poi/main/italia/marche/sconosciuta/pages/al_cinquantacinque_42.6570_13.6560.json,custom
42.662054,13.699517,osm_perbacco_42.6621_13.6995,Perbacco,bar_cafe,bar_cafe,https://raw.githubusercontent.com/pasqualelembo78/huntix-poi/main/italia/marche/sconosciuta/pages/perbacco_42.6621_13.6995.json,custom
43.514648,12.204108,osm_smile_bar_43.5146_12.2041,Smile Bar,bar_cafe,bar_cafe,https://raw.githubusercontent.com/pasqualelembo78/huntix-poi/main/italia/marche/sconosciuta/pages/smile_bar_43.5146_12.2041.json,custom
43.520323,12.217310,osm_bar_centrale_43.5203_12.2173,Bar Centrale,bar_cafe,bar_cafe,https://raw.githubusercontent.com/pasqualelembo78/huntix-poi/main/italia/marche/sconosciuta/pages/bar_centrale_43.5203_12.2173.json,custom
43.512299,12.192854,osm_bar_edicola_43.5123_12.1929,Bar Edicola,bar_cafe,bar_cafe,https://raw.githubusercontent.com/pasqualelembo78/huntix-poi/main/italia/marche/sconosciuta/pages/bar_edicola_43.5123_12.1929.json,custom
43.512523,12.191445,osm_cva_selci_43.5125_12.1914,CVA Selci,bar_cafe,bar_cafe,https://raw.githubusercontent.com/pasqualelembo78/huntix-poi/main/italia/marche/sconosciuta/pages/cva_selci_43.5125_12.1914.json,custom
42.718517,12.108212,osm_il_sant_andrea_42.7185_12.1082,il Sant'Andrea,bar_cafe,bar_cafe,https://raw.githubusercontent.com/pasqualelembo78/huntix-poi/main/italia/marche/sconosciuta/pages/il_santandrea_42.7185_12.1082.json,custom
42.988572,13.608370,osm_bar_sisto_v_42.9886_13.6084,Bar Sisto V,bar_cafe,bar_cafe,https://raw.githubusercontent.com/pasqualelembo78/huntix-poi/main/italia/marche/sconosciuta/pages/bar_sisto_v_42.9886_13.6084.json,custom
43.873996,12.310664,osm_bar_il_castellaro_43.8740_12.3107,Bar Il Castellaro,bar_cafe,bar_cafe,https://raw.githubusercontent.com/pasqualelembo78/huntix-poi/main/italia/marche/sconosciuta/pages/bar_il_castellaro_43.8740_12.3107.json,custom
43.520452,13.251437,osm_il_geko_43.5205_13.2514,Il Geko,bar_cafe,bar_cafe,https://raw.githubusercontent.com/pasqualelembo78/huntix-poi/main/italia/marche/sconosciuta/pages/il_geko_43.5205_13.2514.json,custom
42.952816,13.880126,osm_barcode_42.9528_13.8801,Barcode,bar_cafe,bar_cafe,https://raw.githubusercontent.com/pasqualelembo78/huntix-poi/main/italia/marche/sconosciuta/pages/barcode_42.9528_13.8801.json,custom
42.952661,13.879925,osm_caff__mentana_42.9527_13.8799,Caffè Mentana,bar_cafe,bar_cafe,https://raw.githubusercontent.com/pasqualelembo78/huntix-poi/main/italia/marche/sconosciuta/pages/caff_mentana_42.9527_13.8799.json,custom
42.945614,13.883670,osm_la_bodeguita_42.9456_13.8837,La bodeguita,bar_cafe,bar_cafe,https://raw.githubusercontent.com/pasqualelembo78/huntix-poi/main/italia/marche/sconosciuta/pages/la_bodeguita_42.9456_13.8837.json,custom
42.919289,13.900543,osm_tarabrooch_42.9193_13.9005,Tarabrooch,bar_cafe,bar_cafe,https://raw.githubusercontent.com/pasqualelembo78/huntix-poi/main/italia/marche/sconosciuta/pages/tarabrooch_42.9193_13.9005.json,custom
43.620751,13.420805,osm_le_dune_beach_bar_43.6208_13.4208,Le Dune beach bar,bar_cafe,bar_cafe,https://raw.githubusercontent.com/pasqualelembo78/huntix-poi/main/italia/marche/sconosciuta/pages/le_dune_beach_bar_43.6208_13.4208.json,custom
42.963430,13.877271,osm_bar_flavia_42.9634_13.8773,Bar Flavia,bar_cafe,bar_cafe,https://raw.githubusercontent.com/pasqualelembo78/huntix-poi/main/italia/marche/sconosciuta/pages/bar_flavia_42.9634_13.8773.json,custom
42.950927,13.884821,osm_buozzi_caf__42.9509_13.8848,Buozzi cafè,bar_cafe,bar_cafe,https://raw.githubusercontent.com/pasqualelembo78/huntix-poi/main/italia/marche/sconosciuta/pages/buozzi_caf_42.9509_13.8848.json,custom
42.976206,13.870464,osm_caff__fornace_42.9762_13.8705,Caffè Fornace,bar_cafe,bar_cafe,https://raw.githubusercontent.com/pasqualelembo78/huntix-poi/main/italia/marche/sconosciuta/pages/caff_fornace_42.9762_13.8705.json,custom
42.954301,13.883978,osm_fronte_del_porto_42.9543_13.8840,Fronte del porto,bar_cafe,bar_cafe,https://raw.githubusercontent.com/pasqualelembo78/huntix-poi/main/italia/marche/sconosciuta/pages/fronte_del_porto_42.9543_13.8840.json,custom
43.075632,13.844223,osm_autogrill_43.0756_13.8442,Autogrill,bar_cafe,bar_cafe,https://raw.githubusercontent.com/pasqualelembo78/huntix-poi/main/italia/marche/sconosciuta/pages/autogrill_43.0756_13.8442.json,custom
43.286318,13.723466,osm_moka_cafe_43.2863_13.7235,Moka Cafe,bar_cafe,bar_cafe,https://raw.githubusercontent.com/pasqualelembo78/huntix-poi/main/italia/marche/sconosciuta/pages/moka_cafe_43.2863_13.7235.json,custom
42.674606,13.754640,osm_terrabianca_42.6746_13.7546,Terrabianca,bar_cafe,bar_cafe,https://raw.githubusercontent.com/pasqualelembo78/huntix-poi/main/italia/marche/sconosciuta/pages/terrabianca_42.6746_13.7546.json,custom
43.893762,12.879420,osm_autogrill_43.8938_12.8794,Autogrill,bar_cafe,bar_cafe,https://raw.githubusercontent.com/pasqualelembo78/huntix-poi/main/italia/marche/sconosciuta/pages/autogrill_43.8938_12.8794.json,custom
43.894819,12.879832,osm_mika_cafe_43.8948_12.8798,Mika Cafe,bar_cafe,bar_cafe,https://raw.githubusercontent.com/pasqualelembo78/huntix-poi/main/italia/marche/sconosciuta/pages/mika_cafe_43.8948_12.8798.json,custom
42.661002,13.699065,osm_san_matteo_42.6610_13.6991,San Matteo,bar_cafe,bar_cafe,https://raw.githubusercontent.com/pasqualelembo78/huntix-poi/main/italia/marche/sconosciuta/pages/san_matteo_42.6610_13.6991.json,custom
43.563185,12.159837,osm_bar_ghignoni_43.5632_12.1598,Bar Ghignoni,bar_cafe,bar_cafe,https://raw.githubusercontent.com/pasqualelembo78/huntix-poi/main/italia/marche/sconosciuta/pages/bar_ghignoni_43.5632_12.1598.json,custom
43.549303,12.174506,osm_sissi_pub_43.5493_12.1745,Sissi Pub,bar_cafe,bar_cafe,https://raw.githubusercontent.com/pasqualelembo78/huntix-poi/main/italia/marche/sconosciuta/pages/sissi_pub_43.5493_12.1745.json,custom
43.488173,12.242313,osm_bar_titta_43.4882_12.2423,Bar Titta,bar_cafe,bar_cafe,https://raw.githubusercontent.com/pasqualelembo78/huntix-poi/main/italia/marche/sconosciuta/pages/bar_titta_43.4882_12.2423.json,custom
43.511872,12.191656,osm_filarmonicaf__43.5119_12.1917,Filarmonicafé,bar_cafe,bar_cafe,https://raw.githubusercontent.com/pasqualelembo78/huntix-poi/main/italia/marche/sconosciuta/pages/filarmonicaf_43.5119_12.1917.json,custom
43.548647,12.176957,osm_bar_pasticceria_belloni_43.5486_12.1770,Bar Pasticceria Belloni,bar_cafe,bar_cafe,https://raw.githubusercontent.com/pasqualelembo78/huntix-poi/main/italia/marche/sconosciuta/pages/bar_pasticceria_belloni_43.5486_12.1770.json,custom
43.549164,12.175318,osm_bar_giardino_43.5492_12.1753,Bar Giardino,bar_cafe,bar_cafe,https://raw.githubusercontent.com/pasqualelembo78/huntix-poi/main/italia/marche/sconosciuta/pages/bar_giardino_43.5492_12.1753.json,custom
43.146298,13.207710,osm_ferranti_bruno_43.1463_13.2077,Ferranti Bruno,bar_cafe,bar_cafe,https://raw.githubusercontent.com/pasqualelembo78/huntix-poi/main/italia/marche/sconosciuta/pages/ferranti_bruno_43.1463_13.2077.json,custom
43.139955,13.194950,osm_circolo_a_c_l_i__43.1400_13.1950,Circolo A.C.L.I.,bar_cafe,bar_cafe,https://raw.githubusercontent.com/pasqualelembo78/huntix-poi/main/italia/marche/sconosciuta/pages/circolo_acli_43.1400_13.1950.json,custom
43.138507,13.226215,osm_caff__manzoni_43.1385_13.2262,Caffè Manzoni,bar_cafe,bar_cafe,https://raw.githubusercontent.com/pasqualelembo78/huntix-poi/main/italia/marche/sconosciuta/pages/caff_manzoni_43.1385_13.2262.json,custom
43.140033,13.224918,osm_bar_gelateria_da_sav__43.1400_13.2249,Bar Gelateria Da Savè,bar_cafe,bar_cafe,https://raw.githubusercontent.com/pasqualelembo78/huntix-poi/main/italia/marche/sconosciuta/pages/bar_gelateria_da_sav_43.1400_13.2249.json,custom
42.830000,13.924040,osm_perch__no_42.8300_13.9240,Perché no,bar_cafe,bar_cafe,https://raw.githubusercontent.com/pasqualelembo78/huntix-poi/main/italia/marche/sconosciuta/pages/perch_no_42.8300_13.9240.json,custom
43.506251,12.200695,osm_bar_la_sfera_43.5063_12.2007,Bar La sfera,bar_cafe,bar_cafe,https://raw.githubusercontent.com/pasqualelembo78/huntix-poi/main/italia/marche/sconosciuta/pages/bar_la_sfera_43.5063_12.2007.json,custom
42.820647,13.632700,osm_poker_bar_42.8206_13.6327,Poker bar,bar_cafe,bar_cafe,https://raw.githubusercontent.com/pasqualelembo78/huntix-poi/main/italia/marche/sconosciuta/pages/poker_bar_42.8206_13.6327.json,custom
42.897680,13.852635,osm_endrix_bar_42.8977_13.8526,Endrix Bar,bar_cafe,bar_cafe,https://raw.githubusercontent.com/pasqualelembo78/huntix-poi/main/italia/marche/sconosciuta/pages/endrix_bar_42.8977_13.8526.json,custom
42.881686,13.494982,osm_bar_sport_42.8817_13.4950,Bar Sport,bar_cafe,bar_cafe,https://raw.githubusercontent.com/pasqualelembo78/huntix-poi/main/italia/marche/sconosciuta/pages/bar_sport_42.8817_13.4950.json,custom
43.220047,12.413098,osm_costarelli_43.2200_12.4131,Costarelli,bar_cafe,bar_cafe,https://raw.githubusercontent.com/pasqualelembo78/huntix-poi/main/italia/marche/sconosciuta/pages/costarelli_43.2200_12.4131.json,custom
43.108188,12.388711,osm_punto_di_vista_43.1082_12.3887,Punto di Vista,bar_cafe,bar_cafe,https://raw.githubusercontent.com/pasqualelembo78/huntix-poi/main/italia/marche/sconosciuta/pages/punto_di_vista_43.1082_12.3887.json,custom
43.598221,13.502636,osm_ancona_2000_43.5982_13.5026,Ancona 2000,bar_cafe,bar_cafe,https://raw.githubusercontent.com/pasqualelembo78/huntix-poi/main/italia/marche/sconosciuta/pages/ancona_2000_43.5982_13.5026.json,custom
43.159399,13.238823,osm_roxy_bar_43.1594_13.2388,Roxy Bar,bar_cafe,bar_cafe,https://raw.githubusercontent.com/pasqualelembo78/huntix-poi/main/italia/marche/sconosciuta/pages/roxy_bar_43.1594_13.2388.json,custom
43.165227,13.241774,osm_caff__del_borgo_43.1652_13.2418,Caffè del Borgo,bar_cafe,bar_cafe,https://raw.githubusercontent.com/pasqualelembo78/huntix-poi/main/italia/marche/sconosciuta/pages/caff_del_borgo_43.1652_13.2418.json,custom
43.981743,12.682896,osm_esso_shop_bar_43.9817_12.6829,Esso Shop Bar,bar_cafe,bar_cafe,https://raw.githubusercontent.com/pasqualelembo78/huntix-poi/main/italia/marche/sconosciuta/pages/esso_shop_bar_43.9817_12.6829.json,custom
43.992283,12.659171,osm_bar_esso_43.9923_12.6592,Bar Esso,bar_cafe,bar_cafe,https://raw.githubusercontent.com/pasqualelembo78/huntix-poi/main/italia/marche/sconosciuta/pages/bar_esso_43.9923_12.6592.json,custom
43.221549,13.330837,osm_serendipity_43.2215_13.3308,Serendipity,bar_cafe,bar_cafe,https://raw.githubusercontent.com/pasqualelembo78/huntix-poi/main/italia/marche/sconosciuta/pages/serendipity_43.2215_13.3308.json,custom
42.911017,13.892834,osm_savoir_faire_42.9110_13.8928,Savoir faire,bar_cafe,bar_cafe,https://raw.githubusercontent.com/pasqualelembo78/huntix-poi/main/italia/marche/sconosciuta/pages/savoir_faire_42.9110_13.8928.json,custom
43.113839,12.393429,osm_uno_uno_43.1138_12.3934,Uno+Uno,bar_cafe,bar_cafe,https://raw.githubusercontent.com/pasqualelembo78/huntix-poi/main/italia/marche/sconosciuta/pages/unouno_43.1138_12.3934.json,custom
43.299974,13.443713,osm_perugini_bus_bar_43.3000_13.4437,Perugini Bus bar,bar_cafe,bar_cafe,https://raw.githubusercontent.com/pasqualelembo78/huntix-poi/main/italia/marche/sconosciuta/pages/perugini_bus_bar_43.3000_13.4437.json,custom
43.920744,12.901454,osm_circolo_tennis_43.9207_12.9015,Circolo Tennis,bar_cafe,bar_cafe,https://raw.githubusercontent.com/pasqualelembo78/huntix-poi/main/italia/marche/sconosciuta/pages/circolo_tennis_43.9207_12.9015.json,custom
43.904175,12.904696,osm_parco_miralfiore_43.9042_12.9047,Parco Miralfiore,bar_cafe,bar_cafe,https://raw.githubusercontent.com/pasqualelembo78/huntix-poi/main/italia/marche/sconosciuta/pages/parco_miralfiore_43.9042_12.9047.json,custom
42.720054,12.117563,osm_wine_bar_42.7201_12.1176,Wine Bar,bar_cafe,bar_cafe,https://raw.githubusercontent.com/pasqualelembo78/huntix-poi/main/italia/marche/sconosciuta/pages/wine_bar_42.7201_12.1176.json,custom
43.493534,12.215298,osm_l_altro_bar_43.4935_12.2153,L'altro Bar,bar_cafe,bar_cafe,https://raw.githubusercontent.com/pasqualelembo78/huntix-poi/main/italia/marche/sconosciuta/pages/laltro_bar_43.4935_12.2153.json,custom
43.499601,12.233837,osm_bar_gioia_by_felix_43.4996_12.2338,Bar Gioia by Felix,bar_cafe,bar_cafe,https://raw.githubusercontent.com/pasqualelembo78/huntix-poi/main/italia/marche/sconosciuta/pages/bar_gioia_by_felix_43.4996_12.2338.json,custom
43.498147,12.203980,osm_bar_il_cambio_43.4981_12.2040,Bar Il Cambio,bar_cafe,bar_cafe,https://raw.githubusercontent.com/pasqualelembo78/huntix-poi/main/italia/marche/sconosciuta/pages/bar_il_cambio_43.4981_12.2040.json,custom
43.475298,12.230104,osm_coffee_house_43.4753_12.2301,Coffee House,bar_cafe,bar_cafe,https://raw.githubusercontent.com/pasqualelembo78/huntix-poi/main/italia/marche/sconosciuta/pages/coffee_house_43.4753_12.2301.json,custom
43.481795,12.220183,osm_bar_caff__sandy_43.4818_12.2202,Bar caffé Sandy,bar_cafe,bar_cafe,https://raw.githubusercontent.com/pasqualelembo78/huntix-poi/main/italia/marche/sconosciuta/pages/bar_caff_sandy_43.4818_12.2202.json,custom
43.471340,12.228839,osm_bar_nord_43.4713_12.2288,Bar Nord,bar_cafe,bar_cafe,https://raw.githubusercontent.com/pasqualelembo78/huntix-poi/main/italia/marche/sconosciuta/pages/bar_nord_43.4713_12.2288.json,custom
43.472017,12.231917,osm_bar_43.4720_12.2319,Bar,bar_cafe,bar_cafe,https://raw.githubusercontent.com/pasqualelembo78/huntix-poi/main/italia/marche/sconosciuta/pages/bar_43.4720_12.2319.json,custom
43.463300,12.239558,osm_bar_43.4633_12.2396,Bar,bar_cafe,bar_cafe,https://raw.githubusercontent.com/pasqualelembo78/huntix-poi/main/italia/marche/sconosciuta/pages/bar_43.4633_12.2396.json,custom
43.335206,12.905311,osm_bar_caff__storelli_43.3352_12.9053,Bar Caffè Storelli,bar_cafe,bar_cafe,https://raw.githubusercontent.com/pasqualelembo78/huntix-poi/main/italia/marche/sconosciuta/pages/bar_caff_storelli_43.3352_12.9053.json,custom
43.334410,12.906823,osm_bar_marika_43.3344_12.9068,Bar Marika,bar_cafe,bar_cafe,https://raw.githubusercontent.com/pasqualelembo78/huntix-poi/main/italia/marche/sconosciuta/pages/bar_marika_43.3344_12.9068.json,custom
43.334938,12.906163,osm_caff__della_posta_43.3349_12.9062,Caffè della Posta,bar_cafe,bar_cafe,https://raw.githubusercontent.com/pasqualelembo78/huntix-poi/main/italia/marche/sconosciuta/pages/caff_della_posta_43.3349_12.9062.json,custom
43.450001,12.245038,osm_bar_angolo_del_ristoro_43.4500_12.2450,Bar angolo del ristoro,bar_cafe,bar_cafe,https://raw.githubusercontent.com/pasqualelembo78/huntix-poi/main/italia/marche/sconosciuta/pages/bar_angolo_del_ristoro_43.4500_12.2450.json,custom
42.664227,14.025236,osm_ludwig_42.6642_14.0252,Ludwig,bar_cafe,bar_cafe,https://raw.githubusercontent.com/pasqualelembo78/huntix-poi/main/italia/marche/sconosciuta/pages/ludwig_42.6642_14.0252.json,custom
42.663807,14.025370,osm_eni_caf__e_shop_42.6638_14.0254,Eni Café e Shop,bar_cafe,bar_cafe,https://raw.githubusercontent.com/pasqualelembo78/huntix-poi/main/italia/marche/sconosciuta/pages/eni_caf_e_shop_42.6638_14.0254.json,custom
43.452306,12.244709,osm_bar_officina_caff__43.4523_12.2447,Bar Officina Caffé,bar_cafe,bar_cafe,https://raw.githubusercontent.com/pasqualelembo78/huntix-poi/main/italia/marche/sconosciuta/pages/bar_officina_caff_43.4523_12.2447.json,custom
43.469074,12.236151,osm_byron_bar_43.4691_12.2362,Byron Bar,bar_cafe,bar_cafe,https://raw.githubusercontent.com/pasqualelembo78/huntix-poi/main/italia/marche/sconosciuta/pages/byron_bar_43.4691_12.2362.json,custom
43.459891,13.498710,osm_il_dolce_caffe_43.4599_13.4987,Il Dolce Caffe,bar_cafe,bar_cafe,https://raw.githubusercontent.com/pasqualelembo78/huntix-poi/main/italia/marche/sconosciuta/pages/il_dolce_caffe_43.4599_13.4987.json,custom
43.830012,13.018397,osm_airport_cafe_43.8300_13.0184,Airport Cafe,bar_cafe,bar_cafe,https://raw.githubusercontent.com/pasqualelembo78/huntix-poi/main/italia/marche/sconosciuta/pages/airport_cafe_43.8300_13.0184.json,custom
43.460006,12.246983,osm_coffee_time_43.4600_12.2470,Coffee Time,bar_cafe,bar_cafe,https://raw.githubusercontent.com/pasqualelembo78/huntix-poi/main/italia/marche/sconosciuta/pages/coffee_time_43.4600_12.2470.json,custom
43.465574,12.247988,osm_bar_futura_43.4656_12.2480,Bar Futura,bar_cafe,bar_cafe,https://raw.githubusercontent.com/pasqualelembo78/huntix-poi/main/italia/marche/sconosciuta/pages/bar_futura_43.4656_12.2480.json,custom
43.482008,13.083356,osm_bar_arcobaleno_43.4820_13.0834,Bar Arcobaleno,bar_cafe,bar_cafe,https://raw.githubusercontent.com/pasqualelembo78/huntix-poi/main/italia/marche/sconosciuta/pages/bar_arcobaleno_43.4820_13.0834.json,custom
43.457798,12.247506,osm_convivio_caff__43.4578_12.2475,Convivio caffé,bar_cafe,bar_cafe,https://raw.githubusercontent.com/pasqualelembo78/huntix-poi/main/italia/marche/sconosciuta/pages/convivio_caff_43.4578_12.2475.json,custom
43.453900,12.248619,osm_bar_pinocchio_43.4539_12.2486,Bar Pinocchio,bar_cafe,bar_cafe,https://raw.githubusercontent.com/pasqualelembo78/huntix-poi/main/italia/marche/sconosciuta/pages/bar_pinocchio_43.4539_12.2486.json,custom
43.339188,12.908357,osm_gi__43.3392_12.9084,Giò,bar_cafe,bar_cafe,https://raw.githubusercontent.com/pasqualelembo78/huntix-poi/main/italia/marche/sconosciuta/pages/gi_43.3392_12.9084.json,custom
43.447417,12.247924,osm_lady_bar_43.4474_12.2479,Lady Bar,bar_cafe,bar_cafe,https://raw.githubusercontent.com/pasqualelembo78/huntix-poi/main/italia/marche/sconosciuta/pages/lady_bar_43.4474_12.2479.json,custom
43.148552,13.815970,osm_nicolina_beach_43.1486_13.8160,Nicolina Beach,bar_cafe,bar_cafe,https://raw.githubusercontent.com/pasqualelembo78/huntix-poi/main/italia/marche/sconosciuta/pages/nicolina_beach_43.1486_13.8160.json,custom
43.468751,12.275037,osm_bar_fontecchio_43.4688_12.2750,Bar Fontecchio,bar_cafe,bar_cafe,https://raw.githubusercontent.com/pasqualelembo78/huntix-poi/main/italia/marche/sconosciuta/pages/bar_fontecchio_43.4688_12.2750.json,custom
43.446859,12.284612,osm_bar_sasso_43.4469_12.2846,Bar Sasso,bar_cafe,bar_cafe,https://raw.githubusercontent.com/pasqualelembo78/huntix-poi/main/italia/marche/sconosciuta/pages/bar_sasso_43.4469_12.2846.json,custom
43.090044,13.638617,osm_barpaula_43.0900_13.6386,BarPaula,bar_cafe,bar_cafe,https://raw.githubusercontent.com/pasqualelembo78/huntix-poi/main/italia/marche/sconosciuta/pages/barpaula_43.0900_13.6386.json,custom
42.853944,13.701916,osm_mycaf__42.8539_13.7019,myCafé,bar_cafe,bar_cafe,https://raw.githubusercontent.com/pasqualelembo78/huntix-poi/main/italia/marche/sconosciuta/pages/mycaf_42.8539_13.7019.json,custom
43.487805,12.199292,osm_circolo_acli_43.4878_12.1993,Circolo Acli,bar_cafe,bar_cafe,https://raw.githubusercontent.com/pasqualelembo78/huntix-poi/main/italia/marche/sconosciuta/pages/circolo_acli_43.4878_12.1993.json,custom
43.141495,13.222989,osm_pub_stonehenge_43.1415_13.2230,Pub Stonehenge,bar_cafe,bar_cafe,https://raw.githubusercontent.com/pasqualelembo78/huntix-poi/main/italia/marche/sconosciuta/pages/pub_stonehenge_43.1415_13.2230.json,custom
43.067176,13.338565,osm_bar_carletti_43.0672_13.3386,Bar Carletti,bar_cafe,bar_cafe,https://raw.githubusercontent.com/pasqualelembo78/huntix-poi/main/italia/marche/sconosciuta/pages/bar_carletti_43.0672_13.3386.json,custom
43.457348,12.240225,osm_caffetteria_del_corso_43.4573_12.2402,Caffetteria del Corso,bar_cafe,bar_cafe,https://raw.githubusercontent.com/pasqualelembo78/huntix-poi/main/italia/marche/sconosciuta/pages/caffetteria_del_corso_43.4573_12.2402.json,custom
43.457516,12.238208,osm_caff__italia_43.4575_12.2382,Caffé Italia,bar_cafe,bar_cafe,https://raw.githubusercontent.com/pasqualelembo78/huntix-poi/main/italia/marche/sconosciuta/pages/caff_italia_43.4575_12.2382.json,custom
43.457280,12.238827,osm_caff__cavour_43.4573_12.2388,Caffè Cavour,bar_cafe,bar_cafe,https://raw.githubusercontent.com/pasqualelembo78/huntix-poi/main/italia/marche/sconosciuta/pages/caff_cavour_43.4573_12.2388.json,custom
43.457308,12.239234,osm_caff__della_posta_43.4573_12.2392,Caffé della Posta,bar_cafe,bar_cafe,https://raw.githubusercontent.com/pasqualelembo78/huntix-poi/main/italia/marche/sconosciuta/pages/caff_della_posta_43.4573_12.2392.json,custom
43.456758,12.238506,osm_caff__accademia_43.4568_12.2385,Caffé Accademia,bar_cafe,bar_cafe,https://raw.githubusercontent.com/pasqualelembo78/huntix-poi/main/italia/marche/sconosciuta/pages/caff_accademia_43.4568_12.2385.json,custom
43.458159,12.241995,osm_caff__tassi_43.4582_12.2420,Caffé Tassi,bar_cafe,bar_cafe,https://raw.githubusercontent.com/pasqualelembo78/huntix-poi/main/italia/marche/sconosciuta/pages/caff_tassi_43.4582_12.2420.json,custom
43.505973,12.154522,osm_bar_il_quadrifoglio_43.5060_12.1545,Bar Il Quadrifoglio,bar_cafe,bar_cafe,https://raw.githubusercontent.com/pasqualelembo78/huntix-poi/main/italia/marche/sconosciuta/pages/bar_il_quadrifoglio_43.5060_12.1545.json,custom
43.509106,12.148228,osm_blue_bar_43.5091_12.1482,Blue Bar,bar_cafe,bar_cafe,https://raw.githubusercontent.com/pasqualelembo78/huntix-poi/main/italia/marche/sconosciuta/pages/blue_bar_43.5091_12.1482.json,custom
43.509343,12.147868,osm_central_bar_43.5093_12.1479,Central Bar,bar_cafe,bar_cafe,https://raw.githubusercontent.com/pasqualelembo78/huntix-poi/main/italia/marche/sconosciuta/pages/central_bar_43.5093_12.1479.json,custom
43.509724,12.147538,osm_bar_da_vinicio_43.5097_12.1475,Bar da Vinicio,bar_cafe,bar_cafe,https://raw.githubusercontent.com/pasqualelembo78/huntix-poi/main/italia/marche/sconosciuta/pages/bar_da_vinicio_43.5097_12.1475.json,custom
43.498435,12.115903,osm_vita_frenetica_43.4984_12.1159,Vita Frenetica,bar_cafe,bar_cafe,https://raw.githubusercontent.com/pasqualelembo78/huntix-poi/main/italia/marche/sconosciuta/pages/vita_frenetica_43.4984_12.1159.json,custom
43.511807,12.151652,osm_sport_caf__43.5118_12.1517,Sport Café,bar_cafe,bar_cafe,https://raw.githubusercontent.com/pasqualelembo78/huntix-poi/main/italia/marche/sconosciuta/pages/sport_caf_43.5118_12.1517.json,custom
43.298175,12.349707,osm_bar___tabacchi_43.2982_12.3497,Bar - Tabacchi,bar_cafe,bar_cafe,https://raw.githubusercontent.com/pasqualelembo78/huntix-poi/main/italia/marche/sconosciuta/pages/bar_-_tabacchi_43.2982_12.3497.json,custom
43.300370,12.341639,osm_calico_jack_tavern_pub_43.3004_12.3416,Calico Jack Tavern pub,bar_cafe,bar_cafe,https://raw.githubusercontent.com/pasqualelembo78/huntix-poi/main/italia/marche/sconosciuta/pages/calico_jack_tavern_pub_43.3004_12.3416.json,custom
43.302027,12.342525,osm_baraj__43.3020_12.3425,Barajà,bar_cafe,bar_cafe,https://raw.githubusercontent.com/pasqualelembo78/huntix-poi/main/italia/marche/sconosciuta/pages/baraj_43.3020_12.3425.json,custom
43.304160,12.332557,osm_bauscia_bar_43.3042_12.3326,Bauscia Bar,bar_cafe,bar_cafe,https://raw.githubusercontent.com/pasqualelembo78/huntix-poi/main/italia/marche/sconosciuta/pages/bauscia_bar_43.3042_12.3326.json,custom
43.305451,12.329031,osm_antico_caff__giardino_43.3055_12.3290,Antico Caffé Giardino,bar_cafe,bar_cafe,https://raw.githubusercontent.com/pasqualelembo78/huntix-poi/main/italia/marche/sconosciuta/pages/antico_caff_giardino_43.3055_12.3290.json,custom
43.307009,12.334647,osm_bar_italia_43.3070_12.3346,Bar Italia,bar_cafe,bar_cafe,https://raw.githubusercontent.com/pasqualelembo78/huntix-poi/main/italia/marche/sconosciuta/pages/bar_italia_43.3070_12.3346.json,custom
43.307112,12.329559,osm_la_piattaforma_43.3071_12.3296,La Piattaforma,bar_cafe,bar_cafe,https://raw.githubusercontent.com/pasqualelembo78/huntix-poi/main/italia/marche/sconosciuta/pages/la_piattaforma_43.3071_12.3296.json,custom
42.831926,13.685958,osm_bar_celani_42.8319_13.6860,Bar Celani,bar_cafe,bar_cafe,https://raw.githubusercontent.com/pasqualelembo78/huntix-poi/main/italia/marche/sconosciuta/pages/bar_celani_42.8319_13.6860.json,custom
43.111594,13.602125,osm_bar_moderno_43.1116_13.6021,bar moderno,bar_cafe,bar_cafe,https://raw.githubusercontent.com/pasqualelembo78/huntix-poi/main/italia/marche/sconosciuta/pages/bar_moderno_43.1116_13.6021.json,custom
42.668879,13.714296,osm_just_caff__42.6689_13.7143,Just Caffè,bar_cafe,bar_cafe,https://raw.githubusercontent.com/pasqualelembo78/huntix-poi/main/italia/marche/sconosciuta/pages/just_caff_42.6689_13.7143.json,custom
43.411373,12.233401,osm_bar_alimentari_brighigna_43.4114_12.2334,Bar alimentari Brighigna,bar_cafe,bar_cafe,https://raw.githubusercontent.com/pasqualelembo78/huntix-poi/main/italia/marche/sconosciuta/pages/bar_alimentari_brighigna_43.4114_12.2334.json,custom
43.397775,12.235976,osm_bar_centrale_43.3978_12.2360,Bar Centrale,bar_cafe,bar_cafe,https://raw.githubusercontent.com/pasqualelembo78/huntix-poi/main/italia/marche/sconosciuta/pages/bar_centrale_43.3978_12.2360.json,custom
43.398995,12.235849,osm_bar_dello_sport_43.3990_12.2358,Bar dello Sport,bar_cafe,bar_cafe,https://raw.githubusercontent.com/pasqualelembo78/huntix-poi/main/italia/marche/sconosciuta/pages/bar_dello_sport_43.3990_12.2358.json,custom
43.397554,12.236302,osm_farina_del_mio_sacco_43.3976_12.2363,Farina del mio Sacco,bar_cafe,bar_cafe,https://raw.githubusercontent.com/pasqualelembo78/huntix-poi/main/italia/marche/sconosciuta/pages/farina_del_mio_sacco_43.3976_12.2363.json,custom
43.377974,12.237745,osm_baraonda_43.3780_12.2377,Baraonda,bar_cafe,bar_cafe,https://raw.githubusercontent.com/pasqualelembo78/huntix-poi/main/italia/marche/sconosciuta/pages/baraonda_43.3780_12.2377.json,custom
43.359732,12.237315,osm_x_bar_43.3597_12.2373,X-Bar,bar_cafe,bar_cafe,https://raw.githubusercontent.com/pasqualelembo78/huntix-poi/main/italia/marche/sconosciuta/pages/x-bar_43.3597_12.2373.json,custom
43.367048,12.233796,osm_ulian_s_pub_43.3670_12.2338,Ulian's Pub,bar_cafe,bar_cafe,https://raw.githubusercontent.com/pasqualelembo78/huntix-poi/main/italia/marche/sconosciuta/pages/ulians_pub_43.3670_12.2338.json,custom
43.366552,12.237248,osm_fiorentina_43.3666_12.2372,Fiorentina,bar_cafe,bar_cafe,https://raw.githubusercontent.com/pasqualelembo78/huntix-poi/main/italia/marche/sconosciuta/pages/fiorentina_43.3666_12.2372.json,custom
43.368389,12.237036,osm_m____il_bar_del_paese_43.3684_12.2370,Mè - Il bar del paese,bar_cafe,bar_cafe,https://raw.githubusercontent.com/pasqualelembo78/huntix-poi/main/italia/marche/sconosciuta/pages/m_-_il_bar_del_paese_43.3684_12.2370.json,custom
42.941364,13.886795,osm_sapore_di_pizza_42.9414_13.8868,Sapore Di Pizza,bar_cafe,bar_cafe,https://raw.githubusercontent.com/pasqualelembo78/huntix-poi/main/italia/marche/sconosciuta/pages/sapore_di_pizza_42.9414_13.8868.json,custom
43.436616,13.661899,osm_la_parnanza_43.4366_13.6619,La parnanza,bar_cafe,bar_cafe,https://raw.githubusercontent.com/pasqualelembo78/huntix-poi/main/italia/marche/sconosciuta/pages/la_parnanza_43.4366_13.6619.json,custom
43.571177,12.130219,osm_little_bar_43.5712_12.1302,Little Bar,bar_cafe,bar_cafe,https://raw.githubusercontent.com/pasqualelembo78/huntix-poi/main/italia/marche/sconosciuta/pages/little_bar_43.5712_12.1302.json,custom
43.571747,12.139513,osm_il_pubbino_43.5717_12.1395,Il Pubbino,bar_cafe,bar_cafe,https://raw.githubusercontent.com/pasqualelembo78/huntix-poi/main/italia/marche/sconosciuta/pages/il_pubbino_43.5717_12.1395.json,custom
43.570803,12.134387,osm_bar_sport_43.5708_12.1344,Bar Sport,bar_cafe,bar_cafe,https://raw.githubusercontent.com/pasqualelembo78/huntix-poi/main/italia/marche/sconosciuta/pages/bar_sport_43.5708_12.1344.json,custom
43.569474,12.144551,osm_bar_k2_43.5695_12.1446,Bar K2,bar_cafe,bar_cafe,https://raw.githubusercontent.com/pasqualelembo78/huntix-poi/main/italia/marche/sconosciuta/pages/bar_k2_43.5695_12.1446.json,custom
43.570249,12.141751,osm_casa_del_caff__43.5702_12.1418,Casa del Caffé,bar_cafe,bar_cafe,https://raw.githubusercontent.com/pasqualelembo78/huntix-poi/main/italia/marche/sconosciuta/pages/casa_del_caff_43.5702_12.1418.json,custom
43.569421,12.144302,osm_whisky_bar_43.5694_12.1443,Whisky Bar,bar_cafe,bar_cafe,https://raw.githubusercontent.com/pasqualelembo78/huntix-poi/main/italia/marche/sconosciuta/pages/whisky_bar_43.5694_12.1443.json,custom
43.570667,12.140643,osm_daily_caf__43.5707_12.1406,Daily Cafè,bar_cafe,bar_cafe,https://raw.githubusercontent.com/pasqualelembo78/huntix-poi/main/italia/marche/sconosciuta/pages/daily_caf_43.5707_12.1406.json,custom
43.569553,12.139167,osm_amadeus_bar_43.5696_12.1392,Amadeus Bar,bar_cafe,bar_cafe,https://raw.githubusercontent.com/pasqualelembo78/huntix-poi/main/italia/marche/sconosciuta/pages/amadeus_bar_43.5696_12.1392.json,custom
43.572394,12.137698,osm_b_bar_43.5724_12.1377,B bar,bar_cafe,bar_cafe,https://raw.githubusercontent.com/pasqualelembo78/huntix-poi/main/italia/marche/sconosciuta/pages/b_bar_43.5724_12.1377.json,custom
43.569390,12.126451,osm_bar_santioni_43.5694_12.1265,Bar Santioni,bar_cafe,bar_cafe,https://raw.githubusercontent.com/pasqualelembo78/huntix-poi/main/italia/marche/sconosciuta/pages/bar_santioni_43.5694_12.1265.json,custom
43.573134,12.134697,osm_spritz_bar_43.5731_12.1347,Spritz Bar,bar_cafe,bar_cafe,https://raw.githubusercontent.com/pasqualelembo78/huntix-poi/main/italia/marche/sconosciuta/pages/spritz_bar_43.5731_12.1347.json,custom
43.572252,12.137575,osm_lo_scorpione_discoteca_43.5723_12.1376,Lo Scorpione discoteca,bar_cafe,bar_cafe,https://raw.githubusercontent.com/pasqualelembo78/huntix-poi/main/italia/marche/sconosciuta/pages/lo_scorpione_discoteca_43.5723_12.1376.json,custom
43.571849,12.139694,osm_gerasmo_caff__43.5718_12.1397,Gerasmo Caffé,bar_cafe,bar_cafe,https://raw.githubusercontent.com/pasqualelembo78/huntix-poi/main/italia/marche/sconosciuta/pages/gerasmo_caff_43.5718_12.1397.json,custom
43.571940,12.140713,osm_bar_amici_miei_43.5719_12.1407,Bar Amici Miei,bar_cafe,bar_cafe,https://raw.githubusercontent.com/pasqualelembo78/huntix-poi/main/italia/marche/sconosciuta/pages/bar_amici_miei_43.5719_12.1407.json,custom
43.572269,12.139776,osm_bar_43.5723_12.1398,Bar,bar_cafe,bar_cafe,https://raw.githubusercontent.com/pasqualelembo78/huntix-poi/main/italia/marche/sconosciuta/pages/bar_43.5723_12.1398.json,custom
43.782023,13.119957,osm_wood___lounge__life_and_beach_43.7820_13.1200,Wood - Lounge, Life and Beach,bar_cafe,bar_cafe,https://raw.githubusercontent.com/pasqualelembo78/huntix-poi/main/italia/marche/sconosciuta/pages/wood_-_lounge_life_and_beach_43.7820_13.1200.json,custom
43.826446,12.300411,osm_circolo_acli_43.8264_12.3004,Circolo ACLI,bar_cafe,bar_cafe,https://raw.githubusercontent.com/pasqualelembo78/huntix-poi/main/italia/marche/sconosciuta/pages/circolo_acli_43.8264_12.3004.json,custom
43.519341,12.110441,osm_bar_bloom_43.5193_12.1104,Bar Bloom,bar_cafe,bar_cafe,https://raw.githubusercontent.com/pasqualelembo78/huntix-poi/main/italia/marche/sconosciuta/pages/bar_bloom_43.5193_12.1104.json,custom
43.462729,12.251812,osm_severi_bar_43.4627_12.2518,Severi Bar,bar_cafe,bar_cafe,https://raw.githubusercontent.com/pasqualelembo78/huntix-poi/main/italia/marche/sconosciuta/pages/severi_bar_43.4627_12.2518.json,custom
43.029615,12.441013,osm_locomotiva_43.0296_12.4410,Locomotiva,bar_cafe,bar_cafe,https://raw.githubusercontent.com/pasqualelembo78/huntix-poi/main/italia/marche/sconosciuta/pages/locomotiva_43.0296_12.4410.json,custom
42.665770,13.464241,osm_bar_del_ceppo_42.6658_13.4642,Bar del Ceppo,bar_cafe,bar_cafe,https://raw.githubusercontent.com/pasqualelembo78/huntix-poi/main/italia/marche/sconosciuta/pages/bar_del_ceppo_42.6658_13.4642.json,custom
43.379051,12.180338,osm_bar_lanzi_p__e_m_f__43.3791_12.1803,Bar Lanzi P. e M.F.,bar_cafe,bar_cafe,https://raw.githubusercontent.com/pasqualelembo78/huntix-poi/main/italia/marche/sconosciuta/pages/bar_lanzi_p_e_mf_43.3791_12.1803.json,custom
43.424661,12.249482,osm_il_bar_etto_43.4247_12.2495,Il Bar_etto,bar_cafe,bar_cafe,https://raw.githubusercontent.com/pasqualelembo78/huntix-poi/main/italia/marche/sconosciuta/pages/il_baretto_43.4247_12.2495.json,custom
43.284032,13.433105,osm_pasticceria_bar_collevario_43.2840_13.4331,Pasticceria Bar Collevario,bar_cafe,bar_cafe,https://raw.githubusercontent.com/pasqualelembo78/huntix-poi/main/italia/marche/sconosciuta/pages/pasticceria_bar_collevario_43.2840_13.4331.json,custom
43.575229,12.129479,osm_ciao_bar_43.5752_12.1295,Ciao Bar,bar_cafe,bar_cafe,https://raw.githubusercontent.com/pasqualelembo78/huntix-poi/main/italia/marche/sconosciuta/pages/ciao_bar_43.5752_12.1295.json,custom
43.573103,12.133366,osm_la_meringa_bar_panetteria_43.5731_12.1334,La Meringa bar Panetteria,bar_cafe,bar_cafe,https://raw.githubusercontent.com/pasqualelembo78/huntix-poi/main/italia/marche/sconosciuta/pages/la_meringa_bar_panetteria_43.5731_12.1334.json,custom
43.569893,12.135616,osm_bar_la_stazione_43.5699_12.1356,Bar La Stazione,bar_cafe,bar_cafe,https://raw.githubusercontent.com/pasqualelembo78/huntix-poi/main/italia/marche/sconosciuta/pages/bar_la_stazione_43.5699_12.1356.json,custom
43.566595,12.152225,osm_bar_la_rotonda_43.5666_12.1522,Bar La Rotonda,bar_cafe,bar_cafe,https://raw.githubusercontent.com/pasqualelembo78/huntix-poi/main/italia/marche/sconosciuta/pages/bar_la_rotonda_43.5666_12.1522.json,custom
43.571790,12.038107,osm_bar___alimentari_43.5718_12.0381,Bar - Alimentari,bar_cafe,bar_cafe,https://raw.githubusercontent.com/pasqualelembo78/huntix-poi/main/italia/marche/sconosciuta/pages/bar_-_alimentari_43.5718_12.0381.json,custom
43.300413,12.341273,osm_caff__dam__43.3004_12.3413,Caffé DaMé,bar_cafe,bar_cafe,https://raw.githubusercontent.com/pasqualelembo78/huntix-poi/main/italia/marche/sconosciuta/pages/caff_dam_43.3004_12.3413.json,custom
43.108254,12.389980,osm_caff__della_penna_43.1083_12.3900,Caffé della Penna,bar_cafe,bar_cafe,https://raw.githubusercontent.com/pasqualelembo78/huntix-poi/main/italia/marche/sconosciuta/pages/caff_della_penna_43.1083_12.3900.json,custom
43.106107,12.362392,osm_bar_massiano_43.1061_12.3624,Bar Massiano,bar_cafe,bar_cafe,https://raw.githubusercontent.com/pasqualelembo78/huntix-poi/main/italia/marche/sconosciuta/pages/bar_massiano_43.1061_12.3624.json,custom
43.106384,12.361550,osm_menchetti_43.1064_12.3615,Menchetti,bar_cafe,bar_cafe,https://raw.githubusercontent.com/pasqualelembo78/huntix-poi/main/italia/marche/sconosciuta/pages/menchetti_43.1064_12.3615.json,custom
43.522578,13.244418,osm_hemingway_caf__43.5226_13.2444,Hemingway Cafè,bar_cafe,bar_cafe,https://raw.githubusercontent.com/pasqualelembo78/huntix-poi/main/italia/marche/sconosciuta/pages/hemingway_caf_43.5226_13.2444.json,custom
43.341281,12.293275,osm_bar_43.3413_12.2933,Bar,bar_cafe,bar_cafe,https://raw.githubusercontent.com/pasqualelembo78/huntix-poi/main/italia/marche/sconosciuta/pages/bar_43.3413_12.2933.json,custom
43.337604,12.296589,osm_happy_days_43.3376_12.2966,Happy Days,bar_cafe,bar_cafe,https://raw.githubusercontent.com/pasqualelembo78/huntix-poi/main/italia/marche/sconosciuta/pages/happy_days_43.3376_12.2966.json,custom
42.520537,14.114237,osm_mazzocchetti_e_marchetti_42.5205_14.1142,Mazzocchetti e Marchetti,bar_cafe,bar_cafe,https://raw.githubusercontent.com/pasqualelembo78/huntix-poi/main/italia/marche/sconosciuta/pages/mazzocchetti_e_marchetti_42.5205_14.1142.json,custom
43.628308,13.401270,osm_circolo_danubio_blu_43.6283_13.4013,Circolo Danubio Blu,bar_cafe,bar_cafe,https://raw.githubusercontent.com/pasqualelembo78/huntix-poi/main/italia/marche/sconosciuta/pages/circolo_danubio_blu_43.6283_13.4013.json,custom
43.727401,12.633845,osm_la_fortezza_43.7274_12.6338,La fortezza,bar_cafe,bar_cafe,https://raw.githubusercontent.com/pasqualelembo78/huntix-poi/main/italia/marche/sconosciuta/pages/la_fortezza_43.7274_12.6338.json,custom
43.983607,12.421017,osm_la_taverna_di_malatestino_43.9836_12.4210,La Taverna di Malatestino,bar_cafe,bar_cafe,https://raw.githubusercontent.com/pasqualelembo78/huntix-poi/main/italia/marche/sconosciuta/pages/la_taverna_di_malatestino_43.9836_12.4210.json,custom
43.572242,12.144683,osm_red_line_43.5722_12.1447,Red Line,bar_cafe,bar_cafe,https://raw.githubusercontent.com/pasqualelembo78/huntix-poi/main/italia/marche/sconosciuta/pages/red_line_43.5722_12.1447.json,custom
42.551513,12.630173,osm_veronica_bar_42.5515_12.6302,Veronica Bar,bar_cafe,bar_cafe,https://raw.githubusercontent.com/pasqualelembo78/huntix-poi/main/italia/marche/sconosciuta/pages/veronica_bar_42.5515_12.6302.json,custom
43.437991,12.159560,osm_il_poggio_bar_43.4380_12.1596,Il Poggio bar,bar_cafe,bar_cafe,https://raw.githubusercontent.com/pasqualelembo78/huntix-poi/main/italia/marche/sconosciuta/pages/il_poggio_bar_43.4380_12.1596.json,custom
42.983353,12.752700,osm_bar_fiore_42.9834_12.7527,Bar Fiore,bar_cafe,bar_cafe,https://raw.githubusercontent.com/pasqualelembo78/huntix-poi/main/italia/marche/sconosciuta/pages/bar_fiore_42.9834_12.7527.json,custom
42.512286,13.135047,osm_bar_la_sorgente_42.5123_13.1350,Bar La Sorgente,bar_cafe,bar_cafe,https://raw.githubusercontent.com/pasqualelembo78/huntix-poi/main/italia/marche/sconosciuta/pages/bar_la_sorgente_42.5123_13.1350.json,custom
43.437309,12.162287,osm_oscari_bar_43.4373_12.1623,Oscari Bar,bar_cafe,bar_cafe,https://raw.githubusercontent.com/pasqualelembo78/huntix-poi/main/italia/marche/sconosciuta/pages/oscari_bar_43.4373_12.1623.json,custom
42.517646,12.515531,osm_caff__il_centro_d_italia_42.5176_12.5155,Caffè Il Centro d'Italia,bar_cafe,bar_cafe,https://raw.githubusercontent.com/pasqualelembo78/huntix-poi/main/italia/marche/sconosciuta/pages/caff_il_centro_ditalia_42.5176_12.5155.json,custom
43.110196,12.352374,osm_bar_massiano_43.1102_12.3524,Bar Massiano,bar_cafe,bar_cafe,https://raw.githubusercontent.com/pasqualelembo78/huntix-poi/main/italia/marche/sconosciuta/pages/bar_massiano_43.1102_12.3524.json,custom
43.374675,12.253323,osm_sibar_43.3747_12.2533,Sibar,bar_cafe,bar_cafe,https://raw.githubusercontent.com/pasqualelembo78/huntix-poi/main/italia/marche/sconosciuta/pages/sibar_43.3747_12.2533.json,custom
43.305573,12.921013,osm_attidium_bar_43.3056_12.9210,Attidium Bar,bar_cafe,bar_cafe,https://raw.githubusercontent.com/pasqualelembo78/huntix-poi/main/italia/marche/sconosciuta/pages/attidium_bar_43.3056_12.9210.json,custom
42.898164,13.852305,osm_mil__42.8982_13.8523,Milù,bar_cafe,bar_cafe,https://raw.githubusercontent.com/pasqualelembo78/huntix-poi/main/italia/marche/sconosciuta/pages/mil_42.8982_13.8523.json,custom
42.897684,13.850502,osm_caff__centrale_42.8977_13.8505,Caffè Centrale,bar_cafe,bar_cafe,https://raw.githubusercontent.com/pasqualelembo78/huntix-poi/main/italia/marche/sconosciuta/pages/caff_centrale_42.8977_13.8505.json,custom
42.920327,13.835889,osm_caffe_del_borgo_42.9203_13.8359,Caffe del Borgo,bar_cafe,bar_cafe,https://raw.githubusercontent.com/pasqualelembo78/huntix-poi/main/italia/marche/sconosciuta/pages/caffe_del_borgo_42.9203_13.8359.json,custom
43.363633,12.326815,osm_aries_cafe_43.3636_12.3268,Aries Cafe,bar_cafe,bar_cafe,https://raw.githubusercontent.com/pasqualelembo78/huntix-poi/main/italia/marche/sconosciuta/pages/aries_cafe_43.3636_12.3268.json,custom
42.512696,14.120905,osm_bagaria_42.5127_14.1209,Bagaria,bar_cafe,bar_cafe,https://raw.githubusercontent.com/pasqualelembo78/huntix-poi/main/italia/marche/sconosciuta/pages/bagaria_42.5127_14.1209.json,custom
43.442140,12.437523,osm_bar_43.4421_12.4375,Bar,bar_cafe,bar_cafe,https://raw.githubusercontent.com/pasqualelembo78/huntix-poi/main/italia/marche/sconosciuta/pages/bar_43.4421_12.4375.json,custom
43.442753,12.437240,osm_bar_tinca_43.4428_12.4372,Bar Tinca,bar_cafe,bar_cafe,https://raw.githubusercontent.com/pasqualelembo78/huntix-poi/main/italia/marche/sconosciuta/pages/bar_tinca_43.4428_12.4372.json,custom
43.443044,12.437273,osm_covo_di_nordest_bar_43.4430_12.4373,Covo di NordEst bar,bar_cafe,bar_cafe,https://raw.githubusercontent.com/pasqualelembo78/huntix-poi/main/italia/marche/sconosciuta/pages/covo_di_nordest_bar_43.4430_12.4373.json,custom
43.246332,12.143761,osm_bar_garibaldi_43.2463_12.1438,Bar Garibaldi,bar_cafe,bar_cafe,https://raw.githubusercontent.com/pasqualelembo78/huntix-poi/main/italia/marche/sconosciuta/pages/bar_garibaldi_43.2463_12.1438.json,custom
43.460862,12.238380,osm_caff__san_giacomo_43.4609_12.2384,Caffé San Giacomo,bar_cafe,bar_cafe,https://raw.githubusercontent.com/pasqualelembo78/huntix-poi/main/italia/marche/sconosciuta/pages/caff_san_giacomo_43.4609_12.2384.json,custom
42.770623,13.411154,osm_bar_terme_42.7706_13.4112,Bar Terme,bar_cafe,bar_cafe,https://raw.githubusercontent.com/pasqualelembo78/huntix-poi/main/italia/marche/sconosciuta/pages/bar_terme_42.7706_13.4112.json,custom
42.770372,13.410929,osm_bar_dello_sport_42.7704_13.4109,Bar dello Sport,bar_cafe,bar_cafe,https://raw.githubusercontent.com/pasqualelembo78/huntix-poi/main/italia/marche/sconosciuta/pages/bar_dello_sport_42.7704_13.4109.json,custom
42.770219,13.410530,osm_caff__del_corso_42.7702_13.4105,Caffè del Corso,bar_cafe,bar_cafe,https://raw.githubusercontent.com/pasqualelembo78/huntix-poi/main/italia/marche/sconosciuta/pages/caff_del_corso_42.7702_13.4105.json,custom
43.403573,12.669330,osm_bar_dedy_43.4036_12.6693,Bar Dedy,bar_cafe,bar_cafe,https://raw.githubusercontent.com/pasqualelembo78/huntix-poi/main/italia/marche/sconosciuta/pages/bar_dedy_43.4036_12.6693.json,custom
43.403824,12.669712,osm_la_cantina_di_pasquale_43.4038_12.6697,La Cantina di Pasquale,bar_cafe,bar_cafe,https://raw.githubusercontent.com/pasqualelembo78/huntix-poi/main/italia/marche/sconosciuta/pages/la_cantina_di_pasquale_43.4038_12.6697.json,custom
43.143043,13.367346,osm_bar_silio_43.1430_13.3673,Bar Silio,bar_cafe,bar_cafe,https://raw.githubusercontent.com/pasqualelembo78/huntix-poi/main/italia/marche/sconosciuta/pages/bar_silio_43.1430_13.3673.json,custom
43.092465,12.367446,osm_il_dollaro_pub_43.0925_12.3674,Il Dollaro Pub,bar_cafe,bar_cafe,https://raw.githubusercontent.com/pasqualelembo78/huntix-poi/main/italia/marche/sconosciuta/pages/il_dollaro_pub_43.0925_12.3674.json,custom
43.095469,12.385109,osm_bad_king_pub_pizz__43.0955_12.3851,Bad King pub pizz.,bar_cafe,bar_cafe,https://raw.githubusercontent.com/pasqualelembo78/huntix-poi/main/italia/marche/sconosciuta/pages/bad_king_pub_pizz_43.0955_12.3851.json,custom
42.921840,13.832323,osm_bar_london_42.9218_13.8323,Bar London,bar_cafe,bar_cafe,https://raw.githubusercontent.com/pasqualelembo78/huntix-poi/main/italia/marche/sconosciuta/pages/bar_london_42.9218_13.8323.json,custom
42.851608,13.572366,osm_archicaf__42.8516_13.5724,Archicafè,bar_cafe,bar_cafe,https://raw.githubusercontent.com/pasqualelembo78/huntix-poi/main/italia/marche/sconosciuta/pages/archicaf_42.8516_13.5724.json,custom
43.464091,13.549507,osm_tiffany_caff__43.4641_13.5495,Tiffany Caffè,bar_cafe,bar_cafe,https://raw.githubusercontent.com/pasqualelembo78/huntix-poi/main/italia/marche/sconosciuta/pages/tiffany_caff_43.4641_13.5495.json,custom
43.464244,13.547286,osm_o_brian_pub_43.4642_13.5473,O'Brian Pub,bar_cafe,bar_cafe,https://raw.githubusercontent.com/pasqualelembo78/huntix-poi/main/italia/marche/sconosciuta/pages/obrian_pub_43.4642_13.5473.json,custom
43.352488,12.573837,osm_caff__del_teatro_43.3525_12.5738,Caffé del Teatro,bar_cafe,bar_cafe,https://raw.githubusercontent.com/pasqualelembo78/huntix-poi/main/italia/marche/sconosciuta/pages/caff_del_teatro_43.3525_12.5738.json,custom
43.352241,12.577383,osm_bar_delle_logge_43.3522_12.5774,Bar delle Logge,bar_cafe,bar_cafe,https://raw.githubusercontent.com/pasqualelembo78/huntix-poi/main/italia/marche/sconosciuta/pages/bar_delle_logge_43.3522_12.5774.json,custom
43.353411,12.579009,osm_bar_ducale_43.3534_12.5790,Bar Ducale,bar_cafe,bar_cafe,https://raw.githubusercontent.com/pasqualelembo78/huntix-poi/main/italia/marche/sconosciuta/pages/bar_ducale_43.3534_12.5790.json,custom
43.451909,13.588178,osm_caffetteria_43.4519_13.5882,Caffetteria,bar_cafe,bar_cafe,https://raw.githubusercontent.com/pasqualelembo78/huntix-poi/main/italia/marche/sconosciuta/pages/caffetteria_43.4519_13.5882.json,custom
43.921031,12.899665,osm_paciugo_gelateria_43.9210_12.8997,Paciugo gelateria,bar_cafe,bar_cafe,https://raw.githubusercontent.com/pasqualelembo78/huntix-poi/main/italia/marche/sconosciuta/pages/paciugo_gelateria_43.9210_12.8997.json,custom
43.921312,12.899545,osm_stuchin_del_porto_43.9213_12.8995,Stuchin del Porto,bar_cafe,bar_cafe,https://raw.githubusercontent.com/pasqualelembo78/huntix-poi/main/italia/marche/sconosciuta/pages/stuchin_del_porto_43.9213_12.8995.json,custom
43.503726,12.305920,osm_bar___panini_43.5037_12.3059,Bar - Panini,bar_cafe,bar_cafe,https://raw.githubusercontent.com/pasqualelembo78/huntix-poi/main/italia/marche/sconosciuta/pages/bar_-_panini_43.5037_12.3059.json,custom
43.503904,12.306501,osm_bar___panini_43.5039_12.3065,Bar - Panini,bar_cafe,bar_cafe,https://raw.githubusercontent.com/pasqualelembo78/huntix-poi/main/italia/marche/sconosciuta/pages/bar_-_panini_43.5039_12.3065.json,custom
43.199114,12.223573,osm_cafe_di_piazza_montarone_43.1991_12.2236,Cafe di Piazza Montarone,bar_cafe,bar_cafe,https://raw.githubusercontent.com/pasqualelembo78/huntix-poi/main/italia/marche/sconosciuta/pages/cafe_di_piazza_montarone_43.1991_12.2236.json,custom
43.459841,12.119407,osm_bar_pub_il_pretino_43.4598_12.1194,Bar Pub il Pretino,bar_cafe,bar_cafe,https://raw.githubusercontent.com/pasqualelembo78/huntix-poi/main/italia/marche/sconosciuta/pages/bar_pub_il_pretino_43.4598_12.1194.json,custom
43.367041,12.267924,osm_portobello_caf__43.3670_12.2679,Portobello Café,bar_cafe,bar_cafe,https://raw.githubusercontent.com/pasqualelembo78/huntix-poi/main/italia/marche/sconosciuta/pages/portobello_caf_43.3670_12.2679.json,custom
43.562445,12.836358,osm_gelati_bel_bon_43.5624_12.8364,Gelati Bel Bon,bar_cafe,bar_cafe,https://raw.githubusercontent.com/pasqualelembo78/huntix-poi/main/italia/marche/sconosciuta/pages/gelati_bel_bon_43.5624_12.8364.json,custom
43.560333,12.837636,osm_del_giardino_43.5603_12.8376,del giardino,bar_cafe,bar_cafe,https://raw.githubusercontent.com/pasqualelembo78/huntix-poi/main/italia/marche/sconosciuta/pages/del_giardino_43.5603_12.8376.json,custom
43.563750,12.835919,osm_lola_s_43.5637_12.8359,Lola's,bar_cafe,bar_cafe,https://raw.githubusercontent.com/pasqualelembo78/huntix-poi/main/italia/marche/sconosciuta/pages/lolas_43.5637_12.8359.json,custom
43.305730,12.336959,osm_l_arte_del_gusto_43.3057_12.3370,L'arte del Gusto,bar_cafe,bar_cafe,https://raw.githubusercontent.com/pasqualelembo78/huntix-poi/main/italia/marche/sconosciuta/pages/larte_del_gusto_43.3057_12.3370.json,custom
43.304425,12.331731,osm_bar_2010_43.3044_12.3317,Bar 2010,bar_cafe,bar_cafe,https://raw.githubusercontent.com/pasqualelembo78/huntix-poi/main/italia/marche/sconosciuta/pages/bar_2010_43.3044_12.3317.json,custom
43.364936,12.268127,osm_gold_caff__43.3649_12.2681,Gold Caffé,bar_cafe,bar_cafe,https://raw.githubusercontent.com/pasqualelembo78/huntix-poi/main/italia/marche/sconosciuta/pages/gold_caff_43.3649_12.2681.json,custom
43.265102,13.756919,osm_bar_kan__43.2651_13.7569,Bar Kanà,bar_cafe,bar_cafe,https://raw.githubusercontent.com/pasqualelembo78/huntix-poi/main/italia/marche/sconosciuta/pages/bar_kan_43.2651_13.7569.json,custom
43.263228,13.757920,osm_gelateria_stile_libero_43.2632_13.7579,Gelateria Stile libero,bar_cafe,bar_cafe,https://raw.githubusercontent.com/pasqualelembo78/huntix-poi/main/italia/marche/sconosciuta/pages/gelateria_stile_libero_43.2632_13.7579.json,custom
43.257045,12.381620,osm_bar_43.2570_12.3816,Bar,bar_cafe,bar_cafe,https://raw.githubusercontent.com/pasqualelembo78/huntix-poi/main/italia/marche/sconosciuta/pages/bar_43.2570_12.3816.json,custom
43.109794,12.387562,osm_joyce_43.1098_12.3876,Joyce,bar_cafe,bar_cafe,https://raw.githubusercontent.com/pasqualelembo78/huntix-poi/main/italia/marche/sconosciuta/pages/joyce_43.1098_12.3876.json,custom
43.261847,12.392447,osm_bar_katia_43.2618_12.3924,Bar Katia,bar_cafe,bar_cafe,https://raw.githubusercontent.com/pasqualelembo78/huntix-poi/main/italia/marche/sconosciuta/pages/bar_katia_43.2618_12.3924.json,custom
43.261613,12.392537,osm_bar_maxim_43.2616_12.3925,Bar Maxim,bar_cafe,bar_cafe,https://raw.githubusercontent.com/pasqualelembo78/huntix-poi/main/italia/marche/sconosciuta/pages/bar_maxim_43.2616_12.3925.json,custom
43.353539,12.579365,osm_i_giardinipensili_43.3535_12.5794,I Giardinipensili,bar_cafe,bar_cafe,https://raw.githubusercontent.com/pasqualelembo78/huntix-poi/main/italia/marche/sconosciuta/pages/i_giardinipensili_43.3535_12.5794.json,custom
42.549520,12.630381,osm_bar_cospea_42.5495_12.6304,Bar Cospea,bar_cafe,bar_cafe,https://raw.githubusercontent.com/pasqualelembo78/huntix-poi/main/italia/marche/sconosciuta/pages/bar_cospea_42.5495_12.6304.json,custom
43.100162,12.318498,osm_caff__brama_43.1002_12.3185,Caffé Brama,bar_cafe,bar_cafe,https://raw.githubusercontent.com/pasqualelembo78/huntix-poi/main/italia/marche/sconosciuta/pages/caff_brama_43.1002_12.3185.json,custom
43.106091,12.333929,osm_bar_fortuna_43.1061_12.3339,Bar Fortuna,bar_cafe,bar_cafe,https://raw.githubusercontent.com/pasqualelembo78/huntix-poi/main/italia/marche/sconosciuta/pages/bar_fortuna_43.1061_12.3339.json,custom
43.089578,12.455127,osm_bio_bar_43.0896_12.4551,Bio Bar,bar_cafe,bar_cafe,https://raw.githubusercontent.com/pasqualelembo78/huntix-poi/main/italia/marche/sconosciuta/pages/bio_bar_43.0896_12.4551.json,custom
43.794694,13.004379,osm_bar_cicogna_43.7947_13.0044,Bar Cicogna,bar_cafe,bar_cafe,https://raw.githubusercontent.com/pasqualelembo78/huntix-poi/main/italia/marche/sconosciuta/pages/bar_cicogna_43.7947_13.0044.json,custom
43.248897,13.509816,osm_bar_centrale_43.2489_13.5098,Bar Centrale,bar_cafe,bar_cafe,https://raw.githubusercontent.com/pasqualelembo78/huntix-poi/main/italia/marche/sconosciuta/pages/bar_centrale_43.2489_13.5098.json,custom
43.795266,13.010626,osm_pit_stop_43.7953_13.0106,Pit stop,bar_cafe,bar_cafe,https://raw.githubusercontent.com/pasqualelembo78/huntix-poi/main/italia/marche/sconosciuta/pages/pit_stop_43.7953_13.0106.json,custom
43.203186,12.426295,osm_bar_43.2032_12.4263,Bar,bar_cafe,bar_cafe,https://raw.githubusercontent.com/pasqualelembo78/huntix-poi/main/italia/marche/sconosciuta/pages/bar_43.2032_12.4263.json,custom
42.671014,12.450502,osm_bar_42.6710_12.4505,Bar,bar_cafe,bar_cafe,https://raw.githubusercontent.com/pasqualelembo78/huntix-poi/main/italia/marche/sconosciuta/pages/bar_42.6710_12.4505.json,custom
43.946453,12.456462,osm_il_birraio_43.9465_12.4565,Il Birraio,bar_cafe,bar_cafe,https://raw.githubusercontent.com/pasqualelembo78/huntix-poi/main/italia/marche/sconosciuta/pages/il_birraio_43.9465_12.4565.json,custom
43.947906,12.468912,osm_bar_del_castello_43.9479_12.4689,Bar del Castello,bar_cafe,bar_cafe,https://raw.githubusercontent.com/pasqualelembo78/huntix-poi/main/italia/marche/sconosciuta/pages/bar_del_castello_43.9479_12.4689.json,custom
42.717076,12.112426,osm_bar_hescanas_42.7171_12.1124,Bar Hescanas,bar_cafe,bar_cafe,https://raw.githubusercontent.com/pasqualelembo78/huntix-poi/main/italia/marche/sconosciuta/pages/bar_hescanas_42.7171_12.1124.json,custom
43.187488,12.451241,osm_bar_pannacci___edicola_43.1875_12.4512,Bar Pannacci - Edicola,bar_cafe,bar_cafe,https://raw.githubusercontent.com/pasqualelembo78/huntix-poi/main/italia/marche/sconosciuta/pages/bar_pannacci_-_edicola_43.1875_12.4512.json,custom
42.724008,12.126353,osm_bar_della_stazione_42.7240_12.1264,Bar della Stazione,bar_cafe,bar_cafe,https://raw.githubusercontent.com/pasqualelembo78/huntix-poi/main/italia/marche/sconosciuta/pages/bar_della_stazione_42.7240_12.1264.json,custom
42.722142,12.133032,osm_tony_bar_42.7221_12.1330,Tony Bar,bar_cafe,bar_cafe,https://raw.githubusercontent.com/pasqualelembo78/huntix-poi/main/italia/marche/sconosciuta/pages/tony_bar_42.7221_12.1330.json,custom
43.175689,12.427768,osm_china_s_bar_43.1757_12.4278,China's Bar,bar_cafe,bar_cafe,https://raw.githubusercontent.com/pasqualelembo78/huntix-poi/main/italia/marche/sconosciuta/pages/chinas_bar_43.1757_12.4278.json,custom
43.176393,12.427020,osm_stellar_caf__43.1764_12.4270,Stellar Café,bar_cafe,bar_cafe,https://raw.githubusercontent.com/pasqualelembo78/huntix-poi/main/italia/marche/sconosciuta/pages/stellar_caf_43.1764_12.4270.json,custom
43.178762,12.425885,osm_bar_piscine_43.1788_12.4259,Bar Piscine,bar_cafe,bar_cafe,https://raw.githubusercontent.com/pasqualelembo78/huntix-poi/main/italia/marche/sconosciuta/pages/bar_piscine_43.1788_12.4259.json,custom
43.174852,12.428819,osm_bistrot_sfizi_coffee_43.1749_12.4288,Bistrot Sfizi Coffee,bar_cafe,bar_cafe,https://raw.githubusercontent.com/pasqualelembo78/huntix-poi/main/italia/marche/sconosciuta/pages/bistrot_sfizi_coffee_43.1749_12.4288.json,custom
43.962503,12.738084,osm_baraci_43.9625_12.7381,BarAci,bar_cafe,bar_cafe,https://raw.githubusercontent.com/pasqualelembo78/huntix-poi/main/italia/marche/sconosciuta/pages/baraci_43.9625_12.7381.json,custom
43.162034,12.464326,osm_trilogy_pub_43.1620_12.4643,Trilogy pub,bar_cafe,bar_cafe,https://raw.githubusercontent.com/pasqualelembo78/huntix-poi/main/italia/marche/sconosciuta/pages/trilogy_pub_43.1620_12.4643.json,custom
43.141386,12.463427,osm_bar_tenda_43.1414_12.4634,Bar Tenda,bar_cafe,bar_cafe,https://raw.githubusercontent.com/pasqualelembo78/huntix-poi/main/italia/marche/sconosciuta/pages/bar_tenda_43.1414_12.4634.json,custom
43.158120,12.491177,osm_bar_centrale_43.1581_12.4912,Bar Centrale,bar_cafe,bar_cafe,https://raw.githubusercontent.com/pasqualelembo78/huntix-poi/main/italia/marche/sconosciuta/pages/bar_centrale_43.1581_12.4912.json,custom
43.159276,12.492336,osm_cral_pro_loco_colombella_43.1593_12.4923,Cral Pro Loco Colombella,bar_cafe,bar_cafe,https://raw.githubusercontent.com/pasqualelembo78/huntix-poi/main/italia/marche/sconosciuta/pages/cral_pro_loco_colombella_43.1593_12.4923.json,custom
43.159941,12.492886,osm_blue_bar_43.1599_12.4929,Blue Bar,bar_cafe,bar_cafe,https://raw.githubusercontent.com/pasqualelembo78/huntix-poi/main/italia/marche/sconosciuta/pages/blue_bar_43.1599_12.4929.json,custom
43.165519,12.499795,osm_bar_43.1655_12.4998,Bar,bar_cafe,bar_cafe,https://raw.githubusercontent.com/pasqualelembo78/huntix-poi/main/italia/marche/sconosciuta/pages/bar_43.1655_12.4998.json,custom
43.203147,12.076766,osm_joker_bar_43.2031_12.0768,Joker bar,bar_cafe,bar_cafe,https://raw.githubusercontent.com/pasqualelembo78/huntix-poi/main/italia/marche/sconosciuta/pages/joker_bar_43.2031_12.0768.json,custom
42.834829,12.765735,osm_green_garden_42.8348_12.7657,Green garden,bar_cafe,bar_cafe,https://raw.githubusercontent.com/pasqualelembo78/huntix-poi/main/italia/marche/sconosciuta/pages/green_garden_42.8348_12.7657.json,custom
43.487445,12.109149,osm_la_cambusa_pub_43.4874_12.1091,La Cambusa pub,bar_cafe,bar_cafe,https://raw.githubusercontent.com/pasqualelembo78/huntix-poi/main/italia/marche/sconosciuta/pages/la_cambusa_pub_43.4874_12.1091.json,custom
43.484238,12.076593,osm_duri_s_caf__43.4842_12.0766,Duri's Café,bar_cafe,bar_cafe,https://raw.githubusercontent.com/pasqualelembo78/huntix-poi/main/italia/marche/sconosciuta/pages/duris_caf_43.4842_12.0766.json,custom
42.823124,12.765604,osm_road_caf__42.8231_12.7656,Road Café,bar_cafe,bar_cafe,https://raw.githubusercontent.com/pasqualelembo78/huntix-poi/main/italia/marche/sconosciuta/pages/road_caf_42.8231_12.7656.json,custom
43.103504,12.348878,osm_bar_del_ciccio_43.1035_12.3489,Bar del Ciccio,bar_cafe,bar_cafe,https://raw.githubusercontent.com/pasqualelembo78/huntix-poi/main/italia/marche/sconosciuta/pages/bar_del_ciccio_43.1035_12.3489.json,custom
43.102761,12.352139,osm_bar_giusy_43.1028_12.3521,Bar Giusy,bar_cafe,bar_cafe,https://raw.githubusercontent.com/pasqualelembo78/huntix-poi/main/italia/marche/sconosciuta/pages/bar_giusy_43.1028_12.3521.json,custom
43.815466,13.000340,osm_bar_monica_43.8155_13.0003,Bar Monica,bar_cafe,bar_cafe,https://raw.githubusercontent.com/pasqualelembo78/huntix-poi/main/italia/marche/sconosciuta/pages/bar_monica_43.8155_13.0003.json,custom
43.344169,13.567416,osm_caf__del_teatro_43.3442_13.5674,Café del Teatro,bar_cafe,bar_cafe,https://raw.githubusercontent.com/pasqualelembo78/huntix-poi/main/italia/marche/sconosciuta/pages/caf_del_teatro_43.3442_13.5674.json,custom
43.246070,13.508489,osm_galleria_43.2461_13.5085,Galleria,bar_cafe,bar_cafe,https://raw.githubusercontent.com/pasqualelembo78/huntix-poi/main/italia/marche/sconosciuta/pages/galleria_43.2461_13.5085.json,custom
43.146873,12.452837,osm_la_leccornia_bar_gelateria_43.1469_12.4528,La Leccornia Bar Gelateria,bar_cafe,bar_cafe,https://raw.githubusercontent.com/pasqualelembo78/huntix-poi/main/italia/marche/sconosciuta/pages/la_leccornia_bar_gelateria_43.1469_12.4528.json,custom
43.542504,12.067171,osm_bar_sport_43.5425_12.0672,Bar Sport,bar_cafe,bar_cafe,https://raw.githubusercontent.com/pasqualelembo78/huntix-poi/main/italia/marche/sconosciuta/pages/bar_sport_43.5425_12.0672.json,custom
43.541587,12.054179,osm_bar_del_teatro_43.5416_12.0542,Bar del Teatro,bar_cafe,bar_cafe,https://raw.githubusercontent.com/pasqualelembo78/huntix-poi/main/italia/marche/sconosciuta/pages/bar_del_teatro_43.5416_12.0542.json,custom
43.533770,12.091253,osm_bar_43.5338_12.0913,Bar,bar_cafe,bar_cafe,https://raw.githubusercontent.com/pasqualelembo78/huntix-poi/main/italia/marche/sconosciuta/pages/bar_43.5338_12.0913.json,custom
43.143933,12.453288,osm_bar_mosa__43.1439_12.4533,Bar Mosa',bar_cafe,bar_cafe,https://raw.githubusercontent.com/pasqualelembo78/huntix-poi/main/italia/marche/sconosciuta/pages/bar_mosa_43.1439_12.4533.json,custom
43.670897,13.104306,osm_bar_pro_loco_43.6709_13.1043,Bar Pro Loco,bar_cafe,bar_cafe,https://raw.githubusercontent.com/pasqualelembo78/huntix-poi/main/italia/marche/sconosciuta/pages/bar_pro_loco_43.6709_13.1043.json,custom
43.025172,13.858771,osm_caff__seicento_43.0252_13.8588,Caffè Seicento,bar_cafe,bar_cafe,https://raw.githubusercontent.com/pasqualelembo78/huntix-poi/main/italia/marche/sconosciuta/pages/caff_seicento_43.0252_13.8588.json,custom
43.403252,12.668902,osm_bar_centrale___46_43.4033_12.6689,Bar Centrale - 46,bar_cafe,bar_cafe,https://raw.githubusercontent.com/pasqualelembo78/huntix-poi/main/italia/marche/sconosciuta/pages/bar_centrale_-_46_43.4033_12.6689.json,custom
43.402503,12.668969,osm_bar_43.4025_12.6690,Bar,bar_cafe,bar_cafe,https://raw.githubusercontent.com/pasqualelembo78/huntix-poi/main/italia/marche/sconosciuta/pages/bar_43.4025_12.6690.json,custom
43.331403,12.742732,osm_garden_bar_43.3314_12.7427,Garden Bar,bar_cafe,bar_cafe,https://raw.githubusercontent.com/pasqualelembo78/huntix-poi/main/italia/marche/sconosciuta/pages/garden_bar_43.3314_12.7427.json,custom
43.287478,12.749147,osm_bar_43.2875_12.7491,Bar,bar_cafe,bar_cafe,https://raw.githubusercontent.com/pasqualelembo78/huntix-poi/main/italia/marche/sconosciuta/pages/bar_43.2875_12.7491.json,custom
43.287886,12.748964,osm_bar_43.2879_12.7490,Bar,bar_cafe,bar_cafe,https://raw.githubusercontent.com/pasqualelembo78/huntix-poi/main/italia/marche/sconosciuta/pages/bar_43.2879_12.7490.json,custom
43.290232,12.744991,osm_caff__mir__43.2902_12.7450,Caffé Mirò,bar_cafe,bar_cafe,https://raw.githubusercontent.com/pasqualelembo78/huntix-poi/main/italia/marche/sconosciuta/pages/caff_mir_43.2902_12.7450.json,custom
43.290855,12.749978,osm_il_gatto_nero_43.2909_12.7500,Il gatto nero,bar_cafe,bar_cafe,https://raw.githubusercontent.com/pasqualelembo78/huntix-poi/main/italia/marche/sconosciuta/pages/il_gatto_nero_43.2909_12.7500.json,custom
43.291606,12.748532,osm_bar_ever_green_43.2916_12.7485,Bar Ever Green,bar_cafe,bar_cafe,https://raw.githubusercontent.com/pasqualelembo78/huntix-poi/main/italia/marche/sconosciuta/pages/bar_ever_green_43.2916_12.7485.json,custom
43.283770,12.757017,osm_bar_43.2838_12.7570,Bar,bar_cafe,bar_cafe,https://raw.githubusercontent.com/pasqualelembo78/huntix-poi/main/italia/marche/sconosciuta/pages/bar_43.2838_12.7570.json,custom
43.132259,12.444981,osm_bar_giardino_43.1323_12.4450,Bar Giardino,bar_cafe,bar_cafe,https://raw.githubusercontent.com/pasqualelembo78/huntix-poi/main/italia/marche/sconosciuta/pages/bar_giardino_43.1323_12.4450.json,custom
43.132553,12.445595,osm_bar_nuovaluce_43.1326_12.4456,Bar Nuovaluce,bar_cafe,bar_cafe,https://raw.githubusercontent.com/pasqualelembo78/huntix-poi/main/italia/marche/sconosciuta/pages/bar_nuovaluce_43.1326_12.4456.json,custom
43.132758,12.442673,osm_circolo_endas_43.1328_12.4427,Circolo Endas,bar_cafe,bar_cafe,https://raw.githubusercontent.com/pasqualelembo78/huntix-poi/main/italia/marche/sconosciuta/pages/circolo_endas_43.1328_12.4427.json,custom
42.719381,12.110477,osm_palace_cafe_42.7194_12.1105,Palace Cafe,bar_cafe,bar_cafe,https://raw.githubusercontent.com/pasqualelembo78/huntix-poi/main/italia/marche/sconosciuta/pages/palace_cafe_42.7194_12.1105.json,custom
43.186772,12.551796,osm_bar_43.1868_12.5518,Bar,bar_cafe,bar_cafe,https://raw.githubusercontent.com/pasqualelembo78/huntix-poi/main/italia/marche/sconosciuta/pages/bar_43.1868_12.5518.json,custom
43.110157,12.447512,osm_sporting_bar_43.1102_12.4475,Sporting Bar,bar_cafe,bar_cafe,https://raw.githubusercontent.com/pasqualelembo78/huntix-poi/main/italia/marche/sconosciuta/pages/sporting_bar_43.1102_12.4475.json,custom
43.111372,12.448208,osm_ponte_43.1114_12.4482,Ponte,bar_cafe,bar_cafe,https://raw.githubusercontent.com/pasqualelembo78/huntix-poi/main/italia/marche/sconosciuta/pages/ponte_43.1114_12.4482.json,custom
43.307559,13.438011,osm_le_monde_cafe_43.3076_13.4380,Le monde cafe,bar_cafe,bar_cafe,https://raw.githubusercontent.com/pasqualelembo78/huntix-poi/main/italia/marche/sconosciuta/pages/le_monde_cafe_43.3076_13.4380.json,custom
43.108082,12.466051,osm_bar_43.1081_12.4661,Bar,bar_cafe,bar_cafe,https://raw.githubusercontent.com/pasqualelembo78/huntix-poi/main/italia/marche/sconosciuta/pages/bar_43.1081_12.4661.json,custom
43.102877,12.493006,osm_pub_43.1029_12.4930,Pub,bar_cafe,bar_cafe,https://raw.githubusercontent.com/pasqualelembo78/huntix-poi/main/italia/marche/sconosciuta/pages/pub_43.1029_12.4930.json,custom
43.102796,12.492966,osm_bar_43.1028_12.4930,Bar,bar_cafe,bar_cafe,https://raw.githubusercontent.com/pasqualelembo78/huntix-poi/main/italia/marche/sconosciuta/pages/bar_43.1028_12.4930.json,custom
42.551371,12.713879,osm_la_specola_bar_42.5514_12.7139,La Specola Bar,bar_cafe,bar_cafe,https://raw.githubusercontent.com/pasqualelembo78/huntix-poi/main/italia/marche/sconosciuta/pages/la_specola_bar_42.5514_12.7139.json,custom
42.618380,12.797711,osm_mola_del_sacramento_42.6184_12.7977,Mola del Sacramento,bar_cafe,bar_cafe,https://raw.githubusercontent.com/pasqualelembo78/huntix-poi/main/italia/marche/sconosciuta/pages/mola_del_sacramento_42.6184_12.7977.json,custom
42.618269,12.794506,osm_bar_tabacchi_42.6183_12.7945,Bar Tabacchi,bar_cafe,bar_cafe,https://raw.githubusercontent.com/pasqualelembo78/huntix-poi/main/italia/marche/sconosciuta/pages/bar_tabacchi_42.6183_12.7945.json,custom
43.267728,13.572596,osm_la_mora_43.2677_13.5726,La Mora,bar_cafe,bar_cafe,https://raw.githubusercontent.com/pasqualelembo78/huntix-poi/main/italia/marche/sconosciuta/pages/la_mora_43.2677_13.5726.json,custom
43.086042,12.481946,osm_bar_43.0860_12.4819,Bar,bar_cafe,bar_cafe,https://raw.githubusercontent.com/pasqualelembo78/huntix-poi/main/italia/marche/sconosciuta/pages/bar_43.0860_12.4819.json,custom
43.079264,12.505451,osm_bar_smallville___giornali_43.0793_12.5055,Bar Smallville - giornali,bar_cafe,bar_cafe,https://raw.githubusercontent.com/pasqualelembo78/huntix-poi/main/italia/marche/sconosciuta/pages/bar_smallville_-_giornali_43.0793_12.5055.json,custom
43.244170,13.505989,osm_pasticceria_stefania_43.2442_13.5060,Pasticceria Stefania,bar_cafe,bar_cafe,https://raw.githubusercontent.com/pasqualelembo78/huntix-poi/main/italia/marche/sconosciuta/pages/pasticceria_stefania_43.2442_13.5060.json,custom
43.559809,12.835917,osm_anna_bar_43.5598_12.8359,Anna Bar,bar_cafe,bar_cafe,https://raw.githubusercontent.com/pasqualelembo78/huntix-poi/main/italia/marche/sconosciuta/pages/anna_bar_43.5598_12.8359.json,custom
43.064800,12.559811,osm_bar_las_vegas_43.0648_12.5598,Bar Las Vegas,bar_cafe,bar_cafe,https://raw.githubusercontent.com/pasqualelembo78/huntix-poi/main/italia/marche/sconosciuta/pages/bar_las_vegas_43.0648_12.5598.json,custom
43.065965,12.556124,osm_bar_royal_43.0660_12.5561,Bar Royal,bar_cafe,bar_cafe,https://raw.githubusercontent.com/pasqualelembo78/huntix-poi/main/italia/marche/sconosciuta/pages/bar_royal_43.0660_12.5561.json,custom
43.572683,12.137251,osm_tacconi_bar_43.5727_12.1373,Tacconi Bar,bar_cafe,bar_cafe,https://raw.githubusercontent.com/pasqualelembo78/huntix-poi/main/italia/marche/sconosciuta/pages/tacconi_bar_43.5727_12.1373.json,custom
43.067900,12.548177,osm_mela_43.0679_12.5482,Mela,bar_cafe,bar_cafe,https://raw.githubusercontent.com/pasqualelembo78/huntix-poi/main/italia/marche/sconosciuta/pages/mela_43.0679_12.5482.json,custom
43.066188,12.549599,osm_bar_via_veneto_43.0662_12.5496,Bar Via Veneto,bar_cafe,bar_cafe,https://raw.githubusercontent.com/pasqualelembo78/huntix-poi/main/italia/marche/sconosciuta/pages/bar_via_veneto_43.0662_12.5496.json,custom
42.855955,12.368427,osm_planet_bar_42.8560_12.3684,Planet Bar,bar_cafe,bar_cafe,https://raw.githubusercontent.com/pasqualelembo78/huntix-poi/main/italia/marche/sconosciuta/pages/planet_bar_42.8560_12.3684.json,custom
43.056323,12.562026,osm_bar_43.0563_12.5620,Bar,bar_cafe,bar_cafe,https://raw.githubusercontent.com/pasqualelembo78/huntix-poi/main/italia/marche/sconosciuta/pages/bar_43.0563_12.5620.json,custom
43.096682,12.369972,osm_rock_n_roll_club_43.0967_12.3700,Rock'N'Roll Club,bar_cafe,bar_cafe,https://raw.githubusercontent.com/pasqualelembo78/huntix-poi/main/italia/marche/sconosciuta/pages/rocknroll_club_43.0967_12.3700.json,custom
43.059942,12.544533,osm_bar_bianchi_43.0599_12.5445,Bar Bianchi,bar_cafe,bar_cafe,https://raw.githubusercontent.com/pasqualelembo78/huntix-poi/main/italia/marche/sconosciuta/pages/bar_bianchi_43.0599_12.5445.json,custom
43.060523,12.549171,osm_barr___restaurant_43.0605_12.5492,Barr & Restaurant,bar_cafe,bar_cafe,https://raw.githubusercontent.com/pasqualelembo78/huntix-poi/main/italia/marche/sconosciuta/pages/barr_restaurant_43.0605_12.5492.json,custom
43.053438,12.563875,osm_bar_bella_napoli_43.0534_12.5639,Bar Bella Napoli,bar_cafe,bar_cafe,https://raw.githubusercontent.com/pasqualelembo78/huntix-poi/main/italia/marche/sconosciuta/pages/bar_bella_napoli_43.0534_12.5639.json,custom
43.071245,12.550042,osm_l_ammazzacaff__milk___coffee_43.0712_12.5500,L'Ammazzacaffé Milk & Coffee,bar_cafe,bar_cafe,https://raw.githubusercontent.com/pasqualelembo78/huntix-poi/main/italia/marche/sconosciuta/pages/lammazzacaff_milk_coffee_43.0712_12.5500.json,custom
43.571233,12.136486,osm_chieli_43.5712_12.1365,Chieli,bar_cafe,bar_cafe,https://raw.githubusercontent.com/pasqualelembo78/huntix-poi/main/italia/marche/sconosciuta/pages/chieli_43.5712_12.1365.json,custom
43.072511,12.550308,osm_bar_pasticceria_mela_43.0725_12.5503,Bar Pasticceria Mela,bar_cafe,bar_cafe,https://raw.githubusercontent.com/pasqualelembo78/huntix-poi/main/italia/marche/sconosciuta/pages/bar_pasticceria_mela_43.0725_12.5503.json,custom
43.075597,12.560638,osm_break_bar_edicola_43.0756_12.5606,Break Bar edicola,bar_cafe,bar_cafe,https://raw.githubusercontent.com/pasqualelembo78/huntix-poi/main/italia/marche/sconosciuta/pages/break_bar_edicola_43.0756_12.5606.json,custom
42.894284,12.405161,osm_circolo_acli_42.8943_12.4052,Circolo ACLI,bar_cafe,bar_cafe,https://raw.githubusercontent.com/pasqualelembo78/huntix-poi/main/italia/marche/sconosciuta/pages/circolo_acli_42.8943_12.4052.json,custom
43.294067,13.437871,osm_la_dolce_vita_43.2941_13.4379,La dolce vita,bar_cafe,bar_cafe,https://raw.githubusercontent.com/pasqualelembo78/huntix-poi/main/italia/marche/sconosciuta/pages/la_dolce_vita_43.2941_13.4379.json,custom
43.600235,13.449976,osm_nathy_bar_43.6002_13.4500,Nathy bar,bar_cafe,bar_cafe,https://raw.githubusercontent.com/pasqualelembo78/huntix-poi/main/italia/marche/sconosciuta/pages/nathy_bar_43.6002_13.4500.json,custom
42.880505,13.040257,osm_bar_memole_42.8805_13.0403,Bar Memole,bar_cafe,bar_cafe,https://raw.githubusercontent.com/pasqualelembo78/huntix-poi/main/italia/marche/sconosciuta/pages/bar_memole_42.8805_13.0403.json,custom
43.089117,12.457899,osm_mama_bar_43.0891_12.4579,Mama Bar,bar_cafe,bar_cafe,https://raw.githubusercontent.com/pasqualelembo78/huntix-poi/main/italia/marche/sconosciuta/pages/mama_bar_43.0891_12.4579.json,custom
42.850731,13.618582,osm_papillon_42.8507_13.6186,Papillon,bar_cafe,bar_cafe,https://raw.githubusercontent.com/pasqualelembo78/huntix-poi/main/italia/marche/sconosciuta/pages/papillon_42.8507_13.6186.json,custom
43.925998,12.651095,osm_circolo_acli_sant_andrea_in_casale_43.9260_12.6511,Circolo Acli Sant'Andrea in Casale,bar_cafe,bar_cafe,https://raw.githubusercontent.com/pasqualelembo78/huntix-poi/main/italia/marche/sconosciuta/pages/circolo_acli_santandrea_in_casale_43.9260_12.6511.json,custom
43.142663,12.540722,osm_bar_43.1427_12.5407,Bar,bar_cafe,bar_cafe,https://raw.githubusercontent.com/pasqualelembo78/huntix-poi/main/italia/marche/sconosciuta/pages/bar_43.1427_12.5407.json,custom
43.121774,12.536088,osm_b_b__bar___pasticceria_panini_43.1218_12.5361,B.B. bar - pasticceria panini,bar_cafe,bar_cafe,https://raw.githubusercontent.com/pasqualelembo78/huntix-poi/main/italia/marche/sconosciuta/pages/bb_bar_-_pasticceria_panini_43.1218_12.5361.json,custom
43.060821,12.583811,osm_bar_incontro_43.0608_12.5838,Bar Incontro,bar_cafe,bar_cafe,https://raw.githubusercontent.com/pasqualelembo78/huntix-poi/main/italia/marche/sconosciuta/pages/bar_incontro_43.0608_12.5838.json,custom
43.057119,12.577161,osm_bar_43.0571_12.5772,Bar,bar_cafe,bar_cafe,https://raw.githubusercontent.com/pasqualelembo78/huntix-poi/main/italia/marche/sconosciuta/pages/bar_43.0571_12.5772.json,custom
43.058428,12.578926,osm_caff__retro_43.0584_12.5789,Caffè Retro,bar_cafe,bar_cafe,https://raw.githubusercontent.com/pasqualelembo78/huntix-poi/main/italia/marche/sconosciuta/pages/caff_retro_43.0584_12.5789.json,custom
43.057979,12.575796,osm_bar_pasticceria_lollini_43.0580_12.5758,Bar Pasticceria Lollini,bar_cafe,bar_cafe,https://raw.githubusercontent.com/pasqualelembo78/huntix-poi/main/italia/marche/sconosciuta/pages/bar_pasticceria_lollini_43.0580_12.5758.json,custom
43.060063,12.567548,osm_bar_rocchi_43.0601_12.5675,Bar Rocchi,bar_cafe,bar_cafe,https://raw.githubusercontent.com/pasqualelembo78/huntix-poi/main/italia/marche/sconosciuta/pages/bar_rocchi_43.0601_12.5675.json,custom
43.485647,12.221660,osm_la_sosta_bar_43.4856_12.2217,La Sosta Bar,bar_cafe,bar_cafe,https://raw.githubusercontent.com/pasqualelembo78/huntix-poi/main/italia/marche/sconosciuta/pages/la_sosta_bar_43.4856_12.2217.json,custom
43.057918,12.578367,osm_caff__dei_priori_43.0579_12.5784,Caffé dei Priori,bar_cafe,bar_cafe,https://raw.githubusercontent.com/pasqualelembo78/huntix-poi/main/italia/marche/sconosciuta/pages/caff_dei_priori_43.0579_12.5784.json,custom
42.580443,13.978475,osm_duomo_caff__42.5804_13.9785,Duomo Caffè,bar_cafe,bar_cafe,https://raw.githubusercontent.com/pasqualelembo78/huntix-poi/main/italia/marche/sconosciuta/pages/duomo_caff_42.5804_13.9785.json,custom
42.581097,13.978227,osm_fermo_posta_caf__42.5811_13.9782,Fermo Posta Cafè,bar_cafe,bar_cafe,https://raw.githubusercontent.com/pasqualelembo78/huntix-poi/main/italia/marche/sconosciuta/pages/fermo_posta_caf_42.5811_13.9782.json,custom
42.579924,13.977900,osm_gran_caff__portici_42.5799_13.9779,Gran Caffé Portici,bar_cafe,bar_cafe,https://raw.githubusercontent.com/pasqualelembo78/huntix-poi/main/italia/marche/sconosciuta/pages/gran_caff_portici_42.5799_13.9779.json,custom
42.579932,13.977288,osm_bar_del_corso_42.5799_13.9773,Bar del Corso,bar_cafe,bar_cafe,https://raw.githubusercontent.com/pasqualelembo78/huntix-poi/main/italia/marche/sconosciuta/pages/bar_del_corso_42.5799_13.9773.json,custom
42.579865,13.977507,osm_bar_paradise_caf__42.5799_13.9775,Bar Paradise café,bar_cafe,bar_cafe,https://raw.githubusercontent.com/pasqualelembo78/huntix-poi/main/italia/marche/sconosciuta/pages/bar_paradise_caf_42.5799_13.9775.json,custom
42.579798,13.976795,osm_kin__42.5798_13.9768,Kiné,bar_cafe,bar_cafe,https://raw.githubusercontent.com/pasqualelembo78/huntix-poi/main/italia/marche/sconosciuta/pages/kin_42.5798_13.9768.json,custom
42.613287,13.896238,osm_a_casa_di_ranty_42.6133_13.8962,A Casa di Ranty,bar_cafe,bar_cafe,https://raw.githubusercontent.com/pasqualelembo78/huntix-poi/main/italia/marche/sconosciuta/pages/a_casa_di_ranty_42.6133_13.8962.json,custom
42.574134,13.996102,osm_bar_della_rotonda_42.5741_13.9961,Bar della rotonda,bar_cafe,bar_cafe,https://raw.githubusercontent.com/pasqualelembo78/huntix-poi/main/italia/marche/sconosciuta/pages/bar_della_rotonda_42.5741_13.9961.json,custom
43.056408,12.570357,osm_sandro_43.0564_12.5704,Sandro,bar_cafe,bar_cafe,https://raw.githubusercontent.com/pasqualelembo78/huntix-poi/main/italia/marche/sconosciuta/pages/sandro_43.0564_12.5704.json,custom
43.056757,12.573418,osm_bar___gastronomia_43.0568_12.5734,Bar - Gastronomia,bar_cafe,bar_cafe,https://raw.githubusercontent.com/pasqualelembo78/huntix-poi/main/italia/marche/sconosciuta/pages/bar_-_gastronomia_43.0568_12.5734.json,custom
43.056597,12.576758,osm_new_my_way_43.0566_12.5768,New My Way,bar_cafe,bar_cafe,https://raw.githubusercontent.com/pasqualelembo78/huntix-poi/main/italia/marche/sconosciuta/pages/new_my_way_43.0566_12.5768.json,custom
43.306408,12.329714,osm_fuori_orario___birreria_43.3064_12.3297,Fuori Orario - birreria,bar_cafe,bar_cafe,https://raw.githubusercontent.com/pasqualelembo78/huntix-poi/main/italia/marche/sconosciuta/pages/fuori_orario_-_birreria_43.3064_12.3297.json,custom
43.022501,13.617195,osm_bar_virgili_camillo_43.0225_13.6172,Bar Virgili Camillo,bar_cafe,bar_cafe,https://raw.githubusercontent.com/pasqualelembo78/huntix-poi/main/italia/marche/sconosciuta/pages/bar_virgili_camillo_43.0225_13.6172.json,custom
43.056695,12.588286,osm_circolo_bocciofilo_43.0567_12.5883,Circolo Bocciofilo,bar_cafe,bar_cafe,https://raw.githubusercontent.com/pasqualelembo78/huntix-poi/main/italia/marche/sconosciuta/pages/circolo_bocciofilo_43.0567_12.5883.json,custom
42.988121,12.672166,osm_caff__porta_consolare_42.9881_12.6722,Caffé Porta Consolare,bar_cafe,bar_cafe,https://raw.githubusercontent.com/pasqualelembo78/huntix-poi/main/italia/marche/sconosciuta/pages/caff_porta_consolare_42.9881_12.6722.json,custom
42.990168,12.671820,osm_enoteca_properzio_42.9902_12.6718,Enoteca Properzio,bar_cafe,bar_cafe,https://raw.githubusercontent.com/pasqualelembo78/huntix-poi/main/italia/marche/sconosciuta/pages/enoteca_properzio_42.9902_12.6718.json,custom
42.985889,12.674596,osm_luna_bar_42.9859_12.6746,Luna bar,bar_cafe,bar_cafe,https://raw.githubusercontent.com/pasqualelembo78/huntix-poi/main/italia/marche/sconosciuta/pages/luna_bar_42.9859_12.6746.json,custom
42.986916,12.672360,osm_il_giardino_di_spello_42.9869_12.6724,Il Giardino di Spello,bar_cafe,bar_cafe,https://raw.githubusercontent.com/pasqualelembo78/huntix-poi/main/italia/marche/sconosciuta/pages/il_giardino_di_spello_42.9869_12.6724.json,custom
42.987448,12.671359,osm_bar_dell_angolo_42.9874_12.6714,Bar dell'Angolo,bar_cafe,bar_cafe,https://raw.githubusercontent.com/pasqualelembo78/huntix-poi/main/italia/marche/sconosciuta/pages/bar_dellangolo_42.9874_12.6714.json,custom
42.512645,14.155428,osm_american_bar_42.5126_14.1554,American bar,bar_cafe,bar_cafe,https://raw.githubusercontent.com/pasqualelembo78/huntix-poi/main/italia/marche/sconosciuta/pages/american_bar_42.5126_14.1554.json,custom
43.116984,12.380665,osm_pizzicheria_elce_43.1170_12.3807,Pizzicheria Elce,bar_cafe,bar_cafe,https://raw.githubusercontent.com/pasqualelembo78/huntix-poi/main/italia/marche/sconosciuta/pages/pizzicheria_elce_43.1170_12.3807.json,custom
43.064781,12.302504,osm_bar_43.0648_12.3025,Bar,bar_cafe,bar_cafe,https://raw.githubusercontent.com/pasqualelembo78/huntix-poi/main/italia/marche/sconosciuta/pages/bar_43.0648_12.3025.json,custom
43.982006,12.493677,osm_roxy_43.9820_12.4937,Roxy,bar_cafe,bar_cafe,https://raw.githubusercontent.com/pasqualelembo78/huntix-poi/main/italia/marche/sconosciuta/pages/roxy_43.9820_12.4937.json,custom
42.995900,12.584670,osm_caff__nero_42.9959_12.5847,Caffé Nero,bar_cafe,bar_cafe,https://raw.githubusercontent.com/pasqualelembo78/huntix-poi/main/italia/marche/sconosciuta/pages/caff_nero_42.9959_12.5847.json,custom
42.994647,12.583509,osm_paoli_42.9946_12.5835,Paoli,bar_cafe,bar_cafe,https://raw.githubusercontent.com/pasqualelembo78/huntix-poi/main/italia/marche/sconosciuta/pages/paoli_42.9946_12.5835.json,custom
42.994907,12.582647,osm_in_vino_veritas_42.9949_12.5826,In Vino Veritas,bar_cafe,bar_cafe,https://raw.githubusercontent.com/pasqualelembo78/huntix-poi/main/italia/marche/sconosciuta/pages/in_vino_veritas_42.9949_12.5826.json,custom
42.995205,12.583098,osm_perbacco_wine_bar_42.9952_12.5831,Perbacco Wine Bar,bar_cafe,bar_cafe,https://raw.githubusercontent.com/pasqualelembo78/huntix-poi/main/italia/marche/sconosciuta/pages/perbacco_wine_bar_42.9952_12.5831.json,custom
42.995422,12.583675,osm_bar_42.9954_12.5837,Bar,bar_cafe,bar_cafe,https://raw.githubusercontent.com/pasqualelembo78/huntix-poi/main/italia/marche/sconosciuta/pages/bar_42.9954_12.5837.json,custom
43.143074,13.066833,osm_caff__da_stefano_43.1431_13.0668,Caffè da Stefano,bar_cafe,bar_cafe,https://raw.githubusercontent.com/pasqualelembo78/huntix-poi/main/italia/marche/sconosciuta/pages/caff_da_stefano_43.1431_13.0668.json,custom
43.210031,13.056977,osm_il_pendolino_43.2100_13.0570,il Pendolino,bar_cafe,bar_cafe,https://raw.githubusercontent.com/pasqualelembo78/huntix-poi/main/italia/marche/sconosciuta/pages/il_pendolino_43.2100_13.0570.json,custom
43.112878,12.389398,osm_bar_43.1129_12.3894,Bar,bar_cafe,bar_cafe,https://raw.githubusercontent.com/pasqualelembo78/huntix-poi/main/italia/marche/sconosciuta/pages/bar_43.1129_12.3894.json,custom
43.249890,13.424098,osm_bar_isidoro_43.2499_13.4241,Bar Isidoro,bar_cafe,bar_cafe,https://raw.githubusercontent.com/pasqualelembo78/huntix-poi/main/italia/marche/sconosciuta/pages/bar_isidoro_43.2499_13.4241.json,custom
43.669932,13.157700,osm_gira___volta_43.6699_13.1577,Gira & Volta,bar_cafe,bar_cafe,https://raw.githubusercontent.com/pasqualelembo78/huntix-poi/main/italia/marche/sconosciuta/pages/gira_volta_43.6699_13.1577.json,custom
43.660588,13.155128,osm_bar_baldini_43.6606_13.1551,Bar Baldini,bar_cafe,bar_cafe,https://raw.githubusercontent.com/pasqualelembo78/huntix-poi/main/italia/marche/sconosciuta/pages/bar_baldini_43.6606_13.1551.json,custom
43.661403,13.154892,osm_fraboni_43.6614_13.1549,Fraboni,bar_cafe,bar_cafe,https://raw.githubusercontent.com/pasqualelembo78/huntix-poi/main/italia/marche/sconosciuta/pages/fraboni_43.6614_13.1549.json,custom
43.964428,12.749440,osm_matto_scacco_43.9644_12.7494,Matto Scacco,bar_cafe,bar_cafe,https://raw.githubusercontent.com/pasqualelembo78/huntix-poi/main/italia/marche/sconosciuta/pages/matto_scacco_43.9644_12.7494.json,custom
43.831658,12.989927,osm_bar_franco_43.8317_12.9899,Bar Franco,bar_cafe,bar_cafe,https://raw.githubusercontent.com/pasqualelembo78/huntix-poi/main/italia/marche/sconosciuta/pages/bar_franco_43.8317_12.9899.json,custom
43.458621,12.239726,osm_caff__san_francesco___sacrosanto_43.4586_12.2397,Caffé San Francesco - Sacrosanto,bar_cafe,bar_cafe,https://raw.githubusercontent.com/pasqualelembo78/huntix-poi/main/italia/marche/sconosciuta/pages/caff_san_francesco_-_sacrosanto_43.4586_12.2397.json,custom
43.518440,12.215055,osm_za_bar_43.5184_12.2151,Za Bar,bar_cafe,bar_cafe,https://raw.githubusercontent.com/pasqualelembo78/huntix-poi/main/italia/marche/sconosciuta/pages/za_bar_43.5184_12.2151.json,custom
43.515280,12.221344,osm_d_g_43.5153_12.2213,D&G,bar_cafe,bar_cafe,https://raw.githubusercontent.com/pasqualelembo78/huntix-poi/main/italia/marche/sconosciuta/pages/dg_43.5153_12.2213.json,custom
43.504772,12.207713,osm_bar_il_coccodrillo___24h_43.5048_12.2077,Bar Il Coccodrillo - 24H,bar_cafe,bar_cafe,https://raw.githubusercontent.com/pasqualelembo78/huntix-poi/main/italia/marche/sconosciuta/pages/bar_il_coccodrillo_-_24h_43.5048_12.2077.json,custom
43.777604,12.092284,osm_appennino_43.7776_12.0923,Appennino,bar_cafe,bar_cafe,https://raw.githubusercontent.com/pasqualelembo78/huntix-poi/main/italia/marche/sconosciuta/pages/appennino_43.7776_12.0923.json,custom
43.777976,12.093169,osm_raggio_di_sole_43.7780_12.0932,Raggio di sole,bar_cafe,bar_cafe,https://raw.githubusercontent.com/pasqualelembo78/huntix-poi/main/italia/marche/sconosciuta/pages/raggio_di_sole_43.7780_12.0932.json,custom
42.826034,13.715292,osm_bar_roma_42.8260_13.7153,Bar Roma,bar_cafe,bar_cafe,https://raw.githubusercontent.com/pasqualelembo78/huntix-poi/main/italia/marche/sconosciuta/pages/bar_roma_42.8260_13.7153.json,custom
42.825347,13.716683,osm_bar_gelateria_rolando_42.8253_13.7167,Bar Gelateria Rolando,bar_cafe,bar_cafe,https://raw.githubusercontent.com/pasqualelembo78/huntix-poi/main/italia/marche/sconosciuta/pages/bar_gelateria_rolando_42.8253_13.7167.json,custom
42.825357,13.715176,osm_bar_domino_42.8254_13.7152,Bar Domino,bar_cafe,bar_cafe,https://raw.githubusercontent.com/pasqualelembo78/huntix-poi/main/italia/marche/sconosciuta/pages/bar_domino_42.8254_13.7152.json,custom
42.825776,13.710847,osm_bar_modus_42.8258_13.7108,Bar Modus,bar_cafe,bar_cafe,https://raw.githubusercontent.com/pasqualelembo78/huntix-poi/main/italia/marche/sconosciuta/pages/bar_modus_42.8258_13.7108.json,custom
43.058996,12.585473,osm_bar_della_stazione_43.0590_12.5855,Bar della Stazione,bar_cafe,bar_cafe,https://raw.githubusercontent.com/pasqualelembo78/huntix-poi/main/italia/marche/sconosciuta/pages/bar_della_stazione_43.0590_12.5855.json,custom
42.785844,13.022704,osm_bar_italia_42.7858_13.0227,Bar Italia,bar_cafe,bar_cafe,https://raw.githubusercontent.com/pasqualelembo78/huntix-poi/main/italia/marche/sconosciuta/pages/bar_italia_42.7858_13.0227.json,custom
43.326434,13.707089,osm_blue_bikers_43.3264_13.7071,Blue Bikers,bar_cafe,bar_cafe,https://raw.githubusercontent.com/pasqualelembo78/huntix-poi/main/italia/marche/sconosciuta/pages/blue_bikers_43.3264_13.7071.json,custom
43.105387,12.372101,osm_bar_cortonese_43.1054_12.3721,Bar Cortonese,bar_cafe,bar_cafe,https://raw.githubusercontent.com/pasqualelembo78/huntix-poi/main/italia/marche/sconosciuta/pages/bar_cortonese_43.1054_12.3721.json,custom
42.675505,13.675919,osm_bar_dei_pini_42.6755_13.6759,Bar dei Pini,bar_cafe,bar_cafe,https://raw.githubusercontent.com/pasqualelembo78/huntix-poi/main/italia/marche/sconosciuta/pages/bar_dei_pini_42.6755_13.6759.json,custom
42.658740,13.702447,osm_caff__dell_olmo_42.6587_13.7024,Caffè dell'Olmo,bar_cafe,bar_cafe,https://raw.githubusercontent.com/pasqualelembo78/huntix-poi/main/italia/marche/sconosciuta/pages/caff_dellolmo_42.6587_13.7024.json,custom
42.874382,12.737774,osm_la_fontana_42.8744_12.7378,La Fontana,bar_cafe,bar_cafe,https://raw.githubusercontent.com/pasqualelembo78/huntix-poi/main/italia/marche/sconosciuta/pages/la_fontana_42.8744_12.7378.json,custom
42.878319,12.737567,osm_mattioli_caffetteria_42.8783_12.7376,Mattioli caffetteria,bar_cafe,bar_cafe,https://raw.githubusercontent.com/pasqualelembo78/huntix-poi/main/italia/marche/sconosciuta/pages/mattioli_caffetteria_42.8783_12.7376.json,custom
42.871108,12.737695,osm_c_v_a__42.8711_12.7377,C.V.A.,bar_cafe,bar_cafe,https://raw.githubusercontent.com/pasqualelembo78/huntix-poi/main/italia/marche/sconosciuta/pages/cva_42.8711_12.7377.json,custom
43.353066,12.575591,osm_7000_caff__43.3531_12.5756,7000 caffè,bar_cafe,bar_cafe,https://raw.githubusercontent.com/pasqualelembo78/huntix-poi/main/italia/marche/sconosciuta/pages/7000_caff_43.3531_12.5756.json,custom
43.361593,12.554888,osm_bar_pasticceria_gli_angeli_43.3616_12.5549,Bar Pasticceria Gli Angeli,bar_cafe,bar_cafe,https://raw.githubusercontent.com/pasqualelembo78/huntix-poi/main/italia/marche/sconosciuta/pages/bar_pasticceria_gli_angeli_43.3616_12.5549.json,custom
43.359033,12.560153,osm_bar_madonna_del_ponte_43.3590_12.5602,Bar Madonna del Ponte,bar_cafe,bar_cafe,https://raw.githubusercontent.com/pasqualelembo78/huntix-poi/main/italia/marche/sconosciuta/pages/bar_madonna_del_ponte_43.3590_12.5602.json,custom
43.347211,12.575594,osm_caff__firenze_43.3472_12.5756,Caffè Firenze,bar_cafe,bar_cafe,https://raw.githubusercontent.com/pasqualelembo78/huntix-poi/main/italia/marche/sconosciuta/pages/caff_firenze_43.3472_12.5756.json,custom
43.108710,12.389791,osm_caf__sant_ercolano_43.1087_12.3898,Cafè Sant'Ercolano,bar_cafe,bar_cafe,https://raw.githubusercontent.com/pasqualelembo78/huntix-poi/main/italia/marche/sconosciuta/pages/caf_santercolano_43.1087_12.3898.json,custom
42.913342,13.904280,osm_birlandia_42.9133_13.9043,Birlandia,bar_cafe,bar_cafe,https://raw.githubusercontent.com/pasqualelembo78/huntix-poi/main/italia/marche/sconosciuta/pages/birlandia_42.9133_13.9043.json,custom
42.916202,13.903242,osm_misus_42.9162_13.9032,Misus,bar_cafe,bar_cafe,https://raw.githubusercontent.com/pasqualelembo78/huntix-poi/main/italia/marche/sconosciuta/pages/misus_42.9162_13.9032.json,custom
42.910107,13.893227,osm_pasticceria_dolcemania_42.9101_13.8932,Pasticceria Dolcemania,bar_cafe,bar_cafe,https://raw.githubusercontent.com/pasqualelembo78/huntix-poi/main/italia/marche/sconosciuta/pages/pasticceria_dolcemania_42.9101_13.8932.json,custom
42.916377,13.902457,osm_caff__pasticceria_delle_rose_42.9164_13.9025,Caffè Pasticceria delle rose,bar_cafe,bar_cafe,https://raw.githubusercontent.com/pasqualelembo78/huntix-poi/main/italia/marche/sconosciuta/pages/caff_pasticceria_delle_rose_42.9164_13.9025.json,custom
42.915789,13.902969,osm_smart_caf__42.9158_13.9030,Smart Cafè,bar_cafe,bar_cafe,https://raw.githubusercontent.com/pasqualelembo78/huntix-poi/main/italia/marche/sconosciuta/pages/smart_caf_42.9158_13.9030.json,custom
42.916295,13.901695,osm_snack_bar_rivazzurra_42.9163_13.9017,Snack Bar Rivazzurra,bar_cafe,bar_cafe,https://raw.githubusercontent.com/pasqualelembo78/huntix-poi/main/italia/marche/sconosciuta/pages/snack_bar_rivazzurra_42.9163_13.9017.json,custom
42.659415,13.703089,osm_bar_calipso_42.6594_13.7031,Bar Calipso,bar_cafe,bar_cafe,https://raw.githubusercontent.com/pasqualelembo78/huntix-poi/main/italia/marche/sconosciuta/pages/bar_calipso_42.6594_13.7031.json,custom
42.659314,13.703512,osm_scacco_malto_42.6593_13.7035,Scacco malto,bar_cafe,bar_cafe,https://raw.githubusercontent.com/pasqualelembo78/huntix-poi/main/italia/marche/sconosciuta/pages/scacco_malto_42.6593_13.7035.json,custom
42.659913,13.696177,osm_bar_grillo_verde_42.6599_13.6962,Bar Grillo verde,bar_cafe,bar_cafe,https://raw.githubusercontent.com/pasqualelembo78/huntix-poi/main/italia/marche/sconosciuta/pages/bar_grillo_verde_42.6599_13.6962.json,custom
42.658627,13.693401,osm_bar_ateneo_42.6586_13.6934,Bar Ateneo,bar_cafe,bar_cafe,https://raw.githubusercontent.com/pasqualelembo78/huntix-poi/main/italia/marche/sconosciuta/pages/bar_ateneo_42.6586_13.6934.json,custom
42.651977,13.681896,osm_bar_cona_42.6520_13.6819,Bar Cona,bar_cafe,bar_cafe,https://raw.githubusercontent.com/pasqualelembo78/huntix-poi/main/italia/marche/sconosciuta/pages/bar_cona_42.6520_13.6819.json,custom
42.656917,13.685581,osm_bar_23_42.6569_13.6856,Bar 23,bar_cafe,bar_cafe,https://raw.githubusercontent.com/pasqualelembo78/huntix-poi/main/italia/marche/sconosciuta/pages/bar_23_42.6569_13.6856.json,custom
42.657385,13.688827,osm_bar_saint_tropez_42.6574_13.6888,Bar Saint Tropez,bar_cafe,bar_cafe,https://raw.githubusercontent.com/pasqualelembo78/huntix-poi/main/italia/marche/sconosciuta/pages/bar_saint_tropez_42.6574_13.6888.json,custom
43.062807,12.309783,osm_doc___bar_edicola_ricevitoria_43.0628_12.3098,Doc - Bar edicola ricevitoria,bar_cafe,bar_cafe,https://raw.githubusercontent.com/pasqualelembo78/huntix-poi/main/italia/marche/sconosciuta/pages/doc_-_bar_edicola_ricevitoria_43.0628_12.3098.json,custom
43.063159,12.310164,osm_bar___pasticceria_43.0632_12.3102,Bar - Pasticceria,bar_cafe,bar_cafe,https://raw.githubusercontent.com/pasqualelembo78/huntix-poi/main/italia/marche/sconosciuta/pages/bar_-_pasticceria_43.0632_12.3102.json,custom
43.061801,12.306733,osm_bar_43.0618_12.3067,Bar,bar_cafe,bar_cafe,https://raw.githubusercontent.com/pasqualelembo78/huntix-poi/main/italia/marche/sconosciuta/pages/bar_43.0618_12.3067.json,custom
43.353443,12.568118,osm_due_bi_bar_43.3534_12.5681,Due Bi bar,bar_cafe,bar_cafe,https://raw.githubusercontent.com/pasqualelembo78/huntix-poi/main/italia/marche/sconosciuta/pages/due_bi_bar_43.3534_12.5681.json,custom
43.071029,12.316023,osm_break_bar_43.0710_12.3160,Break Bar,bar_cafe,bar_cafe,https://raw.githubusercontent.com/pasqualelembo78/huntix-poi/main/italia/marche/sconosciuta/pages/break_bar_43.0710_12.3160.json,custom
42.663634,13.724305,osm_master_club_42.6636_13.7243,Master Club,bar_cafe,bar_cafe,https://raw.githubusercontent.com/pasqualelembo78/huntix-poi/main/italia/marche/sconosciuta/pages/master_club_42.6636_13.7243.json,custom
43.379625,12.498762,osm_bar_mocaiana_43.3796_12.4988,Bar Mocaiana,bar_cafe,bar_cafe,https://raw.githubusercontent.com/pasqualelembo78/huntix-poi/main/italia/marche/sconosciuta/pages/bar_mocaiana_43.3796_12.4988.json,custom
43.158321,12.492458,osm_st__james_gate_43.1583_12.4925,St. James Gate,bar_cafe,bar_cafe,https://raw.githubusercontent.com/pasqualelembo78/huntix-poi/main/italia/marche/sconosciuta/pages/st_james_gate_43.1583_12.4925.json,custom
43.334499,12.412649,osm_bar_43.3345_12.4126,Bar,bar_cafe,bar_cafe,https://raw.githubusercontent.com/pasqualelembo78/huntix-poi/main/italia/marche/sconosciuta/pages/bar_43.3345_12.4126.json,custom
43.334168,12.411444,osm_bar_sonic_43.3342_12.4114,Bar Sonic,bar_cafe,bar_cafe,https://raw.githubusercontent.com/pasqualelembo78/huntix-poi/main/italia/marche/sconosciuta/pages/bar_sonic_43.3342_12.4114.json,custom
43.286627,12.370576,osm_les_tois_freres_43.2866_12.3706,Les Tois Freres,bar_cafe,bar_cafe,https://raw.githubusercontent.com/pasqualelembo78/huntix-poi/main/italia/marche/sconosciuta/pages/les_tois_freres_43.2866_12.3706.json,custom
42.732964,12.835339,osm_bar_42.7330_12.8353,Bar,bar_cafe,bar_cafe,https://raw.githubusercontent.com/pasqualelembo78/huntix-poi/main/italia/marche/sconosciuta/pages/bar_42.7330_12.8353.json,custom
43.059129,12.306849,osm_caffetteria_torri_43.0591_12.3068,Caffetteria Torri,bar_cafe,bar_cafe,https://raw.githubusercontent.com/pasqualelembo78/huntix-poi/main/italia/marche/sconosciuta/pages/caffetteria_torri_43.0591_12.3068.json,custom
43.059288,12.306527,osm_bar_43.0593_12.3065,Bar,bar_cafe,bar_cafe,https://raw.githubusercontent.com/pasqualelembo78/huntix-poi/main/italia/marche/sconosciuta/pages/bar_43.0593_12.3065.json,custom
42.955844,12.705949,osm_caff__moda_rinaldi_42.9558_12.7059,Caffé Moda Rinaldi,bar_cafe,bar_cafe,https://raw.githubusercontent.com/pasqualelembo78/huntix-poi/main/italia/marche/sconosciuta/pages/caff_moda_rinaldi_42.9558_12.7059.json,custom
43.091037,12.445533,osm_funny_bar_43.0910_12.4455,Funny Bar,bar_cafe,bar_cafe,https://raw.githubusercontent.com/pasqualelembo78/huntix-poi/main/italia/marche/sconosciuta/pages/funny_bar_43.0910_12.4455.json,custom
42.507059,12.467877,osm_bar_associazione_pro_montoro_42.5071_12.4679,Bar associazione pro Montoro,bar_cafe,bar_cafe,https://raw.githubusercontent.com/pasqualelembo78/huntix-poi/main/italia/marche/sconosciuta/pages/bar_associazione_pro_montoro_42.5071_12.4679.json,custom
43.316221,12.333655,osm_bar_43.3162_12.3337,Bar,bar_cafe,bar_cafe,https://raw.githubusercontent.com/pasqualelembo78/huntix-poi/main/italia/marche/sconosciuta/pages/bar_43.3162_12.3337.json,custom
43.250905,12.398625,osm_bar_43.2509_12.3986,Bar,bar_cafe,bar_cafe,https://raw.githubusercontent.com/pasqualelembo78/huntix-poi/main/italia/marche/sconosciuta/pages/bar_43.2509_12.3986.json,custom
43.245072,12.400533,osm_chilometro_93_43.2451_12.4005,Chilometro 93,bar_cafe,bar_cafe,https://raw.githubusercontent.com/pasqualelembo78/huntix-poi/main/italia/marche/sconosciuta/pages/chilometro_93_43.2451_12.4005.json,custom
43.086211,12.437846,osm_bar_43.0862_12.4378,Bar,bar_cafe,bar_cafe,https://raw.githubusercontent.com/pasqualelembo78/huntix-poi/main/italia/marche/sconosciuta/pages/bar_43.0862_12.4378.json,custom
43.086880,12.430735,osm_manu_43.0869_12.4307,Manu,bar_cafe,bar_cafe,https://raw.githubusercontent.com/pasqualelembo78/huntix-poi/main/italia/marche/sconosciuta/pages/manu_43.0869_12.4307.json,custom
43.522889,13.248514,osm_bar_pizzeria_latini_43.5229_13.2485,Bar Pizzeria Latini,bar_cafe,bar_cafe,https://raw.githubusercontent.com/pasqualelembo78/huntix-poi/main/italia/marche/sconosciuta/pages/bar_pizzeria_latini_43.5229_13.2485.json,custom
43.522079,13.235405,osm_caffe91_43.5221_13.2354,Caffe91,bar_cafe,bar_cafe,https://raw.githubusercontent.com/pasqualelembo78/huntix-poi/main/italia/marche/sconosciuta/pages/caffe91_43.5221_13.2354.json,custom
43.519492,13.235525,osm_bar_infinito_43.5195_13.2355,Bar Infinito,bar_cafe,bar_cafe,https://raw.githubusercontent.com/pasqualelembo78/huntix-poi/main/italia/marche/sconosciuta/pages/bar_infinito_43.5195_13.2355.json,custom
42.660140,13.700852,osm_new_york_42.6601_13.7009,New York,bar_cafe,bar_cafe,https://raw.githubusercontent.com/pasqualelembo78/huntix-poi/main/italia/marche/sconosciuta/pages/new_york_42.6601_13.7009.json,custom
42.659422,13.698579,osm_caf__de_paris_42.6594_13.6986,Cafè de Paris,bar_cafe,bar_cafe,https://raw.githubusercontent.com/pasqualelembo78/huntix-poi/main/italia/marche/sconosciuta/pages/caf_de_paris_42.6594_13.6986.json,custom
42.658528,13.699224,osm_caff__boromei_42.6585_13.6992,Caffè Boromei,bar_cafe,bar_cafe,https://raw.githubusercontent.com/pasqualelembo78/huntix-poi/main/italia/marche/sconosciuta/pages/caff_boromei_42.6585_13.6992.json,custom
42.658378,13.703818,osm_caff__al_duomo_42.6584_13.7038,Caffè Al Duomo,bar_cafe,bar_cafe,https://raw.githubusercontent.com/pasqualelembo78/huntix-poi/main/italia/marche/sconosciuta/pages/caff_al_duomo_42.6584_13.7038.json,custom
42.660153,13.714437,osm_gran_caff__crispi_42.6602_13.7144,Gran Caffè Crispi,bar_cafe,bar_cafe,https://raw.githubusercontent.com/pasqualelembo78/huntix-poi/main/italia/marche/sconosciuta/pages/gran_caff_crispi_42.6602_13.7144.json,custom
42.663028,13.713921,osm_apollo_11_42.6630_13.7139,Apollo 11,bar_cafe,bar_cafe,https://raw.githubusercontent.com/pasqualelembo78/huntix-poi/main/italia/marche/sconosciuta/pages/apollo_11_42.6630_13.7139.json,custom
42.663815,13.713656,osm_caff__del_principe_42.6638_13.7137,Caffè Del principe,bar_cafe,bar_cafe,https://raw.githubusercontent.com/pasqualelembo78/huntix-poi/main/italia/marche/sconosciuta/pages/caff_del_principe_42.6638_13.7137.json,custom
42.674592,13.738394,osm_white_bar_42.6746_13.7384,White Bar,bar_cafe,bar_cafe,https://raw.githubusercontent.com/pasqualelembo78/huntix-poi/main/italia/marche/sconosciuta/pages/white_bar_42.6746_13.7384.json,custom
43.061996,12.295786,osm_bar_43.0620_12.2958,Bar,bar_cafe,bar_cafe,https://raw.githubusercontent.com/pasqualelembo78/huntix-poi/main/italia/marche/sconosciuta/pages/bar_43.0620_12.2958.json,custom
42.867843,12.264747,osm_snack_bar_42.8678_12.2647,Snack Bar,bar_cafe,bar_cafe,https://raw.githubusercontent.com/pasqualelembo78/huntix-poi/main/italia/marche/sconosciuta/pages/snack_bar_42.8678_12.2647.json,custom
42.658527,13.690561,osm_nuovo_bar_tabacchi_42.6585_13.6906,Nuovo Bar Tabacchi,bar_cafe,bar_cafe,https://raw.githubusercontent.com/pasqualelembo78/huntix-poi/main/italia/marche/sconosciuta/pages/nuovo_bar_tabacchi_42.6585_13.6906.json,custom
42.686191,13.528332,osm_la_locanda_della_laga_42.6862_13.5283,La locanda della laga,bar_cafe,bar_cafe,https://raw.githubusercontent.com/pasqualelembo78/huntix-poi/main/italia/marche/sconosciuta/pages/la_locanda_della_laga_42.6862_13.5283.json,custom
42.746195,12.742426,osm_bar_ristorante_il_pavone_42.7462_12.7424,Bar Ristorante Il Pavone,bar_cafe,bar_cafe,https://raw.githubusercontent.com/pasqualelembo78/huntix-poi/main/italia/marche/sconosciuta/pages/bar_ristorante_il_pavone_42.7462_12.7424.json,custom
43.436608,13.605365,osm_caff__spezial_43.4366_13.6054,Caffè Spezial,bar_cafe,bar_cafe,https://raw.githubusercontent.com/pasqualelembo78/huntix-poi/main/italia/marche/sconosciuta/pages/caff_spezial_43.4366_13.6054.json,custom
43.370508,12.238360,osm_bar_fuego_43.3705_12.2384,Bar Fuego,bar_cafe,bar_cafe,https://raw.githubusercontent.com/pasqualelembo78/huntix-poi/main/italia/marche/sconosciuta/pages/bar_fuego_43.3705_12.2384.json,custom
42.712427,12.830710,osm_bar_42.7124_12.8307,Bar,bar_cafe,bar_cafe,https://raw.githubusercontent.com/pasqualelembo78/huntix-poi/main/italia/marche/sconosciuta/pages/bar_42.7124_12.8307.json,custom
42.713411,12.830052,osm_barcollo_caff__42.7134_12.8301,Barcollo Caffè,bar_cafe,bar_cafe,https://raw.githubusercontent.com/pasqualelembo78/huntix-poi/main/italia/marche/sconosciuta/pages/barcollo_caff_42.7134_12.8301.json,custom
43.298558,13.436245,osm_crazy_bar_43.2986_13.4362,Crazy Bar,bar_cafe,bar_cafe,https://raw.githubusercontent.com/pasqualelembo78/huntix-poi/main/italia/marche/sconosciuta/pages/crazy_bar_43.2986_13.4362.json,custom
42.733939,12.737086,osm_antico_caff__42.7339_12.7371,Antico Caffè,bar_cafe,bar_cafe,https://raw.githubusercontent.com/pasqualelembo78/huntix-poi/main/italia/marche/sconosciuta/pages/antico_caff_42.7339_12.7371.json,custom
43.883163,12.787335,osm_circolo_acli_43.8832_12.7873,Circolo ACLI,bar_cafe,bar_cafe,https://raw.githubusercontent.com/pasqualelembo78/huntix-poi/main/italia/marche/sconosciuta/pages/circolo_acli_43.8832_12.7873.json,custom
43.485324,12.112385,osm_bar_bianchi_43.4853_12.1124,Bar Bianchi,bar_cafe,bar_cafe,https://raw.githubusercontent.com/pasqualelembo78/huntix-poi/main/italia/marche/sconosciuta/pages/bar_bianchi_43.4853_12.1124.json,custom
43.110588,12.389794,osm_caff__di_roma___perugia_43.1106_12.3898,Caffè di Roma - Perugia,bar_cafe,bar_cafe,https://raw.githubusercontent.com/pasqualelembo78/huntix-poi/main/italia/marche/sconosciuta/pages/caff_di_roma_-_perugia_43.1106_12.3898.json,custom
43.031967,12.582754,osm_bar_43.0320_12.5828,Bar,bar_cafe,bar_cafe,https://raw.githubusercontent.com/pasqualelembo78/huntix-poi/main/italia/marche/sconosciuta/pages/bar_43.0320_12.5828.json,custom
43.031208,12.582752,osm_bar_43.0312_12.5828,Bar,bar_cafe,bar_cafe,https://raw.githubusercontent.com/pasqualelembo78/huntix-poi/main/italia/marche/sconosciuta/pages/bar_43.0312_12.5828.json,custom
43.124461,12.444102,osm_bar_43.1245_12.4441,Bar,bar_cafe,bar_cafe,https://raw.githubusercontent.com/pasqualelembo78/huntix-poi/main/italia/marche/sconosciuta/pages/bar_43.1245_12.4441.json,custom
42.518487,12.515883,osm_bar_fondaco_42.5185_12.5159,Bar Fondaco,bar_cafe,bar_cafe,https://raw.githubusercontent.com/pasqualelembo78/huntix-poi/main/italia/marche/sconosciuta/pages/bar_fondaco_42.5185_12.5159.json,custom
42.518952,12.515781,osm_caff__gnochetto_42.5190_12.5158,Caffè Gnochetto,bar_cafe,bar_cafe,https://raw.githubusercontent.com/pasqualelembo78/huntix-poi/main/italia/marche/sconosciuta/pages/caff_gnochetto_42.5190_12.5158.json,custom
42.516697,12.520904,osm_bar_42.5167_12.5209,Bar,bar_cafe,bar_cafe,https://raw.githubusercontent.com/pasqualelembo78/huntix-poi/main/italia/marche/sconosciuta/pages/bar_42.5167_12.5209.json,custom
43.099791,12.364355,osm_bar_43.0998_12.3644,Bar,bar_cafe,bar_cafe,https://raw.githubusercontent.com/pasqualelembo78/huntix-poi/main/italia/marche/sconosciuta/pages/bar_43.0998_12.3644.json,custom
43.142109,12.203876,osm_bar_43.1421_12.2039,Bar,bar_cafe,bar_cafe,https://raw.githubusercontent.com/pasqualelembo78/huntix-poi/main/italia/marche/sconosciuta/pages/bar_43.1421_12.2039.json,custom
43.142036,12.205239,osm_sottozero_43.1420_12.2052,Sottozero,bar_cafe,bar_cafe,https://raw.githubusercontent.com/pasqualelembo78/huntix-poi/main/italia/marche/sconosciuta/pages/sottozero_43.1420_12.2052.json,custom
43.304805,12.237648,osm_bar___alimentari_43.3048_12.2376,Bar - Alimentari,bar_cafe,bar_cafe,https://raw.githubusercontent.com/pasqualelembo78/huntix-poi/main/italia/marche/sconosciuta/pages/bar_-_alimentari_43.3048_12.2376.json,custom
43.105243,12.375950,osm_bar_43.1052_12.3759,Bar,bar_cafe,bar_cafe,https://raw.githubusercontent.com/pasqualelembo78/huntix-poi/main/italia/marche/sconosciuta/pages/bar_43.1052_12.3759.json,custom
43.104859,12.375030,osm_caff__del_moro_43.1049_12.3750,Caffé del Moro,bar_cafe,bar_cafe,https://raw.githubusercontent.com/pasqualelembo78/huntix-poi/main/italia/marche/sconosciuta/pages/caff_del_moro_43.1049_12.3750.json,custom
43.105035,12.377823,osm_nicolini_bar_pasticceria_43.1050_12.3778,Nicolini Bar Pasticceria,bar_cafe,bar_cafe,https://raw.githubusercontent.com/pasqualelembo78/huntix-poi/main/italia/marche/sconosciuta/pages/nicolini_bar_pasticceria_43.1050_12.3778.json,custom
43.366274,12.223688,osm_bar_breccione_43.3663_12.2237,Bar Breccione,bar_cafe,bar_cafe,https://raw.githubusercontent.com/pasqualelembo78/huntix-poi/main/italia/marche/sconosciuta/pages/bar_breccione_43.3663_12.2237.json,custom
43.543817,12.113546,osm_bar_43.5438_12.1135,Bar,bar_cafe,bar_cafe,https://raw.githubusercontent.com/pasqualelembo78/huntix-poi/main/italia/marche/sconosciuta/pages/bar_43.5438_12.1135.json,custom
43.090526,12.442034,osm_special_bar_43.0905_12.4420,Special Bar,bar_cafe,bar_cafe,https://raw.githubusercontent.com/pasqualelembo78/huntix-poi/main/italia/marche/sconosciuta/pages/special_bar_43.0905_12.4420.json,custom
43.099289,13.397744,osm_bar_dei_personaggi_43.0993_13.3977,Bar dei personaggi,bar_cafe,bar_cafe,https://raw.githubusercontent.com/pasqualelembo78/huntix-poi/main/italia/marche/sconosciuta/pages/bar_dei_personaggi_43.0993_13.3977.json,custom
43.099810,13.397681,osm_da_gianni_43.0998_13.3977,da Gianni,bar_cafe,bar_cafe,https://raw.githubusercontent.com/pasqualelembo78/huntix-poi/main/italia/marche/sconosciuta/pages/da_gianni_43.0998_13.3977.json,custom
43.965752,12.755472,osm_bar_diamond_43.9658_12.7555,Bar Diamond,bar_cafe,bar_cafe,https://raw.githubusercontent.com/pasqualelembo78/huntix-poi/main/italia/marche/sconosciuta/pages/bar_diamond_43.9658_12.7555.json,custom
43.185671,13.473620,osm_zanzibar_43.1857_13.4736,ZanziBar,bar_cafe,bar_cafe,https://raw.githubusercontent.com/pasqualelembo78/huntix-poi/main/italia/marche/sconosciuta/pages/zanzibar_43.1857_13.4736.json,custom
43.372563,12.207319,osm_bar_serone_43.3726_12.2073,Bar SerOne,bar_cafe,bar_cafe,https://raw.githubusercontent.com/pasqualelembo78/huntix-poi/main/italia/marche/sconosciuta/pages/bar_serone_43.3726_12.2073.json,custom
43.208614,12.071803,osm_bar_zucchini_43.2086_12.0718,Bar Zucchini,bar_cafe,bar_cafe,https://raw.githubusercontent.com/pasqualelembo78/huntix-poi/main/italia/marche/sconosciuta/pages/bar_zucchini_43.2086_12.0718.json,custom
43.668296,12.041604,osm_bar_jepson_43.6683_12.0416,Bar Jepson,bar_cafe,bar_cafe,https://raw.githubusercontent.com/pasqualelembo78/huntix-poi/main/italia/marche/sconosciuta/pages/bar_jepson_43.6683_12.0416.json,custom
43.669144,12.041935,osm_bar_moderno_43.6691_12.0419,Bar Moderno,bar_cafe,bar_cafe,https://raw.githubusercontent.com/pasqualelembo78/huntix-poi/main/italia/marche/sconosciuta/pages/bar_moderno_43.6691_12.0419.json,custom
43.669353,12.042069,osm_il_mi_cocco_43.6694_12.0421,Il Mi Cocco,bar_cafe,bar_cafe,https://raw.githubusercontent.com/pasqualelembo78/huntix-poi/main/italia/marche/sconosciuta/pages/il_mi_cocco_43.6694_12.0421.json,custom
43.126518,12.047591,osm_extra_bar_43.1265_12.0476,Extra Bar,bar_cafe,bar_cafe,https://raw.githubusercontent.com/pasqualelembo78/huntix-poi/main/italia/marche/sconosciuta/pages/extra_bar_43.1265_12.0476.json,custom
43.159441,12.186919,osm_bar_trasimeno_43.1594_12.1869,Bar Trasimeno,bar_cafe,bar_cafe,https://raw.githubusercontent.com/pasqualelembo78/huntix-poi/main/italia/marche/sconosciuta/pages/bar_trasimeno_43.1594_12.1869.json,custom
43.817451,12.265606,osm_caff__della_nina_43.8175_12.2656,Caffè della Nina,bar_cafe,bar_cafe,https://raw.githubusercontent.com/pasqualelembo78/huntix-poi/main/italia/marche/sconosciuta/pages/caff_della_nina_43.8175_12.2656.json,custom
43.300813,13.434402,osm_bar_bocciofila_maceratese_43.3008_13.4344,Bar Bocciofila Maceratese,bar_cafe,bar_cafe,https://raw.githubusercontent.com/pasqualelembo78/huntix-poi/main/italia/marche/sconosciuta/pages/bar_bocciofila_maceratese_43.3008_13.4344.json,custom
43.301242,13.433947,osm_bar_74_43.3012_13.4339,Bar 74,bar_cafe,bar_cafe,https://raw.githubusercontent.com/pasqualelembo78/huntix-poi/main/italia/marche/sconosciuta/pages/bar_74_43.3012_13.4339.json,custom
43.751619,13.095892,osm_caff__centrale_43.7516_13.0959,Caffè Centrale,bar_cafe,bar_cafe,https://raw.githubusercontent.com/pasqualelembo78/huntix-poi/main/italia/marche/sconosciuta/pages/caff_centrale_43.7516_13.0959.json,custom
43.750582,13.097203,osm_bar_dello_sport_43.7506_13.0972,Bar dello Sport,bar_cafe,bar_cafe,https://raw.githubusercontent.com/pasqualelembo78/huntix-poi/main/italia/marche/sconosciuta/pages/bar_dello_sport_43.7506_13.0972.json,custom
43.751909,13.097097,osm_bar_mirage_43.7519_13.0971,Bar Mirage,bar_cafe,bar_cafe,https://raw.githubusercontent.com/pasqualelembo78/huntix-poi/main/italia/marche/sconosciuta/pages/bar_mirage_43.7519_13.0971.json,custom
42.779116,12.413348,osm_bar_42.7791_12.4133,Bar,bar_cafe,bar_cafe,https://raw.githubusercontent.com/pasqualelembo78/huntix-poi/main/italia/marche/sconosciuta/pages/bar_42.7791_12.4133.json,custom
42.720294,13.021024,osm_bar_gelateria_42.7203_13.0210,Bar Gelateria,bar_cafe,bar_cafe,https://raw.githubusercontent.com/pasqualelembo78/huntix-poi/main/italia/marche/sconosciuta/pages/bar_gelateria_42.7203_13.0210.json,custom
42.714538,12.963468,osm_bar___gelati_42.7145_12.9635,Bar - Gelati,bar_cafe,bar_cafe,https://raw.githubusercontent.com/pasqualelembo78/huntix-poi/main/italia/marche/sconosciuta/pages/bar_-_gelati_42.7145_12.9635.json,custom
42.714690,12.962934,osm_bar___pizza_42.7147_12.9629,Bar - Pizza,bar_cafe,bar_cafe,https://raw.githubusercontent.com/pasqualelembo78/huntix-poi/main/italia/marche/sconosciuta/pages/bar_-_pizza_42.7147_12.9629.json,custom
42.714664,12.962678,osm_la_pergola_42.7147_12.9627,La Pergola,bar_cafe,bar_cafe,https://raw.githubusercontent.com/pasqualelembo78/huntix-poi/main/italia/marche/sconosciuta/pages/la_pergola_42.7147_12.9627.json,custom
43.108370,13.318941,osm_bar_pizzeria_le_logge_43.1084_13.3189,Bar Pizzeria Le Logge,bar_cafe,bar_cafe,https://raw.githubusercontent.com/pasqualelembo78/huntix-poi/main/italia/marche/sconosciuta/pages/bar_pizzeria_le_logge_43.1084_13.3189.json,custom
42.950702,12.399451,osm_bar_42.9507_12.3995,Bar,bar_cafe,bar_cafe,https://raw.githubusercontent.com/pasqualelembo78/huntix-poi/main/italia/marche/sconosciuta/pages/bar_42.9507_12.3995.json,custom
43.159887,12.286670,osm_bar_43.1599_12.2867,Bar,bar_cafe,bar_cafe,https://raw.githubusercontent.com/pasqualelembo78/huntix-poi/main/italia/marche/sconosciuta/pages/bar_43.1599_12.2867.json,custom
43.111040,12.390271,osm_the_chocolate_bar_43.1110_12.3903,The Chocolate Bar,bar_cafe,bar_cafe,https://raw.githubusercontent.com/pasqualelembo78/huntix-poi/main/italia/marche/sconosciuta/pages/the_chocolate_bar_43.1110_12.3903.json,custom
43.131982,12.261332,osm_pizza_bar_43.1320_12.2613,Pizza Bar,bar_cafe,bar_cafe,https://raw.githubusercontent.com/pasqualelembo78/huntix-poi/main/italia/marche/sconosciuta/pages/pizza_bar_43.1320_12.2613.json,custom
43.105178,12.320898,osm_bar_silver_43.1052_12.3209,Bar Silver,bar_cafe,bar_cafe,https://raw.githubusercontent.com/pasqualelembo78/huntix-poi/main/italia/marche/sconosciuta/pages/bar_silver_43.1052_12.3209.json,custom
43.761335,13.150047,osm_sun_city_pub_risorantino_43.7613_13.1500,Sun City Pub Risorantino,bar_cafe,bar_cafe,https://raw.githubusercontent.com/pasqualelembo78/huntix-poi/main/italia/marche/sconosciuta/pages/sun_city_pub_risorantino_43.7613_13.1500.json,custom
43.719167,13.221046,osm_bora_bora_43.7192_13.2210,Bora Bora,bar_cafe,bar_cafe,https://raw.githubusercontent.com/pasqualelembo78/huntix-poi/main/italia/marche/sconosciuta/pages/bora_bora_43.7192_13.2210.json,custom
43.967313,12.470870,osm_rose___bowl_43.9673_12.4709,Rose & Bowl,bar_cafe,bar_cafe,https://raw.githubusercontent.com/pasqualelembo78/huntix-poi/main/italia/marche/sconosciuta/pages/rose_bowl_43.9673_12.4709.json,custom
43.770080,13.137676,osm_black_sheep_pub_43.7701_13.1377,Black Sheep Pub,bar_cafe,bar_cafe,https://raw.githubusercontent.com/pasqualelembo78/huntix-poi/main/italia/marche/sconosciuta/pages/black_sheep_pub_43.7701_13.1377.json,custom
43.770205,13.138733,osm_ciko_bar_43.7702_13.1387,Ciko Bar,bar_cafe,bar_cafe,https://raw.githubusercontent.com/pasqualelembo78/huntix-poi/main/italia/marche/sconosciuta/pages/ciko_bar_43.7702_13.1387.json,custom
43.061660,13.084910,osm_bar_varnelli_43.0617_13.0849,Bar Varnelli,bar_cafe,bar_cafe,https://raw.githubusercontent.com/pasqualelembo78/huntix-poi/main/italia/marche/sconosciuta/pages/bar_varnelli_43.0617_13.0849.json,custom
43.117924,12.166748,osm_prima_o_poi_43.1179_12.1667,Prima o Poi,bar_cafe,bar_cafe,https://raw.githubusercontent.com/pasqualelembo78/huntix-poi/main/italia/marche/sconosciuta/pages/prima_o_poi_43.1179_12.1667.json,custom
43.117527,12.167439,osm_circolo_canottieri_43.1175_12.1674,Circolo Canottieri,bar_cafe,bar_cafe,https://raw.githubusercontent.com/pasqualelembo78/huntix-poi/main/italia/marche/sconosciuta/pages/circolo_canottieri_43.1175_12.1674.json,custom
43.113649,12.393583,osm_porta_pesa_43.1136_12.3936,Porta Pesa,bar_cafe,bar_cafe,https://raw.githubusercontent.com/pasqualelembo78/huntix-poi/main/italia/marche/sconosciuta/pages/porta_pesa_43.1136_12.3936.json,custom
43.112734,12.389202,osm_king_s_corner_43.1127_12.3892,King's Corner,bar_cafe,bar_cafe,https://raw.githubusercontent.com/pasqualelembo78/huntix-poi/main/italia/marche/sconosciuta/pages/kings_corner_43.1127_12.3892.json,custom
43.112701,12.389641,osm_turreno_43.1127_12.3896,Turreno,bar_cafe,bar_cafe,https://raw.githubusercontent.com/pasqualelembo78/huntix-poi/main/italia/marche/sconosciuta/pages/turreno_43.1127_12.3896.json,custom
42.911240,13.905409,osm_black_stone_caf__42.9112_13.9054,Black Stone cafè,bar_cafe,bar_cafe,https://raw.githubusercontent.com/pasqualelembo78/huntix-poi/main/italia/marche/sconosciuta/pages/black_stone_caf_42.9112_13.9054.json,custom
43.294355,13.458503,osm_bar_ospedale_43.2944_13.4585,Bar Ospedale,bar_cafe,bar_cafe,https://raw.githubusercontent.com/pasqualelembo78/huntix-poi/main/italia/marche/sconosciuta/pages/bar_ospedale_43.2944_13.4585.json,custom
43.764876,13.147586,osm_tikal_bar_43.7649_13.1476,Tikal Bar,bar_cafe,bar_cafe,https://raw.githubusercontent.com/pasqualelembo78/huntix-poi/main/italia/marche/sconosciuta/pages/tikal_bar_43.7649_13.1476.json,custom
43.769519,13.139515,osm_bar_davide_43.7695_13.1395,Bar Davide,bar_cafe,bar_cafe,https://raw.githubusercontent.com/pasqualelembo78/huntix-poi/main/italia/marche/sconosciuta/pages/bar_davide_43.7695_13.1395.json,custom
43.306001,12.329232,osm_glamour_43.3060_12.3292,Glamour,bar_cafe,bar_cafe,https://raw.githubusercontent.com/pasqualelembo78/huntix-poi/main/italia/marche/sconosciuta/pages/glamour_43.3060_12.3292.json,custom
43.507430,13.009388,osm_bar_dell_incontro_43.5074_13.0094,Bar dell'Incontro,bar_cafe,bar_cafe,https://raw.githubusercontent.com/pasqualelembo78/huntix-poi/main/italia/marche/sconosciuta/pages/bar_dellincontro_43.5074_13.0094.json,custom
43.624778,13.405112,osm_la_bussola_43.6248_13.4051,La Bussola,bar_cafe,bar_cafe,https://raw.githubusercontent.com/pasqualelembo78/huntix-poi/main/italia/marche/sconosciuta/pages/la_bussola_43.6248_13.4051.json,custom
43.546811,13.022776,osm_lally_43.5468_13.0228,Lally,bar_cafe,bar_cafe,https://raw.githubusercontent.com/pasqualelembo78/huntix-poi/main/italia/marche/sconosciuta/pages/lally_43.5468_13.0228.json,custom
42.885316,13.809202,osm_la_bodeguita_del_medio_42.8853_13.8092,La Bodeguita del Medio,bar_cafe,bar_cafe,https://raw.githubusercontent.com/pasqualelembo78/huntix-poi/main/italia/marche/sconosciuta/pages/la_bodeguita_del_medio_42.8853_13.8092.json,custom
43.518698,13.237025,osm_caff__roma_43.5187_13.2370,Caffè Roma,bar_cafe,bar_cafe,https://raw.githubusercontent.com/pasqualelembo78/huntix-poi/main/italia/marche/sconosciuta/pages/caff_roma_43.5187_13.2370.json,custom
43.519283,13.238017,osm_crema___cioccolato_43.5193_13.2380,Crema & Cioccolato,bar_cafe,bar_cafe,https://raw.githubusercontent.com/pasqualelembo78/huntix-poi/main/italia/marche/sconosciuta/pages/crema_cioccolato_43.5193_13.2380.json,custom
43.519661,13.238452,osm_gi__al___l_angoletto_43.5197_13.2385,Giù al...l'angoletto,bar_cafe,bar_cafe,https://raw.githubusercontent.com/pasqualelembo78/huntix-poi/main/italia/marche/sconosciuta/pages/gi_allangoletto_43.5197_13.2385.json,custom
43.525550,13.244624,osm_coffee_break_43.5256_13.2446,Coffee Break,bar_cafe,bar_cafe,https://raw.githubusercontent.com/pasqualelembo78/huntix-poi/main/italia/marche/sconosciuta/pages/coffee_break_43.5256_13.2446.json,custom
43.522518,13.241351,osm_pasticceria_bardi_43.5225_13.2414,Pasticceria Bardi,bar_cafe,bar_cafe,https://raw.githubusercontent.com/pasqualelembo78/huntix-poi/main/italia/marche/sconosciuta/pages/pasticceria_bardi_43.5225_13.2414.json,custom
43.907568,12.293373,osm_la_fornace_43.9076_12.2934,La Fornace,bar_cafe,bar_cafe,https://raw.githubusercontent.com/pasqualelembo78/huntix-poi/main/italia/marche/sconosciuta/pages/la_fornace_43.9076_12.2934.json,custom
43.530997,13.228065,osm_caff__michea_43.5310_13.2281,Caffè Michea,bar_cafe,bar_cafe,https://raw.githubusercontent.com/pasqualelembo78/huntix-poi/main/italia/marche/sconosciuta/pages/caff_michea_43.5310_13.2281.json,custom
43.515388,13.226133,osm_roxy_bar_43.5154_13.2261,Roxy Bar,bar_cafe,bar_cafe,https://raw.githubusercontent.com/pasqualelembo78/huntix-poi/main/italia/marche/sconosciuta/pages/roxy_bar_43.5154_13.2261.json,custom
43.529201,13.247899,osm_zenit_43.5292_13.2479,Zenit,bar_cafe,bar_cafe,https://raw.githubusercontent.com/pasqualelembo78/huntix-poi/main/italia/marche/sconosciuta/pages/zenit_43.5292_13.2479.json,custom
42.830216,13.513048,osm_bar_mozzano_42.8302_13.5130,Bar Mozzano,bar_cafe,bar_cafe,https://raw.githubusercontent.com/pasqualelembo78/huntix-poi/main/italia/marche/sconosciuta/pages/bar_mozzano_42.8302_13.5130.json,custom
43.626064,13.403127,osm_caff__leopardi_43.6261_13.4031,Caffè Leopardi,bar_cafe,bar_cafe,https://raw.githubusercontent.com/pasqualelembo78/huntix-poi/main/italia/marche/sconosciuta/pages/caff_leopardi_43.6261_13.4031.json,custom
43.578754,13.026110,osm_luzi_l__e_valente_n__snc_43.5788_13.0261,Luzi L. e Valente N. Snc,bar_cafe,bar_cafe,https://raw.githubusercontent.com/pasqualelembo78/huntix-poi/main/italia/marche/sconosciuta/pages/luzi_l_e_valente_n_snc_43.5788_13.0261.json,custom
43.524395,13.244194,osm_la_bottega_del_caff__43.5244_13.2442,La Bottega del Caffè,bar_cafe,bar_cafe,https://raw.githubusercontent.com/pasqualelembo78/huntix-poi/main/italia/marche/sconosciuta/pages/la_bottega_del_caff_43.5244_13.2442.json,custom
43.523152,13.242927,osm_voglia_di_caff__43.5232_13.2429,Voglia di Caffè,bar_cafe,bar_cafe,https://raw.githubusercontent.com/pasqualelembo78/huntix-poi/main/italia/marche/sconosciuta/pages/voglia_di_caff_43.5232_13.2429.json,custom
43.499904,12.939959,osm_bar_della_rocca_43.4999_12.9400,Bar della Rocca,bar_cafe,bar_cafe,https://raw.githubusercontent.com/pasqualelembo78/huntix-poi/main/italia/marche/sconosciuta/pages/bar_della_rocca_43.4999_12.9400.json,custom
42.863803,12.012973,osm_bar_il_vecchio_battistero_42.8638_12.0130,Bar Il Vecchio Battistero,bar_cafe,bar_cafe,https://raw.githubusercontent.com/pasqualelembo78/huntix-poi/main/italia/marche/sconosciuta/pages/bar_il_vecchio_battistero_42.8638_12.0130.json,custom
43.510837,13.231720,osm_bar_giuly_43.5108_13.2317,Bar Giuly,bar_cafe,bar_cafe,https://raw.githubusercontent.com/pasqualelembo78/huntix-poi/main/italia/marche/sconosciuta/pages/bar_giuly_43.5108_13.2317.json,custom
43.515210,13.240804,osm_bar_la_dolcezza_43.5152_13.2408,Bar La Dolcezza,bar_cafe,bar_cafe,https://raw.githubusercontent.com/pasqualelembo78/huntix-poi/main/italia/marche/sconosciuta/pages/bar_la_dolcezza_43.5152_13.2408.json,custom
43.524220,13.250417,osm_bar_pizzeria_le_meraviglie_43.5242_13.2504,Bar Pizzeria Le Meraviglie,bar_cafe,bar_cafe,https://raw.githubusercontent.com/pasqualelembo78/huntix-poi/main/italia/marche/sconosciuta/pages/bar_pizzeria_le_meraviglie_43.5242_13.2504.json,custom
43.518371,13.234855,osm_bar_seren__43.5184_13.2349,Bar Serenè,bar_cafe,bar_cafe,https://raw.githubusercontent.com/pasqualelembo78/huntix-poi/main/italia/marche/sconosciuta/pages/bar_seren_43.5184_13.2349.json,custom
43.526616,13.250259,osm_bar_tabacchi_gentile_43.5266_13.2503,Bar Tabacchi Gentile,bar_cafe,bar_cafe,https://raw.githubusercontent.com/pasqualelembo78/huntix-poi/main/italia/marche/sconosciuta/pages/bar_tabacchi_gentile_43.5266_13.2503.json,custom
43.512026,13.231168,osm_bar_tabacchi_pigliapoco_43.5120_13.2312,Bar Tabacchi Pigliapoco,bar_cafe,bar_cafe,https://raw.githubusercontent.com/pasqualelembo78/huntix-poi/main/italia/marche/sconosciuta/pages/bar_tabacchi_pigliapoco_43.5120_13.2312.json,custom
43.527589,13.249117,osm_bar_zampan__43.5276_13.2491,Bar Zampanò,bar_cafe,bar_cafe,https://raw.githubusercontent.com/pasqualelembo78/huntix-poi/main/italia/marche/sconosciuta/pages/bar_zampan_43.5276_13.2491.json,custom
43.445222,13.116338,osm_leiria_43.4452_13.1163,Leiria,bar_cafe,bar_cafe,https://raw.githubusercontent.com/pasqualelembo78/huntix-poi/main/italia/marche/sconosciuta/pages/leiria_43.4452_13.1163.json,custom
43.445923,13.115893,osm_bar_scortichini_43.4459_13.1159,Bar Scortichini,bar_cafe,bar_cafe,https://raw.githubusercontent.com/pasqualelembo78/huntix-poi/main/italia/marche/sconosciuta/pages/bar_scortichini_43.4459_13.1159.json,custom
43.477387,13.119986,osm_circolo_ricreativo_cittadine_maiolati_43.4774_13.1200,Circolo Ricreativo Cittadine Maiolati,bar_cafe,bar_cafe,https://raw.githubusercontent.com/pasqualelembo78/huntix-poi/main/italia/marche/sconosciuta/pages/circolo_ricreativo_cittadine_maiolati_43.4774_13.1200.json,custom
43.449152,12.247353,osm_l_angolo_divino_43.4492_12.2474,L'angolo DiVino,bar_cafe,bar_cafe,https://raw.githubusercontent.com/pasqualelembo78/huntix-poi/main/italia/marche/sconosciuta/pages/langolo_divino_43.4492_12.2474.json,custom
42.990618,13.868886,osm_gelatissima_42.9906_13.8689,Gelatissima,bar_cafe,bar_cafe,https://raw.githubusercontent.com/pasqualelembo78/huntix-poi/main/italia/marche/sconosciuta/pages/gelatissima_42.9906_13.8689.json,custom
42.944460,13.815403,osm_belvedere_42.9445_13.8154,Belvedere,bar_cafe,bar_cafe,https://raw.githubusercontent.com/pasqualelembo78/huntix-poi/main/italia/marche/sconosciuta/pages/belvedere_42.9445_13.8154.json,custom
43.073625,12.333845,osm_bar_nico_43.0736_12.3338,Bar Nico,bar_cafe,bar_cafe,https://raw.githubusercontent.com/pasqualelembo78/huntix-poi/main/italia/marche/sconosciuta/pages/bar_nico_43.0736_12.3338.json,custom
43.066186,12.552105,osm_severini_43.0662_12.5521,Severini,bar_cafe,bar_cafe,https://raw.githubusercontent.com/pasqualelembo78/huntix-poi/main/italia/marche/sconosciuta/pages/severini_43.0662_12.5521.json,custom
42.863256,12.012896,osm_bar_della_piazza_42.8633_12.0129,Bar della Piazza,bar_cafe,bar_cafe,https://raw.githubusercontent.com/pasqualelembo78/huntix-poi/main/italia/marche/sconosciuta/pages/bar_della_piazza_42.8633_12.0129.json,custom
43.566543,13.336462,osm_duca___novelli_43.5665_13.3365,Duca & Novelli,bar_cafe,bar_cafe,https://raw.githubusercontent.com/pasqualelembo78/huntix-poi/main/italia/marche/sconosciuta/pages/duca_novelli_43.5665_13.3365.json,custom
42.770929,12.017917,osm_las_vegas_42.7709_12.0179,Las Vegas,bar_cafe,bar_cafe,https://raw.githubusercontent.com/pasqualelembo78/huntix-poi/main/italia/marche/sconosciuta/pages/las_vegas_42.7709_12.0179.json,custom
43.501695,13.130204,osm_la_dolce_vita_43.5017_13.1302,La Dolce Vita,bar_cafe,bar_cafe,https://raw.githubusercontent.com/pasqualelembo78/huntix-poi/main/italia/marche/sconosciuta/pages/la_dolce_vita_43.5017_13.1302.json,custom
43.708291,13.234735,osm_cin_cin_bar_gelateria_43.7083_13.2347,Cin Cin Bar Gelateria,bar_cafe,bar_cafe,https://raw.githubusercontent.com/pasqualelembo78/huntix-poi/main/italia/marche/sconosciuta/pages/cin_cin_bar_gelateria_43.7083_13.2347.json,custom
42.952261,12.707228,osm_caff__river_42.9523_12.7072,Caffé River,bar_cafe,bar_cafe,https://raw.githubusercontent.com/pasqualelembo78/huntix-poi/main/italia/marche/sconosciuta/pages/caff_river_42.9523_12.7072.json,custom
42.953882,12.710267,osm_capolinea_42.9539_12.7103,Capolinea,bar_cafe,bar_cafe,https://raw.githubusercontent.com/pasqualelembo78/huntix-poi/main/italia/marche/sconosciuta/pages/capolinea_42.9539_12.7103.json,custom
42.668615,12.337821,osm_bar_della_porta_42.6686_12.3378,Bar Della Porta,bar_cafe,bar_cafe,https://raw.githubusercontent.com/pasqualelembo78/huntix-poi/main/italia/marche/sconosciuta/pages/bar_della_porta_42.6686_12.3378.json,custom
43.137463,12.202346,osm_bar_stazione_43.1375_12.2023,Bar Stazione,bar_cafe,bar_cafe,https://raw.githubusercontent.com/pasqualelembo78/huntix-poi/main/italia/marche/sconosciuta/pages/bar_stazione_43.1375_12.2023.json,custom
43.169214,13.801166,osm_bar_moretto_43.1692_13.8012,Bar Moretto,bar_cafe,bar_cafe,https://raw.githubusercontent.com/pasqualelembo78/huntix-poi/main/italia/marche/sconosciuta/pages/bar_moretto_43.1692_13.8012.json,custom
43.169843,13.800261,osm_mr__magoo_43.1698_13.8003,Mr. Magoo,bar_cafe,bar_cafe,https://raw.githubusercontent.com/pasqualelembo78/huntix-poi/main/italia/marche/sconosciuta/pages/mr_magoo_43.1698_13.8003.json,custom
43.671138,13.106606,osm_bar_centrale_43.6711_13.1066,Bar Centrale,bar_cafe,bar_cafe,https://raw.githubusercontent.com/pasqualelembo78/huntix-poi/main/italia/marche/sconosciuta/pages/bar_centrale_43.6711_13.1066.json,custom
43.537160,12.168671,osm_osteriu_bar_43.5372_12.1687,Osteriu Bar,bar_cafe,bar_cafe,https://raw.githubusercontent.com/pasqualelembo78/huntix-poi/main/italia/marche/sconosciuta/pages/osteriu_bar_43.5372_12.1687.json,custom
43.091166,12.438391,osm_luca_43.0912_12.4384,Luca,bar_cafe,bar_cafe,https://raw.githubusercontent.com/pasqualelembo78/huntix-poi/main/italia/marche/sconosciuta/pages/luca_43.0912_12.4384.json,custom
43.090491,12.438624,osm_bar_commercio_43.0905_12.4386,Bar Commercio,bar_cafe,bar_cafe,https://raw.githubusercontent.com/pasqualelembo78/huntix-poi/main/italia/marche/sconosciuta/pages/bar_commercio_43.0905_12.4386.json,custom
43.106405,12.368896,osm_antico_caff__43.1064_12.3689,Antico Caffè,bar_cafe,bar_cafe,https://raw.githubusercontent.com/pasqualelembo78/huntix-poi/main/italia/marche/sconosciuta/pages/antico_caff_43.1064_12.3689.json,custom
43.521747,12.215949,osm_cva_lama_43.5217_12.2159,CVA Lama,bar_cafe,bar_cafe,https://raw.githubusercontent.com/pasqualelembo78/huntix-poi/main/italia/marche/sconosciuta/pages/cva_lama_43.5217_12.2159.json,custom
43.025288,12.887773,osm_forli_s_43.0253_12.8878,Forli's,bar_cafe,bar_cafe,https://raw.githubusercontent.com/pasqualelembo78/huntix-poi/main/italia/marche/sconosciuta/pages/forlis_43.0253_12.8878.json,custom
43.334158,12.902946,osm_lo_sverso_43.3342_12.9029,Lo Sverso,bar_cafe,bar_cafe,https://raw.githubusercontent.com/pasqualelembo78/huntix-poi/main/italia/marche/sconosciuta/pages/lo_sverso_43.3342_12.9029.json,custom
43.542728,13.037622,osm_grottacustica_43.5427_13.0376,Grottacustica,bar_cafe,bar_cafe,https://raw.githubusercontent.com/pasqualelembo78/huntix-poi/main/italia/marche/sconosciuta/pages/grottacustica_43.5427_13.0376.json,custom
43.385255,12.253526,osm_foxx_43.3853_12.2535,FOXX,bar_cafe,bar_cafe,https://raw.githubusercontent.com/pasqualelembo78/huntix-poi/main/italia/marche/sconosciuta/pages/foxx_43.3853_12.2535.json,custom
43.076053,12.401673,osm_samarcanda_43.0761_12.4017,Samarcanda,bar_cafe,bar_cafe,https://raw.githubusercontent.com/pasqualelembo78/huntix-poi/main/italia/marche/sconosciuta/pages/samarcanda_43.0761_12.4017.json,custom
43.144839,13.071465,osm_bar_civico_28_43.1448_13.0715,Bar Civico 28,bar_cafe,bar_cafe,https://raw.githubusercontent.com/pasqualelembo78/huntix-poi/main/italia/marche/sconosciuta/pages/bar_civico_28_43.1448_13.0715.json,custom
43.085715,12.364471,osm_pane_al_pane_43.0857_12.3645,Pane al Pane,bar_cafe,bar_cafe,https://raw.githubusercontent.com/pasqualelembo78/huntix-poi/main/italia/marche/sconosciuta/pages/pane_al_pane_43.0857_12.3645.json,custom
43.069905,12.536909,osm_suggestum_caf__43.0699_12.5369,Suggestum Café,bar_cafe,bar_cafe,https://raw.githubusercontent.com/pasqualelembo78/huntix-poi/main/italia/marche/sconosciuta/pages/suggestum_caf_43.0699_12.5369.json,custom
43.054610,12.562579,osm_bar_43.0546_12.5626,Bar,bar_cafe,bar_cafe,https://raw.githubusercontent.com/pasqualelembo78/huntix-poi/main/italia/marche/sconosciuta/pages/bar_43.0546_12.5626.json,custom
42.995837,13.761335,osm_tiki_bar_42.9958_13.7613,Tiki Bar,bar_cafe,bar_cafe,https://raw.githubusercontent.com/pasqualelembo78/huntix-poi/main/italia/marche/sconosciuta/pages/tiki_bar_42.9958_13.7613.json,custom
43.359088,12.711526,osm_bar_susy_43.3591_12.7115,Bar Susy,bar_cafe,bar_cafe,https://raw.githubusercontent.com/pasqualelembo78/huntix-poi/main/italia/marche/sconosciuta/pages/bar_susy_43.3591_12.7115.json,custom
42.725452,12.664084,osm_caff__tropicana_42.7255_12.6641,Caffé Tropicana,bar_cafe,bar_cafe,https://raw.githubusercontent.com/pasqualelembo78/huntix-poi/main/italia/marche/sconosciuta/pages/caff_tropicana_42.7255_12.6641.json,custom
42.743866,12.737120,osm_dany_caff__42.7439_12.7371,Dany caffè,bar_cafe,bar_cafe,https://raw.githubusercontent.com/pasqualelembo78/huntix-poi/main/italia/marche/sconosciuta/pages/dany_caff_42.7439_12.7371.json,custom
43.090884,12.436454,osm_alunni_43.0909_12.4365,Alunni,bar_cafe,bar_cafe,https://raw.githubusercontent.com/pasqualelembo78/huntix-poi/main/italia/marche/sconosciuta/pages/alunni_43.0909_12.4365.json,custom
43.125587,12.436110,osm_thebris_caf__43.1256_12.4361,Thebris Café,bar_cafe,bar_cafe,https://raw.githubusercontent.com/pasqualelembo78/huntix-poi/main/italia/marche/sconosciuta/pages/thebris_caf_43.1256_12.4361.json,custom
42.625983,12.109119,osm_gelateria_maluba_42.6260_12.1091,Gelateria Maluba,bar_cafe,bar_cafe,https://raw.githubusercontent.com/pasqualelembo78/huntix-poi/main/italia/marche/sconosciuta/pages/gelateria_maluba_42.6260_12.1091.json,custom
42.750030,12.731053,osm_bar_leoni_42.7500_12.7311,Bar Leoni,bar_cafe,bar_cafe,https://raw.githubusercontent.com/pasqualelembo78/huntix-poi/main/italia/marche/sconosciuta/pages/bar_leoni_42.7500_12.7311.json,custom
42.564018,12.645664,osm_rendez_vous_42.5640_12.6457,Rendez-vous,bar_cafe,bar_cafe,https://raw.githubusercontent.com/pasqualelembo78/huntix-poi/main/italia/marche/sconosciuta/pages/rendez-vous_42.5640_12.6457.json,custom
43.935871,12.342758,osm_il_ponte_43.9359_12.3428,Il Ponte,bar_cafe,bar_cafe,https://raw.githubusercontent.com/pasqualelembo78/huntix-poi/main/italia/marche/sconosciuta/pages/il_ponte_43.9359_12.3428.json,custom
43.535114,12.187192,osm_break_bar___ristorante_43.5351_12.1872,Break Bar - Ristorante,bar_cafe,bar_cafe,https://raw.githubusercontent.com/pasqualelembo78/huntix-poi/main/italia/marche/sconosciuta/pages/break_bar_-_ristorante_43.5351_12.1872.json,custom
43.547888,12.835757,osm_bar_sonia_43.5479_12.8358,Bar Sonia,bar_cafe,bar_cafe,https://raw.githubusercontent.com/pasqualelembo78/huntix-poi/main/italia/marche/sconosciuta/pages/bar_sonia_43.5479_12.8358.json,custom
42.933589,12.608850,osm_gran_caff__garibaldi_42.9336_12.6089,Gran Caffé Garibaldi,bar_cafe,bar_cafe,https://raw.githubusercontent.com/pasqualelembo78/huntix-poi/main/italia/marche/sconosciuta/pages/gran_caff_garibaldi_42.9336_12.6089.json,custom
42.869840,12.713791,osm_break_bar_42.8698_12.7138,Break Bar,bar_cafe,bar_cafe,https://raw.githubusercontent.com/pasqualelembo78/huntix-poi/main/italia/marche/sconosciuta/pages/break_bar_42.8698_12.7138.json,custom
43.309470,13.729397,osm_caff__del_viale_43.3095_13.7294,Caffé del Viale,bar_cafe,bar_cafe,https://raw.githubusercontent.com/pasqualelembo78/huntix-poi/main/italia/marche/sconosciuta/pages/caff_del_viale_43.3095_13.7294.json,custom
43.601796,12.586571,osm_caff__del_ponte_43.6018_12.5866,Caffé del ponte,bar_cafe,bar_cafe,https://raw.githubusercontent.com/pasqualelembo78/huntix-poi/main/italia/marche/sconosciuta/pages/caff_del_ponte_43.6018_12.5866.json,custom
43.990432,12.532336,osm_bar_potito_s_43.9904_12.5323,Bar Potito's,bar_cafe,bar_cafe,https://raw.githubusercontent.com/pasqualelembo78/huntix-poi/main/italia/marche/sconosciuta/pages/bar_potitos_43.9904_12.5323.json,custom
43.567601,13.185368,osm_bar_di_campagna_43.5676_13.1854,Bar di Campagna,bar_cafe,bar_cafe,https://raw.githubusercontent.com/pasqualelembo78/huntix-poi/main/italia/marche/sconosciuta/pages/bar_di_campagna_43.5676_13.1854.json,custom
43.209482,12.071442,osm_winebar_43.2095_12.0714,Winebar,bar_cafe,bar_cafe,https://raw.githubusercontent.com/pasqualelembo78/huntix-poi/main/italia/marche/sconosciuta/pages/winebar_43.2095_12.0714.json,custom
43.628532,13.399322,osm_magico_sud_43.6285_13.3993,Magico Sud,bar_cafe,bar_cafe,https://raw.githubusercontent.com/pasqualelembo78/huntix-poi/main/italia/marche/sconosciuta/pages/magico_sud_43.6285_13.3993.json,custom
43.372391,13.150475,osm_piccolo_lido_43.3724_13.1505,Piccolo Lido,bar_cafe,bar_cafe,https://raw.githubusercontent.com/pasqualelembo78/huntix-poi/main/italia/marche/sconosciuta/pages/piccolo_lido_43.3724_13.1505.json,custom
42.635261,12.405572,osm_aquila_d_oro_42.6353_12.4056,Aquila d'Oro,bar_cafe,bar_cafe,https://raw.githubusercontent.com/pasqualelembo78/huntix-poi/main/italia/marche/sconosciuta/pages/aquila_doro_42.6353_12.4056.json,custom
42.599812,12.436736,osm_spritz_42.5998_12.4367,Spritz,bar_cafe,bar_cafe,https://raw.githubusercontent.com/pasqualelembo78/huntix-poi/main/italia/marche/sconosciuta/pages/spritz_42.5998_12.4367.json,custom
43.132972,12.452844,osm_bar_mimosa_43.1330_12.4528,Bar mimosa,bar_cafe,bar_cafe,https://raw.githubusercontent.com/pasqualelembo78/huntix-poi/main/italia/marche/sconosciuta/pages/bar_mimosa_43.1330_12.4528.json,custom
43.076904,13.280656,osm_la_boquita_caf__43.0769_13.2807,La Boquita Cafè,bar_cafe,bar_cafe,https://raw.githubusercontent.com/pasqualelembo78/huntix-poi/main/italia/marche/sconosciuta/pages/la_boquita_caf_43.0769_13.2807.json,custom
43.501087,12.213612,osm_c_v_a__bocciodromo_43.5011_12.2136,C.V.A. Bocciodromo,bar_cafe,bar_cafe,https://raw.githubusercontent.com/pasqualelembo78/huntix-poi/main/italia/marche/sconosciuta/pages/cva_bocciodromo_43.5011_12.2136.json,custom
42.898481,13.727231,osm_grease_bar_42.8985_13.7272,Grease Bar,bar_cafe,bar_cafe,https://raw.githubusercontent.com/pasqualelembo78/huntix-poi/main/italia/marche/sconosciuta/pages/grease_bar_42.8985_13.7272.json,custom
43.685424,12.803019,osm_astor_bar_43.6854_12.8030,Astor Bar,bar_cafe,bar_cafe,https://raw.githubusercontent.com/pasqualelembo78/huntix-poi/main/italia/marche/sconosciuta/pages/astor_bar_43.6854_12.8030.json,custom
42.536628,12.520534,osm_ponte_di_augusto_42.5366_12.5205,Ponte di Augusto,bar_cafe,bar_cafe,https://raw.githubusercontent.com/pasqualelembo78/huntix-poi/main/italia/marche/sconosciuta/pages/ponte_di_augusto_42.5366_12.5205.json,custom
43.284247,13.432235,osm_metropolis_43.2842_13.4322,Metropolis,bar_cafe,bar_cafe,https://raw.githubusercontent.com/pasqualelembo78/huntix-poi/main/italia/marche/sconosciuta/pages/metropolis_43.2842_13.4322.json,custom
43.104710,12.384532,osm_bar_pellas_43.1047_12.3845,Bar Pellas,bar_cafe,bar_cafe,https://raw.githubusercontent.com/pasqualelembo78/huntix-poi/main/italia/marche/sconosciuta/pages/bar_pellas_43.1047_12.3845.json,custom
42.691952,13.780204,osm_palace_cafe_enriva_42.6920_13.7802,Palace Cafe Enriva,bar_cafe,bar_cafe,https://raw.githubusercontent.com/pasqualelembo78/huntix-poi/main/italia/marche/sconosciuta/pages/palace_cafe_enriva_42.6920_13.7802.json,custom
42.690711,13.779521,osm_punto_snai_42.6907_13.7795,Punto Snai,bar_cafe,bar_cafe,https://raw.githubusercontent.com/pasqualelembo78/huntix-poi/main/italia/marche/sconosciuta/pages/punto_snai_42.6907_13.7795.json,custom
42.696052,13.792334,osm_dolce_sosta_42.6961_13.7923,Dolce sosta,bar_cafe,bar_cafe,https://raw.githubusercontent.com/pasqualelembo78/huntix-poi/main/italia/marche/sconosciuta/pages/dolce_sosta_42.6961_13.7923.json,custom
42.658313,13.702020,osm_novecento_42.6583_13.7020,Novecento,bar_cafe,bar_cafe,https://raw.githubusercontent.com/pasqualelembo78/huntix-poi/main/italia/marche/sconosciuta/pages/novecento_42.6583_13.7020.json,custom
42.658242,13.701496,osm_bar_donna_francesca_42.6582_13.7015,Bar Donna Francesca,bar_cafe,bar_cafe,https://raw.githubusercontent.com/pasqualelembo78/huntix-poi/main/italia/marche/sconosciuta/pages/bar_donna_francesca_42.6582_13.7015.json,custom
42.691535,13.502828,osm_bar_del_cacciatore_42.6915_13.5028,Bar del cacciatore,bar_cafe,bar_cafe,https://raw.githubusercontent.com/pasqualelembo78/huntix-poi/main/italia/marche/sconosciuta/pages/bar_del_cacciatore_42.6915_13.5028.json,custom
43.879841,12.935808,osm_primo_hangar_43.8798_12.9358,Primo Hangar,bar_cafe,bar_cafe,https://raw.githubusercontent.com/pasqualelembo78/huntix-poi/main/italia/marche/sconosciuta/pages/primo_hangar_43.8798_12.9358.json,custom
42.912296,12.725039,osm_w_style_42.9123_12.7250,W-Style,bar_cafe,bar_cafe,https://raw.githubusercontent.com/pasqualelembo78/huntix-poi/main/italia/marche/sconosciuta/pages/w-style_42.9123_12.7250.json,custom
42.955944,12.709497,osm_smile_42.9559_12.7095,Smile,bar_cafe,bar_cafe,https://raw.githubusercontent.com/pasqualelembo78/huntix-poi/main/italia/marche/sconosciuta/pages/smile_42.9559_12.7095.json,custom
43.081121,12.437050,osm_da_umbro_43.0811_12.4370,Da Umbro,bar_cafe,bar_cafe,https://raw.githubusercontent.com/pasqualelembo78/huntix-poi/main/italia/marche/sconosciuta/pages/da_umbro_43.0811_12.4370.json,custom
43.647096,12.337317,osm_caff__rinaldi_43.6471_12.3373,Caffé Rinaldi,bar_cafe,bar_cafe,https://raw.githubusercontent.com/pasqualelembo78/huntix-poi/main/italia/marche/sconosciuta/pages/caff_rinaldi_43.6471_12.3373.json,custom
42.954228,12.705807,osm_caffetteria_del_corso_42.9542_12.7058,Caffetteria del Corso,bar_cafe,bar_cafe,https://raw.githubusercontent.com/pasqualelembo78/huntix-poi/main/italia/marche/sconosciuta/pages/caffetteria_del_corso_42.9542_12.7058.json,custom
42.952790,12.004332,osm_piazza_plebiscito_42.9528_12.0043,Piazza Plebiscito,bar_cafe,bar_cafe,https://raw.githubusercontent.com/pasqualelembo78/huntix-poi/main/italia/marche/sconosciuta/pages/piazza_plebiscito_42.9528_12.0043.json,custom
43.454801,12.242223,osm_artcaf__43.4548_12.2422,Artcafè,bar_cafe,bar_cafe,https://raw.githubusercontent.com/pasqualelembo78/huntix-poi/main/italia/marche/sconosciuta/pages/artcaf_43.4548_12.2422.json,custom
43.701453,12.831795,osm_nuovo_fiore_bar_43.7015_12.8318,Nuovo Fiore bar,bar_cafe,bar_cafe,https://raw.githubusercontent.com/pasqualelembo78/huntix-poi/main/italia/marche/sconosciuta/pages/nuovo_fiore_bar_43.7015_12.8318.json,custom
43.298672,12.332081,osm_l_opificio_risto_pub_43.2987_12.3321,L'Opificio Risto-Pub,bar_cafe,bar_cafe,https://raw.githubusercontent.com/pasqualelembo78/huntix-poi/main/italia/marche/sconosciuta/pages/lopificio_risto-pub_43.2987_12.3321.json,custom
42.561043,12.646589,osm_caff__morandi_42.5610_12.6466,Caffé Morandi,bar_cafe,bar_cafe,https://raw.githubusercontent.com/pasqualelembo78/huntix-poi/main/italia/marche/sconosciuta/pages/caff_morandi_42.5610_12.6466.json,custom
43.590086,12.512405,osm_il_borghetto_43.5901_12.5124,Il Borghetto,bar_cafe,bar_cafe,https://raw.githubusercontent.com/pasqualelembo78/huntix-poi/main/italia/marche/sconosciuta/pages/il_borghetto_43.5901_12.5124.json,custom
43.588603,12.511346,osm_trota_blu_43.5886_12.5113,Trota Blu,bar_cafe,bar_cafe,https://raw.githubusercontent.com/pasqualelembo78/huntix-poi/main/italia/marche/sconosciuta/pages/trota_blu_43.5886_12.5113.json,custom
43.587764,12.512123,osm_circolo_acli_43.5878_12.5121,Circolo ACLI,bar_cafe,bar_cafe,https://raw.githubusercontent.com/pasqualelembo78/huntix-poi/main/italia/marche/sconosciuta/pages/circolo_acli_43.5878_12.5121.json,custom
43.589816,12.509559,osm_bar_del_corso_43.5898_12.5096,Bar del Corso,bar_cafe,bar_cafe,https://raw.githubusercontent.com/pasqualelembo78/huntix-poi/main/italia/marche/sconosciuta/pages/bar_del_corso_43.5898_12.5096.json,custom
43.588458,12.510654,osm_il_cantuccio_43.5885_12.5107,Il Cantuccio,bar_cafe,bar_cafe,https://raw.githubusercontent.com/pasqualelembo78/huntix-poi/main/italia/marche/sconosciuta/pages/il_cantuccio_43.5885_12.5107.json,custom
43.586554,12.507645,osm_bar_san_mariano_43.5866_12.5076,Bar San Mariano,bar_cafe,bar_cafe,https://raw.githubusercontent.com/pasqualelembo78/huntix-poi/main/italia/marche/sconosciuta/pages/bar_san_mariano_43.5866_12.5076.json,custom
43.617035,12.670805,osm_attimo_divino_43.6170_12.6708,Attimo Divino,bar_cafe,bar_cafe,https://raw.githubusercontent.com/pasqualelembo78/huntix-poi/main/italia/marche/sconosciuta/pages/attimo_divino_43.6170_12.6708.json,custom
43.613442,12.631849,osm_area_51_43.6134_12.6318,AREA 51,bar_cafe,bar_cafe,https://raw.githubusercontent.com/pasqualelembo78/huntix-poi/main/italia/marche/sconosciuta/pages/area_51_43.6134_12.6318.json,custom
43.295876,13.706127,osm_sandwich_time_43.2959_13.7061,Sandwich Time,bar_cafe,bar_cafe,https://raw.githubusercontent.com/pasqualelembo78/huntix-poi/main/italia/marche/sconosciuta/pages/sandwich_time_43.2959_13.7061.json,custom
43.590173,12.509765,osm_circolo_arci_43.5902_12.5098,Circolo ARCI,bar_cafe,bar_cafe,https://raw.githubusercontent.com/pasqualelembo78/huntix-poi/main/italia/marche/sconosciuta/pages/circolo_arci_43.5902_12.5098.json,custom
43.277743,13.504664,osm_geco_s_r_l__43.2777_13.5047,Geco s.r.l.,bar_cafe,bar_cafe,https://raw.githubusercontent.com/pasqualelembo78/huntix-poi/main/italia/marche/sconosciuta/pages/geco_srl_43.2777_13.5047.json,custom
43.484142,12.222507,osm_alberto_s_bar_43.4841_12.2225,Alberto's bar,bar_cafe,bar_cafe,https://raw.githubusercontent.com/pasqualelembo78/huntix-poi/main/italia/marche/sconosciuta/pages/albertos_bar_43.4841_12.2225.json,custom
43.089583,12.309417,osm_panta_rei_43.0896_12.3094,Panta Rei,bar_cafe,bar_cafe,https://raw.githubusercontent.com/pasqualelembo78/huntix-poi/main/italia/marche/sconosciuta/pages/panta_rei_43.0896_12.3094.json,custom
43.322391,13.426390,osm_caff__per_caso_43.3224_13.4264,Caffè per caso,bar_cafe,bar_cafe,https://raw.githubusercontent.com/pasqualelembo78/huntix-poi/main/italia/marche/sconosciuta/pages/caff_per_caso_43.3224_13.4264.json,custom
43.077935,12.433605,osm_due_di_picche_43.0779_12.4336,Due di Picche,bar_cafe,bar_cafe,https://raw.githubusercontent.com/pasqualelembo78/huntix-poi/main/italia/marche/sconosciuta/pages/due_di_picche_43.0779_12.4336.json,custom
42.718522,12.111237,osm_caff__del_corso_42.7185_12.1112,Caffè del corso,bar_cafe,bar_cafe,https://raw.githubusercontent.com/pasqualelembo78/huntix-poi/main/italia/marche/sconosciuta/pages/caff_del_corso_42.7185_12.1112.json,custom
42.532796,12.518424,osm_la_baita_42.5328_12.5184,La Baita,bar_cafe,bar_cafe,https://raw.githubusercontent.com/pasqualelembo78/huntix-poi/main/italia/marche/sconosciuta/pages/la_baita_42.5328_12.5184.json,custom
43.261689,13.016760,osm_oasi_bar_riccioni_43.2617_13.0168,Oasi Bar Riccioni,bar_cafe,bar_cafe,https://raw.githubusercontent.com/pasqualelembo78/huntix-poi/main/italia/marche/sconosciuta/pages/oasi_bar_riccioni_43.2617_13.0168.json,custom
43.801806,12.866333,osm_bar_artemio_43.8018_12.8663,Bar Artemio,bar_cafe,bar_cafe,https://raw.githubusercontent.com/pasqualelembo78/huntix-poi/main/italia/marche/sconosciuta/pages/bar_artemio_43.8018_12.8663.json,custom
42.663510,13.719833,osm_arghir__42.6635_13.7198,Arghirò,bar_cafe,bar_cafe,https://raw.githubusercontent.com/pasqualelembo78/huntix-poi/main/italia/marche/sconosciuta/pages/arghir_42.6635_13.7198.json,custom
43.981409,12.492801,osm_gelateria_la_romana_43.9814_12.4928,Gelateria La Romana,bar_cafe,bar_cafe,https://raw.githubusercontent.com/pasqualelembo78/huntix-poi/main/italia/marche/sconosciuta/pages/gelateria_la_romana_43.9814_12.4928.json,custom
42.993978,13.869919,osm_bar_della_stazione_42.9940_13.8699,Bar della Stazione,bar_cafe,bar_cafe,https://raw.githubusercontent.com/pasqualelembo78/huntix-poi/main/italia/marche/sconosciuta/pages/bar_della_stazione_42.9940_13.8699.json,custom
43.352946,12.576420,osm_dragoni_43.3529_12.5764,Dragoni,bar_cafe,bar_cafe,https://raw.githubusercontent.com/pasqualelembo78/huntix-poi/main/italia/marche/sconosciuta/pages/dragoni_43.3529_12.5764.json,custom
43.352595,12.579728,osm_amadeus_43.3526_12.5797,Amadeus,bar_cafe,bar_cafe,https://raw.githubusercontent.com/pasqualelembo78/huntix-poi/main/italia/marche/sconosciuta/pages/amadeus_43.3526_12.5797.json,custom
43.293357,13.455207,osm_mok__caf__43.2934_13.4552,Mokà Cafè,bar_cafe,bar_cafe,https://raw.githubusercontent.com/pasqualelembo78/huntix-poi/main/italia/marche/sconosciuta/pages/mok_caf_43.2934_13.4552.json,custom
43.866541,12.838731,osm_bar_lola_43.8665_12.8387,Bar Lola,bar_cafe,bar_cafe,https://raw.githubusercontent.com/pasqualelembo78/huntix-poi/main/italia/marche/sconosciuta/pages/bar_lola_43.8665_12.8387.json,custom
43.545830,12.647343,osm_caff__del_teatro_43.5458_12.6473,Caffè del teatro,bar_cafe,bar_cafe,https://raw.githubusercontent.com/pasqualelembo78/huntix-poi/main/italia/marche/sconosciuta/pages/caff_del_teatro_43.5458_12.6473.json,custom
43.070585,12.616631,osm_bibenda_assisi_wine_bar_43.0706_12.6166,Bibenda Assisi Wine Bar,bar_cafe,bar_cafe,https://raw.githubusercontent.com/pasqualelembo78/huntix-poi/main/italia/marche/sconosciuta/pages/bibenda_assisi_wine_bar_43.0706_12.6166.json,custom
43.841403,13.004489,osm_pasticceria_le_terrazze_43.8414_13.0045,Pasticceria Le terrazze,bar_cafe,bar_cafe,https://raw.githubusercontent.com/pasqualelembo78/huntix-poi/main/italia/marche/sconosciuta/pages/pasticceria_le_terrazze_43.8414_13.0045.json,custom
42.984435,13.857384,osm_bar_mille_lire_42.9844_13.8574,Bar Mille Lire,bar_cafe,bar_cafe,https://raw.githubusercontent.com/pasqualelembo78/huntix-poi/main/italia/marche/sconosciuta/pages/bar_mille_lire_42.9844_13.8574.json,custom
43.522736,13.244441,osm_je_rish_birreria_sant_agostino_43.5227_13.2444,Je'rish Birreria Sant'Agostino,bar_cafe,bar_cafe,https://raw.githubusercontent.com/pasqualelembo78/huntix-poi/main/italia/marche/sconosciuta/pages/jerish_birreria_santagostino_43.5227_13.2444.json,custom
43.523607,13.244693,osm_libero_arbitrio_beershop_43.5236_13.2447,Libero Arbitrio Beershop,bar_cafe,bar_cafe,https://raw.githubusercontent.com/pasqualelembo78/huntix-poi/main/italia/marche/sconosciuta/pages/libero_arbitrio_beershop_43.5236_13.2447.json,custom
43.524354,13.244860,osm_new_orleans_43.5244_13.2449,New Orleans,bar_cafe,bar_cafe,https://raw.githubusercontent.com/pasqualelembo78/huntix-poi/main/italia/marche/sconosciuta/pages/new_orleans_43.5244_13.2449.json,custom
43.183972,12.146640,osm_sualzo_43.1840_12.1466,Sualzo,bar_cafe,bar_cafe,https://raw.githubusercontent.com/pasqualelembo78/huntix-poi/main/italia/marche/sconosciuta/pages/sualzo_43.1840_12.1466.json,custom
43.184591,12.136828,osm_mary_lebane_43.1846_12.1368,Mary Lebane,bar_cafe,bar_cafe,https://raw.githubusercontent.com/pasqualelembo78/huntix-poi/main/italia/marche/sconosciuta/pages/mary_lebane_43.1846_12.1368.json,custom
43.184983,12.136159,osm_gran_caf__43.1850_12.1362,Gran Café,bar_cafe,bar_cafe,https://raw.githubusercontent.com/pasqualelembo78/huntix-poi/main/italia/marche/sconosciuta/pages/gran_caf_43.1850_12.1362.json,custom
43.184134,12.136073,osm_il_chiosco_sul_lago_43.1841_12.1361,Il chiosco sul lago,bar_cafe,bar_cafe,https://raw.githubusercontent.com/pasqualelembo78/huntix-poi/main/italia/marche/sconosciuta/pages/il_chiosco_sul_lago_43.1841_12.1361.json,custom
43.184377,12.135996,osm_la_dolce_vita_43.1844_12.1360,La dolce vita,bar_cafe,bar_cafe,https://raw.githubusercontent.com/pasqualelembo78/huntix-poi/main/italia/marche/sconosciuta/pages/la_dolce_vita_43.1844_12.1360.json,custom
43.524445,13.618167,osm_da_alberta_43.5244_13.6182,Da Alberta,bar_cafe,bar_cafe,https://raw.githubusercontent.com/pasqualelembo78/huntix-poi/main/italia/marche/sconosciuta/pages/da_alberta_43.5244_13.6182.json,custom
43.842875,12.746633,osm_mor__43.8429_12.7466,Morò,bar_cafe,bar_cafe,https://raw.githubusercontent.com/pasqualelembo78/huntix-poi/main/italia/marche/sconosciuta/pages/mor_43.8429_12.7466.json,custom
43.128214,12.286156,osm_orange_caff__bar_43.1282_12.2862,Orange Caffè Bar,bar_cafe,bar_cafe,https://raw.githubusercontent.com/pasqualelembo78/huntix-poi/main/italia/marche/sconosciuta/pages/orange_caff_bar_43.1282_12.2862.json,custom
43.775962,12.939487,osm_la_rosa_dei_venti_43.7760_12.9395,La rosa dei venti,bar_cafe,bar_cafe,https://raw.githubusercontent.com/pasqualelembo78/huntix-poi/main/italia/marche/sconosciuta/pages/la_rosa_dei_venti_43.7760_12.9395.json,custom
42.611424,13.760897,osm_la_sacrestia_42.6114_13.7609,La Sacrestia,bar_cafe,bar_cafe,https://raw.githubusercontent.com/pasqualelembo78/huntix-poi/main/italia/marche/sconosciuta/pages/la_sacrestia_42.6114_13.7609.json,custom
42.706726,13.835083,osm_grande_italia_42.7067_13.8351,Grande Italia,bar_cafe,bar_cafe,https://raw.githubusercontent.com/pasqualelembo78/huntix-poi/main/italia/marche/sconosciuta/pages/grande_italia_42.7067_13.8351.json,custom
43.364459,12.538627,osm_bar_semonte_43.3645_12.5386,Bar Semonte,bar_cafe,bar_cafe,https://raw.githubusercontent.com/pasqualelembo78/huntix-poi/main/italia/marche/sconosciuta/pages/bar_semonte_43.3645_12.5386.json,custom
43.720915,12.624202,osm_bar_tridente_43.7209_12.6242,Bar Tridente,bar_cafe,bar_cafe,https://raw.githubusercontent.com/pasqualelembo78/huntix-poi/main/italia/marche/sconosciuta/pages/bar_tridente_43.7209_12.6242.json,custom
43.130204,13.065453,osm_bar_toffee_43.1302_13.0655,Bar Toffee,bar_cafe,bar_cafe,https://raw.githubusercontent.com/pasqualelembo78/huntix-poi/main/italia/marche/sconosciuta/pages/bar_toffee_43.1302_13.0655.json,custom
43.429574,13.663588,osm_deep_blu_caf__43.4296_13.6636,Deep Blu Cafè,bar_cafe,bar_cafe,https://raw.githubusercontent.com/pasqualelembo78/huntix-poi/main/italia/marche/sconosciuta/pages/deep_blu_caf_43.4296_13.6636.json,custom
42.563592,12.644879,osm_people_42.5636_12.6449,People,bar_cafe,bar_cafe,https://raw.githubusercontent.com/pasqualelembo78/huntix-poi/main/italia/marche/sconosciuta/pages/people_42.5636_12.6449.json,custom
43.737960,12.897332,osm_flaminio_43.7380_12.8973,Flaminio,bar_cafe,bar_cafe,https://raw.githubusercontent.com/pasqualelembo78/huntix-poi/main/italia/marche/sconosciuta/pages/flaminio_43.7380_12.8973.json,custom
42.953956,13.880550,osm_caff__braccetti_42.9540_13.8805,Caffè Braccetti,bar_cafe,bar_cafe,https://raw.githubusercontent.com/pasqualelembo78/huntix-poi/main/italia/marche/sconosciuta/pages/caff_braccetti_42.9540_13.8805.json,custom
42.948931,13.883756,osm_caff__matisse_42.9489_13.8838,Caffè Matisse,bar_cafe,bar_cafe,https://raw.githubusercontent.com/pasqualelembo78/huntix-poi/main/italia/marche/sconosciuta/pages/caff_matisse_42.9489_13.8838.json,custom
42.945831,13.885337,osm_caff__tre_stelle_42.9458_13.8853,Caffè Tre Stelle,bar_cafe,bar_cafe,https://raw.githubusercontent.com/pasqualelembo78/huntix-poi/main/italia/marche/sconosciuta/pages/caff_tre_stelle_42.9458_13.8853.json,custom
42.945397,13.885495,osm_pub_ristorante_san_michele_42.9454_13.8855,Pub Ristorante San Michele,bar_cafe,bar_cafe,https://raw.githubusercontent.com/pasqualelembo78/huntix-poi/main/italia/marche/sconosciuta/pages/pub_ristorante_san_michele_42.9454_13.8855.json,custom
43.164486,13.058564,osm_euro_bar_43.1645_13.0586,Euro Bar,bar_cafe,bar_cafe,https://raw.githubusercontent.com/pasqualelembo78/huntix-poi/main/italia/marche/sconosciuta/pages/euro_bar_43.1645_13.0586.json,custom
43.302953,13.735785,osm_hops__43.3030_13.7358,Hops!,bar_cafe,bar_cafe,https://raw.githubusercontent.com/pasqualelembo78/huntix-poi/main/italia/marche/sconosciuta/pages/hops_43.3030_13.7358.json,custom
42.593727,14.079523,osm_snack_bar_42.5937_14.0795,Snack Bar,bar_cafe,bar_cafe,https://raw.githubusercontent.com/pasqualelembo78/huntix-poi/main/italia/marche/sconosciuta/pages/snack_bar_42.5937_14.0795.json,custom
42.505353,14.142468,osm_falstaff_42.5054_14.1425,Falstaff,bar_cafe,bar_cafe,https://raw.githubusercontent.com/pasqualelembo78/huntix-poi/main/italia/marche/sconosciuta/pages/falstaff_42.5054_14.1425.json,custom
42.777532,13.415410,osm_bar_b_g_42.7775_13.4154,Bar B&G,bar_cafe,bar_cafe,https://raw.githubusercontent.com/pasqualelembo78/huntix-poi/main/italia/marche/sconosciuta/pages/bar_bg_42.7775_13.4154.json,custom
42.548102,13.483096,osm_bar_la_rocchetta_42.5481_13.4831,Bar La Rocchetta,bar_cafe,bar_cafe,https://raw.githubusercontent.com/pasqualelembo78/huntix-poi/main/italia/marche/sconosciuta/pages/bar_la_rocchetta_42.5481_13.4831.json,custom
43.484922,13.479647,osm_baricentro_43.4849_13.4796,Baricentro,bar_cafe,bar_cafe,https://raw.githubusercontent.com/pasqualelembo78/huntix-poi/main/italia/marche/sconosciuta/pages/baricentro_43.4849_13.4796.json,custom
42.880845,13.788937,osm_libra_caf__42.8808_13.7889,Libra cafè,bar_cafe,bar_cafe,https://raw.githubusercontent.com/pasqualelembo78/huntix-poi/main/italia/marche/sconosciuta/pages/libra_caf_42.8808_13.7889.json,custom
43.966954,12.751758,osm_telo_dir__43.9670_12.7518,Telo Dirò,bar_cafe,bar_cafe,https://raw.githubusercontent.com/pasqualelembo78/huntix-poi/main/italia/marche/sconosciuta/pages/telo_dir_43.9670_12.7518.json,custom
43.967959,12.752124,osm_garden_43.9680_12.7521,Garden,bar_cafe,bar_cafe,https://raw.githubusercontent.com/pasqualelembo78/huntix-poi/main/italia/marche/sconosciuta/pages/garden_43.9680_12.7521.json,custom
43.967491,12.750424,osm_the_pirate_43.9675_12.7504,The Pirate,bar_cafe,bar_cafe,https://raw.githubusercontent.com/pasqualelembo78/huntix-poi/main/italia/marche/sconosciuta/pages/the_pirate_43.9675_12.7504.json,custom
43.875080,12.971278,osm_polvere_di_caf__43.8751_12.9713,Polvere di café,bar_cafe,bar_cafe,https://raw.githubusercontent.com/pasqualelembo78/huntix-poi/main/italia/marche/sconosciuta/pages/polvere_di_caf_43.8751_12.9713.json,custom
43.882820,12.869386,osm_la_dolcissima_43.8828_12.8694,La Dolcissima,bar_cafe,bar_cafe,https://raw.githubusercontent.com/pasqualelembo78/huntix-poi/main/italia/marche/sconosciuta/pages/la_dolcissima_43.8828_12.8694.json,custom
43.265620,12.696739,osm_bar_da_mario_43.2656_12.6967,Bar da Mario,bar_cafe,bar_cafe,https://raw.githubusercontent.com/pasqualelembo78/huntix-poi/main/italia/marche/sconosciuta/pages/bar_da_mario_43.2656_12.6967.json,custom
43.612525,13.158395,osm_caff__del_teatro_43.6125_13.1584,Caffè del Teatro,bar_cafe,bar_cafe,https://raw.githubusercontent.com/pasqualelembo78/huntix-poi/main/italia/marche/sconosciuta/pages/caff_del_teatro_43.6125_13.1584.json,custom
43.573238,12.137311,osm_fontanell_43.5732_12.1373,fontanell,bar_cafe,bar_cafe,https://raw.githubusercontent.com/pasqualelembo78/huntix-poi/main/italia/marche/sconosciuta/pages/fontanell_43.5732_12.1373.json,custom
43.827003,12.994544,osm_velox_bar_43.8270_12.9945,Velox Bar,bar_cafe,bar_cafe,https://raw.githubusercontent.com/pasqualelembo78/huntix-poi/main/italia/marche/sconosciuta/pages/velox_bar_43.8270_12.9945.json,custom
43.911588,12.915077,osm_astra_cafe_43.9116_12.9151,Astra Cafe,bar_cafe,bar_cafe,https://raw.githubusercontent.com/pasqualelembo78/huntix-poi/main/italia/marche/sconosciuta/pages/astra_cafe_43.9116_12.9151.json,custom
43.690580,12.708515,osm_bar_stazione_di_servizio_gfuel_43.6906_12.7085,Bar stazione di servizio Gfuel,bar_cafe,bar_cafe,https://raw.githubusercontent.com/pasqualelembo78/huntix-poi/main/italia/marche/sconosciuta/pages/bar_stazione_di_servizio_gfuel_43.6906_12.7085.json,custom
43.462010,12.237772,osm_min__caf__43.4620_12.2378,Minú Café,bar_cafe,bar_cafe,https://raw.githubusercontent.com/pasqualelembo78/huntix-poi/main/italia/marche/sconosciuta/pages/min_caf_43.4620_12.2378.json,custom
43.973767,12.485163,osm_cappuccino_43.9738_12.4852,Cappuccino,bar_cafe,bar_cafe,https://raw.githubusercontent.com/pasqualelembo78/huntix-poi/main/italia/marche/sconosciuta/pages/cappuccino_43.9738_12.4852.json,custom
43.666415,12.411817,osm_st__mary_ne___cofee_43.6664_12.4118,St. Mary Ne & Cofee,bar_cafe,bar_cafe,https://raw.githubusercontent.com/pasqualelembo78/huntix-poi/main/italia/marche/sconosciuta/pages/st_mary_ne_cofee_43.6664_12.4118.json,custom
43.665492,12.411479,osm_caff__centrale_43.6655_12.4115,Caffé Centrale,bar_cafe,bar_cafe,https://raw.githubusercontent.com/pasqualelembo78/huntix-poi/main/italia/marche/sconosciuta/pages/caff_centrale_43.6655_12.4115.json,custom
43.665198,12.410494,osm_da_franco_43.6652_12.4105,Da Franco,bar_cafe,bar_cafe,https://raw.githubusercontent.com/pasqualelembo78/huntix-poi/main/italia/marche/sconosciuta/pages/da_franco_43.6652_12.4105.json,custom
43.665395,12.411018,osm_caff__del_corso_43.6654_12.4110,Caffé del Corso,bar_cafe,bar_cafe,https://raw.githubusercontent.com/pasqualelembo78/huntix-poi/main/italia/marche/sconosciuta/pages/caff_del_corso_43.6654_12.4110.json,custom
43.665361,12.411508,osm_bar_mariella_43.6654_12.4115,Bar Mariella,bar_cafe,bar_cafe,https://raw.githubusercontent.com/pasqualelembo78/huntix-poi/main/italia/marche/sconosciuta/pages/bar_mariella_43.6654_12.4115.json,custom
43.110556,12.389777,osm_via_della_rupe_43.1106_12.3898,Via della Rupe,bar_cafe,bar_cafe,https://raw.githubusercontent.com/pasqualelembo78/huntix-poi/main/italia/marche/sconosciuta/pages/via_della_rupe_43.1106_12.3898.json,custom
43.835158,13.037385,osm_va_tranquill_43.8352_13.0374,Va Tranquill,bar_cafe,bar_cafe,https://raw.githubusercontent.com/pasqualelembo78/huntix-poi/main/italia/marche/sconosciuta/pages/va_tranquill_43.8352_13.0374.json,custom
42.505793,14.143514,osm_bar_golose_tentazioni_42.5058_14.1435,Bar Golose Tentazioni,bar_cafe,bar_cafe,https://raw.githubusercontent.com/pasqualelembo78/huntix-poi/main/italia/marche/sconosciuta/pages/bar_golose_tentazioni_42.5058_14.1435.json,custom
43.998438,12.654070,osm_caff__tilde_43.9984_12.6541,Caffè Tilde,bar_cafe,bar_cafe,https://raw.githubusercontent.com/pasqualelembo78/huntix-poi/main/italia/marche/sconosciuta/pages/caff_tilde_43.9984_12.6541.json,custom
43.999952,12.656373,osm_enoteca_posillipo_44.0000_12.6564,Enoteca Posillipo,bar_cafe,bar_cafe,https://raw.githubusercontent.com/pasqualelembo78/huntix-poi/main/italia/marche/sconosciuta/pages/enoteca_posillipo_44.0000_12.6564.json,custom
43.998685,12.665703,osm_blu_43.9987_12.6657,Blu,bar_cafe,bar_cafe,https://raw.githubusercontent.com/pasqualelembo78/huntix-poi/main/italia/marche/sconosciuta/pages/blu_43.9987_12.6657.json,custom
43.997319,12.644859,osm_papini_caf__43.9973_12.6449,Papini Cafè,bar_cafe,bar_cafe,https://raw.githubusercontent.com/pasqualelembo78/huntix-poi/main/italia/marche/sconosciuta/pages/papini_caf_43.9973_12.6449.json,custom
43.996042,12.626936,osm_caff__veneto_43.9960_12.6269,Caffè Veneto,bar_cafe,bar_cafe,https://raw.githubusercontent.com/pasqualelembo78/huntix-poi/main/italia/marche/sconosciuta/pages/caff_veneto_43.9960_12.6269.json,custom
43.993194,12.646139,osm_piada_d_oro_43.9932_12.6461,Piada D'Oro,bar_cafe,bar_cafe,https://raw.githubusercontent.com/pasqualelembo78/huntix-poi/main/italia/marche/sconosciuta/pages/piada_doro_43.9932_12.6461.json,custom
43.989176,12.671598,osm_free_time_43.9892_12.6716,Free Time,bar_cafe,bar_cafe,https://raw.githubusercontent.com/pasqualelembo78/huntix-poi/main/italia/marche/sconosciuta/pages/free_time_43.9892_12.6716.json,custom
43.990777,12.603421,osm_mc_corners_caff__43.9908_12.6034,Mc Corners Caffè,bar_cafe,bar_cafe,https://raw.githubusercontent.com/pasqualelembo78/huntix-poi/main/italia/marche/sconosciuta/pages/mc_corners_caff_43.9908_12.6034.json,custom
43.994714,12.661176,osm_kok__43.9947_12.6612,Kokò,bar_cafe,bar_cafe,https://raw.githubusercontent.com/pasqualelembo78/huntix-poi/main/italia/marche/sconosciuta/pages/kok_43.9947_12.6612.json,custom
43.995582,12.669170,osm_caracas_43.9956_12.6692,Caracas,bar_cafe,bar_cafe,https://raw.githubusercontent.com/pasqualelembo78/huntix-poi/main/italia/marche/sconosciuta/pages/caracas_43.9956_12.6692.json,custom
43.994335,12.667725,osm_daily_dose_43.9943_12.6677,Daily Dose,bar_cafe,bar_cafe,https://raw.githubusercontent.com/pasqualelembo78/huntix-poi/main/italia/marche/sconosciuta/pages/daily_dose_43.9943_12.6677.json,custom
43.996495,12.670048,osm_more_43.9965_12.6700,More,bar_cafe,bar_cafe,https://raw.githubusercontent.com/pasqualelembo78/huntix-poi/main/italia/marche/sconosciuta/pages/more_43.9965_12.6700.json,custom
43.985081,12.673446,osm_il_girasole_43.9851_12.6734,Il Girasole,bar_cafe,bar_cafe,https://raw.githubusercontent.com/pasqualelembo78/huntix-poi/main/italia/marche/sconosciuta/pages/il_girasole_43.9851_12.6734.json,custom
43.995987,12.659351,osm_bar_city_43.9960_12.6594,Bar City,bar_cafe,bar_cafe,https://raw.githubusercontent.com/pasqualelembo78/huntix-poi/main/italia/marche/sconosciuta/pages/bar_city_43.9960_12.6594.json,custom
43.985544,12.678314,osm_civiko_7_43.9855_12.6783,Civiko 7,bar_cafe,bar_cafe,https://raw.githubusercontent.com/pasqualelembo78/huntix-poi/main/italia/marche/sconosciuta/pages/civiko_7_43.9855_12.6783.json,custom
43.997392,12.652490,osm_0541_caf__43.9974_12.6525,0541 Cafè,bar_cafe,bar_cafe,https://raw.githubusercontent.com/pasqualelembo78/huntix-poi/main/italia/marche/sconosciuta/pages/0541_caf_43.9974_12.6525.json,custom
43.997486,12.668262,osm_ash_43.9975_12.6683,Ash,bar_cafe,bar_cafe,https://raw.githubusercontent.com/pasqualelembo78/huntix-poi/main/italia/marche/sconosciuta/pages/ash_43.9975_12.6683.json,custom
43.996518,12.653396,osm_amaro_lounge_bar_43.9965_12.6534,Amaro Lounge Bar,bar_cafe,bar_cafe,https://raw.githubusercontent.com/pasqualelembo78/huntix-poi/main/italia/marche/sconosciuta/pages/amaro_lounge_bar_43.9965_12.6534.json,custom
43.995740,12.652476,osm_perlaverde_43.9957_12.6525,Perlaverde,bar_cafe,bar_cafe,https://raw.githubusercontent.com/pasqualelembo78/huntix-poi/main/italia/marche/sconosciuta/pages/perlaverde_43.9957_12.6525.json,custom
43.990118,12.659147,osm_caffelatte_43.9901_12.6591,CaffeLatte,bar_cafe,bar_cafe,https://raw.githubusercontent.com/pasqualelembo78/huntix-poi/main/italia/marche/sconosciuta/pages/caffelatte_43.9901_12.6591.json,custom
43.995349,12.653802,osm_il_circolino_43.9953_12.6538,Il circolino,bar_cafe,bar_cafe,https://raw.githubusercontent.com/pasqualelembo78/huntix-poi/main/italia/marche/sconosciuta/pages/il_circolino_43.9953_12.6538.json,custom
43.995227,12.653412,osm_bianchi_paese_43.9952_12.6534,Bianchi paese,bar_cafe,bar_cafe,https://raw.githubusercontent.com/pasqualelembo78/huntix-poi/main/italia/marche/sconosciuta/pages/bianchi_paese_43.9952_12.6534.json,custom
43.997321,12.656419,osm_caff__diaz_43.9973_12.6564,Caffè Diaz,bar_cafe,bar_cafe,https://raw.githubusercontent.com/pasqualelembo78/huntix-poi/main/italia/marche/sconosciuta/pages/caff_diaz_43.9973_12.6564.json,custom
43.993612,12.649679,osm_caff__medea_43.9936_12.6497,Caffè Medea,bar_cafe,bar_cafe,https://raw.githubusercontent.com/pasqualelembo78/huntix-poi/main/italia/marche/sconosciuta/pages/caff_medea_43.9936_12.6497.json,custom
43.991739,12.664515,osm_tabaccheria_n_21_43.9917_12.6645,Tabaccheria N.21,bar_cafe,bar_cafe,https://raw.githubusercontent.com/pasqualelembo78/huntix-poi/main/italia/marche/sconosciuta/pages/tabaccheria_n21_43.9917_12.6645.json,custom
43.996541,12.650194,osm_caff__del_centro_43.9965_12.6502,Caffè del Centro,bar_cafe,bar_cafe,https://raw.githubusercontent.com/pasqualelembo78/huntix-poi/main/italia/marche/sconosciuta/pages/caff_del_centro_43.9965_12.6502.json,custom
43.995051,12.653133,osm_il_centrale_43.9951_12.6531,Il Centrale,bar_cafe,bar_cafe,https://raw.githubusercontent.com/pasqualelembo78/huntix-poi/main/italia/marche/sconosciuta/pages/il_centrale_43.9951_12.6531.json,custom
43.939104,12.711342,osm_girone_n_3_43.9391_12.7113,Girone n.3,bar_cafe,bar_cafe,https://raw.githubusercontent.com/pasqualelembo78/huntix-poi/main/italia/marche/sconosciuta/pages/girone_n3_43.9391_12.7113.json,custom
43.938686,12.713338,osm_roma_caff__43.9387_12.7133,Roma Caffè,bar_cafe,bar_cafe,https://raw.githubusercontent.com/pasqualelembo78/huntix-poi/main/italia/marche/sconosciuta/pages/roma_caff_43.9387_12.7133.json,custom
43.970974,12.576516,osm_bar_fratti_43.9710_12.5765,Bar Fratti,bar_cafe,bar_cafe,https://raw.githubusercontent.com/pasqualelembo78/huntix-poi/main/italia/marche/sconosciuta/pages/bar_fratti_43.9710_12.5765.json,custom
43.068615,12.529137,osm_vel_43.0686_12.5291,vel,bar_cafe,bar_cafe,https://raw.githubusercontent.com/pasqualelembo78/huntix-poi/main/italia/marche/sconosciuta/pages/vel_43.0686_12.5291.json,custom
43.128922,12.268952,osm_mondo_shopping_43.1289_12.2690,Mondo Shopping,bar_cafe,bar_cafe,https://raw.githubusercontent.com/pasqualelembo78/huntix-poi/main/italia/marche/sconosciuta/pages/mondo_shopping_43.1289_12.2690.json,custom
43.979082,12.408634,osm_beccari_43.9791_12.4086,Beccari,bar_cafe,bar_cafe,https://raw.githubusercontent.com/pasqualelembo78/huntix-poi/main/italia/marche/sconosciuta/pages/beccari_43.9791_12.4086.json,custom
43.906336,12.240299,osm_bar_pizzeria_bem_43.9063_12.2403,Bar pizzeria BEM,bar_cafe,bar_cafe,https://raw.githubusercontent.com/pasqualelembo78/huntix-poi/main/italia/marche/sconosciuta/pages/bar_pizzeria_bem_43.9063_12.2403.json,custom
43.323572,12.576101,osm_bar_vagnarelli_43.3236_12.5761,Bar Vagnarelli,bar_cafe,bar_cafe,https://raw.githubusercontent.com/pasqualelembo78/huntix-poi/main/italia/marche/sconosciuta/pages/bar_vagnarelli_43.3236_12.5761.json,custom
43.114739,12.388240,osm_happy_43.1147_12.3882,Happy,bar_cafe,bar_cafe,https://raw.githubusercontent.com/pasqualelembo78/huntix-poi/main/italia/marche/sconosciuta/pages/happy_43.1147_12.3882.json,custom
43.112636,12.390132,osm_shamrock_irish_pub_43.1126_12.3901,Shamrock Irish Pub,bar_cafe,bar_cafe,https://raw.githubusercontent.com/pasqualelembo78/huntix-poi/main/italia/marche/sconosciuta/pages/shamrock_irish_pub_43.1126_12.3901.json,custom
43.677211,12.644773,osm_birreria_della_posta_43.6772_12.6448,Birreria della Posta,bar_cafe,bar_cafe,https://raw.githubusercontent.com/pasqualelembo78/huntix-poi/main/italia/marche/sconosciuta/pages/birreria_della_posta_43.6772_12.6448.json,custom
43.677358,12.645124,osm_il_brillo_parlante_43.6774_12.6451,Il Brillo Parlante,bar_cafe,bar_cafe,https://raw.githubusercontent.com/pasqualelembo78/huntix-poi/main/italia/marche/sconosciuta/pages/il_brillo_parlante_43.6774_12.6451.json,custom
43.104915,12.392771,osm_borgo_206_43.1049_12.3928,Borgo 206,bar_cafe,bar_cafe,https://raw.githubusercontent.com/pasqualelembo78/huntix-poi/main/italia/marche/sconosciuta/pages/borgo_206_43.1049_12.3928.json,custom
43.536324,12.094825,osm_posta_43.5363_12.0948,posta,bar_cafe,bar_cafe,https://raw.githubusercontent.com/pasqualelembo78/huntix-poi/main/italia/marche/sconosciuta/pages/posta_43.5363_12.0948.json,custom
43.794896,12.957169,osm_bar_rosy_43.7949_12.9572,Bar Rosy,bar_cafe,bar_cafe,https://raw.githubusercontent.com/pasqualelembo78/huntix-poi/main/italia/marche/sconosciuta/pages/bar_rosy_43.7949_12.9572.json,custom
43.353021,12.578438,osm_martintempo_43.3530_12.5784,Martintempo,bar_cafe,bar_cafe,https://raw.githubusercontent.com/pasqualelembo78/huntix-poi/main/italia/marche/sconosciuta/pages/martintempo_43.3530_12.5784.json,custom
43.351670,12.579446,osm_billopoto_43.3517_12.5794,Billopoto,bar_cafe,bar_cafe,https://raw.githubusercontent.com/pasqualelembo78/huntix-poi/main/italia/marche/sconosciuta/pages/billopoto_43.3517_12.5794.json,custom
43.351336,12.579156,osm_l_eugubino_43.3513_12.5792,l'eugubino,bar_cafe,bar_cafe,https://raw.githubusercontent.com/pasqualelembo78/huntix-poi/main/italia/marche/sconosciuta/pages/leugubino_43.3513_12.5792.json,custom
43.351514,12.579717,osm_centrale_43.3515_12.5797,centrale,bar_cafe,bar_cafe,https://raw.githubusercontent.com/pasqualelembo78/huntix-poi/main/italia/marche/sconosciuta/pages/centrale_43.3515_12.5797.json,custom
43.350726,12.581039,osm_padeletti_43.3507_12.5810,Padeletti,bar_cafe,bar_cafe,https://raw.githubusercontent.com/pasqualelembo78/huntix-poi/main/italia/marche/sconosciuta/pages/padeletti_43.3507_12.5810.json,custom
43.362350,12.554373,osm_la_contessa_43.3624_12.5544,La Contessa,bar_cafe,bar_cafe,https://raw.githubusercontent.com/pasqualelembo78/huntix-poi/main/italia/marche/sconosciuta/pages/la_contessa_43.3624_12.5544.json,custom
43.441811,12.632189,osm_viper_room_43.4418_12.6322,Viper Room,bar_cafe,bar_cafe,https://raw.githubusercontent.com/pasqualelembo78/huntix-poi/main/italia/marche/sconosciuta/pages/viper_room_43.4418_12.6322.json,custom
43.087588,12.437636,osm_bar_h_43.0876_12.4376,Bar H,bar_cafe,bar_cafe,https://raw.githubusercontent.com/pasqualelembo78/huntix-poi/main/italia/marche/sconosciuta/pages/bar_h_43.0876_12.4376.json,custom
43.090401,12.437531,osm_agor__caf__43.0904_12.4375,Agorà Cafè,bar_cafe,bar_cafe,https://raw.githubusercontent.com/pasqualelembo78/huntix-poi/main/italia/marche/sconosciuta/pages/agor_caf_43.0904_12.4375.json,custom
43.090181,12.442918,osm_bar_rendez_vous_43.0902_12.4429,Bar Rendez-vous,bar_cafe,bar_cafe,https://raw.githubusercontent.com/pasqualelembo78/huntix-poi/main/italia/marche/sconosciuta/pages/bar_rendez-vous_43.0902_12.4429.json,custom
43.356388,12.565326,osm_le_2_rose_43.3564_12.5653,Le 2 Rose,bar_cafe,bar_cafe,https://raw.githubusercontent.com/pasqualelembo78/huntix-poi/main/italia/marche/sconosciuta/pages/le_2_rose_43.3564_12.5653.json,custom
43.345061,12.580705,osm_bar_moderno_43.3451_12.5807,Bar Moderno,bar_cafe,bar_cafe,https://raw.githubusercontent.com/pasqualelembo78/huntix-poi/main/italia/marche/sconosciuta/pages/bar_moderno_43.3451_12.5807.json,custom
43.352132,12.574930,osm_marino_lo_spuntino_43.3521_12.5749,Marino Lo Spuntino,bar_cafe,bar_cafe,https://raw.githubusercontent.com/pasqualelembo78/huntix-poi/main/italia/marche/sconosciuta/pages/marino_lo_spuntino_43.3521_12.5749.json,custom
43.352119,12.578642,osm_fusion_43.3521_12.5786,Fusion,bar_cafe,bar_cafe,https://raw.githubusercontent.com/pasqualelembo78/huntix-poi/main/italia/marche/sconosciuta/pages/fusion_43.3521_12.5786.json,custom
42.582304,13.636074,osm_magni_mario_42.5823_13.6361,Magni Mario,bar_cafe,bar_cafe,https://raw.githubusercontent.com/pasqualelembo78/huntix-poi/main/italia/marche/sconosciuta/pages/magni_mario_42.5823_13.6361.json,custom
42.582219,13.635701,osm_andy_e_mary_42.5822_13.6357,Andy e Mary,bar_cafe,bar_cafe,https://raw.githubusercontent.com/pasqualelembo78/huntix-poi/main/italia/marche/sconosciuta/pages/andy_e_mary_42.5822_13.6357.json,custom
42.583217,13.632158,osm_caff__ristretto_42.5832_13.6322,Caffè Ristretto,bar_cafe,bar_cafe,https://raw.githubusercontent.com/pasqualelembo78/huntix-poi/main/italia/marche/sconosciuta/pages/caff_ristretto_42.5832_13.6322.json,custom
42.502620,13.784648,osm_caffe_del_viale_42.5026_13.7846,Caffe del Viale,bar_cafe,bar_cafe,https://raw.githubusercontent.com/pasqualelembo78/huntix-poi/main/italia/marche/sconosciuta/pages/caffe_del_viale_42.5026_13.7846.json,custom
42.502381,13.783664,osm_di_francesco_42.5024_13.7837,Di francesco,bar_cafe,bar_cafe,https://raw.githubusercontent.com/pasqualelembo78/huntix-poi/main/italia/marche/sconosciuta/pages/di_francesco_42.5024_13.7837.json,custom
42.789498,13.743018,osm_ristorante_trattoria_villa_favale_42.7895_13.7430,Ristorante Trattoria Villa Favale,bar_cafe,bar_cafe,https://raw.githubusercontent.com/pasqualelembo78/huntix-poi/main/italia/marche/sconosciuta/pages/ristorante_trattoria_villa_favale_42.7895_13.7430.json,custom
42.840993,12.353236,osm_giardino_estivo_la_torraccia_42.8410_12.3532,Giardino estivo La Torraccia,bar_cafe,bar_cafe,https://raw.githubusercontent.com/pasqualelembo78/huntix-poi/main/italia/marche/sconosciuta/pages/giardino_estivo_la_torraccia_42.8410_12.3532.json,custom
42.780925,12.404177,osm_il_fondaccio_42.7809_12.4042,Il Fondaccio,bar_cafe,bar_cafe,https://raw.githubusercontent.com/pasqualelembo78/huntix-poi/main/italia/marche/sconosciuta/pages/il_fondaccio_42.7809_12.4042.json,custom
43.817298,12.265062,osm_la_dolce_vita_43.8173_12.2651,La Dolce Vita,bar_cafe,bar_cafe,https://raw.githubusercontent.com/pasqualelembo78/huntix-poi/main/italia/marche/sconosciuta/pages/la_dolce_vita_43.8173_12.2651.json,custom
43.989717,12.512785,osm_amici_43.9897_12.5128,Amici,bar_cafe,bar_cafe,https://raw.githubusercontent.com/pasqualelembo78/huntix-poi/main/italia/marche/sconosciuta/pages/amici_43.9897_12.5128.json,custom
43.713109,12.852020,osm_piccadilly_caf__43.7131_12.8520,Piccadilly Café,bar_cafe,bar_cafe,https://raw.githubusercontent.com/pasqualelembo78/huntix-poi/main/italia/marche/sconosciuta/pages/piccadilly_caf_43.7131_12.8520.json,custom
43.029257,12.099680,osm_del_gallo_43.0293_12.0997,Del Gallo,bar_cafe,bar_cafe,https://raw.githubusercontent.com/pasqualelembo78/huntix-poi/main/italia/marche/sconosciuta/pages/del_gallo_43.0293_12.0997.json,custom
43.029122,12.099692,osm_caff__della_piazza_43.0291_12.0997,Caffé della Piazza,bar_cafe,bar_cafe,https://raw.githubusercontent.com/pasqualelembo78/huntix-poi/main/italia/marche/sconosciuta/pages/caff_della_piazza_43.0291_12.0997.json,custom
43.770128,12.932936,osm_pasticceria_dolce_idea_43.7701_12.9329,Pasticceria Dolce Idea,bar_cafe,bar_cafe,https://raw.githubusercontent.com/pasqualelembo78/huntix-poi/main/italia/marche/sconosciuta/pages/pasticceria_dolce_idea_43.7701_12.9329.json,custom
43.403402,13.549317,osm_green_door_43.4034_13.5493,Green Door,bar_cafe,bar_cafe,https://raw.githubusercontent.com/pasqualelembo78/huntix-poi/main/italia/marche/sconosciuta/pages/green_door_43.4034_13.5493.json,custom
43.207123,13.055973,osm_bar_l_eclissi_43.2071_13.0560,Bar l'Eclissi,bar_cafe,bar_cafe,https://raw.githubusercontent.com/pasqualelembo78/huntix-poi/main/italia/marche/sconosciuta/pages/bar_leclissi_43.2071_13.0560.json,custom
43.963479,12.743735,osm_pascucci_43.9635_12.7437,Pascucci,bar_cafe,bar_cafe,https://raw.githubusercontent.com/pasqualelembo78/huntix-poi/main/italia/marche/sconosciuta/pages/pascucci_43.9635_12.7437.json,custom
43.368608,12.236863,osm_il_bar_43.3686_12.2369,il Bar,bar_cafe,bar_cafe,https://raw.githubusercontent.com/pasqualelembo78/huntix-poi/main/italia/marche/sconosciuta/pages/il_bar_43.3686_12.2369.json,custom
43.544500,12.662933,osm_caffetteria_pasticceria_dolce_paradiso_43.5445_12.6629,Caffetteria pasticceria Dolce Paradiso,bar_cafe,bar_cafe,https://raw.githubusercontent.com/pasqualelembo78/huntix-poi/main/italia/marche/sconosciuta/pages/caffetteria_pasticceria_dolce_paradiso_43.5445_12.6629.json,custom
43.834308,13.038722,osm_driver_bar_43.8343_13.0387,Driver Bar,bar_cafe,bar_cafe,https://raw.githubusercontent.com/pasqualelembo78/huntix-poi/main/italia/marche/sconosciuta/pages/driver_bar_43.8343_13.0387.json,custom
43.838729,13.009971,osm_new_life_caf__43.8387_13.0100,New Life Café,bar_cafe,bar_cafe,https://raw.githubusercontent.com/pasqualelembo78/huntix-poi/main/italia/marche/sconosciuta/pages/new_life_caf_43.8387_13.0100.json,custom
42.773067,13.669686,osm_bar_fuori_porta_42.7731_13.6697,Bar Fuori Porta,bar_cafe,bar_cafe,https://raw.githubusercontent.com/pasqualelembo78/huntix-poi/main/italia/marche/sconosciuta/pages/bar_fuori_porta_42.7731_13.6697.json,custom
42.731104,12.678962,osm_circolo_arci_42.7311_12.6790,Circolo Arci,bar_cafe,bar_cafe,https://raw.githubusercontent.com/pasqualelembo78/huntix-poi/main/italia/marche/sconosciuta/pages/circolo_arci_42.7311_12.6790.json,custom
43.958554,12.655128,osm_caff__novecento_43.9586_12.6551,Caffè Novecento,bar_cafe,bar_cafe,https://raw.githubusercontent.com/pasqualelembo78/huntix-poi/main/italia/marche/sconosciuta/pages/caff_novecento_43.9586_12.6551.json,custom
43.571618,12.130158,osm_drinkx_43.5716_12.1302,Drinkx,bar_cafe,bar_cafe,https://raw.githubusercontent.com/pasqualelembo78/huntix-poi/main/italia/marche/sconosciuta/pages/drinkx_43.5716_12.1302.json,custom
42.550424,12.717264,osm_la_cascata_dei_sapori_42.5504_12.7173,La cascata dei sapori,bar_cafe,bar_cafe,https://raw.githubusercontent.com/pasqualelembo78/huntix-poi/main/italia/marche/sconosciuta/pages/la_cascata_dei_sapori_42.5504_12.7173.json,custom
43.735030,12.834472,osm_fashion_caf__43.7350_12.8345,Fashion Cafè,bar_cafe,bar_cafe,https://raw.githubusercontent.com/pasqualelembo78/huntix-poi/main/italia/marche/sconosciuta/pages/fashion_caf_43.7350_12.8345.json,custom
43.338450,12.908690,osm_il_golosone_43.3385_12.9087,Il Golosone,bar_cafe,bar_cafe,https://raw.githubusercontent.com/pasqualelembo78/huntix-poi/main/italia/marche/sconosciuta/pages/il_golosone_43.3385_12.9087.json,custom
42.829278,13.645414,osm_caff__del_portico_42.8293_13.6454,Caffè del Portico,bar_cafe,bar_cafe,https://raw.githubusercontent.com/pasqualelembo78/huntix-poi/main/italia/marche/sconosciuta/pages/caff_del_portico_42.8293_13.6454.json,custom
42.830509,13.932784,osm_old_sponge_42.8305_13.9328,Old Sponge,bar_cafe,bar_cafe,https://raw.githubusercontent.com/pasqualelembo78/huntix-poi/main/italia/marche/sconosciuta/pages/old_sponge_42.8305_13.9328.json,custom
43.028491,12.890569,osm_snack_bar_43.0285_12.8906,Snack bar,bar_cafe,bar_cafe,https://raw.githubusercontent.com/pasqualelembo78/huntix-poi/main/italia/marche/sconosciuta/pages/snack_bar_43.0285_12.8906.json,custom
43.699302,12.664175,osm_oba_oba_43.6993_12.6642,Oba Oba,bar_cafe,bar_cafe,https://raw.githubusercontent.com/pasqualelembo78/huntix-poi/main/italia/marche/sconosciuta/pages/oba_oba_43.6993_12.6642.json,custom
43.687470,12.807265,osm_caffetteria_pasticceria_chantilly_43.6875_12.8073,Caffetteria Pasticceria Chantilly,bar_cafe,bar_cafe,https://raw.githubusercontent.com/pasqualelembo78/huntix-poi/main/italia/marche/sconosciuta/pages/caffetteria_pasticceria_chantilly_43.6875_12.8073.json,custom
43.917491,12.913167,osm_what_s_43.9175_12.9132,What's,bar_cafe,bar_cafe,https://raw.githubusercontent.com/pasqualelembo78/huntix-poi/main/italia/marche/sconosciuta/pages/whats_43.9175_12.9132.json,custom
42.827578,13.930097,osm_edelweiss_42.8276_13.9301,Edelweiss,bar_cafe,bar_cafe,https://raw.githubusercontent.com/pasqualelembo78/huntix-poi/main/italia/marche/sconosciuta/pages/edelweiss_42.8276_13.9301.json,custom
42.719342,12.109907,osm_valvola_42.7193_12.1099,Valvola,bar_cafe,bar_cafe,https://raw.githubusercontent.com/pasqualelembo78/huntix-poi/main/italia/marche/sconosciuta/pages/valvola_42.7193_12.1099.json,custom
42.901318,12.741180,osm_roxi_bar_42.9013_12.7412,Roxi Bar,bar_cafe,bar_cafe,https://raw.githubusercontent.com/pasqualelembo78/huntix-poi/main/italia/marche/sconosciuta/pages/roxi_bar_42.9013_12.7412.json,custom
43.901631,12.894847,osm_pasticceria_orchidea_43.9016_12.8948,Pasticceria Orchidea,bar_cafe,bar_cafe,https://raw.githubusercontent.com/pasqualelembo78/huntix-poi/main/italia/marche/sconosciuta/pages/pasticceria_orchidea_43.9016_12.8948.json,custom
42.706601,13.839273,osm_bar_abruzzo_2000_42.7066_13.8393,Bar Abruzzo 2000,bar_cafe,bar_cafe,https://raw.githubusercontent.com/pasqualelembo78/huntix-poi/main/italia/marche/sconosciuta/pages/bar_abruzzo_2000_42.7066_13.8393.json,custom
43.055169,12.218853,osm_bar_dello_sport_43.0552_12.2189,Bar dello Sport,bar_cafe,bar_cafe,https://raw.githubusercontent.com/pasqualelembo78/huntix-poi/main/italia/marche/sconosciuta/pages/bar_dello_sport_43.0552_12.2189.json,custom
42.664577,12.728748,osm_belli_42.6646_12.7287,Belli,bar_cafe,bar_cafe,https://raw.githubusercontent.com/pasqualelembo78/huntix-poi/main/italia/marche/sconosciuta/pages/belli_42.6646_12.7287.json,custom
42.733960,12.733356,osm_il_borgaccio_42.7340_12.7334,Il Borgaccio,bar_cafe,bar_cafe,https://raw.githubusercontent.com/pasqualelembo78/huntix-poi/main/italia/marche/sconosciuta/pages/il_borgaccio_42.7340_12.7334.json,custom
42.733673,12.731224,osm_dal_al_42.7337_12.7312,Dal al,bar_cafe,bar_cafe,https://raw.githubusercontent.com/pasqualelembo78/huntix-poi/main/italia/marche/sconosciuta/pages/dal_al_42.7337_12.7312.json,custom
42.734949,12.734654,osm_caff__collicola_42.7349_12.7347,Caffè Collicola,bar_cafe,bar_cafe,https://raw.githubusercontent.com/pasqualelembo78/huntix-poi/main/italia/marche/sconosciuta/pages/caff_collicola_42.7349_12.7347.json,custom
42.737508,12.738914,osm_caffetteria_tabaccheria_jolly_42.7375_12.7389,Caffetteria Tabaccheria Jolly,bar_cafe,bar_cafe,https://raw.githubusercontent.com/pasqualelembo78/huntix-poi/main/italia/marche/sconosciuta/pages/caffetteria_tabaccheria_jolly_42.7375_12.7389.json,custom
42.739488,12.737541,osm_bar_ex_novo_42.7395_12.7375,Bar ex-novo,bar_cafe,bar_cafe,https://raw.githubusercontent.com/pasqualelembo78/huntix-poi/main/italia/marche/sconosciuta/pages/bar_ex-novo_42.7395_12.7375.json,custom
42.742316,12.738273,osm_pasticceria_bar_zampolini_42.7423_12.7383,Pasticceria Bar Zampolini,bar_cafe,bar_cafe,https://raw.githubusercontent.com/pasqualelembo78/huntix-poi/main/italia/marche/sconosciuta/pages/pasticceria_bar_zampolini_42.7423_12.7383.json,custom
42.743578,12.737839,osm_caff__dello_sport_42.7436_12.7378,Caffè dello Sport,bar_cafe,bar_cafe,https://raw.githubusercontent.com/pasqualelembo78/huntix-poi/main/italia/marche/sconosciuta/pages/caff_dello_sport_42.7436_12.7378.json,custom
42.738715,12.736394,osm_bar_rosati_42.7387_12.7364,Bar Rosati,bar_cafe,bar_cafe,https://raw.githubusercontent.com/pasqualelembo78/huntix-poi/main/italia/marche/sconosciuta/pages/bar_rosati_42.7387_12.7364.json,custom
43.692380,12.817907,osm_casacaff__43.6924_12.8179,Casacaffè,bar_cafe,bar_cafe,https://raw.githubusercontent.com/pasqualelembo78/huntix-poi/main/italia/marche/sconosciuta/pages/casacaff_43.6924_12.8179.json,custom
42.746509,12.735909,osm_vincenzo_42.7465_12.7359,Vincenzo,bar_cafe,bar_cafe,https://raw.githubusercontent.com/pasqualelembo78/huntix-poi/main/italia/marche/sconosciuta/pages/vincenzo_42.7465_12.7359.json,custom
42.720183,12.118035,osm_il_forno_del_2000_42.7202_12.1180,il forno del 2000,bar_cafe,bar_cafe,https://raw.githubusercontent.com/pasqualelembo78/huntix-poi/main/italia/marche/sconosciuta/pages/il_forno_del_2000_42.7202_12.1180.json,custom
43.032300,12.442020,osm_bar_dello_sport_43.0323_12.4420,Bar dello Sport,bar_cafe,bar_cafe,https://raw.githubusercontent.com/pasqualelembo78/huntix-poi/main/italia/marche/sconosciuta/pages/bar_dello_sport_43.0323_12.4420.json,custom
42.737565,12.739853,osm_casbah_42.7376_12.7399,Casbah,bar_cafe,bar_cafe,https://raw.githubusercontent.com/pasqualelembo78/huntix-poi/main/italia/marche/sconosciuta/pages/casbah_42.7376_12.7399.json,custom
42.795821,12.732630,osm_stop_al_77_42.7958_12.7326,Stop al 77,bar_cafe,bar_cafe,https://raw.githubusercontent.com/pasqualelembo78/huntix-poi/main/italia/marche/sconosciuta/pages/stop_al_77_42.7958_12.7326.json,custom
43.061914,13.586009,osm_bar_rosita_43.0619_13.5860,Bar Rosita,bar_cafe,bar_cafe,https://raw.githubusercontent.com/pasqualelembo78/huntix-poi/main/italia/marche/sconosciuta/pages/bar_rosita_43.0619_13.5860.json,custom
42.952648,13.883538,osm_the_rat_pack_42.9526_13.8835,The Rat Pack,bar_cafe,bar_cafe,https://raw.githubusercontent.com/pasqualelembo78/huntix-poi/main/italia/marche/sconosciuta/pages/the_rat_pack_42.9526_13.8835.json,custom
42.925076,13.898969,osm_pucci_42.9251_13.8990,Pucci,bar_cafe,bar_cafe,https://raw.githubusercontent.com/pasqualelembo78/huntix-poi/main/italia/marche/sconosciuta/pages/pucci_42.9251_13.8990.json,custom
43.991887,12.663719,osm_tiffany_43.9919_12.6637,Tiffany,bar_cafe,bar_cafe,https://raw.githubusercontent.com/pasqualelembo78/huntix-poi/main/italia/marche/sconosciuta/pages/tiffany_43.9919_12.6637.json,custom
43.702990,12.833494,osm_d_sir_e_43.7030_12.8335,Désirée,bar_cafe,bar_cafe,https://raw.githubusercontent.com/pasqualelembo78/huntix-poi/main/italia/marche/sconosciuta/pages/dsire_43.7030_12.8335.json,custom
43.471742,12.227903,osm_foxx_bar___menchetti_43.4717_12.2279,Foxx bar - Menchetti,bar_cafe,bar_cafe,https://raw.githubusercontent.com/pasqualelembo78/huntix-poi/main/italia/marche/sconosciuta/pages/foxx_bar_-_menchetti_43.4717_12.2279.json,custom
42.695478,13.789988,osm_bar_l_orsetto_42.6955_13.7900,Bar L'Orsetto,bar_cafe,bar_cafe,https://raw.githubusercontent.com/pasqualelembo78/huntix-poi/main/italia/marche/sconosciuta/pages/bar_lorsetto_42.6955_13.7900.json,custom
43.721281,12.637277,osm_bar_vecchio_mulino_43.7213_12.6373,Bar Vecchio Mulino,bar_cafe,bar_cafe,https://raw.githubusercontent.com/pasqualelembo78/huntix-poi/main/italia/marche/sconosciuta/pages/bar_vecchio_mulino_43.7213_12.6373.json,custom
42.993926,12.673289,osm_via_madonna_della_rosina_42.9939_12.6733,Via Madonna della Rosina,bar_cafe,bar_cafe,https://raw.githubusercontent.com/pasqualelembo78/huntix-poi/main/italia/marche/sconosciuta/pages/via_madonna_della_rosina_42.9939_12.6733.json,custom
42.993506,12.672715,osm_fontanella_42.9935_12.6727,Fontanella,bar_cafe,bar_cafe,https://raw.githubusercontent.com/pasqualelembo78/huntix-poi/main/italia/marche/sconosciuta/pages/fontanella_42.9935_12.6727.json,custom
43.674632,12.968735,osm_il_duca_43.6746_12.9687,Il Duca,bar_cafe,bar_cafe,https://raw.githubusercontent.com/pasqualelembo78/huntix-poi/main/italia/marche/sconosciuta/pages/il_duca_43.6746_12.9687.json,custom
42.830652,13.933217,osm_kaffeina_42.8307_13.9332,Kaffeina,bar_cafe,bar_cafe,https://raw.githubusercontent.com/pasqualelembo78/huntix-poi/main/italia/marche/sconosciuta/pages/kaffeina_42.8307_13.9332.json,custom
43.109806,12.389397,osm_il_parterre_43.1098_12.3894,il Parterre,bar_cafe,bar_cafe,https://raw.githubusercontent.com/pasqualelembo78/huntix-poi/main/italia/marche/sconosciuta/pages/il_parterre_43.1098_12.3894.json,custom
42.971596,13.877869,osm_la_sirenetta_42.9716_13.8779,La Sirenetta,bar_cafe,bar_cafe,https://raw.githubusercontent.com/pasqualelembo78/huntix-poi/main/italia/marche/sconosciuta/pages/la_sirenetta_42.9716_13.8779.json,custom
42.973143,13.877425,osm_acquarius_42.9731_13.8774,Acquarius,bar_cafe,bar_cafe,https://raw.githubusercontent.com/pasqualelembo78/huntix-poi/main/italia/marche/sconosciuta/pages/acquarius_42.9731_13.8774.json,custom
42.970143,13.878309,osm_chalet_lu_cucale_42.9701_13.8783,Chalet Lu Cucale,bar_cafe,bar_cafe,https://raw.githubusercontent.com/pasqualelembo78/huntix-poi/main/italia/marche/sconosciuta/pages/chalet_lu_cucale_42.9701_13.8783.json,custom
42.969345,13.878573,osm_colibr__42.9693_13.8786,Colibrì,bar_cafe,bar_cafe,https://raw.githubusercontent.com/pasqualelembo78/huntix-poi/main/italia/marche/sconosciuta/pages/colibr_42.9693_13.8786.json,custom
43.305320,12.332581,osm_il_locale_43.3053_12.3326,Il Locale,bar_cafe,bar_cafe,https://raw.githubusercontent.com/pasqualelembo78/huntix-poi/main/italia/marche/sconosciuta/pages/il_locale_43.3053_12.3326.json,custom
43.913387,12.648251,osm_blanco_s_43.9134_12.6483,Blanco's,bar_cafe,bar_cafe,https://raw.githubusercontent.com/pasqualelembo78/huntix-poi/main/italia/marche/sconosciuta/pages/blancos_43.9134_12.6483.json,custom
43.459007,12.235630,osm_sushi_bar_43.4590_12.2356,Sushi Bar,bar_cafe,bar_cafe,https://raw.githubusercontent.com/pasqualelembo78/huntix-poi/main/italia/marche/sconosciuta/pages/sushi_bar_43.4590_12.2356.json,custom
42.909936,13.901449,osm_pi____meno_42.9099_13.9014,Più è meno,bar_cafe,bar_cafe,https://raw.githubusercontent.com/pasqualelembo78/huntix-poi/main/italia/marche/sconosciuta/pages/pi_meno_42.9099_13.9014.json,custom
42.820027,12.689164,osm_caff__con_tigo_42.8200_12.6892,Caffè con tigo,bar_cafe,bar_cafe,https://raw.githubusercontent.com/pasqualelembo78/huntix-poi/main/italia/marche/sconosciuta/pages/caff_con_tigo_42.8200_12.6892.json,custom
42.953026,12.705743,osm_caff__umbria_42.9530_12.7057,caffè Umbria,bar_cafe,bar_cafe,https://raw.githubusercontent.com/pasqualelembo78/huntix-poi/main/italia/marche/sconosciuta/pages/caff_umbria_42.9530_12.7057.json,custom
42.953790,12.706095,osm_sto_bene_42.9538_12.7061,sto bene,bar_cafe,bar_cafe,https://raw.githubusercontent.com/pasqualelembo78/huntix-poi/main/italia/marche/sconosciuta/pages/sto_bene_42.9538_12.7061.json,custom
42.957666,12.707547,osm_coffeecup_42.9577_12.7075,Coffeecup,bar_cafe,bar_cafe,https://raw.githubusercontent.com/pasqualelembo78/huntix-poi/main/italia/marche/sconosciuta/pages/coffeecup_42.9577_12.7075.json,custom
43.515759,12.355949,osm_bar_della_cima_43.5158_12.3559,Bar della Cima,bar_cafe,bar_cafe,https://raw.githubusercontent.com/pasqualelembo78/huntix-poi/main/italia/marche/sconosciuta/pages/bar_della_cima_43.5158_12.3559.json,custom
43.291718,12.750651,osm_circolo_acli_osteria_del_gatto_43.2917_12.7507,Circolo ACLI Osteria del Gatto,bar_cafe,bar_cafe,https://raw.githubusercontent.com/pasqualelembo78/huntix-poi/main/italia/marche/sconosciuta/pages/circolo_acli_osteria_del_gatto_43.2917_12.7507.json,custom
43.185747,13.471838,osm_burlabacco_43.1857_13.4718,Burlabacco,bar_cafe,bar_cafe,https://raw.githubusercontent.com/pasqualelembo78/huntix-poi/main/italia/marche/sconosciuta/pages/burlabacco_43.1857_13.4718.json,custom
42.828518,13.579376,osm_bar_antonucci_42.8285_13.5794,Bar Antonucci,bar_cafe,bar_cafe,https://raw.githubusercontent.com/pasqualelembo78/huntix-poi/main/italia/marche/sconosciuta/pages/bar_antonucci_42.8285_13.5794.json,custom
43.255411,12.141057,osm_i_giardini_43.2554_12.1411,I Giardini,bar_cafe,bar_cafe,https://raw.githubusercontent.com/pasqualelembo78/huntix-poi/main/italia/marche/sconosciuta/pages/i_giardini_43.2554_12.1411.json,custom
43.572018,12.127868,osm_moove_43.5720_12.1279,Moove,bar_cafe,bar_cafe,https://raw.githubusercontent.com/pasqualelembo78/huntix-poi/main/italia/marche/sconosciuta/pages/moove_43.5720_12.1279.json,custom
43.575936,12.131413,osm_biancolatte_43.5759_12.1314,Biancolatte,bar_cafe,bar_cafe,https://raw.githubusercontent.com/pasqualelembo78/huntix-poi/main/italia/marche/sconosciuta/pages/biancolatte_43.5759_12.1314.json,custom
42.535588,14.133530,osm_mama_art_caf__42.5356_14.1335,Mama art café,bar_cafe,bar_cafe,https://raw.githubusercontent.com/pasqualelembo78/huntix-poi/main/italia/marche/sconosciuta/pages/mama_art_caf_42.5356_14.1335.json,custom
43.905436,12.864241,osm_palas_caf__43.9054_12.8642,Palas Cafè,bar_cafe,bar_cafe,https://raw.githubusercontent.com/pasqualelembo78/huntix-poi/main/italia/marche/sconosciuta/pages/palas_caf_43.9054_12.8642.json,custom
42.520944,13.300910,osm_bar_il_muretto_42.5209_13.3009,Bar Il Muretto,bar_cafe,bar_cafe,https://raw.githubusercontent.com/pasqualelembo78/huntix-poi/main/italia/marche/sconosciuta/pages/bar_il_muretto_42.5209_13.3009.json,custom
42.520813,13.254743,osm_la_giara_42.5208_13.2547,La Giara,bar_cafe,bar_cafe,https://raw.githubusercontent.com/pasqualelembo78/huntix-poi/main/italia/marche/sconosciuta/pages/la_giara_42.5208_13.2547.json,custom
43.815930,13.018285,osm_il_buon_caff__43.8159_13.0183,Il Buon Caffè,bar_cafe,bar_cafe,https://raw.githubusercontent.com/pasqualelembo78/huntix-poi/main/italia/marche/sconosciuta/pages/il_buon_caff_43.8159_13.0183.json,custom
43.668209,12.521778,osm_caff__centrale_43.6682_12.5218,Caffè Centrale,bar_cafe,bar_cafe,https://raw.githubusercontent.com/pasqualelembo78/huntix-poi/main/italia/marche/sconosciuta/pages/caff_centrale_43.6682_12.5218.json,custom
43.563143,12.836450,osm_mai_dire_bar_43.5631_12.8365,Mai Dire Bar,bar_cafe,bar_cafe,https://raw.githubusercontent.com/pasqualelembo78/huntix-poi/main/italia/marche/sconosciuta/pages/mai_dire_bar_43.5631_12.8365.json,custom
43.548354,12.177506,osm_caff__municipio_43.5484_12.1775,Caffé Municipio,bar_cafe,bar_cafe,https://raw.githubusercontent.com/pasqualelembo78/huntix-poi/main/italia/marche/sconosciuta/pages/caff_municipio_43.5484_12.1775.json,custom
43.316603,12.622373,osm_bar_corona_43.3166_12.6224,Bar Corona,bar_cafe,bar_cafe,https://raw.githubusercontent.com/pasqualelembo78/huntix-poi/main/italia/marche/sconosciuta/pages/bar_corona_43.3166_12.6224.json,custom
43.112913,12.380505,osm_bar_kappa_43.1129_12.3805,Bar Kappa,bar_cafe,bar_cafe,https://raw.githubusercontent.com/pasqualelembo78/huntix-poi/main/italia/marche/sconosciuta/pages/bar_kappa_43.1129_12.3805.json,custom
43.920932,12.906914,osm_excalibur_43.9209_12.9069,Excalibur,bar_cafe,bar_cafe,https://raw.githubusercontent.com/pasqualelembo78/huntix-poi/main/italia/marche/sconosciuta/pages/excalibur_43.9209_12.9069.json,custom
42.743042,12.740043,osm_rendez_vous_42.7430_12.7400,Rendez vous,bar_cafe,bar_cafe,https://raw.githubusercontent.com/pasqualelembo78/huntix-poi/main/italia/marche/sconosciuta/pages/rendez_vous_42.7430_12.7400.json,custom
43.114102,12.400884,osm_caffettino_43.1141_12.4009,Caffettino,bar_cafe,bar_cafe,https://raw.githubusercontent.com/pasqualelembo78/huntix-poi/main/italia/marche/sconosciuta/pages/caffettino_43.1141_12.4009.json,custom
43.501689,13.147358,osm_bar_luca_43.5017_13.1474,Bar Luca,bar_cafe,bar_cafe,https://raw.githubusercontent.com/pasqualelembo78/huntix-poi/main/italia/marche/sconosciuta/pages/bar_luca_43.5017_13.1474.json,custom
43.743092,12.908844,osm_l_incontro_43.7431_12.9088,L'Incontro,bar_cafe,bar_cafe,https://raw.githubusercontent.com/pasqualelembo78/huntix-poi/main/italia/marche/sconosciuta/pages/lincontro_43.7431_12.9088.json,custom
43.499737,13.119727,osm_beerbante_da_ciav__43.4997_13.1197,Beerbante da Ciavì,bar_cafe,bar_cafe,https://raw.githubusercontent.com/pasqualelembo78/huntix-poi/main/italia/marche/sconosciuta/pages/beerbante_da_ciav_43.4997_13.1197.json,custom
43.109926,12.388411,osm_rataplan_43.1099_12.3884,Rataplan,bar_cafe,bar_cafe,https://raw.githubusercontent.com/pasqualelembo78/huntix-poi/main/italia/marche/sconosciuta/pages/rataplan_43.1099_12.3884.json,custom
42.759650,13.736343,osm_vanilla_caff__42.7597_13.7363,Vanilla caffè,bar_cafe,bar_cafe,https://raw.githubusercontent.com/pasqualelembo78/huntix-poi/main/italia/marche/sconosciuta/pages/vanilla_caff_42.7597_13.7363.json,custom
42.759790,13.736482,osm_rose_and_crown_42.7598_13.7365,Rose and crown,bar_cafe,bar_cafe,https://raw.githubusercontent.com/pasqualelembo78/huntix-poi/main/italia/marche/sconosciuta/pages/rose_and_crown_42.7598_13.7365.json,custom
43.209764,13.782493,osm_moretto_43.2098_13.7825,Moretto,bar_cafe,bar_cafe,https://raw.githubusercontent.com/pasqualelembo78/huntix-poi/main/italia/marche/sconosciuta/pages/moretto_43.2098_13.7825.json,custom
42.853220,13.598003,osm_papiro_caff__42.8532_13.5980,Papiro caffè,bar_cafe,bar_cafe,https://raw.githubusercontent.com/pasqualelembo78/huntix-poi/main/italia/marche/sconosciuta/pages/papiro_caff_42.8532_13.5980.json,custom
43.913326,12.911164,osm_circolo_mengaroni_43.9133_12.9112,Circolo Mengaroni,bar_cafe,bar_cafe,https://raw.githubusercontent.com/pasqualelembo78/huntix-poi/main/italia/marche/sconosciuta/pages/circolo_mengaroni_43.9133_12.9112.json,custom
43.839172,13.027022,osm_circolo_arci_artigiana_43.8392_13.0270,Circolo ARCI Artigiana,bar_cafe,bar_cafe,https://raw.githubusercontent.com/pasqualelembo78/huntix-poi/main/italia/marche/sconosciuta/pages/circolo_arci_artigiana_43.8392_13.0270.json,custom
43.096664,12.388895,osm_non_solo_caff__43.0967_12.3889,Non solo caffé,bar_cafe,bar_cafe,https://raw.githubusercontent.com/pasqualelembo78/huntix-poi/main/italia/marche/sconosciuta/pages/non_solo_caff_43.0967_12.3889.json,custom
43.102060,12.378274,osm_bar_dafne_43.1021_12.3783,Bar Dafne,bar_cafe,bar_cafe,https://raw.githubusercontent.com/pasqualelembo78/huntix-poi/main/italia/marche/sconosciuta/pages/bar_dafne_43.1021_12.3783.json,custom
43.844791,13.015716,osm_memocaff__43.8448_13.0157,Memocaffè,bar_cafe,bar_cafe,https://raw.githubusercontent.com/pasqualelembo78/huntix-poi/main/italia/marche/sconosciuta/pages/memocaff_43.8448_13.0157.json,custom
43.976273,12.690615,osm_cafe_racer_43.9763_12.6906,Cafe Racer,bar_cafe,bar_cafe,https://raw.githubusercontent.com/pasqualelembo78/huntix-poi/main/italia/marche/sconosciuta/pages/cafe_racer_43.9763_12.6906.json,custom
43.350921,12.575529,osm_bar_europa_43.3509_12.5755,Bar Europa,bar_cafe,bar_cafe,https://raw.githubusercontent.com/pasqualelembo78/huntix-poi/main/italia/marche/sconosciuta/pages/bar_europa_43.3509_12.5755.json,custom
43.831379,12.989134,osm_bar_100_role_43.8314_12.9891,Bar 100 Role,bar_cafe,bar_cafe,https://raw.githubusercontent.com/pasqualelembo78/huntix-poi/main/italia/marche/sconosciuta/pages/bar_100_role_43.8314_12.9891.json,custom
43.990991,12.616393,osm_zanni_43.9910_12.6164,Zanni,bar_cafe,bar_cafe,https://raw.githubusercontent.com/pasqualelembo78/huntix-poi/main/italia/marche/sconosciuta/pages/zanni_43.9910_12.6164.json,custom
43.700644,12.830607,osm_forum_caff__43.7006_12.8306,Forum Caffè,bar_cafe,bar_cafe,https://raw.githubusercontent.com/pasqualelembo78/huntix-poi/main/italia/marche/sconosciuta/pages/forum_caff_43.7006_12.8306.json,custom
42.907744,13.887733,osm_bar_paolini_42.9077_13.8877,Bar Paolini,bar_cafe,bar_cafe,https://raw.githubusercontent.com/pasqualelembo78/huntix-poi/main/italia/marche/sconosciuta/pages/bar_paolini_42.9077_13.8877.json,custom
42.916218,13.903614,osm_namaste_42.9162_13.9036,Namaste,bar_cafe,bar_cafe,https://raw.githubusercontent.com/pasqualelembo78/huntix-poi/main/italia/marche/sconosciuta/pages/namaste_42.9162_13.9036.json,custom
43.729405,12.636101,osm_bar_victoria_43.7294_12.6361,Bar Victoria,bar_cafe,bar_cafe,https://raw.githubusercontent.com/pasqualelembo78/huntix-poi/main/italia/marche/sconosciuta/pages/bar_victoria_43.7294_12.6361.json,custom
42.869235,13.743474,osm_caff__dolce_e_salato_42.8692_13.7435,Caffè Dolce e Salato,bar_cafe,bar_cafe,https://raw.githubusercontent.com/pasqualelembo78/huntix-poi/main/italia/marche/sconosciuta/pages/caff_dolce_e_salato_42.8692_13.7435.json,custom
43.370893,13.553441,osm_bar_alimentari_tabaccheria_romitelli_43.3709_13.5534,Bar Alimentari Tabaccheria Romitelli,bar_cafe,bar_cafe,https://raw.githubusercontent.com/pasqualelembo78/huntix-poi/main/italia/marche/sconosciuta/pages/bar_alimentari_tabaccheria_romitelli_43.3709_13.5534.json,custom
43.373523,13.579461,osm_bar_amicucci_43.3735_13.5795,Bar Amicucci,bar_cafe,bar_cafe,https://raw.githubusercontent.com/pasqualelembo78/huntix-poi/main/italia/marche/sconosciuta/pages/bar_amicucci_43.3735_13.5795.json,custom
43.483194,13.478876,osm_happy_bar_43.4832_13.4789,Happy Bar,bar_cafe,bar_cafe,https://raw.githubusercontent.com/pasqualelembo78/huntix-poi/main/italia/marche/sconosciuta/pages/happy_bar_43.4832_13.4789.json,custom
42.870128,13.755263,osm_caff__david_42.8701_13.7553,Caffé David,bar_cafe,bar_cafe,https://raw.githubusercontent.com/pasqualelembo78/huntix-poi/main/italia/marche/sconosciuta/pages/caff_david_42.8701_13.7553.json,custom
43.487030,13.160473,osm_bar_pizza_vino_fantasia_43.4870_13.1605,Bar Pizza Vino&Fantasia,bar_cafe,bar_cafe,https://raw.githubusercontent.com/pasqualelembo78/huntix-poi/main/italia/marche/sconosciuta/pages/bar_pizza_vinofantasia_43.4870_13.1605.json,custom
43.241088,13.219702,osm_da_francesco_43.2411_13.2197,Da Francesco,bar_cafe,bar_cafe,https://raw.githubusercontent.com/pasqualelembo78/huntix-poi/main/italia/marche/sconosciuta/pages/da_francesco_43.2411_13.2197.json,custom
43.838134,13.012546,osm_fano_little_free_library_43.8381_13.0125,Fano Little Free Library,bar_cafe,bar_cafe,https://raw.githubusercontent.com/pasqualelembo78/huntix-poi/main/italia/marche/sconosciuta/pages/fano_little_free_library_43.8381_13.0125.json,custom
43.450052,13.653100,osm_bar_holiday_43.4501_13.6531,Bar Holiday,bar_cafe,bar_cafe,https://raw.githubusercontent.com/pasqualelembo78/huntix-poi/main/italia/marche/sconosciuta/pages/bar_holiday_43.4501_13.6531.json,custom
43.412316,13.675007,osm_la_pineta_bar_43.4123_13.6750,La Pineta Bar,bar_cafe,bar_cafe,https://raw.githubusercontent.com/pasqualelembo78/huntix-poi/main/italia/marche/sconosciuta/pages/la_pineta_bar_43.4123_13.6750.json,custom
43.418462,13.672469,osm_pineta_beach_43.4185_13.6725,Pineta Beach,bar_cafe,bar_cafe,https://raw.githubusercontent.com/pasqualelembo78/huntix-poi/main/italia/marche/sconosciuta/pages/pineta_beach_43.4185_13.6725.json,custom
43.349975,13.702392,osm_lido_bello_bar_43.3500_13.7024,Lido Bello Bar,bar_cafe,bar_cafe,https://raw.githubusercontent.com/pasqualelembo78/huntix-poi/main/italia/marche/sconosciuta/pages/lido_bello_bar_43.3500_13.7024.json,custom
43.367599,13.620259,osm_groove_summer_garden_43.3676_13.6203,Groove Summer Garden,bar_cafe,bar_cafe,https://raw.githubusercontent.com/pasqualelembo78/huntix-poi/main/italia/marche/sconosciuta/pages/groove_summer_garden_43.3676_13.6203.json,custom
43.402854,13.549512,osm_bar_mir__43.4029_13.5495,Bar Mirò,bar_cafe,bar_cafe,https://raw.githubusercontent.com/pasqualelembo78/huntix-poi/main/italia/marche/sconosciuta/pages/bar_mir_43.4029_13.5495.json,custom
43.298496,13.453666,osm_miroal_43.2985_13.4537,Miroal,bar_cafe,bar_cafe,https://raw.githubusercontent.com/pasqualelembo78/huntix-poi/main/italia/marche/sconosciuta/pages/miroal_43.2985_13.4537.json,custom
43.864351,12.208184,osm_gran_bar_43.8644_12.2082,Gran bar,bar_cafe,bar_cafe,https://raw.githubusercontent.com/pasqualelembo78/huntix-poi/main/italia/marche/sconosciuta/pages/gran_bar_43.8644_12.2082.json,custom
43.863855,12.208569,osm_civico_3__zero_43.8639_12.2086,Civico 3. zero,bar_cafe,bar_cafe,https://raw.githubusercontent.com/pasqualelembo78/huntix-poi/main/italia/marche/sconosciuta/pages/civico_3_zero_43.8639_12.2086.json,custom
42.538123,12.031187,osm_bar_corso_42.5381_12.0312,Bar Corso,bar_cafe,bar_cafe,https://raw.githubusercontent.com/pasqualelembo78/huntix-poi/main/italia/marche/sconosciuta/pages/bar_corso_42.5381_12.0312.json,custom
43.454380,12.244490,osm_le_petit_bistrot_43.4544_12.2445,Le Petit Bistrot,bar_cafe,bar_cafe,https://raw.githubusercontent.com/pasqualelembo78/huntix-poi/main/italia/marche/sconosciuta/pages/le_petit_bistrot_43.4544_12.2445.json,custom
43.371477,12.526657,osm_bar_emma_43.3715_12.5267,Bar Emma,bar_cafe,bar_cafe,https://raw.githubusercontent.com/pasqualelembo78/huntix-poi/main/italia/marche/sconosciuta/pages/bar_emma_43.3715_12.5267.json,custom
42.556629,13.633512,osm_bar_guirero_da_marcuccio_42.5566_13.6335,Bar Guirero da Marcuccio,bar_cafe,bar_cafe,https://raw.githubusercontent.com/pasqualelembo78/huntix-poi/main/italia/marche/sconosciuta/pages/bar_guirero_da_marcuccio_42.5566_13.6335.json,custom
43.309291,13.732398,osm_renzetti_bar_43.3093_13.7324,Renzetti Bar,bar_cafe,bar_cafe,https://raw.githubusercontent.com/pasqualelembo78/huntix-poi/main/italia/marche/sconosciuta/pages/renzetti_bar_43.3093_13.7324.json,custom
43.153902,12.342554,osm_family_caf__di_bottini_lucia___c__43.1539_12.3426,Family Cafè Di Bottini Lucia & C.,bar_cafe,bar_cafe,https://raw.githubusercontent.com/pasqualelembo78/huntix-poi/main/italia/marche/sconosciuta/pages/family_caf_di_bottini_lucia_c_43.1539_12.3426.json,custom
43.838236,13.021343,osm_bar_ospedale_fano_43.8382_13.0213,Bar Ospedale Fano,bar_cafe,bar_cafe,https://raw.githubusercontent.com/pasqualelembo78/huntix-poi/main/italia/marche/sconosciuta/pages/bar_ospedale_fano_43.8382_13.0213.json,custom
43.955273,12.404565,osm_vision_bar_43.9553_12.4046,Vision Bar,bar_cafe,bar_cafe,https://raw.githubusercontent.com/pasqualelembo78/huntix-poi/main/italia/marche/sconosciuta/pages/vision_bar_43.9553_12.4046.json,custom
43.934613,12.345129,osm_caff__maddalena_43.9346_12.3451,Caffè Maddalena,bar_cafe,bar_cafe,https://raw.githubusercontent.com/pasqualelembo78/huntix-poi/main/italia/marche/sconosciuta/pages/caff_maddalena_43.9346_12.3451.json,custom
42.558923,14.112290,osm_bar_iguana_42.5589_14.1123,Bar Iguana,bar_cafe,bar_cafe,https://raw.githubusercontent.com/pasqualelembo78/huntix-poi/main/italia/marche/sconosciuta/pages/bar_iguana_42.5589_14.1123.json,custom
42.726866,13.687081,osm_bar_dello_sport_42.7269_13.6871,Bar dello Sport,bar_cafe,bar_cafe,https://raw.githubusercontent.com/pasqualelembo78/huntix-poi/main/italia/marche/sconosciuta/pages/bar_dello_sport_42.7269_13.6871.json,custom
42.726212,13.686514,osm_caffe_farnese_42.7262_13.6865,Caffe Farnese,bar_cafe,bar_cafe,https://raw.githubusercontent.com/pasqualelembo78/huntix-poi/main/italia/marche/sconosciuta/pages/caffe_farnese_42.7262_13.6865.json,custom
42.561984,14.108589,osm_yoghurteria_42.5620_14.1086,YoghurteriA,bar_cafe,bar_cafe,https://raw.githubusercontent.com/pasqualelembo78/huntix-poi/main/italia/marche/sconosciuta/pages/yoghurteria_42.5620_14.1086.json,custom
42.549347,14.122462,osm_caffeteria_christian_42.5493_14.1225,Caffeteria Christian,bar_cafe,bar_cafe,https://raw.githubusercontent.com/pasqualelembo78/huntix-poi/main/italia/marche/sconosciuta/pages/caffeteria_christian_42.5493_14.1225.json,custom
42.546056,14.125342,osm_da_francesco_42.5461_14.1253,Da Francesco,bar_cafe,bar_cafe,https://raw.githubusercontent.com/pasqualelembo78/huntix-poi/main/italia/marche/sconosciuta/pages/da_francesco_42.5461_14.1253.json,custom
42.547475,14.125348,osm_shaula_42.5475_14.1253,Shaula,bar_cafe,bar_cafe,https://raw.githubusercontent.com/pasqualelembo78/huntix-poi/main/italia/marche/sconosciuta/pages/shaula_42.5475_14.1253.json,custom
42.548688,14.123298,osm_tiziano_42.5487_14.1233,Tiziano,bar_cafe,bar_cafe,https://raw.githubusercontent.com/pasqualelembo78/huntix-poi/main/italia/marche/sconosciuta/pages/tiziano_42.5487_14.1233.json,custom
43.784446,12.032439,osm_bar_gabelli_43.7844_12.0324,Bar Gabelli,bar_cafe,bar_cafe,https://raw.githubusercontent.com/pasqualelembo78/huntix-poi/main/italia/marche/sconosciuta/pages/bar_gabelli_43.7844_12.0324.json,custom
43.513507,13.622170,osm_bar_gelateria_taviani_43.5135_13.6222,Bar Gelateria Taviani,bar_cafe,bar_cafe,https://raw.githubusercontent.com/pasqualelembo78/huntix-poi/main/italia/marche/sconosciuta/pages/bar_gelateria_taviani_43.5135_13.6222.json,custom
42.771903,12.700503,osm_le_miniere_42.7719_12.7005,Le miniere,bar_cafe,bar_cafe,https://raw.githubusercontent.com/pasqualelembo78/huntix-poi/main/italia/marche/sconosciuta/pages/le_miniere_42.7719_12.7005.json,custom
43.967739,12.753557,osm_mercante_di_43.9677_12.7536,Mercante Di,bar_cafe,bar_cafe,https://raw.githubusercontent.com/pasqualelembo78/huntix-poi/main/italia/marche/sconosciuta/pages/mercante_di_43.9677_12.7536.json,custom
43.481848,13.480237,osm_bar_con_sapore_43.4818_13.4802,Bar Con Sapore,bar_cafe,bar_cafe,https://raw.githubusercontent.com/pasqualelembo78/huntix-poi/main/italia/marche/sconosciuta/pages/bar_con_sapore_43.4818_13.4802.json,custom
43.919189,12.910514,osm_arcobaleno_43.9192_12.9105,Arcobaleno,bar_cafe,bar_cafe,https://raw.githubusercontent.com/pasqualelembo78/huntix-poi/main/italia/marche/sconosciuta/pages/arcobaleno_43.9192_12.9105.json,custom
42.757175,12.727122,osm_corrado_42.7572_12.7271,Corrado,bar_cafe,bar_cafe,https://raw.githubusercontent.com/pasqualelembo78/huntix-poi/main/italia/marche/sconosciuta/pages/corrado_42.7572_12.7271.json,custom
43.909827,12.912531,osm_centralino_43.9098_12.9125,Centralino,bar_cafe,bar_cafe,https://raw.githubusercontent.com/pasqualelembo78/huntix-poi/main/italia/marche/sconosciuta/pages/centralino_43.9098_12.9125.json,custom
43.110033,12.390182,osm_living_caf__43.1100_12.3902,Living Café,bar_cafe,bar_cafe,https://raw.githubusercontent.com/pasqualelembo78/huntix-poi/main/italia/marche/sconosciuta/pages/living_caf_43.1100_12.3902.json,custom
43.523346,13.619547,osm_il_grillo_43.5233_13.6195,Il Grillo,bar_cafe,bar_cafe,https://raw.githubusercontent.com/pasqualelembo78/huntix-poi/main/italia/marche/sconosciuta/pages/il_grillo_43.5233_13.6195.json,custom
42.500033,12.312083,osm_my_chef_42.5000_12.3121,My Chef,bar_cafe,bar_cafe,https://raw.githubusercontent.com/pasqualelembo78/huntix-poi/main/italia/marche/sconosciuta/pages/my_chef_42.5000_12.3121.json,custom
43.975341,12.655828,osm_bar_scaccianoia_43.9753_12.6558,Bar Scaccianoia,bar_cafe,bar_cafe,https://raw.githubusercontent.com/pasqualelembo78/huntix-poi/main/italia/marche/sconosciuta/pages/bar_scaccianoia_43.9753_12.6558.json,custom
43.138690,12.007779,osm_bar_jolly_caff__43.1387_12.0078,Bar Jolly Caffè,bar_cafe,bar_cafe,https://raw.githubusercontent.com/pasqualelembo78/huntix-poi/main/italia/marche/sconosciuta/pages/bar_jolly_caff_43.1387_12.0078.json,custom
43.456871,12.237166,osm_angolo_41_43.4569_12.2372,Angolo 41,bar_cafe,bar_cafe,https://raw.githubusercontent.com/pasqualelembo78/huntix-poi/main/italia/marche/sconosciuta/pages/angolo_41_43.4569_12.2372.json,custom
43.825684,13.039920,osm_must_caf__43.8257_13.0399,Must Café,bar_cafe,bar_cafe,https://raw.githubusercontent.com/pasqualelembo78/huntix-poi/main/italia/marche/sconosciuta/pages/must_caf_43.8257_13.0399.json,custom
43.827721,13.041391,osm_bar_pasticceria_paoletti_43.8277_13.0414,Bar Pasticceria Paoletti,bar_cafe,bar_cafe,https://raw.githubusercontent.com/pasqualelembo78/huntix-poi/main/italia/marche/sconosciuta/pages/bar_pasticceria_paoletti_43.8277_13.0414.json,custom
43.767842,12.882341,osm_bar_nan__43.7678_12.8823,Bar Nanà,bar_cafe,bar_cafe,https://raw.githubusercontent.com/pasqualelembo78/huntix-poi/main/italia/marche/sconosciuta/pages/bar_nan_43.7678_12.8823.json,custom
43.936163,12.447475,osm_spingarda_43.9362_12.4475,Spingarda,bar_cafe,bar_cafe,https://raw.githubusercontent.com/pasqualelembo78/huntix-poi/main/italia/marche/sconosciuta/pages/spingarda_43.9362_12.4475.json,custom
43.937061,12.446417,osm_bar_palazzo_43.9371_12.4464,Bar Palazzo,bar_cafe,bar_cafe,https://raw.githubusercontent.com/pasqualelembo78/huntix-poi/main/italia/marche/sconosciuta/pages/bar_palazzo_43.9371_12.4464.json,custom
43.841908,12.358609,osm_new_piper_43.8419_12.3586,New Piper,bar_cafe,bar_cafe,https://raw.githubusercontent.com/pasqualelembo78/huntix-poi/main/italia/marche/sconosciuta/pages/new_piper_43.8419_12.3586.json,custom
43.840304,12.359367,osm_caff__incontro_43.8403_12.3594,Caffè Incontro,bar_cafe,bar_cafe,https://raw.githubusercontent.com/pasqualelembo78/huntix-poi/main/italia/marche/sconosciuta/pages/caff_incontro_43.8403_12.3594.json,custom
43.237978,13.591123,osm_emporium_caff__civico_2_0_43.2380_13.5911,Emporium caffè Civico 2.0,bar_cafe,bar_cafe,https://raw.githubusercontent.com/pasqualelembo78/huntix-poi/main/italia/marche/sconosciuta/pages/emporium_caff_civico_20_43.2380_13.5911.json,custom
43.163778,13.356891,osm_bar_centrale_43.1638_13.3569,Bar Centrale,bar_cafe,bar_cafe,https://raw.githubusercontent.com/pasqualelembo78/huntix-poi/main/italia/marche/sconosciuta/pages/bar_centrale_43.1638_13.3569.json,custom
43.210559,12.008287,osm_ristobar_quaglia_43.2106_12.0083,Ristobar Quaglia,bar_cafe,bar_cafe,https://raw.githubusercontent.com/pasqualelembo78/huntix-poi/main/italia/marche/sconosciuta/pages/ristobar_quaglia_43.2106_12.0083.json,custom
43.113856,12.390575,osm_il_birraio_43.1139_12.3906,Il Birraio,bar_cafe,bar_cafe,https://raw.githubusercontent.com/pasqualelembo78/huntix-poi/main/italia/marche/sconosciuta/pages/il_birraio_43.1139_12.3906.json,custom
42.757856,13.951915,osm_caff__dello_splendore_42.7579_13.9519,Caffè dello Splendore,bar_cafe,bar_cafe,https://raw.githubusercontent.com/pasqualelembo78/huntix-poi/main/italia/marche/sconosciuta/pages/caff_dello_splendore_42.7579_13.9519.json,custom
43.909119,12.907176,osm_bar_antaldi_43.9091_12.9072,Bar Antaldi,bar_cafe,bar_cafe,https://raw.githubusercontent.com/pasqualelembo78/huntix-poi/main/italia/marche/sconosciuta/pages/bar_antaldi_43.9091_12.9072.json,custom
43.979731,12.699553,osm_romacaff__43.9797_12.6996,RomaCaffè,bar_cafe,bar_cafe,https://raw.githubusercontent.com/pasqualelembo78/huntix-poi/main/italia/marche/sconosciuta/pages/romacaff_43.9797_12.6996.json,custom
43.910149,12.924107,osm_mattilary_43.9101_12.9241,Mattilary,bar_cafe,bar_cafe,https://raw.githubusercontent.com/pasqualelembo78/huntix-poi/main/italia/marche/sconosciuta/pages/mattilary_43.9101_12.9241.json,custom
43.842896,13.024353,osm_bar_della_stazione_43.8429_13.0244,Bar della stazione,bar_cafe,bar_cafe,https://raw.githubusercontent.com/pasqualelembo78/huntix-poi/main/italia/marche/sconosciuta/pages/bar_della_stazione_43.8429_13.0244.json,custom
43.304512,12.330603,osm_golden_saloon_43.3045_12.3306,Golden Saloon,bar_cafe,bar_cafe,https://raw.githubusercontent.com/pasqualelembo78/huntix-poi/main/italia/marche/sconosciuta/pages/golden_saloon_43.3045_12.3306.json,custom
43.419248,12.247477,osm_cva_santa_lucia_43.4192_12.2475,CVA Santa Lucia,bar_cafe,bar_cafe,https://raw.githubusercontent.com/pasqualelembo78/huntix-poi/main/italia/marche/sconosciuta/pages/cva_santa_lucia_43.4192_12.2475.json,custom
42.741920,12.739307,osm_rotini_42.7419_12.7393,Rotini,bar_cafe,bar_cafe,https://raw.githubusercontent.com/pasqualelembo78/huntix-poi/main/italia/marche/sconosciuta/pages/rotini_42.7419_12.7393.json,custom
43.726830,12.635639,osm_bar_raffaello_43.7268_12.6356,Bar Raffaello,bar_cafe,bar_cafe,https://raw.githubusercontent.com/pasqualelembo78/huntix-poi/main/italia/marche/sconosciuta/pages/bar_raffaello_43.7268_12.6356.json,custom
43.939606,12.709749,osm_bar_43.9396_12.7097,Bar,bar_cafe,bar_cafe,https://raw.githubusercontent.com/pasqualelembo78/huntix-poi/main/italia/marche/sconosciuta/pages/bar_43.9396_12.7097.json,custom
43.162347,13.717371,osm_ellis_island_43.1623_13.7174,Ellis Island,bar_cafe,bar_cafe,https://raw.githubusercontent.com/pasqualelembo78/huntix-poi/main/italia/marche/sconosciuta/pages/ellis_island_43.1623_13.7174.json,custom
43.180935,13.796266,osm_caff__testini_43.1809_13.7963,caffè Testini,bar_cafe,bar_cafe,https://raw.githubusercontent.com/pasqualelembo78/huntix-poi/main/italia/marche/sconosciuta/pages/caff_testini_43.1809_13.7963.json,custom
43.162540,13.717723,osm_brancadoro_43.1625_13.7177,Brancadoro,bar_cafe,bar_cafe,https://raw.githubusercontent.com/pasqualelembo78/huntix-poi/main/italia/marche/sconosciuta/pages/brancadoro_43.1625_13.7177.json,custom
43.162063,13.716897,osm_gran_caff__belli_43.1621_13.7169,Gran Caffè Belli,bar_cafe,bar_cafe,https://raw.githubusercontent.com/pasqualelembo78/huntix-poi/main/italia/marche/sconosciuta/pages/gran_caff_belli_43.1621_13.7169.json,custom
43.091826,12.444439,osm_charme_caf__43.0918_12.4444,Charme Café,bar_cafe,bar_cafe,https://raw.githubusercontent.com/pasqualelembo78/huntix-poi/main/italia/marche/sconosciuta/pages/charme_caf_43.0918_12.4444.json,custom
43.091414,12.444702,osm_norcineria_43.0914_12.4447,Norcineria,bar_cafe,bar_cafe,https://raw.githubusercontent.com/pasqualelembo78/huntix-poi/main/italia/marche/sconosciuta/pages/norcineria_43.0914_12.4447.json,custom
42.871576,13.761343,osm_charlie_chaplin_42.8716_13.7613,Charlie Chaplin,bar_cafe,bar_cafe,https://raw.githubusercontent.com/pasqualelembo78/huntix-poi/main/italia/marche/sconosciuta/pages/charlie_chaplin_42.8716_13.7613.json,custom
43.293589,13.460543,osm_bar_del_parco_43.2936_13.4605,Bar del parco,bar_cafe,bar_cafe,https://raw.githubusercontent.com/pasqualelembo78/huntix-poi/main/italia/marche/sconosciuta/pages/bar_del_parco_43.2936_13.4605.json,custom
43.380846,12.235571,osm_cva_fabbrecce_43.3808_12.2356,CVA Fabbrecce,bar_cafe,bar_cafe,https://raw.githubusercontent.com/pasqualelembo78/huntix-poi/main/italia/marche/sconosciuta/pages/cva_fabbrecce_43.3808_12.2356.json,custom
43.521655,12.217270,osm_santamaria_pub_e_pizzeria_43.5217_12.2173,SantaMaria Pub e Pizzeria,bar_cafe,bar_cafe,https://raw.githubusercontent.com/pasqualelembo78/huntix-poi/main/italia/marche/sconosciuta/pages/santamaria_pub_e_pizzeria_43.5217_12.2173.json,custom
43.831679,12.999784,osm_sci__sci__garden_43.8317_12.9998,Sciù Sciù Garden,bar_cafe,bar_cafe,https://raw.githubusercontent.com/pasqualelembo78/huntix-poi/main/italia/marche/sconosciuta/pages/sci_sci_garden_43.8317_12.9998.json,custom
43.115219,12.385187,osm_110_caf__43.1152_12.3852,110 Cafè,bar_cafe,bar_cafe,https://raw.githubusercontent.com/pasqualelembo78/huntix-poi/main/italia/marche/sconosciuta/pages/110_caf_43.1152_12.3852.json,custom
43.076047,12.401461,osm_mezzetti_43.0760_12.4015,Mezzetti,bar_cafe,bar_cafe,https://raw.githubusercontent.com/pasqualelembo78/huntix-poi/main/italia/marche/sconosciuta/pages/mezzetti_43.0760_12.4015.json,custom
43.295808,13.582247,osm_angel_bar_43.2958_13.5822,Angel Bar,bar_cafe,bar_cafe,https://raw.githubusercontent.com/pasqualelembo78/huntix-poi/main/italia/marche/sconosciuta/pages/angel_bar_43.2958_13.5822.json,custom
42.761660,12.777064,osm_circolo_arci_42.7617_12.7771,Circolo Arci,bar_cafe,bar_cafe,https://raw.githubusercontent.com/pasqualelembo78/huntix-poi/main/italia/marche/sconosciuta/pages/circolo_arci_42.7617_12.7771.json,custom
43.309933,12.576307,osm_new_york_43.3099_12.5763,New York,bar_cafe,bar_cafe,https://raw.githubusercontent.com/pasqualelembo78/huntix-poi/main/italia/marche/sconosciuta/pages/new_york_43.3099_12.5763.json,custom
43.327836,12.575556,osm_black_bar_43.3278_12.5756,Black Bar,bar_cafe,bar_cafe,https://raw.githubusercontent.com/pasqualelembo78/huntix-poi/main/italia/marche/sconosciuta/pages/black_bar_43.3278_12.5756.json,custom
43.968877,12.748074,osm_la_lampara_43.9689_12.7481,La Lampara,bar_cafe,bar_cafe,https://raw.githubusercontent.com/pasqualelembo78/huntix-poi/main/italia/marche/sconosciuta/pages/la_lampara_43.9689_12.7481.json,custom
42.959483,12.860369,osm_osteria_piccolo_parigi_42.9595_12.8604,Osteria piccolo Parigi,bar_cafe,bar_cafe,https://raw.githubusercontent.com/pasqualelembo78/huntix-poi/main/italia/marche/sconosciuta/pages/osteria_piccolo_parigi_42.9595_12.8604.json,custom
42.538016,12.031169,osm_caff__centrale_42.5380_12.0312,Caffè Centrale,bar_cafe,bar_cafe,https://raw.githubusercontent.com/pasqualelembo78/huntix-poi/main/italia/marche/sconosciuta/pages/caff_centrale_42.5380_12.0312.json,custom
42.750101,12.747173,osm_arca_42.7501_12.7472,Arca,bar_cafe,bar_cafe,https://raw.githubusercontent.com/pasqualelembo78/huntix-poi/main/italia/marche/sconosciuta/pages/arca_42.7501_12.7472.json,custom
42.536817,12.619608,osm_centro_sociale_42.5368_12.6196,Centro sociale,bar_cafe,bar_cafe,https://raw.githubusercontent.com/pasqualelembo78/huntix-poi/main/italia/marche/sconosciuta/pages/centro_sociale_42.5368_12.6196.json,custom
43.306163,12.329254,osm_bar_traversini_43.3062_12.3293,Bar Traversini,bar_cafe,bar_cafe,https://raw.githubusercontent.com/pasqualelembo78/huntix-poi/main/italia/marche/sconosciuta/pages/bar_traversini_43.3062_12.3293.json,custom
43.780431,12.335638,osm_caffe_turismo_43.7804_12.3356,Caffe Turismo,bar_cafe,bar_cafe,https://raw.githubusercontent.com/pasqualelembo78/huntix-poi/main/italia/marche/sconosciuta/pages/caffe_turismo_43.7804_12.3356.json,custom
42.678353,14.015802,osm_ambrosia_cafeter_a_pasticceria_gelateria_42.6784_14.0158,Ambrosia Cafetería Pasticceria Gelateria,bar_cafe,bar_cafe,https://raw.githubusercontent.com/pasqualelembo78/huntix-poi/main/italia/marche/sconosciuta/pages/ambrosia_cafetera_pasticceria_gelateria_42.6784_14.0158.json,custom
43.300021,13.453228,osm_sotto_il_cilegio_43.3000_13.4532,Sotto il cilegio,bar_cafe,bar_cafe,https://raw.githubusercontent.com/pasqualelembo78/huntix-poi/main/italia/marche/sconosciuta/pages/sotto_il_cilegio_43.3000_13.4532.json,custom
43.466243,12.245895,osm_bar_delle_alpi_43.4662_12.2459,Bar delle Alpi,bar_cafe,bar_cafe,https://raw.githubusercontent.com/pasqualelembo78/huntix-poi/main/italia/marche/sconosciuta/pages/bar_delle_alpi_43.4662_12.2459.json,custom
43.834526,12.915293,osm_zanzybar_43.8345_12.9153,Zanzybar,bar_cafe,bar_cafe,https://raw.githubusercontent.com/pasqualelembo78/huntix-poi/main/italia/marche/sconosciuta/pages/zanzybar_43.8345_12.9153.json,custom
43.909873,12.890946,osm_pasticceria_adriatica_43.9099_12.8909,Pasticceria Adriatica,bar_cafe,bar_cafe,https://raw.githubusercontent.com/pasqualelembo78/huntix-poi/main/italia/marche/sconosciuta/pages/pasticceria_adriatica_43.9099_12.8909.json,custom
42.940592,13.890313,osm_la_tellina_42.9406_13.8903,La Tellina,bar_cafe,bar_cafe,https://raw.githubusercontent.com/pasqualelembo78/huntix-poi/main/italia/marche/sconosciuta/pages/la_tellina_42.9406_13.8903.json,custom
42.939773,13.890701,osm_su_est_42.9398_13.8907,Su Est,bar_cafe,bar_cafe,https://raw.githubusercontent.com/pasqualelembo78/huntix-poi/main/italia/marche/sconosciuta/pages/su_est_42.9398_13.8907.json,custom
43.887565,12.954070,osm_coco_loco_43.8876_12.9541,Coco Loco,bar_cafe,bar_cafe,https://raw.githubusercontent.com/pasqualelembo78/huntix-poi/main/italia/marche/sconosciuta/pages/coco_loco_43.8876_12.9541.json,custom
43.756140,12.890155,osm_il_caff__del_bal__43.7561_12.8902,Il Caffè del Balì,bar_cafe,bar_cafe,https://raw.githubusercontent.com/pasqualelembo78/huntix-poi/main/italia/marche/sconosciuta/pages/il_caff_del_bal_43.7561_12.8902.json,custom
43.850289,13.013409,osm_joker_43.8503_13.0134,Joker,bar_cafe,bar_cafe,https://raw.githubusercontent.com/pasqualelembo78/huntix-poi/main/italia/marche/sconosciuta/pages/joker_43.8503_13.0134.json,custom
43.850791,13.012586,osm_lido23_43.8508_13.0126,Lido23,bar_cafe,bar_cafe,https://raw.githubusercontent.com/pasqualelembo78/huntix-poi/main/italia/marche/sconosciuta/pages/lido23_43.8508_13.0126.json,custom
43.875077,12.970197,osm_aldil_delmare_43.8751_12.9702,Aldilàdelmare,bar_cafe,bar_cafe,https://raw.githubusercontent.com/pasqualelembo78/huntix-poi/main/italia/marche/sconosciuta/pages/aldildelmare_43.8751_12.9702.json,custom
43.905177,12.890463,osm_caffeina_43.9052_12.8905,Caffeina,bar_cafe,bar_cafe,https://raw.githubusercontent.com/pasqualelembo78/huntix-poi/main/italia/marche/sconosciuta/pages/caffeina_43.9052_12.8905.json,custom
43.778909,12.943658,osm_al_borgo_43.7789_12.9437,Al Borgo,bar_cafe,bar_cafe,https://raw.githubusercontent.com/pasqualelembo78/huntix-poi/main/italia/marche/sconosciuta/pages/al_borgo_43.7789_12.9437.json,custom
43.917342,12.913393,osm_la_clandestina_zen_43.9173_12.9134,La Clandestina Zen,bar_cafe,bar_cafe,https://raw.githubusercontent.com/pasqualelembo78/huntix-poi/main/italia/marche/sconosciuta/pages/la_clandestina_zen_43.9173_12.9134.json,custom
43.995888,12.668999,osm_bar_il_cantinotto_43.9959_12.6690,Bar Il Cantinotto,bar_cafe,bar_cafe,https://raw.githubusercontent.com/pasqualelembo78/huntix-poi/main/italia/marche/sconosciuta/pages/bar_il_cantinotto_43.9959_12.6690.json,custom
43.799878,13.010508,osm_marea_fish_bar_43.7999_13.0105,Marea fish bar,bar_cafe,bar_cafe,https://raw.githubusercontent.com/pasqualelembo78/huntix-poi/main/italia/marche/sconosciuta/pages/marea_fish_bar_43.7999_13.0105.json,custom
42.748851,12.731828,osm_bar_marconi_42.7489_12.7318,Bar Marconi,bar_cafe,bar_cafe,https://raw.githubusercontent.com/pasqualelembo78/huntix-poi/main/italia/marche/sconosciuta/pages/bar_marconi_42.7489_12.7318.json,custom
43.573051,12.138821,osm_bar_di_via_marconi_43.5731_12.1388,Bar di Via Marconi,bar_cafe,bar_cafe,https://raw.githubusercontent.com/pasqualelembo78/huntix-poi/main/italia/marche/sconosciuta/pages/bar_di_via_marconi_43.5731_12.1388.json,custom
43.903675,12.932658,osm_la_caletta_43.9037_12.9327,La Caletta,bar_cafe,bar_cafe,https://raw.githubusercontent.com/pasqualelembo78/huntix-poi/main/italia/marche/sconosciuta/pages/la_caletta_43.9037_12.9327.json,custom
43.993591,12.675097,osm_joga_bonito_43.9936_12.6751,Joga Bonito,bar_cafe,bar_cafe,https://raw.githubusercontent.com/pasqualelembo78/huntix-poi/main/italia/marche/sconosciuta/pages/joga_bonito_43.9936_12.6751.json,custom
43.808015,12.983435,osm_barbatrukko_43.8080_12.9834,Barbatrukko,bar_cafe,bar_cafe,https://raw.githubusercontent.com/pasqualelembo78/huntix-poi/main/italia/marche/sconosciuta/pages/barbatrukko_43.8080_12.9834.json,custom
43.917207,12.912799,osm_juri__43.9172_12.9128,Juri+,bar_cafe,bar_cafe,https://raw.githubusercontent.com/pasqualelembo78/huntix-poi/main/italia/marche/sconosciuta/pages/juri_43.9172_12.9128.json,custom
43.568317,12.150389,osm_le_briganti_43.5683_12.1504,Le Briganti,bar_cafe,bar_cafe,https://raw.githubusercontent.com/pasqualelembo78/huntix-poi/main/italia/marche/sconosciuta/pages/le_briganti_43.5683_12.1504.json,custom
43.913601,12.918673,osm_germano_mare_43.9136_12.9187,Germano mare,bar_cafe,bar_cafe,https://raw.githubusercontent.com/pasqualelembo78/huntix-poi/main/italia/marche/sconosciuta/pages/germano_mare_43.9136_12.9187.json,custom
42.716656,13.014286,osm_quadrifoglio_42.7167_13.0143,Quadrifoglio,bar_cafe,bar_cafe,https://raw.githubusercontent.com/pasqualelembo78/huntix-poi/main/italia/marche/sconosciuta/pages/quadrifoglio_42.7167_13.0143.json,custom
43.852883,13.007547,osm_bagni_arzilla_43.8529_13.0075,Bagni Arzilla,bar_cafe,bar_cafe,https://raw.githubusercontent.com/pasqualelembo78/huntix-poi/main/italia/marche/sconosciuta/pages/bagni_arzilla_43.8529_13.0075.json,custom
43.627221,13.402638,osm_bixio_caff__43.6272_13.4026,Bixio Caffè,bar_cafe,bar_cafe,https://raw.githubusercontent.com/pasqualelembo78/huntix-poi/main/italia/marche/sconosciuta/pages/bixio_caff_43.6272_13.4026.json,custom
43.464956,13.458282,osm_mac_neil_43.4650_13.4583,Mac Neil,bar_cafe,bar_cafe,https://raw.githubusercontent.com/pasqualelembo78/huntix-poi/main/italia/marche/sconosciuta/pages/mac_neil_43.4650_13.4583.json,custom
42.852373,13.554573,osm_area_di_servizio_amatucci_claudio_42.8524_13.5546,Area di Servizio Amatucci Claudio,bar_cafe,bar_cafe,https://raw.githubusercontent.com/pasqualelembo78/huntix-poi/main/italia/marche/sconosciuta/pages/area_di_servizio_amatucci_claudio_42.8524_13.5546.json,custom
43.236140,13.666264,osm_da_o_tello_43.2361_13.6663,Da O'tello,bar_cafe,bar_cafe,https://raw.githubusercontent.com/pasqualelembo78/huntix-poi/main/italia/marche/sconosciuta/pages/da_otello_43.2361_13.6663.json,custom
42.658584,13.894206,osm_caff__notari_42.6586_13.8942,Caffè notari,bar_cafe,bar_cafe,https://raw.githubusercontent.com/pasqualelembo78/huntix-poi/main/italia/marche/sconosciuta/pages/caff_notari_42.6586_13.8942.json,custom
42.658315,13.893563,osm_caff__imperiale_42.6583_13.8936,Caffè imperiale,bar_cafe,bar_cafe,https://raw.githubusercontent.com/pasqualelembo78/huntix-poi/main/italia/marche/sconosciuta/pages/caff_imperiale_42.6583_13.8936.json,custom
42.657259,13.893718,osm_renero_caff__42.6573_13.8937,ReNero Caffè,bar_cafe,bar_cafe,https://raw.githubusercontent.com/pasqualelembo78/huntix-poi/main/italia/marche/sconosciuta/pages/renero_caff_42.6573_13.8937.json,custom
43.844961,13.017298,osm_caff__del_teatro_43.8450_13.0173,Caffè del teatro,bar_cafe,bar_cafe,https://raw.githubusercontent.com/pasqualelembo78/huntix-poi/main/italia/marche/sconosciuta/pages/caff_del_teatro_43.8450_13.0173.json,custom
43.297873,13.726057,osm_bar_milan_43.2979_13.7261,Bar Milan,bar_cafe,bar_cafe,https://raw.githubusercontent.com/pasqualelembo78/huntix-poi/main/italia/marche/sconosciuta/pages/bar_milan_43.2979_13.7261.json,custom
43.915677,12.914489,osm_di_sana_pinta_43.9157_12.9145,Di Sana Pinta,bar_cafe,bar_cafe,https://raw.githubusercontent.com/pasqualelembo78/huntix-poi/main/italia/marche/sconosciuta/pages/di_sana_pinta_43.9157_12.9145.json,custom
43.914150,12.917559,osm_tipo_pub_43.9141_12.9176,Tipo Pub,bar_cafe,bar_cafe,https://raw.githubusercontent.com/pasqualelembo78/huntix-poi/main/italia/marche/sconosciuta/pages/tipo_pub_43.9141_12.9176.json,custom
43.914957,12.911460,osm_l_hospoda_43.9150_12.9115,L'Hospoda,bar_cafe,bar_cafe,https://raw.githubusercontent.com/pasqualelembo78/huntix-poi/main/italia/marche/sconosciuta/pages/lhospoda_43.9150_12.9115.json,custom
43.629579,13.396817,osm_caffe_in_43.6296_13.3968,Caffe In,bar_cafe,bar_cafe,https://raw.githubusercontent.com/pasqualelembo78/huntix-poi/main/italia/marche/sconosciuta/pages/caffe_in_43.6296_13.3968.json,custom
42.666448,13.712894,osm_bar_ristoro_42.6664_13.7129,Bar Ristoro,bar_cafe,bar_cafe,https://raw.githubusercontent.com/pasqualelembo78/huntix-poi/main/italia/marche/sconosciuta/pages/bar_ristoro_42.6664_13.7129.json,custom
43.326085,12.611905,osm_bar_luigi_43.3261_12.6119,Bar Luigi,bar_cafe,bar_cafe,https://raw.githubusercontent.com/pasqualelembo78/huntix-poi/main/italia/marche/sconosciuta/pages/bar_luigi_43.3261_12.6119.json,custom
43.551716,12.803949,osm_bar_tabacchi_alimentari_osteria_del_pian_43.5517_12.8039,Bar tabacchi alimentari Osteria del Piano,bar_cafe,bar_cafe,https://raw.githubusercontent.com/pasqualelembo78/huntix-poi/main/italia/marche/sconosciuta/pages/bar_tabacchi_alimentari_osteria_del_pian_43.5517_12.8039.json,custom
42.893504,12.752367,osm_circolo_collecchio_42.8935_12.7524,Circolo Collecchio,bar_cafe,bar_cafe,https://raw.githubusercontent.com/pasqualelembo78/huntix-poi/main/italia/marche/sconosciuta/pages/circolo_collecchio_42.8935_12.7524.json,custom
42.566840,12.169955,osm_bar_spritz_42.5668_12.1700,Bar Spritz,bar_cafe,bar_cafe,https://raw.githubusercontent.com/pasqualelembo78/huntix-poi/main/italia/marche/sconosciuta/pages/bar_spritz_42.5668_12.1700.json,custom
43.363918,12.327087,osm_l_infernaccio_43.3639_12.3271,L'Infernaccio,bar_cafe,bar_cafe,https://raw.githubusercontent.com/pasqualelembo78/huntix-poi/main/italia/marche/sconosciuta/pages/linfernaccio_43.3639_12.3271.json,custom
42.670537,12.216136,osm_bar_vinci_caff__42.6705_12.2161,Bar Vinci Caffè,bar_cafe,bar_cafe,https://raw.githubusercontent.com/pasqualelembo78/huntix-poi/main/italia/marche/sconosciuta/pages/bar_vinci_caff_42.6705_12.2161.json,custom
43.402560,13.007358,osm_bar_del_pino_43.4026_13.0074,Bar del Pino,bar_cafe,bar_cafe,https://raw.githubusercontent.com/pasqualelembo78/huntix-poi/main/italia/marche/sconosciuta/pages/bar_del_pino_43.4026_13.0074.json,custom
43.826315,12.802477,osm_caff__centrale_43.8263_12.8025,Caffè Centrale,bar_cafe,bar_cafe,https://raw.githubusercontent.com/pasqualelembo78/huntix-poi/main/italia/marche/sconosciuta/pages/caff_centrale_43.8263_12.8025.json,custom
43.993937,12.512182,osm_bar_acca_43.9939_12.5122,Bar Acca,bar_cafe,bar_cafe,https://raw.githubusercontent.com/pasqualelembo78/huntix-poi/main/italia/marche/sconosciuta/pages/bar_acca_43.9939_12.5122.json,custom
43.793176,12.003842,osm_ristorante_bar_dei_cacciatori_43.7932_12.0038,Ristorante Bar dei Cacciatori,bar_cafe,bar_cafe,https://raw.githubusercontent.com/pasqualelembo78/huntix-poi/main/italia/marche/sconosciuta/pages/ristorante_bar_dei_cacciatori_43.7932_12.0038.json,custom
42.778013,12.408260,osm_bar_tabacchi_mokambo_42.7780_12.4083,Bar Tabacchi Mokambo,bar_cafe,bar_cafe,https://raw.githubusercontent.com/pasqualelembo78/huntix-poi/main/italia/marche/sconosciuta/pages/bar_tabacchi_mokambo_42.7780_12.4083.json,custom
42.983310,12.775416,osm_bar_l_angoletto_de_pale_42.9833_12.7754,Bar L'Angoletto de Pale,bar_cafe,bar_cafe,https://raw.githubusercontent.com/pasqualelembo78/huntix-poi/main/italia/marche/sconosciuta/pages/bar_langoletto_de_pale_42.9833_12.7754.json,custom
43.308083,13.728517,osm_vintage_caff__43.3081_13.7285,Vintage caffè,bar_cafe,bar_cafe,https://raw.githubusercontent.com/pasqualelembo78/huntix-poi/main/italia/marche/sconosciuta/pages/vintage_caff_43.3081_13.7285.json,custom
43.843515,13.014949,osm_caffetteria_dell_arco_43.8435_13.0149,Caffetteria dell'Arco,bar_cafe,bar_cafe,https://raw.githubusercontent.com/pasqualelembo78/huntix-poi/main/italia/marche/sconosciuta/pages/caffetteria_dellarco_43.8435_13.0149.json,custom
42.531997,13.881281,osm_la_laterna_42.5320_13.8813,La Laterna,bar_cafe,bar_cafe,https://raw.githubusercontent.com/pasqualelembo78/huntix-poi/main/italia/marche/sconosciuta/pages/la_laterna_42.5320_13.8813.json,custom
42.831864,12.768746,osm_le_ninfe_42.8319_12.7687,Le Ninfe,bar_cafe,bar_cafe,https://raw.githubusercontent.com/pasqualelembo78/huntix-poi/main/italia/marche/sconosciuta/pages/le_ninfe_42.8319_12.7687.json,custom
42.862543,12.738547,osm_spring_house_tavern_42.8625_12.7385,Spring House tavern,bar_cafe,bar_cafe,https://raw.githubusercontent.com/pasqualelembo78/huntix-poi/main/italia/marche/sconosciuta/pages/spring_house_tavern_42.8625_12.7385.json,custom
42.837297,12.760297,osm_melody_bar_42.8373_12.7603,Melody bar,bar_cafe,bar_cafe,https://raw.githubusercontent.com/pasqualelembo78/huntix-poi/main/italia/marche/sconosciuta/pages/melody_bar_42.8373_12.7603.json,custom
42.842633,12.759757,osm_bottega_del_gusto_42.8426_12.7598,Bottega del gusto,bar_cafe,bar_cafe,https://raw.githubusercontent.com/pasqualelembo78/huntix-poi/main/italia/marche/sconosciuta/pages/bottega_del_gusto_42.8426_12.7598.json,custom
42.855580,13.480541,osm_bar_gelateria_tre_fonti_42.8556_13.4805,Bar Gelateria Tre Fonti,bar_cafe,bar_cafe,https://raw.githubusercontent.com/pasqualelembo78/huntix-poi/main/italia/marche/sconosciuta/pages/bar_gelateria_tre_fonti_42.8556_13.4805.json,custom
42.955655,12.704595,osm_umami_bar_foligno_42.9557_12.7046,Umami Bar Foligno,bar_cafe,bar_cafe,https://raw.githubusercontent.com/pasqualelembo78/huntix-poi/main/italia/marche/sconosciuta/pages/umami_bar_foligno_42.9557_12.7046.json,custom
43.924336,12.586516,osm_bar_43.9243_12.5865,Bar,bar_cafe,bar_cafe,https://raw.githubusercontent.com/pasqualelembo78/huntix-poi/main/italia/marche/sconosciuta/pages/bar_43.9243_12.5865.json,custom
43.837798,13.011304,osm_tabaccheria_ricevitoria_43.8378_13.0113,Tabaccheria Ricevitoria,bar_cafe,bar_cafe,https://raw.githubusercontent.com/pasqualelembo78/huntix-poi/main/italia/marche/sconosciuta/pages/tabaccheria_ricevitoria_43.8378_13.0113.json,custom
43.914210,12.907451,osm_pasticceria_del_porto_43.9142_12.9075,Pasticceria del Porto,bar_cafe,bar_cafe,https://raw.githubusercontent.com/pasqualelembo78/huntix-poi/main/italia/marche/sconosciuta/pages/pasticceria_del_porto_43.9142_12.9075.json,custom
42.548133,12.033004,osm_bar_pasticceria_dolceloc_42.5481_12.0330,Bar Pasticceria Dolceloc,bar_cafe,bar_cafe,https://raw.githubusercontent.com/pasqualelembo78/huntix-poi/main/italia/marche/sconosciuta/pages/bar_pasticceria_dolceloc_42.5481_12.0330.json,custom
43.060582,12.755047,osm_bar_l_incontro_43.0606_12.7550,Bar l'Incontro,bar_cafe,bar_cafe,https://raw.githubusercontent.com/pasqualelembo78/huntix-poi/main/italia/marche/sconosciuta/pages/bar_lincontro_43.0606_12.7550.json,custom
42.875725,12.043155,osm_dolce_e_salato_42.8757_12.0432,Dolce e Salato,bar_cafe,bar_cafe,https://raw.githubusercontent.com/pasqualelembo78/huntix-poi/main/italia/marche/sconosciuta/pages/dolce_e_salato_42.8757_12.0432.json,custom
42.743055,12.072973,osm_stop_e_go_42.7431_12.0730,Stop e Go,bar_cafe,bar_cafe,https://raw.githubusercontent.com/pasqualelembo78/huntix-poi/main/italia/marche/sconosciuta/pages/stop_e_go_42.7431_12.0730.json,custom
43.549728,12.173905,osm_le_piscine_43.5497_12.1739,Le Piscine,bar_cafe,bar_cafe,https://raw.githubusercontent.com/pasqualelembo78/huntix-poi/main/italia/marche/sconosciuta/pages/le_piscine_43.5497_12.1739.json,custom
42.755106,13.965975,osm_hera_hora_42.7551_13.9660,Hera Hora,bar_cafe,bar_cafe,https://raw.githubusercontent.com/pasqualelembo78/huntix-poi/main/italia/marche/sconosciuta/pages/hera_hora_42.7551_13.9660.json,custom
42.753341,13.966420,osm_las_vegas_42.7533_13.9664,Las Vegas,bar_cafe,bar_cafe,https://raw.githubusercontent.com/pasqualelembo78/huntix-poi/main/italia/marche/sconosciuta/pages/las_vegas_42.7533_13.9664.json,custom
42.519244,14.113260,osm_bar_villa_serena_42.5192_14.1133,Bar Villa Serena,bar_cafe,bar_cafe,https://raw.githubusercontent.com/pasqualelembo78/huntix-poi/main/italia/marche/sconosciuta/pages/bar_villa_serena_42.5192_14.1133.json,custom
42.745127,13.963472,osm_planet_bar_42.7451_13.9635,Planet Bar,bar_cafe,bar_cafe,https://raw.githubusercontent.com/pasqualelembo78/huntix-poi/main/italia/marche/sconosciuta/pages/planet_bar_42.7451_13.9635.json,custom
43.428828,13.662180,osm_il_volo_43.4288_13.6622,Il Volo,bar_cafe,bar_cafe,https://raw.githubusercontent.com/pasqualelembo78/huntix-poi/main/italia/marche/sconosciuta/pages/il_volo_43.4288_13.6622.json,custom
43.273900,13.593063,osm_bar_montemarani_43.2739_13.5931,Bar Montemarani,bar_cafe,bar_cafe,https://raw.githubusercontent.com/pasqualelembo78/huntix-poi/main/italia/marche/sconosciuta/pages/bar_montemarani_43.2739_13.5931.json,custom
43.273871,13.592099,osm_bar_pasticceria_essenza_43.2739_13.5921,Bar Pasticceria Essenza,bar_cafe,bar_cafe,https://raw.githubusercontent.com/pasqualelembo78/huntix-poi/main/italia/marche/sconosciuta/pages/bar_pasticceria_essenza_43.2739_13.5921.json,custom
42.600489,14.075603,osm_marco_s_beach_42.6005_14.0756,Marco's Beach,bar_cafe,bar_cafe,https://raw.githubusercontent.com/pasqualelembo78/huntix-poi/main/italia/marche/sconosciuta/pages/marcos_beach_42.6005_14.0756.json,custom
43.991315,12.622551,osm_ch4_caf__43.9913_12.6226,CH4 Cafè,bar_cafe,bar_cafe,https://raw.githubusercontent.com/pasqualelembo78/huntix-poi/main/italia/marche/sconosciuta/pages/ch4_caf_43.9913_12.6226.json,custom
43.355207,12.815200,osm_scotini_43.3552_12.8152,Scotini,bar_cafe,bar_cafe,https://raw.githubusercontent.com/pasqualelembo78/huntix-poi/main/italia/marche/sconosciuta/pages/scotini_43.3552_12.8152.json,custom
43.908112,12.915071,osm_mini_bar_43.9081_12.9151,Mini Bar,bar_cafe,bar_cafe,https://raw.githubusercontent.com/pasqualelembo78/huntix-poi/main/italia/marche/sconosciuta/pages/mini_bar_43.9081_12.9151.json,custom
43.710007,13.223140,osm_bar_portone_43.7100_13.2231,Bar Portone,bar_cafe,bar_cafe,https://raw.githubusercontent.com/pasqualelembo78/huntix-poi/main/italia/marche/sconosciuta/pages/bar_portone_43.7100_13.2231.json,custom
43.710922,13.227545,osm_tr_s_bon_43.7109_13.2275,Très Bon,bar_cafe,bar_cafe,https://raw.githubusercontent.com/pasqualelembo78/huntix-poi/main/italia/marche/sconosciuta/pages/trs_bon_43.7109_13.2275.json,custom
43.901409,12.935632,osm_due_palme_main_beach_43.9014_12.9356,Due Palme Main Beach,bar_cafe,bar_cafe,https://raw.githubusercontent.com/pasqualelembo78/huntix-poi/main/italia/marche/sconosciuta/pages/due_palme_main_beach_43.9014_12.9356.json,custom
43.851190,13.011062,osm_my_way_43.8512_13.0111,My Way,bar_cafe,bar_cafe,https://raw.githubusercontent.com/pasqualelembo78/huntix-poi/main/italia/marche/sconosciuta/pages/my_way_43.8512_13.0111.json,custom
43.909498,12.913143,osm_caff__ducale_43.9095_12.9131,Caffè Ducale,bar_cafe,bar_cafe,https://raw.githubusercontent.com/pasqualelembo78/huntix-poi/main/italia/marche/sconosciuta/pages/caff_ducale_43.9095_12.9131.json,custom
43.303352,13.736766,osm_biblio_express_43.3034_13.7368,Biblio Express,bar_cafe,bar_cafe,https://raw.githubusercontent.com/pasqualelembo78/huntix-poi/main/italia/marche/sconosciuta/pages/biblio_express_43.3034_13.7368.json,custom
43.900468,12.919265,osm_dolce_elisir_43.9005_12.9193,Dolce Elisir,bar_cafe,bar_cafe,https://raw.githubusercontent.com/pasqualelembo78/huntix-poi/main/italia/marche/sconosciuta/pages/dolce_elisir_43.9005_12.9193.json,custom
43.068390,12.549588,osm_bar_italia_43.0684_12.5496,Bar Italia,bar_cafe,bar_cafe,https://raw.githubusercontent.com/pasqualelembo78/huntix-poi/main/italia/marche/sconosciuta/pages/bar_italia_43.0684_12.5496.json,custom
43.538227,12.055065,osm_boutique_del_cappuccino_43.5382_12.0551,Boutique del cappuccino,bar_cafe,bar_cafe,https://raw.githubusercontent.com/pasqualelembo78/huntix-poi/main/italia/marche/sconosciuta/pages/boutique_del_cappuccino_43.5382_12.0551.json,custom
43.936071,12.446717,osm_caff__del_titano_43.9361_12.4467,Caffè del Titano,bar_cafe,bar_cafe,https://raw.githubusercontent.com/pasqualelembo78/huntix-poi/main/italia/marche/sconosciuta/pages/caff_del_titano_43.9361_12.4467.json,custom
42.899288,13.854677,osm_garden_bar_42.8993_13.8547,Garden bar,bar_cafe,bar_cafe,https://raw.githubusercontent.com/pasqualelembo78/huntix-poi/main/italia/marche/sconosciuta/pages/garden_bar_42.8993_13.8547.json,custom
42.712319,12.105552,osm_snack_bar_dell__arcone_42.7123_12.1056,Snack bar dell' Arcone,bar_cafe,bar_cafe,https://raw.githubusercontent.com/pasqualelembo78/huntix-poi/main/italia/marche/sconosciuta/pages/snack_bar_dell_arcone_42.7123_12.1056.json,custom
42.552181,14.119044,osm_mir__american_bar_42.5522_14.1190,Mirò american bar,bar_cafe,bar_cafe,https://raw.githubusercontent.com/pasqualelembo78/huntix-poi/main/italia/marche/sconosciuta/pages/mir_american_bar_42.5522_14.1190.json,custom
43.626962,12.680679,osm_la_piazzetta_del_coffee_43.6270_12.6807,La Piazzetta Del Coffee,bar_cafe,bar_cafe,https://raw.githubusercontent.com/pasqualelembo78/huntix-poi/main/italia/marche/sconosciuta/pages/la_piazzetta_del_coffee_43.6270_12.6807.json,custom
43.991822,12.605822,osm_top_ten_43.9918_12.6058,Top Ten,bar_cafe,bar_cafe,https://raw.githubusercontent.com/pasqualelembo78/huntix-poi/main/italia/marche/sconosciuta/pages/top_ten_43.9918_12.6058.json,custom
43.087800,12.450049,osm_contesto_43.0878_12.4500,Contesto,bar_cafe,bar_cafe,https://raw.githubusercontent.com/pasqualelembo78/huntix-poi/main/italia/marche/sconosciuta/pages/contesto_43.0878_12.4500.json,custom
42.519380,14.158066,osm_alik__coffee___drink_42.5194_14.1581,Alikè Coffee & Drink,bar_cafe,bar_cafe,https://raw.githubusercontent.com/pasqualelembo78/huntix-poi/main/italia/marche/sconosciuta/pages/alik_coffee_drink_42.5194_14.1581.json,custom
42.625649,12.229851,osm_autogrill_42.6256_12.2299,Autogrill,bar_cafe,bar_cafe,https://raw.githubusercontent.com/pasqualelembo78/huntix-poi/main/italia/marche/sconosciuta/pages/autogrill_42.6256_12.2299.json,custom
43.687132,12.840268,osm_enicaf__43.6871_12.8403,EniCafè,bar_cafe,bar_cafe,https://raw.githubusercontent.com/pasqualelembo78/huntix-poi/main/italia/marche/sconosciuta/pages/enicaf_43.6871_12.8403.json,custom
43.921088,12.909180,osm_el_chiringuito_43.9211_12.9092,El Chiringuito,bar_cafe,bar_cafe,https://raw.githubusercontent.com/pasqualelembo78/huntix-poi/main/italia/marche/sconosciuta/pages/el_chiringuito_43.9211_12.9092.json,custom
43.241674,13.772235,osm_frullalla_43.2417_13.7722,Frullalla,bar_cafe,bar_cafe,https://raw.githubusercontent.com/pasqualelembo78/huntix-poi/main/italia/marche/sconosciuta/pages/frullalla_43.2417_13.7722.json,custom
43.237575,13.772565,osm_blasco_43.2376_13.7726,Blasco,bar_cafe,bar_cafe,https://raw.githubusercontent.com/pasqualelembo78/huntix-poi/main/italia/marche/sconosciuta/pages/blasco_43.2376_13.7726.json,custom
43.251438,13.766266,osm_saxa_43.2514_13.7663,Saxa,bar_cafe,bar_cafe,https://raw.githubusercontent.com/pasqualelembo78/huntix-poi/main/italia/marche/sconosciuta/pages/saxa_43.2514_13.7663.json,custom
43.255896,13.763319,osm_chalet_tropical_43.2559_13.7633,Chalet Tropical,bar_cafe,bar_cafe,https://raw.githubusercontent.com/pasqualelembo78/huntix-poi/main/italia/marche/sconosciuta/pages/chalet_tropical_43.2559_13.7633.json,custom
43.261698,13.758844,osm_le_cateau_43.2617_13.7588,Le Cateau,bar_cafe,bar_cafe,https://raw.githubusercontent.com/pasqualelembo78/huntix-poi/main/italia/marche/sconosciuta/pages/le_cateau_43.2617_13.7588.json,custom
43.242165,13.770622,osm_edo_s_43.2422_13.7706,Edo‘s,bar_cafe,bar_cafe,https://raw.githubusercontent.com/pasqualelembo78/huntix-poi/main/italia/marche/sconosciuta/pages/edos_43.2422_13.7706.json,custom
43.228533,13.779161,osm_genitus_43.2285_13.7792,Genitus,bar_cafe,bar_cafe,https://raw.githubusercontent.com/pasqualelembo78/huntix-poi/main/italia/marche/sconosciuta/pages/genitus_43.2285_13.7792.json,custom
43.205818,13.787499,osm_riviera_43.2058_13.7875,Riviera,bar_cafe,bar_cafe,https://raw.githubusercontent.com/pasqualelembo78/huntix-poi/main/italia/marche/sconosciuta/pages/riviera_43.2058_13.7875.json,custom
43.183054,12.137476,osm_da_armando_43.1831_12.1375,Da Armando,bar_cafe,bar_cafe,https://raw.githubusercontent.com/pasqualelembo78/huntix-poi/main/italia/marche/sconosciuta/pages/da_armando_43.1831_12.1375.json,custom
43.724318,13.207801,osm_da_frank_solo_nei_migliori_bar_43.7243_13.2078,Da Frank solo nei migliori bar,bar_cafe,bar_cafe,https://raw.githubusercontent.com/pasqualelembo78/huntix-poi/main/italia/marche/sconosciuta/pages/da_frank_solo_nei_migliori_bar_43.7243_13.2078.json,custom
42.954395,12.704181,osm_beddini_42.9544_12.7042,Beddini,bar_cafe,bar_cafe,https://raw.githubusercontent.com/pasqualelembo78/huntix-poi/main/italia/marche/sconosciuta/pages/beddini_42.9544_12.7042.json,custom
43.905853,12.906792,osm_bar_autocorriere_43.9059_12.9068,Bar Autocorriere,bar_cafe,bar_cafe,https://raw.githubusercontent.com/pasqualelembo78/huntix-poi/main/italia/marche/sconosciuta/pages/bar_autocorriere_43.9059_12.9068.json,custom
42.752819,13.663744,osm_non_solo_caf__42.7528_13.6637,Non solo Cafè,bar_cafe,bar_cafe,https://raw.githubusercontent.com/pasqualelembo78/huntix-poi/main/italia/marche/sconosciuta/pages/non_solo_caf_42.7528_13.6637.json,custom
43.647387,12.336598,osm_la_vinofficina_43.6474_12.3366,La Vinofficina,bar_cafe,bar_cafe,https://raw.githubusercontent.com/pasqualelembo78/huntix-poi/main/italia/marche/sconosciuta/pages/la_vinofficina_43.6474_12.3366.json,custom
43.646851,12.336638,osm_bar_pasticceria_pieve_d_ico_43.6469_12.3366,Bar Pasticceria Pieve d'Ico,bar_cafe,bar_cafe,https://raw.githubusercontent.com/pasqualelembo78/huntix-poi/main/italia/marche/sconosciuta/pages/bar_pasticceria_pieve_dico_43.6469_12.3366.json,custom
43.646134,12.335079,osm_mood_43.6461_12.3351,Mood,bar_cafe,bar_cafe,https://raw.githubusercontent.com/pasqualelembo78/huntix-poi/main/italia/marche/sconosciuta/pages/mood_43.6461_12.3351.json,custom
42.586408,13.959007,osm_tenute_ducali_42.5864_13.9590,Tenute Ducali,bar_cafe,bar_cafe,https://raw.githubusercontent.com/pasqualelembo78/huntix-poi/main/italia/marche/sconosciuta/pages/tenute_ducali_42.5864_13.9590.json,custom
42.982655,12.419385,osm_circolo_ricreativo_deruta_42.9827_12.4194,Circolo Ricreativo Deruta,bar_cafe,bar_cafe,https://raw.githubusercontent.com/pasqualelembo78/huntix-poi/main/italia/marche/sconosciuta/pages/circolo_ricreativo_deruta_42.9827_12.4194.json,custom
43.096383,12.382100,osm_bar_quintana_43.0964_12.3821,Bar Quintana,bar_cafe,bar_cafe,https://raw.githubusercontent.com/pasqualelembo78/huntix-poi/main/italia/marche/sconosciuta/pages/bar_quintana_43.0964_12.3821.json,custom
42.741155,12.736394,osm_caff__dei_tigli_42.7412_12.7364,Caffè dei Tigli,bar_cafe,bar_cafe,https://raw.githubusercontent.com/pasqualelembo78/huntix-poi/main/italia/marche/sconosciuta/pages/caff_dei_tigli_42.7412_12.7364.json,custom
42.677929,14.015477,osm_little_free_library_42.6779_14.0155,Little Free Library,bar_cafe,bar_cafe,https://raw.githubusercontent.com/pasqualelembo78/huntix-poi/main/italia/marche/sconosciuta/pages/little_free_library_42.6779_14.0155.json,custom
42.725935,12.540487,osm_bar_stazione_42.7259_12.5405,Bar Stazione,bar_cafe,bar_cafe,https://raw.githubusercontent.com/pasqualelembo78/huntix-poi/main/italia/marche/sconosciuta/pages/bar_stazione_42.7259_12.5405.json,custom
42.669075,14.021192,osm_little_free_library_42.6691_14.0212,Little Free Library,bar_cafe,bar_cafe,https://raw.githubusercontent.com/pasqualelembo78/huntix-poi/main/italia/marche/sconosciuta/pages/little_free_library_42.6691_14.0212.json,custom
43.697382,13.056886,osm_la_svolta_43.6974_13.0569,La svolta,bar_cafe,bar_cafe,https://raw.githubusercontent.com/pasqualelembo78/huntix-poi/main/italia/marche/sconosciuta/pages/la_svolta_43.6974_13.0569.json,custom
43.698710,13.062066,osm_nagr__43.6987_13.0621,Nagrè,bar_cafe,bar_cafe,https://raw.githubusercontent.com/pasqualelembo78/huntix-poi/main/italia/marche/sconosciuta/pages/nagr_43.6987_13.0621.json,custom
42.537119,12.031549,osm_giusti_pasticceria_42.5371_12.0315,Giusti Pasticceria,bar_cafe,bar_cafe,https://raw.githubusercontent.com/pasqualelembo78/huntix-poi/main/italia/marche/sconosciuta/pages/giusti_pasticceria_42.5371_12.0315.json,custom
43.104239,12.393096,osm_little_sicily_43.1042_12.3931,Little Sicily,bar_cafe,bar_cafe,https://raw.githubusercontent.com/pasqualelembo78/huntix-poi/main/italia/marche/sconosciuta/pages/little_sicily_43.1042_12.3931.json,custom
43.671164,12.521606,osm_la_bottega_dello_star_bene_43.6712_12.5216,La Bottega dello star bene,bar_cafe,bar_cafe,https://raw.githubusercontent.com/pasqualelembo78/huntix-poi/main/italia/marche/sconosciuta/pages/la_bottega_dello_star_bene_43.6712_12.5216.json,custom
43.440465,13.607170,osm_sandro_s_2000_family_bar_43.4405_13.6072,Sandro's 2000 family bar,bar_cafe,bar_cafe,https://raw.githubusercontent.com/pasqualelembo78/huntix-poi/main/italia/marche/sconosciuta/pages/sandros_2000_family_bar_43.4405_13.6072.json,custom
43.300534,13.453005,osm_mercurio_43.3005_13.4530,Mercurio,bar_cafe,bar_cafe,https://raw.githubusercontent.com/pasqualelembo78/huntix-poi/main/italia/marche/sconosciuta/pages/mercurio_43.3005_13.4530.json,custom
43.725690,12.637676,osm_bosom_43.7257_12.6377,Bosom,bar_cafe,bar_cafe,https://raw.githubusercontent.com/pasqualelembo78/huntix-poi/main/italia/marche/sconosciuta/pages/bosom_43.7257_12.6377.json,custom
43.726099,12.635353,osm_underground_43.7261_12.6354,underground,bar_cafe,bar_cafe,https://raw.githubusercontent.com/pasqualelembo78/huntix-poi/main/italia/marche/sconosciuta/pages/underground_43.7261_12.6354.json,custom
43.726036,12.636323,osm_segafredo_43.7260_12.6363,Segafredo,bar_cafe,bar_cafe,https://raw.githubusercontent.com/pasqualelembo78/huntix-poi/main/italia/marche/sconosciuta/pages/segafredo_43.7260_12.6363.json,custom
43.764065,13.149016,osm_summer_beach_caf__43.7641_13.1490,Summer Beach Café,bar_cafe,bar_cafe,https://raw.githubusercontent.com/pasqualelembo78/huntix-poi/main/italia/marche/sconosciuta/pages/summer_beach_caf_43.7641_13.1490.json,custom
43.911103,12.911549,osm_iris_caf__43.9111_12.9115,Iris Cafè,bar_cafe,bar_cafe,https://raw.githubusercontent.com/pasqualelembo78/huntix-poi/main/italia/marche/sconosciuta/pages/iris_caf_43.9111_12.9115.json,custom
43.907833,12.910074,osm_caprice_43.9078_12.9101,Caprice,bar_cafe,bar_cafe,https://raw.githubusercontent.com/pasqualelembo78/huntix-poi/main/italia/marche/sconosciuta/pages/caprice_43.9078_12.9101.json,custom
43.907789,12.909400,osm_mhuu_43.9078_12.9094,Mhuu,bar_cafe,bar_cafe,https://raw.githubusercontent.com/pasqualelembo78/huntix-poi/main/italia/marche/sconosciuta/pages/mhuu_43.9078_12.9094.json,custom
43.907575,12.909676,osm_101_caf__43.9076_12.9097,101 Café,bar_cafe,bar_cafe,https://raw.githubusercontent.com/pasqualelembo78/huntix-poi/main/italia/marche/sconosciuta/pages/101_caf_43.9076_12.9097.json,custom
43.074102,12.607227,osm_san_francesco_43.0741_12.6072,San Francesco,bar_cafe,bar_cafe,https://raw.githubusercontent.com/pasqualelembo78/huntix-poi/main/italia/marche/sconosciuta/pages/san_francesco_43.0741_12.6072.json,custom
43.073527,13.847726,osm_lido_oltremare_43.0735_13.8477,Lido Oltremare,bar_cafe,bar_cafe,https://raw.githubusercontent.com/pasqualelembo78/huntix-poi/main/italia/marche/sconosciuta/pages/lido_oltremare_43.0735_13.8477.json,custom
43.450960,12.237067,osm_la_dolce_vita_43.4510_12.2371,La dolce vita,bar_cafe,bar_cafe,https://raw.githubusercontent.com/pasqualelembo78/huntix-poi/main/italia/marche/sconosciuta/pages/la_dolce_vita_43.4510_12.2371.json,custom
43.081531,12.426230,osm_circolo_arci_balanzano_43.0815_12.4262,Circolo ARCI Balanzano,bar_cafe,bar_cafe,https://raw.githubusercontent.com/pasqualelembo78/huntix-poi/main/italia/marche/sconosciuta/pages/circolo_arci_balanzano_43.0815_12.4262.json,custom
42.648370,14.039222,osm_bar_mare___monti_42.6484_14.0392,Bar Mare & Monti,bar_cafe,bar_cafe,https://raw.githubusercontent.com/pasqualelembo78/huntix-poi/main/italia/marche/sconosciuta/pages/bar_mare_monti_42.6484_14.0392.json,custom
42.649043,14.040901,osm_beach_club_42.6490_14.0409,Beach-Club,bar_cafe,bar_cafe,https://raw.githubusercontent.com/pasqualelembo78/huntix-poi/main/italia/marche/sconosciuta/pages/beach-club_42.6490_14.0409.json,custom
42.564199,12.646631,osm_laleo_42.5642_12.6466,Laleo,bar_cafe,bar_cafe,https://raw.githubusercontent.com/pasqualelembo78/huntix-poi/main/italia/marche/sconosciuta/pages/laleo_42.5642_12.6466.json,custom
42.563892,12.647452,osm_villaglori_42.5639_12.6475,Villaglori,bar_cafe,bar_cafe,https://raw.githubusercontent.com/pasqualelembo78/huntix-poi/main/italia/marche/sconosciuta/pages/villaglori_42.5639_12.6475.json,custom
42.565036,12.648616,osm_tacito_42.5650_12.6486,Tacito,bar_cafe,bar_cafe,https://raw.githubusercontent.com/pasqualelembo78/huntix-poi/main/italia/marche/sconosciuta/pages/tacito_42.5650_12.6486.json,custom
42.564263,12.646854,osm_lilliput_pub_42.5643_12.6469,Lilliput Pub,bar_cafe,bar_cafe,https://raw.githubusercontent.com/pasqualelembo78/huntix-poi/main/italia/marche/sconosciuta/pages/lilliput_pub_42.5643_12.6469.json,custom
42.567839,12.649915,osm_maceo_42.5678_12.6499,Maceo,bar_cafe,bar_cafe,https://raw.githubusercontent.com/pasqualelembo78/huntix-poi/main/italia/marche/sconosciuta/pages/maceo_42.5678_12.6499.json,custom
42.567014,12.649244,osm_vibe_42.5670_12.6492,Vibe,bar_cafe,bar_cafe,https://raw.githubusercontent.com/pasqualelembo78/huntix-poi/main/italia/marche/sconosciuta/pages/vibe_42.5670_12.6492.json,custom
42.563737,12.647884,osm_valentina_42.5637_12.6479,Valentina,bar_cafe,bar_cafe,https://raw.githubusercontent.com/pasqualelembo78/huntix-poi/main/italia/marche/sconosciuta/pages/valentina_42.5637_12.6479.json,custom
42.565225,12.648587,osm_nuovo_caff__clapier_42.5652_12.6486,Nuovo Caffè Clapier,bar_cafe,bar_cafe,https://raw.githubusercontent.com/pasqualelembo78/huntix-poi/main/italia/marche/sconosciuta/pages/nuovo_caff_clapier_42.5652_12.6486.json,custom
42.564136,12.646956,osm_giggi_42.5641_12.6470,Giggi,bar_cafe,bar_cafe,https://raw.githubusercontent.com/pasqualelembo78/huntix-poi/main/italia/marche/sconosciuta/pages/giggi_42.5641_12.6470.json,custom
42.564369,12.646184,osm_il_localino_42.5644_12.6462,Il localino,bar_cafe,bar_cafe,https://raw.githubusercontent.com/pasqualelembo78/huntix-poi/main/italia/marche/sconosciuta/pages/il_localino_42.5644_12.6462.json,custom
42.564273,12.646486,osm_d_j__vu_42.5643_12.6465,Déjà vu,bar_cafe,bar_cafe,https://raw.githubusercontent.com/pasqualelembo78/huntix-poi/main/italia/marche/sconosciuta/pages/dj_vu_42.5643_12.6465.json,custom
42.564996,12.644032,osm_pane_e_ramozzi_42.5650_12.6440,Pane e Ramozzi,bar_cafe,bar_cafe,https://raw.githubusercontent.com/pasqualelembo78/huntix-poi/main/italia/marche/sconosciuta/pages/pane_e_ramozzi_42.5650_12.6440.json,custom
42.563921,12.642757,osm_caff__divino_42.5639_12.6428,Caffè divino,bar_cafe,bar_cafe,https://raw.githubusercontent.com/pasqualelembo78/huntix-poi/main/italia/marche/sconosciuta/pages/caff_divino_42.5639_12.6428.json,custom
42.564771,12.651528,osm_caruso_42.5648_12.6515,Caruso,bar_cafe,bar_cafe,https://raw.githubusercontent.com/pasqualelembo78/huntix-poi/main/italia/marche/sconosciuta/pages/caruso_42.5648_12.6515.json,custom
42.560015,12.646951,osm_milardi_42.5600_12.6470,Milardi,bar_cafe,bar_cafe,https://raw.githubusercontent.com/pasqualelembo78/huntix-poi/main/italia/marche/sconosciuta/pages/milardi_42.5600_12.6470.json,custom
42.564403,12.651633,osm_grease_caf__42.5644_12.6516,Grease Cafè,bar_cafe,bar_cafe,https://raw.githubusercontent.com/pasqualelembo78/huntix-poi/main/italia/marche/sconosciuta/pages/grease_caf_42.5644_12.6516.json,custom
42.558870,12.650607,osm_gusto_42.5589_12.6506,Gusto,bar_cafe,bar_cafe,https://raw.githubusercontent.com/pasqualelembo78/huntix-poi/main/italia/marche/sconosciuta/pages/gusto_42.5589_12.6506.json,custom
42.562683,12.649380,osm_beccaria_42.5627_12.6494,Beccaria,bar_cafe,bar_cafe,https://raw.githubusercontent.com/pasqualelembo78/huntix-poi/main/italia/marche/sconosciuta/pages/beccaria_42.5627_12.6494.json,custom
42.560465,12.648929,osm_caff__garibaldi_42.5605_12.6489,Caffè Garibaldi,bar_cafe,bar_cafe,https://raw.githubusercontent.com/pasqualelembo78/huntix-poi/main/italia/marche/sconosciuta/pages/caff_garibaldi_42.5605_12.6489.json,custom
42.563754,12.642648,osm_tropical_bar_42.5638_12.6426,Tropical bar,bar_cafe,bar_cafe,https://raw.githubusercontent.com/pasqualelembo78/huntix-poi/main/italia/marche/sconosciuta/pages/tropical_bar_42.5638_12.6426.json,custom
42.565190,12.652492,osm_cibus_42.5652_12.6525,Cibus,bar_cafe,bar_cafe,https://raw.githubusercontent.com/pasqualelembo78/huntix-poi/main/italia/marche/sconosciuta/pages/cibus_42.5652_12.6525.json,custom
42.566451,12.647907,osm_le_bistro__42.5665_12.6479,Le bistro',bar_cafe,bar_cafe,https://raw.githubusercontent.com/pasqualelembo78/huntix-poi/main/italia/marche/sconosciuta/pages/le_bistro_42.5665_12.6479.json,custom
42.558687,12.645668,osm_valentino_42.5587_12.6457,Valentino,bar_cafe,bar_cafe,https://raw.githubusercontent.com/pasqualelembo78/huntix-poi/main/italia/marche/sconosciuta/pages/valentino_42.5587_12.6457.json,custom
42.564114,12.646793,osm_rolando_cafe__42.5641_12.6468,Rolando Cafe',bar_cafe,bar_cafe,https://raw.githubusercontent.com/pasqualelembo78/huntix-poi/main/italia/marche/sconosciuta/pages/rolando_cafe_42.5641_12.6468.json,custom
42.564984,12.649503,osm_jolly_caff__42.5650_12.6495,Jolly Caffè,bar_cafe,bar_cafe,https://raw.githubusercontent.com/pasqualelembo78/huntix-poi/main/italia/marche/sconosciuta/pages/jolly_caff_42.5650_12.6495.json,custom
43.986483,12.647229,osm_caffe__pascucci_43.9865_12.6472,Caffe' Pascucci,bar_cafe,bar_cafe,https://raw.githubusercontent.com/pasqualelembo78/huntix-poi/main/italia/marche/sconosciuta/pages/caffe_pascucci_43.9865_12.6472.json,custom
43.964274,12.765028,osm_bar_sport_da_franco_43.9643_12.7650,Bar Sport da Franco,bar_cafe,bar_cafe,https://raw.githubusercontent.com/pasqualelembo78/huntix-poi/main/italia/marche/sconosciuta/pages/bar_sport_da_franco_43.9643_12.7650.json,custom
43.718255,12.221370,osm_bar_tabacchi_43.7183_12.2214,Bar tabacchi,bar_cafe,bar_cafe,https://raw.githubusercontent.com/pasqualelembo78/huntix-poi/main/italia/marche/sconosciuta/pages/bar_tabacchi_43.7183_12.2214.json,custom
43.712749,12.200106,osm_bar_alimentari_43.7127_12.2001,Bar alimentari,bar_cafe,bar_cafe,https://raw.githubusercontent.com/pasqualelembo78/huntix-poi/main/italia/marche/sconosciuta/pages/bar_alimentari_43.7127_12.2001.json,custom
42.602534,14.068426,osm_area_21_42.6025_14.0684,Area 21,bar_cafe,bar_cafe,https://raw.githubusercontent.com/pasqualelembo78/huntix-poi/main/italia/marche/sconosciuta/pages/area_21_42.6025_14.0684.json,custom
43.813863,12.985974,osm_ch4_bar_43.8139_12.9860,CH4 Bar,bar_cafe,bar_cafe,https://raw.githubusercontent.com/pasqualelembo78/huntix-poi/main/italia/marche/sconosciuta/pages/ch4_bar_43.8139_12.9860.json,custom
42.828793,13.214371,osm_osteria_del_vettore_42.8288_13.2144,Osteria del Vettore,bar_cafe,bar_cafe,https://raw.githubusercontent.com/pasqualelembo78/huntix-poi/main/italia/marche/sconosciuta/pages/osteria_del_vettore_42.8288_13.2144.json,custom
43.934300,12.436550,osm_bar_del_posto_43.9343_12.4365,Bar del Posto,bar_cafe,bar_cafe,https://raw.githubusercontent.com/pasqualelembo78/huntix-poi/main/italia/marche/sconosciuta/pages/bar_del_posto_43.9343_12.4365.json,custom
43.942807,12.822753,osm_snack_bar_claudia_43.9428_12.8228,Snack Bar Claudia,bar_cafe,bar_cafe,https://raw.githubusercontent.com/pasqualelembo78/huntix-poi/main/italia/marche/sconosciuta/pages/snack_bar_claudia_43.9428_12.8228.json,custom
42.627471,12.113293,osm_bar_la_piazzetta_42.6275_12.1133,Bar La Piazzetta,bar_cafe,bar_cafe,https://raw.githubusercontent.com/pasqualelembo78/huntix-poi/main/italia/marche/sconosciuta/pages/bar_la_piazzetta_42.6275_12.1133.json,custom
42.627584,12.113851,osm_wine_bar_42.6276_12.1139,Wine bar,bar_cafe,bar_cafe,https://raw.githubusercontent.com/pasqualelembo78/huntix-poi/main/italia/marche/sconosciuta/pages/wine_bar_42.6276_12.1139.json,custom
42.739891,12.739397,osm_tuzi_42.7399_12.7394,Tuzi,bar_cafe,bar_cafe,https://raw.githubusercontent.com/pasqualelembo78/huntix-poi/main/italia/marche/sconosciuta/pages/tuzi_42.7399_12.7394.json,custom
43.255461,13.741545,osm_memo_43.2555_13.7415,Memo,bar_cafe,bar_cafe,https://raw.githubusercontent.com/pasqualelembo78/huntix-poi/main/italia/marche/sconosciuta/pages/memo_43.2555_13.7415.json,custom
43.724006,12.408859,osm_the_alley_lounge_caf__43.7240_12.4089,The Alley Lounge Cafè,bar_cafe,bar_cafe,https://raw.githubusercontent.com/pasqualelembo78/huntix-poi/main/italia/marche/sconosciuta/pages/the_alley_lounge_caf_43.7240_12.4089.json,custom
43.724575,12.414315,osm_piazza_caff__43.7246_12.4143,Piazza Caffè,bar_cafe,bar_cafe,https://raw.githubusercontent.com/pasqualelembo78/huntix-poi/main/italia/marche/sconosciuta/pages/piazza_caff_43.7246_12.4143.json,custom
43.998788,12.430787,osm_little_free_library_43.9988_12.4308,Little Free Library,bar_cafe,bar_cafe,https://raw.githubusercontent.com/pasqualelembo78/huntix-poi/main/italia/marche/sconosciuta/pages/little_free_library_43.9988_12.4308.json,custom
43.594227,13.510600,osm_bar_palaindoor_43.5942_13.5106,Bar Palaindoor,bar_cafe,bar_cafe,https://raw.githubusercontent.com/pasqualelembo78/huntix-poi/main/italia/marche/sconosciuta/pages/bar_palaindoor_43.5942_13.5106.json,custom
43.945071,12.668333,osm_ora_43.9451_12.6683,Ora,bar_cafe,bar_cafe,https://raw.githubusercontent.com/pasqualelembo78/huntix-poi/main/italia/marche/sconosciuta/pages/ora_43.9451_12.6683.json,custom
42.983092,12.775132,osm_birrificio_fratelli_perugini_42.9831_12.7751,Birrificio fratelli Perugini,bar_cafe,bar_cafe,https://raw.githubusercontent.com/pasqualelembo78/huntix-poi/main/italia/marche/sconosciuta/pages/birrificio_fratelli_perugini_42.9831_12.7751.json,custom
43.100113,12.389581,osm_bimbobar_43.1001_12.3896,Bimbobar,bar_cafe,bar_cafe,https://raw.githubusercontent.com/pasqualelembo78/huntix-poi/main/italia/marche/sconosciuta/pages/bimbobar_43.1001_12.3896.json,custom
43.960304,12.654966,osm_bar_chicca_43.9603_12.6550,Bar Chicca,bar_cafe,bar_cafe,https://raw.githubusercontent.com/pasqualelembo78/huntix-poi/main/italia/marche/sconosciuta/pages/bar_chicca_43.9603_12.6550.json,custom
43.101520,12.380095,osm_caff__vulcano_43.1015_12.3801,Caffè Vulcano,bar_cafe,bar_cafe,https://raw.githubusercontent.com/pasqualelembo78/huntix-poi/main/italia/marche/sconosciuta/pages/caff_vulcano_43.1015_12.3801.json,custom
43.223310,12.325553,osm_la_botteghina_43.2233_12.3256,La Botteghina,bar_cafe,bar_cafe,https://raw.githubusercontent.com/pasqualelembo78/huntix-poi/main/italia/marche/sconosciuta/pages/la_botteghina_43.2233_12.3256.json,custom
42.502662,13.660627,osm_bar_kiwi_42.5027_13.6606,Bar Kiwi,bar_cafe,bar_cafe,https://raw.githubusercontent.com/pasqualelembo78/huntix-poi/main/italia/marche/sconosciuta/pages/bar_kiwi_42.5027_13.6606.json,custom
42.504685,13.658655,osm_bar_pizzeria_da_marino_42.5047_13.6587,Bar Pizzeria da Marino,bar_cafe,bar_cafe,https://raw.githubusercontent.com/pasqualelembo78/huntix-poi/main/italia/marche/sconosciuta/pages/bar_pizzeria_da_marino_42.5047_13.6587.json,custom
43.280073,12.673291,osm_il_luppolo___drink___burger_43.2801_12.6733,Il Luppolo - Drink & Burger,bar_cafe,bar_cafe,https://raw.githubusercontent.com/pasqualelembo78/huntix-poi/main/italia/marche/sconosciuta/pages/il_luppolo_-_drink_burger_43.2801_12.6733.json,custom
43.570591,12.134958,osm_tiffany_43.5706_12.1350,Tiffany,bar_cafe,bar_cafe,https://raw.githubusercontent.com/pasqualelembo78/huntix-poi/main/italia/marche/sconosciuta/pages/tiffany_43.5706_12.1350.json,custom
43.592157,13.499275,osm_techmed_43.5922_13.4993,Techmed,bar_cafe,bar_cafe,https://raw.githubusercontent.com/pasqualelembo78/huntix-poi/main/italia/marche/sconosciuta/pages/techmed_43.5922_13.4993.json,custom
42.624654,12.296002,osm_v_bar_42.6247_12.2960,V Bar,bar_cafe,bar_cafe,https://raw.githubusercontent.com/pasqualelembo78/huntix-poi/main/italia/marche/sconosciuta/pages/v_bar_42.6247_12.2960.json,custom
42.570054,13.717750,osm_caff__diem_42.5701_13.7178,Caffé Diem,bar_cafe,bar_cafe,https://raw.githubusercontent.com/pasqualelembo78/huntix-poi/main/italia/marche/sconosciuta/pages/caff_diem_42.5701_13.7178.json,custom
43.400441,12.669810,osm_la_rosa_dei_venti_43.4004_12.6698,La Rosa dei Venti,bar_cafe,bar_cafe,https://raw.githubusercontent.com/pasqualelembo78/huntix-poi/main/italia/marche/sconosciuta/pages/la_rosa_dei_venti_43.4004_12.6698.json,custom
42.789813,13.093752,osm_monkey_pub_42.7898_13.0938,Monkey Pub,bar_cafe,bar_cafe,https://raw.githubusercontent.com/pasqualelembo78/huntix-poi/main/italia/marche/sconosciuta/pages/monkey_pub_42.7898_13.0938.json,custom
42.658392,12.350528,osm_circolo_di_toscolano_42.6584_12.3505,Circolo di Toscolano,bar_cafe,bar_cafe,https://raw.githubusercontent.com/pasqualelembo78/huntix-poi/main/italia/marche/sconosciuta/pages/circolo_di_toscolano_42.6584_12.3505.json,custom
42.708788,12.343610,osm_circolo_morre_42.7088_12.3436,Circolo Morre,bar_cafe,bar_cafe,https://raw.githubusercontent.com/pasqualelembo78/huntix-poi/main/italia/marche/sconosciuta/pages/circolo_morre_42.7088_12.3436.json,custom
42.538645,13.674840,osm_la_bottega_del_pane_42.5386_13.6748,La Bottega del Pane,bar_cafe,bar_cafe,https://raw.githubusercontent.com/pasqualelembo78/huntix-poi/main/italia/marche/sconosciuta/pages/la_bottega_del_pane_42.5386_13.6748.json,custom
43.301096,13.448721,osm_mam____43.3011_13.4487,MaMò?!,bar_cafe,bar_cafe,https://raw.githubusercontent.com/pasqualelembo78/huntix-poi/main/italia/marche/sconosciuta/pages/mam_43.3011_13.4487.json,custom
43.297200,13.455857,osm_dolcecaff__panetteria_43.2972_13.4559,Dolcecaffè panetteria,bar_cafe,bar_cafe,https://raw.githubusercontent.com/pasqualelembo78/huntix-poi/main/italia/marche/sconosciuta/pages/dolcecaff_panetteria_43.2972_13.4559.json,custom
43.435266,13.663045,osm_eat_gallery_iazakaya_43.4353_13.6630,Eat gallery Iazakaya,bar_cafe,bar_cafe,https://raw.githubusercontent.com/pasqualelembo78/huntix-poi/main/italia/marche/sconosciuta/pages/eat_gallery_iazakaya_43.4353_13.6630.json,custom
43.597223,13.325581,osm_piab__43.5972_13.3256,Piabè,bar_cafe,bar_cafe,https://raw.githubusercontent.com/pasqualelembo78/huntix-poi/main/italia/marche/sconosciuta/pages/piab_43.5972_13.3256.json,custom
42.540463,12.033238,osm_bar_victoria_42.5405_12.0332,Bar Victoria,bar_cafe,bar_cafe,https://raw.githubusercontent.com/pasqualelembo78/huntix-poi/main/italia/marche/sconosciuta/pages/bar_victoria_42.5405_12.0332.json,custom
43.093148,12.357852,osm_caff__zero_43.0931_12.3579,Caffè Zero,bar_cafe,bar_cafe,https://raw.githubusercontent.com/pasqualelembo78/huntix-poi/main/italia/marche/sconosciuta/pages/caff_zero_43.0931_12.3579.json,custom
43.335186,12.899283,osm_spighi_43.3352_12.8993,Spighi,bar_cafe,bar_cafe,https://raw.githubusercontent.com/pasqualelembo78/huntix-poi/main/italia/marche/sconosciuta/pages/spighi_43.3352_12.8993.json,custom
43.053551,13.079184,osm_cassetta_book_crossing_43.0536_13.0792,Cassetta book crossing,bar_cafe,bar_cafe,https://raw.githubusercontent.com/pasqualelembo78/huntix-poi/main/italia/marche/sconosciuta/pages/cassetta_book_crossing_43.0536_13.0792.json,custom
42.956480,12.700088,osm_mai_dire_mai_42.9565_12.7001,Mai Dire Mai,bar_cafe,bar_cafe,https://raw.githubusercontent.com/pasqualelembo78/huntix-poi/main/italia/marche/sconosciuta/pages/mai_dire_mai_42.9565_12.7001.json,custom
43.146505,13.063970,osm_nirvana_43.1465_13.0640,Nirvana,bar_cafe,bar_cafe,https://raw.githubusercontent.com/pasqualelembo78/huntix-poi/main/italia/marche/sconosciuta/pages/nirvana_43.1465_13.0640.json,custom
43.208290,13.057101,osm_gelateria_carnevall_43.2083_13.0571,Gelateria Carnevall,bar_cafe,bar_cafe,https://raw.githubusercontent.com/pasqualelembo78/huntix-poi/main/italia/marche/sconosciuta/pages/gelateria_carnevall_43.2083_13.0571.json,custom
43.141565,13.811221,osm_le_logge_43.1416_13.8112,Le Logge,bar_cafe,bar_cafe,https://raw.githubusercontent.com/pasqualelembo78/huntix-poi/main/italia/marche/sconosciuta/pages/le_logge_43.1416_13.8112.json,custom
43.234134,13.191100,osm_le_bocce_43.2341_13.1911,Le bocce,bar_cafe,bar_cafe,https://raw.githubusercontent.com/pasqualelembo78/huntix-poi/main/italia/marche/sconosciuta/pages/le_bocce_43.2341_13.1911.json,custom
43.103674,12.536241,osm_pasticceria_edoardo_43.1037_12.5362,Pasticceria Edoardo,bar_cafe,bar_cafe,https://raw.githubusercontent.com/pasqualelembo78/huntix-poi/main/italia/marche/sconosciuta/pages/pasticceria_edoardo_43.1037_12.5362.json,custom
42.517861,12.516147,osm_caff__le_jene_42.5179_12.5161,Caffè Le Jene,bar_cafe,bar_cafe,https://raw.githubusercontent.com/pasqualelembo78/huntix-poi/main/italia/marche/sconosciuta/pages/caff_le_jene_42.5179_12.5161.json,custom
42.953618,12.700919,osm_speakeasy_42.9536_12.7009,Speakeasy,bar_cafe,bar_cafe,https://raw.githubusercontent.com/pasqualelembo78/huntix-poi/main/italia/marche/sconosciuta/pages/speakeasy_42.9536_12.7009.json,custom
42.791884,13.094588,osm_via_vai_caff__42.7919_13.0946,Via Vai Caffè,bar_cafe,bar_cafe,https://raw.githubusercontent.com/pasqualelembo78/huntix-poi/main/italia/marche/sconosciuta/pages/via_vai_caff_42.7919_13.0946.json,custom
43.115688,12.388138,osm_delicatessen_43.1157_12.3881,Delicatessen,bar_cafe,bar_cafe,https://raw.githubusercontent.com/pasqualelembo78/huntix-poi/main/italia/marche/sconosciuta/pages/delicatessen_43.1157_12.3881.json,custom
43.095081,12.502767,osm_bar_marcaccioli_43.0951_12.5028,Bar Marcaccioli,bar_cafe,bar_cafe,https://raw.githubusercontent.com/pasqualelembo78/huntix-poi/main/italia/marche/sconosciuta/pages/bar_marcaccioli_43.0951_12.5028.json,custom
43.094318,12.503200,osm_take_off_san_francisco_43.0943_12.5032,Take Off San Francisco,bar_cafe,bar_cafe,https://raw.githubusercontent.com/pasqualelembo78/huntix-poi/main/italia/marche/sconosciuta/pages/take_off_san_francisco_43.0943_12.5032.json,custom
43.094546,12.503305,osm_business_lounge_43.0945_12.5033,Business Lounge,bar_cafe,bar_cafe,https://raw.githubusercontent.com/pasqualelembo78/huntix-poi/main/italia/marche/sconosciuta/pages/business_lounge_43.0945_12.5033.json,custom
43.560629,12.101957,osm_shadow_bar_43.5606_12.1020,Shadow Bar,bar_cafe,bar_cafe,https://raw.githubusercontent.com/pasqualelembo78/huntix-poi/main/italia/marche/sconosciuta/pages/shadow_bar_43.5606_12.1020.json,custom
42.918333,13.606644,osm_kris_caf__42.9183_13.6066,Kris Cafè,bar_cafe,bar_cafe,https://raw.githubusercontent.com/pasqualelembo78/huntix-poi/main/italia/marche/sconosciuta/pages/kris_caf_42.9183_13.6066.json,custom
43.967110,12.755372,osm_44_caff__43.9671_12.7554,44 Caffè,bar_cafe,bar_cafe,https://raw.githubusercontent.com/pasqualelembo78/huntix-poi/main/italia/marche/sconosciuta/pages/44_caff_43.9671_12.7554.json,custom
42.952664,12.707327,osm_bel_bar_42.9527_12.7073,Bel Bar,bar_cafe,bar_cafe,https://raw.githubusercontent.com/pasqualelembo78/huntix-poi/main/italia/marche/sconosciuta/pages/bel_bar_42.9527_12.7073.json,custom
43.211621,13.675201,osm_bar_sesto_senso_43.2116_13.6752,Bar Sesto Senso,bar_cafe,bar_cafe,https://raw.githubusercontent.com/pasqualelembo78/huntix-poi/main/italia/marche/sconosciuta/pages/bar_sesto_senso_43.2116_13.6752.json,custom
42.954145,12.710889,osm_buffet_stazione_42.9541_12.7109,Buffet Stazione,bar_cafe,bar_cafe,https://raw.githubusercontent.com/pasqualelembo78/huntix-poi/main/italia/marche/sconosciuta/pages/buffet_stazione_42.9541_12.7109.json,custom
43.437153,13.643510,osm_km_325_43.4372_13.6435,Km 325,bar_cafe,bar_cafe,https://raw.githubusercontent.com/pasqualelembo78/huntix-poi/main/italia/marche/sconosciuta/pages/km_325_43.4372_13.6435.json,custom
43.978265,12.699234,osm_marconi_43.9783_12.6992,Marconi,bar_cafe,bar_cafe,https://raw.githubusercontent.com/pasqualelembo78/huntix-poi/main/italia/marche/sconosciuta/pages/marconi_43.9783_12.6992.json,custom
43.979050,12.701610,osm_bar_roxy_beach_43.9790_12.7016,Bar Roxy Beach,bar_cafe,bar_cafe,https://raw.githubusercontent.com/pasqualelembo78/huntix-poi/main/italia/marche/sconosciuta/pages/bar_roxy_beach_43.9790_12.7016.json,custom
43.977722,12.697324,osm_dado_43.9777_12.6973,Dado,bar_cafe,bar_cafe,https://raw.githubusercontent.com/pasqualelembo78/huntix-poi/main/italia/marche/sconosciuta/pages/dado_43.9777_12.6973.json,custom
43.978695,12.698478,osm_bar_centrale_43.9787_12.6985,Bar centrale,bar_cafe,bar_cafe,https://raw.githubusercontent.com/pasqualelembo78/huntix-poi/main/italia/marche/sconosciuta/pages/bar_centrale_43.9787_12.6985.json,custom
43.978810,12.700660,osm_dada_43.9788_12.7007,Dada,bar_cafe,bar_cafe,https://raw.githubusercontent.com/pasqualelembo78/huntix-poi/main/italia/marche/sconosciuta/pages/dada_43.9788_12.7007.json,custom
43.612704,13.499341,osm_snack_bar_43.6127_13.4993,Snack bar,bar_cafe,bar_cafe,https://raw.githubusercontent.com/pasqualelembo78/huntix-poi/main/italia/marche/sconosciuta/pages/snack_bar_43.6127_13.4993.json,custom
43.816469,13.073829,osm_boiani_beach_43.8165_13.0738,Boiani Beach,bar_cafe,bar_cafe,https://raw.githubusercontent.com/pasqualelembo78/huntix-poi/main/italia/marche/sconosciuta/pages/boiani_beach_43.8165_13.0738.json,custom
43.545134,12.652376,osm_bar_dello_sport_43.5451_12.6524,Bar dello Sport,bar_cafe,bar_cafe,https://raw.githubusercontent.com/pasqualelembo78/huntix-poi/main/italia/marche/sconosciuta/pages/bar_dello_sport_43.5451_12.6524.json,custom
43.669016,12.042073,osm_il_patio_43.6690_12.0421,Il Patio,bar_cafe,bar_cafe,https://raw.githubusercontent.com/pasqualelembo78/huntix-poi/main/italia/marche/sconosciuta/pages/il_patio_43.6690_12.0421.json,custom
42.952204,13.881290,osm_caff__montebello_42.9522_13.8813,Caffè Montebello,bar_cafe,bar_cafe,https://raw.githubusercontent.com/pasqualelembo78/huntix-poi/main/italia/marche/sconosciuta/pages/caff_montebello_42.9522_13.8813.json,custom
42.951613,13.881254,osm_burro_alici_42.9516_13.8813,Burro&Alici,bar_cafe,bar_cafe,https://raw.githubusercontent.com/pasqualelembo78/huntix-poi/main/italia/marche/sconosciuta/pages/burroalici_42.9516_13.8813.json,custom
42.950796,13.879501,osm_b77_42.9508_13.8795,B77,bar_cafe,bar_cafe,https://raw.githubusercontent.com/pasqualelembo78/huntix-poi/main/italia/marche/sconosciuta/pages/b77_42.9508_13.8795.json,custom
42.950574,13.879164,osm_caff__max_42.9506_13.8792,Caffè Max,bar_cafe,bar_cafe,https://raw.githubusercontent.com/pasqualelembo78/huntix-poi/main/italia/marche/sconosciuta/pages/caff_max_42.9506_13.8792.json,custom
43.769668,13.136370,osm_bar_chiacchiere_e_delizie_43.7697_13.1364,Bar Chiacchiere e delizie,bar_cafe,bar_cafe,https://raw.githubusercontent.com/pasqualelembo78/huntix-poi/main/italia/marche/sconosciuta/pages/bar_chiacchiere_e_delizie_43.7697_13.1364.json,custom
43.298879,13.449439,osm_ginetta_43.2989_13.4494,Ginetta,bar_cafe,bar_cafe,https://raw.githubusercontent.com/pasqualelembo78/huntix-poi/main/italia/marche/sconosciuta/pages/ginetta_43.2989_13.4494.json,custom
43.270203,13.751000,osm_bar_pietro_43.2702_13.7510,Bar Pietro,bar_cafe,bar_cafe,https://raw.githubusercontent.com/pasqualelembo78/huntix-poi/main/italia/marche/sconosciuta/pages/bar_pietro_43.2702_13.7510.json,custom
43.059499,12.576803,osm_penny_lane_43.0595_12.5768,Penny lane,bar_cafe,bar_cafe,https://raw.githubusercontent.com/pasqualelembo78/huntix-poi/main/italia/marche/sconosciuta/pages/penny_lane_43.0595_12.5768.json,custom
43.563443,13.250554,osm_bar_centrale_43.5634_13.2506,Bar Centrale,bar_cafe,bar_cafe,https://raw.githubusercontent.com/pasqualelembo78/huntix-poi/main/italia/marche/sconosciuta/pages/bar_centrale_43.5634_13.2506.json,custom
43.299564,13.724850,osm_bar_stadio_43.2996_13.7248,Bar Stadio,bar_cafe,bar_cafe,https://raw.githubusercontent.com/pasqualelembo78/huntix-poi/main/italia/marche/sconosciuta/pages/bar_stadio_43.2996_13.7248.json,custom
43.322904,13.714453,osm_caf__servidei_43.3229_13.7145,Cafè Servidei,bar_cafe,bar_cafe,https://raw.githubusercontent.com/pasqualelembo78/huntix-poi/main/italia/marche/sconosciuta/pages/caf_servidei_43.3229_13.7145.json,custom
42.955602,12.701897,osm_four_rooms_42.9556_12.7019,Four Rooms,bar_cafe,bar_cafe,https://raw.githubusercontent.com/pasqualelembo78/huntix-poi/main/italia/marche/sconosciuta/pages/four_rooms_42.9556_12.7019.json,custom
42.545154,12.416085,osm_sister_act_42.5452_12.4161,Sister Act,bar_cafe,bar_cafe,https://raw.githubusercontent.com/pasqualelembo78/huntix-poi/main/italia/marche/sconosciuta/pages/sister_act_42.5452_12.4161.json,custom
43.984322,12.689454,osm_via_emilia_62_43.9843_12.6895,Via Emilia 62,bar_cafe,bar_cafe,https://raw.githubusercontent.com/pasqualelembo78/huntix-poi/main/italia/marche/sconosciuta/pages/via_emilia_62_43.9843_12.6895.json,custom
43.984699,12.690231,osm_osteria_di_mare_43.9847_12.6902,Osteria di mare,bar_cafe,bar_cafe,https://raw.githubusercontent.com/pasqualelembo78/huntix-poi/main/italia/marche/sconosciuta/pages/osteria_di_mare_43.9847_12.6902.json,custom
43.310079,13.726149,osm_bootlegger_43.3101_13.7261,Bootlegger,bar_cafe,bar_cafe,https://raw.githubusercontent.com/pasqualelembo78/huntix-poi/main/italia/marche/sconosciuta/pages/bootlegger_43.3101_13.7261.json,custom
43.307576,13.729056,osm_grammilitro_43.3076_13.7291,Grammilitro,bar_cafe,bar_cafe,https://raw.githubusercontent.com/pasqualelembo78/huntix-poi/main/italia/marche/sconosciuta/pages/grammilitro_43.3076_13.7291.json,custom
43.311465,13.727636,osm_sider_43.3115_13.7276,Sider,bar_cafe,bar_cafe,https://raw.githubusercontent.com/pasqualelembo78/huntix-poi/main/italia/marche/sconosciuta/pages/sider_43.3115_13.7276.json,custom
43.985572,12.688671,osm_maco_43.9856_12.6887,Maco,bar_cafe,bar_cafe,https://raw.githubusercontent.com/pasqualelembo78/huntix-poi/main/italia/marche/sconosciuta/pages/maco_43.9856_12.6887.json,custom
43.102191,12.310266,osm_mirage_43.1022_12.3103,Mirage,bar_cafe,bar_cafe,https://raw.githubusercontent.com/pasqualelembo78/huntix-poi/main/italia/marche/sconosciuta/pages/mirage_43.1022_12.3103.json,custom
43.300585,13.452051,osm_moa_project_43.3006_13.4521,Moa Project,bar_cafe,bar_cafe,https://raw.githubusercontent.com/pasqualelembo78/huntix-poi/main/italia/marche/sconosciuta/pages/moa_project_43.3006_13.4521.json,custom
43.724161,12.635627,osm_caff__del_teatro_43.7242_12.6356,Caffè del Teatro,bar_cafe,bar_cafe,https://raw.githubusercontent.com/pasqualelembo78/huntix-poi/main/italia/marche/sconosciuta/pages/caff_del_teatro_43.7242_12.6356.json,custom
43.728265,12.632613,osm_il_giardino_43.7283_12.6326,Il Giardino,bar_cafe,bar_cafe,https://raw.githubusercontent.com/pasqualelembo78/huntix-poi/main/italia/marche/sconosciuta/pages/il_giardino_43.7283_12.6326.json,custom
43.691319,13.045904,osm_ci_bo_circolo_birraio_oltremondo_43.6913_13.0459,Ci.BO circolo birraio Oltremondo,bar_cafe,bar_cafe,https://raw.githubusercontent.com/pasqualelembo78/huntix-poi/main/italia/marche/sconosciuta/pages/cibo_circolo_birraio_oltremondo_43.6913_13.0459.json,custom
43.727157,12.641772,osm_eni_caf____shop_43.7272_12.6418,Eni Café & Shop,bar_cafe,bar_cafe,https://raw.githubusercontent.com/pasqualelembo78/huntix-poi/main/italia/marche/sconosciuta/pages/eni_caf_shop_43.7272_12.6418.json,custom
43.727127,12.635910,osm_camera_a_sud_43.7271_12.6359,Camera A Sud,bar_cafe,bar_cafe,https://raw.githubusercontent.com/pasqualelembo78/huntix-poi/main/italia/marche/sconosciuta/pages/camera_a_sud_43.7271_12.6359.json,custom
42.918125,13.901697,osm_birritrovo_42.9181_13.9017,Birritrovo,bar_cafe,bar_cafe,https://raw.githubusercontent.com/pasqualelembo78/huntix-poi/main/italia/marche/sconosciuta/pages/birritrovo_42.9181_13.9017.json,custom
43.724765,12.634864,osm_flowerz_caff__43.7248_12.6349,Flowerz Caffè,bar_cafe,bar_cafe,https://raw.githubusercontent.com/pasqualelembo78/huntix-poi/main/italia/marche/sconosciuta/pages/flowerz_caff_43.7248_12.6349.json,custom
43.726210,12.635840,osm_fuori_tema_43.7262_12.6358,Fuori Tema,bar_cafe,bar_cafe,https://raw.githubusercontent.com/pasqualelembo78/huntix-poi/main/italia/marche/sconosciuta/pages/fuori_tema_43.7262_12.6358.json,custom
43.721914,12.636587,osm_il_caff__del_sorriso_43.7219_12.6366,Il Caffè Del Sorriso,bar_cafe,bar_cafe,https://raw.githubusercontent.com/pasqualelembo78/huntix-poi/main/italia/marche/sconosciuta/pages/il_caff_del_sorriso_43.7219_12.6366.json,custom
43.726140,12.636604,osm_altrove_43.7261_12.6366,Altrove,bar_cafe,bar_cafe,https://raw.githubusercontent.com/pasqualelembo78/huntix-poi/main/italia/marche/sconosciuta/pages/altrove_43.7261_12.6366.json,custom
43.125940,12.044534,osm_non_solo_pane_43.1259_12.0445,Non solo pane,bar_cafe,bar_cafe,https://raw.githubusercontent.com/pasqualelembo78/huntix-poi/main/italia/marche/sconosciuta/pages/non_solo_pane_43.1259_12.0445.json,custom
43.738522,12.631655,osm_toffee_43.7385_12.6317,Toffee,bar_cafe,bar_cafe,https://raw.githubusercontent.com/pasqualelembo78/huntix-poi/main/italia/marche/sconosciuta/pages/toffee_43.7385_12.6317.json,custom
43.734800,12.643318,osm_gazebo_43.7348_12.6433,Gazebo,bar_cafe,bar_cafe,https://raw.githubusercontent.com/pasqualelembo78/huntix-poi/main/italia/marche/sconosciuta/pages/gazebo_43.7348_12.6433.json,custom
43.735492,12.643658,osm_pascucci_43.7355_12.6437,Pascucci,bar_cafe,bar_cafe,https://raw.githubusercontent.com/pasqualelembo78/huntix-poi/main/italia/marche/sconosciuta/pages/pascucci_43.7355_12.6437.json,custom
43.119601,13.576158,osm_sosta_caff__43.1196_13.5762,Sosta Caffè,bar_cafe,bar_cafe,https://raw.githubusercontent.com/pasqualelembo78/huntix-poi/main/italia/marche/sconosciuta/pages/sosta_caff_43.1196_13.5762.json,custom
42.957608,12.704423,osm_forno_pizzoni_42.9576_12.7044,Forno Pizzoni,bar_cafe,bar_cafe,https://raw.githubusercontent.com/pasqualelembo78/huntix-poi/main/italia/marche/sconosciuta/pages/forno_pizzoni_42.9576_12.7044.json,custom
43.725494,12.636196,osm_trenta_tre_43.7255_12.6362,Trenta Tre,bar_cafe,bar_cafe,https://raw.githubusercontent.com/pasqualelembo78/huntix-poi/main/italia/marche/sconosciuta/pages/trenta_tre_43.7255_12.6362.json,custom
43.524350,13.248819,osm_man_cave_caf__43.5244_13.2488,Man Cave Cafè,bar_cafe,bar_cafe,https://raw.githubusercontent.com/pasqualelembo78/huntix-poi/main/italia/marche/sconosciuta/pages/man_cave_caf_43.5244_13.2488.json,custom
43.402836,13.549683,osm_passepartout_libreria_caff__43.4028_13.5497,Passepartout Libreria Caffè,bar_cafe,bar_cafe,https://raw.githubusercontent.com/pasqualelembo78/huntix-poi/main/italia/marche/sconosciuta/pages/passepartout_libreria_caff_43.4028_13.5497.json,custom
43.178734,13.795505,osm_agav__caff__43.1787_13.7955,Agavè Caffè,bar_cafe,bar_cafe,https://raw.githubusercontent.com/pasqualelembo78/huntix-poi/main/italia/marche/sconosciuta/pages/agav_caff_43.1787_13.7955.json,custom
42.514085,14.118707,osm_nero_lab_42.5141_14.1187,NERO.lab,bar_cafe,bar_cafe,https://raw.githubusercontent.com/pasqualelembo78/huntix-poi/main/italia/marche/sconosciuta/pages/nerolab_42.5141_14.1187.json,custom
42.583303,13.639211,osm_bar_habanero_42.5833_13.6392,Bar Habanero,bar_cafe,bar_cafe,https://raw.githubusercontent.com/pasqualelembo78/huntix-poi/main/italia/marche/sconosciuta/pages/bar_habanero_42.5833_13.6392.json,custom
43.748182,12.623856,osm_51_gadana_43.7482_12.6239,51 Gadana,bar_cafe,bar_cafe,https://raw.githubusercontent.com/pasqualelembo78/huntix-poi/main/italia/marche/sconosciuta/pages/51_gadana_43.7482_12.6239.json,custom
43.737512,13.187539,osm_magini_43.7375_13.1875,Magini,bar_cafe,bar_cafe,https://raw.githubusercontent.com/pasqualelembo78/huntix-poi/main/italia/marche/sconosciuta/pages/magini_43.7375_13.1875.json,custom
43.441568,13.611529,osm_giardino_43.4416_13.6115,Giardino,bar_cafe,bar_cafe,https://raw.githubusercontent.com/pasqualelembo78/huntix-poi/main/italia/marche/sconosciuta/pages/giardino_43.4416_13.6115.json,custom
43.440709,13.609141,osm_bar_belli_43.4407_13.6091,Bar Belli,bar_cafe,bar_cafe,https://raw.githubusercontent.com/pasqualelembo78/huntix-poi/main/italia/marche/sconosciuta/pages/bar_belli_43.4407_13.6091.json,custom
43.018073,12.477197,osm_bar_colle_43.0181_12.4772,Bar Colle,bar_cafe,bar_cafe,https://raw.githubusercontent.com/pasqualelembo78/huntix-poi/main/italia/marche/sconosciuta/pages/bar_colle_43.0181_12.4772.json,custom
43.105094,13.835942,osm_caprice_43.1051_13.8359,Caprice,bar_cafe,bar_cafe,https://raw.githubusercontent.com/pasqualelembo78/huntix-poi/main/italia/marche/sconosciuta/pages/caprice_43.1051_13.8359.json,custom
42.899618,13.896041,osm_festival_42.8996_13.8960,Festival,bar_cafe,bar_cafe,https://raw.githubusercontent.com/pasqualelembo78/huntix-poi/main/italia/marche/sconosciuta/pages/festival_42.8996_13.8960.json,custom
42.805283,13.942238,osm_da_franco_42.8053_13.9422,Da Franco,bar_cafe,bar_cafe,https://raw.githubusercontent.com/pasqualelembo78/huntix-poi/main/italia/marche/sconosciuta/pages/da_franco_42.8053_13.9422.json,custom
42.778314,13.955851,osm_spiagga_california_42.7783_13.9559,spiagga california,bar_cafe,bar_cafe,https://raw.githubusercontent.com/pasqualelembo78/huntix-poi/main/italia/marche/sconosciuta/pages/spiagga_california_42.7783_13.9559.json,custom
42.676325,14.018033,osm_lido_luigi_42.6763_14.0180,Lido Luigi,bar_cafe,bar_cafe,https://raw.githubusercontent.com/pasqualelembo78/huntix-poi/main/italia/marche/sconosciuta/pages/lido_luigi_42.6763_14.0180.json,custom
42.612010,14.063182,osm_caffetteria_lincrocio_42.6120_14.0632,Caffetteria Lincrocio,bar_cafe,bar_cafe,https://raw.githubusercontent.com/pasqualelembo78/huntix-poi/main/italia/marche/sconosciuta/pages/caffetteria_lincrocio_42.6120_14.0632.json,custom
42.965473,12.706961,osm_bar_lupo_42.9655_12.7070,Bar Lupo,bar_cafe,bar_cafe,https://raw.githubusercontent.com/pasqualelembo78/huntix-poi/main/italia/marche/sconosciuta/pages/bar_lupo_42.9655_12.7070.json,custom
43.344578,12.975202,osm_street_bar_43.3446_12.9752,Street Bar,bar_cafe,bar_cafe,https://raw.githubusercontent.com/pasqualelembo78/huntix-poi/main/italia/marche/sconosciuta/pages/street_bar_43.3446_12.9752.json,custom
43.070559,12.619341,osm_la_piccola_sosta_43.0706_12.6193,La Piccola Sosta,bar_cafe,bar_cafe,https://raw.githubusercontent.com/pasqualelembo78/huntix-poi/main/italia/marche/sconosciuta/pages/la_piccola_sosta_43.0706_12.6193.json,custom
42.778135,12.402969,osm_caff__ristorante_della_consolazione_42.7781_12.4030,Caffè Ristorante della Consolazione,bar_cafe,bar_cafe,https://raw.githubusercontent.com/pasqualelembo78/huntix-poi/main/italia/marche/sconosciuta/pages/caff_ristorante_della_consolazione_42.7781_12.4030.json,custom
43.009824,12.429776,osm_la_vecchia_torre_43.0098_12.4298,La Vecchia Torre,bar_cafe,bar_cafe,https://raw.githubusercontent.com/pasqualelembo78/huntix-poi/main/italia/marche/sconosciuta/pages/la_vecchia_torre_43.0098_12.4298.json,custom
42.922729,13.894264,osm_festival_snack_bar_42.9227_13.8943,Festival Snack Bar,bar_cafe,bar_cafe,https://raw.githubusercontent.com/pasqualelembo78/huntix-poi/main/italia/marche/sconosciuta/pages/festival_snack_bar_42.9227_13.8943.json,custom
43.472602,12.628353,osm_bar_centrale_43.4726_12.6284,Bar Centrale,bar_cafe,bar_cafe,https://raw.githubusercontent.com/pasqualelembo78/huntix-poi/main/italia/marche/sconosciuta/pages/bar_centrale_43.4726_12.6284.json,custom
43.934104,12.448770,osm_bar_guaita_43.9341_12.4488,Bar Guaita,bar_cafe,bar_cafe,https://raw.githubusercontent.com/pasqualelembo78/huntix-poi/main/italia/marche/sconosciuta/pages/bar_guaita_43.9341_12.4488.json,custom
43.934435,12.449170,osm_birrificio_abusivo_43.9344_12.4492,Birrificio Abusivo,bar_cafe,bar_cafe,https://raw.githubusercontent.com/pasqualelembo78/huntix-poi/main/italia/marche/sconosciuta/pages/birrificio_abusivo_43.9344_12.4492.json,custom
43.934081,12.449082,osm_baccanera_43.9341_12.4491,Baccanera,bar_cafe,bar_cafe,https://raw.githubusercontent.com/pasqualelembo78/huntix-poi/main/italia/marche/sconosciuta/pages/baccanera_43.9341_12.4491.json,custom
42.529030,13.656246,osm_bar_la_sosta_42.5290_13.6562,Bar La Sosta,bar_cafe,bar_cafe,https://raw.githubusercontent.com/pasqualelembo78/huntix-poi/main/italia/marche/sconosciuta/pages/bar_la_sosta_42.5290_13.6562.json,custom
42.920190,12.392649,osm_alibu_42.9202_12.3926,Alibu,bar_cafe,bar_cafe,https://raw.githubusercontent.com/pasqualelembo78/huntix-poi/main/italia/marche/sconosciuta/pages/alibu_42.9202_12.3926.json,custom
42.535598,14.138061,osm_da_ciccio_42.5356_14.1381,da Ciccio,bar_cafe,bar_cafe,https://raw.githubusercontent.com/pasqualelembo78/huntix-poi/main/italia/marche/sconosciuta/pages/da_ciccio_42.5356_14.1381.json,custom
42.922257,12.504401,osm_bar_dello_sport_42.9223_12.5044,Bar dello Sport,bar_cafe,bar_cafe,https://raw.githubusercontent.com/pasqualelembo78/huntix-poi/main/italia/marche/sconosciuta/pages/bar_dello_sport_42.9223_12.5044.json,custom
43.196362,13.097531,osm_taverna_paradiso_43.1964_13.0975,Taverna Paradiso,bar_cafe,bar_cafe,https://raw.githubusercontent.com/pasqualelembo78/huntix-poi/main/italia/marche/sconosciuta/pages/taverna_paradiso_43.1964_13.0975.json,custom
42.501968,14.134447,osm_bar_ranalli_42.5020_14.1344,Bar Ranalli,bar_cafe,bar_cafe,https://raw.githubusercontent.com/pasqualelembo78/huntix-poi/main/italia/marche/sconosciuta/pages/bar_ranalli_42.5020_14.1344.json,custom
42.938899,13.623429,osm_caff__del_borgo_42.9389_13.6234,Caffè del Borgo,bar_cafe,bar_cafe,https://raw.githubusercontent.com/pasqualelembo78/huntix-poi/main/italia/marche/sconosciuta/pages/caff_del_borgo_42.9389_13.6234.json,custom
42.939318,13.624496,osm_bar_baccotabacco_42.9393_13.6245,Bar Baccotabacco,bar_cafe,bar_cafe,https://raw.githubusercontent.com/pasqualelembo78/huntix-poi/main/italia/marche/sconosciuta/pages/bar_baccotabacco_42.9393_13.6245.json,custom
42.862220,13.641667,osm_bar_poggese_42.8622_13.6417,Bar Poggese,bar_cafe,bar_cafe,https://raw.githubusercontent.com/pasqualelembo78/huntix-poi/main/italia/marche/sconosciuta/pages/bar_poggese_42.8622_13.6417.json,custom
42.937945,13.622888,osm_bar_di_su_42.9379_13.6229,Bar Di Su,bar_cafe,bar_cafe,https://raw.githubusercontent.com/pasqualelembo78/huntix-poi/main/italia/marche/sconosciuta/pages/bar_di_su_42.9379_13.6229.json,custom
42.910330,13.624739,osm_caff__smile_42.9103_13.6247,Caffè Smile,bar_cafe,bar_cafe,https://raw.githubusercontent.com/pasqualelembo78/huntix-poi/main/italia/marche/sconosciuta/pages/caff_smile_42.9103_13.6247.json,custom
42.933099,13.082862,osm_montebovi_42.9331_13.0829,Montebovi,bar_cafe,bar_cafe,https://raw.githubusercontent.com/pasqualelembo78/huntix-poi/main/italia/marche/sconosciuta/pages/montebovi_42.9331_13.0829.json,custom
42.893211,13.153571,osm_bar_rita_42.8932_13.1536,Bar Rita,bar_cafe,bar_cafe,https://raw.githubusercontent.com/pasqualelembo78/huntix-poi/main/italia/marche/sconosciuta/pages/bar_rita_42.8932_13.1536.json,custom
42.829215,13.205448,osm_la_campagnola_42.8292_13.2054,La Campagnola,bar_cafe,bar_cafe,https://raw.githubusercontent.com/pasqualelembo78/huntix-poi/main/italia/marche/sconosciuta/pages/la_campagnola_42.8292_13.2054.json,custom
43.522606,13.524641,osm_nik_caffetteria_43.5226_13.5246,Nik Caffetteria,bar_cafe,bar_cafe,https://raw.githubusercontent.com/pasqualelembo78/huntix-poi/main/italia/marche/sconosciuta/pages/nik_caffetteria_43.5226_13.5246.json,custom
42.877785,12.403607,osm_bar_dell_ospedale_42.8778_12.4036,Bar dell'ospedale,bar_cafe,bar_cafe,https://raw.githubusercontent.com/pasqualelembo78/huntix-poi/main/italia/marche/sconosciuta/pages/bar_dellospedale_42.8778_12.4036.json,custom
43.070765,12.557177,osm_caff__del_borgo_43.0708_12.5572,Caffè Del Borgo,bar_cafe,bar_cafe,https://raw.githubusercontent.com/pasqualelembo78/huntix-poi/main/italia/marche/sconosciuta/pages/caff_del_borgo_43.0708_12.5572.json,custom
42.922283,12.393836,osm_bar_nuovo_mondo_42.9223_12.3938,Bar Nuovo Mondo,bar_cafe,bar_cafe,https://raw.githubusercontent.com/pasqualelembo78/huntix-poi/main/italia/marche/sconosciuta/pages/bar_nuovo_mondo_42.9223_12.3938.json,custom
43.110667,12.392634,osm_lo_chalet_43.1107_12.3926,Lo Chalet,bar_cafe,bar_cafe,https://raw.githubusercontent.com/pasqualelembo78/huntix-poi/main/italia/marche/sconosciuta/pages/lo_chalet_43.1107_12.3926.json,custom
43.724338,12.634178,osm_borgo_21_43.7243_12.6342,Borgo 21,bar_cafe,bar_cafe,https://raw.githubusercontent.com/pasqualelembo78/huntix-poi/main/italia/marche/sconosciuta/pages/borgo_21_43.7243_12.6342.json,custom
42.956173,12.704220,osm_bar_del_duomo_42.9562_12.7042,Bar del Duomo,bar_cafe,bar_cafe,https://raw.githubusercontent.com/pasqualelembo78/huntix-poi/main/italia/marche/sconosciuta/pages/bar_del_duomo_42.9562_12.7042.json,custom
42.956420,12.703203,osm_drink_trinci_42.9564_12.7032,Drink Trinci,bar_cafe,bar_cafe,https://raw.githubusercontent.com/pasqualelembo78/huntix-poi/main/italia/marche/sconosciuta/pages/drink_trinci_42.9564_12.7032.json,custom
43.111826,12.388689,osm_caff__del_banco_43.1118_12.3887,Caffè del Banco,bar_cafe,bar_cafe,https://raw.githubusercontent.com/pasqualelembo78/huntix-poi/main/italia/marche/sconosciuta/pages/caff_del_banco_43.1118_12.3887.json,custom
43.071653,12.617466,osm_bar_giardino_san_lorenzo_43.0717_12.6175,Bar Giardino San Lorenzo,bar_cafe,bar_cafe,https://raw.githubusercontent.com/pasqualelembo78/huntix-poi/main/italia/marche/sconosciuta/pages/bar_giardino_san_lorenzo_43.0717_12.6175.json,custom
42.615516,12.585047,osm_il_rifugio_di_sant_erasmo_42.6155_12.5850,Il Rifugio di Sant’Erasmo,bar_cafe,bar_cafe,https://raw.githubusercontent.com/pasqualelembo78/huntix-poi/main/italia/marche/sconosciuta/pages/il_rifugio_di_santerasmo_42.6155_12.5850.json,custom
43.354714,12.575325,osm_bar_san_martino_43.3547_12.5753,Bar San Martino,bar_cafe,bar_cafe,https://raw.githubusercontent.com/pasqualelembo78/huntix-poi/main/italia/marche/sconosciuta/pages/bar_san_martino_43.3547_12.5753.json,custom
43.879423,12.965181,osm_bagni_elsa_43.8794_12.9652,Bagni Elsa,bar_cafe,bar_cafe,https://raw.githubusercontent.com/pasqualelembo78/huntix-poi/main/italia/marche/sconosciuta/pages/bagni_elsa_43.8794_12.9652.json,custom
42.555734,14.113641,osm_tabacchi_centrale_42.5557_14.1136,Tabacchi Centrale,bar_cafe,bar_cafe,https://raw.githubusercontent.com/pasqualelembo78/huntix-poi/main/italia/marche/sconosciuta/pages/tabacchi_centrale_42.5557_14.1136.json,custom
42.778536,12.410439,osm_factory_tapas_bar_42.7785_12.4104,Factory Tapas bar,bar_cafe,bar_cafe,https://raw.githubusercontent.com/pasqualelembo78/huntix-poi/main/italia/marche/sconosciuta/pages/factory_tapas_bar_42.7785_12.4104.json,custom
43.072052,12.952265,osm_bar_centrale_43.0721_12.9523,Bar centrale,bar_cafe,bar_cafe,https://raw.githubusercontent.com/pasqualelembo78/huntix-poi/main/italia/marche/sconosciuta/pages/bar_centrale_43.0721_12.9523.json,custom
43.111418,12.388448,osm_tea_perugia_43.1114_12.3884,Tea Perugia,bar_cafe,bar_cafe,https://raw.githubusercontent.com/pasqualelembo78/huntix-poi/main/italia/marche/sconosciuta/pages/tea_perugia_43.1114_12.3884.json,custom
43.188769,13.266082,osm_le_grazie_43.1888_13.2661,Le Grazie,bar_cafe,bar_cafe,https://raw.githubusercontent.com/pasqualelembo78/huntix-poi/main/italia/marche/sconosciuta/pages/le_grazie_43.1888_13.2661.json,custom
42.511784,14.148403,osm_battibecco_al_parco_42.5118_14.1484,Battibecco al Parco,bar_cafe,bar_cafe,https://raw.githubusercontent.com/pasqualelembo78/huntix-poi/main/italia/marche/sconosciuta/pages/battibecco_al_parco_42.5118_14.1484.json,custom
43.105662,12.434252,osm_la_rotonda_43.1057_12.4343,La rotonda,bar_cafe,bar_cafe,https://raw.githubusercontent.com/pasqualelembo78/huntix-poi/main/italia/marche/sconosciuta/pages/la_rotonda_43.1057_12.4343.json,custom
42.766528,13.179681,osm_romcaff__42.7665_13.1797,Romcaffè,bar_cafe,bar_cafe,https://raw.githubusercontent.com/pasqualelembo78/huntix-poi/main/italia/marche/sconosciuta/pages/romcaff_42.7665_13.1797.json,custom
43.306293,13.462125,osm_pistello_43.3063_13.4621,Pistello,bar_cafe,bar_cafe,https://raw.githubusercontent.com/pasqualelembo78/huntix-poi/main/italia/marche/sconosciuta/pages/pistello_43.3063_13.4621.json,custom
43.214567,12.009482,osm_circolo_combattenti_43.2146_12.0095,Circolo Combattenti,bar_cafe,bar_cafe,https://raw.githubusercontent.com/pasqualelembo78/huntix-poi/main/italia/marche/sconosciuta/pages/circolo_combattenti_43.2146_12.0095.json,custom
43.438972,13.606395,osm_pretty_bar_43.4390_13.6064,Pretty Bar,bar_cafe,bar_cafe,https://raw.githubusercontent.com/pasqualelembo78/huntix-poi/main/italia/marche/sconosciuta/pages/pretty_bar_43.4390_13.6064.json,custom
43.100309,12.385353,osm_obcz_43.1003_12.3854,OBCZ,bar_cafe,bar_cafe,https://raw.githubusercontent.com/pasqualelembo78/huntix-poi/main/italia/marche/sconosciuta/pages/obcz_43.1003_12.3854.json,custom
43.100205,12.389290,osm_obcz_43.1002_12.3893,OBCZ,bar_cafe,bar_cafe,https://raw.githubusercontent.com/pasqualelembo78/huntix-poi/main/italia/marche/sconosciuta/pages/obcz_43.1002_12.3893.json,custom
43.109160,12.367263,osm_obcz_43.1092_12.3673,OBCZ,bar_cafe,bar_cafe,https://raw.githubusercontent.com/pasqualelembo78/huntix-poi/main/italia/marche/sconosciuta/pages/obcz_43.1092_12.3673.json,custom
42.732669,12.726864,osm_caff__zero_42.7327_12.7269,Caffè Zero,bar_cafe,bar_cafe,https://raw.githubusercontent.com/pasqualelembo78/huntix-poi/main/italia/marche/sconosciuta/pages/caff_zero_42.7327_12.7269.json,custom
43.112271,12.390577,osm_la_moglie_ubriaca_43.1123_12.3906,La moglie ubriaca,bar_cafe,bar_cafe,https://raw.githubusercontent.com/pasqualelembo78/huntix-poi/main/italia/marche/sconosciuta/pages/la_moglie_ubriaca_43.1123_12.3906.json,custom
43.315469,13.585874,osm_il_chiosco_morrovalle_43.3155_13.5859,Il Chiosco Morrovalle,bar_cafe,bar_cafe,https://raw.githubusercontent.com/pasqualelembo78/huntix-poi/main/italia/marche/sconosciuta/pages/il_chiosco_morrovalle_43.3155_13.5859.json,custom
43.096199,12.370383,osm_rev__43.0962_12.3704,Revò,bar_cafe,bar_cafe,https://raw.githubusercontent.com/pasqualelembo78/huntix-poi/main/italia/marche/sconosciuta/pages/rev_43.0962_12.3704.json,custom
43.381062,12.225505,osm_bar_ristorante_canoscio_43.3811_12.2255,Bar Ristorante Canoscio,bar_cafe,bar_cafe,https://raw.githubusercontent.com/pasqualelembo78/huntix-poi/main/italia/marche/sconosciuta/pages/bar_ristorante_canoscio_43.3811_12.2255.json,custom
42.544439,13.884385,osm_la_cantina_42.5444_13.8844,La Cantina,bar_cafe,bar_cafe,https://raw.githubusercontent.com/pasqualelembo78/huntix-poi/main/italia/marche/sconosciuta/pages/la_cantina_42.5444_13.8844.json,custom
42.505223,14.130462,osm_padellino_42.5052_14.1305,Padellino,bar_cafe,bar_cafe,https://raw.githubusercontent.com/pasqualelembo78/huntix-poi/main/italia/marche/sconosciuta/pages/padellino_42.5052_14.1305.json,custom
42.685760,14.006886,osm_little_free_library_42.6858_14.0069,Little Free Library,bar_cafe,bar_cafe,https://raw.githubusercontent.com/pasqualelembo78/huntix-poi/main/italia/marche/sconosciuta/pages/little_free_library_42.6858_14.0069.json,custom
42.734779,12.739429,osm_tric_trac_42.7348_12.7394,Tric Trac,bar_cafe,bar_cafe,https://raw.githubusercontent.com/pasqualelembo78/huntix-poi/main/italia/marche/sconosciuta/pages/tric_trac_42.7348_12.7394.json,custom
43.730046,12.635863,osm_degusti_bus_43.7300_12.6359,Degusti Bus,bar_cafe,bar_cafe,https://raw.githubusercontent.com/pasqualelembo78/huntix-poi/main/italia/marche/sconosciuta/pages/degusti_bus_43.7300_12.6359.json,custom
43.432941,13.663662,osm_peccati_di_gola_43.4329_13.6637,Peccati Di Gola,bar_cafe,bar_cafe,https://raw.githubusercontent.com/pasqualelembo78/huntix-poi/main/italia/marche/sconosciuta/pages/peccati_di_gola_43.4329_13.6637.json,custom
43.103741,12.313560,osm_siesta_43.1037_12.3136,Siesta,bar_cafe,bar_cafe,https://raw.githubusercontent.com/pasqualelembo78/huntix-poi/main/italia/marche/sconosciuta/pages/siesta_43.1037_12.3136.json,custom
42.589137,13.998471,osm_bar_da_antonio_42.5891_13.9985,Bar Da Antonio,bar_cafe,bar_cafe,https://raw.githubusercontent.com/pasqualelembo78/huntix-poi/main/italia/marche/sconosciuta/pages/bar_da_antonio_42.5891_13.9985.json,custom
43.147448,13.812574,osm_ever_green_43.1474_13.8126,Ever Green,bar_cafe,bar_cafe,https://raw.githubusercontent.com/pasqualelembo78/huntix-poi/main/italia/marche/sconosciuta/pages/ever_green_43.1474_13.8126.json,custom
43.048819,13.677448,osm_bar_hedone__43.0488_13.6774,Bar Hedone',bar_cafe,bar_cafe,https://raw.githubusercontent.com/pasqualelembo78/huntix-poi/main/italia/marche/sconosciuta/pages/bar_hedone_43.0488_13.6774.json,custom
43.473087,12.226886,osm_il_castellano_43.4731_12.2269,Il Castellano,bar_cafe,bar_cafe,https://raw.githubusercontent.com/pasqualelembo78/huntix-poi/main/italia/marche/sconosciuta/pages/il_castellano_43.4731_12.2269.json,custom
43.977410,12.698252,osm_milk_43.9774_12.6983,Milk,bar_cafe,bar_cafe,https://raw.githubusercontent.com/pasqualelembo78/huntix-poi/main/italia/marche/sconosciuta/pages/milk_43.9774_12.6983.json,custom
43.231240,13.181283,osm_gart_n_43.2312_13.1813,Gartén,bar_cafe,bar_cafe,https://raw.githubusercontent.com/pasqualelembo78/huntix-poi/main/italia/marche/sconosciuta/pages/gartn_43.2312_13.1813.json,custom
42.875613,13.269466,osm_batt__42.8756_13.2695,Battì,bar_cafe,bar_cafe,https://raw.githubusercontent.com/pasqualelembo78/huntix-poi/main/italia/marche/sconosciuta/pages/batt_42.8756_13.2695.json,custom
43.594027,13.513541,osm_pausa_caff__43.5940_13.5135,Pausa Caffè,bar_cafe,bar_cafe,https://raw.githubusercontent.com/pasqualelembo78/huntix-poi/main/italia/marche/sconosciuta/pages/pausa_caff_43.5940_13.5135.json,custom
42.719457,12.110154,osm_barcaro_42.7195_12.1102,Barcaro,bar_cafe,bar_cafe,https://raw.githubusercontent.com/pasqualelembo78/huntix-poi/main/italia/marche/sconosciuta/pages/barcaro_42.7195_12.1102.json,custom
43.608656,13.326133,osm_bar_bocciofila_chiaravallese_43.6087_13.3261,Bar Bocciofila Chiaravallese,bar_cafe,bar_cafe,https://raw.githubusercontent.com/pasqualelembo78/huntix-poi/main/italia/marche/sconosciuta/pages/bar_bocciofila_chiaravallese_43.6087_13.3261.json,custom
43.689179,12.806403,osm_kuma_43.6892_12.8064,KUMA,bar_cafe,bar_cafe,https://raw.githubusercontent.com/pasqualelembo78/huntix-poi/main/italia/marche/sconosciuta/pages/kuma_43.6892_12.8064.json,custom
43.097624,12.387917,osm_tripaldi_43.0976_12.3879,Tripaldi,bar_cafe,bar_cafe,https://raw.githubusercontent.com/pasqualelembo78/huntix-poi/main/italia/marche/sconosciuta/pages/tripaldi_43.0976_12.3879.json,custom
43.112612,12.385506,osm_om__43.1126_12.3855,omá,bar_cafe,bar_cafe,https://raw.githubusercontent.com/pasqualelembo78/huntix-poi/main/italia/marche/sconosciuta/pages/om_43.1126_12.3855.json,custom
42.846473,13.663283,osm_black_white_caff__ristoro_42.8465_13.6633,Black White Caffè Ristoro,bar_cafe,bar_cafe,https://raw.githubusercontent.com/pasqualelembo78/huntix-poi/main/italia/marche/sconosciuta/pages/black_white_caff_ristoro_42.8465_13.6633.json,custom
42.562454,12.575601,osm_il_passante_42.5625_12.5756,Il Passante,bar_cafe,bar_cafe,https://raw.githubusercontent.com/pasqualelembo78/huntix-poi/main/italia/marche/sconosciuta/pages/il_passante_42.5625_12.5756.json,custom
43.831190,13.052138,osm_cala_bianca_43.8312_13.0521,Cala Bianca,bar_cafe,bar_cafe,https://raw.githubusercontent.com/pasqualelembo78/huntix-poi/main/italia/marche/sconosciuta/pages/cala_bianca_43.8312_13.0521.json,custom
43.679253,13.285218,osm_mosquito_43.6793_13.2852,Mosquito,bar_cafe,bar_cafe,https://raw.githubusercontent.com/pasqualelembo78/huntix-poi/main/italia/marche/sconosciuta/pages/mosquito_43.6793_13.2852.json,custom
42.731067,13.958591,osm_mccaf__42.7311_13.9586,McCafé,bar_cafe,bar_cafe,https://raw.githubusercontent.com/pasqualelembo78/huntix-poi/main/italia/marche/sconosciuta/pages/mccaf_42.7311_13.9586.json,custom
42.803932,13.914609,osm_baronia_42.8039_13.9146,Baronia,bar_cafe,bar_cafe,https://raw.githubusercontent.com/pasqualelembo78/huntix-poi/main/italia/marche/sconosciuta/pages/baronia_42.8039_13.9146.json,custom
43.623738,13.396200,osm_bar_dolceamaro_43.6237_13.3962,Bar Dolceamaro,bar_cafe,bar_cafe,https://raw.githubusercontent.com/pasqualelembo78/huntix-poi/main/italia/marche/sconosciuta/pages/bar_dolceamaro_43.6237_13.3962.json,custom
43.892679,12.947492,osm_itacabeach_43.8927_12.9475,ItacaBeach,bar_cafe,bar_cafe,https://raw.githubusercontent.com/pasqualelembo78/huntix-poi/main/italia/marche/sconosciuta/pages/itacabeach_43.8927_12.9475.json,custom
42.781284,12.407298,osm_pianegiani_42.7813_12.4073,Pianegiani,bar_cafe,bar_cafe,https://raw.githubusercontent.com/pasqualelembo78/huntix-poi/main/italia/marche/sconosciuta/pages/pianegiani_42.7813_12.4073.json,custom
42.857177,12.681756,osm_vin_santo_42.8572_12.6818,Vin Santo,bar_cafe,bar_cafe,https://raw.githubusercontent.com/pasqualelembo78/huntix-poi/main/italia/marche/sconosciuta/pages/vin_santo_42.8572_12.6818.json,custom
43.546982,13.615848,osm_american_bar_hotel_monteconero_43.5470_13.6158,American Bar Hotel Monteconero,bar_cafe,bar_cafe,https://raw.githubusercontent.com/pasqualelembo78/huntix-poi/main/italia/marche/sconosciuta/pages/american_bar_hotel_monteconero_43.5470_13.6158.json,custom
43.433017,12.739921,osm_fronte_del_parco_43.4330_12.7399,Fronte Del Parco,bar_cafe,bar_cafe,https://raw.githubusercontent.com/pasqualelembo78/huntix-poi/main/italia/marche/sconosciuta/pages/fronte_del_parco_43.4330_12.7399.json,custom
42.658283,14.034727,osm_puravida_42.6583_14.0347,PuraVida,bar_cafe,bar_cafe,https://raw.githubusercontent.com/pasqualelembo78/huntix-poi/main/italia/marche/sconosciuta/pages/puravida_42.6583_14.0347.json,custom
43.434691,13.645205,osm_caff__bramante_43.4347_13.6452,Caffè Bramante,bar_cafe,bar_cafe,https://raw.githubusercontent.com/pasqualelembo78/huntix-poi/main/italia/marche/sconosciuta/pages/caff_bramante_43.4347_13.6452.json,custom
42.749314,12.730969,osm_cucci_42.7493_12.7310,Cucci,bar_cafe,bar_cafe,https://raw.githubusercontent.com/pasqualelembo78/huntix-poi/main/italia/marche/sconosciuta/pages/cucci_42.7493_12.7310.json,custom
42.564466,14.092020,osm_vinile_42.5645_14.0920,Vinile,bar_cafe,bar_cafe,https://raw.githubusercontent.com/pasqualelembo78/huntix-poi/main/italia/marche/sconosciuta/pages/vinile_42.5645_14.0920.json,custom
42.658696,14.027986,osm_mccaf__42.6587_14.0280,McCafé,bar_cafe,bar_cafe,https://raw.githubusercontent.com/pasqualelembo78/huntix-poi/main/italia/marche/sconosciuta/pages/mccaf_42.6587_14.0280.json,custom
42.751759,13.958023,osm_buozzi20_42.7518_13.9580,BuOzzi20,bar_cafe,bar_cafe,https://raw.githubusercontent.com/pasqualelembo78/huntix-poi/main/italia/marche/sconosciuta/pages/buozzi20_42.7518_13.9580.json,custom
42.714109,13.909065,osm_moka_rica_42.7141_13.9091,Moka Rica,bar_cafe,bar_cafe,https://raw.githubusercontent.com/pasqualelembo78/huntix-poi/main/italia/marche/sconosciuta/pages/moka_rica_42.7141_13.9091.json,custom
42.710870,13.908509,osm_fuori_binario_42.7109_13.9085,Fuori Binario,bar_cafe,bar_cafe,https://raw.githubusercontent.com/pasqualelembo78/huntix-poi/main/italia/marche/sconosciuta/pages/fuori_binario_42.7109_13.9085.json,custom
43.617059,13.379902,osm_white_bar_43.6171_13.3799,White Bar,bar_cafe,bar_cafe,https://raw.githubusercontent.com/pasqualelembo78/huntix-poi/main/italia/marche/sconosciuta/pages/white_bar_43.6171_13.3799.json,custom
42.675446,14.016204,osm_little_free_library_42.6754_14.0162,Little Free Library,bar_cafe,bar_cafe,https://raw.githubusercontent.com/pasqualelembo78/huntix-poi/main/italia/marche/sconosciuta/pages/little_free_library_42.6754_14.0162.json,custom
42.801775,12.752799,osm_sole_luna_42.8018_12.7528,Sole Luna,bar_cafe,bar_cafe,https://raw.githubusercontent.com/pasqualelembo78/huntix-poi/main/italia/marche/sconosciuta/pages/sole_luna_42.8018_12.7528.json,custom
43.496317,13.547465,osm_joy_s_coffee___food_43.4963_13.5475,Joy's Coffee & Food,bar_cafe,bar_cafe,https://raw.githubusercontent.com/pasqualelembo78/huntix-poi/main/italia/marche/sconosciuta/pages/joys_coffee_food_43.4963_13.5475.json,custom
42.913655,12.348414,osm_civico_375_42.9137_12.3484,Civico 375,bar_cafe,bar_cafe,https://raw.githubusercontent.com/pasqualelembo78/huntix-poi/main/italia/marche/sconosciuta/pages/civico_375_42.9137_12.3484.json,custom
43.906013,12.421206,osm_bar_castello_43.9060_12.4212,Bar Castello,bar_cafe,bar_cafe,https://raw.githubusercontent.com/pasqualelembo78/huntix-poi/main/italia/marche/sconosciuta/pages/bar_castello_43.9060_12.4212.json,custom
43.939718,12.446795,osm_le_logge_caffe_43.9397_12.4468,Le Logge Caffe,bar_cafe,bar_cafe,https://raw.githubusercontent.com/pasqualelembo78/huntix-poi/main/italia/marche/sconosciuta/pages/le_logge_caffe_43.9397_12.4468.json,custom
42.717536,13.013865,osm_civitas_cassiae_42.7175_13.0139,Civitas Cassiae,bar_cafe,bar_cafe,https://raw.githubusercontent.com/pasqualelembo78/huntix-poi/main/italia/marche/sconosciuta/pages/civitas_cassiae_42.7175_13.0139.json,custom
43.843244,13.014773,osm_l_alchimista_43.8432_13.0148,L'Alchimista,bar_cafe,bar_cafe,https://raw.githubusercontent.com/pasqualelembo78/huntix-poi/main/italia/marche/sconosciuta/pages/lalchimista_43.8432_13.0148.json,custom
43.843373,13.018017,osm_degusteria_43.8434_13.0180,Degusteria,bar_cafe,bar_cafe,https://raw.githubusercontent.com/pasqualelembo78/huntix-poi/main/italia/marche/sconosciuta/pages/degusteria_43.8434_13.0180.json,custom
43.843333,13.017992,osm_caff__aurora_43.8433_13.0180,Caffè Aurora,bar_cafe,bar_cafe,https://raw.githubusercontent.com/pasqualelembo78/huntix-poi/main/italia/marche/sconosciuta/pages/caff_aurora_43.8433_13.0180.json,custom
42.561816,12.647531,osm_plaza_42.5618_12.6475,Plaza,bar_cafe,bar_cafe,https://raw.githubusercontent.com/pasqualelembo78/huntix-poi/main/italia/marche/sconosciuta/pages/plaza_42.5618_12.6475.json,custom
42.773560,12.721235,osm_ricci_42.7736_12.7212,Ricci,bar_cafe,bar_cafe,https://raw.githubusercontent.com/pasqualelembo78/huntix-poi/main/italia/marche/sconosciuta/pages/ricci_42.7736_12.7212.json,custom
42.850628,13.622085,osm_enilive_caf__42.8506_13.6221,Enilive Café,bar_cafe,bar_cafe,https://raw.githubusercontent.com/pasqualelembo78/huntix-poi/main/italia/marche/sconosciuta/pages/enilive_caf_42.8506_13.6221.json,custom
43.174235,13.668237,osm_vaffanluppolo_43.1742_13.6682,Vaffanluppolo,bar_cafe,bar_cafe,https://raw.githubusercontent.com/pasqualelembo78/huntix-poi/main/italia/marche/sconosciuta/pages/vaffanluppolo_43.1742_13.6682.json,custom
42.865817,13.727078,osm_bar_tiffany_42.8658_13.7271,Bar Tiffany,bar_cafe,bar_cafe,https://raw.githubusercontent.com/pasqualelembo78/huntix-poi/main/italia/marche/sconosciuta/pages/bar_tiffany_42.8658_13.7271.json,custom
42.944755,13.879309,osm_bar_bonocaff__42.9448_13.8793,Bar Bonocaffè,bar_cafe,bar_cafe,https://raw.githubusercontent.com/pasqualelembo78/huntix-poi/main/italia/marche/sconosciuta/pages/bar_bonocaff_42.9448_13.8793.json,custom
42.902378,13.861637,osm_garage_42.9024_13.8616,Garage,bar_cafe,bar_cafe,https://raw.githubusercontent.com/pasqualelembo78/huntix-poi/main/italia/marche/sconosciuta/pages/garage_42.9024_13.8616.json,custom
43.177451,12.777827,osm_gaifana_snack_bar_43.1775_12.7778,Gaifana Snack Bar,bar_cafe,bar_cafe,https://raw.githubusercontent.com/pasqualelembo78/huntix-poi/main/italia/marche/sconosciuta/pages/gaifana_snack_bar_43.1775_12.7778.json,custom
43.433598,13.185604,osm_bar_biffi_43.4336_13.1856,Bar Biffi,bar_cafe,bar_cafe,https://raw.githubusercontent.com/pasqualelembo78/huntix-poi/main/italia/marche/sconosciuta/pages/bar_biffi_43.4336_13.1856.json,custom
42.870208,12.558839,osm_biondini_42.8702_12.5588,Biondini,bar_cafe,bar_cafe,https://raw.githubusercontent.com/pasqualelembo78/huntix-poi/main/italia/marche/sconosciuta/pages/biondini_42.8702_12.5588.json,custom
42.866654,12.587527,osm_caff__da_rosa_42.8667_12.5875,Caffè da Rosa,bar_cafe,bar_cafe,https://raw.githubusercontent.com/pasqualelembo78/huntix-poi/main/italia/marche/sconosciuta/pages/caff_da_rosa_42.8667_12.5875.json,custom
42.746602,13.957159,osm_pedro_s_caf__42.7466_13.9572,Pedro's Cafè,bar_cafe,bar_cafe,https://raw.githubusercontent.com/pasqualelembo78/huntix-poi/main/italia/marche/sconosciuta/pages/pedros_caf_42.7466_13.9572.json,custom
42.897047,12.729278,osm_new_florian_bar_42.8970_12.7293,New florian bar,bar_cafe,bar_cafe,https://raw.githubusercontent.com/pasqualelembo78/huntix-poi/main/italia/marche/sconosciuta/pages/new_florian_bar_42.8970_12.7293.json,custom
42.875398,12.737696,osm_bar_del_borgo_42.8754_12.7377,Bar del Borgo,bar_cafe,bar_cafe,https://raw.githubusercontent.com/pasqualelembo78/huntix-poi/main/italia/marche/sconosciuta/pages/bar_del_borgo_42.8754_12.7377.json,custom
43.186975,12.929647,osm_le_dolci_tentazioni_43.1870_12.9296,Le Dolci Tentazioni,bar_cafe,bar_cafe,https://raw.githubusercontent.com/pasqualelembo78/huntix-poi/main/italia/marche/sconosciuta/pages/le_dolci_tentazioni_43.1870_12.9296.json,custom
43.187248,12.931509,osm_bar_centrale_43.1872_12.9315,Bar Centrale,bar_cafe,bar_cafe,https://raw.githubusercontent.com/pasqualelembo78/huntix-poi/main/italia/marche/sconosciuta/pages/bar_centrale_43.1872_12.9315.json,custom
42.774664,13.311262,osm_bar_tabacchi_petrucci_42.7747_13.3113,Bar Tabacchi Petrucci,bar_cafe,bar_cafe,https://raw.githubusercontent.com/pasqualelembo78/huntix-poi/main/italia/marche/sconosciuta/pages/bar_tabacchi_petrucci_42.7747_13.3113.json,custom
42.774195,13.298354,osm_bar_ciccio_42.7742_13.2984,Bar Ciccio,bar_cafe,bar_cafe,https://raw.githubusercontent.com/pasqualelembo78/huntix-poi/main/italia/marche/sconosciuta/pages/bar_ciccio_42.7742_13.2984.json,custom
42.758224,13.298901,osm_bar_alimentari_marella_42.7582_13.2989,Bar Alimentari Marella,bar_cafe,bar_cafe,https://raw.githubusercontent.com/pasqualelembo78/huntix-poi/main/italia/marche/sconosciuta/pages/bar_alimentari_marella_42.7582_13.2989.json,custom
43.532742,13.254673,osm_fel__caff__43.5327_13.2547,FeLù Caffè,bar_cafe,bar_cafe,https://raw.githubusercontent.com/pasqualelembo78/huntix-poi/main/italia/marche/sconosciuta/pages/fel_caff_43.5327_13.2547.json,custom
42.776431,13.294051,osm_arquata_caf__42.7764_13.2941,Arquata Cafè,bar_cafe,bar_cafe,https://raw.githubusercontent.com/pasqualelembo78/huntix-poi/main/italia/marche/sconosciuta/pages/arquata_caf_42.7764_13.2941.json,custom
43.539845,13.451881,osm_bar_marietto_43.5398_13.4519,Bar Marietto,bar_cafe,bar_cafe,https://raw.githubusercontent.com/pasqualelembo78/huntix-poi/main/italia/marche/sconosciuta/pages/bar_marietto_43.5398_13.4519.json,custom
43.303791,12.339547,osm_euro_bar_43.3038_12.3395,Euro Bar,bar_cafe,bar_cafe,https://raw.githubusercontent.com/pasqualelembo78/huntix-poi/main/italia/marche/sconosciuta/pages/euro_bar_43.3038_12.3395.json,custom
43.303439,12.340206,osm_lucaff__43.3034_12.3402,Lucaffé,bar_cafe,bar_cafe,https://raw.githubusercontent.com/pasqualelembo78/huntix-poi/main/italia/marche/sconosciuta/pages/lucaff_43.3034_12.3402.json,custom
43.436448,12.434080,osm_bar_il_boschetto_43.4364_12.4341,Bar Il Boschetto,bar_cafe,bar_cafe,https://raw.githubusercontent.com/pasqualelembo78/huntix-poi/main/italia/marche/sconosciuta/pages/bar_il_boschetto_43.4364_12.4341.json,custom
42.876154,12.017240,osm_sarni_42.8762_12.0172,Sarni,bar_cafe,bar_cafe,https://raw.githubusercontent.com/pasqualelembo78/huntix-poi/main/italia/marche/sconosciuta/pages/sarni_42.8762_12.0172.json,custom
42.649518,12.283077,osm_bar_42.6495_12.2831,Bar,bar_cafe,bar_cafe,https://raw.githubusercontent.com/pasqualelembo78/huntix-poi/main/italia/marche/sconosciuta/pages/bar_42.6495_12.2831.json,custom
42.665002,13.796707,osm_bar_meridiano_42.6650_13.7967,Bar Meridiano,bar_cafe,bar_cafe,https://raw.githubusercontent.com/pasqualelembo78/huntix-poi/main/italia/marche/sconosciuta/pages/bar_meridiano_42.6650_13.7967.json,custom
42.824543,13.716245,osm_bar_las_vegas_42.8245_13.7162,Bar Las Vegas,bar_cafe,bar_cafe,https://raw.githubusercontent.com/pasqualelembo78/huntix-poi/main/italia/marche/sconosciuta/pages/bar_las_vegas_42.8245_13.7162.json,custom
42.857596,13.709584,osm_ninebar_42.8576_13.7096,Ninebar,bar_cafe,bar_cafe,https://raw.githubusercontent.com/pasqualelembo78/huntix-poi/main/italia/marche/sconosciuta/pages/ninebar_42.8576_13.7096.json,custom
42.643880,13.803327,osm_bar_moderno_42.6439_13.8033,Bar Moderno,bar_cafe,bar_cafe,https://raw.githubusercontent.com/pasqualelembo78/huntix-poi/main/italia/marche/sconosciuta/pages/bar_moderno_42.6439_13.8033.json,custom
43.556594,13.281411,osm_bar_2000_43.5566_13.2814,Bar 2000,bar_cafe,bar_cafe,https://raw.githubusercontent.com/pasqualelembo78/huntix-poi/main/italia/marche/sconosciuta/pages/bar_2000_43.5566_13.2814.json,custom
43.344134,12.980278,osm_la_piazzetta_del_coffee_ristoro_76_43.3441_12.9803,La piazzetta del Coffee Ristoro 76,bar_cafe,bar_cafe,https://raw.githubusercontent.com/pasqualelembo78/huntix-poi/main/italia/marche/sconosciuta/pages/la_piazzetta_del_coffee_ristoro_76_43.3441_12.9803.json,custom
43.482734,13.084848,osm_bar_carlo_43.4827_13.0848,Bar Carlo,bar_cafe,bar_cafe,https://raw.githubusercontent.com/pasqualelembo78/huntix-poi/main/italia/marche/sconosciuta/pages/bar_carlo_43.4827_13.0848.json,custom
43.101296,12.535158,osm_petrignano_caff__43.1013_12.5352,Petrignano Caffé,bar_cafe,bar_cafe,https://raw.githubusercontent.com/pasqualelembo78/huntix-poi/main/italia/marche/sconosciuta/pages/petrignano_caff_43.1013_12.5352.json,custom
43.477728,12.989850,osm_zio_c__43.4777_12.9899,Zio Cé,bar_cafe,bar_cafe,https://raw.githubusercontent.com/pasqualelembo78/huntix-poi/main/italia/marche/sconosciuta/pages/zio_c_43.4777_12.9899.json,custom
43.060964,13.082485,osm_bar_luigi_7_1_43.0610_13.0825,Bar Luigi 7.1,bar_cafe,bar_cafe,https://raw.githubusercontent.com/pasqualelembo78/huntix-poi/main/italia/marche/sconosciuta/pages/bar_luigi_71_43.0610_13.0825.json,custom
43.307316,13.728689,osm_caff__galleria_43.3073_13.7287,Caffè Galleria,bar_cafe,bar_cafe,https://raw.githubusercontent.com/pasqualelembo78/huntix-poi/main/italia/marche/sconosciuta/pages/caff_galleria_43.3073_13.7287.json,custom
43.306851,13.728302,osm_vecchio_caff__maretto_43.3069_13.7283,Vecchio Caffè Maretto,bar_cafe,bar_cafe,https://raw.githubusercontent.com/pasqualelembo78/huntix-poi/main/italia/marche/sconosciuta/pages/vecchio_caff_maretto_43.3069_13.7283.json,custom
43.310813,13.726017,osm_oro_nero_43.3108_13.7260,Oro Nero,bar_cafe,bar_cafe,https://raw.githubusercontent.com/pasqualelembo78/huntix-poi/main/italia/marche/sconosciuta/pages/oro_nero_43.3108_13.7260.json,custom
43.622058,13.415869,osm_marchebar_43.6221_13.4159,MarcheBar,bar_cafe,bar_cafe,https://raw.githubusercontent.com/pasqualelembo78/huntix-poi/main/italia/marche/sconosciuta/pages/marchebar_43.6221_13.4159.json,custom
43.072217,12.610426,osm_sensi_43.0722_12.6104,Sensi,bar_cafe,bar_cafe,https://raw.githubusercontent.com/pasqualelembo78/huntix-poi/main/italia/marche/sconosciuta/pages/sensi_43.0722_12.6104.json,custom
43.071358,12.612775,osm_dolcemio_tiramisu_43.0714_12.6128,Dolcemio Tiramisu,bar_cafe,bar_cafe,https://raw.githubusercontent.com/pasqualelembo78/huntix-poi/main/italia/marche/sconosciuta/pages/dolcemio_tiramisu_43.0714_12.6128.json,custom
43.070136,12.615825,osm_la_piazzetta_di_agnese_43.0701_12.6158,La Piazzetta di Agnese,bar_cafe,bar_cafe,https://raw.githubusercontent.com/pasqualelembo78/huntix-poi/main/italia/marche/sconosciuta/pages/la_piazzetta_di_agnese_43.0701_12.6158.json,custom
43.072813,12.607580,osm_f___m_caf__43.0728_12.6076,F & M cafè,bar_cafe,bar_cafe,https://raw.githubusercontent.com/pasqualelembo78/huntix-poi/main/italia/marche/sconosciuta/pages/f_m_caf_43.0728_12.6076.json,custom
43.923004,12.451379,osm_caf__del_viale_43.9230_12.4514,Café del Viale,bar_cafe,bar_cafe,https://raw.githubusercontent.com/pasqualelembo78/huntix-poi/main/italia/marche/sconosciuta/pages/caf_del_viale_43.9230_12.4514.json,custom
43.940408,12.445497,osm_funivia_caff__43.9404_12.4455,Funivia Caffè,bar_cafe,bar_cafe,https://raw.githubusercontent.com/pasqualelembo78/huntix-poi/main/italia/marche/sconosciuta/pages/funivia_caff_43.9404_12.4455.json,custom
43.569169,12.944668,osm_bar_giallo_43.5692_12.9447,Bar Giallo,bar_cafe,bar_cafe,https://raw.githubusercontent.com/pasqualelembo78/huntix-poi/main/italia/marche/sconosciuta/pages/bar_giallo_43.5692_12.9447.json,custom
43.485959,13.482938,osm_caff__della_piazza_43.4860_13.4829,Caffè della Piazza,bar_cafe,bar_cafe,https://raw.githubusercontent.com/pasqualelembo78/huntix-poi/main/italia/marche/sconosciuta/pages/caff_della_piazza_43.4860_13.4829.json,custom
42.934083,13.893746,osm_45_com_42.9341_13.8937,45.com,bar_cafe,bar_cafe,https://raw.githubusercontent.com/pasqualelembo78/huntix-poi/main/italia/marche/sconosciuta/pages/45com_42.9341_13.8937.json,custom
42.522325,14.151921,osm_molly_bar_42.5223_14.1519,Molly Bar,bar_cafe,bar_cafe,https://raw.githubusercontent.com/pasqualelembo78/huntix-poi/main/italia/marche/sconosciuta/pages/molly_bar_42.5223_14.1519.json,custom
42.869553,13.757153,osm_antica_bonta__giacobetti_42.8696_13.7572,Antica Bontaà Giacobetti,bar_cafe,bar_cafe,https://raw.githubusercontent.com/pasqualelembo78/huntix-poi/main/italia/marche/sconosciuta/pages/antica_bonta_giacobetti_42.8696_13.7572.json,custom
42.632126,13.904614,osm_bar_on_the_roro_42.6321_13.9046,Bar On The RoRo,bar_cafe,bar_cafe,https://raw.githubusercontent.com/pasqualelembo78/huntix-poi/main/italia/marche/sconosciuta/pages/bar_on_the_roro_42.6321_13.9046.json,custom
43.908785,12.461157,osm_punto_e____a_capo_43.9088_12.4612,Punto e... a capo,bar_cafe,bar_cafe,https://raw.githubusercontent.com/pasqualelembo78/huntix-poi/main/italia/marche/sconosciuta/pages/punto_e_a_capo_43.9088_12.4612.json,custom
43.923394,12.500962,osm_street_bar_43.9234_12.5010,Street Bar,bar_cafe,bar_cafe,https://raw.githubusercontent.com/pasqualelembo78/huntix-poi/main/italia/marche/sconosciuta/pages/street_bar_43.9234_12.5010.json,custom
42.574098,12.330686,osm_pantarei_caff__42.5741_12.3307,Pantarei Caffè,bar_cafe,bar_cafe,https://raw.githubusercontent.com/pasqualelembo78/huntix-poi/main/italia/marche/sconosciuta/pages/pantarei_caff_42.5741_12.3307.json,custom
42.792488,13.092533,osm_bar_d_angelisa_42.7925_13.0925,Bar d'Angelisa,bar_cafe,bar_cafe,https://raw.githubusercontent.com/pasqualelembo78/huntix-poi/main/italia/marche/sconosciuta/pages/bar_dangelisa_42.7925_13.0925.json,custom
43.285590,13.721991,osm_chef_express_43.2856_13.7220,Chef Express,bar_cafe,bar_cafe,https://raw.githubusercontent.com/pasqualelembo78/huntix-poi/main/italia/marche/sconosciuta/pages/chef_express_43.2856_13.7220.json,custom
43.844620,13.017349,osm_s_b_m__43.8446_13.0173,S.B.M.,bar_cafe,bar_cafe,https://raw.githubusercontent.com/pasqualelembo78/huntix-poi/main/italia/marche/sconosciuta/pages/sbm_43.8446_13.0173.json,custom
43.431933,13.663528,osm_il_luppolo_43.4319_13.6635,Il Luppolo,bar_cafe,bar_cafe,https://raw.githubusercontent.com/pasqualelembo78/huntix-poi/main/italia/marche/sconosciuta/pages/il_luppolo_43.4319_13.6635.json,custom
42.959110,13.413741,osm_bar_flory_42.9591_13.4137,Bar Flory,bar_cafe,bar_cafe,https://raw.githubusercontent.com/pasqualelembo78/huntix-poi/main/italia/marche/sconosciuta/pages/bar_flory_42.9591_13.4137.json,custom
42.958071,13.413901,osm_bar_centrale_42.9581_13.4139,Bar Centrale,bar_cafe,bar_cafe,https://raw.githubusercontent.com/pasqualelembo78/huntix-poi/main/italia/marche/sconosciuta/pages/bar_centrale_42.9581_13.4139.json,custom
43.105715,12.380750,osm_pasticceria_dei_pini_43.1057_12.3808,Pasticceria dei Pini,bar_cafe,bar_cafe,https://raw.githubusercontent.com/pasqualelembo78/huntix-poi/main/italia/marche/sconosciuta/pages/pasticceria_dei_pini_43.1057_12.3808.json,custom
43.112633,12.387792,osm_arco_43.1126_12.3878,Arco,bar_cafe,bar_cafe,https://raw.githubusercontent.com/pasqualelembo78/huntix-poi/main/italia/marche/sconosciuta/pages/arco_43.1126_12.3878.json,custom
43.108300,13.318245,osm_bar_gelateria_centrale_43.1083_13.3182,Bar gelateria Centrale,bar_cafe,bar_cafe,https://raw.githubusercontent.com/pasqualelembo78/huntix-poi/main/italia/marche/sconosciuta/pages/bar_gelateria_centrale_43.1083_13.3182.json,custom
43.915410,12.864459,osm_memosa_43.9154_12.8645,Memosa,bar_cafe,bar_cafe,https://raw.githubusercontent.com/pasqualelembo78/huntix-poi/main/italia/marche/sconosciuta/pages/memosa_43.9154_12.8645.json,custom
43.607365,13.355654,osm_ivy_bar_43.6074_13.3557,Ivy Bar,bar_cafe,bar_cafe,https://raw.githubusercontent.com/pasqualelembo78/huntix-poi/main/italia/marche/sconosciuta/pages/ivy_bar_43.6074_13.3557.json,custom
43.920015,12.543691,osm_bar_bellavista_43.9200_12.5437,Bar Bellavista,bar_cafe,bar_cafe,https://raw.githubusercontent.com/pasqualelembo78/huntix-poi/main/italia/marche/sconosciuta/pages/bar_bellavista_43.9200_12.5437.json,custom
43.606280,13.354033,osm_ivy_bar_43.6063_13.3540,Ivy Bar,bar_cafe,bar_cafe,https://raw.githubusercontent.com/pasqualelembo78/huntix-poi/main/italia/marche/sconosciuta/pages/ivy_bar_43.6063_13.3540.json,custom
43.178410,12.984745,osm_bar_laila_43.1784_12.9847,Bar Laila,bar_cafe,bar_cafe,https://raw.githubusercontent.com/pasqualelembo78/huntix-poi/main/italia/marche/sconosciuta/pages/bar_laila_43.1784_12.9847.json,custom
43.089882,13.496621,osm_l_oasi_bar_43.0899_13.4966,L'Oasi Bar,bar_cafe,bar_cafe,https://raw.githubusercontent.com/pasqualelembo78/huntix-poi/main/italia/marche/sconosciuta/pages/loasi_bar_43.0899_13.4966.json,custom
42.552605,13.476793,osm_l_oasi_42.5526_13.4768,L'Oasi,bar_cafe,bar_cafe,https://raw.githubusercontent.com/pasqualelembo78/huntix-poi/main/italia/marche/sconosciuta/pages/loasi_42.5526_13.4768.json,custom
42.858609,13.570759,osm_antico_borgo_il_caff__42.8586_13.5708,Antico Borgo il caffè,bar_cafe,bar_cafe,https://raw.githubusercontent.com/pasqualelembo78/huntix-poi/main/italia/marche/sconosciuta/pages/antico_borgo_il_caff_42.8586_13.5708.json,custom
43.034549,13.858396,osm_tongatap__43.0345_13.8584,Tongatapú,bar_cafe,bar_cafe,https://raw.githubusercontent.com/pasqualelembo78/huntix-poi/main/italia/marche/sconosciuta/pages/tongatap_43.0345_13.8584.json,custom
43.377173,13.213612,osm_caff__della_porta_43.3772_13.2136,Caffè della Porta,bar_cafe,bar_cafe,https://raw.githubusercontent.com/pasqualelembo78/huntix-poi/main/italia/marche/sconosciuta/pages/caff_della_porta_43.3772_13.2136.json,custom
43.376650,13.212744,osm_alla_dolce_maniera_43.3766_13.2127,Alla Dolce Maniera,bar_cafe,bar_cafe,https://raw.githubusercontent.com/pasqualelembo78/huntix-poi/main/italia/marche/sconosciuta/pages/alla_dolce_maniera_43.3766_13.2127.json,custom
43.376809,13.213182,osm_caff__dei_tigli_43.3768_13.2132,Caffè dei Tigli,bar_cafe,bar_cafe,https://raw.githubusercontent.com/pasqualelembo78/huntix-poi/main/italia/marche/sconosciuta/pages/caff_dei_tigli_43.3768_13.2132.json,custom
42.672302,13.727350,osm_bar_family_42.6723_13.7273,Bar Family,bar_cafe,bar_cafe,https://raw.githubusercontent.com/pasqualelembo78/huntix-poi/main/italia/marche/sconosciuta/pages/bar_family_42.6723_13.7273.json,custom
43.658620,12.849441,osm_il_chiosco_43.6586_12.8494,Il Chiosco,bar_cafe,bar_cafe,https://raw.githubusercontent.com/pasqualelembo78/huntix-poi/main/italia/marche/sconosciuta/pages/il_chiosco_43.6586_12.8494.json,custom
43.799324,12.619180,osm_garden_family_bar_43.7993_12.6192,Garden Family Bar,bar_cafe,bar_cafe,https://raw.githubusercontent.com/pasqualelembo78/huntix-poi/main/italia/marche/sconosciuta/pages/garden_family_bar_43.7993_12.6192.json,custom
43.579414,13.202820,osm_alla_rotonda_43.5794_13.2028,Alla Rotonda,bar_cafe,bar_cafe,https://raw.githubusercontent.com/pasqualelembo78/huntix-poi/main/italia/marche/sconosciuta/pages/alla_rotonda_43.5794_13.2028.json,custom
43.672182,13.299411,osm_surya_43.6722_13.2994,Surya,bar_cafe,bar_cafe,https://raw.githubusercontent.com/pasqualelembo78/huntix-poi/main/italia/marche/sconosciuta/pages/surya_43.6722_13.2994.json,custom
43.682426,13.279360,osm_atlantic_43.6824_13.2794,Atlantic,bar_cafe,bar_cafe,https://raw.githubusercontent.com/pasqualelembo78/huntix-poi/main/italia/marche/sconosciuta/pages/atlantic_43.6824_13.2794.json,custom
42.518315,12.516315,osm_arcomincio_42.5183_12.5163,Arcomincio,bar_cafe,bar_cafe,https://raw.githubusercontent.com/pasqualelembo78/huntix-poi/main/italia/marche/sconosciuta/pages/arcomincio_42.5183_12.5163.json,custom
43.322714,12.984350,osm_d_esiderio_43.3227_12.9844,D'Esiderio,bar_cafe,bar_cafe,https://raw.githubusercontent.com/pasqualelembo78/huntix-poi/main/italia/marche/sconosciuta/pages/desiderio_43.3227_12.9844.json,custom
43.498435,13.156082,osm_otium_43.4984_13.1561,Otium,bar_cafe,bar_cafe,https://raw.githubusercontent.com/pasqualelembo78/huntix-poi/main/italia/marche/sconosciuta/pages/otium_43.4984_13.1561.json,custom
42.562581,12.142969,osm_caffe_e_generi_diversi_42.5626_12.1430,Caffe e Generi Diversi,bar_cafe,bar_cafe,https://raw.githubusercontent.com/pasqualelembo78/huntix-poi/main/italia/marche/sconosciuta/pages/caffe_e_generi_diversi_42.5626_12.1430.json,custom
43.226109,12.863391,osm_bar_del_fabbro_43.2261_12.8634,Bar del Fabbro,bar_cafe,bar_cafe,https://raw.githubusercontent.com/pasqualelembo78/huntix-poi/main/italia/marche/sconosciuta/pages/bar_del_fabbro_43.2261_12.8634.json,custom
42.726939,13.127461,osm_gabry_bar_42.7269_13.1275,Gabry Bar,bar_cafe,bar_cafe,https://raw.githubusercontent.com/pasqualelembo78/huntix-poi/main/italia/marche/sconosciuta/pages/gabry_bar_42.7269_13.1275.json,custom
42.610490,14.065645,osm_bar_gelateria_belvedere_42.6105_14.0656,Bar Gelateria Belvedere,bar_cafe,bar_cafe,https://raw.githubusercontent.com/pasqualelembo78/huntix-poi/main/italia/marche/sconosciuta/pages/bar_gelateria_belvedere_42.6105_14.0656.json,custom
43.640847,12.691440,osm_ristoro_del_pellegrino_43.6408_12.6914,Ristoro del Pellegrino,bar_cafe,bar_cafe,https://raw.githubusercontent.com/pasqualelembo78/huntix-poi/main/italia/marche/sconosciuta/pages/ristoro_del_pellegrino_43.6408_12.6914.json,custom
43.681337,12.647063,osm_caff__sirio_43.6813_12.6471,Caffè Sirio,bar_cafe,bar_cafe,https://raw.githubusercontent.com/pasqualelembo78/huntix-poi/main/italia/marche/sconosciuta/pages/caff_sirio_43.6813_12.6471.json,custom
43.626010,12.674455,osm_bar_del_palazzetto_43.6260_12.6745,Bar del Palazzetto,bar_cafe,bar_cafe,https://raw.githubusercontent.com/pasqualelembo78/huntix-poi/main/italia/marche/sconosciuta/pages/bar_del_palazzetto_43.6260_12.6745.json,custom
43.301857,12.342353,osm_belinda___capsule_caff__43.3019_12.3424,Belinda - capsule caffè,bar_cafe,bar_cafe,https://raw.githubusercontent.com/pasqualelembo78/huntix-poi/main/italia/marche/sconosciuta/pages/belinda_-_capsule_caff_43.3019_12.3424.json,custom
42.552730,12.530607,osm_caff__zero_42.5527_12.5306,Caffè zero,bar_cafe,bar_cafe,https://raw.githubusercontent.com/pasqualelembo78/huntix-poi/main/italia/marche/sconosciuta/pages/caff_zero_42.5527_12.5306.json,custom
42.819121,13.696724,osm_il_cubo_42.8191_13.6967,Il Cubo,bar_cafe,bar_cafe,https://raw.githubusercontent.com/pasqualelembo78/huntix-poi/main/italia/marche/sconosciuta/pages/il_cubo_42.8191_13.6967.json,custom
42.548996,14.123573,osm_lido_l_ombrellone_42.5490_14.1236,Lido L’Ombrellone,bar_cafe,bar_cafe,https://raw.githubusercontent.com/pasqualelembo78/huntix-poi/main/italia/marche/sconosciuta/pages/lido_lombrellone_42.5490_14.1236.json,custom
43.302305,12.890616,osm_bar_san_silvestro_43.3023_12.8906,Bar San Silvestro,bar_cafe,bar_cafe,https://raw.githubusercontent.com/pasqualelembo78/huntix-poi/main/italia/marche/sconosciuta/pages/bar_san_silvestro_43.3023_12.8906.json,custom
42.627963,13.292705,osm_bar_rinascimenti_42.6280_13.2927,Bar Rinascimenti,bar_cafe,bar_cafe,https://raw.githubusercontent.com/pasqualelembo78/huntix-poi/main/italia/marche/sconosciuta/pages/bar_rinascimenti_42.6280_13.2927.json,custom
42.626151,13.296728,osm_tazza_d_oro_42.6262_13.2967,Tazza d'oro,bar_cafe,bar_cafe,https://raw.githubusercontent.com/pasqualelembo78/huntix-poi/main/italia/marche/sconosciuta/pages/tazza_doro_42.6262_13.2967.json,custom
42.626431,13.296736,osm_palombini_42.6264_13.2967,Palombini,bar_cafe,bar_cafe,https://raw.githubusercontent.com/pasqualelembo78/huntix-poi/main/italia/marche/sconosciuta/pages/palombini_42.6264_13.2967.json,custom
42.626956,13.324735,osm_bar_tabacchi_alimentari_da_elvis_42.6270_13.3247,Bar Tabacchi Alimentari da Elvis,bar_cafe,bar_cafe,https://raw.githubusercontent.com/pasqualelembo78/huntix-poi/main/italia/marche/sconosciuta/pages/bar_tabacchi_alimentari_da_elvis_42.6270_13.3247.json,custom
42.630089,13.324168,osm_bar_d_angela_42.6301_13.3242,Bar d'Angela,bar_cafe,bar_cafe,https://raw.githubusercontent.com/pasqualelembo78/huntix-poi/main/italia/marche/sconosciuta/pages/bar_dangela_42.6301_13.3242.json,custom
42.625064,13.299697,osm_stocchi_42.6251_13.2997,Stocchi,bar_cafe,bar_cafe,https://raw.githubusercontent.com/pasqualelembo78/huntix-poi/main/italia/marche/sconosciuta/pages/stocchi_42.6251_13.2997.json,custom
42.626209,13.296698,osm_cry_caf__42.6262_13.2967,Cry Cafè,bar_cafe,bar_cafe,https://raw.githubusercontent.com/pasqualelembo78/huntix-poi/main/italia/marche/sconosciuta/pages/cry_caf_42.6262_13.2967.json,custom
42.626182,13.297070,osm_full_80_42.6262_13.2971,Full 80,bar_cafe,bar_cafe,https://raw.githubusercontent.com/pasqualelembo78/huntix-poi/main/italia/marche/sconosciuta/pages/full_80_42.6262_13.2971.json,custom
42.712599,13.257797,osm_momy_42.7126_13.2578,Momy,bar_cafe,bar_cafe,https://raw.githubusercontent.com/pasqualelembo78/huntix-poi/main/italia/marche/sconosciuta/pages/momy_42.7126_13.2578.json,custom
42.696870,13.242594,osm_alba_42.6969_13.2426,Alba,bar_cafe,bar_cafe,https://raw.githubusercontent.com/pasqualelembo78/huntix-poi/main/italia/marche/sconosciuta/pages/alba_42.6969_13.2426.json,custom
42.794925,13.091706,osm_il_chiosco_42.7949_13.0917,Il Chiosco,bar_cafe,bar_cafe,https://raw.githubusercontent.com/pasqualelembo78/huntix-poi/main/italia/marche/sconosciuta/pages/il_chiosco_42.7949_13.0917.json,custom
42.794522,13.092054,osm_delizia_42.7945_13.0921,Delizia,bar_cafe,bar_cafe,https://raw.githubusercontent.com/pasqualelembo78/huntix-poi/main/italia/marche/sconosciuta/pages/delizia_42.7945_13.0921.json,custom
42.792919,13.092563,osm_enoteca_bianconi_42.7929_13.0926,Enoteca Bianconi,bar_cafe,bar_cafe,https://raw.githubusercontent.com/pasqualelembo78/huntix-poi/main/italia/marche/sconosciuta/pages/enoteca_bianconi_42.7929_13.0926.json,custom
43.516804,12.729175,osm_due_pini_lounge_bar_43.5168_12.7292,Due Pini Lounge Bar,bar_cafe,bar_cafe,https://raw.githubusercontent.com/pasqualelembo78/huntix-poi/main/italia/marche/sconosciuta/pages/due_pini_lounge_bar_43.5168_12.7292.json,custom
42.935239,13.081945,osm_la_bottega_dei_sibillini_42.9352_13.0819,La Bottega dei Sibillini,bar_cafe,bar_cafe,https://raw.githubusercontent.com/pasqualelembo78/huntix-poi/main/italia/marche/sconosciuta/pages/la_bottega_dei_sibillini_42.9352_13.0819.json,custom
42.557421,13.369611,osm_trattoria_da_peppina_42.5574_13.3696,Trattoria Da Peppina,bar_cafe,bar_cafe,https://raw.githubusercontent.com/pasqualelembo78/huntix-poi/main/italia/marche/sconosciuta/pages/trattoria_da_peppina_42.5574_13.3696.json,custom
43.624522,13.382507,osm_brady_s_43.6245_13.3825,Brady's,bar_cafe,bar_cafe,https://raw.githubusercontent.com/pasqualelembo78/huntix-poi/main/italia/marche/sconosciuta/pages/bradys_43.6245_13.3825.json,custom
43.347405,12.921167,osm_la_torteria_43.3474_12.9212,La Torteria,bar_cafe,bar_cafe,https://raw.githubusercontent.com/pasqualelembo78/huntix-poi/main/italia/marche/sconosciuta/pages/la_torteria_43.3474_12.9212.json,custom
42.846605,13.698987,osm_autogrill_42.8466_13.6990,Autogrill,bar_cafe,bar_cafe,https://raw.githubusercontent.com/pasqualelembo78/huntix-poi/main/italia/marche/sconosciuta/pages/autogrill_42.8466_13.6990.json,custom
42.739892,12.737611,osm_il_garage_del_vino_42.7399_12.7376,Il Garage del vino,bar_cafe,bar_cafe,https://raw.githubusercontent.com/pasqualelembo78/huntix-poi/main/italia/marche/sconosciuta/pages/il_garage_del_vino_42.7399_12.7376.json,custom
43.275900,13.502196,osm_it_s_fantasy_caf__43.2759_13.5022,It's Fantasy Cafè,bar_cafe,bar_cafe,https://raw.githubusercontent.com/pasqualelembo78/huntix-poi/main/italia/marche/sconosciuta/pages/its_fantasy_caf_43.2759_13.5022.json,custom
43.460031,13.489087,osm_2punto2_43.4600_13.4891,2Punto2,bar_cafe,bar_cafe,https://raw.githubusercontent.com/pasqualelembo78/huntix-poi/main/italia/marche/sconosciuta/pages/2punto2_43.4600_13.4891.json,custom
43.160989,13.718545,osm_caff__foschi_43.1610_13.7185,Caffè Foschi,bar_cafe,bar_cafe,https://raw.githubusercontent.com/pasqualelembo78/huntix-poi/main/italia/marche/sconosciuta/pages/caff_foschi_43.1610_13.7185.json,custom
43.161420,13.718434,osm_maffei_43.1614_13.7184,Maffei,bar_cafe,bar_cafe,https://raw.githubusercontent.com/pasqualelembo78/huntix-poi/main/italia/marche/sconosciuta/pages/maffei_43.1614_13.7184.json,custom
43.162761,13.721861,osm_180_gradi_43.1628_13.7219,180 gradi,bar_cafe,bar_cafe,https://raw.githubusercontent.com/pasqualelembo78/huntix-poi/main/italia/marche/sconosciuta/pages/180_gradi_43.1628_13.7219.json,custom
43.106043,12.378756,osm_tabaccheria_18_43.1060_12.3788,Tabaccheria 18,bar_cafe,bar_cafe,https://raw.githubusercontent.com/pasqualelembo78/huntix-poi/main/italia/marche/sconosciuta/pages/tabaccheria_18_43.1060_12.3788.json,custom
43.208173,13.285353,osm_bar_tabacchi_bora_43.2082_13.2854,Bar Tabacchi Bora,bar_cafe,bar_cafe,https://raw.githubusercontent.com/pasqualelembo78/huntix-poi/main/italia/marche/sconosciuta/pages/bar_tabacchi_bora_43.2082_13.2854.json,custom
43.675566,13.289428,osm_il_boccio_43.6756_13.2894,Il Boccio,bar_cafe,bar_cafe,https://raw.githubusercontent.com/pasqualelembo78/huntix-poi/main/italia/marche/sconosciuta/pages/il_boccio_43.6756_13.2894.json,custom
43.311115,13.722991,osm_caff_narrato_43.3111_13.7230,CaffèNarrato,bar_cafe,bar_cafe,https://raw.githubusercontent.com/pasqualelembo78/huntix-poi/main/italia/marche/sconosciuta/pages/caffnarrato_43.3111_13.7230.json,custom
42.518829,14.130291,osm_da_sabry_42.5188_14.1303,Da Sabry,bar_cafe,bar_cafe,https://raw.githubusercontent.com/pasqualelembo78/huntix-poi/main/italia/marche/sconosciuta/pages/da_sabry_42.5188_14.1303.json,custom
43.305968,13.721911,osm_bar_pia_43.3060_13.7219,Bar Pia,bar_cafe,bar_cafe,https://raw.githubusercontent.com/pasqualelembo78/huntix-poi/main/italia/marche/sconosciuta/pages/bar_pia_43.3060_13.7219.json,custom
43.714484,13.218494,osm_caff__saccaria_43.7145_13.2185,Caffè Saccaria,bar_cafe,bar_cafe,https://raw.githubusercontent.com/pasqualelembo78/huntix-poi/main/italia/marche/sconosciuta/pages/caff_saccaria_43.7145_13.2185.json,custom
42.568092,12.648409,osm_bloom_42.5681_12.6484,Bloom,bar_cafe,bar_cafe,https://raw.githubusercontent.com/pasqualelembo78/huntix-poi/main/italia/marche/sconosciuta/pages/bloom_42.5681_12.6484.json,custom
43.462587,13.550796,osm_on_stage_43.4626_13.5508,on stage,bar_cafe,bar_cafe,https://raw.githubusercontent.com/pasqualelembo78/huntix-poi/main/italia/marche/sconosciuta/pages/on_stage_43.4626_13.5508.json,custom
42.543644,12.648811,osm_bar_moroni_42.5436_12.6488,Bar Moroni,bar_cafe,bar_cafe,https://raw.githubusercontent.com/pasqualelembo78/huntix-poi/main/italia/marche/sconosciuta/pages/bar_moroni_42.5436_12.6488.json,custom
42.563139,12.649785,osm_cioccolateria_calvani_42.5631_12.6498,Cioccolateria Calvani,bar_cafe,bar_cafe,https://raw.githubusercontent.com/pasqualelembo78/huntix-poi/main/italia/marche/sconosciuta/pages/cioccolateria_calvani_42.5631_12.6498.json,custom
43.869532,12.272155,osm_bar_del_circolo_arci_43.8695_12.2722,Bar del Circolo Arci,bar_cafe,bar_cafe,https://raw.githubusercontent.com/pasqualelembo78/huntix-poi/main/italia/marche/sconosciuta/pages/bar_del_circolo_arci_43.8695_12.2722.json,custom
43.889525,12.291396,osm_bar_gelateria_bartolini_43.8895_12.2914,Bar Gelateria Bartolini,bar_cafe,bar_cafe,https://raw.githubusercontent.com/pasqualelembo78/huntix-poi/main/italia/marche/sconosciuta/pages/bar_gelateria_bartolini_43.8895_12.2914.json,custom
43.895446,12.290079,osm_latteevino_43.8954_12.2901,LatteEVino,bar_cafe,bar_cafe,https://raw.githubusercontent.com/pasqualelembo78/huntix-poi/main/italia/marche/sconosciuta/pages/latteevino_43.8954_12.2901.json,custom
43.895173,12.290095,osm_bar_centrale_43.8952_12.2901,Bar Centrale,bar_cafe,bar_cafe,https://raw.githubusercontent.com/pasqualelembo78/huntix-poi/main/italia/marche/sconosciuta/pages/bar_centrale_43.8952_12.2901.json,custom
42.554438,14.113395,osm_eni_caf__42.5544_14.1134,Eni Cafè,bar_cafe,bar_cafe,https://raw.githubusercontent.com/pasqualelembo78/huntix-poi/main/italia/marche/sconosciuta/pages/eni_caf_42.5544_14.1134.json,custom
43.299967,13.451461,osm_spritz___chips_43.3000_13.4515,Spritz & Chips,bar_cafe,bar_cafe,https://raw.githubusercontent.com/pasqualelembo78/huntix-poi/main/italia/marche/sconosciuta/pages/spritz_chips_43.3000_13.4515.json,custom
43.677053,13.289233,osm_rex_bar_43.6771_13.2892,Rex Bar,bar_cafe,bar_cafe,https://raw.githubusercontent.com/pasqualelembo78/huntix-poi/main/italia/marche/sconosciuta/pages/rex_bar_43.6771_13.2892.json,custom
43.207348,13.055238,osm_il_nido_dei_libri_43.2073_13.0552,Il nido dei libri,bar_cafe,bar_cafe,https://raw.githubusercontent.com/pasqualelembo78/huntix-poi/main/italia/marche/sconosciuta/pages/il_nido_dei_libri_43.2073_13.0552.json,custom
43.911766,12.868718,osm_bar_ciao_bella_43.9118_12.8687,bar ciao bella,bar_cafe,bar_cafe,https://raw.githubusercontent.com/pasqualelembo78/huntix-poi/main/italia/marche/sconosciuta/pages/bar_ciao_bella_43.9118_12.8687.json,custom
43.070182,12.614282,osm_caf__del_vescovado_43.0702_12.6143,Café Del Vescovado,bar_cafe,bar_cafe,https://raw.githubusercontent.com/pasqualelembo78/huntix-poi/main/italia/marche/sconosciuta/pages/caf_del_vescovado_43.0702_12.6143.json,custom
43.906371,12.864882,osm_bar_drink_snack_43.9064_12.8649,Bar Drink Snack,bar_cafe,bar_cafe,https://raw.githubusercontent.com/pasqualelembo78/huntix-poi/main/italia/marche/sconosciuta/pages/bar_drink_snack_43.9064_12.8649.json,custom
43.875930,12.041294,osm_bar_poker_da_oscar_43.8759_12.0413,Bar Poker da Oscar,bar_cafe,bar_cafe,https://raw.githubusercontent.com/pasqualelembo78/huntix-poi/main/italia/marche/sconosciuta/pages/bar_poker_da_oscar_43.8759_12.0413.json,custom
43.630854,13.394428,osm_rococ__43.6309_13.3944,Rococò,bar_cafe,bar_cafe,https://raw.githubusercontent.com/pasqualelembo78/huntix-poi/main/italia/marche/sconosciuta/pages/rococ_43.6309_13.3944.json,custom
43.312131,12.100257,osm_bar_alimentari_coppini_43.3121_12.1003,Bar alimentari Coppini,bar_cafe,bar_cafe,https://raw.githubusercontent.com/pasqualelembo78/huntix-poi/main/italia/marche/sconosciuta/pages/bar_alimentari_coppini_43.3121_12.1003.json,custom
43.935041,12.448460,osm_strapizzati_43.9350_12.4485,Strapizzati,bar_cafe,bar_cafe,https://raw.githubusercontent.com/pasqualelembo78/huntix-poi/main/italia/marche/sconosciuta/pages/strapizzati_43.9350_12.4485.json,custom
43.709378,13.209369,osm_bar_con_sapore_conad_43.7094_13.2094,Bar Con Sapore Conad,bar_cafe,bar_cafe,https://raw.githubusercontent.com/pasqualelembo78/huntix-poi/main/italia/marche/sconosciuta/pages/bar_con_sapore_conad_43.7094_13.2094.json,custom
43.209914,13.283523,osm_la_dolce_vita_43.2099_13.2835,La Dolce Vita,bar_cafe,bar_cafe,https://raw.githubusercontent.com/pasqualelembo78/huntix-poi/main/italia/marche/sconosciuta/pages/la_dolce_vita_43.2099_13.2835.json,custom
43.111429,12.387591,osm_elfo_s_pub_43.1114_12.3876,Elfo's Pub,bar_cafe,bar_cafe,https://raw.githubusercontent.com/pasqualelembo78/huntix-poi/main/italia/marche/sconosciuta/pages/elfos_pub_43.1114_12.3876.json,custom
42.863024,13.640354,osm_pasticceria_da_mauro_e_piero_42.8630_13.6404,Pasticceria da Mauro e Piero,bar_cafe,bar_cafe,https://raw.githubusercontent.com/pasqualelembo78/huntix-poi/main/italia/marche/sconosciuta/pages/pasticceria_da_mauro_e_piero_42.8630_13.6404.json,custom
43.112992,12.388329,osm_bastik_caffe_43.1130_12.3883,Bastik Caffe,bar_cafe,bar_cafe,https://raw.githubusercontent.com/pasqualelembo78/huntix-poi/main/italia/marche/sconosciuta/pages/bastik_caffe_43.1130_12.3883.json,custom
42.720603,12.729050,osm_bar_l_incontro_42.7206_12.7290,Bar L'Incontro,bar_cafe,bar_cafe,https://raw.githubusercontent.com/pasqualelembo78/huntix-poi/main/italia/marche/sconosciuta/pages/bar_lincontro_42.7206_12.7290.json,custom
43.967332,12.750327,osm_nascosto_bar___cicchetti_43.9673_12.7503,Nascosto bar & cicchetti,bar_cafe,bar_cafe,https://raw.githubusercontent.com/pasqualelembo78/huntix-poi/main/italia/marche/sconosciuta/pages/nascosto_bar_cicchetti_43.9673_12.7503.json,custom
43.871188,12.804123,osm_lupin_43.8712_12.8041,Lupin,bar_cafe,bar_cafe,https://raw.githubusercontent.com/pasqualelembo78/huntix-poi/main/italia/marche/sconosciuta/pages/lupin_43.8712_12.8041.json,custom
42.659866,13.703123,osm_capriccio_42.6599_13.7031,Capriccio,bar_cafe,bar_cafe,https://raw.githubusercontent.com/pasqualelembo78/huntix-poi/main/italia/marche/sconosciuta/pages/capriccio_42.6599_13.7031.json,custom
43.403013,12.969908,osm_il_mulino_43.4030_12.9699,il Mulino,bar_cafe,bar_cafe,https://raw.githubusercontent.com/pasqualelembo78/huntix-poi/main/italia/marche/sconosciuta/pages/il_mulino_43.4030_12.9699.json,custom
42.828049,13.934057,osm_molinari_42.8280_13.9341,Molinari,bar_cafe,bar_cafe,https://raw.githubusercontent.com/pasqualelembo78/huntix-poi/main/italia/marche/sconosciuta/pages/molinari_42.8280_13.9341.json,custom
43.522915,13.522642,osm_eni_caf__shop_43.5229_13.5226,Eni Café&Shop,bar_cafe,bar_cafe,https://raw.githubusercontent.com/pasqualelembo78/huntix-poi/main/italia/marche/sconosciuta/pages/eni_cafshop_43.5229_13.5226.json,custom
43.907462,12.913527,osm_narciso_cocktail___cucina_43.9075_12.9135,Narciso cocktail & cucina,bar_cafe,bar_cafe,https://raw.githubusercontent.com/pasqualelembo78/huntix-poi/main/italia/marche/sconosciuta/pages/narciso_cocktail_cucina_43.9075_12.9135.json,custom
43.165290,13.416086,osm_caffetteria_renata_43.1653_13.4161,caffetteria Renata,bar_cafe,bar_cafe,https://raw.githubusercontent.com/pasqualelembo78/huntix-poi/main/italia/marche/sconosciuta/pages/caffetteria_renata_43.1653_13.4161.json,custom
42.530331,14.124962,osm_on_the_run_42.5303_14.1250,On the Run,bar_cafe,bar_cafe,https://raw.githubusercontent.com/pasqualelembo78/huntix-poi/main/italia/marche/sconosciuta/pages/on_the_run_42.5303_14.1250.json,custom
42.853627,13.589530,osm_link_caf__42.8536_13.5895,Link Cafè,bar_cafe,bar_cafe,https://raw.githubusercontent.com/pasqualelembo78/huntix-poi/main/italia/marche/sconosciuta/pages/link_caf_42.8536_13.5895.json,custom
42.854703,13.590551,osm_s__con_gusto_42.8547_13.5906,Sì con Gusto,bar_cafe,bar_cafe,https://raw.githubusercontent.com/pasqualelembo78/huntix-poi/main/italia/marche/sconosciuta/pages/s_con_gusto_42.8547_13.5906.json,custom
43.921677,12.895657,osm_kiosco_43.9217_12.8957,Kiosco,bar_cafe,bar_cafe,https://raw.githubusercontent.com/pasqualelembo78/huntix-poi/main/italia/marche/sconosciuta/pages/kiosco_43.9217_12.8957.json,custom
43.307263,13.730964,osm_bar_centrale_43.3073_13.7310,Bar Centrale,bar_cafe,bar_cafe,https://raw.githubusercontent.com/pasqualelembo78/huntix-poi/main/italia/marche/sconosciuta/pages/bar_centrale_43.3073_13.7310.json,custom
43.309804,13.727984,osm_roberto_cantolacqua_43.3098_13.7280,Roberto Cantolacqua,bar_cafe,bar_cafe,https://raw.githubusercontent.com/pasqualelembo78/huntix-poi/main/italia/marche/sconosciuta/pages/roberto_cantolacqua_43.3098_13.7280.json,custom
42.932649,13.082489,osm_bar_central_42.9326_13.0825,Bar Central,bar_cafe,bar_cafe,https://raw.githubusercontent.com/pasqualelembo78/huntix-poi/main/italia/marche/sconosciuta/pages/bar_central_42.9326_13.0825.json,custom
43.125968,12.047694,osm_bar_bim_bum_bam___o_43.1260_12.0477,Bar Bim Bum Bam...o,bar_cafe,bar_cafe,https://raw.githubusercontent.com/pasqualelembo78/huntix-poi/main/italia/marche/sconosciuta/pages/bar_bim_bum_bamo_43.1260_12.0477.json,custom
43.710182,13.204735,osm_l_arte_del_pane_43.7102_13.2047,L'Arte del Pane,bar_cafe,bar_cafe,https://raw.githubusercontent.com/pasqualelembo78/huntix-poi/main/italia/marche/sconosciuta/pages/larte_del_pane_43.7102_13.2047.json,custom
42.711443,12.281322,osm_bar_d__pazzi_42.7114_12.2813,Bar dè pazzi,bar_cafe,bar_cafe,https://raw.githubusercontent.com/pasqualelembo78/huntix-poi/main/italia/marche/sconosciuta/pages/bar_d_pazzi_42.7114_12.2813.json,custom
43.784664,12.025151,osm_il_mulino_43.7847_12.0252,Il Mulino,bar_cafe,bar_cafe,https://raw.githubusercontent.com/pasqualelembo78/huntix-poi/main/italia/marche/sconosciuta/pages/il_mulino_43.7847_12.0252.json,custom
43.112011,12.390147,osm_il_porco_rosso_43.1120_12.3901,Il porco rosso,bar_cafe,bar_cafe,https://raw.githubusercontent.com/pasqualelembo78/huntix-poi/main/italia/marche/sconosciuta/pages/il_porco_rosso_43.1120_12.3901.json,custom
43.627634,13.403839,osm_baraonda_43.6276_13.4038,Baraonda,bar_cafe,bar_cafe,https://raw.githubusercontent.com/pasqualelembo78/huntix-poi/main/italia/marche/sconosciuta/pages/baraonda_43.6276_13.4038.json,custom
43.626703,13.406180,osm_bar_mirco_e_ale_43.6267_13.4062,Bar Mirco e Ale,bar_cafe,bar_cafe,https://raw.githubusercontent.com/pasqualelembo78/huntix-poi/main/italia/marche/sconosciuta/pages/bar_mirco_e_ale_43.6267_13.4062.json,custom
43.627235,13.404791,osm_orange_beach_blu_43.6272_13.4048,Orange Beach Blu,bar_cafe,bar_cafe,https://raw.githubusercontent.com/pasqualelembo78/huntix-poi/main/italia/marche/sconosciuta/pages/orange_beach_blu_43.6272_13.4048.json,custom
43.962935,12.763793,osm_banco_a_ristoro_43.9629_12.7638,Banco A Ristoro,bar_cafe,bar_cafe,https://raw.githubusercontent.com/pasqualelembo78/huntix-poi/main/italia/marche/sconosciuta/pages/banco_a_ristoro_43.9629_12.7638.json,custom
42.727621,12.335893,osm_circolo_ricreativo_acqualoreto_42.7276_12.3359,Circolo Ricreativo Acqualoreto,bar_cafe,bar_cafe,https://raw.githubusercontent.com/pasqualelembo78/huntix-poi/main/italia/marche/sconosciuta/pages/circolo_ricreativo_acqualoreto_42.7276_12.3359.json,custom
42.644562,12.344627,osm_circolo_acli_42.6446_12.3446,Circolo ACLI,bar_cafe,bar_cafe,https://raw.githubusercontent.com/pasqualelembo78/huntix-poi/main/italia/marche/sconosciuta/pages/circolo_acli_42.6446_12.3446.json,custom
42.525480,12.800286,osm_il_buco_42.5255_12.8003,Il Buco,bar_cafe,bar_cafe,https://raw.githubusercontent.com/pasqualelembo78/huntix-poi/main/italia/marche/sconosciuta/pages/il_buco_42.5255_12.8003.json,custom
43.513570,13.397110,osm_bar_saint_vincent_43.5136_13.3971,Bar Saint Vincent,bar_cafe,bar_cafe,https://raw.githubusercontent.com/pasqualelembo78/huntix-poi/main/italia/marche/sconosciuta/pages/bar_saint_vincent_43.5136_13.3971.json,custom
43.714620,13.218713,osm_la_signora_43.7146_13.2187,La Signora,bar_cafe,bar_cafe,https://raw.githubusercontent.com/pasqualelembo78/huntix-poi/main/italia/marche/sconosciuta/pages/la_signora_43.7146_13.2187.json,custom
43.088457,12.469922,osm_doppio_malto_43.0885_12.4699,Doppio Malto,bar_cafe,bar_cafe,https://raw.githubusercontent.com/pasqualelembo78/huntix-poi/main/italia/marche/sconosciuta/pages/doppio_malto_43.0885_12.4699.json,custom
43.512030,13.526953,osm_al_solito_posto_43.5120_13.5270,Al Solito Posto,bar_cafe,bar_cafe,https://raw.githubusercontent.com/pasqualelembo78/huntix-poi/main/italia/marche/sconosciuta/pages/al_solito_posto_43.5120_13.5270.json,custom
43.960075,12.744990,osm_buffet___stazione_43.9601_12.7450,Buffet - Stazione,bar_cafe,bar_cafe,https://raw.githubusercontent.com/pasqualelembo78/huntix-poi/main/italia/marche/sconosciuta/pages/buffet_-_stazione_43.9601_12.7450.json,custom
43.534863,13.257407,osm_enilive_caf__43.5349_13.2574,Enilive Café,bar_cafe,bar_cafe,https://raw.githubusercontent.com/pasqualelembo78/huntix-poi/main/italia/marche/sconosciuta/pages/enilive_caf_43.5349_13.2574.json,custom
43.146917,13.064249,osm_asterix_43.1469_13.0642,Asterix,bar_cafe,bar_cafe,https://raw.githubusercontent.com/pasqualelembo78/huntix-poi/main/italia/marche/sconosciuta/pages/asterix_43.1469_13.0642.json,custom
43.027789,13.579657,osm_decumano_caff__43.0278_13.5797,Decumano Caffè,bar_cafe,bar_cafe,https://raw.githubusercontent.com/pasqualelembo78/huntix-poi/main/italia/marche/sconosciuta/pages/decumano_caff_43.0278_13.5797.json,custom
43.728751,13.204090,osm_atollo_43.7288_13.2041,Atollo,bar_cafe,bar_cafe,https://raw.githubusercontent.com/pasqualelembo78/huntix-poi/main/italia/marche/sconosciuta/pages/atollo_43.7288_13.2041.json,custom
43.742900,13.183070,osm_frontemare_caff__43.7429_13.1831,Frontemare Caffè,bar_cafe,bar_cafe,https://raw.githubusercontent.com/pasqualelembo78/huntix-poi/main/italia/marche/sconosciuta/pages/frontemare_caff_43.7429_13.1831.json,custom
43.726716,13.206958,osm_diciottozerozero_43.7267_13.2070,Diciottozerozero,bar_cafe,bar_cafe,https://raw.githubusercontent.com/pasqualelembo78/huntix-poi/main/italia/marche/sconosciuta/pages/diciottozerozero_43.7267_13.2070.json,custom
43.180654,13.798461,osm_aqua_43.1807_13.7985,Aqua,bar_cafe,bar_cafe,https://raw.githubusercontent.com/pasqualelembo78/huntix-poi/main/italia/marche/sconosciuta/pages/aqua_43.1807_13.7985.json,custom
43.180542,13.797768,osm_lampara_43.1805_13.7978,Lampara,bar_cafe,bar_cafe,https://raw.githubusercontent.com/pasqualelembo78/huntix-poi/main/italia/marche/sconosciuta/pages/lampara_43.1805_13.7978.json,custom
43.290357,13.708255,osm_mod__caf__43.2904_13.7083,Modà Cafè,bar_cafe,bar_cafe,https://raw.githubusercontent.com/pasqualelembo78/huntix-poi/main/italia/marche/sconosciuta/pages/mod_caf_43.2904_13.7083.json,custom
43.599856,13.325327,osm_chiaro_caff__43.5999_13.3253,Chiaro Caffè,bar_cafe,bar_cafe,https://raw.githubusercontent.com/pasqualelembo78/huntix-poi/main/italia/marche/sconosciuta/pages/chiaro_caff_43.5999_13.3253.json,custom
43.609152,13.482078,osm_brezza_marina_dorica_43.6092_13.4821,Brezza Marina Dorica,bar_cafe,bar_cafe,https://raw.githubusercontent.com/pasqualelembo78/huntix-poi/main/italia/marche/sconosciuta/pages/brezza_marina_dorica_43.6092_13.4821.json,custom
43.608854,13.482427,osm_perla_nera_43.6089_13.4824,Perla Nera,bar_cafe,bar_cafe,https://raw.githubusercontent.com/pasqualelembo78/huntix-poi/main/italia/marche/sconosciuta/pages/perla_nera_43.6089_13.4824.json,custom
42.863041,13.766677,osm_fly_risto_bar_42.8630_13.7667,Fly Risto Bar,bar_cafe,bar_cafe,https://raw.githubusercontent.com/pasqualelembo78/huntix-poi/main/italia/marche/sconosciuta/pages/fly_risto_bar_42.8630_13.7667.json,custom
43.995481,12.670802,osm_terme_di_riccione_43.9955_12.6708,Terme di Riccione,bar_cafe,bar_cafe,https://raw.githubusercontent.com/pasqualelembo78/huntix-poi/main/italia/marche/sconosciuta/pages/terme_di_riccione_43.9955_12.6708.json,custom
43.316202,13.244343,osm_bar_giada_43.3162_13.2443,Bar GiaDa,bar_cafe,bar_cafe,https://raw.githubusercontent.com/pasqualelembo78/huntix-poi/main/italia/marche/sconosciuta/pages/bar_giada_43.3162_13.2443.json,custom
42.567074,12.657970,osm_aci_42.5671_12.6580,ACI,bar_cafe,bar_cafe,https://raw.githubusercontent.com/pasqualelembo78/huntix-poi/main/italia/marche/sconosciuta/pages/aci_42.5671_12.6580.json,custom
42.500002,13.558414,osm_bar_prati_di_tivo_42.5000_13.5584,Bar Prati di Tivo,bar_cafe,bar_cafe,https://raw.githubusercontent.com/pasqualelembo78/huntix-poi/main/italia/marche/sconosciuta/pages/bar_prati_di_tivo_42.5000_13.5584.json,custom
43.547544,12.179722,osm_struttura_polivalente_comunale_43.5475_12.1797,Struttura polivalente comunale,bar_cafe,bar_cafe,https://raw.githubusercontent.com/pasqualelembo78/huntix-poi/main/italia/marche/sconosciuta/pages/struttura_polivalente_comunale_43.5475_12.1797.json,custom
43.869393,12.490878,osm_da_cimos_43.8694_12.4909,da Cimos,bar_cafe,bar_cafe,https://raw.githubusercontent.com/pasqualelembo78/huntix-poi/main/italia/marche/sconosciuta/pages/da_cimos_43.8694_12.4909.json,custom
43.870162,12.492479,osm_bar_roma_43.8702_12.4925,Bar Roma,bar_cafe,bar_cafe,https://raw.githubusercontent.com/pasqualelembo78/huntix-poi/main/italia/marche/sconosciuta/pages/bar_roma_43.8702_12.4925.json,custom
43.870503,12.492593,osm_la_piazzetta_43.8705_12.4926,La Piazzetta,bar_cafe,bar_cafe,https://raw.githubusercontent.com/pasqualelembo78/huntix-poi/main/italia/marche/sconosciuta/pages/la_piazzetta_43.8705_12.4926.json,custom
43.689894,12.816541,osm_bar_tone_43.6899_12.8165,Bar Tone,bar_cafe,bar_cafe,https://raw.githubusercontent.com/pasqualelembo78/huntix-poi/main/italia/marche/sconosciuta/pages/bar_tone_43.6899_12.8165.json,custom
42.514722,14.141666,osm_martina_caff__42.5147_14.1417,Martina Caffé,bar_cafe,bar_cafe,https://raw.githubusercontent.com/pasqualelembo78/huntix-poi/main/italia/marche/sconosciuta/pages/martina_caff_42.5147_14.1417.json,custom
42.749568,13.972715,osm_pois__chiuso__42.7496_13.9727,Pois (chiuso),bar_cafe,bar_cafe,https://raw.githubusercontent.com/pasqualelembo78/huntix-poi/main/italia/marche/sconosciuta/pages/pois_chiuso_42.7496_13.9727.json,custom
43.978330,12.688516,osm_agina_caff__43.9783_12.6885,Agina Caffè,bar_cafe,bar_cafe,https://raw.githubusercontent.com/pasqualelembo78/huntix-poi/main/italia/marche/sconosciuta/pages/agina_caff_43.9783_12.6885.json,custom
43.983978,12.693485,osm_oasi_43.9840_12.6935,Oasi,bar_cafe,bar_cafe,https://raw.githubusercontent.com/pasqualelembo78/huntix-poi/main/italia/marche/sconosciuta/pages/oasi_43.9840_12.6935.json,custom
43.571881,12.135530,osm_usl_8_43.5719_12.1355,USL 8,bar_cafe,bar_cafe,https://raw.githubusercontent.com/pasqualelembo78/huntix-poi/main/italia/marche/sconosciuta/pages/usl_8_43.5719_12.1355.json,custom
43.247010,13.317448,osm_bar_vin_cotto_43.2470_13.3174,Bar Vin Cotto,bar_cafe,bar_cafe,https://raw.githubusercontent.com/pasqualelembo78/huntix-poi/main/italia/marche/sconosciuta/pages/bar_vin_cotto_43.2470_13.3174.json,custom
43.070343,12.538900,osm_circolo_xxv_aprile_43.0703_12.5389,Circolo XXV Aprile,bar_cafe,bar_cafe,https://raw.githubusercontent.com/pasqualelembo78/huntix-poi/main/italia/marche/sconosciuta/pages/circolo_xxv_aprile_43.0703_12.5389.json,custom
42.912799,12.728645,osm_on_the_run_42.9128_12.7286,On the run,bar_cafe,bar_cafe,https://raw.githubusercontent.com/pasqualelembo78/huntix-poi/main/italia/marche/sconosciuta/pages/on_the_run_42.9128_12.7286.json,custom
43.912439,12.303859,osm_il_giardino_roccioso_43.9124_12.3039,Il Giardino Roccioso,bar_cafe,bar_cafe,https://raw.githubusercontent.com/pasqualelembo78/huntix-poi/main/italia/marche/sconosciuta/pages/il_giardino_roccioso_43.9124_12.3039.json,custom
43.949316,12.368703,osm_ristoro_sasso_d_oro_43.9493_12.3687,Ristoro Sasso d'oro,bar_cafe,bar_cafe,https://raw.githubusercontent.com/pasqualelembo78/huntix-poi/main/italia/marche/sconosciuta/pages/ristoro_sasso_doro_43.9493_12.3687.json,custom
43.981692,12.695825,osm_mare_nord_43.9817_12.6958,Mare nord,bar_cafe,bar_cafe,https://raw.githubusercontent.com/pasqualelembo78/huntix-poi/main/italia/marche/sconosciuta/pages/mare_nord_43.9817_12.6958.json,custom
43.992543,12.676303,osm_dreadlocks_43.9925_12.6763,Dreadlocks,bar_cafe,bar_cafe,https://raw.githubusercontent.com/pasqualelembo78/huntix-poi/main/italia/marche/sconosciuta/pages/dreadlocks_43.9925_12.6763.json,custom
43.990640,12.672702,osm_kristal_43.9906_12.6727,Kristal,bar_cafe,bar_cafe,https://raw.githubusercontent.com/pasqualelembo78/huntix-poi/main/italia/marche/sconosciuta/pages/kristal_43.9906_12.6727.json,custom
42.695721,13.791072,osm_bar_centrale_42.6957_13.7911,Bar Centrale,bar_cafe,bar_cafe,https://raw.githubusercontent.com/pasqualelembo78/huntix-poi/main/italia/marche/sconosciuta/pages/bar_centrale_42.6957_13.7911.json,custom
42.660846,13.706982,osm_bar_san_francesco_42.6608_13.7070,Bar San Francesco,bar_cafe,bar_cafe,https://raw.githubusercontent.com/pasqualelembo78/huntix-poi/main/italia/marche/sconosciuta/pages/bar_san_francesco_42.6608_13.7070.json,custom
43.074537,12.558415,osm_circolo_sociale_campiglione_43.0745_12.5584,Circolo sociale Campiglione,bar_cafe,bar_cafe,https://raw.githubusercontent.com/pasqualelembo78/huntix-poi/main/italia/marche/sconosciuta/pages/circolo_sociale_campiglione_43.0745_12.5584.json,custom
42.660704,13.697980,osm_al_numero_uno_42.6607_13.6980,Al numero uno,bar_cafe,bar_cafe,https://raw.githubusercontent.com/pasqualelembo78/huntix-poi/main/italia/marche/sconosciuta/pages/al_numero_uno_42.6607_13.6980.json,custom
42.661733,13.698390,osm_la_villa_42.6617_13.6984,La villa,bar_cafe,bar_cafe,https://raw.githubusercontent.com/pasqualelembo78/huntix-poi/main/italia/marche/sconosciuta/pages/la_villa_42.6617_13.6984.json,custom
42.654452,13.697588,osm_il_tempio_della_birra_42.6545_13.6976,Il tempio della birra,bar_cafe,bar_cafe,https://raw.githubusercontent.com/pasqualelembo78/huntix-poi/main/italia/marche/sconosciuta/pages/il_tempio_della_birra_42.6545_13.6976.json,custom
43.965173,12.405705,osm_bar_undici_43.9652_12.4057,Bar Undici,bar_cafe,bar_cafe,https://raw.githubusercontent.com/pasqualelembo78/huntix-poi/main/italia/marche/sconosciuta/pages/bar_undici_43.9652_12.4057.json,custom
42.732780,12.736690,osm_caff__letterario_42.7328_12.7367,Caffé Letterario,bar_cafe,bar_cafe,https://raw.githubusercontent.com/pasqualelembo78/huntix-poi/main/italia/marche/sconosciuta/pages/caff_letterario_42.7328_12.7367.json,custom
43.527187,13.062556,osm_chalet_della_terrazza_43.5272_13.0626,Chalet della Terrazza,bar_cafe,bar_cafe,https://raw.githubusercontent.com/pasqualelembo78/huntix-poi/main/italia/marche/sconosciuta/pages/chalet_della_terrazza_43.5272_13.0626.json,custom
42.860506,12.011832,osm_chiosco_dei_giardinetti_42.8605_12.0118,Chiosco dei Giardinetti,bar_cafe,bar_cafe,https://raw.githubusercontent.com/pasqualelembo78/huntix-poi/main/italia/marche/sconosciuta/pages/chiosco_dei_giardinetti_42.8605_12.0118.json,custom
42.872907,12.016243,osm_chiosco_la_colonnetta_di_fabro_42.8729_12.0162,Chiosco la Colonnetta di Fabro,bar_cafe,bar_cafe,https://raw.githubusercontent.com/pasqualelembo78/huntix-poi/main/italia/marche/sconosciuta/pages/chiosco_la_colonnetta_di_fabro_42.8729_12.0162.json,custom
42.874788,12.044175,osm_chiosco_42.8748_12.0442,Chiosco,bar_cafe,bar_cafe,https://raw.githubusercontent.com/pasqualelembo78/huntix-poi/main/italia/marche/sconosciuta/pages/chiosco_42.8748_12.0442.json,custom
42.944452,13.814213,osm_caffee_leopardi_42.9445_13.8142,Caffee Leopardi,bar_cafe,bar_cafe,https://raw.githubusercontent.com/pasqualelembo78/huntix-poi/main/italia/marche/sconosciuta/pages/caffee_leopardi_42.9445_13.8142.json,custom
43.707380,13.233085,osm_agip_caf__43.7074_13.2331,Agip Cafè,bar_cafe,bar_cafe,https://raw.githubusercontent.com/pasqualelembo78/huntix-poi/main/italia/marche/sconosciuta/pages/agip_caf_43.7074_13.2331.json,custom
43.705235,13.236404,osm_bistr__caf__43.7052_13.2364,Bistrò cafè,bar_cafe,bar_cafe,https://raw.githubusercontent.com/pasqualelembo78/huntix-poi/main/italia/marche/sconosciuta/pages/bistr_caf_43.7052_13.2364.json,custom
43.708367,13.235244,osm_paradise_bar_43.7084_13.2352,Paradise Bar,bar_cafe,bar_cafe,https://raw.githubusercontent.com/pasqualelembo78/huntix-poi/main/italia/marche/sconosciuta/pages/paradise_bar_43.7084_13.2352.json,custom
43.473211,13.035986,osm_il_circolo_43.4732_13.0360,Il Circolo,bar_cafe,bar_cafe,https://raw.githubusercontent.com/pasqualelembo78/huntix-poi/main/italia/marche/sconosciuta/pages/il_circolo_43.4732_13.0360.json,custom
43.279036,13.503319,osm_sarni_43.2790_13.5033,Sarni,bar_cafe,bar_cafe,https://raw.githubusercontent.com/pasqualelembo78/huntix-poi/main/italia/marche/sconosciuta/pages/sarni_43.2790_13.5033.json,custom
43.620117,13.422062,osm_tanga_beach_club_43.6201_13.4221,Tanga beach club,bar_cafe,bar_cafe,https://raw.githubusercontent.com/pasqualelembo78/huntix-poi/main/italia/marche/sconosciuta/pages/tanga_beach_club_43.6201_13.4221.json,custom
43.626964,13.405616,osm_koco_beach_43.6270_13.4056,Koco Beach,bar_cafe,bar_cafe,https://raw.githubusercontent.com/pasqualelembo78/huntix-poi/main/italia/marche/sconosciuta/pages/koco_beach_43.6270_13.4056.json,custom
42.638032,12.409273,osm_orietta_42.6380_12.4093,Orietta,bar_cafe,bar_cafe,https://raw.githubusercontent.com/pasqualelembo78/huntix-poi/main/italia/marche/sconosciuta/pages/orietta_42.6380_12.4093.json,custom
43.193719,12.898649,osm_bar_spindoli_43.1937_12.8986,bar Spindoli,bar_cafe,bar_cafe,https://raw.githubusercontent.com/pasqualelembo78/huntix-poi/main/italia/marche/sconosciuta/pages/bar_spindoli_43.1937_12.8986.json,custom
43.125027,12.057101,osm_il_pontile_43.1250_12.0571,Il Pontile,bar_cafe,bar_cafe,https://raw.githubusercontent.com/pasqualelembo78/huntix-poi/main/italia/marche/sconosciuta/pages/il_pontile_43.1250_12.0571.json,custom
42.984073,13.854906,osm_bar_calvaresi_42.9841_13.8549,Bar Calvaresi,bar_cafe,bar_cafe,https://raw.githubusercontent.com/pasqualelembo78/huntix-poi/main/italia/marche/sconosciuta/pages/bar_calvaresi_42.9841_13.8549.json,custom
43.501361,13.185180,osm_circolo_ricreativo_pantiere_43.5014_13.1852,Circolo Ricreativo Pantiere,bar_cafe,bar_cafe,https://raw.githubusercontent.com/pasqualelembo78/huntix-poi/main/italia/marche/sconosciuta/pages/circolo_ricreativo_pantiere_43.5014_13.1852.json,custom
43.844209,12.749280,osm_delizia_43.8442_12.7493,Delizia,bar_cafe,bar_cafe,https://raw.githubusercontent.com/pasqualelembo78/huntix-poi/main/italia/marche/sconosciuta/pages/delizia_43.8442_12.7493.json,custom
43.841990,12.746495,osm_la_bottega_43.8420_12.7465,La Bottega,bar_cafe,bar_cafe,https://raw.githubusercontent.com/pasqualelembo78/huntix-poi/main/italia/marche/sconosciuta/pages/la_bottega_43.8420_12.7465.json,custom
42.594240,14.080955,osm_la_nelide_42.5942_14.0810,La Nelide,bar_cafe,bar_cafe,https://raw.githubusercontent.com/pasqualelembo78/huntix-poi/main/italia/marche/sconosciuta/pages/la_nelide_42.5942_14.0810.json,custom
42.894921,13.152090,osm_campanaccio_42.8949_13.1521,Campanaccio,bar_cafe,bar_cafe,https://raw.githubusercontent.com/pasqualelembo78/huntix-poi/main/italia/marche/sconosciuta/pages/campanaccio_42.8949_13.1521.json,custom
42.862093,13.592996,osm_bar_dello_sport_42.8621_13.5930,Bar dello Sport,bar_cafe,bar_cafe,https://raw.githubusercontent.com/pasqualelembo78/huntix-poi/main/italia/marche/sconosciuta/pages/bar_dello_sport_42.8621_13.5930.json,custom
42.880758,13.039050,osm_il_castoro_42.8808_13.0391,Il Castoro,bar_cafe,bar_cafe,https://raw.githubusercontent.com/pasqualelembo78/huntix-poi/main/italia/marche/sconosciuta/pages/il_castoro_42.8808_13.0391.json,custom
43.267492,13.006918,osm_miobar_43.2675_13.0069,Miobar,bar_cafe,bar_cafe,https://raw.githubusercontent.com/pasqualelembo78/huntix-poi/main/italia/marche/sconosciuta/pages/miobar_43.2675_13.0069.json,custom
42.631994,12.303757,osm_parco_aiola_42.6320_12.3038,Parco Aiola,bar_cafe,bar_cafe,https://raw.githubusercontent.com/pasqualelembo78/huntix-poi/main/italia/marche/sconosciuta/pages/parco_aiola_42.6320_12.3038.json,custom
42.665419,13.690189,osm_caf__des_artistes_42.6654_13.6902,Cafè des artistes,bar_cafe,bar_cafe,https://raw.githubusercontent.com/pasqualelembo78/huntix-poi/main/italia/marche/sconosciuta/pages/caf_des_artistes_42.6654_13.6902.json,custom
42.518356,14.160525,osm_la_rosa_dei_venti_42.5184_14.1605,La rosa dei venti,bar_cafe,bar_cafe,https://raw.githubusercontent.com/pasqualelembo78/huntix-poi/main/italia/marche/sconosciuta/pages/la_rosa_dei_venti_42.5184_14.1605.json,custom
42.581002,13.627567,osm_bar_gelateria_benignetti_roberta_42.5810_13.6276,Bar gelateria Benignetti Roberta,bar_cafe,bar_cafe,https://raw.githubusercontent.com/pasqualelembo78/huntix-poi/main/italia/marche/sconosciuta/pages/bar_gelateria_benignetti_roberta_42.5810_13.6276.json,custom
43.186757,12.552181,osm_jumbo_bar_43.1868_12.5522,Jumbo Bar,bar_cafe,bar_cafe,https://raw.githubusercontent.com/pasqualelembo78/huntix-poi/main/italia/marche/sconosciuta/pages/jumbo_bar_43.1868_12.5522.json,custom
43.147639,13.472971,osm_bar_43.1476_13.4730,Bar,bar_cafe,bar_cafe,https://raw.githubusercontent.com/pasqualelembo78/huntix-poi/main/italia/marche/sconosciuta/pages/bar_43.1476_13.4730.json,custom
43.522159,12.826386,osm_elda_caf__43.5222_12.8264,Elda Cafè,bar_cafe,bar_cafe,https://raw.githubusercontent.com/pasqualelembo78/huntix-poi/main/italia/marche/sconosciuta/pages/elda_caf_43.5222_12.8264.json,custom
42.749043,12.727729,osm_pegaso_42.7490_12.7277,Pegaso,bar_cafe,bar_cafe,https://raw.githubusercontent.com/pasqualelembo78/huntix-poi/main/italia/marche/sconosciuta/pages/pegaso_42.7490_12.7277.json,custom
42.773151,12.767474,osm_valnerina_42.7732_12.7675,Valnerina,bar_cafe,bar_cafe,https://raw.githubusercontent.com/pasqualelembo78/huntix-poi/main/italia/marche/sconosciuta/pages/valnerina_42.7732_12.7675.json,custom
42.809217,12.784825,osm_cafeteria_42.8092_12.7848,Cafeteria,bar_cafe,bar_cafe,https://raw.githubusercontent.com/pasqualelembo78/huntix-poi/main/italia/marche/sconosciuta/pages/cafeteria_42.8092_12.7848.json,custom
42.854456,13.821531,osm_sixty_nine_69_42.8545_13.8215,Sixty-Nine 69,bar_cafe,bar_cafe,https://raw.githubusercontent.com/pasqualelembo78/huntix-poi/main/italia/marche/sconosciuta/pages/sixty-nine_69_42.8545_13.8215.json,custom
42.732747,12.740889,osm_bar_la_portella_42.7327_12.7409,Bar La portella,bar_cafe,bar_cafe,https://raw.githubusercontent.com/pasqualelembo78/huntix-poi/main/italia/marche/sconosciuta/pages/bar_la_portella_42.7327_12.7409.json,custom
43.178114,13.800398,osm_capitan_harlock_43.1781_13.8004,Capitan Harlock,bar_cafe,bar_cafe,https://raw.githubusercontent.com/pasqualelembo78/huntix-poi/main/italia/marche/sconosciuta/pages/capitan_harlock_43.1781_13.8004.json,custom
42.859212,13.707034,osm_coffee_break_bar_42.8592_13.7070,Coffee Break Bar,bar_cafe,bar_cafe,https://raw.githubusercontent.com/pasqualelembo78/huntix-poi/main/italia/marche/sconosciuta/pages/coffee_break_bar_42.8592_13.7070.json,custom
43.670825,12.643843,osm_bar_tutti_frutti_43.6708_12.6438,Bar Tutti Frutti,bar_cafe,bar_cafe,https://raw.githubusercontent.com/pasqualelembo78/huntix-poi/main/italia/marche/sconosciuta/pages/bar_tutti_frutti_43.6708_12.6438.json,custom
43.677972,12.642506,osm_palazzetto_dello_spritz_43.6780_12.6425,Palazzetto dello Spritz,bar_cafe,bar_cafe,https://raw.githubusercontent.com/pasqualelembo78/huntix-poi/main/italia/marche/sconosciuta/pages/palazzetto_dello_spritz_43.6780_12.6425.json,custom
42.747946,12.736668,osm_bar_della_stazione_42.7479_12.7367,Bar della Stazione,bar_cafe,bar_cafe,https://raw.githubusercontent.com/pasqualelembo78/huntix-poi/main/italia/marche/sconosciuta/pages/bar_della_stazione_42.7479_12.7367.json,custom
43.047508,12.407677,osm_le_querce_43.0475_12.4077,Le Querce,bar_cafe,bar_cafe,https://raw.githubusercontent.com/pasqualelembo78/huntix-poi/main/italia/marche/sconosciuta/pages/le_querce_43.0475_12.4077.json,custom
43.397212,13.552192,osm_bar_zibaldone_43.3972_13.5522,Bar Zibaldone,bar_cafe,bar_cafe,https://raw.githubusercontent.com/pasqualelembo78/huntix-poi/main/italia/marche/sconosciuta/pages/bar_zibaldone_43.3972_13.5522.json,custom
43.401838,13.564814,osm_pub_2000_43.4018_13.5648,Pub 2000,bar_cafe,bar_cafe,https://raw.githubusercontent.com/pasqualelembo78/huntix-poi/main/italia/marche/sconosciuta/pages/pub_2000_43.4018_13.5648.json,custom
43.397950,13.492477,osm_bar_pizzeria_fuori_citt__43.3979_13.4925,Bar Pizzeria Fuori Città,bar_cafe,bar_cafe,https://raw.githubusercontent.com/pasqualelembo78/huntix-poi/main/italia/marche/sconosciuta/pages/bar_pizzeria_fuori_citt_43.3979_13.4925.json,custom
42.544475,14.122013,osm_eni_cafe_42.5445_14.1220,Eni Cafe,bar_cafe,bar_cafe,https://raw.githubusercontent.com/pasqualelembo78/huntix-poi/main/italia/marche/sconosciuta/pages/eni_cafe_42.5445_14.1220.json,custom
42.665491,13.777145,osm_bar_del_poggio_42.6655_13.7771,Bar Del Poggio,bar_cafe,bar_cafe,https://raw.githubusercontent.com/pasqualelembo78/huntix-poi/main/italia/marche/sconosciuta/pages/bar_del_poggio_42.6655_13.7771.json,custom
42.521901,14.138896,osm_eni_caf__42.5219_14.1389,Eni Café,bar_cafe,bar_cafe,https://raw.githubusercontent.com/pasqualelembo78/huntix-poi/main/italia/marche/sconosciuta/pages/eni_caf_42.5219_14.1389.json,custom
43.347934,12.561376,osm_il_barre_43.3479_12.5614,Il Barre,bar_cafe,bar_cafe,https://raw.githubusercontent.com/pasqualelembo78/huntix-poi/main/italia/marche/sconosciuta/pages/il_barre_43.3479_12.5614.json,custom
43.123633,12.054454,osm_pescatore_cafe_praia_43.1236_12.0545,Pescatore Cafe Praia,bar_cafe,bar_cafe,https://raw.githubusercontent.com/pasqualelembo78/huntix-poi/main/italia/marche/sconosciuta/pages/pescatore_cafe_praia_43.1236_12.0545.json,custom
43.656442,12.595682,osm_oasi_del_pescatore_43.6564_12.5957,Oasi del Pescatore,bar_cafe,bar_cafe,https://raw.githubusercontent.com/pasqualelembo78/huntix-poi/main/italia/marche/sconosciuta/pages/oasi_del_pescatore_43.6564_12.5957.json,custom
43.097641,12.365997,osm_bar_circolo_arci_madonna_alta_43.0976_12.3660,Bar Circolo ARCI Madonna Alta,bar_cafe,bar_cafe,https://raw.githubusercontent.com/pasqualelembo78/huntix-poi/main/italia/marche/sconosciuta/pages/bar_circolo_arci_madonna_alta_43.0976_12.3660.json,custom
42.713634,12.721220,osm_bar_zengoni_42.7136_12.7212,Bar Zengoni,bar_cafe,bar_cafe,https://raw.githubusercontent.com/pasqualelembo78/huntix-poi/main/italia/marche/sconosciuta/pages/bar_zengoni_42.7136_12.7212.json,custom
42.579399,12.624887,osm_bar_nadalini_42.5794_12.6249,Bar Nadalini,bar_cafe,bar_cafe,https://raw.githubusercontent.com/pasqualelembo78/huntix-poi/main/italia/marche/sconosciuta/pages/bar_nadalini_42.5794_12.6249.json,custom
42.621717,12.254014,osm_caff__dell_oasi_42.6217_12.2540,Caffè dell'oasi,bar_cafe,bar_cafe,https://raw.githubusercontent.com/pasqualelembo78/huntix-poi/main/italia/marche/sconosciuta/pages/caff_delloasi_42.6217_12.2540.json,custom
42.981642,12.567206,osm_da_gennaro_42.9816_12.5672,Da Gennaro,bar_cafe,bar_cafe,https://raw.githubusercontent.com/pasqualelembo78/huntix-poi/main/italia/marche/sconosciuta/pages/da_gennaro_42.9816_12.5672.json,custom
43.850654,12.787588,osm_zanzibar_43.8507_12.7876,Zanzibar,bar_cafe,bar_cafe,https://raw.githubusercontent.com/pasqualelembo78/huntix-poi/main/italia/marche/sconosciuta/pages/zanzibar_43.8507_12.7876.json,custom
43.230335,13.779230,osm_tab__43.2303_13.7792,Tabù,bar_cafe,bar_cafe,https://raw.githubusercontent.com/pasqualelembo78/huntix-poi/main/italia/marche/sconosciuta/pages/tab_43.2303_13.7792.json,custom
42.953500,12.005282,osm_marconi_cafe_42.9535_12.0053,Marconi Cafe,bar_cafe,bar_cafe,https://raw.githubusercontent.com/pasqualelembo78/huntix-poi/main/italia/marche/sconosciuta/pages/marconi_cafe_42.9535_12.0053.json,custom
43.823835,12.931910,osm_circolo_a_c_l_i__43.8238_12.9319,Circolo A.C.L.I.,bar_cafe,bar_cafe,https://raw.githubusercontent.com/pasqualelembo78/huntix-poi/main/italia/marche/sconosciuta/pages/circolo_acli_43.8238_12.9319.json,custom
43.851978,13.010265,osm_il_barettino_43.8520_13.0103,Il Barettino,bar_cafe,bar_cafe,https://raw.githubusercontent.com/pasqualelembo78/huntix-poi/main/italia/marche/sconosciuta/pages/il_barettino_43.8520_13.0103.json,custom
43.929474,12.444370,osm_bar_h_43.9295_12.4444,Bar H,bar_cafe,bar_cafe,https://raw.githubusercontent.com/pasqualelembo78/huntix-poi/main/italia/marche/sconosciuta/pages/bar_h_43.9295_12.4444.json,custom
42.950511,13.875981,osm_il_torrione_42.9505_13.8760,Il Torrione,bar_cafe,bar_cafe,https://raw.githubusercontent.com/pasqualelembo78/huntix-poi/main/italia/marche/sconosciuta/pages/il_torrione_42.9505_13.8760.json,custom
42.742723,12.741605,osm_pandemonio_42.7427_12.7416,Pandemonio,bar_cafe,bar_cafe,https://raw.githubusercontent.com/pasqualelembo78/huntix-poi/main/italia/marche/sconosciuta/pages/pandemonio_42.7427_12.7416.json,custom
43.263506,12.734898,osm_circolo_combattenti_e_reduci_43.2635_12.7349,Circolo combattenti e reduci,bar_cafe,bar_cafe,https://raw.githubusercontent.com/pasqualelembo78/huntix-poi/main/italia/marche/sconosciuta/pages/circolo_combattenti_e_reduci_43.2635_12.7349.json,custom
42.839432,12.413464,osm_circolo_mcl___ilci_42.8394_12.4135,Circolo MCL - Ilci,bar_cafe,bar_cafe,https://raw.githubusercontent.com/pasqualelembo78/huntix-poi/main/italia/marche/sconosciuta/pages/circolo_mcl_-_ilci_42.8394_12.4135.json,custom
43.505600,13.621820,osm_eugenio_43.5056_13.6218,Eugenio,bar_cafe,bar_cafe,https://raw.githubusercontent.com/pasqualelembo78/huntix-poi/main/italia/marche/sconosciuta/pages/eugenio_43.5056_13.6218.json,custom
43.566944,12.120659,osm_menchetti_43.5669_12.1207,Menchetti,bar_cafe,bar_cafe,https://raw.githubusercontent.com/pasqualelembo78/huntix-poi/main/italia/marche/sconosciuta/pages/menchetti_43.5669_12.1207.json,custom
43.822984,12.349628,osm_la_fontana_43.8230_12.3496,La Fontana,bar_cafe,bar_cafe,https://raw.githubusercontent.com/pasqualelembo78/huntix-poi/main/italia/marche/sconosciuta/pages/la_fontana_43.8230_12.3496.json,custom
43.795185,12.337873,osm_chiosco_del_cippo_43.7952_12.3379,Chiosco del Cippo,bar_cafe,bar_cafe,https://raw.githubusercontent.com/pasqualelembo78/huntix-poi/main/italia/marche/sconosciuta/pages/chiosco_del_cippo_43.7952_12.3379.json,custom
43.689301,12.642537,osm_bar_calpino_43.6893_12.6425,Bar Calpino,bar_cafe,bar_cafe,https://raw.githubusercontent.com/pasqualelembo78/huntix-poi/main/italia/marche/sconosciuta/pages/bar_calpino_43.6893_12.6425.json,custom
42.721234,12.106739,osm_igloo_42.7212_12.1067,Igloo,bar_cafe,bar_cafe,https://raw.githubusercontent.com/pasqualelembo78/huntix-poi/main/italia/marche/sconosciuta/pages/igloo_42.7212_12.1067.json,custom
42.737057,13.981212,osm_bar_spiaggia_42.7371_13.9812,Bar Spiaggia,bar_cafe,bar_cafe,https://raw.githubusercontent.com/pasqualelembo78/huntix-poi/main/italia/marche/sconosciuta/pages/bar_spiaggia_42.7371_13.9812.json,custom
43.632601,13.145842,osm_new_charlie_pub_bowling_43.6326_13.1458,New Charlie Pub Bowling,bar_cafe,bar_cafe,https://raw.githubusercontent.com/pasqualelembo78/huntix-poi/main/italia/marche/sconosciuta/pages/new_charlie_pub_bowling_43.6326_13.1458.json,custom
42.837159,13.891890,osm_portello_caff__42.8372_13.8919,Portello Caffè,bar_cafe,bar_cafe,https://raw.githubusercontent.com/pasqualelembo78/huntix-poi/main/italia/marche/sconosciuta/pages/portello_caff_42.8372_13.8919.json,custom
43.759314,13.157239,osm_poseidon_43.7593_13.1572,Poseidon,bar_cafe,bar_cafe,https://raw.githubusercontent.com/pasqualelembo78/huntix-poi/main/italia/marche/sconosciuta/pages/poseidon_43.7593_13.1572.json,custom
43.966262,12.730410,osm_caffe_giovannini_43.9663_12.7304,Caffe Giovannini,bar_cafe,bar_cafe,https://raw.githubusercontent.com/pasqualelembo78/huntix-poi/main/italia/marche/sconosciuta/pages/caffe_giovannini_43.9663_12.7304.json,custom
42.674168,13.895266,osm_il_sorriso_42.6742_13.8953,Il sorriso,bar_cafe,bar_cafe,https://raw.githubusercontent.com/pasqualelembo78/huntix-poi/main/italia/marche/sconosciuta/pages/il_sorriso_42.6742_13.8953.json,custom
43.157795,13.722893,osm_caff__espresso_43.1578_13.7229,Caffé Espresso,bar_cafe,bar_cafe,https://raw.githubusercontent.com/pasqualelembo78/huntix-poi/main/italia/marche/sconosciuta/pages/caff_espresso_43.1578_13.7229.json,custom
43.501407,13.623241,osm_florida_43.5014_13.6232,Florida,bar_cafe,bar_cafe,https://raw.githubusercontent.com/pasqualelembo78/huntix-poi/main/italia/marche/sconosciuta/pages/florida_43.5014_13.6232.json,custom
43.500702,13.623546,osm_il_chioschetto_43.5007_13.6235,Il chioschetto,bar_cafe,bar_cafe,https://raw.githubusercontent.com/pasqualelembo78/huntix-poi/main/italia/marche/sconosciuta/pages/il_chioschetto_43.5007_13.6235.json,custom
43.500298,13.623717,osm_la_sirenetta_43.5003_13.6237,La Sirenetta,bar_cafe,bar_cafe,https://raw.githubusercontent.com/pasqualelembo78/huntix-poi/main/italia/marche/sconosciuta/pages/la_sirenetta_43.5003_13.6237.json,custom
43.889460,12.912468,osm_bar_baratoff_43.8895_12.9125,Bar Baratoff,bar_cafe,bar_cafe,https://raw.githubusercontent.com/pasqualelembo78/huntix-poi/main/italia/marche/sconosciuta/pages/bar_baratoff_43.8895_12.9125.json,custom
42.503168,13.659105,osm_caffetteria_bonfini_42.5032_13.6591,Caffetteria Bonfini,bar_cafe,bar_cafe,https://raw.githubusercontent.com/pasqualelembo78/huntix-poi/main/italia/marche/sconosciuta/pages/caffetteria_bonfini_42.5032_13.6591.json,custom
42.599066,12.435601,osm_nucleo_giancarlo_42.5991_12.4356,Nucleo Giancarlo,bar_cafe,bar_cafe,https://raw.githubusercontent.com/pasqualelembo78/huntix-poi/main/italia/marche/sconosciuta/pages/nucleo_giancarlo_42.5991_12.4356.json,custom
42.597998,12.438015,osm_spritz_caf__42.5980_12.4380,Spritz Cafè,bar_cafe,bar_cafe,https://raw.githubusercontent.com/pasqualelembo78/huntix-poi/main/italia/marche/sconosciuta/pages/spritz_caf_42.5980_12.4380.json,custom
42.637531,12.648857,osm_parco_valserra_bar_42.6375_12.6489,Parco Valserra Bar,bar_cafe,bar_cafe,https://raw.githubusercontent.com/pasqualelembo78/huntix-poi/main/italia/marche/sconosciuta/pages/parco_valserra_bar_42.6375_12.6489.json,custom
42.585228,12.611446,osm_bar_newyork_42.5852_12.6114,Bar Newyork,bar_cafe,bar_cafe,https://raw.githubusercontent.com/pasqualelembo78/huntix-poi/main/italia/marche/sconosciuta/pages/bar_newyork_42.5852_12.6114.json,custom
42.727489,12.133664,osm_il_capanno_42.7275_12.1337,Il capanno,bar_cafe,bar_cafe,https://raw.githubusercontent.com/pasqualelembo78/huntix-poi/main/italia/marche/sconosciuta/pages/il_capanno_42.7275_12.1337.json,custom
43.293585,13.700973,osm_nespresso_43.2936_13.7010,Nespresso,bar_cafe,bar_cafe,https://raw.githubusercontent.com/pasqualelembo78/huntix-poi/main/italia/marche/sconosciuta/pages/nespresso_43.2936_13.7010.json,custom
43.607549,13.356259,osm_ivy_bar_43.6075_13.3563,Ivy Bar,bar_cafe,bar_cafe,https://raw.githubusercontent.com/pasqualelembo78/huntix-poi/main/italia/marche/sconosciuta/pages/ivy_bar_43.6075_13.3563.json,custom
42.509463,14.161232,osm_terra_mia_42.5095_14.1612,Terra Mia,bar_cafe,bar_cafe,https://raw.githubusercontent.com/pasqualelembo78/huntix-poi/main/italia/marche/sconosciuta/pages/terra_mia_42.5095_14.1612.json,custom
42.761863,12.723712,osm_caff__zero_42.7619_12.7237,Caffè zero,bar_cafe,bar_cafe,https://raw.githubusercontent.com/pasqualelembo78/huntix-poi/main/italia/marche/sconosciuta/pages/caff_zero_42.7619_12.7237.json,custom
42.656530,12.565147,osm_caff__l_incontro_42.6565_12.5651,Caffè L'Incontro,bar_cafe,bar_cafe,https://raw.githubusercontent.com/pasqualelembo78/huntix-poi/main/italia/marche/sconosciuta/pages/caff_lincontro_42.6565_12.5651.json,custom
43.075511,13.063155,osm_carnevali_43.0755_13.0632,Carnevali,bar_cafe,bar_cafe,https://raw.githubusercontent.com/pasqualelembo78/huntix-poi/main/italia/marche/sconosciuta/pages/carnevali_43.0755_13.0632.json,custom
43.436234,13.663543,osm_el_barril_43.4362_13.6635,El Barril,bar_cafe,bar_cafe,https://raw.githubusercontent.com/pasqualelembo78/huntix-poi/main/italia/marche/sconosciuta/pages/el_barril_43.4362_13.6635.json,custom
42.530229,13.347295,osm_bar_tabacchi_d_alessio_42.5302_13.3473,Bar Tabacchi d'Alessio,bar_cafe,bar_cafe,https://raw.githubusercontent.com/pasqualelembo78/huntix-poi/main/italia/marche/sconosciuta/pages/bar_tabacchi_dalessio_42.5302_13.3473.json,custom
43.899479,12.920948,osm_odeon_bar_43.8995_12.9209,Odeon Bar,bar_cafe,bar_cafe,https://raw.githubusercontent.com/pasqualelembo78/huntix-poi/main/italia/marche/sconosciuta/pages/odeon_bar_43.8995_12.9209.json,custom
42.677185,13.818401,osm_bar_d_antonio_42.6772_13.8184,Bar D'Antonio,bar_cafe,bar_cafe,https://raw.githubusercontent.com/pasqualelembo78/huntix-poi/main/italia/marche/sconosciuta/pages/bar_dantonio_42.6772_13.8184.json,custom
42.560563,12.270214,osm_terme_di_ramici_42.5606_12.2702,Terme di Ramici,bar_cafe,bar_cafe,https://raw.githubusercontent.com/pasqualelembo78/huntix-poi/main/italia/marche/sconosciuta/pages/terme_di_ramici_42.5606_12.2702.json,custom
43.346926,12.997980,osm_pit_stop_43.3469_12.9980,Pit Stop,bar_cafe,bar_cafe,https://raw.githubusercontent.com/pasqualelembo78/huntix-poi/main/italia/marche/sconosciuta/pages/pit_stop_43.3469_12.9980.json,custom
42.580771,13.630503,osm_yolo_bakery_42.5808_13.6305,Yolo Bakery,bar_cafe,bar_cafe,https://raw.githubusercontent.com/pasqualelembo78/huntix-poi/main/italia/marche/sconosciuta/pages/yolo_bakery_42.5808_13.6305.json,custom
43.499534,13.624033,osm_da_giuseppe_43.4995_13.6240,Da Giuseppe,bar_cafe,bar_cafe,https://raw.githubusercontent.com/pasqualelembo78/huntix-poi/main/italia/marche/sconosciuta/pages/da_giuseppe_43.4995_13.6240.json,custom
43.512722,13.624181,osm_la_spiaggiola_43.5127_13.6242,La Spiaggiola,bar_cafe,bar_cafe,https://raw.githubusercontent.com/pasqualelembo78/huntix-poi/main/italia/marche/sconosciuta/pages/la_spiaggiola_43.5127_13.6242.json,custom
42.942822,13.139218,osm_bar_due_monti_di_ussita_42.9428_13.1392,Bar Due Monti di Ussita,bar_cafe,bar_cafe,https://raw.githubusercontent.com/pasqualelembo78/huntix-poi/main/italia/marche/sconosciuta/pages/bar_due_monti_di_ussita_42.9428_13.1392.json,custom
43.093857,12.366073,osm_euro_bar_24h_43.0939_12.3661,Euro Bar 24h,bar_cafe,bar_cafe,https://raw.githubusercontent.com/pasqualelembo78/huntix-poi/main/italia/marche/sconosciuta/pages/euro_bar_24h_43.0939_12.3661.json,custom
43.894092,12.909661,osm_circolo_bocciofila_43.8941_12.9097,Circolo Bocciofila,bar_cafe,bar_cafe,https://raw.githubusercontent.com/pasqualelembo78/huntix-poi/main/italia/marche/sconosciuta/pages/circolo_bocciofila_43.8941_12.9097.json,custom
42.681104,13.212353,osm_fantasy_42.6811_13.2124,Fantasy,bar_cafe,bar_cafe,https://raw.githubusercontent.com/pasqualelembo78/huntix-poi/main/italia/marche/sconosciuta/pages/fantasy_42.6811_13.2124.json,custom
42.578453,13.980446,osm_bar_panini_da_carlo_42.5785_13.9804,Bar panini da Carlo,bar_cafe,bar_cafe,https://raw.githubusercontent.com/pasqualelembo78/huntix-poi/main/italia/marche/sconosciuta/pages/bar_panini_da_carlo_42.5785_13.9804.json,custom
43.966177,12.738538,osm_peledo_43.9662_12.7385,Peledo,bar_cafe,bar_cafe,https://raw.githubusercontent.com/pasqualelembo78/huntix-poi/main/italia/marche/sconosciuta/pages/peledo_43.9662_12.7385.json,custom
43.909235,12.916606,osm_femmina_43.9092_12.9166,Femmina,bar_cafe,bar_cafe,https://raw.githubusercontent.com/pasqualelembo78/huntix-poi/main/italia/marche/sconosciuta/pages/femmina_43.9092_12.9166.json,custom
43.776556,12.730648,osm_terme_di_raffaello_43.7766_12.7306,Terme di Raffaello,bar_cafe,bar_cafe,https://raw.githubusercontent.com/pasqualelembo78/huntix-poi/main/italia/marche/sconosciuta/pages/terme_di_raffaello_43.7766_12.7306.json,custom
