# lat,lng,id,name,building_type,type,url,page_type
# grosseto -- Tutti
42.756655,11.097955,ov_usl_9_42.7567_11.0980,USL 9,HOSPITAL,hospital,https://raw.githubusercontent.com/pasqualelembo78/huntix-poi/main/italia/toscana/grosseto/pages/usl_9_42.7567_11.0980.json,custom
42.764870,11.116740,ov_ambulatorio_di_diabetologia_42.7649_11.1167,Ambulatorio di Diabetologia,HOSPITAL,hospital,https://raw.githubusercontent.com/pasqualelembo78/huntix-poi/main/italia/toscana/grosseto/pages/ambulatorio_di_diabetologia_42.7649_11.1167.json,custom
42.766941,11.110464,ov_asl_grosseto_9_42.7669_11.1105,Asl Grosseto 9,HOSPITAL,hospital,https://raw.githubusercontent.com/pasqualelembo78/huntix-poi/main/italia/toscana/grosseto/pages/asl_grosseto_9_42.7669_11.1105.json,custom
42.771967,11.105863,ov_studio_medico_hermes_42.7720_11.1059,Studio Medico Hermes,HOSPITAL,hospital,https://raw.githubusercontent.com/pasqualelembo78/huntix-poi/main/italia/toscana/grosseto/pages/studio_medico_hermes_42.7720_11.1059.json,custom
42.775920,11.126433,ov_postazione_118_grosseto_42.7759_11.1264,Postazione 118 Grosseto,HOSPITAL,hospital,https://raw.githubusercontent.com/pasqualelembo78/huntix-poi/main/italia/toscana/grosseto/pages/postazione_118_grosseto_42.7759_11.1264.json,custom
42.776149,11.125556,ov_pronto_soccorso_42.7761_11.1256,Pronto Soccorso,HOSPITAL,hospital,https://raw.githubusercontent.com/pasqualelembo78/huntix-poi/main/italia/toscana/grosseto/pages/pronto_soccorso_42.7761_11.1256.json,custom
42.776430,11.126143,ov_palazzina_roscini_42.7764_11.1261,Palazzina Roscini,HOSPITAL,hospital,https://raw.githubusercontent.com/pasqualelembo78/huntix-poi/main/italia/toscana/grosseto/pages/palazzina_roscini_42.7764_11.1261.json,custom
42.777478,11.130525,ov_centro_trasfusionale___ospedale_miserico_42.7775_11.1305,Centro trasfusionale - Ospedale Misericordia - Grosseto,HOSPITAL,hospital,https://raw.githubusercontent.com/pasqualelembo78/huntix-poi/main/italia/toscana/grosseto/pages/centro_trasfusionale_-_ospedale_miserico_42.7775_11.1305.json,custom
42.776907,11.126233,ov_oncologia_grosseto_42.7769_11.1262,Oncologia Grosseto,HOSPITAL,hospital,https://raw.githubusercontent.com/pasqualelembo78/huntix-poi/main/italia/toscana/grosseto/pages/oncologia_grosseto_42.7769_11.1262.json,custom
42.776921,11.126180,ov_polo_endoscopico_ospedale_misericordia_g_42.7769_11.1262,Polo Endoscopico Ospedale Misericordia Grosseto,HOSPITAL,hospital,https://raw.githubusercontent.com/pasqualelembo78/huntix-poi/main/italia/toscana/grosseto/pages/polo_endoscopico_ospedale_misericordia_g_42.7769_11.1262.json,custom
42.776982,11.124790,ov_ospedale_della_misericordia_grosseto_42.7770_11.1248,Ospedale della Misericordia Grosseto,HOSPITAL,hospital,https://raw.githubusercontent.com/pasqualelembo78/huntix-poi/main/italia/toscana/grosseto/pages/ospedale_della_misericordia_grosseto_42.7770_11.1248.json,custom
42.785326,11.102813,ov_ambrogi_e_zuppardo___studio_associato_ma_42.7853_11.1028,Ambrogi e Zuppardo - Studio Associato Massofisioterapico - G,HOSPITAL,hospital,https://raw.githubusercontent.com/pasqualelembo78/huntix-poi/main/italia/toscana/grosseto/pages/ambrogi_e_zuppardo_-_studio_associato_ma_42.7853_11.1028.json,custom
42.782517,11.127554,ov_ospedale_misericordia_di_grosseto_42.7825_11.1276,Ospedale Misericordia Di Grosseto,HOSPITAL,hospital,https://raw.githubusercontent.com/pasqualelembo78/huntix-poi/main/italia/toscana/grosseto/pages/ospedale_misericordia_di_grosseto_42.7825_11.1276.json,custom
42.796164,11.136124,ov_ospedale_di_grosseto_42.7962_11.1361,Ospedale Di Grosseto,HOSPITAL,hospital,https://raw.githubusercontent.com/pasqualelembo78/huntix-poi/main/italia/toscana/grosseto/pages/ospedale_di_grosseto_42.7962_11.1361.json,custom
42.640769,11.125079,ov_agriturismo_il_moro_42.6408_11.1251,Agriturismo IL MORO,RESTAURANT,ristorante,https://raw.githubusercontent.com/pasqualelembo78/huntix-poi/main/italia/toscana/grosseto/pages/agriturismo_il_moro_42.6408_11.1251.json,custom
42.640544,11.133099,ov_osteria_la_nuova_dispensa_42.6405_11.1331,Osteria La Nuova Dispensa,RESTAURANT,ristorante,https://raw.githubusercontent.com/pasqualelembo78/huntix-poi/main/italia/toscana/grosseto/pages/osteria_la_nuova_dispensa_42.6405_11.1331.json,custom
42.639818,11.132924,ov_osteria_rurale_il_duchesco_42.6398_11.1329,Osteria Rurale Il Duchesco,RESTAURANT,ristorante,https://raw.githubusercontent.com/pasqualelembo78/huntix-poi/main/italia/toscana/grosseto/pages/osteria_rurale_il_duchesco_42.6398_11.1329.json,custom
42.668345,11.122328,ov_podere_montecorno_42.6683_11.1223,Podere Montecorno,RESTAURANT,ristorante,https://raw.githubusercontent.com/pasqualelembo78/huntix-poi/main/italia/toscana/grosseto/pages/podere_montecorno_42.6683_11.1223.json,custom
42.668782,11.105027,ov_bar_magi_42.6688_11.1050,Bar Magi,RESTAURANT,ristorante,https://raw.githubusercontent.com/pasqualelembo78/huntix-poi/main/italia/toscana/grosseto/pages/bar_magi_42.6688_11.1050.json,custom
42.668952,11.105648,ov_la_scafarda_42.6690_11.1056,La Scafarda,RESTAURANT,ristorante,https://raw.githubusercontent.com/pasqualelembo78/huntix-poi/main/italia/toscana/grosseto/pages/la_scafarda_42.6690_11.1056.json,custom
42.669440,11.106350,ov_la_maremmana_42.6694_11.1064,La Maremmana,RESTAURANT,ristorante,https://raw.githubusercontent.com/pasqualelembo78/huntix-poi/main/italia/toscana/grosseto/pages/la_maremmana_42.6694_11.1064.json,custom
42.651132,11.040573,ov_la_viola_ristoro_42.6511_11.0406,La Viola Ristoro,RESTAURANT,ristorante,https://raw.githubusercontent.com/pasqualelembo78/huntix-poi/main/italia/toscana/grosseto/pages/la_viola_ristoro_42.6511_11.0406.json,custom
42.683032,11.087978,ov_frank_serafico_42.6830_11.0880,Frank&Serafico,RESTAURANT,ristorante,https://raw.githubusercontent.com/pasqualelembo78/huntix-poi/main/italia/toscana/grosseto/pages/frankserafico_42.6830_11.0880.json,custom
42.703290,11.083848,ov_pian_di_barca_42.7033_11.0838,Pian di Barca,RESTAURANT,ristorante,https://raw.githubusercontent.com/pasqualelembo78/huntix-poi/main/italia/toscana/grosseto/pages/pian_di_barca_42.7033_11.0838.json,custom
42.705703,11.024329,ov_casale_santo_stefano_42.7057_11.0243,Casale Santo Stefano,RESTAURANT,ristorante,https://raw.githubusercontent.com/pasqualelembo78/huntix-poi/main/italia/toscana/grosseto/pages/casale_santo_stefano_42.7057_11.0243.json,custom
42.704846,11.003919,ov_piazzetta_pinolia_42.7048_11.0039,Piazzetta Pinolia,RESTAURANT,ristorante,https://raw.githubusercontent.com/pasqualelembo78/huntix-poi/main/italia/toscana/grosseto/pages/piazzetta_pinolia_42.7048_11.0039.json,custom
42.696949,11.002678,ov_pizza_e_non_solo_42.6969_11.0027,Pizza e Non Solo,RESTAURANT,ristorante,https://raw.githubusercontent.com/pasqualelembo78/huntix-poi/main/italia/toscana/grosseto/pages/pizza_e_non_solo_42.6969_11.0027.json,custom
42.696947,11.002761,ov_peccati_di_gola_42.6969_11.0028,Peccati di gola,RESTAURANT,ristorante,https://raw.githubusercontent.com/pasqualelembo78/huntix-poi/main/italia/toscana/grosseto/pages/peccati_di_gola_42.6969_11.0028.json,custom
42.697113,11.002019,ov_iceland_bistro__grill_42.6971_11.0020,Iceland Bistro' Grill,RESTAURANT,ristorante,https://raw.githubusercontent.com/pasqualelembo78/huntix-poi/main/italia/toscana/grosseto/pages/iceland_bistro_grill_42.6971_11.0020.json,custom
42.697010,11.002201,ov_non_solo_ciccio_42.6970_11.0022,Non Solo Ciccio,RESTAURANT,ristorante,https://raw.githubusercontent.com/pasqualelembo78/huntix-poi/main/italia/toscana/grosseto/pages/non_solo_ciccio_42.6970_11.0022.json,custom
42.697139,11.002033,ov_perla_del_mare_srl_42.6971_11.0020,Perla Del Mare srl,RESTAURANT,ristorante,https://raw.githubusercontent.com/pasqualelembo78/huntix-poi/main/italia/toscana/grosseto/pages/perla_del_mare_srl_42.6971_11.0020.json,custom
42.697678,11.003617,ov_la_bottega_del_buttero_42.6977_11.0036,La bottega del buttero,RESTAURANT,ristorante,https://raw.githubusercontent.com/pasqualelembo78/huntix-poi/main/italia/toscana/grosseto/pages/la_bottega_del_buttero_42.6977_11.0036.json,custom
42.697730,11.001634,ov_il_principino_42.6977_11.0016,Il Principino,RESTAURANT,ristorante,https://raw.githubusercontent.com/pasqualelembo78/huntix-poi/main/italia/toscana/grosseto/pages/il_principino_42.6977_11.0016.json,custom
42.695756,10.999384,ov_ristorante_albatros_42.6958_10.9994,Ristorante Albatros,RESTAURANT,ristorante,https://raw.githubusercontent.com/pasqualelembo78/huntix-poi/main/italia/toscana/grosseto/pages/ristorante_albatros_42.6958_10.9994.json,custom
42.695584,11.000853,ov_da_antonio_ristorante_pizzeria__ex_tira__42.6956_11.0009,Da Antonio Ristorante Pizzeria (ex tira tira),RESTAURANT,ristorante,https://raw.githubusercontent.com/pasqualelembo78/huntix-poi/main/italia/toscana/grosseto/pages/da_antonio_ristorante_pizzeria_ex_tira_t_42.6956_11.0009.json,custom
42.717853,10.980442,ov_fermento_42.7179_10.9804,Fermento,RESTAURANT,ristorante,https://raw.githubusercontent.com/pasqualelembo78/huntix-poi/main/italia/toscana/grosseto/pages/fermento_42.7179_10.9804.json,custom
42.717832,10.979947,ov_bagno_la_gondoletta_42.7178_10.9799,Bagno La Gondoletta,RESTAURANT,ristorante,https://raw.githubusercontent.com/pasqualelembo78/huntix-poi/main/italia/toscana/grosseto/pages/bagno_la_gondoletta_42.7178_10.9799.json,custom
42.717652,10.980056,ov_ristorante_la_vela_42.7177_10.9801,Ristorante La Vela,RESTAURANT,ristorante,https://raw.githubusercontent.com/pasqualelembo78/huntix-poi/main/italia/toscana/grosseto/pages/ristorante_la_vela_42.7177_10.9801.json,custom
42.716303,10.983063,ov_pantagruel_42.7163_10.9831,Pantagruel,RESTAURANT,ristorante,https://raw.githubusercontent.com/pasqualelembo78/huntix-poi/main/italia/toscana/grosseto/pages/pantagruel_42.7163_10.9831.json,custom
42.716605,10.981747,ov_ristorante_da_me_con_te___marina_di_gros_42.7166_10.9817,Ristorante da Me con Te | Marina di Grosseto,RESTAURANT,ristorante,https://raw.githubusercontent.com/pasqualelembo78/huntix-poi/main/italia/toscana/grosseto/pages/ristorante_da_me_con_te_marina_di_grosse_42.7166_10.9817.json,custom
42.716669,10.981714,ov_parthenope_42.7167_10.9817,Parthenope,RESTAURANT,ristorante,https://raw.githubusercontent.com/pasqualelembo78/huntix-poi/main/italia/toscana/grosseto/pages/parthenope_42.7167_10.9817.json,custom
42.716822,10.982077,ov_pizzeria_del_corso_42.7168_10.9821,Pizzeria del Corso,RESTAURANT,ristorante,https://raw.githubusercontent.com/pasqualelembo78/huntix-poi/main/italia/toscana/grosseto/pages/pizzeria_del_corso_42.7168_10.9821.json,custom
42.716640,10.982067,ov_massimo_vini_e_cucina_42.7166_10.9821,Massimo Vini e Cucina,RESTAURANT,ristorante,https://raw.githubusercontent.com/pasqualelembo78/huntix-poi/main/italia/toscana/grosseto/pages/massimo_vini_e_cucina_42.7166_10.9821.json,custom
42.716477,10.985056,ov_osteria_del_fritto_42.7165_10.9851,Osteria del Fritto,RESTAURANT,ristorante,https://raw.githubusercontent.com/pasqualelembo78/huntix-poi/main/italia/toscana/grosseto/pages/osteria_del_fritto_42.7165_10.9851.json,custom
42.716088,10.983566,ov_pizzeria_da_emy_42.7161_10.9836,Pizzeria da emy,RESTAURANT,ristorante,https://raw.githubusercontent.com/pasqualelembo78/huntix-poi/main/italia/toscana/grosseto/pages/pizzeria_da_emy_42.7161_10.9836.json,custom
42.717925,10.989889,ov_la_carbonaia_42.7179_10.9899,La Carbonaia,RESTAURANT,ristorante,https://raw.githubusercontent.com/pasqualelembo78/huntix-poi/main/italia/toscana/grosseto/pages/la_carbonaia_42.7179_10.9899.json,custom
42.717327,10.982714,ov_gastronomia_biagioli_42.7173_10.9827,Gastronomia Biagioli,RESTAURANT,ristorante,https://raw.githubusercontent.com/pasqualelembo78/huntix-poi/main/italia/toscana/grosseto/pages/gastronomia_biagioli_42.7173_10.9827.json,custom
42.717570,10.980777,ov_il_cavalluccio_di_mare_42.7176_10.9808,Il Cavalluccio di Mare,RESTAURANT,ristorante,https://raw.githubusercontent.com/pasqualelembo78/huntix-poi/main/italia/toscana/grosseto/pages/il_cavalluccio_di_mare_42.7176_10.9808.json,custom
42.717610,10.980965,ov_croce_del_sud_42.7176_10.9810,Croce Del Sud,RESTAURANT,ristorante,https://raw.githubusercontent.com/pasqualelembo78/huntix-poi/main/italia/toscana/grosseto/pages/croce_del_sud_42.7176_10.9810.json,custom
42.717779,10.980569,ov_bruschiettiamo_42.7178_10.9806,BruschietTiamo,RESTAURANT,ristorante,https://raw.githubusercontent.com/pasqualelembo78/huntix-poi/main/italia/toscana/grosseto/pages/bruschiettiamo_42.7178_10.9806.json,custom
42.717801,10.980584,ov_piada_co__marina_di_grosseto_42.7178_10.9806,Piada&Co. Marina di Grosseto,RESTAURANT,ristorante,https://raw.githubusercontent.com/pasqualelembo78/huntix-poi/main/italia/toscana/grosseto/pages/piadaco_marina_di_grosseto_42.7178_10.9806.json,custom
42.717916,10.980878,ov_il_vicolo_dal_seve_42.7179_10.9809,Il Vicolo dal seve,RESTAURANT,ristorante,https://raw.githubusercontent.com/pasqualelembo78/huntix-poi/main/italia/toscana/grosseto/pages/il_vicolo_dal_seve_42.7179_10.9809.json,custom
42.718575,10.981766,ov_ristorante_pizzeria_da_maradona_42.7186_10.9818,Ristorante Pizzeria Da Maradona,RESTAURANT,ristorante,https://raw.githubusercontent.com/pasqualelembo78/huntix-poi/main/italia/toscana/grosseto/pages/ristorante_pizzeria_da_maradona_42.7186_10.9818.json,custom
42.718782,10.981481,ov_fioretti_sergio_42.7188_10.9815,Fioretti Sergio,RESTAURANT,ristorante,https://raw.githubusercontent.com/pasqualelembo78/huntix-poi/main/italia/toscana/grosseto/pages/fioretti_sergio_42.7188_10.9815.json,custom
42.719249,10.982853,ov_ricci_al_fresco_42.7192_10.9829,Ricci al Fresco,RESTAURANT,ristorante,https://raw.githubusercontent.com/pasqualelembo78/huntix-poi/main/italia/toscana/grosseto/pages/ricci_al_fresco_42.7192_10.9829.json,custom
42.718580,10.990620,ov_terrazza_martini_42.7186_10.9906,Terrazza Martini,RESTAURANT,ristorante,https://raw.githubusercontent.com/pasqualelembo78/huntix-poi/main/italia/toscana/grosseto/pages/terrazza_martini_42.7186_10.9906.json,custom
42.719155,10.987468,ov_cleonice_42.7192_10.9875,Cleonice,RESTAURANT,ristorante,https://raw.githubusercontent.com/pasqualelembo78/huntix-poi/main/italia/toscana/grosseto/pages/cleonice_42.7192_10.9875.json,custom
42.719013,10.978693,ov_ristorante_le_bocche___bagno_stella_42.7190_10.9787,Ristorante Le Bocche - Bagno Stella,RESTAURANT,ristorante,https://raw.githubusercontent.com/pasqualelembo78/huntix-poi/main/italia/toscana/grosseto/pages/ristorante_le_bocche_-_bagno_stella_42.7190_10.9787.json,custom
42.719091,10.978948,ov_bagno_stella___stabilimento_balneare___r_42.7191_10.9789,Bagno Stella | Stabilimento balneare | Ristorante,RESTAURANT,ristorante,https://raw.githubusercontent.com/pasqualelembo78/huntix-poi/main/italia/toscana/grosseto/pages/bagno_stella_stabilimento_balneare_risto_42.7191_10.9789.json,custom
42.718182,10.980329,ov_ristorante_e_pizzeria_42.7182_10.9803,Ristorante E Pizzeria,RESTAURANT,ristorante,https://raw.githubusercontent.com/pasqualelembo78/huntix-poi/main/italia/toscana/grosseto/pages/ristorante_e_pizzeria_42.7182_10.9803.json,custom
42.718160,10.980226,ov_ristorante_pizzeria_capri_42.7182_10.9802,Ristorante Pizzeria Capri,RESTAURANT,ristorante,https://raw.githubusercontent.com/pasqualelembo78/huntix-poi/main/italia/toscana/grosseto/pages/ristorante_pizzeria_capri_42.7182_10.9802.json,custom
42.721621,10.975747,ov_dai_brandi_42.7216_10.9757,Dai Brandi,RESTAURANT,ristorante,https://raw.githubusercontent.com/pasqualelembo78/huntix-poi/main/italia/toscana/grosseto/pages/dai_brandi_42.7216_10.9757.json,custom
42.721997,10.976383,ov_ristorante_il_lido_42.7220_10.9764,Ristorante Il Lido,RESTAURANT,ristorante,https://raw.githubusercontent.com/pasqualelembo78/huntix-poi/main/italia/toscana/grosseto/pages/ristorante_il_lido_42.7220_10.9764.json,custom
42.723698,10.977001,ov_lo_scacciapensieri_42.7237_10.9770,Lo Scacciapensieri,RESTAURANT,ristorante,https://raw.githubusercontent.com/pasqualelembo78/huntix-poi/main/italia/toscana/grosseto/pages/lo_scacciapensieri_42.7237_10.9770.json,custom
42.723634,10.980597,ov_villa_gaia_42.7236_10.9806,Villa Gaia,RESTAURANT,ristorante,https://raw.githubusercontent.com/pasqualelembo78/huntix-poi/main/italia/toscana/grosseto/pages/villa_gaia_42.7236_10.9806.json,custom
42.720898,11.000274,ov_al_braciere_ristorante_42.7209_11.0003,Al Braciere ristorante,RESTAURANT,ristorante,https://raw.githubusercontent.com/pasqualelembo78/huntix-poi/main/italia/toscana/grosseto/pages/al_braciere_ristorante_42.7209_11.0003.json,custom
42.720887,10.999137,ov_locanda_dei_briganti_42.7209_10.9991,Locanda Dei Briganti,RESTAURANT,ristorante,https://raw.githubusercontent.com/pasqualelembo78/huntix-poi/main/italia/toscana/grosseto/pages/locanda_dei_briganti_42.7209_10.9991.json,custom
42.715185,10.986424,ov_l_ambientino_del_pescatore_da_nevo_42.7152_10.9864,L'Ambientino Del Pescatore da Nevo,RESTAURANT,ristorante,https://raw.githubusercontent.com/pasqualelembo78/huntix-poi/main/italia/toscana/grosseto/pages/lambientino_del_pescatore_da_nevo_42.7152_10.9864.json,custom
42.713982,10.983506,ov_gabbiano_3_0_42.7140_10.9835,Gabbiano 3.0,RESTAURANT,ristorante,https://raw.githubusercontent.com/pasqualelembo78/huntix-poi/main/italia/toscana/grosseto/pages/gabbiano_30_42.7140_10.9835.json,custom
42.714619,10.982987,ov_pizzeria_la_gabbianella_42.7146_10.9830,Pizzeria la Gabbianella,RESTAURANT,ristorante,https://raw.githubusercontent.com/pasqualelembo78/huntix-poi/main/italia/toscana/grosseto/pages/pizzeria_la_gabbianella_42.7146_10.9830.json,custom
42.714848,10.984127,ov_lo_scoglio_42.7148_10.9841,Lo Scoglio,RESTAURANT,ristorante,https://raw.githubusercontent.com/pasqualelembo78/huntix-poi/main/italia/toscana/grosseto/pages/lo_scoglio_42.7148_10.9841.json,custom
42.715129,10.984471,ov_ristorante_al_porto_42.7151_10.9845,Ristorante al Porto,RESTAURANT,ristorante,https://raw.githubusercontent.com/pasqualelembo78/huntix-poi/main/italia/toscana/grosseto/pages/ristorante_al_porto_42.7151_10.9845.json,custom
42.715568,10.984062,ov_pizzeria_la_golosa_42.7156_10.9841,Pizzeria La Golosa,RESTAURANT,ristorante,https://raw.githubusercontent.com/pasqualelembo78/huntix-poi/main/italia/toscana/grosseto/pages/pizzeria_la_golosa_42.7156_10.9841.json,custom
42.715489,10.984084,ov_pizzeria_bandy_42.7155_10.9841,Pizzeria Bandy,RESTAURANT,ristorante,https://raw.githubusercontent.com/pasqualelembo78/huntix-poi/main/italia/toscana/grosseto/pages/pizzeria_bandy_42.7155_10.9841.json,custom
42.715887,10.982738,ov_ristorante_brezzi_42.7159_10.9827,Ristorante Brezzi,RESTAURANT,ristorante,https://raw.githubusercontent.com/pasqualelembo78/huntix-poi/main/italia/toscana/grosseto/pages/ristorante_brezzi_42.7159_10.9827.json,custom
42.712424,10.985727,ov_la_kambusa_2_0_42.7124_10.9857,La Kambusa 2.0,RESTAURANT,ristorante,https://raw.githubusercontent.com/pasqualelembo78/huntix-poi/main/italia/toscana/grosseto/pages/la_kambusa_20_42.7124_10.9857.json,custom
42.711886,10.986281,ov_la_praia_42.7119_10.9863,La Praia,RESTAURANT,ristorante,https://raw.githubusercontent.com/pasqualelembo78/huntix-poi/main/italia/toscana/grosseto/pages/la_praia_42.7119_10.9863.json,custom
42.711574,10.985706,ov_bagno_la_bussola_42.7116_10.9857,Bagno La Bussola,RESTAURANT,ristorante,https://raw.githubusercontent.com/pasqualelembo78/huntix-poi/main/italia/toscana/grosseto/pages/bagno_la_bussola_42.7116_10.9857.json,custom
42.710565,10.985545,ov_stranamore_all_you_can_eat_42.7106_10.9855,Stranamore all you can eat,RESTAURANT,ristorante,https://raw.githubusercontent.com/pasqualelembo78/huntix-poi/main/italia/toscana/grosseto/pages/stranamore_all_you_can_eat_42.7106_10.9855.json,custom
42.709553,11.004618,ov_braceria_butteri___cowboys_42.7096_11.0046,Braceria Butteri & Cowboys,RESTAURANT,ristorante,https://raw.githubusercontent.com/pasqualelembo78/huntix-poi/main/italia/toscana/grosseto/pages/braceria_butteri_cowboys_42.7096_11.0046.json,custom
42.710061,11.005549,ov_ristorante_il_tosco_42.7101_11.0055,Ristorante Il Tosco,RESTAURANT,ristorante,https://raw.githubusercontent.com/pasqualelembo78/huntix-poi/main/italia/toscana/grosseto/pages/ristorante_il_tosco_42.7101_11.0055.json,custom
42.707710,11.016920,ov_rio_grande_principina_42.7077_11.0169,Rio Grande Principina,RESTAURANT,ristorante,https://raw.githubusercontent.com/pasqualelembo78/huntix-poi/main/italia/toscana/grosseto/pages/rio_grande_principina_42.7077_11.0169.json,custom
42.717868,11.087528,ov_gli_attortellati_42.7179_11.0875,Gli Attortellati,RESTAURANT,ristorante,https://raw.githubusercontent.com/pasqualelembo78/huntix-poi/main/italia/toscana/grosseto/pages/gli_attortellati_42.7179_11.0875.json,custom
42.726295,11.014443,ov_osteria_s_rocco_42.7263_11.0144,Osteria S Rocco,RESTAURANT,ristorante,https://raw.githubusercontent.com/pasqualelembo78/huntix-poi/main/italia/toscana/grosseto/pages/osteria_s_rocco_42.7263_11.0144.json,custom
42.727974,11.092821,ov_ristorante_casa_livia_42.7280_11.0928,Ristorante Casa Livia,RESTAURANT,ristorante,https://raw.githubusercontent.com/pasqualelembo78/huntix-poi/main/italia/toscana/grosseto/pages/ristorante_casa_livia_42.7280_11.0928.json,custom
42.728128,11.092904,ov_maremmaamara_42.7281_11.0929,MaremmaAmara,RESTAURANT,ristorante,https://raw.githubusercontent.com/pasqualelembo78/huntix-poi/main/italia/toscana/grosseto/pages/maremmaamara_42.7281_11.0929.json,custom
42.730111,11.058092,ov_agriturismo_le_grazie_42.7301_11.0581,Agriturismo Le Grazie,RESTAURANT,ristorante,https://raw.githubusercontent.com/pasqualelembo78/huntix-poi/main/italia/toscana/grosseto/pages/agriturismo_le_grazie_42.7301_11.0581.json,custom
42.741748,11.056374,ov_ristorante_casetta_42.7417_11.0564,Ristorante Casetta,RESTAURANT,ristorante,https://raw.githubusercontent.com/pasqualelembo78/huntix-poi/main/italia/toscana/grosseto/pages/ristorante_casetta_42.7417_11.0564.json,custom
42.740164,11.019432,ov_ristorante_enfasi_42.7402_11.0194,Ristorante Enfasi,RESTAURANT,ristorante,https://raw.githubusercontent.com/pasqualelembo78/huntix-poi/main/italia/toscana/grosseto/pages/ristorante_enfasi_42.7402_11.0194.json,custom
42.737710,10.978654,ov_le_fontane_42.7377_10.9787,Le Fontane,RESTAURANT,ristorante,https://raw.githubusercontent.com/pasqualelembo78/huntix-poi/main/italia/toscana/grosseto/pages/le_fontane_42.7377_10.9787.json,custom
42.729280,10.981576,ov_ristorante_i_peccati_dell_eden_42.7293_10.9816,Ristorante I Peccati Dell’Eden,RESTAURANT,ristorante,https://raw.githubusercontent.com/pasqualelembo78/huntix-poi/main/italia/toscana/grosseto/pages/ristorante_i_peccati_delleden_42.7293_10.9816.json,custom
42.733597,10.973184,ov_emilio_al_mare_42.7336_10.9732,Emilio al Mare,RESTAURANT,ristorante,https://raw.githubusercontent.com/pasqualelembo78/huntix-poi/main/italia/toscana/grosseto/pages/emilio_al_mare_42.7336_10.9732.json,custom
42.742122,10.957843,ov_canova_bar_restaurant_42.7421_10.9578,Canova Bar Restaurant,RESTAURANT,ristorante,https://raw.githubusercontent.com/pasqualelembo78/huntix-poi/main/italia/toscana/grosseto/pages/canova_bar_restaurant_42.7421_10.9578.json,custom
42.808962,11.037013,ov_agriristoro_san_francesco_42.8090_11.0370,Agriristoro San Francesco,RESTAURANT,ristorante,https://raw.githubusercontent.com/pasqualelembo78/huntix-poi/main/italia/toscana/grosseto/pages/agriristoro_san_francesco_42.8090_11.0370.json,custom
42.780036,11.037727,ov_il_grano_di_bramante_42.7800_11.0377,Il Grano di Bramante,RESTAURANT,ristorante,https://raw.githubusercontent.com/pasqualelembo78/huntix-poi/main/italia/toscana/grosseto/pages/il_grano_di_bramante_42.7800_11.0377.json,custom
42.775973,11.077244,ov_la_chiave_del_13_42.7760_11.0772,La Chiave del 13,RESTAURANT,ristorante,https://raw.githubusercontent.com/pasqualelembo78/huntix-poi/main/italia/toscana/grosseto/pages/la_chiave_del_13_42.7760_11.0772.json,custom
42.762144,11.016671,ov_bar_ristorante_pizzeria_casotto_de_pesca_42.7621_11.0167,Bar Ristorante Pizzeria Casotto de Pescatori,RESTAURANT,ristorante,https://raw.githubusercontent.com/pasqualelembo78/huntix-poi/main/italia/toscana/grosseto/pages/bar_ristorante_pizzeria_casotto_de_pesca_42.7621_11.0167.json,custom
42.761434,11.014807,ov_quei_bravi_ragazzi_42.7614_11.0148,Quei Bravi Ragazzi,RESTAURANT,ristorante,https://raw.githubusercontent.com/pasqualelembo78/huntix-poi/main/italia/toscana/grosseto/pages/quei_bravi_ragazzi_42.7614_11.0148.json,custom
42.766832,10.997036,ov_agriturismo_corte_alle_rose_42.7668_10.9970,Agriturismo Corte alle Rose,RESTAURANT,ristorante,https://raw.githubusercontent.com/pasqualelembo78/huntix-poi/main/italia/toscana/grosseto/pages/agriturismo_corte_alle_rose_42.7668_10.9970.json,custom
42.747160,10.963828,ov_agriturismo_vento_di_maremma_42.7472_10.9638,Agriturismo Vento di Maremma,RESTAURANT,ristorante,https://raw.githubusercontent.com/pasqualelembo78/huntix-poi/main/italia/toscana/grosseto/pages/agriturismo_vento_di_maremma_42.7472_10.9638.json,custom
42.755862,11.061252,ov_agriturismo_il_poderino_42.7559_11.0613,Agriturismo IL PODERINO,RESTAURANT,ristorante,https://raw.githubusercontent.com/pasqualelembo78/huntix-poi/main/italia/toscana/grosseto/pages/agriturismo_il_poderino_42.7559_11.0613.json,custom
42.755549,11.079928,ov_l_allegra_fattoria_42.7555_11.0799,L'Allegra Fattoria,RESTAURANT,ristorante,https://raw.githubusercontent.com/pasqualelembo78/huntix-poi/main/italia/toscana/grosseto/pages/lallegra_fattoria_42.7555_11.0799.json,custom
42.751503,11.081094,ov_ristorante_pizzeria_il_querciolo_42.7515_11.0811,Ristorante Pizzeria Il Querciolo,RESTAURANT,ristorante,https://raw.githubusercontent.com/pasqualelembo78/huntix-poi/main/italia/toscana/grosseto/pages/ristorante_pizzeria_il_querciolo_42.7515_11.0811.json,custom
42.748966,11.074648,ov_trattoria_cupi_42.7490_11.0746,Trattoria Cupi,RESTAURANT,ristorante,https://raw.githubusercontent.com/pasqualelembo78/huntix-poi/main/italia/toscana/grosseto/pages/trattoria_cupi_42.7490_11.0746.json,custom
42.743916,11.109921,ov_pizzeria_bandy_al_claps_42.7439_11.1099,Pizzeria Bandy al ClapS,RESTAURANT,ristorante,https://raw.githubusercontent.com/pasqualelembo78/huntix-poi/main/italia/toscana/grosseto/pages/pizzeria_bandy_al_claps_42.7439_11.1099.json,custom
42.743227,11.107194,ov_oktopus_fastfood_42.7432_11.1072,Oktopus Fastfood,RESTAURANT,ristorante,https://raw.githubusercontent.com/pasqualelembo78/huntix-poi/main/italia/toscana/grosseto/pages/oktopus_fastfood_42.7432_11.1072.json,custom
42.743496,11.107243,ov_la_tortelleria_maremmana_42.7435_11.1072,La Tortelleria Maremmana,RESTAURANT,ristorante,https://raw.githubusercontent.com/pasqualelembo78/huntix-poi/main/italia/toscana/grosseto/pages/la_tortelleria_maremmana_42.7435_11.1072.json,custom
42.743501,11.106023,ov_la_piadineria_42.7435_11.1060,La Piadineria,RESTAURANT,ristorante,https://raw.githubusercontent.com/pasqualelembo78/huntix-poi/main/italia/toscana/grosseto/pages/la_piadineria_42.7435_11.1060.json,custom
42.742833,11.107049,ov_sushiko_grosseto___aurelia_antica_shoppi_42.7428_11.1070,Sushiko Grosseto - Aurelia Antica Shopping Center,RESTAURANT,ristorante,https://raw.githubusercontent.com/pasqualelembo78/huntix-poi/main/italia/toscana/grosseto/pages/sushiko_grosseto_-_aurelia_antica_shoppi_42.7428_11.1070.json,custom
42.748010,11.116696,ov_non_solo_pizza_42.7480_11.1167,Non Solo Pizza,RESTAURANT,ristorante,https://raw.githubusercontent.com/pasqualelembo78/huntix-poi/main/italia/toscana/grosseto/pages/non_solo_pizza_42.7480_11.1167.json,custom
42.749660,11.120600,ov_emporio_solidale_grosseto_42.7497_11.1206,Emporio Solidale Grosseto,RESTAURANT,ristorante,https://raw.githubusercontent.com/pasqualelembo78/huntix-poi/main/italia/toscana/grosseto/pages/emporio_solidale_grosseto_42.7497_11.1206.json,custom
42.750993,11.113426,ov_autogrill_42.7510_11.1134,Autogrill,RESTAURANT,ristorante,https://raw.githubusercontent.com/pasqualelembo78/huntix-poi/main/italia/toscana/grosseto/pages/autogrill_42.7510_11.1134.json,custom
42.749658,11.111862,ov_ristorante_lucignolo_42.7497_11.1119,Ristorante Lucignolo,RESTAURANT,ristorante,https://raw.githubusercontent.com/pasqualelembo78/huntix-poi/main/italia/toscana/grosseto/pages/ristorante_lucignolo_42.7497_11.1119.json,custom
42.748070,11.113620,ov_hotel_ristorante_il_parco_42.7481_11.1136,Hotel-ristorante IL Parco,RESTAURANT,ristorante,https://raw.githubusercontent.com/pasqualelembo78/huntix-poi/main/italia/toscana/grosseto/pages/hotel-ristorante_il_parco_42.7481_11.1136.json,custom
42.752986,11.111989,ov_ristorante_pizzeria_yellow_grosseto_42.7530_11.1120,Ristorante Pizzeria Yellow Grosseto,RESTAURANT,ristorante,https://raw.githubusercontent.com/pasqualelembo78/huntix-poi/main/italia/toscana/grosseto/pages/ristorante_pizzeria_yellow_grosseto_42.7530_11.1120.json,custom
42.753079,11.107100,ov_pizzeria_il_mobilino_42.7531_11.1071,Pizzeria Il Mobilino,RESTAURANT,ristorante,https://raw.githubusercontent.com/pasqualelembo78/huntix-poi/main/italia/toscana/grosseto/pages/pizzeria_il_mobilino_42.7531_11.1071.json,custom
42.752486,11.107626,ov_la_pizzaccia_42.7525_11.1076,La Pizzaccia,RESTAURANT,ristorante,https://raw.githubusercontent.com/pasqualelembo78/huntix-poi/main/italia/toscana/grosseto/pages/la_pizzaccia_42.7525_11.1076.json,custom
42.753790,11.114156,ov_il_re_porcello_grosseto_42.7538_11.1142,Il Re Porcello Grosseto,RESTAURANT,ristorante,https://raw.githubusercontent.com/pasqualelembo78/huntix-poi/main/italia/toscana/grosseto/pages/il_re_porcello_grosseto_42.7538_11.1142.json,custom
42.755381,11.112046,ov_pizzeria_rossi_42.7554_11.1120,Pizzeria Rossi,RESTAURANT,ristorante,https://raw.githubusercontent.com/pasqualelembo78/huntix-poi/main/italia/toscana/grosseto/pages/pizzeria_rossi_42.7554_11.1120.json,custom
42.755441,11.113859,ov_pizza_fantasy_42.7554_11.1139,Pizza Fantasy,RESTAURANT,ristorante,https://raw.githubusercontent.com/pasqualelembo78/huntix-poi/main/italia/toscana/grosseto/pages/pizza_fantasy_42.7554_11.1139.json,custom
42.756563,11.098445,ov_villa_pizzetti_42.7566_11.0984,Villa Pizzetti,RESTAURANT,ristorante,https://raw.githubusercontent.com/pasqualelembo78/huntix-poi/main/italia/toscana/grosseto/pages/villa_pizzetti_42.7566_11.0984.json,custom
42.756497,11.100282,ov_dal_nicche_42.7565_11.1003,DAL NICCHE,RESTAURANT,ristorante,https://raw.githubusercontent.com/pasqualelembo78/huntix-poi/main/italia/toscana/grosseto/pages/dal_nicche_42.7565_11.1003.json,custom
42.758300,11.100500,ov_pizzeria_slam_42.7583_11.1005,Pizzeria Slam,RESTAURANT,ristorante,https://raw.githubusercontent.com/pasqualelembo78/huntix-poi/main/italia/toscana/grosseto/pages/pizzeria_slam_42.7583_11.1005.json,custom
42.758501,11.104256,ov_il_chiosco_42.7585_11.1043,Il Chiosco,RESTAURANT,ristorante,https://raw.githubusercontent.com/pasqualelembo78/huntix-poi/main/italia/toscana/grosseto/pages/il_chiosco_42.7585_11.1043.json,custom
42.759837,11.112090,ov_pizzeria_regina_42.7598_11.1121,Pizzeria Regina,RESTAURANT,ristorante,https://raw.githubusercontent.com/pasqualelembo78/huntix-poi/main/italia/toscana/grosseto/pages/pizzeria_regina_42.7598_11.1121.json,custom
42.759828,11.113055,ov_osteria_bella_roma_42.7598_11.1131,Osteria Bella Roma,RESTAURANT,ristorante,https://raw.githubusercontent.com/pasqualelembo78/huntix-poi/main/italia/toscana/grosseto/pages/osteria_bella_roma_42.7598_11.1131.json,custom
42.759734,11.113436,ov_pance_accomodate_42.7597_11.1134,Pance Accomodate,RESTAURANT,ristorante,https://raw.githubusercontent.com/pasqualelembo78/huntix-poi/main/italia/toscana/grosseto/pages/pance_accomodate_42.7597_11.1134.json,custom
42.759648,11.114179,ov_cucina_tascabile_42.7596_11.1142,Cucina Tascabile,RESTAURANT,ristorante,https://raw.githubusercontent.com/pasqualelembo78/huntix-poi/main/italia/toscana/grosseto/pages/cucina_tascabile_42.7596_11.1142.json,custom
42.759525,11.113740,ov_vermuttino_42.7595_11.1137,Vermuttino,RESTAURANT,ristorante,https://raw.githubusercontent.com/pasqualelembo78/huntix-poi/main/italia/toscana/grosseto/pages/vermuttino_42.7595_11.1137.json,custom
42.759557,11.113996,ov_ristorante_canapone_42.7596_11.1140,Ristorante Canapone,RESTAURANT,ristorante,https://raw.githubusercontent.com/pasqualelembo78/huntix-poi/main/italia/toscana/grosseto/pages/ristorante_canapone_42.7596_11.1140.json,custom
42.759298,11.113062,ov_i_borgia_42.7593_11.1131,i borgia,RESTAURANT,ristorante,https://raw.githubusercontent.com/pasqualelembo78/huntix-poi/main/italia/toscana/grosseto/pages/i_borgia_42.7593_11.1131.json,custom
42.758971,11.113847,ov_l_uva_e_il_malto_42.7590_11.1138,L'uva e il Malto,RESTAURANT,ristorante,https://raw.githubusercontent.com/pasqualelembo78/huntix-poi/main/italia/toscana/grosseto/pages/luva_e_il_malto_42.7590_11.1138.json,custom
42.758670,11.112139,ov_iru_ramen_42.7587_11.1121,Iru Ramen,RESTAURANT,ristorante,https://raw.githubusercontent.com/pasqualelembo78/huntix-poi/main/italia/toscana/grosseto/pages/iru_ramen_42.7587_11.1121.json,custom
42.758261,11.111347,ov_ristorante_pizzeria_da_nello_42.7583_11.1113,Ristorante Pizzeria Da Nello,RESTAURANT,ristorante,https://raw.githubusercontent.com/pasqualelembo78/huntix-poi/main/italia/toscana/grosseto/pages/ristorante_pizzeria_da_nello_42.7583_11.1113.json,custom
42.758216,11.113192,ov_ai_bastioni_42.7582_11.1132,Ai Bastioni,RESTAURANT,ristorante,https://raw.githubusercontent.com/pasqualelembo78/huntix-poi/main/italia/toscana/grosseto/pages/ai_bastioni_42.7582_11.1132.json,custom
42.757101,11.113017,ov_gnamo___il_pranzo_che_vuoi__dove_vuoi_42.7571_11.1130,"Gnamo - Il pranzo che vuoi, dove vuoi",RESTAURANT,ristorante,https://raw.githubusercontent.com/pasqualelembo78/huntix-poi/main/italia/toscana/grosseto/pages/gnamo_-_il_pranzo_che_vuoi_dove_vuoi_42.7571_11.1130.json,custom
42.756020,11.113577,ov_mangiar_bene_senza_glutine_42.7560_11.1136,Mangiar Bene Senza Glutine,RESTAURANT,ristorante,https://raw.githubusercontent.com/pasqualelembo78/huntix-poi/main/italia/toscana/grosseto/pages/mangiar_bene_senza_glutine_42.7560_11.1136.json,custom
42.755995,11.115951,ov_pizza_casa_42.7560_11.1160,Pizza Casa,RESTAURANT,ristorante,https://raw.githubusercontent.com/pasqualelembo78/huntix-poi/main/italia/toscana/grosseto/pages/pizza_casa_42.7560_11.1160.json,custom
42.756746,11.116048,ov_pizzeria_paninoteca_la_viola_42.7567_11.1160,Pizzeria paninoteca La Viola,RESTAURANT,ristorante,https://raw.githubusercontent.com/pasqualelembo78/huntix-poi/main/italia/toscana/grosseto/pages/pizzeria_paninoteca_la_viola_42.7567_11.1160.json,custom
42.757544,11.115516,ov_imperial_42.7575_11.1155,Imperial,RESTAURANT,ristorante,https://raw.githubusercontent.com/pasqualelembo78/huntix-poi/main/italia/toscana/grosseto/pages/imperial_42.7575_11.1155.json,custom
42.757424,11.115604,ov_artidoro_restaurant_42.7574_11.1156,Artidoro Restaurant,RESTAURANT,ristorante,https://raw.githubusercontent.com/pasqualelembo78/huntix-poi/main/italia/toscana/grosseto/pages/artidoro_restaurant_42.7574_11.1156.json,custom
42.757777,11.115602,ov_pizzeria_la_piazzetta_grosseto_42.7578_11.1156,Pizzeria La Piazzetta Grosseto,RESTAURANT,ristorante,https://raw.githubusercontent.com/pasqualelembo78/huntix-poi/main/italia/toscana/grosseto/pages/pizzeria_la_piazzetta_grosseto_42.7578_11.1156.json,custom
42.757871,11.115892,ov_pollo_42.7579_11.1159,Pollo,RESTAURANT,ristorante,https://raw.githubusercontent.com/pasqualelembo78/huntix-poi/main/italia/toscana/grosseto/pages/pollo_42.7579_11.1159.json,custom
42.758450,11.115407,ov_ristorante_jin_lai_deng_42.7584_11.1154,Ristorante Jin Lai Deng,RESTAURANT,ristorante,https://raw.githubusercontent.com/pasqualelembo78/huntix-poi/main/italia/toscana/grosseto/pages/ristorante_jin_lai_deng_42.7584_11.1154.json,custom
42.758475,11.116551,ov_osteria_bar_del_mercato_42.7585_11.1166,Osteria Bar del Mercato,RESTAURANT,ristorante,https://raw.githubusercontent.com/pasqualelembo78/huntix-poi/main/italia/toscana/grosseto/pages/osteria_bar_del_mercato_42.7585_11.1166.json,custom
42.758375,11.116828,ov_meat_up_42.7584_11.1168,Meat Up,RESTAURANT,ristorante,https://raw.githubusercontent.com/pasqualelembo78/huntix-poi/main/italia/toscana/grosseto/pages/meat_up_42.7584_11.1168.json,custom
42.758215,11.116743,ov_trattoria_il_giogo_42.7582_11.1167,Trattoria Il Giogo,RESTAURANT,ristorante,https://raw.githubusercontent.com/pasqualelembo78/huntix-poi/main/italia/toscana/grosseto/pages/trattoria_il_giogo_42.7582_11.1167.json,custom
42.758130,11.116249,ov_rosticceria_tavola_calda_42.7581_11.1162,Rosticceria Tavola Calda,RESTAURANT,ristorante,https://raw.githubusercontent.com/pasqualelembo78/huntix-poi/main/italia/toscana/grosseto/pages/rosticceria_tavola_calda_42.7581_11.1162.json,custom
42.758058,11.115967,ov_pizzeria_spizziko___buffet_42.7581_11.1160,Pizzeria Spizziko & Buffet,RESTAURANT,ristorante,https://raw.githubusercontent.com/pasqualelembo78/huntix-poi/main/italia/toscana/grosseto/pages/pizzeria_spizziko_buffet_42.7581_11.1160.json,custom
42.758716,11.115805,ov_essenza_love_natural_food_42.7587_11.1158,Essenza Love Natural Food,RESTAURANT,ristorante,https://raw.githubusercontent.com/pasqualelembo78/huntix-poi/main/italia/toscana/grosseto/pages/essenza_love_natural_food_42.7587_11.1158.json,custom
42.758678,11.115958,ov_crem_caffe_42.7587_11.1160,Crem Caffe,RESTAURANT,ristorante,https://raw.githubusercontent.com/pasqualelembo78/huntix-poi/main/italia/toscana/grosseto/pages/crem_caffe_42.7587_11.1160.json,custom
42.758702,11.114288,ov_cantina_di_piazza_del_sale_42.7587_11.1143,Cantina di Piazza del Sale,RESTAURANT,ristorante,https://raw.githubusercontent.com/pasqualelembo78/huntix-poi/main/italia/toscana/grosseto/pages/cantina_di_piazza_del_sale_42.7587_11.1143.json,custom
42.758703,11.114450,ov_sale_grosso_42.7587_11.1144,Sale Grosso,RESTAURANT,ristorante,https://raw.githubusercontent.com/pasqualelembo78/huntix-poi/main/italia/toscana/grosseto/pages/sale_grosso_42.7587_11.1144.json,custom
42.758693,11.114760,ov_mammmamia_che_spettacolo_42.7587_11.1148,MammmaMia Che Spettacolo,RESTAURANT,ristorante,https://raw.githubusercontent.com/pasqualelembo78/huntix-poi/main/italia/toscana/grosseto/pages/mammmamia_che_spettacolo_42.7587_11.1148.json,custom
42.758999,11.114323,ov_sale_26_42.7590_11.1143,Sale 26,RESTAURANT,ristorante,https://raw.githubusercontent.com/pasqualelembo78/huntix-poi/main/italia/toscana/grosseto/pages/sale_26_42.7590_11.1143.json,custom
42.759481,11.114387,ov_dal_nic_trattoria_42.7595_11.1144,Dal Nic Trattoria,RESTAURANT,ristorante,https://raw.githubusercontent.com/pasqualelembo78/huntix-poi/main/italia/toscana/grosseto/pages/dal_nic_trattoria_42.7595_11.1144.json,custom
42.759610,11.114885,ov_pizza_party_42.7596_11.1149,Pizza Party,RESTAURANT,ristorante,https://raw.githubusercontent.com/pasqualelembo78/huntix-poi/main/italia/toscana/grosseto/pages/pizza_party_42.7596_11.1149.json,custom
42.759712,11.114965,ov_enoteca_gustangolo_grosseto_42.7597_11.1150,Enoteca Gustangolo Grosseto,RESTAURANT,ristorante,https://raw.githubusercontent.com/pasqualelembo78/huntix-poi/main/italia/toscana/grosseto/pages/enoteca_gustangolo_grosseto_42.7597_11.1150.json,custom
42.759902,11.115483,ov_ristorante_grantosco_42.7599_11.1155,Ristorante Grantosco,RESTAURANT,ristorante,https://raw.githubusercontent.com/pasqualelembo78/huntix-poi/main/italia/toscana/grosseto/pages/ristorante_grantosco_42.7599_11.1155.json,custom
42.760091,11.115476,ov_l_etrusco_42.7601_11.1155,L'Etrusco,RESTAURANT,ristorante,https://raw.githubusercontent.com/pasqualelembo78/huntix-poi/main/italia/toscana/grosseto/pages/letrusco_42.7601_11.1155.json,custom
42.759316,11.119186,ov_la_spianatoia_42.7593_11.1192,La Spianatoia,RESTAURANT,ristorante,https://raw.githubusercontent.com/pasqualelembo78/huntix-poi/main/italia/toscana/grosseto/pages/la_spianatoia_42.7593_11.1192.json,custom
42.759169,11.122168,ov_bar_ristorante_pizzeria_via_leoncavallo_42.7592_11.1222,Bar Ristorante Pizzeria Via Leoncavallo,RESTAURANT,ristorante,https://raw.githubusercontent.com/pasqualelembo78/huntix-poi/main/italia/toscana/grosseto/pages/bar_ristorante_pizzeria_via_leoncavallo_42.7592_11.1222.json,custom
42.758662,11.122441,ov_da_mimita_42.7587_11.1224,Da Mimita,RESTAURANT,ristorante,https://raw.githubusercontent.com/pasqualelembo78/huntix-poi/main/italia/toscana/grosseto/pages/da_mimita_42.7587_11.1224.json,custom
42.759425,11.125092,ov_la_bottega_di_piero_42.7594_11.1251,La Bottega di Piero,RESTAURANT,ristorante,https://raw.githubusercontent.com/pasqualelembo78/huntix-poi/main/italia/toscana/grosseto/pages/la_bottega_di_piero_42.7594_11.1251.json,custom
42.754250,11.114660,ov_la_vaina_42.7542_11.1147,La Vaina,RESTAURANT,ristorante,https://raw.githubusercontent.com/pasqualelembo78/huntix-poi/main/italia/toscana/grosseto/pages/la_vaina_42.7542_11.1147.json,custom
42.753946,11.114400,ov_pizzeria_via_vai_sud_42.7539_11.1144,Pizzeria Via Vai Sud,RESTAURANT,ristorante,https://raw.githubusercontent.com/pasqualelembo78/huntix-poi/main/italia/toscana/grosseto/pages/pizzeria_via_vai_sud_42.7539_11.1144.json,custom
42.754263,11.122341,ov_sottobosco_bistrot_42.7543_11.1223,Sottobosco Bistrot,RESTAURANT,ristorante,https://raw.githubusercontent.com/pasqualelembo78/huntix-poi/main/italia/toscana/grosseto/pages/sottobosco_bistrot_42.7543_11.1223.json,custom
42.753305,11.169005,ov_il_poggiolo_42.7533_11.1690,Il Poggiolo,RESTAURANT,ristorante,https://raw.githubusercontent.com/pasqualelembo78/huntix-poi/main/italia/toscana/grosseto/pages/il_poggiolo_42.7533_11.1690.json,custom
42.772227,11.139614,ov_ilsalottodelcontadino_42.7722_11.1396,IlSalottodelcontadino,RESTAURANT,ristorante,https://raw.githubusercontent.com/pasqualelembo78/huntix-poi/main/italia/toscana/grosseto/pages/ilsalottodelcontadino_42.7722_11.1396.json,custom
42.772410,11.166821,ov_le_vecchie_usanze_42.7724_11.1668,Le Vecchie Usanze,RESTAURANT,ristorante,https://raw.githubusercontent.com/pasqualelembo78/huntix-poi/main/italia/toscana/grosseto/pages/le_vecchie_usanze_42.7724_11.1668.json,custom
42.772394,11.166813,ov_tre_raia_di_raia_umberto_42.7724_11.1668,TRE Raia di Raia Umberto,RESTAURANT,ristorante,https://raw.githubusercontent.com/pasqualelembo78/huntix-poi/main/italia/toscana/grosseto/pages/tre_raia_di_raia_umberto_42.7724_11.1668.json,custom
42.767756,11.175833,ov_tenuta_di_poggio_cavallo_42.7678_11.1758,Tenuta di Poggio Cavallo,RESTAURANT,ristorante,https://raw.githubusercontent.com/pasqualelembo78/huntix-poi/main/italia/toscana/grosseto/pages/tenuta_di_poggio_cavallo_42.7678_11.1758.json,custom
42.763400,11.175410,ov_sunset_ristorante_42.7634_11.1754,Sunset Ristorante,RESTAURANT,ristorante,https://raw.githubusercontent.com/pasqualelembo78/huntix-poi/main/italia/toscana/grosseto/pages/sunset_ristorante_42.7634_11.1754.json,custom
42.768210,11.115729,ov_bar_la_svolta_42.7682_11.1157,Bar La Svolta,RESTAURANT,ristorante,https://raw.githubusercontent.com/pasqualelembo78/huntix-poi/main/italia/toscana/grosseto/pages/bar_la_svolta_42.7682_11.1157.json,custom
42.766460,11.117949,ov_pizzeria_godiva_42.7665_11.1179,Pizzeria Godiva,RESTAURANT,ristorante,https://raw.githubusercontent.com/pasqualelembo78/huntix-poi/main/italia/toscana/grosseto/pages/pizzeria_godiva_42.7665_11.1179.json,custom
42.766770,11.115210,ov_studio_dr_ssa_luigina_fattorosi_grosseto_42.7668_11.1152,Studio Dr.ssa Luigina Fattorosi Grosseto,RESTAURANT,ristorante,https://raw.githubusercontent.com/pasqualelembo78/huntix-poi/main/italia/toscana/grosseto/pages/studio_drssa_luigina_fattorosi_grosseto_42.7668_11.1152.json,custom
42.765720,11.118134,ov_pizza_kilusa_42.7657_11.1181,Pizza Kilusa,RESTAURANT,ristorante,https://raw.githubusercontent.com/pasqualelembo78/huntix-poi/main/italia/toscana/grosseto/pages/pizza_kilusa_42.7657_11.1181.json,custom
42.766076,11.117775,ov_cristall_42.7661_11.1178,Cristall,RESTAURANT,ristorante,https://raw.githubusercontent.com/pasqualelembo78/huntix-poi/main/italia/toscana/grosseto/pages/cristall_42.7661_11.1178.json,custom
42.764854,11.115120,ov_ali_baba_doner_kebab_42.7649_11.1151,Ali Baba Doner Kebab,RESTAURANT,ristorante,https://raw.githubusercontent.com/pasqualelembo78/huntix-poi/main/italia/toscana/grosseto/pages/ali_baba_doner_kebab_42.7649_11.1151.json,custom
42.764870,11.115019,ov_maremma_chepizza_42.7649_11.1150,Maremma ChePizza,RESTAURANT,ristorante,https://raw.githubusercontent.com/pasqualelembo78/huntix-poi/main/italia/toscana/grosseto/pages/maremma_chepizza_42.7649_11.1150.json,custom
42.763074,11.130665,ov_grosseto_scansanese_42.7631_11.1307,GROSSETO SCANSANESE,RESTAURANT,ristorante,https://raw.githubusercontent.com/pasqualelembo78/huntix-poi/main/italia/toscana/grosseto/pages/grosseto_scansanese_42.7631_11.1307.json,custom
42.761745,11.122196,ov_pizzeria_la_rossa_42.7617_11.1222,Pizzeria La Rossa,RESTAURANT,ristorante,https://raw.githubusercontent.com/pasqualelembo78/huntix-poi/main/italia/toscana/grosseto/pages/pizzeria_la_rossa_42.7617_11.1222.json,custom
42.760278,11.120016,ov_la_bottega_della_pizza_42.7603_11.1200,La Bottega Della Pizza,RESTAURANT,ristorante,https://raw.githubusercontent.com/pasqualelembo78/huntix-poi/main/italia/toscana/grosseto/pages/la_bottega_della_pizza_42.7603_11.1200.json,custom
42.761088,11.119080,ov_il_carrettino_42.7611_11.1191,Il Carrettino,RESTAURANT,ristorante,https://raw.githubusercontent.com/pasqualelembo78/huntix-poi/main/italia/toscana/grosseto/pages/il_carrettino_42.7611_11.1191.json,custom
42.761118,11.118478,ov_ristoro_da_poldo_42.7611_11.1185,Ristoro Da Poldo,RESTAURANT,ristorante,https://raw.githubusercontent.com/pasqualelembo78/huntix-poi/main/italia/toscana/grosseto/pages/ristoro_da_poldo_42.7611_11.1185.json,custom
42.761078,11.118504,ov_my_way_42.7611_11.1185,My Way,RESTAURANT,ristorante,https://raw.githubusercontent.com/pasqualelembo78/huntix-poi/main/italia/toscana/grosseto/pages/my_way_42.7611_11.1185.json,custom
42.760439,11.115863,ov_qb___bar_libreria_42.7604_11.1159,QB - Bar Libreria,RESTAURANT,ristorante,https://raw.githubusercontent.com/pasqualelembo78/huntix-poi/main/italia/toscana/grosseto/pages/qb_-_bar_libreria_42.7604_11.1159.json,custom
42.760339,11.115067,ov_controbottega_42.7603_11.1151,Controbottega,RESTAURANT,ristorante,https://raw.githubusercontent.com/pasqualelembo78/huntix-poi/main/italia/toscana/grosseto/pages/controbottega_42.7603_11.1151.json,custom
42.760507,11.114918,ov_perlage_42.7605_11.1149,Perlage,RESTAURANT,ristorante,https://raw.githubusercontent.com/pasqualelembo78/huntix-poi/main/italia/toscana/grosseto/pages/perlage_42.7605_11.1149.json,custom
42.760611,11.114935,ov_trattoria_movida_42.7606_11.1149,Trattoria Movida,RESTAURANT,ristorante,https://raw.githubusercontent.com/pasqualelembo78/huntix-poi/main/italia/toscana/grosseto/pages/trattoria_movida_42.7606_11.1149.json,custom
42.760698,11.114898,ov_lucignolo_al_centro_42.7607_11.1149,Lucignolo al centro,RESTAURANT,ristorante,https://raw.githubusercontent.com/pasqualelembo78/huntix-poi/main/italia/toscana/grosseto/pages/lucignolo_al_centro_42.7607_11.1149.json,custom
42.760870,11.115399,ov_las_palmas_express_42.7609_11.1154,Las Palmas Express,RESTAURANT,ristorante,https://raw.githubusercontent.com/pasqualelembo78/huntix-poi/main/italia/toscana/grosseto/pages/las_palmas_express_42.7609_11.1154.json,custom
42.761147,11.115797,ov_buca_san_lorenzo_42.7611_11.1158,Buca San Lorenzo,RESTAURANT,ristorante,https://raw.githubusercontent.com/pasqualelembo78/huntix-poi/main/italia/toscana/grosseto/pages/buca_san_lorenzo_42.7611_11.1158.json,custom
42.761250,11.115530,ov_ristorante___al_tocco__42.7612_11.1155,Ristorante “ Al Tocco”,RESTAURANT,ristorante,https://raw.githubusercontent.com/pasqualelembo78/huntix-poi/main/italia/toscana/grosseto/pages/ristorante_al_tocco_42.7612_11.1155.json,custom
42.761089,11.115029,ov_il_bistr__di_matteo_e_michele_42.7611_11.1150,Il Bistrò di Matteo e Michele,RESTAURANT,ristorante,https://raw.githubusercontent.com/pasqualelembo78/huntix-poi/main/italia/toscana/grosseto/pages/il_bistr_di_matteo_e_michele_42.7611_11.1150.json,custom
42.761658,11.114678,ov_oltrenero_caff__da_lola_42.7617_11.1147,OltreNero CAFFÈ da Lola,RESTAURANT,ristorante,https://raw.githubusercontent.com/pasqualelembo78/huntix-poi/main/italia/toscana/grosseto/pages/oltrenero_caff_da_lola_42.7617_11.1147.json,custom
42.763397,11.115303,ov_mifood_giova_by_longevia_grosseto_42.7634_11.1153,MiFood Giova by Longevia Grosseto,RESTAURANT,ristorante,https://raw.githubusercontent.com/pasqualelembo78/huntix-poi/main/italia/toscana/grosseto/pages/mifood_giova_by_longevia_grosseto_42.7634_11.1153.json,custom
42.762843,11.123834,ov_arcobaleno_42.7628_11.1238,Arcobaleno,RESTAURANT,ristorante,https://raw.githubusercontent.com/pasqualelembo78/huntix-poi/main/italia/toscana/grosseto/pages/arcobaleno_42.7628_11.1238.json,custom
42.763585,11.121506,ov_pizzeria_via_vai_est_42.7636_11.1215,Pizzeria Via Vai Est,RESTAURANT,ristorante,https://raw.githubusercontent.com/pasqualelembo78/huntix-poi/main/italia/toscana/grosseto/pages/pizzeria_via_vai_est_42.7636_11.1215.json,custom
42.764333,11.120733,ov_100__pizza_42.7643_11.1207,100% Pizza,RESTAURANT,ristorante,https://raw.githubusercontent.com/pasqualelembo78/huntix-poi/main/italia/toscana/grosseto/pages/100_pizza_42.7643_11.1207.json,custom
42.763699,11.115636,ov_la_bufalina_42.7637_11.1156,La Bufalina,RESTAURANT,ristorante,https://raw.githubusercontent.com/pasqualelembo78/huntix-poi/main/italia/toscana/grosseto/pages/la_bufalina_42.7637_11.1156.json,custom
42.763937,11.114413,ov_arcimboldo_42.7639_11.1144,Arcimboldo,RESTAURANT,ristorante,https://raw.githubusercontent.com/pasqualelembo78/huntix-poi/main/italia/toscana/grosseto/pages/arcimboldo_42.7639_11.1144.json,custom
42.764120,11.113634,ov_casabona_42.7641_11.1136,Casabona,RESTAURANT,ristorante,https://raw.githubusercontent.com/pasqualelembo78/huntix-poi/main/italia/toscana/grosseto/pages/casabona_42.7641_11.1136.json,custom
42.763734,11.109749,ov_il_vizio_e_lo_sfizio_42.7637_11.1097,Il Vizio e Lo Sfizio,RESTAURANT,ristorante,https://raw.githubusercontent.com/pasqualelembo78/huntix-poi/main/italia/toscana/grosseto/pages/il_vizio_e_lo_sfizio_42.7637_11.1097.json,custom
42.764142,11.111004,ov_osteria_ghigo_42.7641_11.1110,Osteria Ghigo,RESTAURANT,ristorante,https://raw.githubusercontent.com/pasqualelembo78/huntix-poi/main/italia/toscana/grosseto/pages/osteria_ghigo_42.7641_11.1110.json,custom
42.764580,11.108490,ov_la_taverna_di_pulcinella_42.7646_11.1085,La Taverna di Pulcinella,RESTAURANT,ristorante,https://raw.githubusercontent.com/pasqualelembo78/huntix-poi/main/italia/toscana/grosseto/pages/la_taverna_di_pulcinella_42.7646_11.1085.json,custom
42.764487,11.108404,ov_pizzeria_friggitoria_verace_42.7645_11.1084,Pizzeria Friggitoria VERACE,RESTAURANT,ristorante,https://raw.githubusercontent.com/pasqualelembo78/huntix-poi/main/italia/toscana/grosseto/pages/pizzeria_friggitoria_verace_42.7645_11.1084.json,custom
42.764476,11.108431,ov_dt_review_42.7645_11.1084,DT Review,RESTAURANT,ristorante,https://raw.githubusercontent.com/pasqualelembo78/huntix-poi/main/italia/toscana/grosseto/pages/dt_review_42.7645_11.1084.json,custom
42.762452,11.110083,ov_autogrill_42.7625_11.1101,Autogrill,RESTAURANT,ristorante,https://raw.githubusercontent.com/pasqualelembo78/huntix-poi/main/italia/toscana/grosseto/pages/autogrill_42.7625_11.1101.json,custom
42.763368,11.109556,ov_il_beccapizza_42.7634_11.1096,Il Beccapizza,RESTAURANT,ristorante,https://raw.githubusercontent.com/pasqualelembo78/huntix-poi/main/italia/toscana/grosseto/pages/il_beccapizza_42.7634_11.1096.json,custom
42.763276,11.112675,ov_big_pizza_42.7633_11.1127,Big Pizza,RESTAURANT,ristorante,https://raw.githubusercontent.com/pasqualelembo78/huntix-poi/main/italia/toscana/grosseto/pages/big_pizza_42.7633_11.1127.json,custom
42.762750,11.113450,ov_ristorantedamario__saturnia_42.7627_11.1135,"RistoranteDaMario, Saturnia",RESTAURANT,ristorante,https://raw.githubusercontent.com/pasqualelembo78/huntix-poi/main/italia/toscana/grosseto/pages/ristorantedamario_saturnia_42.7627_11.1135.json,custom
42.762900,11.113523,ov_locanda_de__medici_42.7629_11.1135,Locanda de' Medici,RESTAURANT,ristorante,https://raw.githubusercontent.com/pasqualelembo78/huntix-poi/main/italia/toscana/grosseto/pages/locanda_de_medici_42.7629_11.1135.json,custom
42.761916,11.111896,ov_il_canto_del_gallo_42.7619_11.1119,Il Canto del Gallo,RESTAURANT,ristorante,https://raw.githubusercontent.com/pasqualelembo78/huntix-poi/main/italia/toscana/grosseto/pages/il_canto_del_gallo_42.7619_11.1119.json,custom
42.762234,11.112342,ov_loft___enoteca_urbana_42.7622_11.1123,Loft - Enoteca Urbana,RESTAURANT,ristorante,https://raw.githubusercontent.com/pasqualelembo78/huntix-poi/main/italia/toscana/grosseto/pages/loft_-_enoteca_urbana_42.7622_11.1123.json,custom
42.761624,11.112935,ov_bar_mokarex_42.7616_11.1129,Bar Mokarex,RESTAURANT,ristorante,https://raw.githubusercontent.com/pasqualelembo78/huntix-poi/main/italia/toscana/grosseto/pages/bar_mokarex_42.7616_11.1129.json,custom
42.761194,11.114121,ov_l_angolino_42.7612_11.1141,L'Angolino,RESTAURANT,ristorante,https://raw.githubusercontent.com/pasqualelembo78/huntix-poi/main/italia/toscana/grosseto/pages/langolino_42.7612_11.1141.json,custom
42.760834,11.112874,ov_al_posto_accanto_42.7608_11.1129,Al Posto Accanto,RESTAURANT,ristorante,https://raw.githubusercontent.com/pasqualelembo78/huntix-poi/main/italia/toscana/grosseto/pages/al_posto_accanto_42.7608_11.1129.json,custom
42.760831,11.114006,ov_vineria_da_romolo_42.7608_11.1140,Vineria Da Romolo,RESTAURANT,ristorante,https://raw.githubusercontent.com/pasqualelembo78/huntix-poi/main/italia/toscana/grosseto/pages/vineria_da_romolo_42.7608_11.1140.json,custom
42.760492,11.112459,ov_bistrot_19_42.7605_11.1125,Bistrot 19,RESTAURANT,ristorante,https://raw.githubusercontent.com/pasqualelembo78/huntix-poi/main/italia/toscana/grosseto/pages/bistrot_19_42.7605_11.1125.json,custom
42.760683,11.112649,ov_il_melograno_42.7607_11.1126,Il Melograno,RESTAURANT,ristorante,https://raw.githubusercontent.com/pasqualelembo78/huntix-poi/main/italia/toscana/grosseto/pages/il_melograno_42.7607_11.1126.json,custom
42.760405,11.110701,ov_le_mura_42.7604_11.1107,Le Mura,RESTAURANT,ristorante,https://raw.githubusercontent.com/pasqualelembo78/huntix-poi/main/italia/toscana/grosseto/pages/le_mura_42.7604_11.1107.json,custom
42.761744,11.106526,ov_rosticceria_margherita_42.7617_11.1065,Rosticceria Margherita,RESTAURANT,ristorante,https://raw.githubusercontent.com/pasqualelembo78/huntix-poi/main/italia/toscana/grosseto/pages/rosticceria_margherita_42.7617_11.1065.json,custom
42.761957,11.106772,ov_pizzeria_passaparola_42.7620_11.1068,Pizzeria Passaparola,RESTAURANT,ristorante,https://raw.githubusercontent.com/pasqualelembo78/huntix-poi/main/italia/toscana/grosseto/pages/pizzeria_passaparola_42.7620_11.1068.json,custom
42.762748,11.095878,ov_vignaccio_pizzeria_grosseto_42.7627_11.0959,Vignaccio Pizzeria Grosseto,RESTAURANT,ristorante,https://raw.githubusercontent.com/pasqualelembo78/huntix-poi/main/italia/toscana/grosseto/pages/vignaccio_pizzeria_grosseto_42.7627_11.0959.json,custom
42.763635,11.102905,ov_melamangio_pizzeria_forno_a_legna_42.7636_11.1029,MelaMangio Pizzeria Forno a Legna,RESTAURANT,ristorante,https://raw.githubusercontent.com/pasqualelembo78/huntix-poi/main/italia/toscana/grosseto/pages/melamangio_pizzeria_forno_a_legna_42.7636_11.1029.json,custom
42.766720,11.103434,ov_tce_ristorante_pizzeria_area_bimbi_42.7667_11.1034,Tce Ristorante Pizzeria Area Bimbi,RESTAURANT,ristorante,https://raw.githubusercontent.com/pasqualelembo78/huntix-poi/main/italia/toscana/grosseto/pages/tce_ristorante_pizzeria_area_bimbi_42.7667_11.1034.json,custom
42.765729,11.102188,ov_sakura_ristorante_barbecue_42.7657_11.1022,Sakura ristorante barbecue,RESTAURANT,ristorante,https://raw.githubusercontent.com/pasqualelembo78/huntix-poi/main/italia/toscana/grosseto/pages/sakura_ristorante_barbecue_42.7657_11.1022.json,custom
42.764769,11.108665,ov_giangusto_42.7648_11.1087,Giangusto,RESTAURANT,ristorante,https://raw.githubusercontent.com/pasqualelembo78/huntix-poi/main/italia/toscana/grosseto/pages/giangusto_42.7648_11.1087.json,custom
42.765102,11.109449,ov_il_tagliapasta_42.7651_11.1094,Il Tagliapasta,RESTAURANT,ristorante,https://raw.githubusercontent.com/pasqualelembo78/huntix-poi/main/italia/toscana/grosseto/pages/il_tagliapasta_42.7651_11.1094.json,custom
42.764634,11.111546,ov_pizzeria_roma_42.7646_11.1115,Pizzeria Roma,RESTAURANT,ristorante,https://raw.githubusercontent.com/pasqualelembo78/huntix-poi/main/italia/toscana/grosseto/pages/pizzeria_roma_42.7646_11.1115.json,custom
42.764779,11.113844,ov_l_ancoraggio_by_maradona_42.7648_11.1138,L'Ancoraggio by Maradona,RESTAURANT,ristorante,https://raw.githubusercontent.com/pasqualelembo78/huntix-poi/main/italia/toscana/grosseto/pages/lancoraggio_by_maradona_42.7648_11.1138.json,custom
42.765363,11.114184,ov_teddy7_27_42.7654_11.1142,Teddy7&27,RESTAURANT,ristorante,https://raw.githubusercontent.com/pasqualelembo78/huntix-poi/main/italia/toscana/grosseto/pages/teddy727_42.7654_11.1142.json,custom
42.765859,11.109948,ov_orange_paradise_42.7659_11.1099,Orange Paradise,RESTAURANT,ristorante,https://raw.githubusercontent.com/pasqualelembo78/huntix-poi/main/italia/toscana/grosseto/pages/orange_paradise_42.7659_11.1099.json,custom
42.766402,11.107893,ov_bar_trattoria_dopolavoro_ferroviario_fs3_42.7664_11.1079,Bar Trattoria Dopolavoro Ferroviario Fs357,RESTAURANT,ristorante,https://raw.githubusercontent.com/pasqualelembo78/huntix-poi/main/italia/toscana/grosseto/pages/bar_trattoria_dopolavoro_ferroviario_fs3_42.7664_11.1079.json,custom
42.767853,11.109111,ov_fabbrica_dei_gusti_grosseto_42.7679_11.1091,Fabbrica Dei Gusti Grosseto,RESTAURANT,ristorante,https://raw.githubusercontent.com/pasqualelembo78/huntix-poi/main/italia/toscana/grosseto/pages/fabbrica_dei_gusti_grosseto_42.7679_11.1091.json,custom
42.766930,11.107809,ov_brazilian_sushi_grosseto_42.7669_11.1078,Brazilian Sushi Grosseto,RESTAURANT,ristorante,https://raw.githubusercontent.com/pasqualelembo78/huntix-poi/main/italia/toscana/grosseto/pages/brazilian_sushi_grosseto_42.7669_11.1078.json,custom
42.768598,11.113626,ov_creperia_la_dolce_vita_42.7686_11.1136,Creperia la dolce vita,RESTAURANT,ristorante,https://raw.githubusercontent.com/pasqualelembo78/huntix-poi/main/italia/toscana/grosseto/pages/creperia_la_dolce_vita_42.7686_11.1136.json,custom
42.768780,11.110854,ov_pio_na_pizza_42.7688_11.1109,Pio Na Pizza,RESTAURANT,ristorante,https://raw.githubusercontent.com/pasqualelembo78/huntix-poi/main/italia/toscana/grosseto/pages/pio_na_pizza_42.7688_11.1109.json,custom
42.767546,11.102266,ov_la_grande_cina_42.7675_11.1023,la Grande Cina,RESTAURANT,ristorante,https://raw.githubusercontent.com/pasqualelembo78/huntix-poi/main/italia/toscana/grosseto/pages/la_grande_cina_42.7675_11.1023.json,custom
42.766848,11.103011,ov_pizza_artigianale_42.7668_11.1030,Pizza Artigianale,RESTAURANT,ristorante,https://raw.githubusercontent.com/pasqualelembo78/huntix-poi/main/italia/toscana/grosseto/pages/pizza_artigianale_42.7668_11.1030.json,custom
42.767542,11.101235,ov_pizza_family_42.7675_11.1012,Pizza Family,RESTAURANT,ristorante,https://raw.githubusercontent.com/pasqualelembo78/huntix-poi/main/italia/toscana/grosseto/pages/pizza_family_42.7675_11.1012.json,custom
42.772523,11.101303,ov_le_delizie_del_palato_42.7725_11.1013,Le Delizie del Palato,RESTAURANT,ristorante,https://raw.githubusercontent.com/pasqualelembo78/huntix-poi/main/italia/toscana/grosseto/pages/le_delizie_del_palato_42.7725_11.1013.json,custom
42.772148,11.100957,ov_pinseria_trigo_42.7721_11.1010,Pinseria Trigo,RESTAURANT,ristorante,https://raw.githubusercontent.com/pasqualelembo78/huntix-poi/main/italia/toscana/grosseto/pages/pinseria_trigo_42.7721_11.1010.json,custom
42.771842,11.100725,ov_pizzeria_vecchia_artigiana_42.7718_11.1007,Pizzeria Vecchia Artigiana,RESTAURANT,ristorante,https://raw.githubusercontent.com/pasqualelembo78/huntix-poi/main/italia/toscana/grosseto/pages/pizzeria_vecchia_artigiana_42.7718_11.1007.json,custom
42.771439,11.100937,ov_amici_senza_glutine_42.7714_11.1009,Amici Senza Glutine,RESTAURANT,ristorante,https://raw.githubusercontent.com/pasqualelembo78/huntix-poi/main/italia/toscana/grosseto/pages/amici_senza_glutine_42.7714_11.1009.json,custom
42.771763,11.106692,ov_burger_king_42.7718_11.1067,Burger King,RESTAURANT,ristorante,https://raw.githubusercontent.com/pasqualelembo78/huntix-poi/main/italia/toscana/grosseto/pages/burger_king_42.7718_11.1067.json,custom
42.772071,11.108217,ov_pizzeria_la_bella_napoli_42.7721_11.1082,Pizzeria la Bella Napoli,RESTAURANT,ristorante,https://raw.githubusercontent.com/pasqualelembo78/huntix-poi/main/italia/toscana/grosseto/pages/pizzeria_la_bella_napoli_42.7721_11.1082.json,custom
42.772124,11.108952,ov_tre_lampioni_42.7721_11.1090,Tre lampioni,RESTAURANT,ristorante,https://raw.githubusercontent.com/pasqualelembo78/huntix-poi/main/italia/toscana/grosseto/pages/tre_lampioni_42.7721_11.1090.json,custom
42.772111,11.106030,ov_old_wild_west_42.7721_11.1060,Old Wild West,RESTAURANT,ristorante,https://raw.githubusercontent.com/pasqualelembo78/huntix-poi/main/italia/toscana/grosseto/pages/old_wild_west_42.7721_11.1060.json,custom
42.772844,11.105491,ov_marilyn_cafe_42.7728_11.1055,Marilyn Cafe,RESTAURANT,ristorante,https://raw.githubusercontent.com/pasqualelembo78/huntix-poi/main/italia/toscana/grosseto/pages/marilyn_cafe_42.7728_11.1055.json,custom
42.773347,11.112371,ov_la_macrilera_42.7733_11.1124,La Macrilera,RESTAURANT,ristorante,https://raw.githubusercontent.com/pasqualelembo78/huntix-poi/main/italia/toscana/grosseto/pages/la_macrilera_42.7733_11.1124.json,custom
42.773169,11.113498,ov_al_solito_posto_da_fabrizio_42.7732_11.1135,Al solito posto da Fabrizio,RESTAURANT,ristorante,https://raw.githubusercontent.com/pasqualelembo78/huntix-poi/main/italia/toscana/grosseto/pages/al_solito_posto_da_fabrizio_42.7732_11.1135.json,custom
42.773111,11.113587,ov_pizzeria_doppio_zero_42.7731_11.1136,Pizzeria Doppio Zero,RESTAURANT,ristorante,https://raw.githubusercontent.com/pasqualelembo78/huntix-poi/main/italia/toscana/grosseto/pages/pizzeria_doppio_zero_42.7731_11.1136.json,custom
42.771126,11.111864,ov_i_due_scugnizzi_42.7711_11.1119,I Due Scugnizzi,RESTAURANT,ristorante,https://raw.githubusercontent.com/pasqualelembo78/huntix-poi/main/italia/toscana/grosseto/pages/i_due_scugnizzi_42.7711_11.1119.json,custom
42.770336,11.108017,ov_potto_pizza_42.7703_11.1080,Potto Pizza,RESTAURANT,ristorante,https://raw.githubusercontent.com/pasqualelembo78/huntix-poi/main/italia/toscana/grosseto/pages/potto_pizza_42.7703_11.1080.json,custom
42.769596,11.112980,ov_langosteria_bistrot_42.7696_11.1130,Langosteria Bistrot,RESTAURANT,ristorante,https://raw.githubusercontent.com/pasqualelembo78/huntix-poi/main/italia/toscana/grosseto/pages/langosteria_bistrot_42.7696_11.1130.json,custom
42.769440,11.113031,ov_homeat_42.7694_11.1130,Homeat,RESTAURANT,ristorante,https://raw.githubusercontent.com/pasqualelembo78/huntix-poi/main/italia/toscana/grosseto/pages/homeat_42.7694_11.1130.json,custom
42.769211,11.111899,ov_rosticceria_corti_grosseto_42.7692_11.1119,Rosticceria Corti Grosseto,RESTAURANT,ristorante,https://raw.githubusercontent.com/pasqualelembo78/huntix-poi/main/italia/toscana/grosseto/pages/rosticceria_corti_grosseto_42.7692_11.1119.json,custom
42.769720,11.114792,ov_pizzeria_jolly_42.7697_11.1148,Pizzeria Jolly,RESTAURANT,ristorante,https://raw.githubusercontent.com/pasqualelembo78/huntix-poi/main/italia/toscana/grosseto/pages/pizzeria_jolly_42.7697_11.1148.json,custom
42.773371,11.116248,ov_anema_e_core_42.7734_11.1162,Anema e Core,RESTAURANT,ristorante,https://raw.githubusercontent.com/pasqualelembo78/huntix-poi/main/italia/toscana/grosseto/pages/anema_e_core_42.7734_11.1162.json,custom
42.774069,11.114734,ov_moluba_42.7741_11.1147,Moluba,RESTAURANT,ristorante,https://raw.githubusercontent.com/pasqualelembo78/huntix-poi/main/italia/toscana/grosseto/pages/moluba_42.7741_11.1147.json,custom
42.773625,11.121079,ov_mcdonald_s_42.7736_11.1211,McDonald's,RESTAURANT,ristorante,https://raw.githubusercontent.com/pasqualelembo78/huntix-poi/main/italia/toscana/grosseto/pages/mcdonalds_42.7736_11.1211.json,custom
42.777077,11.119564,ov_pasticceria_progresso_42.7771_11.1196,Pasticceria Progresso,RESTAURANT,ristorante,https://raw.githubusercontent.com/pasqualelembo78/huntix-poi/main/italia/toscana/grosseto/pages/pasticceria_progresso_42.7771_11.1196.json,custom
42.776980,11.120000,ov_de_l__innovative_42.7770_11.1200,De lù innovative,RESTAURANT,ristorante,https://raw.githubusercontent.com/pasqualelembo78/huntix-poi/main/italia/toscana/grosseto/pages/de_l_innovative_42.7770_11.1200.json,custom
42.776908,11.120173,ov_4_stagioni_42.7769_11.1202,4 Stagioni,RESTAURANT,ristorante,https://raw.githubusercontent.com/pasqualelembo78/huntix-poi/main/italia/toscana/grosseto/pages/4_stagioni_42.7769_11.1202.json,custom
42.776761,11.119891,ov_puntopinsa_42.7768_11.1199,PuntoPinsa,RESTAURANT,ristorante,https://raw.githubusercontent.com/pasqualelembo78/huntix-poi/main/italia/toscana/grosseto/pages/puntopinsa_42.7768_11.1199.json,custom
42.776233,11.115259,ov_europa_tce_grosseto_42.7762_11.1153,Europa Tce Grosseto,RESTAURANT,ristorante,https://raw.githubusercontent.com/pasqualelembo78/huntix-poi/main/italia/toscana/grosseto/pages/europa_tce_grosseto_42.7762_11.1153.json,custom
42.777543,11.104535,ov_roadhouse_restaurant_grosseto_42.7775_11.1045,Roadhouse Restaurant Grosseto,RESTAURANT,ristorante,https://raw.githubusercontent.com/pasqualelembo78/huntix-poi/main/italia/toscana/grosseto/pages/roadhouse_restaurant_grosseto_42.7775_11.1045.json,custom
42.777210,11.105569,ov_ilirida___ristorante_pizzeria_grosseto_42.7772_11.1056,Ilirida - Ristorante Pizzeria Grosseto,RESTAURANT,ristorante,https://raw.githubusercontent.com/pasqualelembo78/huntix-poi/main/italia/toscana/grosseto/pages/ilirida_-_ristorante_pizzeria_grosseto_42.7772_11.1056.json,custom
42.777261,11.105108,ov_billy_tacos_42.7773_11.1051,Billy Tacos,RESTAURANT,ristorante,https://raw.githubusercontent.com/pasqualelembo78/huntix-poi/main/italia/toscana/grosseto/pages/billy_tacos_42.7773_11.1051.json,custom
42.776518,11.106945,ov_pizzeria_mezzo_metro_42.7765_11.1069,Pizzeria Mezzo Metro,RESTAURANT,ristorante,https://raw.githubusercontent.com/pasqualelembo78/huntix-poi/main/italia/toscana/grosseto/pages/pizzeria_mezzo_metro_42.7765_11.1069.json,custom
42.775849,11.109332,ov_bistrot_7e17_42.7758_11.1093,Bistrot 7e17,RESTAURANT,ristorante,https://raw.githubusercontent.com/pasqualelembo78/huntix-poi/main/italia/toscana/grosseto/pages/bistrot_7e17_42.7758_11.1093.json,custom
42.774022,11.109642,ov_acqua___sapone_42.7740_11.1096,Acqua & Sapone,RESTAURANT,ristorante,https://raw.githubusercontent.com/pasqualelembo78/huntix-poi/main/italia/toscana/grosseto/pages/acqua_sapone_42.7740_11.1096.json,custom
42.774110,11.110010,ov_angolo_divino_42.7741_11.1100,Angolo divino,RESTAURANT,ristorante,https://raw.githubusercontent.com/pasqualelembo78/huntix-poi/main/italia/toscana/grosseto/pages/angolo_divino_42.7741_11.1100.json,custom
42.775004,11.104579,ov_pizzeria_skipper_42.7750_11.1046,Pizzeria Skipper,RESTAURANT,ristorante,https://raw.githubusercontent.com/pasqualelembo78/huntix-poi/main/italia/toscana/grosseto/pages/pizzeria_skipper_42.7750_11.1046.json,custom
42.775046,11.097122,ov_081_zerottantuno_42.7750_11.0971,081 Zerottantuno,RESTAURANT,ristorante,https://raw.githubusercontent.com/pasqualelembo78/huntix-poi/main/italia/toscana/grosseto/pages/081_zerottantuno_42.7750_11.0971.json,custom
42.775730,11.099090,ov_pizzeria_birreria_arnold_s_42.7757_11.0991,Pizzeria Birreria Arnold's,RESTAURANT,ristorante,https://raw.githubusercontent.com/pasqualelembo78/huntix-poi/main/italia/toscana/grosseto/pages/pizzeria_birreria_arnolds_42.7757_11.0991.json,custom
42.775690,11.099710,ov_l_eco_della_pizza_di_franci_enrico_42.7757_11.0997,L'Eco della Pizza di Franci Enrico,RESTAURANT,ristorante,https://raw.githubusercontent.com/pasqualelembo78/huntix-poi/main/italia/toscana/grosseto/pages/leco_della_pizza_di_franci_enrico_42.7757_11.0997.json,custom
42.775998,11.099577,ov_pizzeria_drive_in_42.7760_11.0996,pizzeria DRIVE IN,RESTAURANT,ristorante,https://raw.githubusercontent.com/pasqualelembo78/huntix-poi/main/italia/toscana/grosseto/pages/pizzeria_drive_in_42.7760_11.0996.json,custom
42.779816,11.106698,ov_4_tempi_bar_caffetteria_42.7798_11.1067,4 Tempi Bar Caffetteria,RESTAURANT,ristorante,https://raw.githubusercontent.com/pasqualelembo78/huntix-poi/main/italia/toscana/grosseto/pages/4_tempi_bar_caffetteria_42.7798_11.1067.json,custom
42.780284,11.104981,ov_wok_sushi_grosseto_42.7803_11.1050,Wok Sushi Grosseto,RESTAURANT,ristorante,https://raw.githubusercontent.com/pasqualelembo78/huntix-poi/main/italia/toscana/grosseto/pages/wok_sushi_grosseto_42.7803_11.1050.json,custom
42.781084,11.105596,ov_gohan_42.7811_11.1056,Gohan,RESTAURANT,ristorante,https://raw.githubusercontent.com/pasqualelembo78/huntix-poi/main/italia/toscana/grosseto/pages/gohan_42.7811_11.1056.json,custom
42.780271,11.108563,ov_grosseto_senegal_42.7803_11.1086,GROSSETO SENEGAL,RESTAURANT,ristorante,https://raw.githubusercontent.com/pasqualelembo78/huntix-poi/main/italia/toscana/grosseto/pages/grosseto_senegal_42.7803_11.1086.json,custom
42.780237,11.111215,ov_pizzeria_plant_di_manetti_luca_42.7802_11.1112,Pizzeria Plant di Manetti Luca,RESTAURANT,ristorante,https://raw.githubusercontent.com/pasqualelembo78/huntix-poi/main/italia/toscana/grosseto/pages/pizzeria_plant_di_manetti_luca_42.7802_11.1112.json,custom
42.782255,11.110722,ov_pizza_a_pezzi_42.7823_11.1107,Pizza a Pezzi,RESTAURANT,ristorante,https://raw.githubusercontent.com/pasqualelembo78/huntix-poi/main/italia/toscana/grosseto/pages/pizza_a_pezzi_42.7823_11.1107.json,custom
42.783653,11.103325,ov_il_cavallino_bianco_42.7837_11.1033,Il Cavallino Bianco,RESTAURANT,ristorante,https://raw.githubusercontent.com/pasqualelembo78/huntix-poi/main/italia/toscana/grosseto/pages/il_cavallino_bianco_42.7837_11.1033.json,custom
42.783803,11.106684,ov_famileat___ex_beat_75_42.7838_11.1067,FamilEat - Ex Beat 75,RESTAURANT,ristorante,https://raw.githubusercontent.com/pasqualelembo78/huntix-poi/main/italia/toscana/grosseto/pages/famileat_-_ex_beat_75_42.7838_11.1067.json,custom
42.783059,11.107741,ov_happy_lux_42.7831_11.1077,Happy LUX,RESTAURANT,ristorante,https://raw.githubusercontent.com/pasqualelembo78/huntix-poi/main/italia/toscana/grosseto/pages/happy_lux_42.7831_11.1077.json,custom
42.782336,11.105293,ov_porca_vacca_42.7823_11.1053,Porca Vacca,RESTAURANT,ristorante,https://raw.githubusercontent.com/pasqualelembo78/huntix-poi/main/italia/toscana/grosseto/pages/porca_vacca_42.7823_11.1053.json,custom
42.782853,11.107375,ov_food_elite_42.7829_11.1074,Food Elite,RESTAURANT,ristorante,https://raw.githubusercontent.com/pasqualelembo78/huntix-poi/main/italia/toscana/grosseto/pages/food_elite_42.7829_11.1074.json,custom
42.782527,11.110546,ov_pizzeria_dil__42.7825_11.1105,Pizzeria Dilù,RESTAURANT,ristorante,https://raw.githubusercontent.com/pasqualelembo78/huntix-poi/main/italia/toscana/grosseto/pages/pizzeria_dil_42.7825_11.1105.json,custom
42.782744,11.110005,ov_millenium_42.7827_11.1100,Millenium,RESTAURANT,ristorante,https://raw.githubusercontent.com/pasqualelembo78/huntix-poi/main/italia/toscana/grosseto/pages/millenium_42.7827_11.1100.json,custom
42.786348,11.128246,ov_ristorante_pizzeria_bora_bora_42.7863_11.1282,Ristorante Pizzeria Bora Bora,RESTAURANT,ristorante,https://raw.githubusercontent.com/pasqualelembo78/huntix-poi/main/italia/toscana/grosseto/pages/ristorante_pizzeria_bora_bora_42.7863_11.1282.json,custom
42.777965,11.174494,ov_franca_leonessi_grosseto_42.7780_11.1745,Franca Leonessi Grosseto,RESTAURANT,ristorante,https://raw.githubusercontent.com/pasqualelembo78/huntix-poi/main/italia/toscana/grosseto/pages/franca_leonessi_grosseto_42.7780_11.1745.json,custom
42.787815,11.116485,ov_alice_pizza_42.7878_11.1165,Alice Pizza,RESTAURANT,ristorante,https://raw.githubusercontent.com/pasqualelembo78/huntix-poi/main/italia/toscana/grosseto/pages/alice_pizza_42.7878_11.1165.json,custom
42.788568,11.115222,ov_fishexpress_guadagnoli_42.7886_11.1152,Fishexpress Guadagnoli,RESTAURANT,ristorante,https://raw.githubusercontent.com/pasqualelembo78/huntix-poi/main/italia/toscana/grosseto/pages/fishexpress_guadagnoli_42.7886_11.1152.json,custom
42.788804,11.114476,ov_kfc_42.7888_11.1145,KFC,RESTAURANT,ristorante,https://raw.githubusercontent.com/pasqualelembo78/huntix-poi/main/italia/toscana/grosseto/pages/kfc_42.7888_11.1145.json,custom
42.788809,11.113597,ov_ri_co__ristoro_42.7888_11.1136,Ri.Co. Ristoro,RESTAURANT,ristorante,https://raw.githubusercontent.com/pasqualelembo78/huntix-poi/main/italia/toscana/grosseto/pages/rico_ristoro_42.7888_11.1136.json,custom
42.788669,11.113491,ov_la_piadineria_42.7887_11.1135,La Piadineria,RESTAURANT,ristorante,https://raw.githubusercontent.com/pasqualelembo78/huntix-poi/main/italia/toscana/grosseto/pages/la_piadineria_42.7887_11.1135.json,custom
42.787786,11.113142,ov_america_graffiti_42.7878_11.1131,America Graffiti,RESTAURANT,ristorante,https://raw.githubusercontent.com/pasqualelembo78/huntix-poi/main/italia/toscana/grosseto/pages/america_graffiti_42.7878_11.1131.json,custom
42.787078,11.108375,ov_panificio_mangiavacchi_42.7871_11.1084,Panificio Mangiavacchi,RESTAURANT,ristorante,https://raw.githubusercontent.com/pasqualelembo78/huntix-poi/main/italia/toscana/grosseto/pages/panificio_mangiavacchi_42.7871_11.1084.json,custom
42.789200,11.100510,ov_pecorino_toscano_dop_42.7892_11.1005,Pecorino Toscano DOP,RESTAURANT,ristorante,https://raw.githubusercontent.com/pasqualelembo78/huntix-poi/main/italia/toscana/grosseto/pages/pecorino_toscano_dop_42.7892_11.1005.json,custom
42.808681,11.140733,ov_ristorante_pizzeria_le_corti_42.8087_11.1407,Ristorante Pizzeria Le Corti,RESTAURANT,ristorante,https://raw.githubusercontent.com/pasqualelembo78/huntix-poi/main/italia/toscana/grosseto/pages/ristorante_pizzeria_le_corti_42.8087_11.1407.json,custom
42.810050,11.138310,ov_renzo___lucia_ristorante_pizzeria_42.8100_11.1383,Renzo & Lucia Ristorante Pizzeria,RESTAURANT,ristorante,https://raw.githubusercontent.com/pasqualelembo78/huntix-poi/main/italia/toscana/grosseto/pages/renzo_lucia_ristorante_pizzeria_42.8100_11.1383.json,custom
42.800944,11.166631,ov_trattoria_maremmabona_42.8009_11.1666,Trattoria Maremmabona,RESTAURANT,ristorante,https://raw.githubusercontent.com/pasqualelembo78/huntix-poi/main/italia/toscana/grosseto/pages/trattoria_maremmabona_42.8009_11.1666.json,custom
42.800978,11.166597,ov_maremma_bona_42.8010_11.1666,Maremma bona,RESTAURANT,ristorante,https://raw.githubusercontent.com/pasqualelembo78/huntix-poi/main/italia/toscana/grosseto/pages/maremma_bona_42.8010_11.1666.json,custom
42.782869,11.192147,ov_osteria_il_cassero_42.7829_11.1921,Osteria il Cassero,RESTAURANT,ristorante,https://raw.githubusercontent.com/pasqualelembo78/huntix-poi/main/italia/toscana/grosseto/pages/osteria_il_cassero_42.7829_11.1921.json,custom
42.782882,11.192187,ov_maremma_meino_42.7829_11.1922,Maremma Meino,RESTAURANT,ristorante,https://raw.githubusercontent.com/pasqualelembo78/huntix-poi/main/italia/toscana/grosseto/pages/maremma_meino_42.7829_11.1922.json,custom
42.782721,11.191474,ov_la_cantina_di_istia_42.7827_11.1915,La Cantina di Istia,RESTAURANT,ristorante,https://raw.githubusercontent.com/pasqualelembo78/huntix-poi/main/italia/toscana/grosseto/pages/la_cantina_di_istia_42.7827_11.1915.json,custom
42.779219,11.188342,ov_osteria_del_villano_42.7792_11.1883,Osteria Del Villano,RESTAURANT,ristorante,https://raw.githubusercontent.com/pasqualelembo78/huntix-poi/main/italia/toscana/grosseto/pages/osteria_del_villano_42.7792_11.1883.json,custom
42.740673,11.151992,ov_ristorante_terre_di_grancia_42.7407_11.1520,Ristorante Terre di Grancia,RESTAURANT,ristorante,https://raw.githubusercontent.com/pasqualelembo78/huntix-poi/main/italia/toscana/grosseto/pages/ristorante_terre_di_grancia_42.7407_11.1520.json,custom
42.739590,11.110211,ov_tavola_calda_da_antonella_42.7396_11.1102,Tavola Calda da Antonella,RESTAURANT,ristorante,https://raw.githubusercontent.com/pasqualelembo78/huntix-poi/main/italia/toscana/grosseto/pages/tavola_calda_da_antonella_42.7396_11.1102.json,custom
42.739730,11.110258,ov_pizzeria_l_angolo_di_corrado_42.7397_11.1103,Pizzeria L Angolo Di Corrado,RESTAURANT,ristorante,https://raw.githubusercontent.com/pasqualelembo78/huntix-poi/main/italia/toscana/grosseto/pages/pizzeria_l_angolo_di_corrado_42.7397_11.1103.json,custom
42.733653,11.095665,ov_bierstadel___birreria_ristorante_42.7337_11.0957,Bierstadel - Birreria Ristorante,RESTAURANT,ristorante,https://raw.githubusercontent.com/pasqualelembo78/huntix-poi/main/italia/toscana/grosseto/pages/bierstadel_-_birreria_ristorante_42.7337_11.0957.json,custom
42.707448,11.116397,ov_agriturismo_la_giuncola_42.7074_11.1164,Agriturismo La Giuncola,RESTAURANT,ristorante,https://raw.githubusercontent.com/pasqualelembo78/huntix-poi/main/italia/toscana/grosseto/pages/agriturismo_la_giuncola_42.7074_11.1164.json,custom
42.707645,11.116336,ov_ristorante_la_giuncola_42.7076_11.1163,Ristorante La Giuncola,RESTAURANT,ristorante,https://raw.githubusercontent.com/pasqualelembo78/huntix-poi/main/italia/toscana/grosseto/pages/ristorante_la_giuncola_42.7076_11.1163.json,custom
42.709840,11.132150,ov_pizzeria_ristorante_58046_42.7098_11.1321,Pizzeria ristorante 58046,RESTAURANT,ristorante,https://raw.githubusercontent.com/pasqualelembo78/huntix-poi/main/italia/toscana/grosseto/pages/pizzeria_ristorante_58046_42.7098_11.1321.json,custom
42.703749,11.136517,ov_fattoria_dei_rossi_42.7037_11.1365,Fattoria dei Rossi,RESTAURANT,ristorante,https://raw.githubusercontent.com/pasqualelembo78/huntix-poi/main/italia/toscana/grosseto/pages/fattoria_dei_rossi_42.7037_11.1365.json,custom
42.702957,11.144965,ov_luci_nel_parco_42.7030_11.1450,Luci nel Parco,RESTAURANT,ristorante,https://raw.githubusercontent.com/pasqualelembo78/huntix-poi/main/italia/toscana/grosseto/pages/luci_nel_parco_42.7030_11.1450.json,custom
42.707030,11.135375,ov_boncitto_di_silvestrin_francesco_42.7070_11.1354,Boncitto di Silvestrin Francesco,RESTAURANT,ristorante,https://raw.githubusercontent.com/pasqualelembo78/huntix-poi/main/italia/toscana/grosseto/pages/boncitto_di_silvestrin_francesco_42.7070_11.1354.json,custom
42.704680,11.129750,ov_azienda_agraria_giuncola_e_granaiolo_di__42.7047_11.1297,Azienda Agraria Giuncola e Granaiolo di Maccherini Luca,RESTAURANT,ristorante,https://raw.githubusercontent.com/pasqualelembo78/huntix-poi/main/italia/toscana/grosseto/pages/azienda_agraria_giuncola_e_granaiolo_di__42.7047_11.1297.json,custom
42.704578,11.128569,ov_ristorante_da_remo_42.7046_11.1286,Ristorante da Remo,RESTAURANT,ristorante,https://raw.githubusercontent.com/pasqualelembo78/huntix-poi/main/italia/toscana/grosseto/pages/ristorante_da_remo_42.7046_11.1286.json,custom
42.702849,11.105689,ov_antica_dogana___ristorante___shop_42.7028_11.1057,Antica Dogana - Ristorante & Shop,RESTAURANT,ristorante,https://raw.githubusercontent.com/pasqualelembo78/huntix-poi/main/italia/toscana/grosseto/pages/antica_dogana_-_ristorante_shop_42.7028_11.1057.json,custom
42.694386,11.101814,ov_agriturismo_turin_42.6944_11.1018,Agriturismo Turin,RESTAURANT,ristorante,https://raw.githubusercontent.com/pasqualelembo78/huntix-poi/main/italia/toscana/grosseto/pages/agriturismo_turin_42.6944_11.1018.json,custom
42.693688,11.106793,ov_da_rita_42.6937_11.1068,Da Rita,RESTAURANT,ristorante,https://raw.githubusercontent.com/pasqualelembo78/huntix-poi/main/italia/toscana/grosseto/pages/da_rita_42.6937_11.1068.json,custom
42.690560,11.124996,ov_agriturismo_valsugana_42.6906_11.1250,Agriturismo Valsugana,RESTAURANT,ristorante,https://raw.githubusercontent.com/pasqualelembo78/huntix-poi/main/italia/toscana/grosseto/pages/agriturismo_valsugana_42.6906_11.1250.json,custom
42.685595,11.140391,ov_agriturismo_il_laghetto_42.6856_11.1404,Agriturismo Il Laghetto,RESTAURANT,ristorante,https://raw.githubusercontent.com/pasqualelembo78/huntix-poi/main/italia/toscana/grosseto/pages/agriturismo_il_laghetto_42.6856_11.1404.json,custom
42.683991,11.095617,ov_agriturismo_pavin_42.6840_11.0956,Agriturismo Pavin,RESTAURANT,ristorante,https://raw.githubusercontent.com/pasqualelembo78/huntix-poi/main/italia/toscana/grosseto/pages/agriturismo_pavin_42.6840_11.0956.json,custom
42.681051,11.098653,ov_agriristoro_pavin_42.6811_11.0987,AgriRistoro Pavin,RESTAURANT,ristorante,https://raw.githubusercontent.com/pasqualelembo78/huntix-poi/main/italia/toscana/grosseto/pages/agriristoro_pavin_42.6811_11.0987.json,custom
42.676425,11.098830,ov_osteria_il_mangiapane_42.6764_11.0988,Osteria Il Mangiapane,RESTAURANT,ristorante,https://raw.githubusercontent.com/pasqualelembo78/huntix-poi/main/italia/toscana/grosseto/pages/osteria_il_mangiapane_42.6764_11.0988.json,custom
42.675107,11.141570,ov_autogrill_42.6751_11.1416,Autogrill,RESTAURANT,ristorante,https://raw.githubusercontent.com/pasqualelembo78/huntix-poi/main/italia/toscana/grosseto/pages/autogrill_42.6751_11.1416.json,custom
42.674753,11.141579,ov_autogrill_grosseto_banditella_42.6748_11.1416,Autogrill Grosseto Banditella,RESTAURANT,ristorante,https://raw.githubusercontent.com/pasqualelembo78/huntix-poi/main/italia/toscana/grosseto/pages/autogrill_grosseto_banditella_42.6748_11.1416.json,custom
42.679284,11.150385,ov_agriturismo_il_melograno_di_banditella_42.6793_11.1504,Agriturismo Il Melograno di Banditella,RESTAURANT,ristorante,https://raw.githubusercontent.com/pasqualelembo78/huntix-poi/main/italia/toscana/grosseto/pages/agriturismo_il_melograno_di_banditella_42.6793_11.1504.json,custom
42.796075,11.425007,ov_la_locanda_de__medici_42.7961_11.4250,La Locanda De' Medici,RESTAURANT,ristorante,https://raw.githubusercontent.com/pasqualelembo78/huntix-poi/main/italia/toscana/grosseto/pages/la_locanda_de_medici_42.7961_11.4250.json,custom
42.925511,10.906902,ov_osteria_di_maremma_gi__della_miniera_42.9255_10.9069,Osteria di maremma già della miniera,RESTAURANT,ristorante,https://raw.githubusercontent.com/pasqualelembo78/huntix-poi/main/italia/toscana/grosseto/pages/osteria_di_maremma_gi_della_miniera_42.9255_10.9069.json,custom
42.914743,11.070547,ov_il_germoglio_42.9147_11.0705,Il germoglio,RESTAURANT,ristorante,https://raw.githubusercontent.com/pasqualelembo78/huntix-poi/main/italia/toscana/grosseto/pages/il_germoglio_42.9147_11.0705.json,custom
42.914800,11.071484,ov_integralmente_veg_42.9148_11.0715,Integralmente VEG,RESTAURANT,ristorante,https://raw.githubusercontent.com/pasqualelembo78/huntix-poi/main/italia/toscana/grosseto/pages/integralmente_veg_42.9148_11.0715.json,custom
42.867581,11.166683,ov_pizzeria_di_mezzo_42.8676_11.1667,Pizzeria di Mezzo,RESTAURANT,ristorante,https://raw.githubusercontent.com/pasqualelembo78/huntix-poi/main/italia/toscana/grosseto/pages/pizzeria_di_mezzo_42.8676_11.1667.json,custom
42.895264,11.060393,ov_autogrill_42.8953_11.0604,Autogrill,RESTAURANT,ristorante,https://raw.githubusercontent.com/pasqualelembo78/huntix-poi/main/italia/toscana/grosseto/pages/autogrill_42.8953_11.0604.json,custom
42.883270,11.087150,ov_casa_casa_home_restaurant_42.8833_11.0871,Casa casa home restaurant,RESTAURANT,ristorante,https://raw.githubusercontent.com/pasqualelembo78/huntix-poi/main/italia/toscana/grosseto/pages/casa_casa_home_restaurant_42.8833_11.0871.json,custom
42.882563,11.087079,ov_osteria_sotto_le_logge_42.8826_11.0871,Osteria Sotto Le Logge,RESTAURANT,ristorante,https://raw.githubusercontent.com/pasqualelembo78/huntix-poi/main/italia/toscana/grosseto/pages/osteria_sotto_le_logge_42.8826_11.0871.json,custom
42.874924,11.075796,ov_linelmezzo_osteria_urbana_pizzeria_42.8749_11.0758,Linelmezzo Osteria Urbana Pizzeria,RESTAURANT,ristorante,https://raw.githubusercontent.com/pasqualelembo78/huntix-poi/main/italia/toscana/grosseto/pages/linelmezzo_osteria_urbana_pizzeria_42.8749_11.0758.json,custom
42.874979,11.075864,ov_la_svolta_braccagni_42.8750_11.0759,La Svolta Braccagni,RESTAURANT,ristorante,https://raw.githubusercontent.com/pasqualelembo78/huntix-poi/main/italia/toscana/grosseto/pages/la_svolta_braccagni_42.8750_11.0759.json,custom
42.874972,11.075884,ov_ristorante_sale_pepe_42.8750_11.0759,Ristorante Sale&Pepe,RESTAURANT,ristorante,https://raw.githubusercontent.com/pasqualelembo78/huntix-poi/main/italia/toscana/grosseto/pages/ristorante_salepepe_42.8750_11.0759.json,custom
42.874617,11.072097,ov_oste_scuro_vinosteria_42.8746_11.0721,Oste Scuro VinOsteria,RESTAURANT,ristorante,https://raw.githubusercontent.com/pasqualelembo78/huntix-poi/main/italia/toscana/grosseto/pages/oste_scuro_vinosteria_42.8746_11.0721.json,custom
42.871206,11.070156,ov_la_ghera_42.8712_11.0702,La Ghera,RESTAURANT,ristorante,https://raw.githubusercontent.com/pasqualelembo78/huntix-poi/main/italia/toscana/grosseto/pages/la_ghera_42.8712_11.0702.json,custom
42.870472,11.068650,ov_ristorante_bernasconi_42.8705_11.0686,Ristorante Bernasconi,RESTAURANT,ristorante,https://raw.githubusercontent.com/pasqualelembo78/huntix-poi/main/italia/toscana/grosseto/pages/ristorante_bernasconi_42.8705_11.0686.json,custom
42.868314,11.075990,ov_area_di_servizio_braccagni_42.8683_11.0760,Area di Servizio Braccagni,RESTAURANT,ristorante,https://raw.githubusercontent.com/pasqualelembo78/huntix-poi/main/italia/toscana/grosseto/pages/area_di_servizio_braccagni_42.8683_11.0760.json,custom
42.817265,11.119266,ov_agriturismo_trattoria_delle_passioni_42.8173_11.1193,Agriturismo Trattoria delle Passioni,RESTAURANT,ristorante,https://raw.githubusercontent.com/pasqualelembo78/huntix-poi/main/italia/toscana/grosseto/pages/agriturismo_trattoria_delle_passioni_42.8173_11.1193.json,custom
42.820046,11.134093,ov_pizzeria_la_gatta_mangiona___roselle__gr_42.8200_11.1341,Pizzeria La Gatta Mangiona - Roselle (Grosseto),RESTAURANT,ristorante,https://raw.githubusercontent.com/pasqualelembo78/huntix-poi/main/italia/toscana/grosseto/pages/pizzeria_la_gatta_mangiona_-_roselle_gro_42.8200_11.1341.json,custom
42.817117,11.135083,ov_ristorante_il_tordaio_42.8171_11.1351,Ristorante Il Tordaio,RESTAURANT,ristorante,https://raw.githubusercontent.com/pasqualelembo78/huntix-poi/main/italia/toscana/grosseto/pages/ristorante_il_tordaio_42.8171_11.1351.json,custom
42.814408,11.135877,ov_la_salica_agriristoro_42.8144_11.1359,La Salica Agriristoro,RESTAURANT,ristorante,https://raw.githubusercontent.com/pasqualelembo78/huntix-poi/main/italia/toscana/grosseto/pages/la_salica_agriristoro_42.8144_11.1359.json,custom
42.833806,11.160773,ov_le_tre_fonti_42.8338_11.1608,Le Tre Fonti,RESTAURANT,ristorante,https://raw.githubusercontent.com/pasqualelembo78/huntix-poi/main/italia/toscana/grosseto/pages/le_tre_fonti_42.8338_11.1608.json,custom
42.836588,11.125287,ov_il_chicco_magico_42.8366_11.1253,Il Chicco Magico,RESTAURANT,ristorante,https://raw.githubusercontent.com/pasqualelembo78/huntix-poi/main/italia/toscana/grosseto/pages/il_chicco_magico_42.8366_11.1253.json,custom
42.856535,11.145427,ov_agriturismo_molino_della_volta_42.8565_11.1454,Agriturismo Molino della Volta,RESTAURANT,ristorante,https://raw.githubusercontent.com/pasqualelembo78/huntix-poi/main/italia/toscana/grosseto/pages/agriturismo_molino_della_volta_42.8565_11.1454.json,custom
42.717814,11.087754,osm_gli_attortellati_ristorante_rurale_42.7178_11.0878,Gli Attortellati Ristorante Rurale,ristorante,ristorante,https://raw.githubusercontent.com/pasqualelembo78/huntix-poi/main/italia/toscana/grosseto/pages/gli_attortellati_ristorante_rurale_42.7178_11.0878.json,custom
42.765704,11.109547,osm_luna_rossa_42.7657_11.1095,Luna Rossa,ristorante,ristorante,https://raw.githubusercontent.com/pasqualelembo78/huntix-poi/main/italia/toscana/grosseto/pages/luna_rossa_42.7657_11.1095.json,custom
42.765547,11.106690,osm_ristorante_pizzeria_blitz_42.7655_11.1067,Ristorante pizzeria Blitz,ristorante,ristorante,https://raw.githubusercontent.com/pasqualelembo78/huntix-poi/main/italia/toscana/grosseto/pages/ristorante_pizzeria_blitz_42.7655_11.1067.json,custom
42.766874,11.103033,osm_pizzeria_da_andrea_42.7669_11.1030,Pizzeria da Andrea,ristorante,ristorante,https://raw.githubusercontent.com/pasqualelembo78/huntix-poi/main/italia/toscana/grosseto/pages/pizzeria_da_andrea_42.7669_11.1030.json,custom
42.639822,11.132995,osm_agri_ristorante_il_duchesco_42.6398_11.1330,Agri Ristorante Il Duchesco,ristorante,ristorante,https://raw.githubusercontent.com/pasqualelembo78/huntix-poi/main/italia/toscana/grosseto/pages/agri_ristorante_il_duchesco_42.6398_11.1330.json,custom
42.818975,11.134367,osm_la_parolaccia_42.8190_11.1344,La Parolaccia,ristorante,ristorante,https://raw.githubusercontent.com/pasqualelembo78/huntix-poi/main/italia/toscana/grosseto/pages/la_parolaccia_42.8190_11.1344.json,custom
42.777660,11.104353,osm_roadhouse_restaurant_42.7777_11.1044,Roadhouse restaurant,ristorante,ristorante,https://raw.githubusercontent.com/pasqualelembo78/huntix-poi/main/italia/toscana/grosseto/pages/roadhouse_restaurant_42.7777_11.1044.json,custom
42.751467,11.081014,osm_il_querciolo_42.7515_11.0810,Il Querciolo,ristorante,ristorante,https://raw.githubusercontent.com/pasqualelembo78/huntix-poi/main/italia/toscana/grosseto/pages/il_querciolo_42.7515_11.0810.json,custom
42.760571,11.113221,osm_capolinaro_42.7606_11.1132,Capolinaro,ristorante,ristorante,https://raw.githubusercontent.com/pasqualelembo78/huntix-poi/main/italia/toscana/grosseto/pages/capolinaro_42.7606_11.1132.json,custom
42.758928,11.114373,osm_istambul_pizzeria_kebab_42.7589_11.1144,Istambul pizzeria kebab,ristorante,ristorante,https://raw.githubusercontent.com/pasqualelembo78/huntix-poi/main/italia/toscana/grosseto/pages/istambul_pizzeria_kebab_42.7589_11.1144.json,custom
42.764458,11.108494,osm_pizzeria_verace_42.7645_11.1085,Pizzeria Verace,ristorante,ristorante,https://raw.githubusercontent.com/pasqualelembo78/huntix-poi/main/italia/toscana/grosseto/pages/pizzeria_verace_42.7645_11.1085.json,custom
42.767811,11.109015,osm_fabbrica_dei_gusti_42.7678_11.1090,Fabbrica Dei Gusti,ristorante,ristorante,https://raw.githubusercontent.com/pasqualelembo78/huntix-poi/main/italia/toscana/grosseto/pages/fabbrica_dei_gusti_42.7678_11.1090.json,custom
42.782596,11.110769,osm_pizzeria_dilu_42.7826_11.1108,Pizzeria Dilu,ristorante,ristorante,https://raw.githubusercontent.com/pasqualelembo78/huntix-poi/main/italia/toscana/grosseto/pages/pizzeria_dilu_42.7826_11.1108.json,custom
42.782491,11.110244,osm_ali_baba_doner_kebab_42.7825_11.1102,ALI BABA Doner Kebab,ristorante,ristorante,https://raw.githubusercontent.com/pasqualelembo78/huntix-poi/main/italia/toscana/grosseto/pages/ali_baba_doner_kebab_42.7825_11.1102.json,custom
42.758252,11.111365,osm_pizzeria_da_nello_42.7583_11.1114,Pizzeria da Nello,ristorante,ristorante,https://raw.githubusercontent.com/pasqualelembo78/huntix-poi/main/italia/toscana/grosseto/pages/pizzeria_da_nello_42.7583_11.1114.json,custom
42.668719,11.105032,ov_frutta_e_verdura_magi_l___c__42.6687_11.1050,Frutta e Verdura Magi L.& C.,RESTAURANT,bar_cafe,https://raw.githubusercontent.com/pasqualelembo78/huntix-poi/main/italia/toscana/grosseto/pages/frutta_e_verdura_magi_l_c_42.6687_11.1050.json,custom
42.669233,11.104420,ov_bar_ducale_di_russo_luigi_42.6692_11.1044,Bar Ducale di Russo Luigi,RESTAURANT,bar_cafe,https://raw.githubusercontent.com/pasqualelembo78/huntix-poi/main/italia/toscana/grosseto/pages/bar_ducale_di_russo_luigi_42.6692_11.1044.json,custom
42.650912,11.037669,ov_marina_di_alberese___nature__food__drink_42.6509_11.0377,"Marina di Alberese - Nature, Food, Drink & Shop",RESTAURANT,bar_cafe,https://raw.githubusercontent.com/pasqualelembo78/huntix-poi/main/italia/toscana/grosseto/pages/marina_di_alberese_-_nature_food_drink_s_42.6509_11.0377.json,custom
42.701710,10.992338,ov_delfinus_beach_bar_42.7017_10.9923,Delfinus Beach Bar,RESTAURANT,bar_cafe,https://raw.githubusercontent.com/pasqualelembo78/huntix-poi/main/italia/toscana/grosseto/pages/delfinus_beach_bar_42.7017_10.9923.json,custom
42.696538,11.001698,ov_mezzo_cocktail_42.6965_11.0017,Mezzo Cocktail,RESTAURANT,bar_cafe,https://raw.githubusercontent.com/pasqualelembo78/huntix-poi/main/italia/toscana/grosseto/pages/mezzo_cocktail_42.6965_11.0017.json,custom
42.697136,11.002689,ov_polypus_bar_gelateria_42.6971_11.0027,Polypus Bar Gelateria,RESTAURANT,bar_cafe,https://raw.githubusercontent.com/pasqualelembo78/huntix-poi/main/italia/toscana/grosseto/pages/polypus_bar_gelateria_42.6971_11.0027.json,custom
42.694185,10.996592,ov_terrazza_beach_club_42.6942_10.9966,Terrazza Beach Club,RESTAURANT,bar_cafe,https://raw.githubusercontent.com/pasqualelembo78/huntix-poi/main/italia/toscana/grosseto/pages/terrazza_beach_club_42.6942_10.9966.json,custom
42.693941,11.000843,ov_stabilimento_ledune_42.6939_11.0008,stabilimento.ledune,RESTAURANT,bar_cafe,https://raw.githubusercontent.com/pasqualelembo78/huntix-poi/main/italia/toscana/grosseto/pages/stabilimentoledune_42.6939_11.0008.json,custom
42.691320,10.997693,ov_petite_europe___principina_a_mare_42.6913_10.9977,Petite Europe - Principina a Mare,RESTAURANT,bar_cafe,https://raw.githubusercontent.com/pasqualelembo78/huntix-poi/main/italia/toscana/grosseto/pages/petite_europe_-_principina_a_mare_42.6913_10.9977.json,custom
42.716025,10.981705,ov_bar_sahar_beach_42.7160_10.9817,Bar Sahar Beach,RESTAURANT,bar_cafe,https://raw.githubusercontent.com/pasqualelembo78/huntix-poi/main/italia/toscana/grosseto/pages/bar_sahar_beach_42.7160_10.9817.json,custom
42.716874,10.981100,ov_bagno_la_rotonda_42.7169_10.9811,Bagno La Rotonda,RESTAURANT,bar_cafe,https://raw.githubusercontent.com/pasqualelembo78/huntix-poi/main/italia/toscana/grosseto/pages/bagno_la_rotonda_42.7169_10.9811.json,custom
42.716691,10.985632,ov_bar_torino_di_alessio_e_andrea_giuliano__42.7167_10.9856,Bar Torino Di Alessio E Andrea Giuliano & C. S.N.C.,RESTAURANT,bar_cafe,https://raw.githubusercontent.com/pasqualelembo78/huntix-poi/main/italia/toscana/grosseto/pages/bar_torino_di_alessio_e_andrea_giuliano__42.7167_10.9856.json,custom
42.718044,10.983847,ov_caffe_dei_briganti_bistrot_42.7180_10.9838,Caffe dei Briganti bistrot,RESTAURANT,bar_cafe,https://raw.githubusercontent.com/pasqualelembo78/huntix-poi/main/italia/toscana/grosseto/pages/caffe_dei_briganti_bistrot_42.7180_10.9838.json,custom
42.717788,10.980652,ov_insolito_caffe_42.7178_10.9807,Insolito Caffe,RESTAURANT,bar_cafe,https://raw.githubusercontent.com/pasqualelembo78/huntix-poi/main/italia/toscana/grosseto/pages/insolito_caffe_42.7178_10.9807.json,custom
42.717998,10.982214,ov_bar_pasticceria_oasi_42.7180_10.9822,Bar Pasticceria OASI,RESTAURANT,bar_cafe,https://raw.githubusercontent.com/pasqualelembo78/huntix-poi/main/italia/toscana/grosseto/pages/bar_pasticceria_oasi_42.7180_10.9822.json,custom
42.718164,10.980793,ov_the_blues_coffee_42.7182_10.9808,The Blues Coffee,RESTAURANT,bar_cafe,https://raw.githubusercontent.com/pasqualelembo78/huntix-poi/main/italia/toscana/grosseto/pages/the_blues_coffee_42.7182_10.9808.json,custom
42.718387,10.981321,ov_bar_centrale_42.7184_10.9813,Bar Centrale,RESTAURANT,bar_cafe,https://raw.githubusercontent.com/pasqualelembo78/huntix-poi/main/italia/toscana/grosseto/pages/bar_centrale_42.7184_10.9813.json,custom
42.719366,10.978626,ov_bagno_paperino_42.7194_10.9786,Bagno Paperino,RESTAURANT,bar_cafe,https://raw.githubusercontent.com/pasqualelembo78/huntix-poi/main/italia/toscana/grosseto/pages/bagno_paperino_42.7194_10.9786.json,custom
42.720450,10.976962,ov_faro_42.7205_10.9770,Faro,RESTAURANT,bar_cafe,https://raw.githubusercontent.com/pasqualelembo78/huntix-poi/main/italia/toscana/grosseto/pages/faro_42.7205_10.9770.json,custom
42.724050,10.974511,ov_dal_pucci_42.7240_10.9745,Dal Pucci,RESTAURANT,bar_cafe,https://raw.githubusercontent.com/pasqualelembo78/huntix-poi/main/italia/toscana/grosseto/pages/dal_pucci_42.7240_10.9745.json,custom
42.723614,10.975416,ov_four_roses___the_vintage_priv_e_42.7236_10.9754,Four Roses & The Vintage privèe,RESTAURANT,bar_cafe,https://raw.githubusercontent.com/pasqualelembo78/huntix-poi/main/italia/toscana/grosseto/pages/four_roses_the_vintage_prive_42.7236_10.9754.json,custom
42.714435,10.982750,ov_marina_di_grosseto_porto_42.7144_10.9827,Marina Di Grosseto Porto,RESTAURANT,bar_cafe,https://raw.githubusercontent.com/pasqualelembo78/huntix-poi/main/italia/toscana/grosseto/pages/marina_di_grosseto_porto_42.7144_10.9827.json,custom
42.715730,10.982440,ov_bar_capri_marina_di_grosseto_42.7157_10.9824,Bar Capri Marina Di Grosseto,RESTAURANT,bar_cafe,https://raw.githubusercontent.com/pasqualelembo78/huntix-poi/main/italia/toscana/grosseto/pages/bar_capri_marina_di_grosseto_42.7157_10.9824.json,custom
42.715602,10.982703,ov_pub_paladin_marina_42.7156_10.9827,Pub Paladin Marina,RESTAURANT,bar_cafe,https://raw.githubusercontent.com/pasqualelembo78/huntix-poi/main/italia/toscana/grosseto/pages/pub_paladin_marina_42.7156_10.9827.json,custom
42.713690,10.985039,ov_barcollo_42.7137_10.9850,Barcollo,RESTAURANT,bar_cafe,https://raw.githubusercontent.com/pasqualelembo78/huntix-poi/main/italia/toscana/grosseto/pages/barcollo_42.7137_10.9850.json,custom
42.712980,10.986400,ov_bagno_bertini_42.7130_10.9864,Bagno Bertini,RESTAURANT,bar_cafe,https://raw.githubusercontent.com/pasqualelembo78/huntix-poi/main/italia/toscana/grosseto/pages/bagno_bertini_42.7130_10.9864.json,custom
42.711004,11.000856,ov_piscina___pool_side_camping_cieloverde_42.7110_11.0009,Piscina - Pool Side Camping Cieloverde,RESTAURANT,bar_cafe,https://raw.githubusercontent.com/pasqualelembo78/huntix-poi/main/italia/toscana/grosseto/pages/piscina_-_pool_side_camping_cieloverde_42.7110_11.0009.json,custom
42.738005,11.056064,ov_bar_coyote_42.7380_11.0561,Bar Coyote,RESTAURANT,bar_cafe,https://raw.githubusercontent.com/pasqualelembo78/huntix-poi/main/italia/toscana/grosseto/pages/bar_coyote_42.7380_11.0561.json,custom
42.738970,11.057510,ov_dal_contadino_al_mare_42.7390_11.0575,Dal Contadino al Mare,RESTAURANT,bar_cafe,https://raw.githubusercontent.com/pasqualelembo78/huntix-poi/main/italia/toscana/grosseto/pages/dal_contadino_al_mare_42.7390_11.0575.json,custom
42.725391,10.974935,ov_717_beach_bar_42.7254_10.9749,717 Beach Bar,RESTAURANT,bar_cafe,https://raw.githubusercontent.com/pasqualelembo78/huntix-poi/main/italia/toscana/grosseto/pages/717_beach_bar_42.7254_10.9749.json,custom
42.790034,11.091308,ov_time_out_42.7900_11.0913,Time Out,RESTAURANT,bar_cafe,https://raw.githubusercontent.com/pasqualelembo78/huntix-poi/main/italia/toscana/grosseto/pages/time_out_42.7900_11.0913.json,custom
42.775850,10.978959,ov_il_cristo_42.7758_10.9790,Il Cristo,RESTAURANT,bar_cafe,https://raw.githubusercontent.com/pasqualelembo78/huntix-poi/main/italia/toscana/grosseto/pages/il_cristo_42.7758_10.9790.json,custom
42.742838,11.108299,ov_vision_bar_42.7428_11.1083,Vision Bar,RESTAURANT,bar_cafe,https://raw.githubusercontent.com/pasqualelembo78/huntix-poi/main/italia/toscana/grosseto/pages/vision_bar_42.7428_11.1083.json,custom
42.746412,11.114667,ov_bar_da_gigi_42.7464_11.1147,Bar da Gigi,RESTAURANT,bar_cafe,https://raw.githubusercontent.com/pasqualelembo78/huntix-poi/main/italia/toscana/grosseto/pages/bar_da_gigi_42.7464_11.1147.json,custom
42.750302,11.121359,ov_bar_arcobaleno_42.7503_11.1214,Bar Arcobaleno,RESTAURANT,bar_cafe,https://raw.githubusercontent.com/pasqualelembo78/huntix-poi/main/italia/toscana/grosseto/pages/bar_arcobaleno_42.7503_11.1214.json,custom
42.750219,11.121476,ov_nirvana_42.7502_11.1215,Nirvana,RESTAURANT,bar_cafe,https://raw.githubusercontent.com/pasqualelembo78/huntix-poi/main/italia/toscana/grosseto/pages/nirvana_42.7502_11.1215.json,custom
42.750062,11.120451,ov_skye_pub_grosseto_42.7501_11.1205,SKYE PUB Grosseto,RESTAURANT,bar_cafe,https://raw.githubusercontent.com/pasqualelembo78/huntix-poi/main/italia/toscana/grosseto/pages/skye_pub_grosseto_42.7501_11.1205.json,custom
42.753451,11.102231,ov_nord_est_42.7535_11.1022,Nord Est,RESTAURANT,bar_cafe,https://raw.githubusercontent.com/pasqualelembo78/huntix-poi/main/italia/toscana/grosseto/pages/nord_est_42.7535_11.1022.json,custom
42.751709,11.112784,ov_box_bar_pizzeria_ristorante_42.7517_11.1128,BOX BAR Pizzeria Ristorante,RESTAURANT,bar_cafe,https://raw.githubusercontent.com/pasqualelembo78/huntix-poi/main/italia/toscana/grosseto/pages/box_bar_pizzeria_ristorante_42.7517_11.1128.json,custom
42.752474,11.107288,ov_awanagana_di_orlandi_fabio_42.7525_11.1073,Awanagana Di Orlandi Fabio,RESTAURANT,bar_cafe,https://raw.githubusercontent.com/pasqualelembo78/huntix-poi/main/italia/toscana/grosseto/pages/awanagana_di_orlandi_fabio_42.7525_11.1073.json,custom
42.754700,11.109600,ov_pasticceria_giannini_di_di_mella_salvato_42.7547_11.1096,Pasticceria Giannini di Di Mella Salvatore,RESTAURANT,bar_cafe,https://raw.githubusercontent.com/pasqualelembo78/huntix-poi/main/italia/toscana/grosseto/pages/pasticceria_giannini_di_di_mella_salvato_42.7547_11.1096.json,custom
42.755320,11.112100,ov_angolo_bar_42.7553_11.1121,Angolo Bar,RESTAURANT,bar_cafe,https://raw.githubusercontent.com/pasqualelembo78/huntix-poi/main/italia/toscana/grosseto/pages/angolo_bar_42.7553_11.1121.json,custom
42.759592,11.100487,ov_bar_tabacchi_habanera_cafe_42.7596_11.1005,Bar Tabacchi Habanera Cafe,RESTAURANT,bar_cafe,https://raw.githubusercontent.com/pasqualelembo78/huntix-poi/main/italia/toscana/grosseto/pages/bar_tabacchi_habanera_cafe_42.7596_11.1005.json,custom
42.759471,11.111341,ov_hottimo_42.7595_11.1113,Hottimo,RESTAURANT,bar_cafe,https://raw.githubusercontent.com/pasqualelembo78/huntix-poi/main/italia/toscana/grosseto/pages/hottimo_42.7595_11.1113.json,custom
42.760110,11.110080,ov_triskell_bar_circolo_bocciofilo_42.7601_11.1101,Triskell Bar-Circolo bocciofilo,RESTAURANT,bar_cafe,https://raw.githubusercontent.com/pasqualelembo78/huntix-poi/main/italia/toscana/grosseto/pages/triskell_bar-circolo_bocciofilo_42.7601_11.1101.json,custom
42.759768,11.112642,ov_bar_perugina_42.7598_11.1126,Bar Perugina,RESTAURANT,bar_cafe,https://raw.githubusercontent.com/pasqualelembo78/huntix-poi/main/italia/toscana/grosseto/pages/bar_perugina_42.7598_11.1126.json,custom
42.759072,11.114002,ov_pub_13_gobbi_42.7591_11.1140,Pub 13 Gobbi,RESTAURANT,bar_cafe,https://raw.githubusercontent.com/pasqualelembo78/huntix-poi/main/italia/toscana/grosseto/pages/pub_13_gobbi_42.7591_11.1140.json,custom
42.758851,11.114175,ov_caffe_tubino_42.7589_11.1142,Caffe Tubino,RESTAURANT,bar_cafe,https://raw.githubusercontent.com/pasqualelembo78/huntix-poi/main/italia/toscana/grosseto/pages/caffe_tubino_42.7589_11.1142.json,custom
42.758754,11.114207,ov_irish_soul_pub_42.7588_11.1142,Irish Soul Pub,RESTAURANT,bar_cafe,https://raw.githubusercontent.com/pasqualelembo78/huntix-poi/main/italia/toscana/grosseto/pages/irish_soul_pub_42.7588_11.1142.json,custom
42.758567,11.112439,ov_arlekkino_caffe_42.7586_11.1124,Arlekkino Caffe,RESTAURANT,bar_cafe,https://raw.githubusercontent.com/pasqualelembo78/huntix-poi/main/italia/toscana/grosseto/pages/arlekkino_caffe_42.7586_11.1124.json,custom
42.758540,11.110030,ov_monkey_coffee___bar_42.7585_11.1100,Monkey coffee & bar,RESTAURANT,bar_cafe,https://raw.githubusercontent.com/pasqualelembo78/huntix-poi/main/italia/toscana/grosseto/pages/monkey_coffee_bar_42.7585_11.1100.json,custom
42.757791,11.113777,ov_dribbling_bar_42.7578_11.1138,Dribbling Bar,RESTAURANT,bar_cafe,https://raw.githubusercontent.com/pasqualelembo78/huntix-poi/main/italia/toscana/grosseto/pages/dribbling_bar_42.7578_11.1138.json,custom
42.757107,11.111266,ov_spritz_42.7571_11.1113,Spritz,RESTAURANT,bar_cafe,https://raw.githubusercontent.com/pasqualelembo78/huntix-poi/main/italia/toscana/grosseto/pages/spritz_42.7571_11.1113.json,custom
42.756719,11.112393,ov_bar_smile_da_gino_42.7567_11.1124,Bar Smile da Gino,RESTAURANT,bar_cafe,https://raw.githubusercontent.com/pasqualelembo78/huntix-poi/main/italia/toscana/grosseto/pages/bar_smile_da_gino_42.7567_11.1124.json,custom
42.756030,11.116310,ov_bar_hollywood_42.7560_11.1163,Bar Hollywood,RESTAURANT,bar_cafe,https://raw.githubusercontent.com/pasqualelembo78/huntix-poi/main/italia/toscana/grosseto/pages/bar_hollywood_42.7560_11.1163.json,custom
42.756228,11.114339,ov_bar_dei_mille_42.7562_11.1143,Bar dei Mille,RESTAURANT,bar_cafe,https://raw.githubusercontent.com/pasqualelembo78/huntix-poi/main/italia/toscana/grosseto/pages/bar_dei_mille_42.7562_11.1143.json,custom
42.756554,11.116005,ov_happy_bar_42.7566_11.1160,Happy Bar,RESTAURANT,bar_cafe,https://raw.githubusercontent.com/pasqualelembo78/huntix-poi/main/italia/toscana/grosseto/pages/happy_bar_42.7566_11.1160.json,custom
42.756900,11.123105,ov_d__park_42.7569_11.1231,D. Park,RESTAURANT,bar_cafe,https://raw.githubusercontent.com/pasqualelembo78/huntix-poi/main/italia/toscana/grosseto/pages/d_park_42.7569_11.1231.json,custom
42.757603,11.114711,ov_bar_e_bottega_42.7576_11.1147,Bar e Bottega,RESTAURANT,bar_cafe,https://raw.githubusercontent.com/pasqualelembo78/huntix-poi/main/italia/toscana/grosseto/pages/bar_e_bottega_42.7576_11.1147.json,custom
42.757722,11.115596,ov_fuori_porta_42.7577_11.1156,Fuori Porta,RESTAURANT,bar_cafe,https://raw.githubusercontent.com/pasqualelembo78/huntix-poi/main/italia/toscana/grosseto/pages/fuori_porta_42.7577_11.1156.json,custom
42.757926,11.115495,ov_caff__portavecchia_bar_42.7579_11.1155,Caffè portavecchia Bar,RESTAURANT,bar_cafe,https://raw.githubusercontent.com/pasqualelembo78/huntix-poi/main/italia/toscana/grosseto/pages/caff_portavecchia_bar_42.7579_11.1155.json,custom
42.758528,11.115311,ov_ritual_42.7585_11.1153,Ritual,RESTAURANT,bar_cafe,https://raw.githubusercontent.com/pasqualelembo78/huntix-poi/main/italia/toscana/grosseto/pages/ritual_42.7585_11.1153.json,custom
42.758350,11.116640,ov_lega_spi_cgil__grosseto_42.7584_11.1166,LEGA SPI CGIL  Grosseto,RESTAURANT,bar_cafe,https://raw.githubusercontent.com/pasqualelembo78/huntix-poi/main/italia/toscana/grosseto/pages/lega_spi_cgil_grosseto_42.7584_11.1166.json,custom
42.758450,11.116950,ov_bar_divino_marenderia_ristorante_42.7585_11.1169,Bar Divino marenderia ristorante,RESTAURANT,bar_cafe,https://raw.githubusercontent.com/pasqualelembo78/huntix-poi/main/italia/toscana/grosseto/pages/bar_divino_marenderia_ristorante_42.7585_11.1169.json,custom
42.758808,11.118416,ov_punto_snai_42.7588_11.1184,Punto Snai,RESTAURANT,bar_cafe,https://raw.githubusercontent.com/pasqualelembo78/huntix-poi/main/italia/toscana/grosseto/pages/punto_snai_42.7588_11.1184.json,custom
42.758551,11.116101,ov_lavatoi_cocktail_bistrot_42.7586_11.1161,Lavatoi cocktail bistrot,RESTAURANT,bar_cafe,https://raw.githubusercontent.com/pasqualelembo78/huntix-poi/main/italia/toscana/grosseto/pages/lavatoi_cocktail_bistrot_42.7586_11.1161.json,custom
42.758713,11.114963,ov_taverna_maniscalchi_42.7587_11.1150,Taverna Maniscalchi,RESTAURANT,bar_cafe,https://raw.githubusercontent.com/pasqualelembo78/huntix-poi/main/italia/toscana/grosseto/pages/taverna_maniscalchi_42.7587_11.1150.json,custom
42.758729,11.114363,ov_el_ni_o_rummeria_42.7587_11.1144,El niño rummeria,RESTAURANT,bar_cafe,https://raw.githubusercontent.com/pasqualelembo78/huntix-poi/main/italia/toscana/grosseto/pages/el_nio_rummeria_42.7587_11.1144.json,custom
42.758778,11.114448,ov_melagodo_42.7588_11.1144,Melagodo,RESTAURANT,bar_cafe,https://raw.githubusercontent.com/pasqualelembo78/huntix-poi/main/italia/toscana/grosseto/pages/melagodo_42.7588_11.1144.json,custom
42.758990,11.114914,ov_san_martino_caf__42.7590_11.1149,San Martino Café,RESTAURANT,bar_cafe,https://raw.githubusercontent.com/pasqualelembo78/huntix-poi/main/italia/toscana/grosseto/pages/san_martino_caf_42.7590_11.1149.json,custom
42.759134,11.114322,ov_caff__ricasoli_42.7591_11.1143,Caffè Ricasoli,RESTAURANT,bar_cafe,https://raw.githubusercontent.com/pasqualelembo78/huntix-poi/main/italia/toscana/grosseto/pages/caff_ricasoli_42.7591_11.1143.json,custom
42.760168,11.114696,ov_aldobrandeschi_42.7602_11.1147,Aldobrandeschi,RESTAURANT,bar_cafe,https://raw.githubusercontent.com/pasqualelembo78/huntix-poi/main/italia/toscana/grosseto/pages/aldobrandeschi_42.7602_11.1147.json,custom
42.759193,11.125165,ov_bar_paperella_di_ricci_fabio_42.7592_11.1252,Bar Paperella di Ricci Fabio,RESTAURANT,bar_cafe,https://raw.githubusercontent.com/pasqualelembo78/huntix-poi/main/italia/toscana/grosseto/pages/bar_paperella_di_ricci_fabio_42.7592_11.1252.json,custom
42.775194,11.193072,ov_coyote_bar_42.7752_11.1931,Coyote bar,RESTAURANT,bar_cafe,https://raw.githubusercontent.com/pasqualelembo78/huntix-poi/main/italia/toscana/grosseto/pages/coyote_bar_42.7752_11.1931.json,custom
42.765990,11.156380,ov_bar_titty_twister___distributore_mayen_u_42.7660_11.1564,Bar titty twister & distributore mayen uga,RESTAURANT,bar_cafe,https://raw.githubusercontent.com/pasqualelembo78/huntix-poi/main/italia/toscana/grosseto/pages/bar_titty_twister_distributore_mayen_uga_42.7660_11.1564.json,custom
42.766535,11.116672,ov_bar_la_pace_the_dreamers_sas_42.7665_11.1167,Bar La Pace The Dreamers Sas,RESTAURANT,bar_cafe,https://raw.githubusercontent.com/pasqualelembo78/huntix-poi/main/italia/toscana/grosseto/pages/bar_la_pace_the_dreamers_sas_42.7665_11.1167.json,custom
42.765272,11.116495,ov_caffe_glamour_42.7653_11.1165,Caffe Glamour,RESTAURANT,bar_cafe,https://raw.githubusercontent.com/pasqualelembo78/huntix-poi/main/italia/toscana/grosseto/pages/caffe_glamour_42.7653_11.1165.json,custom
42.765881,11.132996,ov_bar_sahar_42.7659_11.1330,Bar Sahar,RESTAURANT,bar_cafe,https://raw.githubusercontent.com/pasqualelembo78/huntix-poi/main/italia/toscana/grosseto/pages/bar_sahar_42.7659_11.1330.json,custom
42.762015,11.127333,ov_bar_58100_42.7620_11.1273,Bar 58100,RESTAURANT,bar_cafe,https://raw.githubusercontent.com/pasqualelembo78/huntix-poi/main/italia/toscana/grosseto/pages/bar_58100_42.7620_11.1273.json,custom
42.761982,11.127581,ov_bar_tabaccheria_l_angolino_42.7620_11.1276,Bar Tabaccheria L'Angolino,RESTAURANT,bar_cafe,https://raw.githubusercontent.com/pasqualelembo78/huntix-poi/main/italia/toscana/grosseto/pages/bar_tabaccheria_langolino_42.7620_11.1276.json,custom
42.761961,11.119692,ov_autoscuola_sicura_42.7620_11.1197,Autoscuola Sicura,RESTAURANT,bar_cafe,https://raw.githubusercontent.com/pasqualelembo78/huntix-poi/main/italia/toscana/grosseto/pages/autoscuola_sicura_42.7620_11.1197.json,custom
42.760957,11.120025,ov_bar_zero_42.7610_11.1200,Bar Zero,RESTAURANT,bar_cafe,https://raw.githubusercontent.com/pasqualelembo78/huntix-poi/main/italia/toscana/grosseto/pages/bar_zero_42.7610_11.1200.json,custom
42.760769,11.121222,ov_tappezzeria_chelli_snc_di_cicaloni_b___c_42.7608_11.1212,Tappezzeria Chelli Snc di Cicaloni B & C,RESTAURANT,bar_cafe,https://raw.githubusercontent.com/pasqualelembo78/huntix-poi/main/italia/toscana/grosseto/pages/tappezzeria_chelli_snc_di_cicaloni_b_c_42.7608_11.1212.json,custom
42.760465,11.118783,ov_pasticceria_montanelli_grosseto_42.7605_11.1188,Pasticceria Montanelli Grosseto,RESTAURANT,bar_cafe,https://raw.githubusercontent.com/pasqualelembo78/huntix-poi/main/italia/toscana/grosseto/pages/pasticceria_montanelli_grosseto_42.7605_11.1188.json,custom
42.760497,11.115922,ov_quandobasta_42.7605_11.1159,QuandoBasta,RESTAURANT,bar_cafe,https://raw.githubusercontent.com/pasqualelembo78/huntix-poi/main/italia/toscana/grosseto/pages/quandobasta_42.7605_11.1159.json,custom
42.760658,11.114570,ov_caffe_latino_42.7607_11.1146,Caffe'Latino,RESTAURANT,bar_cafe,https://raw.githubusercontent.com/pasqualelembo78/huntix-poi/main/italia/toscana/grosseto/pages/caffelatino_42.7607_11.1146.json,custom
42.760814,11.115593,ov_white_caf__42.7608_11.1156,White Cafè,RESTAURANT,bar_cafe,https://raw.githubusercontent.com/pasqualelembo78/huntix-poi/main/italia/toscana/grosseto/pages/white_caf_42.7608_11.1156.json,custom
42.763496,11.116032,ov_bar_tripoli_42.7635_11.1160,Bar Tripoli,RESTAURANT,bar_cafe,https://raw.githubusercontent.com/pasqualelembo78/huntix-poi/main/italia/toscana/grosseto/pages/bar_tripoli_42.7635_11.1160.json,custom
42.762616,11.118921,ov_bar_du__chiacchiere_42.7626_11.1189,Bar Du' Chiacchiere,RESTAURANT,bar_cafe,https://raw.githubusercontent.com/pasqualelembo78/huntix-poi/main/italia/toscana/grosseto/pages/bar_du_chiacchiere_42.7626_11.1189.json,custom
42.762897,11.124485,ov_bar_galli_42.7629_11.1245,Bar Galli,RESTAURANT,bar_cafe,https://raw.githubusercontent.com/pasqualelembo78/huntix-poi/main/italia/toscana/grosseto/pages/bar_galli_42.7629_11.1245.json,custom
42.764385,11.120143,ov_bristol_cafe_42.7644_11.1201,Bristol cafe,RESTAURANT,bar_cafe,https://raw.githubusercontent.com/pasqualelembo78/huntix-poi/main/italia/toscana/grosseto/pages/bristol_cafe_42.7644_11.1201.json,custom
42.764168,11.119282,ov_bar_pasticceria_la_perla_42.7642_11.1193,Bar Pasticceria La Perla,RESTAURANT,bar_cafe,https://raw.githubusercontent.com/pasqualelembo78/huntix-poi/main/italia/toscana/grosseto/pages/bar_pasticceria_la_perla_42.7642_11.1193.json,custom
42.763925,11.114918,ov_caf__paradise_42.7639_11.1149,Café Paradise,RESTAURANT,bar_cafe,https://raw.githubusercontent.com/pasqualelembo78/huntix-poi/main/italia/toscana/grosseto/pages/caf_paradise_42.7639_11.1149.json,custom
42.764412,11.113662,ov_hashtag_caff__42.7644_11.1137,Hashtag.caffè,RESTAURANT,bar_cafe,https://raw.githubusercontent.com/pasqualelembo78/huntix-poi/main/italia/toscana/grosseto/pages/hashtagcaff_42.7644_11.1137.json,custom
42.764460,11.111941,ov_bruciata_42.7645_11.1119,Bruciata,RESTAURANT,bar_cafe,https://raw.githubusercontent.com/pasqualelembo78/huntix-poi/main/italia/toscana/grosseto/pages/bruciata_42.7645_11.1119.json,custom
42.764390,11.111910,ov_bar_100_metri_42.7644_11.1119,Bar 100 metri,RESTAURANT,bar_cafe,https://raw.githubusercontent.com/pasqualelembo78/huntix-poi/main/italia/toscana/grosseto/pages/bar_100_metri_42.7644_11.1119.json,custom
42.763586,11.112221,ov_bar_la_vasca_42.7636_11.1122,Bar La Vasca,RESTAURANT,bar_cafe,https://raw.githubusercontent.com/pasqualelembo78/huntix-poi/main/italia/toscana/grosseto/pages/bar_la_vasca_42.7636_11.1122.json,custom
42.764099,11.111103,ov_caff__matteotti_42.7641_11.1111,Caffè Matteotti,RESTAURANT,bar_cafe,https://raw.githubusercontent.com/pasqualelembo78/huntix-poi/main/italia/toscana/grosseto/pages/caff_matteotti_42.7641_11.1111.json,custom
42.764392,11.104008,ov_my_bar_42.7644_11.1040,My Bar,RESTAURANT,bar_cafe,https://raw.githubusercontent.com/pasqualelembo78/huntix-poi/main/italia/toscana/grosseto/pages/my_bar_42.7644_11.1040.json,custom
42.763090,11.104450,ov_circolo_arci_azzurro_42.7631_11.1044,Circolo Arci Azzurro,RESTAURANT,bar_cafe,https://raw.githubusercontent.com/pasqualelembo78/huntix-poi/main/italia/toscana/grosseto/pages/circolo_arci_azzurro_42.7631_11.1044.json,custom
42.762772,11.112981,ov_lo_chalet_much_more_than_a_bar_illy_caff_42.7628_11.1130,Lo Chalet Much More Than A Bar Illy Caffe' Grosseto,RESTAURANT,bar_cafe,https://raw.githubusercontent.com/pasqualelembo78/huntix-poi/main/italia/toscana/grosseto/pages/lo_chalet_much_more_than_a_bar_illy_caff_42.7628_11.1130.json,custom
42.761600,11.113310,ov_gallery_cafe_42.7616_11.1133,Gallery Cafe,RESTAURANT,bar_cafe,https://raw.githubusercontent.com/pasqualelembo78/huntix-poi/main/italia/toscana/grosseto/pages/gallery_cafe_42.7616_11.1133.json,custom
42.761159,11.113077,ov_tabaccheria_soldati_giovanna_42.7612_11.1131,Tabaccheria Soldati Giovanna,RESTAURANT,bar_cafe,https://raw.githubusercontent.com/pasqualelembo78/huntix-poi/main/italia/toscana/grosseto/pages/tabaccheria_soldati_giovanna_42.7612_11.1131.json,custom
42.761160,11.112858,ov_loungebar_bianco__nero_42.7612_11.1129,Loungebar Bianco  Nero,RESTAURANT,bar_cafe,https://raw.githubusercontent.com/pasqualelembo78/huntix-poi/main/italia/toscana/grosseto/pages/loungebar_bianco_nero_42.7612_11.1129.json,custom
42.760966,11.113921,ov_hungry_years_42.7610_11.1139,Hungry Years,RESTAURANT,bar_cafe,https://raw.githubusercontent.com/pasqualelembo78/huntix-poi/main/italia/toscana/grosseto/pages/hungry_years_42.7610_11.1139.json,custom
42.760647,11.114176,ov_affinity_cafe_42.7606_11.1142,Affinity Cafe,RESTAURANT,bar_cafe,https://raw.githubusercontent.com/pasqualelembo78/huntix-poi/main/italia/toscana/grosseto/pages/affinity_cafe_42.7606_11.1142.json,custom
42.760640,11.113253,ov_caff__carducci_42.7606_11.1133,Caffè Carducci,RESTAURANT,bar_cafe,https://raw.githubusercontent.com/pasqualelembo78/huntix-poi/main/italia/toscana/grosseto/pages/caff_carducci_42.7606_11.1133.json,custom
42.760275,11.113356,ov_mimi___coco_coccoletteria_42.7603_11.1134,Mimi & Coco Coccoletteria,RESTAURANT,bar_cafe,https://raw.githubusercontent.com/pasqualelembo78/huntix-poi/main/italia/toscana/grosseto/pages/mimi_coco_coccoletteria_42.7603_11.1134.json,custom
42.760419,11.112526,ov_comix_caf__42.7604_11.1125,Comix Café,RESTAURANT,bar_cafe,https://raw.githubusercontent.com/pasqualelembo78/huntix-poi/main/italia/toscana/grosseto/pages/comix_caf_42.7604_11.1125.json,custom
42.760221,11.110129,ov_caffe_manetti_42.7602_11.1101,Caffe Manetti,RESTAURANT,bar_cafe,https://raw.githubusercontent.com/pasqualelembo78/huntix-poi/main/italia/toscana/grosseto/pages/caffe_manetti_42.7602_11.1101.json,custom
42.761624,11.105114,ov_bar_allegro_42.7616_11.1051,Bar Allegro,RESTAURANT,bar_cafe,https://raw.githubusercontent.com/pasqualelembo78/huntix-poi/main/italia/toscana/grosseto/pages/bar_allegro_42.7616_11.1051.json,custom
42.762204,11.107503,ov_pasta_fresca_parioli_di_giacolini_sara_42.7622_11.1075,Pasta Fresca Parioli di Giacolini Sara,RESTAURANT,bar_cafe,https://raw.githubusercontent.com/pasqualelembo78/huntix-poi/main/italia/toscana/grosseto/pages/pasta_fresca_parioli_di_giacolini_sara_42.7622_11.1075.json,custom
42.764476,11.103349,ov_fencing_bar_42.7645_11.1033,Fencing BAR,RESTAURANT,bar_cafe,https://raw.githubusercontent.com/pasqualelembo78/huntix-poi/main/italia/toscana/grosseto/pages/fencing_bar_42.7645_11.1033.json,custom
42.765331,11.106799,ov_ristorante_pizzeria_etruria_42.7653_11.1068,Ristorante Pizzeria Etruria,RESTAURANT,bar_cafe,https://raw.githubusercontent.com/pasqualelembo78/huntix-poi/main/italia/toscana/grosseto/pages/ristorante_pizzeria_etruria_42.7653_11.1068.json,custom
42.764725,11.114026,ov_wonderland_caffe_42.7647_11.1140,Wonderland Caffe,RESTAURANT,bar_cafe,https://raw.githubusercontent.com/pasqualelembo78/huntix-poi/main/italia/toscana/grosseto/pages/wonderland_caffe_42.7647_11.1140.json,custom
42.765591,11.110843,ov_caffe_roma_42.7656_11.1108,Caffe Roma,RESTAURANT,bar_cafe,https://raw.githubusercontent.com/pasqualelembo78/huntix-poi/main/italia/toscana/grosseto/pages/caffe_roma_42.7656_11.1108.json,custom
42.765611,11.110770,ov_after_all_bar_42.7656_11.1108,After All Bar,RESTAURANT,bar_cafe,https://raw.githubusercontent.com/pasqualelembo78/huntix-poi/main/italia/toscana/grosseto/pages/after_all_bar_42.7656_11.1108.json,custom
42.767537,11.106912,ov_chef_express_42.7675_11.1069,Chef Express,RESTAURANT,bar_cafe,https://raw.githubusercontent.com/pasqualelembo78/huntix-poi/main/italia/toscana/grosseto/pages/chef_express_42.7675_11.1069.json,custom
42.767410,11.107853,ov_bar_king_42.7674_11.1079,Bar King,RESTAURANT,bar_cafe,https://raw.githubusercontent.com/pasqualelembo78/huntix-poi/main/italia/toscana/grosseto/pages/bar_king_42.7674_11.1079.json,custom
42.766836,11.109986,ov_chohan_internet_point_42.7668_11.1100,Chohan Internet Point,RESTAURANT,bar_cafe,https://raw.githubusercontent.com/pasqualelembo78/huntix-poi/main/italia/toscana/grosseto/pages/chohan_internet_point_42.7668_11.1100.json,custom
42.767674,11.114134,ov_ristorante_etruria___cucina_di_pesce_e_d_42.7677_11.1141,Ristorante Etruria | Cucina di pesce e di carne,RESTAURANT,bar_cafe,https://raw.githubusercontent.com/pasqualelembo78/huntix-poi/main/italia/toscana/grosseto/pages/ristorante_etruria_cucina_di_pesce_e_di__42.7677_11.1141.json,custom
42.766885,11.102235,ov_bar_stop_42.7669_11.1022,Bar Stop,RESTAURANT,bar_cafe,https://raw.githubusercontent.com/pasqualelembo78/huntix-poi/main/italia/toscana/grosseto/pages/bar_stop_42.7669_11.1022.json,custom
42.767196,11.102485,ov_bar_costa_42.7672_11.1025,Bar costa,RESTAURANT,bar_cafe,https://raw.githubusercontent.com/pasqualelembo78/huntix-poi/main/italia/toscana/grosseto/pages/bar_costa_42.7672_11.1025.json,custom
42.771382,11.096312,ov_verdemaremma_market_42.7714_11.0963,Verdemaremma Market,RESTAURANT,bar_cafe,https://raw.githubusercontent.com/pasqualelembo78/huntix-poi/main/italia/toscana/grosseto/pages/verdemaremma_market_42.7714_11.0963.json,custom
42.771810,11.099810,ov_lady_bar_di_irina_rasuleva_e_diletta_cat_42.7718_11.0998,Lady Bar di Irina Rasuleva e Diletta Catani SNC,RESTAURANT,bar_cafe,https://raw.githubusercontent.com/pasqualelembo78/huntix-poi/main/italia/toscana/grosseto/pages/lady_bar_di_irina_rasuleva_e_diletta_cat_42.7718_11.0998.json,custom
42.771260,11.100958,ov_bar_atlantic_42.7713_11.1010,Bar Atlantic,RESTAURANT,bar_cafe,https://raw.githubusercontent.com/pasqualelembo78/huntix-poi/main/italia/toscana/grosseto/pages/bar_atlantic_42.7713_11.1010.json,custom
42.771458,11.107192,ov_bar_al_barrino_42.7715_11.1072,Bar Al Barrino,RESTAURANT,bar_cafe,https://raw.githubusercontent.com/pasqualelembo78/huntix-poi/main/italia/toscana/grosseto/pages/bar_al_barrino_42.7715_11.1072.json,custom
42.772977,11.113429,ov_tabaccheria_duchi___charlie_s_bar_42.7730_11.1134,Tabaccheria Duchi & Charlie's Bar,RESTAURANT,bar_cafe,https://raw.githubusercontent.com/pasqualelembo78/huntix-poi/main/italia/toscana/grosseto/pages/tabaccheria_duchi_charlies_bar_42.7730_11.1134.json,custom
42.769510,11.110381,ov_il_caffe_dei_fiori_42.7695_11.1104,Il Caffe dei Fiori,RESTAURANT,bar_cafe,https://raw.githubusercontent.com/pasqualelembo78/huntix-poi/main/italia/toscana/grosseto/pages/il_caffe_dei_fiori_42.7695_11.1104.json,custom
42.769697,11.113236,ov_bar_biancorosso_42.7697_11.1132,Bar Biancorosso,RESTAURANT,bar_cafe,https://raw.githubusercontent.com/pasqualelembo78/huntix-poi/main/italia/toscana/grosseto/pages/bar_biancorosso_42.7697_11.1132.json,custom
42.770570,11.120010,ov_golden_bar_42.7706_11.1200,Golden bar,RESTAURANT,bar_cafe,https://raw.githubusercontent.com/pasqualelembo78/huntix-poi/main/italia/toscana/grosseto/pages/golden_bar_42.7706_11.1200.json,custom
42.771985,11.116115,ov_barracuda_caffe_42.7720_11.1161,Barracuda Caffe,RESTAURANT,bar_cafe,https://raw.githubusercontent.com/pasqualelembo78/huntix-poi/main/italia/toscana/grosseto/pages/barracuda_caffe_42.7720_11.1161.json,custom
42.776517,11.126897,ov_cral_usl_9_grosseto_42.7765_11.1269,Cral Usl 9 Grosseto,RESTAURANT,bar_cafe,https://raw.githubusercontent.com/pasqualelembo78/huntix-poi/main/italia/toscana/grosseto/pages/cral_usl_9_grosseto_42.7765_11.1269.json,custom
42.777860,11.123690,ov_street_bar_42.7779_11.1237,Street Bar,RESTAURANT,bar_cafe,https://raw.githubusercontent.com/pasqualelembo78/huntix-poi/main/italia/toscana/grosseto/pages/street_bar_42.7779_11.1237.json,custom
42.777077,11.119564,ov_bar_progresso_42.7771_11.1196,Bar Progresso,RESTAURANT,bar_cafe,https://raw.githubusercontent.com/pasqualelembo78/huntix-poi/main/italia/toscana/grosseto/pages/bar_progresso_42.7771_11.1196.json,custom
42.776941,11.120004,ov_bar_la_pantera_rosa_42.7769_11.1200,Bar La Pantera Rosa,RESTAURANT,bar_cafe,https://raw.githubusercontent.com/pasqualelembo78/huntix-poi/main/italia/toscana/grosseto/pages/bar_la_pantera_rosa_42.7769_11.1200.json,custom
42.776760,11.106460,ov_clubviolagr_42.7768_11.1065,Clubviolagr,RESTAURANT,bar_cafe,https://raw.githubusercontent.com/pasqualelembo78/huntix-poi/main/italia/toscana/grosseto/pages/clubviolagr_42.7768_11.1065.json,custom
42.774337,11.113165,ov_casin__caf__42.7743_11.1132,Casinò Cafè,RESTAURANT,bar_cafe,https://raw.githubusercontent.com/pasqualelembo78/huntix-poi/main/italia/toscana/grosseto/pages/casin_caf_42.7743_11.1132.json,custom
42.774120,11.106800,ov_circolo_ricreativo_da_frizzina_42.7741_11.1068,Circolo Ricreativo da Frizzina,RESTAURANT,bar_cafe,https://raw.githubusercontent.com/pasqualelembo78/huntix-poi/main/italia/toscana/grosseto/pages/circolo_ricreativo_da_frizzina_42.7741_11.1068.json,custom
42.775511,11.098804,ov_green_bar_42.7755_11.0988,Green bar,RESTAURANT,bar_cafe,https://raw.githubusercontent.com/pasqualelembo78/huntix-poi/main/italia/toscana/grosseto/pages/green_bar_42.7755_11.0988.json,custom
42.776810,11.103734,ov_la_vecchia_pesa_42.7768_11.1037,La Vecchia Pesa,RESTAURANT,bar_cafe,https://raw.githubusercontent.com/pasqualelembo78/huntix-poi/main/italia/toscana/grosseto/pages/la_vecchia_pesa_42.7768_11.1037.json,custom
42.778389,11.100605,ov_caffe_dei_mori_42.7784_11.1006,Caffe dei Mori,RESTAURANT,bar_cafe,https://raw.githubusercontent.com/pasqualelembo78/huntix-poi/main/italia/toscana/grosseto/pages/caffe_dei_mori_42.7784_11.1006.json,custom
42.780844,11.105276,ov_via_senegal_42.7808_11.1053,Via Senegal,RESTAURANT,bar_cafe,https://raw.githubusercontent.com/pasqualelembo78/huntix-poi/main/italia/toscana/grosseto/pages/via_senegal_42.7808_11.1053.json,custom
42.782072,11.110652,ov_regio_quarto_42.7821_11.1107,Regio Quarto,RESTAURANT,bar_cafe,https://raw.githubusercontent.com/pasqualelembo78/huntix-poi/main/italia/toscana/grosseto/pages/regio_quarto_42.7821_11.1107.json,custom
42.781901,11.109235,ov_deths_bar_42.7819_11.1092,Deths Bar,RESTAURANT,bar_cafe,https://raw.githubusercontent.com/pasqualelembo78/huntix-poi/main/italia/toscana/grosseto/pages/deths_bar_42.7819_11.1092.json,custom
42.781925,11.109348,ov_bar_da_mario_42.7819_11.1093,Bar da mario,RESTAURANT,bar_cafe,https://raw.githubusercontent.com/pasqualelembo78/huntix-poi/main/italia/toscana/grosseto/pages/bar_da_mario_42.7819_11.1093.json,custom
42.781372,11.104229,ov_bar_op_42.7814_11.1042,Bar OP,RESTAURANT,bar_cafe,https://raw.githubusercontent.com/pasqualelembo78/huntix-poi/main/italia/toscana/grosseto/pages/bar_op_42.7814_11.1042.json,custom
42.782742,11.101996,ov_intervallo_42.7827_11.1020,Intervallo,RESTAURANT,bar_cafe,https://raw.githubusercontent.com/pasqualelembo78/huntix-poi/main/italia/toscana/grosseto/pages/intervallo_42.7827_11.1020.json,custom
42.783951,11.101580,ov_formazione_american_bar_grosseto_42.7840_11.1016,Formazione american bar grosseto,RESTAURANT,bar_cafe,https://raw.githubusercontent.com/pasqualelembo78/huntix-poi/main/italia/toscana/grosseto/pages/formazione_american_bar_grosseto_42.7840_11.1016.json,custom
42.784445,11.102816,ov_tabard_inn___bar_e_ristoro_a_grosseto_42.7844_11.1028,Tabard Inn - Bar e Ristoro a Grosseto,RESTAURANT,bar_cafe,https://raw.githubusercontent.com/pasqualelembo78/huntix-poi/main/italia/toscana/grosseto/pages/tabard_inn_-_bar_e_ristoro_a_grosseto_42.7844_11.1028.json,custom
42.784412,11.099118,ov_zambernardi_42.7844_11.0991,Zambernardi,RESTAURANT,bar_cafe,https://raw.githubusercontent.com/pasqualelembo78/huntix-poi/main/italia/toscana/grosseto/pages/zambernardi_42.7844_11.0991.json,custom
42.784460,11.098861,ov_cialdeitalia_42.7845_11.0989,Cialdeitalia,RESTAURANT,bar_cafe,https://raw.githubusercontent.com/pasqualelembo78/huntix-poi/main/italia/toscana/grosseto/pages/cialdeitalia_42.7845_11.0989.json,custom
42.783633,11.096947,ov_caffe_pasticceria_asti_42.7836_11.0969,Caffe Pasticceria Asti,RESTAURANT,bar_cafe,https://raw.githubusercontent.com/pasqualelembo78/huntix-poi/main/italia/toscana/grosseto/pages/caffe_pasticceria_asti_42.7836_11.0969.json,custom
42.786450,11.105570,ov_espresso_d_italia_grosseto_42.7865_11.1056,Espresso D'Italia Grosseto,RESTAURANT,bar_cafe,https://raw.githubusercontent.com/pasqualelembo78/huntix-poi/main/italia/toscana/grosseto/pages/espresso_ditalia_grosseto_42.7865_11.1056.json,custom
42.782816,11.107659,ov_enegan_42.7828_11.1077,Enegan,RESTAURANT,bar_cafe,https://raw.githubusercontent.com/pasqualelembo78/huntix-poi/main/italia/toscana/grosseto/pages/enegan_42.7828_11.1077.json,custom
42.795414,11.132636,ov_bar_ristorante_q8_roselle_terme_42.7954_11.1326,Bar Ristorante Q8 Roselle Terme,RESTAURANT,bar_cafe,https://raw.githubusercontent.com/pasqualelembo78/huntix-poi/main/italia/toscana/grosseto/pages/bar_ristorante_q8_roselle_terme_42.7954_11.1326.json,custom
42.787864,11.114582,ov_wave_bar_42.7879_11.1146,Wave Bar,RESTAURANT,bar_cafe,https://raw.githubusercontent.com/pasqualelembo78/huntix-poi/main/italia/toscana/grosseto/pages/wave_bar_42.7879_11.1146.json,custom
42.788675,11.113672,ov_fruit___caff____natura_42.7887_11.1137,Fruit • Caffè & Natura,RESTAURANT,bar_cafe,https://raw.githubusercontent.com/pasqualelembo78/huntix-poi/main/italia/toscana/grosseto/pages/fruit_caff_natura_42.7887_11.1137.json,custom
42.787181,11.108460,ov_caff__ristretto_42.7872_11.1085,Caffè Ristretto,RESTAURANT,bar_cafe,https://raw.githubusercontent.com/pasqualelembo78/huntix-poi/main/italia/toscana/grosseto/pages/caff_ristretto_42.7872_11.1085.json,custom
42.787252,11.105328,ov_caff__d_italia_grosseto_42.7873_11.1053,Caffè D'Italia Grosseto,RESTAURANT,bar_cafe,https://raw.githubusercontent.com/pasqualelembo78/huntix-poi/main/italia/toscana/grosseto/pages/caff_ditalia_grosseto_42.7873_11.1053.json,custom
42.790233,11.098758,ov_tubino_academy_42.7902_11.0988,Tubino Academy,RESTAURANT,bar_cafe,https://raw.githubusercontent.com/pasqualelembo78/huntix-poi/main/italia/toscana/grosseto/pages/tubino_academy_42.7902_11.0988.json,custom
42.809841,11.133794,ov_aquila___il_bucchero_42.8098_11.1338,Aquila / Il Bucchero,RESTAURANT,bar_cafe,https://raw.githubusercontent.com/pasqualelembo78/huntix-poi/main/italia/toscana/grosseto/pages/aquila_il_bucchero_42.8098_11.1338.json,custom
42.805401,11.142707,ov_roselle_gr_42.8054_11.1427,Roselle-GR,RESTAURANT,bar_cafe,https://raw.githubusercontent.com/pasqualelembo78/huntix-poi/main/italia/toscana/grosseto/pages/roselle-gr_42.8054_11.1427.json,custom
42.782631,11.191007,ov_bar_al_borgo_42.7826_11.1910,Bar Al Borgo,RESTAURANT,bar_cafe,https://raw.githubusercontent.com/pasqualelembo78/huntix-poi/main/italia/toscana/grosseto/pages/bar_al_borgo_42.7826_11.1910.json,custom
42.780073,11.178155,ov_bar_merenderia_le_stiacciole_42.7801_11.1782,Bar Merenderia le Stiacciole,RESTAURANT,bar_cafe,https://raw.githubusercontent.com/pasqualelembo78/huntix-poi/main/italia/toscana/grosseto/pages/bar_merenderia_le_stiacciole_42.7801_11.1782.json,custom
42.742025,11.111625,ov_live_life_restaurant_42.7420_11.1116,Live life restaurant,RESTAURANT,bar_cafe,https://raw.githubusercontent.com/pasqualelembo78/huntix-poi/main/italia/toscana/grosseto/pages/live_life_restaurant_42.7420_11.1116.json,custom
42.739485,11.110512,ov_bar_tabacchi_il_casalone_42.7395_11.1105,Bar Tabacchi il Casalone,RESTAURANT,bar_cafe,https://raw.githubusercontent.com/pasqualelembo78/huntix-poi/main/italia/toscana/grosseto/pages/bar_tabacchi_il_casalone_42.7395_11.1105.json,custom
42.707036,11.135466,ov_bar_pizzeria_nerazzurro_42.7070_11.1355,Bar Pizzeria Nerazzurro,RESTAURANT,bar_cafe,https://raw.githubusercontent.com/pasqualelembo78/huntix-poi/main/italia/toscana/grosseto/pages/bar_pizzeria_nerazzurro_42.7070_11.1355.json,custom
42.828295,11.138484,ov_bar_self_service_gli_olivi_42.8283_11.1385,Bar Self Service Gli Olivi,RESTAURANT,bar_cafe,https://raw.githubusercontent.com/pasqualelembo78/huntix-poi/main/italia/toscana/grosseto/pages/bar_self_service_gli_olivi_42.8283_11.1385.json,custom
42.767506,11.114452,osm_bluemooncaf__42.7675_11.1145,Bluemooncafè,bar_cafe,bar_cafe,https://raw.githubusercontent.com/pasqualelembo78/huntix-poi/main/italia/toscana/grosseto/pages/bluemooncaf_42.7675_11.1145.json,custom
42.776868,11.120115,osm_pantera_rosa_42.7769_11.1201,Pantera Rosa,bar_cafe,bar_cafe,https://raw.githubusercontent.com/pasqualelembo78/huntix-poi/main/italia/toscana/grosseto/pages/pantera_rosa_42.7769_11.1201.json,custom
42.717609,10.980620,ov_marevettamare__trail_42.7176_10.9806,Marevettamare  TRAIL,GYM,palestra,https://raw.githubusercontent.com/pasqualelembo78/huntix-poi/main/italia/toscana/grosseto/pages/marevettamare_trail_42.7176_10.9806.json,custom
42.718818,10.985546,ov_la_pineta_dello_sport_42.7188_10.9855,La Pineta Dello Sport,GYM,palestra,https://raw.githubusercontent.com/pasqualelembo78/huntix-poi/main/italia/toscana/grosseto/pages/la_pineta_dello_sport_42.7188_10.9855.json,custom
42.718360,10.999065,ov_centro_ippico_di_armeno_42.7184_10.9991,Centro Ippico Di Armeno,GYM,palestra,https://raw.githubusercontent.com/pasqualelembo78/huntix-poi/main/italia/toscana/grosseto/pages/centro_ippico_di_armeno_42.7184_10.9991.json,custom
42.713736,10.983593,ov_diana_diving_42.7137_10.9836,Diana Diving,GYM,palestra,https://raw.githubusercontent.com/pasqualelembo78/huntix-poi/main/italia/toscana/grosseto/pages/diana_diving_42.7137_10.9836.json,custom
42.737876,11.065867,ov_maremma_que_salsa_42.7379_11.0659,Maremma Que Salsa,GYM,palestra,https://raw.githubusercontent.com/pasqualelembo78/huntix-poi/main/italia/toscana/grosseto/pages/maremma_que_salsa_42.7379_11.0659.json,custom
42.727618,10.997506,ov_cavallonatura_equestrian_center_42.7276_10.9975,Cavallonatura Equestrian Center,GYM,palestra,https://raw.githubusercontent.com/pasqualelembo78/huntix-poi/main/italia/toscana/grosseto/pages/cavallonatura_equestrian_center_42.7276_10.9975.json,custom
42.791205,11.091875,ov_crossfit_grosseto_asd_42.7912_11.0919,Crossfit Grosseto ASD,GYM,palestra,https://raw.githubusercontent.com/pasqualelembo78/huntix-poi/main/italia/toscana/grosseto/pages/crossfit_grosseto_asd_42.7912_11.0919.json,custom
42.790637,11.091811,ov_palestra_urban_fit_personal_studio_42.7906_11.0918,Palestra Urban Fit Personal Studio,GYM,palestra,https://raw.githubusercontent.com/pasqualelembo78/huntix-poi/main/italia/toscana/grosseto/pages/palestra_urban_fit_personal_studio_42.7906_11.0918.json,custom
42.790706,11.092746,ov_a_s_d__area_danza_42.7907_11.0927,A.S.D. Area Danza,GYM,palestra,https://raw.githubusercontent.com/pasqualelembo78/huntix-poi/main/italia/toscana/grosseto/pages/asd_area_danza_42.7907_11.0927.json,custom
42.790746,11.092642,ov_palestra_fit_koi_physique_42.7907_11.0926,Palestra Fit Koi Physique,GYM,palestra,https://raw.githubusercontent.com/pasqualelembo78/huntix-poi/main/italia/toscana/grosseto/pages/palestra_fit_koi_physique_42.7907_11.0926.json,custom
42.790125,11.091348,ov_gymfive_palestra_42.7901_11.0913,Gymfive palestra,GYM,palestra,https://raw.githubusercontent.com/pasqualelembo78/huntix-poi/main/italia/toscana/grosseto/pages/gymfive_palestra_42.7901_11.0913.json,custom
42.792144,11.054339,ov_centro_ippico_col__alessandro_bettoni_ca_42.7921_11.0543,Centro Ippico Col. Alessandro Bettoni Cazzago,GYM,palestra,https://raw.githubusercontent.com/pasqualelembo78/huntix-poi/main/italia/toscana/grosseto/pages/centro_ippico_col_alessandro_bettoni_caz_42.7921_11.0543.json,custom
42.745342,11.108548,ov_ippodromo_del_casalone_42.7453_11.1085,Ippodromo del Casalone,GYM,palestra,https://raw.githubusercontent.com/pasqualelembo78/huntix-poi/main/italia/toscana/grosseto/pages/ippodromo_del_casalone_42.7453_11.1085.json,custom
42.746606,11.110997,ov_figurella_42.7466_11.1110,Figurella,GYM,palestra,https://raw.githubusercontent.com/pasqualelembo78/huntix-poi/main/italia/toscana/grosseto/pages/figurella_42.7466_11.1110.json,custom
42.745475,11.110456,ov_il_fondino_3_0_climbing_farm_42.7455_11.1105,Il Fondino 3.0 Climbing Farm,GYM,palestra,https://raw.githubusercontent.com/pasqualelembo78/huntix-poi/main/italia/toscana/grosseto/pages/il_fondino_30_climbing_farm_42.7455_11.1105.json,custom
42.750060,11.120535,ov_l_studio_pilates_42.7501_11.1205,L-Studio Pilates,GYM,palestra,https://raw.githubusercontent.com/pasqualelembo78/huntix-poi/main/italia/toscana/grosseto/pages/l-studio_pilates_42.7501_11.1205.json,custom
42.753303,11.103840,ov_fight_gym_42.7533_11.1038,Fight Gym,GYM,palestra,https://raw.githubusercontent.com/pasqualelembo78/huntix-poi/main/italia/toscana/grosseto/pages/fight_gym_42.7533_11.1038.json,custom
42.752551,11.107892,ov_essencia_latina_asd_42.7526_11.1079,Essencia latina asd,GYM,palestra,https://raw.githubusercontent.com/pasqualelembo78/huntix-poi/main/italia/toscana/grosseto/pages/essencia_latina_asd_42.7526_11.1079.json,custom
42.752710,11.106600,ov_active_maremma_asd_42.7527_11.1066,Active Maremma asd,GYM,palestra,https://raw.githubusercontent.com/pasqualelembo78/huntix-poi/main/italia/toscana/grosseto/pages/active_maremma_asd_42.7527_11.1066.json,custom
42.753389,11.104368,ov_asd_palestra_europa_42.7534_11.1044,ASD Palestra Europa,GYM,palestra,https://raw.githubusercontent.com/pasqualelembo78/huntix-poi/main/italia/toscana/grosseto/pages/asd_palestra_europa_42.7534_11.1044.json,custom
42.754158,11.103436,ov_palestra_ymca_42.7542_11.1034,Palestra Ymca,GYM,palestra,https://raw.githubusercontent.com/pasqualelembo78/huntix-poi/main/italia/toscana/grosseto/pages/palestra_ymca_42.7542_11.1034.json,custom
42.753666,11.101926,ov_health_and_performance_42.7537_11.1019,Health and Performance,GYM,palestra,https://raw.githubusercontent.com/pasqualelembo78/huntix-poi/main/italia/toscana/grosseto/pages/health_and_performance_42.7537_11.1019.json,custom
42.758320,11.107610,ov_summer_camp___grosseto_42.7583_11.1076,SUMMER CAMP - Grosseto,GYM,palestra,https://raw.githubusercontent.com/pasqualelembo78/huntix-poi/main/italia/toscana/grosseto/pages/summer_camp_-_grosseto_42.7583_11.1076.json,custom
42.759050,11.105461,ov_non_solo_sport_42.7590_11.1055,Non solo Sport,GYM,palestra,https://raw.githubusercontent.com/pasqualelembo78/huntix-poi/main/italia/toscana/grosseto/pages/non_solo_sport_42.7590_11.1055.json,custom
42.756297,11.111858,ov_miostudio_pilates_42.7563_11.1119,Miostudio Pilates,GYM,palestra,https://raw.githubusercontent.com/pasqualelembo78/huntix-poi/main/italia/toscana/grosseto/pages/miostudio_pilates_42.7563_11.1119.json,custom
42.756282,11.114797,ov_pugilistica_grossetana_umberto_cavini_42.7563_11.1148,Pugilistica Grossetana Umberto Cavini,GYM,palestra,https://raw.githubusercontent.com/pasqualelembo78/huntix-poi/main/italia/toscana/grosseto/pages/pugilistica_grossetana_umberto_cavini_42.7563_11.1148.json,custom
42.756383,11.114757,ov_kendo_grosseto_42.7564_11.1148,Kendo Grosseto,GYM,palestra,https://raw.githubusercontent.com/pasqualelembo78/huntix-poi/main/italia/toscana/grosseto/pages/kendo_grosseto_42.7564_11.1148.json,custom
42.756331,11.114770,ov_palestra_athena_42.7563_11.1148,Palestra Athena,GYM,palestra,https://raw.githubusercontent.com/pasqualelembo78/huntix-poi/main/italia/toscana/grosseto/pages/palestra_athena_42.7563_11.1148.json,custom
42.756623,11.114380,ov_yogafit_centro_yoga_42.7566_11.1144,Yogafit Centro Yoga,GYM,palestra,https://raw.githubusercontent.com/pasqualelembo78/huntix-poi/main/italia/toscana/grosseto/pages/yogafit_centro_yoga_42.7566_11.1144.json,custom
42.757642,11.116989,ov_palextra_42.7576_11.1170,Palextra,GYM,palestra,https://raw.githubusercontent.com/pasqualelembo78/huntix-poi/main/italia/toscana/grosseto/pages/palextra_42.7576_11.1170.json,custom
42.764884,11.146991,ov_myrelaxfit_alessandro_cipriani_42.7649_11.1470,Myrelaxfit Alessandro Cipriani,GYM,palestra,https://raw.githubusercontent.com/pasqualelembo78/huntix-poi/main/italia/toscana/grosseto/pages/myrelaxfit_alessandro_cipriani_42.7649_11.1470.json,custom
42.766104,11.123121,ov_palazzetto_la_bombonera_42.7661_11.1231,Palazzetto La Bombonera,GYM,palestra,https://raw.githubusercontent.com/pasqualelembo78/huntix-poi/main/italia/toscana/grosseto/pages/palazzetto_la_bombonera_42.7661_11.1231.json,custom
42.765824,11.119712,ov_studio_performa_42.7658_11.1197,Studio Performa,GYM,palestra,https://raw.githubusercontent.com/pasqualelembo78/huntix-poi/main/italia/toscana/grosseto/pages/studio_performa_42.7658_11.1197.json,custom
42.766100,11.117069,ov_violaclubgrosseto_42.7661_11.1171,Violaclubgrosseto,GYM,palestra,https://raw.githubusercontent.com/pasqualelembo78/huntix-poi/main/italia/toscana/grosseto/pages/violaclubgrosseto_42.7661_11.1171.json,custom
42.764188,11.125325,ov_betaflag_42.7642_11.1253,Betaflag,GYM,palestra,https://raw.githubusercontent.com/pasqualelembo78/huntix-poi/main/italia/toscana/grosseto/pages/betaflag_42.7642_11.1253.json,custom
42.762845,11.125343,ov_yogananda_srf_italia_42.7628_11.1253,Yogananda-SRF-Italia,GYM,palestra,https://raw.githubusercontent.com/pasqualelembo78/huntix-poi/main/italia/toscana/grosseto/pages/yogananda-srf-italia_42.7628_11.1253.json,custom
42.762695,11.125402,ov_centro_ninfea_yoga_42.7627_11.1254,Centro Ninfea Yoga,GYM,palestra,https://raw.githubusercontent.com/pasqualelembo78/huntix-poi/main/italia/toscana/grosseto/pages/centro_ninfea_yoga_42.7627_11.1254.json,custom
42.762829,11.131202,ov_giusi_termini_yoga_42.7628_11.1312,Giusi Termini Yoga,GYM,palestra,https://raw.githubusercontent.com/pasqualelembo78/huntix-poi/main/italia/toscana/grosseto/pages/giusi_termini_yoga_42.7628_11.1312.json,custom
42.762904,11.131320,ov_scuola_di_ballo_bulli___pupe_42.7629_11.1313,Scuola di Ballo Bulli & Pupe,GYM,palestra,https://raw.githubusercontent.com/pasqualelembo78/huntix-poi/main/italia/toscana/grosseto/pages/scuola_di_ballo_bulli_pupe_42.7629_11.1313.json,custom
42.762910,11.131310,ov_tango_liberi_tutti_42.7629_11.1313,Tango Liberi Tutti,GYM,palestra,https://raw.githubusercontent.com/pasqualelembo78/huntix-poi/main/italia/toscana/grosseto/pages/tango_liberi_tutti_42.7629_11.1313.json,custom
42.760802,11.119700,ov_wellness_club_mensana_42.7608_11.1197,Wellness Club Mensana,GYM,palestra,https://raw.githubusercontent.com/pasqualelembo78/huntix-poi/main/italia/toscana/grosseto/pages/wellness_club_mensana_42.7608_11.1197.json,custom
42.763716,11.115806,ov_inroom_yoga_e_pilates_42.7637_11.1158,InRoom Yoga e Pilates,GYM,palestra,https://raw.githubusercontent.com/pasqualelembo78/huntix-poi/main/italia/toscana/grosseto/pages/inroom_yoga_e_pilates_42.7637_11.1158.json,custom
42.761030,11.113898,ov_emporio_danza_e_ginnastica_grosseto_42.7610_11.1139,Emporio Danza e Ginnastica Grosseto,GYM,palestra,https://raw.githubusercontent.com/pasqualelembo78/huntix-poi/main/italia/toscana/grosseto/pages/emporio_danza_e_ginnastica_grosseto_42.7610_11.1139.json,custom
42.761715,11.099639,ov_sognando_broadway_a_s_d__42.7617_11.0996,Sognando Broadway A.S.D.,GYM,palestra,https://raw.githubusercontent.com/pasqualelembo78/huntix-poi/main/italia/toscana/grosseto/pages/sognando_broadway_asd_42.7617_11.0996.json,custom
42.761805,11.099649,ov_pro_forma_42.7618_11.0996,Pro Forma,GYM,palestra,https://raw.githubusercontent.com/pasqualelembo78/huntix-poi/main/italia/toscana/grosseto/pages/pro_forma_42.7618_11.0996.json,custom
42.761600,11.099503,ov_dance_system_42.7616_11.0995,Dance System,GYM,palestra,https://raw.githubusercontent.com/pasqualelembo78/huntix-poi/main/italia/toscana/grosseto/pages/dance_system_42.7616_11.0995.json,custom
42.761693,11.099699,ov_associazione_lin___itcca_centro_italia_42.7617_11.0997,Associazione Lin - Itcca Centro Italia,GYM,palestra,https://raw.githubusercontent.com/pasqualelembo78/huntix-poi/main/italia/toscana/grosseto/pages/associazione_lin_-_itcca_centro_italia_42.7617_11.0997.json,custom
42.761699,11.099725,ov_palestra_athlon_club_42.7617_11.0997,Palestra Athlon Club,GYM,palestra,https://raw.githubusercontent.com/pasqualelembo78/huntix-poi/main/italia/toscana/grosseto/pages/palestra_athlon_club_42.7617_11.0997.json,custom
42.761627,11.095332,ov_arte_danza_42.7616_11.0953,Arte Danza,GYM,palestra,https://raw.githubusercontent.com/pasqualelembo78/huntix-poi/main/italia/toscana/grosseto/pages/arte_danza_42.7616_11.0953.json,custom
42.766052,11.105109,ov_centro_arte_tai_chi_42.7661_11.1051,Centro Arte Tai Chi,GYM,palestra,https://raw.githubusercontent.com/pasqualelembo78/huntix-poi/main/italia/toscana/grosseto/pages/centro_arte_tai_chi_42.7661_11.1051.json,custom
42.767201,11.113334,ov_la_sesta_arte_42.7672_11.1133,La Sesta Arte,GYM,palestra,https://raw.githubusercontent.com/pasqualelembo78/huntix-poi/main/italia/toscana/grosseto/pages/la_sesta_arte_42.7672_11.1133.json,custom
42.767409,11.113540,ov_studio_yoga_grosseto_42.7674_11.1135,Studio Yoga Grosseto,GYM,palestra,https://raw.githubusercontent.com/pasqualelembo78/huntix-poi/main/italia/toscana/grosseto/pages/studio_yoga_grosseto_42.7674_11.1135.json,custom
42.767700,11.113360,ov_pilates_fly_di_vania_conte_42.7677_11.1134,Pilates Fly di Vania Conte,GYM,palestra,https://raw.githubusercontent.com/pasqualelembo78/huntix-poi/main/italia/toscana/grosseto/pages/pilates_fly_di_vania_conte_42.7677_11.1134.json,custom
42.768376,11.109976,ov_bliss_yoga_centro_olistico_42.7684_11.1100,Bliss Yoga Centro Olistico,GYM,palestra,https://raw.githubusercontent.com/pasqualelembo78/huntix-poi/main/italia/toscana/grosseto/pages/bliss_yoga_centro_olistico_42.7684_11.1100.json,custom
42.771397,11.100936,ov_a_s_i__comitato_provinciale_gym_e_relax_42.7714_11.1009,A.S.I. Comitato Provinciale Gym e Relax,GYM,palestra,https://raw.githubusercontent.com/pasqualelembo78/huntix-poi/main/italia/toscana/grosseto/pages/asi_comitato_provinciale_gym_e_relax_42.7714_11.1009.json,custom
42.772944,11.104876,ov_bowling_area_51_42.7729_11.1049,Bowling Area 51,GYM,palestra,https://raw.githubusercontent.com/pasqualelembo78/huntix-poi/main/italia/toscana/grosseto/pages/bowling_area_51_42.7729_11.1049.json,custom
42.773013,11.105020,ov_bowling_grosseto_42.7730_11.1050,Bowling Grosseto,GYM,palestra,https://raw.githubusercontent.com/pasqualelembo78/huntix-poi/main/italia/toscana/grosseto/pages/bowling_grosseto_42.7730_11.1050.json,custom
42.771150,11.107010,ov_sala_biliardi_terrybell_grosseto_42.7711_11.1070,Sala biliardi Terrybell grosseto,GYM,palestra,https://raw.githubusercontent.com/pasqualelembo78/huntix-poi/main/italia/toscana/grosseto/pages/sala_biliardi_terrybell_grosseto_42.7711_11.1070.json,custom
42.771590,11.117560,ov_all_aria_aperta_escursioni_42.7716_11.1176,All'Aria Aperta escursioni,GYM,palestra,https://raw.githubusercontent.com/pasqualelembo78/huntix-poi/main/italia/toscana/grosseto/pages/allaria_aperta_escursioni_42.7716_11.1176.json,custom
42.774909,11.119550,ov_asd_ginnastica_grifone_42.7749_11.1195,ASD Ginnastica Grifone,GYM,palestra,https://raw.githubusercontent.com/pasqualelembo78/huntix-poi/main/italia/toscana/grosseto/pages/asd_ginnastica_grifone_42.7749_11.1195.json,custom
42.776940,11.119660,ov_yoga_olistic_studio_42.7769_11.1197,Yoga Olistic Studio,GYM,palestra,https://raw.githubusercontent.com/pasqualelembo78/huntix-poi/main/italia/toscana/grosseto/pages/yoga_olistic_studio_42.7769_11.1197.json,custom
42.776240,11.115200,ov_centro_danza_grosseto_asd_42.7762_11.1152,Centro Danza Grosseto ASD,GYM,palestra,https://raw.githubusercontent.com/pasqualelembo78/huntix-poi/main/italia/toscana/grosseto/pages/centro_danza_grosseto_asd_42.7762_11.1152.json,custom
42.776270,11.115320,ov_officina_movimento_arte_danza_42.7763_11.1153,Officina Movimento Arte Danza,GYM,palestra,https://raw.githubusercontent.com/pasqualelembo78/huntix-poi/main/italia/toscana/grosseto/pages/officina_movimento_arte_danza_42.7763_11.1153.json,custom
42.776514,11.115031,ov_free_xone_hip_hop_project_42.7765_11.1150,Free Xone Hip Hop Project,GYM,palestra,https://raw.githubusercontent.com/pasqualelembo78/huntix-poi/main/italia/toscana/grosseto/pages/free_xone_hip_hop_project_42.7765_11.1150.json,custom
42.777378,11.118978,ov__toile_pole_dance_42.7774_11.1190,Étoile Pole Dance,GYM,palestra,https://raw.githubusercontent.com/pasqualelembo78/huntix-poi/main/italia/toscana/grosseto/pages/toile_pole_dance_42.7774_11.1190.json,custom
42.774668,11.095840,ov_fa_dance_academy_42.7747_11.0958,FA Dance Academy,GYM,palestra,https://raw.githubusercontent.com/pasqualelembo78/huntix-poi/main/italia/toscana/grosseto/pages/fa_dance_academy_42.7747_11.0958.json,custom
42.775560,11.096050,ov_polisportiva_barbanella_uno_42.7756_11.0960,Polisportiva Barbanella Uno,GYM,palestra,https://raw.githubusercontent.com/pasqualelembo78/huntix-poi/main/italia/toscana/grosseto/pages/polisportiva_barbanella_uno_42.7756_11.0960.json,custom
42.776130,11.099088,ov_fly_dreaming_pole_studio_42.7761_11.0991,Fly dreaming pole studio,GYM,palestra,https://raw.githubusercontent.com/pasqualelembo78/huntix-poi/main/italia/toscana/grosseto/pages/fly_dreaming_pole_studio_42.7761_11.0991.json,custom
42.777844,11.103944,ov_federcaccia_grosseto_42.7778_11.1039,Federcaccia Grosseto,GYM,palestra,https://raw.githubusercontent.com/pasqualelembo78/huntix-poi/main/italia/toscana/grosseto/pages/federcaccia_grosseto_42.7778_11.1039.json,custom
42.778269,11.104014,ov_goldbet_grosseto_42.7783_11.1040,Goldbet Grosseto,GYM,palestra,https://raw.githubusercontent.com/pasqualelembo78/huntix-poi/main/italia/toscana/grosseto/pages/goldbet_grosseto_42.7783_11.1040.json,custom
42.779800,11.107380,ov_maremma_toscana_golf_district_42.7798_11.1074,Maremma Toscana GOLF District,GYM,palestra,https://raw.githubusercontent.com/pasqualelembo78/huntix-poi/main/italia/toscana/grosseto/pages/maremma_toscana_golf_district_42.7798_11.1074.json,custom
42.780231,11.104825,ov_30_gradi_studio_42.7802_11.1048,30 Gradi Studio,GYM,palestra,https://raw.githubusercontent.com/pasqualelembo78/huntix-poi/main/italia/toscana/grosseto/pages/30_gradi_studio_42.7802_11.1048.json,custom
42.780311,11.107514,ov_inside_original_dancers_42.7803_11.1075,Inside Original Dancers,GYM,palestra,https://raw.githubusercontent.com/pasqualelembo78/huntix-poi/main/italia/toscana/grosseto/pages/inside_original_dancers_42.7803_11.1075.json,custom
42.780292,11.108483,ov_white_lotus_42.7803_11.1085,White Lotus,GYM,palestra,https://raw.githubusercontent.com/pasqualelembo78/huntix-poi/main/italia/toscana/grosseto/pages/white_lotus_42.7803_11.1085.json,custom
42.782259,11.110935,ov_centro_pratyahara_ilaria_serini_42.7823_11.1109,Centro Pratyahara Ilaria Serini,GYM,palestra,https://raw.githubusercontent.com/pasqualelembo78/huntix-poi/main/italia/toscana/grosseto/pages/centro_pratyahara_ilaria_serini_42.7823_11.1109.json,custom
42.781770,11.105790,ov_palestra_blu_box_42.7818_11.1058,Palestra Blu Box,GYM,palestra,https://raw.githubusercontent.com/pasqualelembo78/huntix-poi/main/italia/toscana/grosseto/pages/palestra_blu_box_42.7818_11.1058.json,custom
42.782950,11.103713,ov_omc_officina_automotive_42.7829_11.1037,Omc Officina Automotive,GYM,palestra,https://raw.githubusercontent.com/pasqualelembo78/huntix-poi/main/italia/toscana/grosseto/pages/omc_officina_automotive_42.7829_11.1037.json,custom
42.783997,11.097138,ov_taoproject_42.7840_11.0971,TAOproject,GYM,palestra,https://raw.githubusercontent.com/pasqualelembo78/huntix-poi/main/italia/toscana/grosseto/pages/taoproject_42.7840_11.0971.json,custom
42.784105,11.098490,ov_palestra_athena_via_ambra_42.7841_11.0985,Palestra Athena via ambra,GYM,palestra,https://raw.githubusercontent.com/pasqualelembo78/huntix-poi/main/italia/toscana/grosseto/pages/palestra_athena_via_ambra_42.7841_11.0985.json,custom
42.783822,11.097273,ov_difesa_personale_krav_maga_grosseto_42.7838_11.0973,Difesa Personale Krav Maga Grosseto,GYM,palestra,https://raw.githubusercontent.com/pasqualelembo78/huntix-poi/main/italia/toscana/grosseto/pages/difesa_personale_krav_maga_grosseto_42.7838_11.0973.json,custom
42.785480,11.098473,ov_blue_moon_grosseto_42.7855_11.0985,Blue Moon Grosseto,GYM,palestra,https://raw.githubusercontent.com/pasqualelembo78/huntix-poi/main/italia/toscana/grosseto/pages/blue_moon_grosseto_42.7855_11.0985.json,custom
42.785573,11.098800,ov_tango_a_grosseto_42.7856_11.0988,Tango a Grosseto,GYM,palestra,https://raw.githubusercontent.com/pasqualelembo78/huntix-poi/main/italia/toscana/grosseto/pages/tango_a_grosseto_42.7856_11.0988.json,custom
42.785791,11.097772,ov_progetto_danza_42.7858_11.0978,Progetto Danza,GYM,palestra,https://raw.githubusercontent.com/pasqualelembo78/huntix-poi/main/italia/toscana/grosseto/pages/progetto_danza_42.7858_11.0978.json,custom
42.786065,11.104041,ov_blue_box_gym_42.7861_11.1040,Blue Box Gym,GYM,palestra,https://raw.githubusercontent.com/pasqualelembo78/huntix-poi/main/italia/toscana/grosseto/pages/blue_box_gym_42.7861_11.1040.json,custom
42.784029,11.110300,ov_la_sesta_arte___scuola_di_danza_42.7840_11.1103,La Sesta Arte - Scuola di Danza,GYM,palestra,https://raw.githubusercontent.com/pasqualelembo78/huntix-poi/main/italia/toscana/grosseto/pages/la_sesta_arte_-_scuola_di_danza_42.7840_11.1103.json,custom
42.783630,11.106580,ov_giocodanza_42.7836_11.1066,Giocodanza,GYM,palestra,https://raw.githubusercontent.com/pasqualelembo78/huntix-poi/main/italia/toscana/grosseto/pages/giocodanza_42.7836_11.1066.json,custom
42.782650,11.105539,ov_crossfit_ffa_42.7827_11.1055,CrossFit FFA,GYM,palestra,https://raw.githubusercontent.com/pasqualelembo78/huntix-poi/main/italia/toscana/grosseto/pages/crossfit_ffa_42.7827_11.1055.json,custom
42.788915,11.124362,ov_l_armonica_42.7889_11.1244,L'Armonica,GYM,palestra,https://raw.githubusercontent.com/pasqualelembo78/huntix-poi/main/italia/toscana/grosseto/pages/larmonica_42.7889_11.1244.json,custom
42.789276,11.115495,ov_fit_express_grosseto_42.7893_11.1155,Fit Express Grosseto,GYM,palestra,https://raw.githubusercontent.com/pasqualelembo78/huntix-poi/main/italia/toscana/grosseto/pages/fit_express_grosseto_42.7893_11.1155.json,custom
42.790729,11.103293,ov_asd_centro_ippico_poponaio_42.7907_11.1033,ASD Centro Ippico Poponaio,GYM,palestra,https://raw.githubusercontent.com/pasqualelembo78/huntix-poi/main/italia/toscana/grosseto/pages/asd_centro_ippico_poponaio_42.7907_11.1033.json,custom
42.790838,11.098820,ov_sergio_lattanti_corsi_gyrotonic_expansio_42.7908_11.0988,Sergio lattanti corsi Gyrotonic Expansion System Montemassi,GYM,palestra,https://raw.githubusercontent.com/pasqualelembo78/huntix-poi/main/italia/toscana/grosseto/pages/sergio_lattanti_corsi_gyrotonic_expansio_42.7908_11.0988.json,custom
42.790377,11.097945,ov_officina_18_pt_studio_42.7904_11.0979,Officina 18 Pt Studio,GYM,palestra,https://raw.githubusercontent.com/pasqualelembo78/huntix-poi/main/italia/toscana/grosseto/pages/officina_18_pt_studio_42.7904_11.0979.json,custom
42.790176,11.097863,ov_odissea_2001_scuola_di_ballo_42.7902_11.0979,Odissea 2001 Scuola di Ballo,GYM,palestra,https://raw.githubusercontent.com/pasqualelembo78/huntix-poi/main/italia/toscana/grosseto/pages/odissea_2001_scuola_di_ballo_42.7902_11.0979.json,custom
42.740665,11.114800,ov_figurella_42.7407_11.1148,Figurella,GYM,palestra,https://raw.githubusercontent.com/pasqualelembo78/huntix-poi/main/italia/toscana/grosseto/pages/figurella_42.7407_11.1148.json,custom
42.742126,11.111745,ov_gym_livelife_in_grosseto_42.7421_11.1117,Gym LiveLife in Grosseto,GYM,palestra,https://raw.githubusercontent.com/pasqualelembo78/huntix-poi/main/italia/toscana/grosseto/pages/gym_livelife_in_grosseto_42.7421_11.1117.json,custom
42.742141,11.111652,ov_palestra_live_life_42.7421_11.1117,Palestra Live Life,GYM,palestra,https://raw.githubusercontent.com/pasqualelembo78/huntix-poi/main/italia/toscana/grosseto/pages/palestra_live_life_42.7421_11.1117.json,custom
42.741713,11.111838,ov_studio_pilates_l_l__42.7417_11.1118,Studio Pilates L.L.,GYM,palestra,https://raw.githubusercontent.com/pasqualelembo78/huntix-poi/main/italia/toscana/grosseto/pages/studio_pilates_ll_42.7417_11.1118.json,custom
42.706154,11.134173,ov_campo_sportivo_rispescia_42.7062_11.1342,Campo Sportivo Rispescia,GYM,palestra,https://raw.githubusercontent.com/pasqualelembo78/huntix-poi/main/italia/toscana/grosseto/pages/campo_sportivo_rispescia_42.7062_11.1342.json,custom
42.679990,11.108550,ov_asd_equimaremma_42.6800_11.1085,ASD EquiMaremma,GYM,palestra,https://raw.githubusercontent.com/pasqualelembo78/huntix-poi/main/italia/toscana/grosseto/pages/asd_equimaremma_42.6800_11.1085.json,custom
42.872730,11.076270,ov_asd_bau_parco_42.8727_11.0763,Asd Bau Parco,GYM,palestra,https://raw.githubusercontent.com/pasqualelembo78/huntix-poi/main/italia/toscana/grosseto/pages/asd_bau_parco_42.8727_11.0763.json,custom
42.836672,11.126390,ov_c_i_a_m_centro_ippico_allevamento_il_mus_42.8367_11.1264,C.I.A.M Centro Ippico Allevamento Il Mustiaio,GYM,palestra,https://raw.githubusercontent.com/pasqualelembo78/huntix-poi/main/italia/toscana/grosseto/pages/ciam_centro_ippico_allevamento_il_mustia_42.8367_11.1264.json,custom
42.785980,11.103583,osm_k2_climbing_gym_42.7860_11.1036,K2 Climbing Gym,palestra,palestra,https://raw.githubusercontent.com/pasqualelembo78/huntix-poi/main/italia/toscana/grosseto/pages/k2_climbing_gym_42.7860_11.1036.json,custom
42.762615,11.126560,osm_beta_flag_42.7626_11.1266,Beta-Flag,palestra,palestra,https://raw.githubusercontent.com/pasqualelembo78/huntix-poi/main/italia/toscana/grosseto/pages/beta-flag_42.7626_11.1266.json,custom
42.764148,11.125365,osm_beta_flag_42.7641_11.1254,Beta-Flag,palestra,palestra,https://raw.githubusercontent.com/pasqualelembo78/huntix-poi/main/italia/toscana/grosseto/pages/beta-flag_42.7641_11.1254.json,custom
42.742048,11.111621,osm_palestra_livelife_42.7420_11.1116,Palestra LiveLife,palestra,palestra,https://raw.githubusercontent.com/pasqualelembo78/huntix-poi/main/italia/toscana/grosseto/pages/palestra_livelife_42.7420_11.1116.json,custom
42.646838,11.065890,ov_torre_di_castel_marino_42.6468_11.0659,Torre di Castel Marino,MONUMENT,monumento,https://raw.githubusercontent.com/pasqualelembo78/huntix-poi/main/italia/toscana/grosseto/pages/torre_di_castel_marino_42.6468_11.0659.json,custom
42.760543,11.116122,ov_museo_di_storia_naturale_della_maremma_42.7605_11.1161,Museo di Storia Naturale della Maremma,MUSEUM,monumento,https://raw.githubusercontent.com/pasqualelembo78/huntix-poi/main/italia/toscana/grosseto/pages/museo_di_storia_naturale_della_maremma_42.7605_11.1161.json,custom
42.761630,11.116620,ov_fortezza_medicea_42.7616_11.1166,Fortezza Medicea,MONUMENT,monumento,https://raw.githubusercontent.com/pasqualelembo78/huntix-poi/main/italia/toscana/grosseto/pages/fortezza_medicea_42.7616_11.1166.json,custom
42.763768,11.112020,ov_villino_panichi_42.7638_11.1120,Villino Panichi,MUSEUM,monumento,https://raw.githubusercontent.com/pasqualelembo78/huntix-poi/main/italia/toscana/grosseto/pages/villino_panichi_42.7638_11.1120.json,custom
42.763028,11.114050,ov_monumento_al_milite_ignoto__grosseto__42.7630_11.1141,Monumento al Milite Ignoto (Grosseto),MONUMENT,monumento,https://raw.githubusercontent.com/pasqualelembo78/huntix-poi/main/italia/toscana/grosseto/pages/monumento_al_milite_ignoto_grosseto_42.7630_11.1141.json,custom
42.761421,11.111653,ov_galleria_agaf_grosseto_pagina_ufficiale_42.7614_11.1117,Galleria AGAF GROSSETO pagina ufficiale,MUSEUM,monumento,https://raw.githubusercontent.com/pasqualelembo78/huntix-poi/main/italia/toscana/grosseto/pages/galleria_agaf_grosseto_pagina_ufficiale_42.7614_11.1117.json,custom
42.761599,11.113576,ov_monumento_ad_andrea_da_grosseto_42.7616_11.1136,Monumento ad Andrea da Grosseto,MONUMENT,monumento,https://raw.githubusercontent.com/pasqualelembo78/huntix-poi/main/italia/toscana/grosseto/pages/monumento_ad_andrea_da_grosseto_42.7616_11.1136.json,custom
42.761572,11.113734,ov_museo_archeologico_e_d_arte_della_maremm_42.7616_11.1137,Museo Archeologico e d'Arte della Maremma,MUSEUM,monumento,https://raw.githubusercontent.com/pasqualelembo78/huntix-poi/main/italia/toscana/grosseto/pages/museo_archeologico_e_darte_della_maremma_42.7616_11.1137.json,custom
42.761510,11.113958,ov_museo_collezione_gianfranco_luzzetti_42.7615_11.1140,Museo Collezione Gianfranco Luzzetti,MUSEUM,monumento,https://raw.githubusercontent.com/pasqualelembo78/huntix-poi/main/italia/toscana/grosseto/pages/museo_collezione_gianfranco_luzzetti_42.7615_11.1140.json,custom
42.761497,11.113014,ov_monumento_a_ettore_socci_42.7615_11.1130,Monumento a Ettore Socci,MONUMENT,monumento,https://raw.githubusercontent.com/pasqualelembo78/huntix-poi/main/italia/toscana/grosseto/pages/monumento_a_ettore_socci_42.7615_11.1130.json,custom
42.882944,11.085856,ov_museo_di_storia_locale_ildebrando_imberc_42.8829_11.0859,Museo di storia locale Ildebrando Imberciadori,MUSEUM,monumento,https://raw.githubusercontent.com/pasqualelembo78/huntix-poi/main/italia/toscana/grosseto/pages/museo_di_storia_locale_ildebrando_imberc_42.8829_11.0859.json,custom
42.824200,11.084180,ov_anfiteatro_romano_di_roselle_42.8242_11.0842,Anfiteatro Romano Di Roselle,MUSEUM,monumento,https://raw.githubusercontent.com/pasqualelembo78/huntix-poi/main/italia/toscana/grosseto/pages/anfiteatro_romano_di_roselle_42.8242_11.0842.json,custom
42.834950,11.159240,ov_ruderi_di_roselle_42.8349_11.1592,Ruderi Di Roselle,MUSEUM,monumento,https://raw.githubusercontent.com/pasqualelembo78/huntix-poi/main/italia/toscana/grosseto/pages/ruderi_di_roselle_42.8349_11.1592.json,custom
42.827147,11.159286,ov_area_archeologica_di_roselle_42.8271_11.1593,Area archeologica di Roselle,MUSEUM,monumento,https://raw.githubusercontent.com/pasqualelembo78/huntix-poi/main/italia/toscana/grosseto/pages/area_archeologica_di_roselle_42.8271_11.1593.json,custom
42.765128,11.119589,ov_tribunale_di_grosseto_42.7651_11.1196,Tribunale di Grosseto,GOVERNMENT,ufficio_pubblico,https://raw.githubusercontent.com/pasqualelembo78/huntix-poi/main/italia/toscana/grosseto/pages/tribunale_di_grosseto_42.7651_11.1196.json,custom
42.763933,11.111802,osm_poste_italiane_42.7639_11.1118,Poste Italiane,ufficio_postale,ufficio_postale,https://raw.githubusercontent.com/pasqualelembo78/huntix-poi/main/italia/toscana/grosseto/pages/poste_italiane_42.7639_11.1118.json,custom
42.771601,11.099709,osm_poste_italiane_42.7716_11.0997,Poste Italiane,ufficio_postale,ufficio_postale,https://raw.githubusercontent.com/pasqualelembo78/huntix-poi/main/italia/toscana/grosseto/pages/poste_italiane_42.7716_11.0997.json,custom
42.761452,11.121071,osm_poste_italiane_42.7615_11.1211,Poste Italiane,ufficio_postale,ufficio_postale,https://raw.githubusercontent.com/pasqualelembo78/huntix-poi/main/italia/toscana/grosseto/pages/poste_italiane_42.7615_11.1211.json,custom
42.780475,11.111469,osm_poste_italiane_42.7805_11.1115,Poste Italiane,ufficio_postale,ufficio_postale,https://raw.githubusercontent.com/pasqualelembo78/huntix-poi/main/italia/toscana/grosseto/pages/poste_italiane_42.7805_11.1115.json,custom
42.756130,11.114418,ov_biblioteca_universit__di_siena_42.7561_11.1144,Biblioteca Università di Siena,LIBRARY,biblioteca,https://raw.githubusercontent.com/pasqualelembo78/huntix-poi/main/italia/toscana/grosseto/pages/biblioteca_universit_di_siena_42.7561_11.1144.json,custom
42.761277,11.112050,ov_biblioteca_chelliana_42.7613_11.1121,Biblioteca Chelliana,LIBRARY,biblioteca,https://raw.githubusercontent.com/pasqualelembo78/huntix-poi/main/italia/toscana/grosseto/pages/biblioteca_chelliana_42.7613_11.1121.json,custom
42.773206,11.114076,ov_biblioteca_chelliana_42.7732_11.1141,Biblioteca Chelliana,LIBRARY,biblioteca,https://raw.githubusercontent.com/pasqualelembo78/huntix-poi/main/italia/toscana/grosseto/pages/biblioteca_chelliana_42.7732_11.1141.json,custom
42.762577,11.113163,osm_biblioteca_della_societ__storica_maremma_42.7626_11.1132,Biblioteca della Società storica maremmana,biblioteca,biblioteca,https://raw.githubusercontent.com/pasqualelembo78/huntix-poi/main/italia/toscana/grosseto/pages/biblioteca_della_societ_storica_maremman_42.7626_11.1132.json,custom
42.753718,11.117577,osm_biblioteca_dell_istituto_storico_grosset_42.7537_11.1176,Biblioteca dell'Istituto storico grossetano della resistenza,biblioteca,biblioteca,https://raw.githubusercontent.com/pasqualelembo78/huntix-poi/main/italia/toscana/grosseto/pages/biblioteca_dellistituto_storico_grosseta_42.7537_11.1176.json,custom
42.772179,11.115912,osm_biblioteca_dell_associazione_degli_indus_42.7722_11.1159,Biblioteca dell'Associazione degli industriali della Provinc,biblioteca,biblioteca,https://raw.githubusercontent.com/pasqualelembo78/huntix-poi/main/italia/toscana/grosseto/pages/biblioteca_dellassociazione_degli_indust_42.7722_11.1159.json,custom
42.761452,11.112745,osm_biblioteca_dell_archivio_di_stato_di_gro_42.7615_11.1127,Biblioteca dell'Archivio di Stato di Grosseto,biblioteca,biblioteca,https://raw.githubusercontent.com/pasqualelembo78/huntix-poi/main/italia/toscana/grosseto/pages/biblioteca_dellarchivio_di_stato_di_gros_42.7615_11.1127.json,custom
42.768679,11.116715,osm_biblioteca_dell_itc_fossombroni_di_gross_42.7687_11.1167,Biblioteca dell'ITC Fossombroni di Grosseto,biblioteca,biblioteca,https://raw.githubusercontent.com/pasqualelembo78/huntix-poi/main/italia/toscana/grosseto/pages/biblioteca_dellitc_fossombroni_di_grosse_42.7687_11.1167.json,custom
42.756986,11.112561,osm_biblioteca_del_seminario_vescovile_di_gr_42.7570_11.1126,Biblioteca del seminario vescovile di Grosseto,biblioteca,biblioteca,https://raw.githubusercontent.com/pasqualelembo78/huntix-poi/main/italia/toscana/grosseto/pages/biblioteca_del_seminario_vescovile_di_gr_42.7570_11.1126.json,custom
42.750720,11.118956,osm_biblioteca_del_polo_liceale_grossetano_42.7507_11.1190,Biblioteca del Polo liceale grossetano,biblioteca,biblioteca,https://raw.githubusercontent.com/pasqualelembo78/huntix-poi/main/italia/toscana/grosseto/pages/biblioteca_del_polo_liceale_grossetano_42.7507_11.1190.json,custom
42.761491,11.113802,osm_biblioteca_del_museo_archeologico_42.7615_11.1138,Biblioteca del Museo archeologico,biblioteca,biblioteca,https://raw.githubusercontent.com/pasqualelembo78/huntix-poi/main/italia/toscana/grosseto/pages/biblioteca_del_museo_archeologico_42.7615_11.1138.json,custom
42.760300,11.112096,osm_biblioteca_del_centro_di_documentazione__42.7603_11.1121,Biblioteca del Centro di documentazione per le Arti Visive d,biblioteca,biblioteca,https://raw.githubusercontent.com/pasqualelembo78/huntix-poi/main/italia/toscana/grosseto/pages/biblioteca_del_centro_di_documentazione__42.7603_11.1121.json,custom
42.753357,11.105479,osm_biblioteca_dei_padri_gesuiti_parrocchia__42.7534_11.1055,Biblioteca dei Padri Gesuiti Parrocchia dell'Addolorata,biblioteca,biblioteca,https://raw.githubusercontent.com/pasqualelembo78/huntix-poi/main/italia/toscana/grosseto/pages/biblioteca_dei_padri_gesuiti_parrocchia__42.7534_11.1055.json,custom
42.767187,11.110606,osm_biblioteca_centro_di_documentazione_per__42.7672_11.1106,Biblioteca Centro di Documentazione per l'Educazione alla Sa,biblioteca,biblioteca,https://raw.githubusercontent.com/pasqualelembo78/huntix-poi/main/italia/toscana/grosseto/pages/biblioteca_centro_di_documentazione_per__42.7672_11.1106.json,custom
42.781930,11.108721,ov_fishexpress_guadagnoli_42.7819_11.1087,Fishexpress Guadagnoli,RESTAURANT,ristorante,https://raw.githubusercontent.com/pasqualelembo78/huntix-poi/main/italia/toscana/grosseto/pages/fishexpress_guadagnoli_42.7819_11.1087.json,custom
