# lat,lng,id,name,building_type,type,url,page_type
# Perugia -- Tutti
43.129489,12.364266,ov_centro_di_salute_di_san_marco_43.1295_12.3643,Centro Di Salute Di San Marco,HOSPITAL,hospital,https://raw.githubusercontent.com/pasqualelembo78/huntix-poi/main/italia/marche/perugia/pages/centro_di_salute_di_san_marco_43.1295_12.3643.json,custom
43.113301,12.389393,ov_ospedale_silvestrini__perugia_43.1133_12.3894,"Ospedale Silvestrini, Perugia",HOSPITAL,hospital,https://raw.githubusercontent.com/pasqualelembo78/huntix-poi/main/italia/marche/perugia/pages/ospedale_silvestrini_perugia_43.1133_12.3894.json,custom
43.113014,12.380942,ov_casa_di_cura_liotti_43.1130_12.3809,Casa di Cura Liotti,HOSPITAL,hospital,https://raw.githubusercontent.com/pasqualelembo78/huntix-poi/main/italia/marche/perugia/pages/casa_di_cura_liotti_43.1130_12.3809.json,custom
43.106463,12.366926,ov_presidio_ospedaliero_unificato_43.1065_12.3669,Presidio Ospedaliero Unificato,HOSPITAL,hospital,https://raw.githubusercontent.com/pasqualelembo78/huntix-poi/main/italia/marche/perugia/pages/presidio_ospedaliero_unificato_43.1065_12.3669.json,custom
43.103667,12.382566,ov_casa_di_cura_villa_fiorita_43.1037_12.3826,Casa di Cura Villa Fiorita,HOSPITAL,hospital,https://raw.githubusercontent.com/pasqualelembo78/huntix-poi/main/italia/marche/perugia/pages/casa_di_cura_villa_fiorita_43.1037_12.3826.json,custom
43.103984,12.389302,ov_azienda_ospedaliera_di_perugia_dir_gener_43.1040_12.3893,Azienda Ospedaliera Di Perugia Dir.Generale - Sede,HOSPITAL,hospital,https://raw.githubusercontent.com/pasqualelembo78/huntix-poi/main/italia/marche/perugia/pages/azienda_ospedaliera_di_perugia_dirgenera_43.1040_12.3893.json,custom
43.090244,12.388455,ov_clinical_lami_43.0902_12.3885,Clinical Lami,HOSPITAL,hospital,https://raw.githubusercontent.com/pasqualelembo78/huntix-poi/main/italia/marche/perugia/pages/clinical_lami_43.0902_12.3885.json,custom
43.099926,12.379217,ov_acustica_umbra_43.0999_12.3792,Acustica Umbra,HOSPITAL,hospital,https://raw.githubusercontent.com/pasqualelembo78/huntix-poi/main/italia/marche/perugia/pages/acustica_umbra_43.0999_12.3792.json,custom
43.096828,12.317636,ov_sanitaria_ortopedia_fiorucci_srl_43.0968_12.3176,Sanitaria Ortopedia Fiorucci Srl,HOSPITAL,hospital,https://raw.githubusercontent.com/pasqualelembo78/huntix-poi/main/italia/marche/perugia/pages/sanitaria_ortopedia_fiorucci_srl_43.0968_12.3176.json,custom
43.079827,12.353427,ov_unita_spinale_perugia_43.0798_12.3534,Unita Spinale Perugia,HOSPITAL,hospital,https://raw.githubusercontent.com/pasqualelembo78/huntix-poi/main/italia/marche/perugia/pages/unita_spinale_perugia_43.0798_12.3534.json,custom
43.082962,12.348767,ov_3medical_solutions_43.0830_12.3488,3Medical Solutions,HOSPITAL,hospital,https://raw.githubusercontent.com/pasqualelembo78/huntix-poi/main/italia/marche/perugia/pages/3medical_solutions_43.0830_12.3488.json,custom
43.077665,12.354808,ov_ellisse_ospedale_43.0777_12.3548,Ellisse Ospedale,HOSPITAL,hospital,https://raw.githubusercontent.com/pasqualelembo78/huntix-poi/main/italia/marche/perugia/pages/ellisse_ospedale_43.0777_12.3548.json,custom
43.077846,12.354302,ov_reparto_trapianto_midollo_osseo_43.0778_12.3543,Reparto Trapianto Midollo Osseo,HOSPITAL,hospital,https://raw.githubusercontent.com/pasqualelembo78/huntix-poi/main/italia/marche/perugia/pages/reparto_trapianto_midollo_osseo_43.0778_12.3543.json,custom
43.079554,12.355099,ov_clinica_ortopedica_e_traumatologica_43.0796_12.3551,Clinica Ortopedica E Traumatologica,HOSPITAL,hospital,https://raw.githubusercontent.com/pasqualelembo78/huntix-poi/main/italia/marche/perugia/pages/clinica_ortopedica_e_traumatologica_43.0796_12.3551.json,custom
43.079362,12.355161,ov_sala_parto_43.0794_12.3552,Sala Parto,HOSPITAL,hospital,https://raw.githubusercontent.com/pasqualelembo78/huntix-poi/main/italia/marche/perugia/pages/sala_parto_43.0794_12.3552.json,custom
43.078213,12.355866,ov_silvestrini_pediatria_43.0782_12.3559,silvestrini Pediatria,HOSPITAL,hospital,https://raw.githubusercontent.com/pasqualelembo78/huntix-poi/main/italia/marche/perugia/pages/silvestrini_pediatria_43.0782_12.3559.json,custom
43.078700,12.356206,ov_ginecologia_ostetricia_43.0787_12.3562,Ginecologia Ostetricia,HOSPITAL,hospital,https://raw.githubusercontent.com/pasqualelembo78/huntix-poi/main/italia/marche/perugia/pages/ginecologia_ostetricia_43.0787_12.3562.json,custom
43.078963,12.356155,ov_ospedale_perugia_43.0790_12.3562,ospedale perugia,HOSPITAL,hospital,https://raw.githubusercontent.com/pasqualelembo78/huntix-poi/main/italia/marche/perugia/pages/ospedale_perugia_43.0790_12.3562.json,custom
43.091064,12.438835,ov_pianeta_uomo___centro_urologico_43.0911_12.4388,Pianeta Uomo - Centro Urologico,HOSPITAL,hospital,https://raw.githubusercontent.com/pasqualelembo78/huntix-poi/main/italia/marche/perugia/pages/pianeta_uomo_-_centro_urologico_43.0911_12.4388.json,custom
43.090713,12.439054,ov_gastro_center_43.0907_12.4391,Gastro Center,HOSPITAL,hospital,https://raw.githubusercontent.com/pasqualelembo78/huntix-poi/main/italia/marche/perugia/pages/gastro_center_43.0907_12.4391.json,custom
43.090548,12.438884,ov_delta_implants_centro_medico_polispecial_43.0905_12.4389,Delta Implants Centro Medico Polispecialistico,HOSPITAL,hospital,https://raw.githubusercontent.com/pasqualelembo78/huntix-poi/main/italia/marche/perugia/pages/delta_implants_centro_medico_polispecial_43.0905_12.4389.json,custom
43.111624,12.402025,ov_ospedale_psichiatrico_santa_margherita_43.1116_12.4020,Ospedale Psichiatrico Santa Margherita,HOSPITAL,hospital,https://raw.githubusercontent.com/pasqualelembo78/huntix-poi/main/italia/marche/perugia/pages/ospedale_psichiatrico_santa_margherita_43.1116_12.4020.json,custom
43.112145,12.404576,ov_ospedale_perugia_43.1121_12.4046,Ospedale Perugia,HOSPITAL,hospital,https://raw.githubusercontent.com/pasqualelembo78/huntix-poi/main/italia/marche/perugia/pages/ospedale_perugia_43.1121_12.4046.json,custom
43.114150,12.402861,ov_porta_sole_casa_di_cura_43.1142_12.4029,Porta Sole Casa di Cura,HOSPITAL,hospital,https://raw.githubusercontent.com/pasqualelembo78/huntix-poi/main/italia/marche/perugia/pages/porta_sole_casa_di_cura_43.1142_12.4029.json,custom
43.175035,12.319555,ov_ospedale_santa_maria_della_misericordia_43.1750_12.3196,Ospedale Santa Maria Della Misericordia,HOSPITAL,hospital,https://raw.githubusercontent.com/pasqualelembo78/huntix-poi/main/italia/marche/perugia/pages/ospedale_santa_maria_della_misericordia_43.1750_12.3196.json,custom
43.113926,12.402918,osm_istituto_clinico_porta_sole_43.1139_12.4029,Istituto Clinico Porta Sole,hospital,hospital,https://raw.githubusercontent.com/pasqualelembo78/huntix-poi/main/italia/marche/perugia/pages/istituto_clinico_porta_sole_43.1139_12.4029.json,custom
43.079148,12.355305,osm_ospedale_santa_maria_della_misericordia_43.0791_12.3553,Ospedale Santa Maria della Misericordia,hospital,hospital,https://raw.githubusercontent.com/pasqualelembo78/huntix-poi/main/italia/marche/perugia/pages/ospedale_santa_maria_della_misericordia_43.0791_12.3553.json,custom
42.925116,12.433044,ov_le_corone__food___fun___fishing_42.9251_12.4330,Le Corone: Food - Fun - Fishing,RESTAURANT,ristorante,https://raw.githubusercontent.com/pasqualelembo78/huntix-poi/main/italia/marche/perugia/pages/le_corone_food_-_fun_-_fishing_42.9251_12.4330.json,custom
43.008549,12.218824,ov_dal_volpino_43.0085_12.2188,Dal Volpino,RESTAURANT,ristorante,https://raw.githubusercontent.com/pasqualelembo78/huntix-poi/main/italia/marche/perugia/pages/dal_volpino_43.0085_12.2188.json,custom
43.034054,12.364859,ov_ristorante_tana_degli_orsi_43.0341_12.3649,Ristorante Tana Degli Orsi,RESTAURANT,ristorante,https://raw.githubusercontent.com/pasqualelembo78/huntix-poi/main/italia/marche/perugia/pages/ristorante_tana_degli_orsi_43.0341_12.3649.json,custom
43.032613,12.363765,ov_non_vedo_l_ora_43.0326_12.3638,Non Vedo l'Ora,RESTAURANT,ristorante,https://raw.githubusercontent.com/pasqualelembo78/huntix-poi/main/italia/marche/perugia/pages/non_vedo_lora_43.0326_12.3638.json,custom
43.036426,12.396466,ov_pizza_e_dintorni_43.0364_12.3965,Pizza e Dintorni,RESTAURANT,ristorante,https://raw.githubusercontent.com/pasqualelembo78/huntix-poi/main/italia/marche/perugia/pages/pizza_e_dintorni_43.0364_12.3965.json,custom
43.036526,12.398277,ov_pizzeria_da_carlo_43.0365_12.3983,Pizzeria Da Carlo,RESTAURANT,ristorante,https://raw.githubusercontent.com/pasqualelembo78/huntix-poi/main/italia/marche/perugia/pages/pizzeria_da_carlo_43.0365_12.3983.json,custom
43.037516,12.399721,ov_pizzeria_oasi_43.0375_12.3997,Pizzeria Oasi,RESTAURANT,ristorante,https://raw.githubusercontent.com/pasqualelembo78/huntix-poi/main/italia/marche/perugia/pages/pizzeria_oasi_43.0375_12.3997.json,custom
43.061323,12.346331,ov_la_luna_nel_pozzo_43.0613_12.3463,La Luna Nel Pozzo,RESTAURANT,ristorante,https://raw.githubusercontent.com/pasqualelembo78/huntix-poi/main/italia/marche/perugia/pages/la_luna_nel_pozzo_43.0613_12.3463.json,custom
43.061300,12.345965,ov_non_c_era_43.0613_12.3460,Non C'era,RESTAURANT,ristorante,https://raw.githubusercontent.com/pasqualelembo78/huntix-poi/main/italia/marche/perugia/pages/non_cera_43.0613_12.3460.json,custom
43.049990,12.347050,ov_food_farm___agricola_mariotti___agrituri_43.0500_12.3470,Food Farm - Agricola Mariotti - Agriturismo il Pappamerlo,RESTAURANT,ristorante,https://raw.githubusercontent.com/pasqualelembo78/huntix-poi/main/italia/marche/perugia/pages/food_farm_-_agricola_mariotti_-_agrituri_43.0500_12.3470.json,custom
43.051620,12.330464,ov_happy_pizza_43.0516_12.3305,Happy Pizza,RESTAURANT,ristorante,https://raw.githubusercontent.com/pasqualelembo78/huntix-poi/main/italia/marche/perugia/pages/happy_pizza_43.0516_12.3305.json,custom
43.059422,12.306072,ov_pizzeria_sette_rioni_43.0594_12.3061,Pizzeria Sette Rioni,RESTAURANT,ristorante,https://raw.githubusercontent.com/pasqualelembo78/huntix-poi/main/italia/marche/perugia/pages/pizzeria_sette_rioni_43.0594_12.3061.json,custom
43.059443,12.306404,ov_pizzidea_43.0594_12.3064,Pizzidea,RESTAURANT,ristorante,https://raw.githubusercontent.com/pasqualelembo78/huntix-poi/main/italia/marche/perugia/pages/pizzidea_43.0594_12.3064.json,custom
43.061570,12.305819,ov_ristorante_rosticceria_grifo_43.0616_12.3058,Ristorante Rosticceria Grifo,RESTAURANT,ristorante,https://raw.githubusercontent.com/pasqualelembo78/huntix-poi/main/italia/marche/perugia/pages/ristorante_rosticceria_grifo_43.0616_12.3058.json,custom
43.061714,12.306339,ov_l_arte_della_frutta_italiana_43.0617_12.3063,L arte della frutta italiana,RESTAURANT,ristorante,https://raw.githubusercontent.com/pasqualelembo78/huntix-poi/main/italia/marche/perugia/pages/l_arte_della_frutta_italiana_43.0617_12.3063.json,custom
43.061750,12.306534,ov_mastropizza_43.0617_12.3065,Mastropizza,RESTAURANT,ristorante,https://raw.githubusercontent.com/pasqualelembo78/huntix-poi/main/italia/marche/perugia/pages/mastropizza_43.0617_12.3065.json,custom
43.062044,12.307454,ov_ristorante_pizzeria_pappamondo_43.0620_12.3075,Ristorante Pizzeria Pappamondo,RESTAURANT,ristorante,https://raw.githubusercontent.com/pasqualelembo78/huntix-poi/main/italia/marche/perugia/pages/ristorante_pizzeria_pappamondo_43.0620_12.3075.json,custom
43.038100,12.258110,ov_osteria_del_poggiolo_43.0381_12.2581,Osteria del Poggiolo,RESTAURANT,ristorante,https://raw.githubusercontent.com/pasqualelembo78/huntix-poi/main/italia/marche/perugia/pages/osteria_del_poggiolo_43.0381_12.2581.json,custom
43.059226,12.271770,ov_l_attaccabrighe_43.0592_12.2718,L'Attaccabrighe,RESTAURANT,ristorante,https://raw.githubusercontent.com/pasqualelembo78/huntix-poi/main/italia/marche/perugia/pages/lattaccabrighe_43.0592_12.2718.json,custom
43.059035,12.271654,ov_divinpeccato_43.0590_12.2717,Divinpeccato,RESTAURANT,ristorante,https://raw.githubusercontent.com/pasqualelembo78/huntix-poi/main/italia/marche/perugia/pages/divinpeccato_43.0590_12.2717.json,custom
43.055049,12.221218,ov_pizzeria_braccio_di_ferro_43.0550_12.2212,Pizzeria Braccio di Ferro,RESTAURANT,ristorante,https://raw.githubusercontent.com/pasqualelembo78/huntix-poi/main/italia/marche/perugia/pages/pizzeria_braccio_di_ferro_43.0550_12.2212.json,custom
43.141600,12.205990,ov_la_cantinaccia_43.1416_12.2060,La Cantinaccia,RESTAURANT,ristorante,https://raw.githubusercontent.com/pasqualelembo78/huntix-poi/main/italia/marche/perugia/pages/la_cantinaccia_43.1416_12.2060.json,custom
43.166713,12.366492,ov_il_laghetto_del_circoletto_43.1667_12.3665,Il Laghetto del Circoletto,RESTAURANT,ristorante,https://raw.githubusercontent.com/pasqualelembo78/huntix-poi/main/italia/marche/perugia/pages/il_laghetto_del_circoletto_43.1667_12.3665.json,custom
43.169845,12.366842,ov_relais_poggio_del_sole_43.1698_12.3668,Relais Poggio del Sole,RESTAURANT,ristorante,https://raw.githubusercontent.com/pasqualelembo78/huntix-poi/main/italia/marche/perugia/pages/relais_poggio_del_sole_43.1698_12.3668.json,custom
43.138219,12.398268,ov_l_insolito_caffe___montelaguardia_43.1382_12.3983,L'insolito Caffe - Montelaguardia,RESTAURANT,ristorante,https://raw.githubusercontent.com/pasqualelembo78/huntix-poi/main/italia/marche/perugia/pages/linsolito_caffe_-_montelaguardia_43.1382_12.3983.json,custom
43.132609,12.362244,ov_le_orme_cicchetteria_43.1326_12.3622,Le Orme Cicchetteria,RESTAURANT,ristorante,https://raw.githubusercontent.com/pasqualelembo78/huntix-poi/main/italia/marche/perugia/pages/le_orme_cicchetteria_43.1326_12.3622.json,custom
43.126122,12.335335,ov_ristorante_villa_casa_nova_43.1261_12.3353,Ristorante Villa Casa Nova,RESTAURANT,ristorante,https://raw.githubusercontent.com/pasqualelembo78/huntix-poi/main/italia/marche/perugia/pages/ristorante_villa_casa_nova_43.1261_12.3353.json,custom
43.117881,12.364455,ov_acqua_e_farina_43.1179_12.3645,Acqua e Farina,RESTAURANT,ristorante,https://raw.githubusercontent.com/pasqualelembo78/huntix-poi/main/italia/marche/perugia/pages/acqua_e_farina_43.1179_12.3645.json,custom
43.117086,12.377259,ov_lab_marghereat_43.1171_12.3773,LAB Marghereat,RESTAURANT,ristorante,https://raw.githubusercontent.com/pasqualelembo78/huntix-poi/main/italia/marche/perugia/pages/lab_marghereat_43.1171_12.3773.json,custom
43.116899,12.377453,ov_marghereat_43.1169_12.3775,Marghereat,RESTAURANT,ristorante,https://raw.githubusercontent.com/pasqualelembo78/huntix-poi/main/italia/marche/perugia/pages/marghereat_43.1169_12.3775.json,custom
43.116980,12.378165,ov_i_rosticceri_perugia_43.1170_12.3782,I Rosticceri Perugia,RESTAURANT,ristorante,https://raw.githubusercontent.com/pasqualelembo78/huntix-poi/main/italia/marche/perugia/pages/i_rosticceri_perugia_43.1170_12.3782.json,custom
43.127957,12.365122,ov_pizzeria_piadidea_43.1280_12.3651,Pizzeria Piadidea,RESTAURANT,ristorante,https://raw.githubusercontent.com/pasqualelembo78/huntix-poi/main/italia/marche/perugia/pages/pizzeria_piadidea_43.1280_12.3651.json,custom
43.127167,12.375567,ov_pizzeria_mio_nonno_diceva____43.1272_12.3756,Pizzeria Mio Nonno Diceva...,RESTAURANT,ristorante,https://raw.githubusercontent.com/pasqualelembo78/huntix-poi/main/italia/marche/perugia/pages/pizzeria_mio_nonno_diceva_43.1272_12.3756.json,custom
43.117365,12.382196,ov_bottega_della_pasta_43.1174_12.3822,Bottega Della Pasta,RESTAURANT,ristorante,https://raw.githubusercontent.com/pasqualelembo78/huntix-poi/main/italia/marche/perugia/pages/bottega_della_pasta_43.1174_12.3822.json,custom
43.117645,12.381958,ov_acqua___sapone_43.1176_12.3820,Acqua & Sapone,RESTAURANT,ristorante,https://raw.githubusercontent.com/pasqualelembo78/huntix-poi/main/italia/marche/perugia/pages/acqua_sapone_43.1176_12.3820.json,custom
43.117144,12.381339,ov_ristorante_valentina_43.1171_12.3813,Ristorante Valentina,RESTAURANT,ristorante,https://raw.githubusercontent.com/pasqualelembo78/huntix-poi/main/italia/marche/perugia/pages/ristorante_valentina_43.1171_12.3813.json,custom
43.117002,12.380702,ov_pizzicheria_perugia_43.1170_12.3807,Pizzicheria Perugia,RESTAURANT,ristorante,https://raw.githubusercontent.com/pasqualelembo78/huntix-poi/main/italia/marche/perugia/pages/pizzicheria_perugia_43.1170_12.3807.json,custom
43.118502,12.398982,ov_pizza_magic_43.1185_12.3990,Pizza Magic,RESTAURANT,ristorante,https://raw.githubusercontent.com/pasqualelembo78/huntix-poi/main/italia/marche/perugia/pages/pizza_magic_43.1185_12.3990.json,custom
43.114416,12.390749,ov_kuan_style___cucina_asian_fusion_43.1144_12.3907,Kuan Style - Cucina Asian Fusion,RESTAURANT,ristorante,https://raw.githubusercontent.com/pasqualelembo78/huntix-poi/main/italia/marche/perugia/pages/kuan_style_-_cucina_asian_fusion_43.1144_12.3907.json,custom
43.114385,12.390981,ov_pinturicchio_cafe_kitchen_43.1144_12.3910,Pinturicchio Cafe Kitchen,RESTAURANT,ristorante,https://raw.githubusercontent.com/pasqualelembo78/huntix-poi/main/italia/marche/perugia/pages/pinturicchio_cafe_kitchen_43.1144_12.3910.json,custom
43.114123,12.391696,ov_yuanperugia_43.1141_12.3917,Yuanperugia,RESTAURANT,ristorante,https://raw.githubusercontent.com/pasqualelembo78/huntix-poi/main/italia/marche/perugia/pages/yuanperugia_43.1141_12.3917.json,custom
43.113713,12.390399,ov_birraio_43.1137_12.3904,Birraio,RESTAURANT,ristorante,https://raw.githubusercontent.com/pasqualelembo78/huntix-poi/main/italia/marche/perugia/pages/birraio_43.1137_12.3904.json,custom
43.113624,12.394004,ov_pizzeria_porta_pesa_43.1136_12.3940,Pizzeria Porta Pesa,RESTAURANT,ristorante,https://raw.githubusercontent.com/pasqualelembo78/huntix-poi/main/italia/marche/perugia/pages/pizzeria_porta_pesa_43.1136_12.3940.json,custom
43.114109,12.393516,ov_osteria_la_lumera_43.1141_12.3935,Osteria La Lumera,RESTAURANT,ristorante,https://raw.githubusercontent.com/pasqualelembo78/huntix-poi/main/italia/marche/perugia/pages/osteria_la_lumera_43.1141_12.3935.json,custom
43.114320,12.394156,ov_dal_picciotto_43.1143_12.3942,Dal Picciotto,RESTAURANT,ristorante,https://raw.githubusercontent.com/pasqualelembo78/huntix-poi/main/italia/marche/perugia/pages/dal_picciotto_43.1143_12.3942.json,custom
43.115114,12.398936,ov_serenella___alfredo_43.1151_12.3989,Serenella & Alfredo,RESTAURANT,ristorante,https://raw.githubusercontent.com/pasqualelembo78/huntix-poi/main/italia/marche/perugia/pages/serenella_alfredo_43.1151_12.3989.json,custom
43.114874,12.399050,ov_monteluce_pizza___food_43.1149_12.3991,Monteluce Pizza & Food,RESTAURANT,ristorante,https://raw.githubusercontent.com/pasqualelembo78/huntix-poi/main/italia/marche/perugia/pages/monteluce_pizza_food_43.1149_12.3991.json,custom
43.111950,12.390800,ov_cucina_andrea_43.1119_12.3908,Cucina Andrea,RESTAURANT,ristorante,https://raw.githubusercontent.com/pasqualelembo78/huntix-poi/main/italia/marche/perugia/pages/cucina_andrea_43.1119_12.3908.json,custom
43.112250,12.390851,ov_verace_43.1123_12.3909,Verace,RESTAURANT,ristorante,https://raw.githubusercontent.com/pasqualelembo78/huntix-poi/main/italia/marche/perugia/pages/verace_43.1123_12.3909.json,custom
43.112121,12.392546,ov_civico_25_43.1121_12.3925,Civico 25,RESTAURANT,ristorante,https://raw.githubusercontent.com/pasqualelembo78/huntix-poi/main/italia/marche/perugia/pages/civico_25_43.1121_12.3925.json,custom
43.112011,12.392343,ov_osteria_il_gufo_43.1120_12.3923,Osteria Il Gufo,RESTAURANT,ristorante,https://raw.githubusercontent.com/pasqualelembo78/huntix-poi/main/italia/marche/perugia/pages/osteria_il_gufo_43.1120_12.3923.json,custom
43.112664,12.393075,ov_la_fame_43.1127_12.3931,La Fame,RESTAURANT,ristorante,https://raw.githubusercontent.com/pasqualelembo78/huntix-poi/main/italia/marche/perugia/pages/la_fame_43.1127_12.3931.json,custom
43.112764,12.393262,ov_il_moderno___ristorante_perugia_centro___43.1128_12.3933,Il Moderno - Ristorante Perugia centro - Slow,RESTAURANT,ristorante,https://raw.githubusercontent.com/pasqualelembo78/huntix-poi/main/italia/marche/perugia/pages/il_moderno_-_ristorante_perugia_centro_-_43.1128_12.3933.json,custom
43.113407,12.393976,ov_101caff__43.1134_12.3940,101Caffè,RESTAURANT,ristorante,https://raw.githubusercontent.com/pasqualelembo78/huntix-poi/main/italia/marche/perugia/pages/101caff_43.1134_12.3940.json,custom
43.113440,12.390383,ov_deba_sushi_perugia_43.1134_12.3904,Deba Sushi Perugia,RESTAURANT,ristorante,https://raw.githubusercontent.com/pasqualelembo78/huntix-poi/main/italia/marche/perugia/pages/deba_sushi_perugia_43.1134_12.3904.json,custom
43.113336,12.390078,ov_ristorante_fontanella_porta_sole_43.1133_12.3901,Ristorante Fontanella Porta Sole,RESTAURANT,ristorante,https://raw.githubusercontent.com/pasqualelembo78/huntix-poi/main/italia/marche/perugia/pages/ristorante_fontanella_porta_sole_43.1133_12.3901.json,custom
43.113305,12.389931,ov_radice_dining_and_drinking_43.1133_12.3899,Radice Dining and Drinking,RESTAURANT,ristorante,https://raw.githubusercontent.com/pasqualelembo78/huntix-poi/main/italia/marche/perugia/pages/radice_dining_and_drinking_43.1133_12.3899.json,custom
43.113210,12.389674,ov_ristorante_il_giurista_43.1132_12.3897,Ristorante Il Giurista,RESTAURANT,ristorante,https://raw.githubusercontent.com/pasqualelembo78/huntix-poi/main/italia/marche/perugia/pages/ristorante_il_giurista_43.1132_12.3897.json,custom
43.113258,12.389132,ov_trattoria_piazza_ansidei_43.1133_12.3891,Trattoria Piazza Ansidei,RESTAURANT,ristorante,https://raw.githubusercontent.com/pasqualelembo78/huntix-poi/main/italia/marche/perugia/pages/trattoria_piazza_ansidei_43.1133_12.3891.json,custom
43.112700,12.389757,ov_osteria_del_turreno_43.1127_12.3898,Osteria del Turreno,RESTAURANT,ristorante,https://raw.githubusercontent.com/pasqualelembo78/huntix-poi/main/italia/marche/perugia/pages/osteria_del_turreno_43.1127_12.3898.json,custom
43.112739,12.389341,ov_mr__norcy_43.1127_12.3893,Mr. Norcy,RESTAURANT,ristorante,https://raw.githubusercontent.com/pasqualelembo78/huntix-poi/main/italia/marche/perugia/pages/mr_norcy_43.1127_12.3893.json,custom
43.112925,12.389111,ov_ristorante_settimo_sigillo_43.1129_12.3891,Ristorante Settimo Sigillo,RESTAURANT,ristorante,https://raw.githubusercontent.com/pasqualelembo78/huntix-poi/main/italia/marche/perugia/pages/ristorante_settimo_sigillo_43.1129_12.3891.json,custom
43.112949,12.389558,ov_zaza_mesopotamia_43.1129_12.3896,Zaza Mesopotamia,RESTAURANT,ristorante,https://raw.githubusercontent.com/pasqualelembo78/huntix-poi/main/italia/marche/perugia/pages/zaza_mesopotamia_43.1129_12.3896.json,custom
43.113019,12.389483,ov_osteria_cardinali_43.1130_12.3895,Osteria Cardinali,RESTAURANT,ristorante,https://raw.githubusercontent.com/pasqualelembo78/huntix-poi/main/italia/marche/perugia/pages/osteria_cardinali_43.1130_12.3895.json,custom
43.113025,12.389309,ov_il_vicolo_43.1130_12.3893,Il Vicolo,RESTAURANT,ristorante,https://raw.githubusercontent.com/pasqualelembo78/huntix-poi/main/italia/marche/perugia/pages/il_vicolo_43.1130_12.3893.json,custom
43.113004,12.388541,ov_la_pecora_nera_43.1130_12.3885,La Pecora Nera,RESTAURANT,ristorante,https://raw.githubusercontent.com/pasqualelembo78/huntix-poi/main/italia/marche/perugia/pages/la_pecora_nera_43.1130_12.3885.json,custom
43.112726,12.389080,ov_ristorante_al_tartufo_43.1127_12.3891,Ristorante Al Tartufo,RESTAURANT,ristorante,https://raw.githubusercontent.com/pasqualelembo78/huntix-poi/main/italia/marche/perugia/pages/ristorante_al_tartufo_43.1127_12.3891.json,custom
43.112865,12.388414,ov_il_padrino_43.1129_12.3884,Il Padrino,RESTAURANT,ristorante,https://raw.githubusercontent.com/pasqualelembo78/huntix-poi/main/italia/marche/perugia/pages/il_padrino_43.1129_12.3884.json,custom
43.113089,12.388398,ov_ristorante_da_peppone_43.1131_12.3884,Ristorante Da Peppone,RESTAURANT,ristorante,https://raw.githubusercontent.com/pasqualelembo78/huntix-poi/main/italia/marche/perugia/pages/ristorante_da_peppone_43.1131_12.3884.json,custom
43.113060,12.388499,ov_continental_bar_pizzeria_birreria_43.1131_12.3885,Continental Bar Pizzeria Birreria,RESTAURANT,ristorante,https://raw.githubusercontent.com/pasqualelembo78/huntix-poi/main/italia/marche/perugia/pages/continental_bar_pizzeria_birreria_43.1131_12.3885.json,custom
43.113155,12.388530,ov_osteria_del_gambero_43.1132_12.3885,Osteria del Gambero,RESTAURANT,ristorante,https://raw.githubusercontent.com/pasqualelembo78/huntix-poi/main/italia/marche/perugia/pages/osteria_del_gambero_43.1132_12.3885.json,custom
43.113063,12.389076,ov_luce_ristorante_43.1131_12.3891,Luce Ristorante,RESTAURANT,ristorante,https://raw.githubusercontent.com/pasqualelembo78/huntix-poi/main/italia/marche/perugia/pages/luce_ristorante_43.1131_12.3891.json,custom
43.113242,12.388822,ov_ristorante_continental_43.1132_12.3888,Ristorante Continental,RESTAURANT,ristorante,https://raw.githubusercontent.com/pasqualelembo78/huntix-poi/main/italia/marche/perugia/pages/ristorante_continental_43.1132_12.3888.json,custom
43.113120,12.387716,ov_ristorante_peppone_perugia_43.1131_12.3877,Ristorante Peppone Perugia,RESTAURANT,ristorante,https://raw.githubusercontent.com/pasqualelembo78/huntix-poi/main/italia/marche/perugia/pages/ristorante_peppone_perugia_43.1131_12.3877.json,custom
43.113074,12.387606,ov_smile_43.1131_12.3876,Smile,RESTAURANT,ristorante,https://raw.githubusercontent.com/pasqualelembo78/huntix-poi/main/italia/marche/perugia/pages/smile_43.1131_12.3876.json,custom
43.112711,12.387494,ov_bangkok_jam_43.1127_12.3875,Bangkok Jam,RESTAURANT,ristorante,https://raw.githubusercontent.com/pasqualelembo78/huntix-poi/main/italia/marche/perugia/pages/bangkok_jam_43.1127_12.3875.json,custom
43.112739,12.387375,ov_ristorante_l_opera_43.1127_12.3874,Ristorante L'opera,RESTAURANT,ristorante,https://raw.githubusercontent.com/pasqualelembo78/huntix-poi/main/italia/marche/perugia/pages/ristorante_lopera_43.1127_12.3874.json,custom
43.112257,12.387636,ov_ristorante_il_cantinone_43.1123_12.3876,Ristorante Il Cantinone,RESTAURANT,ristorante,https://raw.githubusercontent.com/pasqualelembo78/huntix-poi/main/italia/marche/perugia/pages/ristorante_il_cantinone_43.1123_12.3876.json,custom
43.112293,12.385768,ov_trattoria_borgo_san_francesco_43.1123_12.3858,Trattoria Borgo San Francesco,RESTAURANT,ristorante,https://raw.githubusercontent.com/pasqualelembo78/huntix-poi/main/italia/marche/perugia/pages/trattoria_borgo_san_francesco_43.1123_12.3858.json,custom
43.112220,12.386202,ov_maramao_43.1122_12.3862,Maramao,RESTAURANT,ristorante,https://raw.githubusercontent.com/pasqualelembo78/huntix-poi/main/italia/marche/perugia/pages/maramao_43.1122_12.3862.json,custom
43.111869,12.387200,ov_secret_bistrot_43.1119_12.3872,Secret Bistrot,RESTAURANT,ristorante,https://raw.githubusercontent.com/pasqualelembo78/huntix-poi/main/italia/marche/perugia/pages/secret_bistrot_43.1119_12.3872.json,custom
43.111860,12.387447,ov_osteria_a_priori_43.1119_12.3874,Osteria a Priori,RESTAURANT,ristorante,https://raw.githubusercontent.com/pasqualelembo78/huntix-poi/main/italia/marche/perugia/pages/osteria_a_priori_43.1119_12.3874.json,custom
43.111830,12.388272,ov_osteria_numero_13_43.1118_12.3883,Osteria Numero 13,RESTAURANT,ristorante,https://raw.githubusercontent.com/pasqualelembo78/huntix-poi/main/italia/marche/perugia/pages/osteria_numero_13_43.1118_12.3883.json,custom
43.112200,12.388900,ov_caporali_43.1122_12.3889,Caporali,RESTAURANT,ristorante,https://raw.githubusercontent.com/pasqualelembo78/huntix-poi/main/italia/marche/perugia/pages/caporali_43.1122_12.3889.json,custom
43.112018,12.388425,ov_ristorante_da_cesarino_43.1120_12.3884,Ristorante da Cesarino,RESTAURANT,ristorante,https://raw.githubusercontent.com/pasqualelembo78/huntix-poi/main/italia/marche/perugia/pages/ristorante_da_cesarino_43.1120_12.3884.json,custom
43.112315,12.388428,ov_posto_giusto_43.1123_12.3884,Posto giusto,RESTAURANT,ristorante,https://raw.githubusercontent.com/pasqualelembo78/huntix-poi/main/italia/marche/perugia/pages/posto_giusto_43.1123_12.3884.json,custom
43.112513,12.389896,ov_antica_trattoria_san_lorenzo_simone_cicc_43.1125_12.3899,Antica Trattoria San Lorenzo Simone Ciccotti,RESTAURANT,ristorante,https://raw.githubusercontent.com/pasqualelembo78/huntix-poi/main/italia/marche/perugia/pages/antica_trattoria_san_lorenzo_simone_cicc_43.1125_12.3899.json,custom
43.111923,12.389305,ov_dino_s_kabab_43.1119_12.3893,Dino's kabab,RESTAURANT,ristorante,https://raw.githubusercontent.com/pasqualelembo78/huntix-poi/main/italia/marche/perugia/pages/dinos_kabab_43.1119_12.3893.json,custom
43.111890,12.389822,ov_giappone_43.1119_12.3898,Giappone,RESTAURANT,ristorante,https://raw.githubusercontent.com/pasqualelembo78/huntix-poi/main/italia/marche/perugia/pages/giappone_43.1119_12.3898.json,custom
43.111948,12.389848,ov_antica_trattoria_delle_volte_benvenuti_a_43.1119_12.3898,Antica Trattoria Delle Volte Benvenuti al Sud,RESTAURANT,ristorante,https://raw.githubusercontent.com/pasqualelembo78/huntix-poi/main/italia/marche/perugia/pages/antica_trattoria_delle_volte_benvenuti_a_43.1119_12.3898.json,custom
43.111938,12.389890,ov_bella_ischia_piazza_matteotti_43.1119_12.3899,Bella Ischia Piazza Matteotti,RESTAURANT,ristorante,https://raw.githubusercontent.com/pasqualelembo78/huntix-poi/main/italia/marche/perugia/pages/bella_ischia_piazza_matteotti_43.1119_12.3899.json,custom
43.111622,12.390051,ov_antica_salumeria_granieri_amato_43.1116_12.3901,Antica Salumeria Granieri Amato,RESTAURANT,ristorante,https://raw.githubusercontent.com/pasqualelembo78/huntix-poi/main/italia/marche/perugia/pages/antica_salumeria_granieri_amato_43.1116_12.3901.json,custom
43.111736,12.389450,ov_pizzeria_marchigiana_43.1117_12.3895,Pizzeria Marchigiana,RESTAURANT,ristorante,https://raw.githubusercontent.com/pasqualelembo78/huntix-poi/main/italia/marche/perugia/pages/pizzeria_marchigiana_43.1117_12.3895.json,custom
43.111700,12.388930,ov_la_fontana_43.1117_12.3889,La Fontana,RESTAURANT,ristorante,https://raw.githubusercontent.com/pasqualelembo78/huntix-poi/main/italia/marche/perugia/pages/la_fontana_43.1117_12.3889.json,custom
43.111084,12.388467,ov_il_bacio_43.1111_12.3885,Il Bacio,RESTAURANT,ristorante,https://raw.githubusercontent.com/pasqualelembo78/huntix-poi/main/italia/marche/perugia/pages/il_bacio_43.1111_12.3885.json,custom
43.110965,12.389691,ov_testone_43.1110_12.3897,Testone,RESTAURANT,ristorante,https://raw.githubusercontent.com/pasqualelembo78/huntix-poi/main/italia/marche/perugia/pages/testone_43.1110_12.3897.json,custom
43.111175,12.389774,ov_barley_perugia_43.1112_12.3898,Barley Perugia,RESTAURANT,ristorante,https://raw.githubusercontent.com/pasqualelembo78/huntix-poi/main/italia/marche/perugia/pages/barley_perugia_43.1112_12.3898.json,custom
43.111260,12.389810,ov_the_basament_43.1113_12.3898,The Basament,RESTAURANT,ristorante,https://raw.githubusercontent.com/pasqualelembo78/huntix-poi/main/italia/marche/perugia/pages/the_basament_43.1113_12.3898.json,custom
43.110936,12.389537,ov_antica_porchetteria_granieri_1916_43.1109_12.3895,Antica Porchetteria Granieri 1916,RESTAURANT,ristorante,https://raw.githubusercontent.com/pasqualelembo78/huntix-poi/main/italia/marche/perugia/pages/antica_porchetteria_granieri_1916_43.1109_12.3895.json,custom
43.110895,12.389113,ov_muta_perugia_43.1109_12.3891,Muta Perugia,RESTAURANT,ristorante,https://raw.githubusercontent.com/pasqualelembo78/huntix-poi/main/italia/marche/perugia/pages/muta_perugia_43.1109_12.3891.json,custom
43.110868,12.389193,ov_piu_gusto_43.1109_12.3892,Piu Gusto,RESTAURANT,ristorante,https://raw.githubusercontent.com/pasqualelembo78/huntix-poi/main/italia/marche/perugia/pages/piu_gusto_43.1109_12.3892.json,custom
43.110676,12.389662,ov_il_bistrot_43.1107_12.3897,Il Bistrot,RESTAURANT,ristorante,https://raw.githubusercontent.com/pasqualelembo78/huntix-poi/main/italia/marche/perugia/pages/il_bistrot_43.1107_12.3897.json,custom
43.110558,12.389433,ov_la_prosciutteria_perugia_43.1106_12.3894,La Prosciutteria Perugia,RESTAURANT,ristorante,https://raw.githubusercontent.com/pasqualelembo78/huntix-poi/main/italia/marche/perugia/pages/la_prosciutteria_perugia_43.1106_12.3894.json,custom
43.110430,12.389727,ov_locanda_del_bartoccio_43.1104_12.3897,Locanda Del Bartoccio,RESTAURANT,ristorante,https://raw.githubusercontent.com/pasqualelembo78/huntix-poi/main/italia/marche/perugia/pages/locanda_del_bartoccio_43.1104_12.3897.json,custom
43.110368,12.389776,ov_il_birrino_43.1104_12.3898,Il Birrino,RESTAURANT,ristorante,https://raw.githubusercontent.com/pasqualelembo78/huntix-poi/main/italia/marche/perugia/pages/il_birrino_43.1104_12.3898.json,custom
43.110179,12.389911,ov_pizzeria_oberdan_43.1102_12.3899,Pizzeria Oberdan,RESTAURANT,ristorante,https://raw.githubusercontent.com/pasqualelembo78/huntix-poi/main/italia/marche/perugia/pages/pizzeria_oberdan_43.1102_12.3899.json,custom
43.110489,12.388825,ov_daje_perugia_43.1105_12.3888,Daje Perugia,RESTAURANT,ristorante,https://raw.githubusercontent.com/pasqualelembo78/huntix-poi/main/italia/marche/perugia/pages/daje_perugia_43.1105_12.3888.json,custom
43.110488,12.388940,ov_non_solo_testo_43.1105_12.3889,Non Solo Testo,RESTAURANT,ristorante,https://raw.githubusercontent.com/pasqualelembo78/huntix-poi/main/italia/marche/perugia/pages/non_solo_testo_43.1105_12.3889.json,custom
43.110248,12.388544,ov_osteria_pappabona_43.1102_12.3885,Osteria Pappabona,RESTAURANT,ristorante,https://raw.githubusercontent.com/pasqualelembo78/huntix-poi/main/italia/marche/perugia/pages/osteria_pappabona_43.1102_12.3885.json,custom
43.110775,12.389033,ov_pizzeria_mediterranea_via_mazzini_43.1108_12.3890,Pizzeria Mediterranea Via Mazzini,RESTAURANT,ristorante,https://raw.githubusercontent.com/pasqualelembo78/huntix-poi/main/italia/marche/perugia/pages/pizzeria_mediterranea_via_mazzini_43.1108_12.3890.json,custom
43.110872,12.389060,ov_pizzeria_al_taglio_reginella_43.1109_12.3891,Pizzeria al taglio Reginella,RESTAURANT,ristorante,https://raw.githubusercontent.com/pasqualelembo78/huntix-poi/main/italia/marche/perugia/pages/pizzeria_al_taglio_reginella_43.1109_12.3891.json,custom
43.110889,12.388952,ov_umbria_dei_sapori_s_r_l__43.1109_12.3890,Umbria Dei Sapori S.R.L.,RESTAURANT,ristorante,https://raw.githubusercontent.com/pasqualelembo78/huntix-poi/main/italia/marche/perugia/pages/umbria_dei_sapori_srl_43.1109_12.3890.json,custom
43.110930,12.388890,ov_l_antica_pizzeria_da_michele_perugia_43.1109_12.3889,L'Antica Pizzeria Da Michele Perugia,RESTAURANT,ristorante,https://raw.githubusercontent.com/pasqualelembo78/huntix-poi/main/italia/marche/perugia/pages/lantica_pizzeria_da_michele_perugia_43.1109_12.3889.json,custom
43.110780,12.388230,ov_ristorante_ferrari_43.1108_12.3882,Ristorante Ferrari,RESTAURANT,ristorante,https://raw.githubusercontent.com/pasqualelembo78/huntix-poi/main/italia/marche/perugia/pages/ristorante_ferrari_43.1108_12.3882.json,custom
43.110827,12.387991,ov_happy_corner_perugia_43.1108_12.3880,Happy Corner Perugia,RESTAURANT,ristorante,https://raw.githubusercontent.com/pasqualelembo78/huntix-poi/main/italia/marche/perugia/pages/happy_corner_perugia_43.1108_12.3880.json,custom
43.110617,12.387535,ov_al_mangiar_bene_43.1106_12.3875,Al Mangiar Bene,RESTAURANT,ristorante,https://raw.githubusercontent.com/pasqualelembo78/huntix-poi/main/italia/marche/perugia/pages/al_mangiar_bene_43.1106_12.3875.json,custom
43.111297,12.387763,ov_ovico_restaurant_and_cocktail_43.1113_12.3878,Ovico Restaurant and Cocktail,RESTAURANT,ristorante,https://raw.githubusercontent.com/pasqualelembo78/huntix-poi/main/italia/marche/perugia/pages/ovico_restaurant_and_cocktail_43.1113_12.3878.json,custom
43.111693,12.387742,ov_bottega_dei_priori_43.1117_12.3877,Bottega Dei Priori,RESTAURANT,ristorante,https://raw.githubusercontent.com/pasqualelembo78/huntix-poi/main/italia/marche/perugia/pages/bottega_dei_priori_43.1117_12.3877.json,custom
43.112613,12.384519,ov_torre_degli_sciri_43.1126_12.3845,Torre Degli Sciri,RESTAURANT,ristorante,https://raw.githubusercontent.com/pasqualelembo78/huntix-poi/main/italia/marche/perugia/pages/torre_degli_sciri_43.1126_12.3845.json,custom
43.112722,12.384715,ov_priori_s_food_43.1127_12.3847,Priori's Food,RESTAURANT,ristorante,https://raw.githubusercontent.com/pasqualelembo78/huntix-poi/main/italia/marche/perugia/pages/prioris_food_43.1127_12.3847.json,custom
43.113133,12.384365,ov_poggio_cafe_43.1131_12.3844,Poggio Cafe,RESTAURANT,ristorante,https://raw.githubusercontent.com/pasqualelembo78/huntix-poi/main/italia/marche/perugia/pages/poggio_cafe_43.1131_12.3844.json,custom
43.113790,12.387072,ov_locanda_del_morlacchi_43.1138_12.3871,Locanda Del Morlacchi,RESTAURANT,ristorante,https://raw.githubusercontent.com/pasqualelembo78/huntix-poi/main/italia/marche/perugia/pages/locanda_del_morlacchi_43.1138_12.3871.json,custom
43.113534,12.388482,ov_pizzeria_appia_43.1135_12.3885,Pizzeria Appia,RESTAURANT,ristorante,https://raw.githubusercontent.com/pasqualelembo78/huntix-poi/main/italia/marche/perugia/pages/pizzeria_appia_43.1135_12.3885.json,custom
43.113654,12.389319,ov_il_cedro_kebab_43.1137_12.3893,Il Cedro Kebab,RESTAURANT,ristorante,https://raw.githubusercontent.com/pasqualelembo78/huntix-poi/main/italia/marche/perugia/pages/il_cedro_kebab_43.1137_12.3893.json,custom
43.113772,12.389315,ov_ararat_kebab_43.1138_12.3893,Ararat Kebab,RESTAURANT,ristorante,https://raw.githubusercontent.com/pasqualelembo78/huntix-poi/main/italia/marche/perugia/pages/ararat_kebab_43.1138_12.3893.json,custom
43.114689,12.387873,ov_pizza_paradiso_43.1147_12.3879,Pizza Paradiso,RESTAURANT,ristorante,https://raw.githubusercontent.com/pasqualelembo78/huntix-poi/main/italia/marche/perugia/pages/pizza_paradiso_43.1147_12.3879.json,custom
43.114688,12.388562,ov_il_gusto_da_kamal_43.1147_12.3886,Il Gusto da Kamal,RESTAURANT,ristorante,https://raw.githubusercontent.com/pasqualelembo78/huntix-poi/main/italia/marche/perugia/pages/il_gusto_da_kamal_43.1147_12.3886.json,custom
43.115114,12.389806,ov_bella_shanghai_43.1151_12.3898,Bella Shanghai,RESTAURANT,ristorante,https://raw.githubusercontent.com/pasqualelembo78/huntix-poi/main/italia/marche/perugia/pages/bella_shanghai_43.1151_12.3898.json,custom
43.115150,12.389500,ov_pinsa_torta_43.1151_12.3895,Pinsa&Torta,RESTAURANT,ristorante,https://raw.githubusercontent.com/pasqualelembo78/huntix-poi/main/italia/marche/perugia/pages/pinsatorta_43.1151_12.3895.json,custom
43.114974,12.388763,ov_tokyo_43.1150_12.3888,Tokyo,RESTAURANT,ristorante,https://raw.githubusercontent.com/pasqualelembo78/huntix-poi/main/italia/marche/perugia/pages/tokyo_43.1150_12.3888.json,custom
43.114817,12.387559,ov_ld_pizzeria_43.1148_12.3876,Ld Pizzeria,RESTAURANT,ristorante,https://raw.githubusercontent.com/pasqualelembo78/huntix-poi/main/italia/marche/perugia/pages/ld_pizzeria_43.1148_12.3876.json,custom
43.115510,12.388386,ov_indian_fast_food_43.1155_12.3884,Indian Fast Food,RESTAURANT,ristorante,https://raw.githubusercontent.com/pasqualelembo78/huntix-poi/main/italia/marche/perugia/pages/indian_fast_food_43.1155_12.3884.json,custom
43.115292,12.388738,ov_osteria_fiorucci_43.1153_12.3887,Osteria Fiorucci,RESTAURANT,ristorante,https://raw.githubusercontent.com/pasqualelembo78/huntix-poi/main/italia/marche/perugia/pages/osteria_fiorucci_43.1153_12.3887.json,custom
43.115209,12.389353,ov_che_bab_43.1152_12.3894,Che-Bab,RESTAURANT,ristorante,https://raw.githubusercontent.com/pasqualelembo78/huntix-poi/main/italia/marche/perugia/pages/che-bab_43.1152_12.3894.json,custom
43.115261,12.389626,ov_wang_43.1153_12.3896,Wang,RESTAURANT,ristorante,https://raw.githubusercontent.com/pasqualelembo78/huntix-poi/main/italia/marche/perugia/pages/wang_43.1153_12.3896.json,custom
43.115516,12.389609,ov_sapore_greco_43.1155_12.3896,Sapore Greco,RESTAURANT,ristorante,https://raw.githubusercontent.com/pasqualelembo78/huntix-poi/main/italia/marche/perugia/pages/sapore_greco_43.1155_12.3896.json,custom
43.115396,12.389573,ov_dal_mi__cocco_43.1154_12.3896,Dal Mi' Cocco,RESTAURANT,ristorante,https://raw.githubusercontent.com/pasqualelembo78/huntix-poi/main/italia/marche/perugia/pages/dal_mi_cocco_43.1154_12.3896.json,custom
43.115802,12.389409,ov_garibaldino_43.1158_12.3894,Garibaldino,RESTAURANT,ristorante,https://raw.githubusercontent.com/pasqualelembo78/huntix-poi/main/italia/marche/perugia/pages/garibaldino_43.1158_12.3894.json,custom
43.115726,12.389502,ov_zin_zan_43.1157_12.3895,Zin Zan,RESTAURANT,ristorante,https://raw.githubusercontent.com/pasqualelembo78/huntix-poi/main/italia/marche/perugia/pages/zin_zan_43.1157_12.3895.json,custom
43.115929,12.390322,ov_il_giardino_43.1159_12.3903,Il Giardino,RESTAURANT,ristorante,https://raw.githubusercontent.com/pasqualelembo78/huntix-poi/main/italia/marche/perugia/pages/il_giardino_43.1159_12.3903.json,custom
43.115855,12.389292,ov_cammino_garibaldi_43.1159_12.3893,Cammino Garibaldi,RESTAURANT,ristorante,https://raw.githubusercontent.com/pasqualelembo78/huntix-poi/main/italia/marche/perugia/pages/cammino_garibaldi_43.1159_12.3893.json,custom
43.115777,12.388050,ov_ristorante_brizi_perugia_43.1158_12.3880,Ristorante Brizi Perugia,RESTAURANT,ristorante,https://raw.githubusercontent.com/pasqualelembo78/huntix-poi/main/italia/marche/perugia/pages/ristorante_brizi_perugia_43.1158_12.3880.json,custom
43.116747,12.383122,ov_trattoria_del_borgo_elce_43.1167_12.3831,Trattoria del Borgo Elce,RESTAURANT,ristorante,https://raw.githubusercontent.com/pasqualelembo78/huntix-poi/main/italia/marche/perugia/pages/trattoria_del_borgo_elce_43.1167_12.3831.json,custom
43.116693,12.382961,ov_caff__desio_43.1167_12.3830,Caffè Desio,RESTAURANT,ristorante,https://raw.githubusercontent.com/pasqualelembo78/huntix-poi/main/italia/marche/perugia/pages/caff_desio_43.1167_12.3830.json,custom
43.116560,12.382890,ov_mammar__43.1166_12.3829,mammaré,RESTAURANT,ristorante,https://raw.githubusercontent.com/pasqualelembo78/huntix-poi/main/italia/marche/perugia/pages/mammar_43.1166_12.3829.json,custom
43.116506,12.383290,ov_pizzeria_la_casetta_43.1165_12.3833,Pizzeria la casetta,RESTAURANT,ristorante,https://raw.githubusercontent.com/pasqualelembo78/huntix-poi/main/italia/marche/perugia/pages/pizzeria_la_casetta_43.1165_12.3833.json,custom
43.114638,12.375913,ov_ristoro_terme_di_san_galigano_43.1146_12.3759,Ristoro Terme di San Galigano,RESTAURANT,ristorante,https://raw.githubusercontent.com/pasqualelembo78/huntix-poi/main/italia/marche/perugia/pages/ristoro_terme_di_san_galigano_43.1146_12.3759.json,custom
43.112328,12.362440,ov_le_fate_ignoranti_ristorante_43.1123_12.3624,Le Fate Ignoranti Ristorante,RESTAURANT,ristorante,https://raw.githubusercontent.com/pasqualelembo78/huntix-poi/main/italia/marche/perugia/pages/le_fate_ignoranti_ristorante_43.1123_12.3624.json,custom
43.111795,12.377736,ov_lezioni_di_greco_al_gi__43.1118_12.3777,Lezioni di Greco al Giò,RESTAURANT,ristorante,https://raw.githubusercontent.com/pasqualelembo78/huntix-poi/main/italia/marche/perugia/pages/lezioni_di_greco_al_gi_43.1118_12.3777.json,custom
43.112006,12.377360,ov_ristorante_gi__arte_e_vini_43.1120_12.3774,Ristorante Giò Arte e Vini,RESTAURANT,ristorante,https://raw.githubusercontent.com/pasqualelembo78/huntix-poi/main/italia/marche/perugia/pages/ristorante_gi_arte_e_vini_43.1120_12.3774.json,custom
43.110660,12.377580,ov_lombardi_e_zangarelli_43.1107_12.3776,Lombardi e Zangarelli,RESTAURANT,ristorante,https://raw.githubusercontent.com/pasqualelembo78/huntix-poi/main/italia/marche/perugia/pages/lombardi_e_zangarelli_43.1107_12.3776.json,custom
43.106901,12.378957,ov_girarrosto_mariotti_43.1069_12.3790,Girarrosto Mariotti,RESTAURANT,ristorante,https://raw.githubusercontent.com/pasqualelembo78/huntix-poi/main/italia/marche/perugia/pages/girarrosto_mariotti_43.1069_12.3790.json,custom
43.109864,12.361950,ov_roadhouse_restaurant_perugia_43.1099_12.3619,Roadhouse Restaurant Perugia,RESTAURANT,ristorante,https://raw.githubusercontent.com/pasqualelembo78/huntix-poi/main/italia/marche/perugia/pages/roadhouse_restaurant_perugia_43.1099_12.3619.json,custom
43.106892,12.368438,ov_rosticceria_anastasia_43.1069_12.3684,Rosticceria Anastasia,RESTAURANT,ristorante,https://raw.githubusercontent.com/pasqualelembo78/huntix-poi/main/italia/marche/perugia/pages/rosticceria_anastasia_43.1069_12.3684.json,custom
43.106727,12.368238,ov_punto_pizza_43.1067_12.3682,Punto Pizza,RESTAURANT,ristorante,https://raw.githubusercontent.com/pasqualelembo78/huntix-poi/main/italia/marche/perugia/pages/punto_pizza_43.1067_12.3682.json,custom
43.106260,12.368944,ov_ristorante_imperiale_43.1063_12.3689,Ristorante Imperiale,RESTAURANT,ristorante,https://raw.githubusercontent.com/pasqualelembo78/huntix-poi/main/italia/marche/perugia/pages/ristorante_imperiale_43.1063_12.3689.json,custom
43.106114,12.368064,ov_l_orto_dei_frati_e_delle_monache_43.1061_12.3681,L'Orto dei Frati e delle Monache,RESTAURANT,ristorante,https://raw.githubusercontent.com/pasqualelembo78/huntix-poi/main/italia/marche/perugia/pages/lorto_dei_frati_e_delle_monache_43.1061_12.3681.json,custom
43.106416,12.367772,ov_acqua___sapone_43.1064_12.3678,Acqua & Sapone,RESTAURANT,ristorante,https://raw.githubusercontent.com/pasqualelembo78/huntix-poi/main/italia/marche/perugia/pages/acqua_sapone_43.1064_12.3678.json,custom
43.106548,12.362321,ov_piadina_4you_perugia_43.1065_12.3623,Piadina 4you Perugia,RESTAURANT,ristorante,https://raw.githubusercontent.com/pasqualelembo78/huntix-poi/main/italia/marche/perugia/pages/piadina_4you_perugia_43.1065_12.3623.json,custom
43.106608,12.362234,ov_amplifon_strada_trasimeno_ovest__perugia_43.1066_12.3622,"Amplifon Strada Trasimeno Ovest, Perugia",RESTAURANT,ristorante,https://raw.githubusercontent.com/pasqualelembo78/huntix-poi/main/italia/marche/perugia/pages/amplifon_strada_trasimeno_ovest_perugia_43.1066_12.3622.json,custom
43.106102,12.360725,ov_terrazza_1960_43.1061_12.3607,Terrazza 1960,RESTAURANT,ristorante,https://raw.githubusercontent.com/pasqualelembo78/huntix-poi/main/italia/marche/perugia/pages/terrazza_1960_43.1061_12.3607.json,custom
43.105962,12.362883,ov_mcdonald_s_43.1060_12.3629,McDonald's,RESTAURANT,ristorante,https://raw.githubusercontent.com/pasqualelembo78/huntix-poi/main/italia/marche/perugia/pages/mcdonalds_43.1060_12.3629.json,custom
43.103696,12.372598,ov_pizzeria_bebeto_43.1037_12.3726,Pizzeria Bebeto,RESTAURANT,ristorante,https://raw.githubusercontent.com/pasqualelembo78/huntix-poi/main/italia/marche/perugia/pages/pizzeria_bebeto_43.1037_12.3726.json,custom
43.104186,12.374142,ov_pizza_express_43.1042_12.3741,Pizza Express,RESTAURANT,ristorante,https://raw.githubusercontent.com/pasqualelembo78/huntix-poi/main/italia/marche/perugia/pages/pizza_express_43.1042_12.3741.json,custom
43.104922,12.375133,ov_gran_gusto_43.1049_12.3751,Gran Gusto,RESTAURANT,ristorante,https://raw.githubusercontent.com/pasqualelembo78/huntix-poi/main/italia/marche/perugia/pages/gran_gusto_43.1049_12.3751.json,custom
43.105843,12.374507,ov_murales_trattoria_pizzeria_birreria_43.1058_12.3745,Murales Trattoria Pizzeria Birreria,RESTAURANT,ristorante,https://raw.githubusercontent.com/pasqualelembo78/huntix-poi/main/italia/marche/perugia/pages/murales_trattoria_pizzeria_birreria_43.1058_12.3745.json,custom
43.105676,12.375603,ov_la_sosta_di_fontivegge_43.1057_12.3756,La sosta di Fontivegge,RESTAURANT,ristorante,https://raw.githubusercontent.com/pasqualelembo78/huntix-poi/main/italia/marche/perugia/pages/la_sosta_di_fontivegge_43.1057_12.3756.json,custom
43.106147,12.378736,ov_rosticceria_gallina_43.1061_12.3787,Rosticceria Gallina,RESTAURANT,ristorante,https://raw.githubusercontent.com/pasqualelembo78/huntix-poi/main/italia/marche/perugia/pages/rosticceria_gallina_43.1061_12.3787.json,custom
43.106244,12.377981,ov_ristorante_sushi_dao_perugia_43.1062_12.3780,Ristorante Sushi Dao Perugia,RESTAURANT,ristorante,https://raw.githubusercontent.com/pasqualelembo78/huntix-poi/main/italia/marche/perugia/pages/ristorante_sushi_dao_perugia_43.1062_12.3780.json,custom
43.105871,12.378525,ov_il_bacio_43.1059_12.3785,Il Bacio,RESTAURANT,ristorante,https://raw.githubusercontent.com/pasqualelembo78/huntix-poi/main/italia/marche/perugia/pages/il_bacio_43.1059_12.3785.json,custom
43.104270,12.376740,ov_la_fontana_43.1043_12.3767,La Fontana,RESTAURANT,ristorante,https://raw.githubusercontent.com/pasqualelembo78/huntix-poi/main/italia/marche/perugia/pages/la_fontana_43.1043_12.3767.json,custom
43.103807,12.376964,ov_chicken_taste_43.1038_12.3770,Chicken taste,RESTAURANT,ristorante,https://raw.githubusercontent.com/pasqualelembo78/huntix-poi/main/italia/marche/perugia/pages/chicken_taste_43.1038_12.3770.json,custom
43.104122,12.384111,ov_i_mattarelli_43.1041_12.3841,I Mattarelli,RESTAURANT,ristorante,https://raw.githubusercontent.com/pasqualelembo78/huntix-poi/main/italia/marche/perugia/pages/i_mattarelli_43.1041_12.3841.json,custom
43.103772,12.387514,ov_jazz_people_43.1038_12.3875,Jazz People,RESTAURANT,ristorante,https://raw.githubusercontent.com/pasqualelembo78/huntix-poi/main/italia/marche/perugia/pages/jazz_people_43.1038_12.3875.json,custom
43.103959,12.389281,ov_pizzeria_magna_febo_43.1040_12.3893,Pizzeria Magna Febo,RESTAURANT,ristorante,https://raw.githubusercontent.com/pasqualelembo78/huntix-poi/main/italia/marche/perugia/pages/pizzeria_magna_febo_43.1040_12.3893.json,custom
43.105993,12.388425,ov_il_sangale_ristorante_43.1060_12.3884,Il Sangale Ristorante,RESTAURANT,ristorante,https://raw.githubusercontent.com/pasqualelembo78/huntix-poi/main/italia/marche/perugia/pages/il_sangale_ristorante_43.1060_12.3884.json,custom
43.106067,12.388160,ov_ristorante_il_sangallo_43.1061_12.3882,Ristorante il Sangallo,RESTAURANT,ristorante,https://raw.githubusercontent.com/pasqualelembo78/huntix-poi/main/italia/marche/perugia/pages/ristorante_il_sangallo_43.1061_12.3882.json,custom
43.106615,12.387679,ov_lo_spuntino_del_ghiottone_43.1066_12.3877,lo spuntino del ghiottone,RESTAURANT,ristorante,https://raw.githubusercontent.com/pasqualelembo78/huntix-poi/main/italia/marche/perugia/pages/lo_spuntino_del_ghiottone_43.1066_12.3877.json,custom
43.108448,12.387544,ov_collins_43.1084_12.3875,Collins,RESTAURANT,ristorante,https://raw.githubusercontent.com/pasqualelembo78/huntix-poi/main/italia/marche/perugia/pages/collins_43.1084_12.3875.json,custom
43.109183,12.387692,ov_sushi_umbro_43.1092_12.3877,Sushi Umbro,RESTAURANT,ristorante,https://raw.githubusercontent.com/pasqualelembo78/huntix-poi/main/italia/marche/perugia/pages/sushi_umbro_43.1092_12.3877.json,custom
43.109140,12.387038,ov_altromondo_da_claudio_43.1091_12.3870,Altromondo da Claudio,RESTAURANT,ristorante,https://raw.githubusercontent.com/pasqualelembo78/huntix-poi/main/italia/marche/perugia/pages/altromondo_da_claudio_43.1091_12.3870.json,custom
43.109104,12.386612,ov_carpe_diem_43.1091_12.3866,Carpe Diem,RESTAURANT,ristorante,https://raw.githubusercontent.com/pasqualelembo78/huntix-poi/main/italia/marche/perugia/pages/carpe_diem_43.1091_12.3866.json,custom
43.110074,12.387295,ov_la_taverna_43.1101_12.3873,La Taverna,RESTAURANT,ristorante,https://raw.githubusercontent.com/pasqualelembo78/huntix-poi/main/italia/marche/perugia/pages/la_taverna_43.1101_12.3873.json,custom
43.109583,12.387381,ov_pizzeria_la_lanterna_43.1096_12.3874,Pizzeria La Lanterna,RESTAURANT,ristorante,https://raw.githubusercontent.com/pasqualelembo78/huntix-poi/main/italia/marche/perugia/pages/pizzeria_la_lanterna_43.1096_12.3874.json,custom
43.110058,12.388904,ov_la_pasteria_di_perugia_43.1101_12.3889,La Pasteria di Perugia,RESTAURANT,ristorante,https://raw.githubusercontent.com/pasqualelembo78/huntix-poi/main/italia/marche/perugia/pages/la_pasteria_di_perugia_43.1101_12.3889.json,custom
43.109945,12.388898,ov_il_baldo_43.1099_12.3889,Il Baldo,RESTAURANT,ristorante,https://raw.githubusercontent.com/pasqualelembo78/huntix-poi/main/italia/marche/perugia/pages/il_baldo_43.1099_12.3889.json,custom
43.109762,12.388557,ov_il_piatto_forte_43.1098_12.3886,Il Piatto Forte,RESTAURANT,ristorante,https://raw.githubusercontent.com/pasqualelembo78/huntix-poi/main/italia/marche/perugia/pages/il_piatto_forte_43.1098_12.3886.json,custom
43.109728,12.388575,ov_pizzeria_toscana_43.1097_12.3886,Pizzeria Toscana,RESTAURANT,ristorante,https://raw.githubusercontent.com/pasqualelembo78/huntix-poi/main/italia/marche/perugia/pages/pizzeria_toscana_43.1097_12.3886.json,custom
43.109783,12.389562,ov_trattoria_oberdan_perugia_43.1098_12.3896,Trattoria Oberdan Perugia,RESTAURANT,ristorante,https://raw.githubusercontent.com/pasqualelembo78/huntix-poi/main/italia/marche/perugia/pages/trattoria_oberdan_perugia_43.1098_12.3896.json,custom
43.110077,12.390171,ov_ristorante_del_sole_43.1101_12.3902,Ristorante del Sole,RESTAURANT,ristorante,https://raw.githubusercontent.com/pasqualelembo78/huntix-poi/main/italia/marche/perugia/pages/ristorante_del_sole_43.1101_12.3902.json,custom
43.109231,12.389872,ov_umbro_43.1092_12.3899,Umbro,RESTAURANT,ristorante,https://raw.githubusercontent.com/pasqualelembo78/huntix-poi/main/italia/marche/perugia/pages/umbro_43.1092_12.3899.json,custom
43.109210,12.389780,ov_les_crepes_43.1092_12.3898,Les Crepes,RESTAURANT,ristorante,https://raw.githubusercontent.com/pasqualelembo78/huntix-poi/main/italia/marche/perugia/pages/les_crepes_43.1092_12.3898.json,custom
43.108755,12.388919,ov_antichi_sapori_di_cina_43.1088_12.3889,Antichi Sapori di Cina,RESTAURANT,ristorante,https://raw.githubusercontent.com/pasqualelembo78/huntix-poi/main/italia/marche/perugia/pages/antichi_sapori_di_cina_43.1088_12.3889.json,custom
43.108792,12.389890,ov_alice_pizza_43.1088_12.3899,Alice Pizza,RESTAURANT,ristorante,https://raw.githubusercontent.com/pasqualelembo78/huntix-poi/main/italia/marche/perugia/pages/alice_pizza_43.1088_12.3899.json,custom
43.108766,12.390025,ov_osteria_i_birbi_43.1088_12.3900,Osteria i Birbi,RESTAURANT,ristorante,https://raw.githubusercontent.com/pasqualelembo78/huntix-poi/main/italia/marche/perugia/pages/osteria_i_birbi_43.1088_12.3900.json,custom
43.108569,12.390151,ov_ada_ristorante_43.1086_12.3902,Ada Ristorante,RESTAURANT,ristorante,https://raw.githubusercontent.com/pasqualelembo78/huntix-poi/main/italia/marche/perugia/pages/ada_ristorante_43.1086_12.3902.json,custom
43.108099,12.390087,ov_la_pizzeria_capri_43.1081_12.3901,La Pizzeria Capri,RESTAURANT,ristorante,https://raw.githubusercontent.com/pasqualelembo78/huntix-poi/main/italia/marche/perugia/pages/la_pizzeria_capri_43.1081_12.3901.json,custom
43.107991,12.390184,ov_pok_r_43.1080_12.3902,Pokèr,RESTAURANT,ristorante,https://raw.githubusercontent.com/pasqualelembo78/huntix-poi/main/italia/marche/perugia/pages/pokr_43.1080_12.3902.json,custom
43.107907,12.390327,ov_storie_perugine_43.1079_12.3903,Storie Perugine,RESTAURANT,ristorante,https://raw.githubusercontent.com/pasqualelembo78/huntix-poi/main/italia/marche/perugia/pages/storie_perugine_43.1079_12.3903.json,custom
43.107571,12.390000,ov_pizzeria_mediterranea___tre_archi_43.1076_12.3900,Pizzeria Mediterranea - Tre Archi,RESTAURANT,ristorante,https://raw.githubusercontent.com/pasqualelembo78/huntix-poi/main/italia/marche/perugia/pages/pizzeria_mediterranea_-_tre_archi_43.1076_12.3900.json,custom
43.107339,12.389233,ov_hana_restaurant_mixology_43.1073_12.3892,Hana Restaurant&Mixology,RESTAURANT,ristorante,https://raw.githubusercontent.com/pasqualelembo78/huntix-poi/main/italia/marche/perugia/pages/hana_restaurantmixology_43.1073_12.3892.json,custom
43.107186,12.389990,ov_tankard_pizza___food_43.1072_12.3900,Tankard Pizza & Food,RESTAURANT,ristorante,https://raw.githubusercontent.com/pasqualelembo78/huntix-poi/main/italia/marche/perugia/pages/tankard_pizza_food_43.1072_12.3900.json,custom
43.107085,12.390950,ov_pizzeria_o_sole_mio_43.1071_12.3909,Pizzeria O Sole Mio,RESTAURANT,ristorante,https://raw.githubusercontent.com/pasqualelembo78/huntix-poi/main/italia/marche/perugia/pages/pizzeria_o_sole_mio_43.1071_12.3909.json,custom
43.107027,12.390583,ov_maracuja_43.1070_12.3906,Maracuja,RESTAURANT,ristorante,https://raw.githubusercontent.com/pasqualelembo78/huntix-poi/main/italia/marche/perugia/pages/maracuja_43.1070_12.3906.json,custom
43.107801,12.390988,ov_ristorante_dalla_bianca_43.1078_12.3910,Ristorante Dalla Bianca,RESTAURANT,ristorante,https://raw.githubusercontent.com/pasqualelembo78/huntix-poi/main/italia/marche/perugia/pages/ristorante_dalla_bianca_43.1078_12.3910.json,custom
43.106502,12.391380,ov_bella_ischia___corso_cavour_pg_43.1065_12.3914,Bella Ischia - Corso Cavour PG,RESTAURANT,ristorante,https://raw.githubusercontent.com/pasqualelembo78/huntix-poi/main/italia/marche/perugia/pages/bella_ischia_-_corso_cavour_pg_43.1065_12.3914.json,custom
43.106130,12.391753,ov_ristorante_locanda_do_pazzi_43.1061_12.3918,Ristorante Locanda Do Pazzi,RESTAURANT,ristorante,https://raw.githubusercontent.com/pasqualelembo78/huntix-poi/main/italia/marche/perugia/pages/ristorante_locanda_do_pazzi_43.1061_12.3918.json,custom
43.104314,12.394171,ov_nadir_43.1043_12.3942,Nadir,RESTAURANT,ristorante,https://raw.githubusercontent.com/pasqualelembo78/huntix-poi/main/italia/marche/perugia/pages/nadir_43.1043_12.3942.json,custom
43.104231,12.393148,ov_little_sicily_43.1042_12.3931,Little Sicily,RESTAURANT,ristorante,https://raw.githubusercontent.com/pasqualelembo78/huntix-poi/main/italia/marche/perugia/pages/little_sicily_43.1042_12.3931.json,custom
43.104272,12.393270,ov_pizzeria_del_borgo_43.1043_12.3933,Pizzeria del Borgo,RESTAURANT,ristorante,https://raw.githubusercontent.com/pasqualelembo78/huntix-poi/main/italia/marche/perugia/pages/pizzeria_del_borgo_43.1043_12.3933.json,custom
43.104334,12.393077,ov_la_romantica__pizzeria_43.1043_12.3931,La Romantica- Pizzeria,RESTAURANT,ristorante,https://raw.githubusercontent.com/pasqualelembo78/huntix-poi/main/italia/marche/perugia/pages/la_romantica-_pizzeria_43.1043_12.3931.json,custom
43.104399,12.393066,ov_friggitoria_il_macello_43.1044_12.3931,Friggitoria Il Macello,RESTAURANT,ristorante,https://raw.githubusercontent.com/pasqualelembo78/huntix-poi/main/italia/marche/perugia/pages/friggitoria_il_macello_43.1044_12.3931.json,custom
43.104398,12.393302,ov_pizzeria_pompei_43.1044_12.3933,Pizzeria Pompei,RESTAURANT,ristorante,https://raw.githubusercontent.com/pasqualelembo78/huntix-poi/main/italia/marche/perugia/pages/pizzeria_pompei_43.1044_12.3933.json,custom
43.104586,12.393202,ov_numero_zero_43.1046_12.3932,Numero Zero,RESTAURANT,ristorante,https://raw.githubusercontent.com/pasqualelembo78/huntix-poi/main/italia/marche/perugia/pages/numero_zero_43.1046_12.3932.json,custom
43.104966,12.392630,ov_la_campagnola_43.1050_12.3926,La Campagnola,RESTAURANT,ristorante,https://raw.githubusercontent.com/pasqualelembo78/huntix-poi/main/italia/marche/perugia/pages/la_campagnola_43.1050_12.3926.json,custom
43.104923,12.392699,ov_borgo_206_43.1049_12.3927,Borgo 206,RESTAURANT,ristorante,https://raw.githubusercontent.com/pasqualelembo78/huntix-poi/main/italia/marche/perugia/pages/borgo_206_43.1049_12.3927.json,custom
43.103922,12.390443,ov_acqua___sapone_43.1039_12.3904,Acqua & Sapone,RESTAURANT,ristorante,https://raw.githubusercontent.com/pasqualelembo78/huntix-poi/main/italia/marche/perugia/pages/acqua_sapone_43.1039_12.3904.json,custom
43.103602,12.393784,ov_l_officina_43.1036_12.3938,L'Officina,RESTAURANT,ristorante,https://raw.githubusercontent.com/pasqualelembo78/huntix-poi/main/italia/marche/perugia/pages/lofficina_43.1036_12.3938.json,custom
43.103694,12.393562,ov_l_emporio_sulla_strada_43.1037_12.3936,L'Emporio Sulla Strada,RESTAURANT,ristorante,https://raw.githubusercontent.com/pasqualelembo78/huntix-poi/main/italia/marche/perugia/pages/lemporio_sulla_strada_43.1037_12.3936.json,custom
43.100211,12.381066,ov_porca_vacca_43.1002_12.3811,Porca Vacca,RESTAURANT,ristorante,https://raw.githubusercontent.com/pasqualelembo78/huntix-poi/main/italia/marche/perugia/pages/porca_vacca_43.1002_12.3811.json,custom
43.099987,12.386492,ov_pizza_al_taglio_da_giulio_43.1000_12.3865,Pizza al taglio Da Giulio,RESTAURANT,ristorante,https://raw.githubusercontent.com/pasqualelembo78/huntix-poi/main/italia/marche/perugia/pages/pizza_al_taglio_da_giulio_43.1000_12.3865.json,custom
43.100397,12.385490,ov_sud_osteria_43.1004_12.3855,Sud osteria,RESTAURANT,ristorante,https://raw.githubusercontent.com/pasqualelembo78/huntix-poi/main/italia/marche/perugia/pages/sud_osteria_43.1004_12.3855.json,custom
43.098345,12.387060,ov_ristorante_la_spigolatrice___bar_pasticc_43.0983_12.3871,Ristorante La Spigolatrice...bar pasticceria,RESTAURANT,ristorante,https://raw.githubusercontent.com/pasqualelembo78/huntix-poi/main/italia/marche/perugia/pages/ristorante_la_spigolatricebar_pasticceri_43.0983_12.3871.json,custom
43.099629,12.385150,ov_pizzeria_gi_bi_43.0996_12.3852,Pizzeria Gi Bi,RESTAURANT,ristorante,https://raw.githubusercontent.com/pasqualelembo78/huntix-poi/main/italia/marche/perugia/pages/pizzeria_gi_bi_43.0996_12.3852.json,custom
43.099314,12.384743,ov_buonenuove_43.0993_12.3847,Buonenuove,RESTAURANT,ristorante,https://raw.githubusercontent.com/pasqualelembo78/huntix-poi/main/italia/marche/perugia/pages/buonenuove_43.0993_12.3847.json,custom
43.098341,12.384087,ov_wood_43.0983_12.3841,Wood,RESTAURANT,ristorante,https://raw.githubusercontent.com/pasqualelembo78/huntix-poi/main/italia/marche/perugia/pages/wood_43.0983_12.3841.json,custom
43.096802,12.386790,ov_spidipizza_43.0968_12.3868,Spidipizza,RESTAURANT,ristorante,https://raw.githubusercontent.com/pasqualelembo78/huntix-poi/main/italia/marche/perugia/pages/spidipizza_43.0968_12.3868.json,custom
43.097170,12.386220,ov_il_ritrovo_bar___gastronomia_43.0972_12.3862,Il Ritrovo bar & gastronomia,RESTAURANT,ristorante,https://raw.githubusercontent.com/pasqualelembo78/huntix-poi/main/italia/marche/perugia/pages/il_ritrovo_bar_gastronomia_43.0972_12.3862.json,custom
43.097202,12.386157,ov_l_osteria_del_sole_43.0972_12.3862,L’Osteria del Sole,RESTAURANT,ristorante,https://raw.githubusercontent.com/pasqualelembo78/huntix-poi/main/italia/marche/perugia/pages/losteria_del_sole_43.0972_12.3862.json,custom
43.098220,12.386916,ov_osteria_del_baccal__di_perugia_43.0982_12.3869,Osteria del Baccalà di Perugia,RESTAURANT,ristorante,https://raw.githubusercontent.com/pasqualelembo78/huntix-poi/main/italia/marche/perugia/pages/osteria_del_baccal_di_perugia_43.0982_12.3869.json,custom
43.099633,12.391185,ov_pizzeria_da_gigi_43.0996_12.3912,Pizzeria Da Gigi,RESTAURANT,ristorante,https://raw.githubusercontent.com/pasqualelembo78/huntix-poi/main/italia/marche/perugia/pages/pizzeria_da_gigi_43.0996_12.3912.json,custom
43.095719,12.390638,ov_pizzeria_pietrino_perugia_43.0957_12.3906,Pizzeria Pietrino Perugia,RESTAURANT,ristorante,https://raw.githubusercontent.com/pasqualelembo78/huntix-poi/main/italia/marche/perugia/pages/pizzeria_pietrino_perugia_43.0957_12.3906.json,custom
43.090447,12.392246,ov_il_casaletto_del_bambagioni_43.0904_12.3922,Il Casaletto del Bambagioni,RESTAURANT,ristorante,https://raw.githubusercontent.com/pasqualelembo78/huntix-poi/main/italia/marche/perugia/pages/il_casaletto_del_bambagioni_43.0904_12.3922.json,custom
43.096004,12.390080,ov_gatto_nero_43.0960_12.3901,Gatto Nero,RESTAURANT,ristorante,https://raw.githubusercontent.com/pasqualelembo78/huntix-poi/main/italia/marche/perugia/pages/gatto_nero_43.0960_12.3901.json,custom
43.095648,12.384932,ov_exbad_43.0956_12.3849,EXBAD,RESTAURANT,ristorante,https://raw.githubusercontent.com/pasqualelembo78/huntix-poi/main/italia/marche/perugia/pages/exbad_43.0956_12.3849.json,custom
43.095718,12.385057,ov_pizzeria_pompei_43.0957_12.3851,Pizzeria Pompei,RESTAURANT,ristorante,https://raw.githubusercontent.com/pasqualelembo78/huntix-poi/main/italia/marche/perugia/pages/pizzeria_pompei_43.0957_12.3851.json,custom
43.093147,12.369789,ov_il_vizio_della_pizza_43.0931_12.3698,Il Vizio della Pizza,RESTAURANT,ristorante,https://raw.githubusercontent.com/pasqualelembo78/huntix-poi/main/italia/marche/perugia/pages/il_vizio_della_pizza_43.0931_12.3698.json,custom
43.090388,12.368494,ov_l_acciuga_43.0904_12.3685,L'acciuga,RESTAURANT,ristorante,https://raw.githubusercontent.com/pasqualelembo78/huntix-poi/main/italia/marche/perugia/pages/lacciuga_43.0904_12.3685.json,custom
43.090477,12.368988,ov_ilbuegrasso_43.0905_12.3690,Ilbuegrasso,RESTAURANT,ristorante,https://raw.githubusercontent.com/pasqualelembo78/huntix-poi/main/italia/marche/perugia/pages/ilbuegrasso_43.0905_12.3690.json,custom
43.090477,12.368988,ov_l_amore_per_la_pizza_risto_braceria_43.0905_12.3690,L'amore per la Pizza Risto Braceria,RESTAURANT,ristorante,https://raw.githubusercontent.com/pasqualelembo78/huntix-poi/main/italia/marche/perugia/pages/lamore_per_la_pizza_risto_braceria_43.0905_12.3690.json,custom
43.090560,12.367611,ov_crudo_food_factory_43.0906_12.3676,Crudo Food Factory,RESTAURANT,ristorante,https://raw.githubusercontent.com/pasqualelembo78/huntix-poi/main/italia/marche/perugia/pages/crudo_food_factory_43.0906_12.3676.json,custom
43.091018,12.365785,ov_cupa_cupa_43.0910_12.3658,Cupa Cupa,RESTAURANT,ristorante,https://raw.githubusercontent.com/pasqualelembo78/huntix-poi/main/italia/marche/perugia/pages/cupa_cupa_43.0910_12.3658.json,custom
43.094128,12.364351,ov_galaverni_srl_43.0941_12.3644,Galaverni Srl,RESTAURANT,ristorante,https://raw.githubusercontent.com/pasqualelembo78/huntix-poi/main/italia/marche/perugia/pages/galaverni_srl_43.0941_12.3644.json,custom
43.096186,12.370192,ov_uedei_uedei_pizzeria_ristorante_food_fun_43.0962_12.3702,Uedei Uedei Pizzeria Ristorante Food&Fun,RESTAURANT,ristorante,https://raw.githubusercontent.com/pasqualelembo78/huntix-poi/main/italia/marche/perugia/pages/uedei_uedei_pizzeria_ristorante_foodfun_43.0962_12.3702.json,custom
43.096205,12.370247,ov_ravo_pizza_experience_43.0962_12.3702,RAVO pizza experience,RESTAURANT,ristorante,https://raw.githubusercontent.com/pasqualelembo78/huntix-poi/main/italia/marche/perugia/pages/ravo_pizza_experience_43.0962_12.3702.json,custom
43.096166,12.370340,ov_ricci_43.0962_12.3703,Ricci,RESTAURANT,ristorante,https://raw.githubusercontent.com/pasqualelembo78/huntix-poi/main/italia/marche/perugia/pages/ricci_43.0962_12.3703.json,custom
43.096207,12.370286,ov_pof___perugia_43.0962_12.3703,POF - Perugia,RESTAURANT,ristorante,https://raw.githubusercontent.com/pasqualelembo78/huntix-poi/main/italia/marche/perugia/pages/pof_-_perugia_43.0962_12.3703.json,custom
43.096550,12.370208,ov_ristorante_sushi_koi_43.0966_12.3702,Ristorante Sushi Koi,RESTAURANT,ristorante,https://raw.githubusercontent.com/pasqualelembo78/huntix-poi/main/italia/marche/perugia/pages/ristorante_sushi_koi_43.0966_12.3702.json,custom
43.095155,12.362567,ov_pescheria_costa_azzurra_srl_43.0952_12.3626,Pescheria Costa Azzurra Srl,RESTAURANT,ristorante,https://raw.githubusercontent.com/pasqualelembo78/huntix-poi/main/italia/marche/perugia/pages/pescheria_costa_azzurra_srl_43.0952_12.3626.json,custom
43.098521,12.364459,ov_galaxy_pizza_43.0985_12.3645,Galaxy Pizza,RESTAURANT,ristorante,https://raw.githubusercontent.com/pasqualelembo78/huntix-poi/main/italia/marche/perugia/pages/galaxy_pizza_43.0985_12.3645.json,custom
43.099135,12.366193,ov_acqua___sapone_43.0991_12.3662,Acqua & Sapone,RESTAURANT,ristorante,https://raw.githubusercontent.com/pasqualelembo78/huntix-poi/main/italia/marche/perugia/pages/acqua_sapone_43.0991_12.3662.json,custom
43.099574,12.369790,ov_pizzeria_you_43.0996_12.3698,Pizzeria You,RESTAURANT,ristorante,https://raw.githubusercontent.com/pasqualelembo78/huntix-poi/main/italia/marche/perugia/pages/pizzeria_you_43.0996_12.3698.json,custom
43.101400,12.371560,ov_master_43.1014_12.3716,Master,RESTAURANT,ristorante,https://raw.githubusercontent.com/pasqualelembo78/huntix-poi/main/italia/marche/perugia/pages/master_43.1014_12.3716.json,custom
43.101143,12.373712,ov_gusto_latino_perugia_43.1011_12.3737,Gusto latino Perugia,RESTAURANT,ristorante,https://raw.githubusercontent.com/pasqualelembo78/huntix-poi/main/italia/marche/perugia/pages/gusto_latino_perugia_43.1011_12.3737.json,custom
43.101569,12.378676,ov_sushi_sakura_43.1016_12.3787,Sushi Sakura,RESTAURANT,ristorante,https://raw.githubusercontent.com/pasqualelembo78/huntix-poi/main/italia/marche/perugia/pages/sushi_sakura_43.1016_12.3787.json,custom
43.101149,12.377350,ov_restaurant__rom_nesc_ami_sara_perugia_43.1011_12.3773,Restaurant  Românesc AMI SARA Perugia,RESTAURANT,ristorante,https://raw.githubusercontent.com/pasqualelembo78/huntix-poi/main/italia/marche/perugia/pages/restaurant_romnesc_ami_sara_perugia_43.1011_12.3773.json,custom
43.101920,12.375980,ov_api_scuola_nazionale_di_pizza_perugia_43.1019_12.3760,API Scuola Nazionale di Pizza Perugia,RESTAURANT,ristorante,https://raw.githubusercontent.com/pasqualelembo78/huntix-poi/main/italia/marche/perugia/pages/api_scuola_nazionale_di_pizza_perugia_43.1019_12.3760.json,custom
43.103243,12.377831,ov_osteria_mangiafuoco_43.1032_12.3778,Osteria Mangiafuoco,RESTAURANT,ristorante,https://raw.githubusercontent.com/pasqualelembo78/huntix-poi/main/italia/marche/perugia/pages/osteria_mangiafuoco_43.1032_12.3778.json,custom
43.100158,12.358836,ov_ristorante_san_martino_43.1002_12.3588,Ristorante San Martino,RESTAURANT,ristorante,https://raw.githubusercontent.com/pasqualelembo78/huntix-poi/main/italia/marche/perugia/pages/ristorante_san_martino_43.1002_12.3588.json,custom
43.101854,12.345117,ov_il_balestruccio_43.1019_12.3451,Il Balestruccio,RESTAURANT,ristorante,https://raw.githubusercontent.com/pasqualelembo78/huntix-poi/main/italia/marche/perugia/pages/il_balestruccio_43.1019_12.3451.json,custom
43.101328,12.343404,ov_ristorante_il_vespertino_43.1013_12.3434,Ristorante Il Vespertino,RESTAURANT,ristorante,https://raw.githubusercontent.com/pasqualelembo78/huntix-poi/main/italia/marche/perugia/pages/ristorante_il_vespertino_43.1013_12.3434.json,custom
43.096690,12.354702,ov_perugia_borgonovo_43.0967_12.3547,Perugia Borgonovo,RESTAURANT,ristorante,https://raw.githubusercontent.com/pasqualelembo78/huntix-poi/main/italia/marche/perugia/pages/perugia_borgonovo_43.0967_12.3547.json,custom
43.096285,12.360178,ov_trattoria_da_faliero_43.0963_12.3602,Trattoria Da Faliero,RESTAURANT,ristorante,https://raw.githubusercontent.com/pasqualelembo78/huntix-poi/main/italia/marche/perugia/pages/trattoria_da_faliero_43.0963_12.3602.json,custom
43.095976,12.355611,ov_impasto_43.0960_12.3556,Impasto,RESTAURANT,ristorante,https://raw.githubusercontent.com/pasqualelembo78/huntix-poi/main/italia/marche/perugia/pages/impasto_43.0960_12.3556.json,custom
43.096467,12.355595,ov_old_wild_west___perugia_borgonovo_43.0965_12.3556,Old Wild West - Perugia Borgonovo,RESTAURANT,ristorante,https://raw.githubusercontent.com/pasqualelembo78/huntix-poi/main/italia/marche/perugia/pages/old_wild_west_-_perugia_borgonovo_43.0965_12.3556.json,custom
43.092292,12.321490,ov_italian_burger_43.0923_12.3215,Italian Burger,RESTAURANT,ristorante,https://raw.githubusercontent.com/pasqualelembo78/huntix-poi/main/italia/marche/perugia/pages/italian_burger_43.0923_12.3215.json,custom
43.104240,12.320815,ov_l_arte_della_pizza_43.1042_12.3208,L'Arte Della Pizza,RESTAURANT,ristorante,https://raw.githubusercontent.com/pasqualelembo78/huntix-poi/main/italia/marche/perugia/pages/larte_della_pizza_43.1042_12.3208.json,custom
43.104451,12.322248,ov_la_cascina___cucina_e_pizza_43.1045_12.3222,La Cascina - Cucina e Pizza,RESTAURANT,ristorante,https://raw.githubusercontent.com/pasqualelembo78/huntix-poi/main/italia/marche/perugia/pages/la_cascina_-_cucina_e_pizza_43.1045_12.3222.json,custom
43.108659,12.329845,ov_passatempo_bbq_43.1087_12.3298,Passatempo BBQ,RESTAURANT,ristorante,https://raw.githubusercontent.com/pasqualelembo78/huntix-poi/main/italia/marche/perugia/pages/passatempo_bbq_43.1087_12.3298.json,custom
43.106991,12.329617,ov_piacere_toto_43.1070_12.3296,Piacere Toto,RESTAURANT,ristorante,https://raw.githubusercontent.com/pasqualelembo78/huntix-poi/main/italia/marche/perugia/pages/piacere_toto_43.1070_12.3296.json,custom
43.105671,12.335639,ov_ristorante_umi_43.1057_12.3356,Ristorante UMI,RESTAURANT,ristorante,https://raw.githubusercontent.com/pasqualelembo78/huntix-poi/main/italia/marche/perugia/pages/ristorante_umi_43.1057_12.3356.json,custom
43.103656,12.348053,ov_pizzeria_scacco_matto_43.1037_12.3481,Pizzeria Scacco Matto,RESTAURANT,ristorante,https://raw.githubusercontent.com/pasqualelembo78/huntix-poi/main/italia/marche/perugia/pages/pizzeria_scacco_matto_43.1037_12.3481.json,custom
43.103440,12.352984,ov_vino_garage_43.1034_12.3530,Vino Garage,RESTAURANT,ristorante,https://raw.githubusercontent.com/pasqualelembo78/huntix-poi/main/italia/marche/perugia/pages/vino_garage_43.1034_12.3530.json,custom
43.105265,12.353351,ov_sir_jon_43.1053_12.3534,Sir Jon,RESTAURANT,ristorante,https://raw.githubusercontent.com/pasqualelembo78/huntix-poi/main/italia/marche/perugia/pages/sir_jon_43.1053_12.3534.json,custom
43.107609,12.356803,ov_il_ritrovo_del_grifo_43.1076_12.3568,Il Ritrovo del Grifo,RESTAURANT,ristorante,https://raw.githubusercontent.com/pasqualelembo78/huntix-poi/main/italia/marche/perugia/pages/il_ritrovo_del_grifo_43.1076_12.3568.json,custom
43.112141,12.357226,ov_ristorante_imperiale_43.1121_12.3572,Ristorante Imperiale,RESTAURANT,ristorante,https://raw.githubusercontent.com/pasqualelembo78/huntix-poi/main/italia/marche/perugia/pages/ristorante_imperiale_43.1121_12.3572.json,custom
43.114086,12.357791,ov_sualto_43.1141_12.3578,SUALTO,RESTAURANT,ristorante,https://raw.githubusercontent.com/pasqualelembo78/huntix-poi/main/italia/marche/perugia/pages/sualto_43.1141_12.3578.json,custom
43.116514,12.349420,ov_agriturismo_olivetano_43.1165_12.3494,Agriturismo Olivetano,RESTAURANT,ristorante,https://raw.githubusercontent.com/pasqualelembo78/huntix-poi/main/italia/marche/perugia/pages/agriturismo_olivetano_43.1165_12.3494.json,custom
43.106490,12.320560,ov_kiki_bar_43.1065_12.3206,Kiki Bar,RESTAURANT,ristorante,https://raw.githubusercontent.com/pasqualelembo78/huntix-poi/main/italia/marche/perugia/pages/kiki_bar_43.1065_12.3206.json,custom
43.101072,12.319835,ov_osteria_dell_olmo_43.1011_12.3198,Osteria dell'Olmo,RESTAURANT,ristorante,https://raw.githubusercontent.com/pasqualelembo78/huntix-poi/main/italia/marche/perugia/pages/osteria_dellolmo_43.1011_12.3198.json,custom
43.096730,12.317400,ov_undercity_43.0967_12.3174,UnderCity,RESTAURANT,ristorante,https://raw.githubusercontent.com/pasqualelembo78/huntix-poi/main/italia/marche/perugia/pages/undercity_43.0967_12.3174.json,custom
43.096506,12.318173,ov_ristorante_giapponese_samurai_43.0965_12.3182,Ristorante Giapponese Samurai,RESTAURANT,ristorante,https://raw.githubusercontent.com/pasqualelembo78/huntix-poi/main/italia/marche/perugia/pages/ristorante_giapponese_samurai_43.0965_12.3182.json,custom
43.096254,12.316904,ov_il_vizio_43.0963_12.3169,Il Vizio,RESTAURANT,ristorante,https://raw.githubusercontent.com/pasqualelembo78/huntix-poi/main/italia/marche/perugia/pages/il_vizio_43.0963_12.3169.json,custom
43.089118,12.317907,ov_parallelo_43_43.0891_12.3179,Parallelo 43,RESTAURANT,ristorante,https://raw.githubusercontent.com/pasqualelembo78/huntix-poi/main/italia/marche/perugia/pages/parallelo_43_43.0891_12.3179.json,custom
43.087037,12.318493,ov_ristorante_del_golf_43.0870_12.3185,Ristorante Del Golf,RESTAURANT,ristorante,https://raw.githubusercontent.com/pasqualelembo78/huntix-poi/main/italia/marche/perugia/pages/ristorante_del_golf_43.0870_12.3185.json,custom
43.073170,12.280408,ov_valter_a_solomeo_43.0732_12.2804,Valter a Solomeo,RESTAURANT,ristorante,https://raw.githubusercontent.com/pasqualelembo78/huntix-poi/main/italia/marche/perugia/pages/valter_a_solomeo_43.0732_12.2804.json,custom
43.062805,12.309772,ov_piadina_pi__e_pizza_zaz__cdp_43.0628_12.3098,Piadina Più e Pizza Zazà CdP,RESTAURANT,ristorante,https://raw.githubusercontent.com/pasqualelembo78/huntix-poi/main/italia/marche/perugia/pages/piadina_pi_e_pizza_zaz_cdp_43.0628_12.3098.json,custom
43.064708,12.311377,ov_al_solito_posto_43.0647_12.3114,Al Solito Posto,RESTAURANT,ristorante,https://raw.githubusercontent.com/pasqualelembo78/huntix-poi/main/italia/marche/perugia/pages/al_solito_posto_43.0647_12.3114.json,custom
43.064743,12.311346,ov_da_severo_43.0647_12.3113,Da Severo,RESTAURANT,ristorante,https://raw.githubusercontent.com/pasqualelembo78/huntix-poi/main/italia/marche/perugia/pages/da_severo_43.0647_12.3113.json,custom
43.069004,12.353651,ov_zucchero_e_sale_43.0690_12.3537,Zucchero e Sale,RESTAURANT,ristorante,https://raw.githubusercontent.com/pasqualelembo78/huntix-poi/main/italia/marche/perugia/pages/zucchero_e_sale_43.0690_12.3537.json,custom
43.071335,12.355646,ov_pasta_fresca_43.0713_12.3556,Pasta Fresca,RESTAURANT,ristorante,https://raw.githubusercontent.com/pasqualelembo78/huntix-poi/main/italia/marche/perugia/pages/pasta_fresca_43.0713_12.3556.json,custom
43.075369,12.346089,ov_osteria_da_lo_zio_43.0754_12.3461,Osteria da lo Zio,RESTAURANT,ristorante,https://raw.githubusercontent.com/pasqualelembo78/huntix-poi/main/italia/marche/perugia/pages/osteria_da_lo_zio_43.0754_12.3461.json,custom
43.074331,12.341308,ov_le_delizie_43.0743_12.3413,Le Delizie,RESTAURANT,ristorante,https://raw.githubusercontent.com/pasqualelembo78/huntix-poi/main/italia/marche/perugia/pages/le_delizie_43.0743_12.3413.json,custom
43.075199,12.342661,ov_mondo_pizza_43.0752_12.3427,Mondo Pizza,RESTAURANT,ristorante,https://raw.githubusercontent.com/pasqualelembo78/huntix-poi/main/italia/marche/perugia/pages/mondo_pizza_43.0752_12.3427.json,custom
43.074895,12.340074,ov_bella_ischia_43.0749_12.3401,Bella Ischia,RESTAURANT,ristorante,https://raw.githubusercontent.com/pasqualelembo78/huntix-poi/main/italia/marche/perugia/pages/bella_ischia_43.0749_12.3401.json,custom
43.073012,12.321716,ov_il_pretesto_43.0730_12.3217,Il Pretesto,RESTAURANT,ristorante,https://raw.githubusercontent.com/pasqualelembo78/huntix-poi/main/italia/marche/perugia/pages/il_pretesto_43.0730_12.3217.json,custom
43.073617,12.322556,ov_restaurant_wei_43.0736_12.3226,Restaurant Wei,RESTAURANT,ristorante,https://raw.githubusercontent.com/pasqualelembo78/huntix-poi/main/italia/marche/perugia/pages/restaurant_wei_43.0736_12.3226.json,custom
43.076280,12.328958,ov_la_cosacca_43.0763_12.3290,La Cosacca,RESTAURANT,ristorante,https://raw.githubusercontent.com/pasqualelembo78/huntix-poi/main/italia/marche/perugia/pages/la_cosacca_43.0763_12.3290.json,custom
43.078754,12.323391,ov_giglio_ristorante_pizzeria_43.0788_12.3234,Giglio Ristorante Pizzeria,RESTAURANT,ristorante,https://raw.githubusercontent.com/pasqualelembo78/huntix-poi/main/italia/marche/perugia/pages/giglio_ristorante_pizzeria_43.0788_12.3234.json,custom
43.078360,12.339512,ov_pocanoja_pizza_e_gusto_43.0784_12.3395,Pocanoja Pizza e Gusto,RESTAURANT,ristorante,https://raw.githubusercontent.com/pasqualelembo78/huntix-poi/main/italia/marche/perugia/pages/pocanoja_pizza_e_gusto_43.0784_12.3395.json,custom
43.079569,12.336278,ov_mcdonald_s_43.0796_12.3363,McDonald's,RESTAURANT,ristorante,https://raw.githubusercontent.com/pasqualelembo78/huntix-poi/main/italia/marche/perugia/pages/mcdonalds_43.0796_12.3363.json,custom
43.079522,12.336725,ov_doremifawok_43.0795_12.3367,Doremifawok,RESTAURANT,ristorante,https://raw.githubusercontent.com/pasqualelembo78/huntix-poi/main/italia/marche/perugia/pages/doremifawok_43.0795_12.3367.json,custom
43.079681,12.336565,ov_restaurante_doremiwork_43.0797_12.3366,Restaurante Doremiwork,RESTAURANT,ristorante,https://raw.githubusercontent.com/pasqualelembo78/huntix-poi/main/italia/marche/perugia/pages/restaurante_doremiwork_43.0797_12.3366.json,custom
43.078451,12.335445,ov_la_romantica_pizzeria_43.0785_12.3354,La Romantica Pizzeria,RESTAURANT,ristorante,https://raw.githubusercontent.com/pasqualelembo78/huntix-poi/main/italia/marche/perugia/pages/la_romantica_pizzeria_43.0785_12.3354.json,custom
43.085560,12.329980,ov_ristopadel_43.0856_12.3300,Ristopadel,RESTAURANT,ristorante,https://raw.githubusercontent.com/pasqualelembo78/huntix-poi/main/italia/marche/perugia/pages/ristopadel_43.0856_12.3300.json,custom
43.085408,12.329310,ov_piccolo_ristoro_43.0854_12.3293,Piccolo Ristoro,RESTAURANT,ristorante,https://raw.githubusercontent.com/pasqualelembo78/huntix-poi/main/italia/marche/perugia/pages/piccolo_ristoro_43.0854_12.3293.json,custom
43.083673,12.340658,ov_pizzagrium_43.0837_12.3407,PizzAgriUm,RESTAURANT,ristorante,https://raw.githubusercontent.com/pasqualelembo78/huntix-poi/main/italia/marche/perugia/pages/pizzagrium_43.0837_12.3407.json,custom
43.083805,12.343812,ov_acqua___sapone_43.0838_12.3438,Acqua & Sapone,RESTAURANT,ristorante,https://raw.githubusercontent.com/pasqualelembo78/huntix-poi/main/italia/marche/perugia/pages/acqua_sapone_43.0838_12.3438.json,custom
43.085491,12.347734,ov_grifo_kebab_43.0855_12.3477,Grifo Kebab,RESTAURANT,ristorante,https://raw.githubusercontent.com/pasqualelembo78/huntix-poi/main/italia/marche/perugia/pages/grifo_kebab_43.0855_12.3477.json,custom
43.085203,12.349816,ov_godi_burger__america_n_burger____43.0852_12.3498,Godi Burger (America’n Burger’ ),RESTAURANT,ristorante,https://raw.githubusercontent.com/pasqualelembo78/huntix-poi/main/italia/marche/perugia/pages/godi_burger_american_burger__43.0852_12.3498.json,custom
43.085656,12.348185,ov_boccone_ristorante_43.0857_12.3482,Boccone Ristorante,RESTAURANT,ristorante,https://raw.githubusercontent.com/pasqualelembo78/huntix-poi/main/italia/marche/perugia/pages/boccone_ristorante_43.0857_12.3482.json,custom
43.086073,12.348630,ov_pane___pomodoro_43.0861_12.3486,PANE & Pomodoro,RESTAURANT,ristorante,https://raw.githubusercontent.com/pasqualelembo78/huntix-poi/main/italia/marche/perugia/pages/pane_pomodoro_43.0861_12.3486.json,custom
43.086154,12.346235,ov_da_andrea_pizza_contemporanea_43.0862_12.3462,Da Andrea Pizza Contemporanea,RESTAURANT,ristorante,https://raw.githubusercontent.com/pasqualelembo78/huntix-poi/main/italia/marche/perugia/pages/da_andrea_pizza_contemporanea_43.0862_12.3462.json,custom
43.088687,12.356902,ov_barbecue_in_famiglia_43.0887_12.3569,Barbecue in Famiglia,RESTAURANT,ristorante,https://raw.githubusercontent.com/pasqualelembo78/huntix-poi/main/italia/marche/perugia/pages/barbecue_in_famiglia_43.0887_12.3569.json,custom
43.084060,12.356775,ov_osteria_ciccebombo_43.0841_12.3568,Osteria Ciccebombo,RESTAURANT,ristorante,https://raw.githubusercontent.com/pasqualelembo78/huntix-poi/main/italia/marche/perugia/pages/osteria_ciccebombo_43.0841_12.3568.json,custom
43.082411,12.355754,ov_la_dolce_vita_43.0824_12.3558,La Dolce Vita,RESTAURANT,ristorante,https://raw.githubusercontent.com/pasqualelembo78/huntix-poi/main/italia/marche/perugia/pages/la_dolce_vita_43.0824_12.3558.json,custom
43.082340,12.350639,ov_pepenero_43.0823_12.3506,Pepenero,RESTAURANT,ristorante,https://raw.githubusercontent.com/pasqualelembo78/huntix-poi/main/italia/marche/perugia/pages/pepenero_43.0823_12.3506.json,custom
43.082414,12.350704,ov_bar_day_by_day_43.0824_12.3507,Bar Day By Day,RESTAURANT,ristorante,https://raw.githubusercontent.com/pasqualelembo78/huntix-poi/main/italia/marche/perugia/pages/bar_day_by_day_43.0824_12.3507.json,custom
43.082969,12.348727,ov_trofeo_italiano_di_pizza_al_tartufo_43.0830_12.3487,Trofeo Italiano di pizza al Tartufo,RESTAURANT,ristorante,https://raw.githubusercontent.com/pasqualelembo78/huntix-poi/main/italia/marche/perugia/pages/trofeo_italiano_di_pizza_al_tartufo_43.0830_12.3487.json,custom
43.083039,12.347273,ov_al_pizzificio_43.0830_12.3473,Al Pizzificio,RESTAURANT,ristorante,https://raw.githubusercontent.com/pasqualelembo78/huntix-poi/main/italia/marche/perugia/pages/al_pizzificio_43.0830_12.3473.json,custom
43.082924,12.342915,ov_il_forno_di_fontignano_43.0829_12.3429,Il Forno di Fontignano,RESTAURANT,ristorante,https://raw.githubusercontent.com/pasqualelembo78/huntix-poi/main/italia/marche/perugia/pages/il_forno_di_fontignano_43.0829_12.3429.json,custom
43.079223,12.345968,ov_the_big_chef_pasta_fresca_43.0792_12.3460,The Big Chef Pasta Fresca,RESTAURANT,ristorante,https://raw.githubusercontent.com/pasqualelembo78/huntix-poi/main/italia/marche/perugia/pages/the_big_chef_pasta_fresca_43.0792_12.3460.json,custom
43.078096,12.342184,ov_lago_ritmo_cibo_e_vibrazioni_43.0781_12.3422,LAGO RITMO cibo e vibrazioni,RESTAURANT,ristorante,https://raw.githubusercontent.com/pasqualelembo78/huntix-poi/main/italia/marche/perugia/pages/lago_ritmo_cibo_e_vibrazioni_43.0781_12.3422.json,custom
43.076475,12.363859,ov_testone_43.0765_12.3639,Testone,RESTAURANT,ristorante,https://raw.githubusercontent.com/pasqualelembo78/huntix-poi/main/italia/marche/perugia/pages/testone_43.0765_12.3639.json,custom
43.076710,12.364928,ov_officine_bartolini_43.0767_12.3649,Officine Bartolini,RESTAURANT,ristorante,https://raw.githubusercontent.com/pasqualelembo78/huntix-poi/main/italia/marche/perugia/pages/officine_bartolini_43.0767_12.3649.json,custom
43.079784,12.365935,ov_rosticceria_del_ponte_43.0798_12.3659,Rosticceria del Ponte,RESTAURANT,ristorante,https://raw.githubusercontent.com/pasqualelembo78/huntix-poi/main/italia/marche/perugia/pages/rosticceria_del_ponte_43.0798_12.3659.json,custom
43.079770,12.365924,ov_re_cornicione_43.0798_12.3659,Re Cornicione,RESTAURANT,ristorante,https://raw.githubusercontent.com/pasqualelembo78/huntix-poi/main/italia/marche/perugia/pages/re_cornicione_43.0798_12.3659.json,custom
43.079910,12.365946,ov_piccola_rustica_43.0799_12.3659,Piccola Rustica,RESTAURANT,ristorante,https://raw.githubusercontent.com/pasqualelembo78/huntix-poi/main/italia/marche/perugia/pages/piccola_rustica_43.0799_12.3659.json,custom
43.080690,12.365820,ov_bros___perugia_43.0807_12.3658,Bros - Perugia,RESTAURANT,ristorante,https://raw.githubusercontent.com/pasqualelembo78/huntix-poi/main/italia/marche/perugia/pages/bros_-_perugia_43.0807_12.3658.json,custom
43.084443,12.369816,ov_sienne__italie_43.0844_12.3698,"Sienne, Italie",RESTAURANT,ristorante,https://raw.githubusercontent.com/pasqualelembo78/huntix-poi/main/italia/marche/perugia/pages/sienne_italie_43.0844_12.3698.json,custom
43.085628,12.366938,ov_sushi_cheng_43.0856_12.3669,Sushi Cheng,RESTAURANT,ristorante,https://raw.githubusercontent.com/pasqualelembo78/huntix-poi/main/italia/marche/perugia/pages/sushi_cheng_43.0856_12.3669.json,custom
43.086256,12.366339,ov_da_peppe_braceria_43.0863_12.3663,Da Peppe Braceria,RESTAURANT,ristorante,https://raw.githubusercontent.com/pasqualelembo78/huntix-poi/main/italia/marche/perugia/pages/da_peppe_braceria_43.0863_12.3663.json,custom
43.088291,12.368353,ov_restaurant_sun_43.0883_12.3684,Restaurant Sun,RESTAURANT,ristorante,https://raw.githubusercontent.com/pasqualelembo78/huntix-poi/main/italia/marche/perugia/pages/restaurant_sun_43.0883_12.3684.json,custom
43.087696,12.367108,ov_grande_shanghai_43.0877_12.3671,Grande Shanghai,RESTAURANT,ristorante,https://raw.githubusercontent.com/pasqualelembo78/huntix-poi/main/italia/marche/perugia/pages/grande_shanghai_43.0877_12.3671.json,custom
43.087116,12.370141,ov_osteria_tincanto_43.0871_12.3701,Osteria Tincanto,RESTAURANT,ristorante,https://raw.githubusercontent.com/pasqualelembo78/huntix-poi/main/italia/marche/perugia/pages/osteria_tincanto_43.0871_12.3701.json,custom
43.085882,12.399873,ov_fred_bistecca_43.0859_12.3999,Fred Bistecca,RESTAURANT,ristorante,https://raw.githubusercontent.com/pasqualelembo78/huntix-poi/main/italia/marche/perugia/pages/fred_bistecca_43.0859_12.3999.json,custom
43.064649,12.369801,ov_bigi_ristorante_dancing_eventi_catering__43.0646_12.3698,Bigi Ristorante Dancing Eventi Catering Perugia,RESTAURANT,ristorante,https://raw.githubusercontent.com/pasqualelembo78/huntix-poi/main/italia/marche/perugia/pages/bigi_ristorante_dancing_eventi_catering__43.0646_12.3698.json,custom
43.066166,12.402980,ov_gnammeria_da_gio_43.0662_12.4030,Gnammeria da Gio,RESTAURANT,ristorante,https://raw.githubusercontent.com/pasqualelembo78/huntix-poi/main/italia/marche/perugia/pages/gnammeria_da_gio_43.0662_12.4030.json,custom
43.065205,12.404215,ov_flora_eat_and_shop_43.0652_12.4042,Flora Eat And Shop,RESTAURANT,ristorante,https://raw.githubusercontent.com/pasqualelembo78/huntix-poi/main/italia/marche/perugia/pages/flora_eat_and_shop_43.0652_12.4042.json,custom
43.067420,12.403911,ov_settedue_ristorante_43.0674_12.4039,SetteDue Ristorante,RESTAURANT,ristorante,https://raw.githubusercontent.com/pasqualelembo78/huntix-poi/main/italia/marche/perugia/pages/settedue_ristorante_43.0674_12.4039.json,custom
43.071350,12.420420,ov_civico_30_43.0714_12.4204,Civico 30,RESTAURANT,ristorante,https://raw.githubusercontent.com/pasqualelembo78/huntix-poi/main/italia/marche/perugia/pages/civico_30_43.0714_12.4204.json,custom
43.075698,12.420127,ov_bar_lanzano_43.0757_12.4201,Bar Lanzano,RESTAURANT,ristorante,https://raw.githubusercontent.com/pasqualelembo78/huntix-poi/main/italia/marche/perugia/pages/bar_lanzano_43.0757_12.4201.json,custom
43.076004,12.410541,ov_l_orselli_43.0760_12.4105,L'Orselli,RESTAURANT,ristorante,https://raw.githubusercontent.com/pasqualelembo78/huntix-poi/main/italia/marche/perugia/pages/lorselli_43.0760_12.4105.json,custom
43.073340,12.413080,ov_flora___eat___shop_43.0733_12.4131,Flora - Eat & Shop,RESTAURANT,ristorante,https://raw.githubusercontent.com/pasqualelembo78/huntix-poi/main/italia/marche/perugia/pages/flora_-_eat_shop_43.0733_12.4131.json,custom
43.072634,12.401161,ov_niceevents_italy_43.0726_12.4012,NiceEvents Italy,RESTAURANT,ristorante,https://raw.githubusercontent.com/pasqualelembo78/huntix-poi/main/italia/marche/perugia/pages/niceevents_italy_43.0726_12.4012.json,custom
43.079203,12.406923,ov_ristorante_pizzeria_i_loggi_43.0792_12.4069,Ristorante-pizzeria I Loggi,RESTAURANT,ristorante,https://raw.githubusercontent.com/pasqualelembo78/huntix-poi/main/italia/marche/perugia/pages/ristorante-pizzeria_i_loggi_43.0792_12.4069.json,custom
43.082179,12.418329,ov_gmf_spa_43.0822_12.4183,GMF spa,RESTAURANT,ristorante,https://raw.githubusercontent.com/pasqualelembo78/huntix-poi/main/italia/marche/perugia/pages/gmf_spa_43.0822_12.4183.json,custom
43.086358,12.426757,ov_ristorante_pizzeria_pub_nostrano_43.0864_12.4268,Ristorante Pizzeria Pub Nostrano,RESTAURANT,ristorante,https://raw.githubusercontent.com/pasqualelembo78/huntix-poi/main/italia/marche/perugia/pages/ristorante_pizzeria_pub_nostrano_43.0864_12.4268.json,custom
43.086073,12.426165,ov_bella_ischia_43.0861_12.4262,Bella Ischia,RESTAURANT,ristorante,https://raw.githubusercontent.com/pasqualelembo78/huntix-poi/main/italia/marche/perugia/pages/bella_ischia_43.0861_12.4262.json,custom
43.086747,12.430401,ov_trattoria_romana_roma__ntica_43.0867_12.4304,Trattoria Romana Roma 'ntica,RESTAURANT,ristorante,https://raw.githubusercontent.com/pasqualelembo78/huntix-poi/main/italia/marche/perugia/pages/trattoria_romana_roma_ntica_43.0867_12.4304.json,custom
43.089217,12.431969,ov_piadina_pi__43.0892_12.4320,Piadina Più,RESTAURANT,ristorante,https://raw.githubusercontent.com/pasqualelembo78/huntix-poi/main/italia/marche/perugia/pages/piadina_pi_43.0892_12.4320.json,custom
43.089618,12.438925,ov_acqua___sapone_43.0896_12.4389,Acqua & Sapone,RESTAURANT,ristorante,https://raw.githubusercontent.com/pasqualelembo78/huntix-poi/main/italia/marche/perugia/pages/acqua_sapone_43.0896_12.4389.json,custom
43.086954,12.439031,ov_bar_pizzeria_la_piscina_di_auricchio_vin_43.0870_12.4390,Bar Pizzeria La Piscina di Auricchio Vincenzo,RESTAURANT,ristorante,https://raw.githubusercontent.com/pasqualelembo78/huntix-poi/main/italia/marche/perugia/pages/bar_pizzeria_la_piscina_di_auricchio_vin_43.0870_12.4390.json,custom
43.081037,12.437279,ov_da_umbro_43.0810_12.4373,Da Umbro,RESTAURANT,ristorante,https://raw.githubusercontent.com/pasqualelembo78/huntix-poi/main/italia/marche/perugia/pages/da_umbro_43.0810_12.4373.json,custom
43.083760,12.441976,ov_officina_qb_43.0838_12.4420,Officina QB,RESTAURANT,ristorante,https://raw.githubusercontent.com/pasqualelembo78/huntix-poi/main/italia/marche/perugia/pages/officina_qb_43.0838_12.4420.json,custom
43.084548,12.444386,ov_yume_ristorante_giapponese_perugia_43.0845_12.4444,Yume Ristorante Giapponese Perugia,RESTAURANT,ristorante,https://raw.githubusercontent.com/pasqualelembo78/huntix-poi/main/italia/marche/perugia/pages/yume_ristorante_giapponese_perugia_43.0845_12.4444.json,custom
43.085970,12.445120,ov_park_ristorante_43.0860_12.4451,PARK Ristorante,RESTAURANT,ristorante,https://raw.githubusercontent.com/pasqualelembo78/huntix-poi/main/italia/marche/perugia/pages/park_ristorante_43.0860_12.4451.json,custom
43.088099,12.445980,ov_i_maghi_della_pizza_43.0881_12.4460,I Maghi della Pizza,RESTAURANT,ristorante,https://raw.githubusercontent.com/pasqualelembo78/huntix-poi/main/italia/marche/perugia/pages/i_maghi_della_pizza_43.0881_12.4460.json,custom
43.086939,12.448019,ov_mcdonald_s_43.0869_12.4480,McDonald's,RESTAURANT,ristorante,https://raw.githubusercontent.com/pasqualelembo78/huntix-poi/main/italia/marche/perugia/pages/mcdonalds_43.0869_12.4480.json,custom
43.087373,12.464472,ov_handmade_caf__collestrada_43.0874_12.4645,Handmade cafè Collestrada,RESTAURANT,ristorante,https://raw.githubusercontent.com/pasqualelembo78/huntix-poi/main/italia/marche/perugia/pages/handmade_caf_collestrada_43.0874_12.4645.json,custom
43.088421,12.468609,ov_piadina_4you_43.0884_12.4686,Piadina 4You,RESTAURANT,ristorante,https://raw.githubusercontent.com/pasqualelembo78/huntix-poi/main/italia/marche/perugia/pages/piadina_4you_43.0884_12.4686.json,custom
43.088397,12.469891,ov_rossopomodoro_perugia___collestrada_43.0884_12.4699,Rossopomodoro Perugia - Collestrada,RESTAURANT,ristorante,https://raw.githubusercontent.com/pasqualelembo78/huntix-poi/main/italia/marche/perugia/pages/rossopomodoro_perugia_-_collestrada_43.0884_12.4699.json,custom
43.088317,12.470110,ov_mcdonald_s_43.0883_12.4701,McDonald's,RESTAURANT,ristorante,https://raw.githubusercontent.com/pasqualelembo78/huntix-poi/main/italia/marche/perugia/pages/mcdonalds_43.0883_12.4701.json,custom
43.110333,12.497393,ov_taverna_dell_orso_43.1103_12.4974,Taverna dell'Orso,RESTAURANT,ristorante,https://raw.githubusercontent.com/pasqualelembo78/huntix-poi/main/italia/marche/perugia/pages/taverna_dellorso_43.1103_12.4974.json,custom
43.110467,12.447358,ov_piadina_pi__e_pizza_zaza_43.1105_12.4474,Piadina Più e Pizza Zaza,RESTAURANT,ristorante,https://raw.githubusercontent.com/pasqualelembo78/huntix-poi/main/italia/marche/perugia/pages/piadina_pi_e_pizza_zaza_43.1105_12.4474.json,custom
43.110244,12.449232,ov_lo_sfizio_43.1102_12.4492,Lo Sfizio,RESTAURANT,ristorante,https://raw.githubusercontent.com/pasqualelembo78/huntix-poi/main/italia/marche/perugia/pages/lo_sfizio_43.1102_12.4492.json,custom
43.109087,12.466563,ov_autogrill_43.1091_12.4666,Autogrill,RESTAURANT,ristorante,https://raw.githubusercontent.com/pasqualelembo78/huntix-poi/main/italia/marche/perugia/pages/autogrill_43.1091_12.4666.json,custom
43.109149,12.466567,ov_autogrill_pontevalleceppi_nord_43.1091_12.4666,Autogrill Pontevalleceppi Nord,RESTAURANT,ristorante,https://raw.githubusercontent.com/pasqualelembo78/huntix-poi/main/italia/marche/perugia/pages/autogrill_pontevalleceppi_nord_43.1091_12.4666.json,custom
43.108061,12.465893,ov_italy_on_the_road___ponte_valleceppi_43.1081_12.4659,Italy On The Road | Ponte Valleceppi,RESTAURANT,ristorante,https://raw.githubusercontent.com/pasqualelembo78/huntix-poi/main/italia/marche/perugia/pages/italy_on_the_road_ponte_valleceppi_43.1081_12.4659.json,custom
43.090126,12.450156,ov_men__del_giorno_ponte_san_giovanni_43.0901_12.4502,Menù del giorno Ponte San Giovanni,RESTAURANT,ristorante,https://raw.githubusercontent.com/pasqualelembo78/huntix-poi/main/italia/marche/perugia/pages/men_del_giorno_ponte_san_giovanni_43.0901_12.4502.json,custom
43.091733,12.445346,ov_pizzeria_da_nicola_43.0917_12.4453,Pizzeria Da Nicola,RESTAURANT,ristorante,https://raw.githubusercontent.com/pasqualelembo78/huntix-poi/main/italia/marche/perugia/pages/pizzeria_da_nicola_43.0917_12.4453.json,custom
43.091657,12.446730,ov_panb_strot_43.0917_12.4467,PanB.Strot,RESTAURANT,ristorante,https://raw.githubusercontent.com/pasqualelembo78/huntix-poi/main/italia/marche/perugia/pages/panbstrot_43.0917_12.4467.json,custom
43.091635,12.446903,ov_degustibus_vini_e_cucina_43.0916_12.4469,Degustibus Vini e Cucina,RESTAURANT,ristorante,https://raw.githubusercontent.com/pasqualelembo78/huntix-poi/main/italia/marche/perugia/pages/degustibus_vini_e_cucina_43.0916_12.4469.json,custom
43.090308,12.445467,ov_biancorosso_43.0903_12.4455,BiancoRosso,RESTAURANT,ristorante,https://raw.githubusercontent.com/pasqualelembo78/huntix-poi/main/italia/marche/perugia/pages/biancorosso_43.0903_12.4455.json,custom
43.091217,12.445829,ov_ristorante_deco_43.0912_12.4458,Ristorante Deco,RESTAURANT,ristorante,https://raw.githubusercontent.com/pasqualelembo78/huntix-poi/main/italia/marche/perugia/pages/ristorante_deco_43.0912_12.4458.json,custom
43.090716,12.443459,ov_pizza_ponte_pizzeria_43.0907_12.4435,Pizza Ponte Pizzeria,RESTAURANT,ristorante,https://raw.githubusercontent.com/pasqualelembo78/huntix-poi/main/italia/marche/perugia/pages/pizza_ponte_pizzeria_43.0907_12.4435.json,custom
43.090001,12.443675,ov_te_la_diamo___calda_43.0900_12.4437,Te la diamo...Calda,RESTAURANT,ristorante,https://raw.githubusercontent.com/pasqualelembo78/huntix-poi/main/italia/marche/perugia/pages/te_la_diamocalda_43.0900_12.4437.json,custom
43.090543,12.441243,ov_rosticceria_apollo_43.0905_12.4412,Rosticceria Apollo,RESTAURANT,ristorante,https://raw.githubusercontent.com/pasqualelembo78/huntix-poi/main/italia/marche/perugia/pages/rosticceria_apollo_43.0905_12.4412.json,custom
43.090673,12.441304,ov_pizzeria_aix_43.0907_12.4413,Pizzeria Aix,RESTAURANT,ristorante,https://raw.githubusercontent.com/pasqualelembo78/huntix-poi/main/italia/marche/perugia/pages/pizzeria_aix_43.0907_12.4413.json,custom
43.091598,12.440992,ov_la_risulta_43.0916_12.4410,La risulta,RESTAURANT,ristorante,https://raw.githubusercontent.com/pasqualelembo78/huntix-poi/main/italia/marche/perugia/pages/la_risulta_43.0916_12.4410.json,custom
43.091702,12.442591,ov_il_bricco_di_vino_43.0917_12.4426,Il Bricco Di Vino,RESTAURANT,ristorante,https://raw.githubusercontent.com/pasqualelembo78/huntix-poi/main/italia/marche/perugia/pages/il_bricco_di_vino_43.0917_12.4426.json,custom
43.091539,12.442334,ov_ristorante_la_torre_braceria_43.0915_12.4423,Ristorante La Torre Braceria,RESTAURANT,ristorante,https://raw.githubusercontent.com/pasqualelembo78/huntix-poi/main/italia/marche/perugia/pages/ristorante_la_torre_braceria_43.0915_12.4423.json,custom
43.091562,12.442516,ov_mc_loud_43.0916_12.4425,Mc Loud,RESTAURANT,ristorante,https://raw.githubusercontent.com/pasqualelembo78/huntix-poi/main/italia/marche/perugia/pages/mc_loud_43.0916_12.4425.json,custom
43.091887,12.443423,ov_kebaberia_e_fast_food_43.0919_12.4434,Kebaberia e fast food,RESTAURANT,ristorante,https://raw.githubusercontent.com/pasqualelembo78/huntix-poi/main/italia/marche/perugia/pages/kebaberia_e_fast_food_43.0919_12.4434.json,custom
43.090823,12.436988,ov_la_gioiosa_ristorante_pizzeria_43.0908_12.4370,La Gioiosa Ristorante Pizzeria,RESTAURANT,ristorante,https://raw.githubusercontent.com/pasqualelembo78/huntix-poi/main/italia/marche/perugia/pages/la_gioiosa_ristorante_pizzeria_43.0908_12.4370.json,custom
43.090432,12.434074,ov_pizzeria_julia_43.0904_12.4341,Pizzeria Julia,RESTAURANT,ristorante,https://raw.githubusercontent.com/pasqualelembo78/huntix-poi/main/italia/marche/perugia/pages/pizzeria_julia_43.0904_12.4341.json,custom
43.090440,12.434120,ov_balkan_grill_restorant_43.0904_12.4341,Balkan Grill Restorant,RESTAURANT,ristorante,https://raw.githubusercontent.com/pasqualelembo78/huntix-poi/main/italia/marche/perugia/pages/balkan_grill_restorant_43.0904_12.4341.json,custom
43.091292,12.416258,ov_pinzimonio_43.0913_12.4163,Pinzimonio,RESTAURANT,ristorante,https://raw.githubusercontent.com/pasqualelembo78/huntix-poi/main/italia/marche/perugia/pages/pinzimonio_43.0913_12.4163.json,custom
43.107480,12.418663,ov_gradale_43.1075_12.4187,Gradale,RESTAURANT,ristorante,https://raw.githubusercontent.com/pasqualelembo78/huntix-poi/main/italia/marche/perugia/pages/gradale_43.1075_12.4187.json,custom
43.105586,12.434330,ov_la_rotonda_di_merli_matteo_43.1056_12.4343,La Rotonda di Merli Matteo,RESTAURANT,ristorante,https://raw.githubusercontent.com/pasqualelembo78/huntix-poi/main/italia/marche/perugia/pages/la_rotonda_di_merli_matteo_43.1056_12.4343.json,custom
43.106494,12.431377,ov_stella_ristorante_vineria_e_locanda_43.1065_12.4314,Stella Ristorante Vineria e Locanda,RESTAURANT,ristorante,https://raw.githubusercontent.com/pasqualelembo78/huntix-poi/main/italia/marche/perugia/pages/stella_ristorante_vineria_e_locanda_43.1065_12.4314.json,custom
43.116910,12.401160,ov_canto_sesto_ristorart_43.1169_12.4012,Canto Sesto Ristorart,RESTAURANT,ristorante,https://raw.githubusercontent.com/pasqualelembo78/huntix-poi/main/italia/marche/perugia/pages/canto_sesto_ristorart_43.1169_12.4012.json,custom
43.118140,12.401850,ov_bar_life_43.1181_12.4018,Bar Life,RESTAURANT,ristorante,https://raw.githubusercontent.com/pasqualelembo78/huntix-poi/main/italia/marche/perugia/pages/bar_life_43.1181_12.4018.json,custom
43.125615,12.435786,ov_mc_marin_s_ai_thebris_43.1256_12.4358,Mc Marin's ai Thebris,RESTAURANT,ristorante,https://raw.githubusercontent.com/pasqualelembo78/huntix-poi/main/italia/marche/perugia/pages/mc_marins_ai_thebris_43.1256_12.4358.json,custom
43.125385,12.435976,ov_la_locanda_del_drago_marino_eventi_43.1254_12.4360,La Locanda del Drago Marino Eventi,RESTAURANT,ristorante,https://raw.githubusercontent.com/pasqualelembo78/huntix-poi/main/italia/marche/perugia/pages/la_locanda_del_drago_marino_eventi_43.1254_12.4360.json,custom
43.125494,12.435961,ov_ristorante_e_pizzeria_parthenope_43.1255_12.4360,Ristorante e pizzeria Parthenope,RESTAURANT,ristorante,https://raw.githubusercontent.com/pasqualelembo78/huntix-poi/main/italia/marche/perugia/pages/ristorante_e_pizzeria_parthenope_43.1255_12.4360.json,custom
43.118596,12.450468,ov_il_filo_d_olio_43.1186_12.4505,Il Filo d'Olio,RESTAURANT,ristorante,https://raw.githubusercontent.com/pasqualelembo78/huntix-poi/main/italia/marche/perugia/pages/il_filo_dolio_43.1186_12.4505.json,custom
43.118810,12.453440,ov_la_boteghita_del_medio_43.1188_12.4534,La Boteghita del Medio,RESTAURANT,ristorante,https://raw.githubusercontent.com/pasqualelembo78/huntix-poi/main/italia/marche/perugia/pages/la_boteghita_del_medio_43.1188_12.4534.json,custom
43.131793,12.446412,ov_canestrelli_43.1318_12.4464,Canestrelli,RESTAURANT,ristorante,https://raw.githubusercontent.com/pasqualelembo78/huntix-poi/main/italia/marche/perugia/pages/canestrelli_43.1318_12.4464.json,custom
43.131802,12.446977,ov_autogrill_43.1318_12.4470,Autogrill,RESTAURANT,ristorante,https://raw.githubusercontent.com/pasqualelembo78/huntix-poi/main/italia/marche/perugia/pages/autogrill_43.1318_12.4470.json,custom
43.132170,12.445290,ov_pizzidea_ponte_felcino_43.1322_12.4453,Pizzidea Ponte Felcino,RESTAURANT,ristorante,https://raw.githubusercontent.com/pasqualelembo78/huntix-poi/main/italia/marche/perugia/pages/pizzidea_ponte_felcino_43.1322_12.4453.json,custom
43.132933,12.449471,ov_dal_nicco_43.1329_12.4495,Dal Nicco,RESTAURANT,ristorante,https://raw.githubusercontent.com/pasqualelembo78/huntix-poi/main/italia/marche/perugia/pages/dal_nicco_43.1329_12.4495.json,custom
43.132269,12.444972,ov_dario_s_pizza_43.1323_12.4450,Dario's Pizza,RESTAURANT,ristorante,https://raw.githubusercontent.com/pasqualelembo78/huntix-poi/main/italia/marche/perugia/pages/darios_pizza_43.1323_12.4450.json,custom
43.135050,12.444137,ov_la_torre_delle_bege_43.1350_12.4441,La Torre delle Bege,RESTAURANT,ristorante,https://raw.githubusercontent.com/pasqualelembo78/huntix-poi/main/italia/marche/perugia/pages/la_torre_delle_bege_43.1350_12.4441.json,custom
43.135941,12.447121,ov_molino_della_catasta_43.1359_12.4471,Molino della Catasta,RESTAURANT,ristorante,https://raw.githubusercontent.com/pasqualelembo78/huntix-poi/main/italia/marche/perugia/pages/molino_della_catasta_43.1359_12.4471.json,custom
43.136102,12.445349,ov_vecchi_sapori_43.1361_12.4453,Vecchi Sapori,RESTAURANT,ristorante,https://raw.githubusercontent.com/pasqualelembo78/huntix-poi/main/italia/marche/perugia/pages/vecchi_sapori_43.1361_12.4453.json,custom
43.141825,12.465267,ov_bosco_131_43.1418_12.4653,Bosco 131,RESTAURANT,ristorante,https://raw.githubusercontent.com/pasqualelembo78/huntix-poi/main/italia/marche/perugia/pages/bosco_131_43.1418_12.4653.json,custom
43.142112,12.465354,ov_l_osteria_del_bosco_43.1421_12.4654,L'Osteria Del Bosco,RESTAURANT,ristorante,https://raw.githubusercontent.com/pasqualelembo78/huntix-poi/main/italia/marche/perugia/pages/losteria_del_bosco_43.1421_12.4654.json,custom
43.140973,12.463588,ov_fedy_pizza_43.1410_12.4636,Fedy Pizza,RESTAURANT,ristorante,https://raw.githubusercontent.com/pasqualelembo78/huntix-poi/main/italia/marche/perugia/pages/fedy_pizza_43.1410_12.4636.json,custom
43.134290,12.438030,ov_valiani_home_restaurant_43.1343_12.4380,Valiani Home Restaurant,RESTAURANT,ristorante,https://raw.githubusercontent.com/pasqualelembo78/huntix-poi/main/italia/marche/perugia/pages/valiani_home_restaurant_43.1343_12.4380.json,custom
43.163456,12.468579,ov_agriturismo_san_fedele_43.1635_12.4686,Agriturismo San Fedele,RESTAURANT,ristorante,https://raw.githubusercontent.com/pasqualelembo78/huntix-poi/main/italia/marche/perugia/pages/agriturismo_san_fedele_43.1635_12.4686.json,custom
43.161975,12.464077,ov_trilogy_restaurant_and_pizza_43.1620_12.4641,Trilogy Restaurant and Pizza,RESTAURANT,ristorante,https://raw.githubusercontent.com/pasqualelembo78/huntix-poi/main/italia/marche/perugia/pages/trilogy_restaurant_and_pizza_43.1620_12.4641.json,custom
43.146426,12.483452,ov_la_locanda_dei_golosi_43.1464_12.4835,La Locanda dei Golosi,RESTAURANT,ristorante,https://raw.githubusercontent.com/pasqualelembo78/huntix-poi/main/italia/marche/perugia/pages/la_locanda_dei_golosi_43.1464_12.4835.json,custom
43.155955,12.489259,ov_bar_queen_s_43.1560_12.4893,Bar Queen’s,RESTAURANT,ristorante,https://raw.githubusercontent.com/pasqualelembo78/huntix-poi/main/italia/marche/perugia/pages/bar_queens_43.1560_12.4893.json,custom
43.156800,12.489460,ov_la_piazzetta_di_veronica_43.1568_12.4895,la piazzetta di veronica,RESTAURANT,ristorante,https://raw.githubusercontent.com/pasqualelembo78/huntix-poi/main/italia/marche/perugia/pages/la_piazzetta_di_veronica_43.1568_12.4895.json,custom
43.158330,12.491427,ov_la_tagliatella_43.1583_12.4914,La Tagliatella,RESTAURANT,ristorante,https://raw.githubusercontent.com/pasqualelembo78/huntix-poi/main/italia/marche/perugia/pages/la_tagliatella_43.1583_12.4914.json,custom
43.141607,12.540481,ov_frantoio_eredi_sepioni_erminio_43.1416_12.5405,Frantoio Eredi Sepioni Erminio,RESTAURANT,ristorante,https://raw.githubusercontent.com/pasqualelembo78/huntix-poi/main/italia/marche/perugia/pages/frantoio_eredi_sepioni_erminio_43.1416_12.5405.json,custom
43.142903,12.536453,ov_sagra_del_fungo_di_pianello_43.1429_12.5365,Sagra del Fungo di Pianello,RESTAURANT,ristorante,https://raw.githubusercontent.com/pasqualelembo78/huntix-poi/main/italia/marche/perugia/pages/sagra_del_fungo_di_pianello_43.1429_12.5365.json,custom
43.142461,12.539664,ov_pizzeria_voglia_di_pizza_43.1425_12.5397,Pizzeria Voglia Di Pizza,RESTAURANT,ristorante,https://raw.githubusercontent.com/pasqualelembo78/huntix-poi/main/italia/marche/perugia/pages/pizzeria_voglia_di_pizza_43.1425_12.5397.json,custom
43.141420,12.520050,ov_il_melograno_ristorante__una_natura_da_v_43.1414_12.5200,Il Melograno Ristorante: Una Natura Da Vivere,RESTAURANT,ristorante,https://raw.githubusercontent.com/pasqualelembo78/huntix-poi/main/italia/marche/perugia/pages/il_melograno_ristorante_una_natura_da_vi_43.1414_12.5200.json,custom
43.140077,12.497462,ov_il_poeta_contadino_43.1401_12.4975,Il Poeta Contadino,RESTAURANT,ristorante,https://raw.githubusercontent.com/pasqualelembo78/huntix-poi/main/italia/marche/perugia/pages/il_poeta_contadino_43.1401_12.4975.json,custom
43.130297,12.510435,ov_non_solo_pizza_di_radicchi_isabella_43.1303_12.5104,Non solo Pizza di Radicchi Isabella,RESTAURANT,ristorante,https://raw.githubusercontent.com/pasqualelembo78/huntix-poi/main/italia/marche/perugia/pages/non_solo_pizza_di_radicchi_isabella_43.1303_12.5104.json,custom
43.123490,12.490760,ov_agriturismo_la_ginestrella_43.1235_12.4908,Agriturismo La Ginestrella,RESTAURANT,ristorante,https://raw.githubusercontent.com/pasqualelembo78/huntix-poi/main/italia/marche/perugia/pages/agriturismo_la_ginestrella_43.1235_12.4908.json,custom
43.120810,12.510155,ov_arna_ristorante_43.1208_12.5102,Arna Ristorante,RESTAURANT,ristorante,https://raw.githubusercontent.com/pasqualelembo78/huntix-poi/main/italia/marche/perugia/pages/arna_ristorante_43.1208_12.5102.json,custom
43.051057,12.406789,ov_connubio___cucina___cantina_43.0511_12.4068,Connubio | Cucina & Cantina,RESTAURANT,ristorante,https://raw.githubusercontent.com/pasqualelembo78/huntix-poi/main/italia/marche/perugia/pages/connubio_cucina_cantina_43.0511_12.4068.json,custom
43.185446,12.344130,ov_nativo_43.1854_12.3441,Nativo,RESTAURANT,ristorante,https://raw.githubusercontent.com/pasqualelembo78/huntix-poi/main/italia/marche/perugia/pages/nativo_43.1854_12.3441.json,custom
43.176857,12.332515,ov_ristorante_il_cucuzzaro_43.1769_12.3325,Ristorante Il Cucuzzaro,RESTAURANT,ristorante,https://raw.githubusercontent.com/pasqualelembo78/huntix-poi/main/italia/marche/perugia/pages/ristorante_il_cucuzzaro_43.1769_12.3325.json,custom
43.179589,12.389756,ov_san_lorenzo_di_montenero__perugia__43.1796_12.3898,San Lorenzo Di Montenero (Perugia),RESTAURANT,ristorante,https://raw.githubusercontent.com/pasqualelembo78/huntix-poi/main/italia/marche/perugia/pages/san_lorenzo_di_montenero_perugia_43.1796_12.3898.json,custom
43.175349,12.431107,ov_osteria_del_donca_43.1753_12.4311,Osteria del Donca,RESTAURANT,ristorante,https://raw.githubusercontent.com/pasqualelembo78/huntix-poi/main/italia/marche/perugia/pages/osteria_del_donca_43.1753_12.4311.json,custom
43.179175,12.431526,ov_braccesca_style_anima_e_gusto_43.1792_12.4315,Braccesca Style Anima e Gusto,RESTAURANT,ristorante,https://raw.githubusercontent.com/pasqualelembo78/huntix-poi/main/italia/marche/perugia/pages/braccesca_style_anima_e_gusto_43.1792_12.4315.json,custom
43.180003,12.425826,ov_villa_taticchi_43.1800_12.4258,Villa Taticchi,RESTAURANT,ristorante,https://raw.githubusercontent.com/pasqualelembo78/huntix-poi/main/italia/marche/perugia/pages/villa_taticchi_43.1800_12.4258.json,custom
43.178924,12.426270,ov_pizzeria_pietrino_2_43.1789_12.4263,Pizzeria Pietrino 2,RESTAURANT,ristorante,https://raw.githubusercontent.com/pasqualelembo78/huntix-poi/main/italia/marche/perugia/pages/pizzeria_pietrino_2_43.1789_12.4263.json,custom
43.176391,12.427070,ov_bistrot_degli_sfizi_43.1764_12.4271,Bistrot degli Sfizi,RESTAURANT,ristorante,https://raw.githubusercontent.com/pasqualelembo78/huntix-poi/main/italia/marche/perugia/pages/bistrot_degli_sfizi_43.1764_12.4271.json,custom
43.182063,12.440574,ov_la_scuderia_dell_antica_torre_43.1821_12.4406,La Scuderia dell'Antica Torre,RESTAURANT,ristorante,https://raw.githubusercontent.com/pasqualelembo78/huntix-poi/main/italia/marche/perugia/pages/la_scuderia_dellantica_torre_43.1821_12.4406.json,custom
43.197918,12.429026,ov_pizzeria_gitana_43.1979_12.4290,Pizzeria Gitana,RESTAURANT,ristorante,https://raw.githubusercontent.com/pasqualelembo78/huntix-poi/main/italia/marche/perugia/pages/pizzeria_gitana_43.1979_12.4290.json,custom
43.203058,12.454489,ov_il_casale_del_grillo_43.2031_12.4545,Il Casale del Grillo,RESTAURANT,ristorante,https://raw.githubusercontent.com/pasqualelembo78/huntix-poi/main/italia/marche/perugia/pages/il_casale_del_grillo_43.2031_12.4545.json,custom
43.189299,12.334936,ov_la_roverella_43.1893_12.3349,La Roverella,RESTAURANT,ristorante,https://raw.githubusercontent.com/pasqualelembo78/huntix-poi/main/italia/marche/perugia/pages/la_roverella_43.1893_12.3349.json,custom
43.189790,12.319800,ov_italy_on_the_road_43.1898_12.3198,Italy On The Road,RESTAURANT,ristorante,https://raw.githubusercontent.com/pasqualelembo78/huntix-poi/main/italia/marche/perugia/pages/italy_on_the_road_43.1898_12.3198.json,custom
43.191129,12.289158,ov_borgo_giglione_43.1911_12.2892,Borgo Giglione,RESTAURANT,ristorante,https://raw.githubusercontent.com/pasqualelembo78/huntix-poi/main/italia/marche/perugia/pages/borgo_giglione_43.1911_12.2892.json,custom
43.217036,12.415645,ov_pizzeria_i_j_43.2170_12.4156,Pizzeria i&j,RESTAURANT,ristorante,https://raw.githubusercontent.com/pasqualelembo78/huntix-poi/main/italia/marche/perugia/pages/pizzeria_ij_43.2170_12.4156.json,custom
43.225288,12.390420,ov_ristorante_il_caldaro_43.2253_12.3904,Ristorante Il Caldaro,RESTAURANT,ristorante,https://raw.githubusercontent.com/pasqualelembo78/huntix-poi/main/italia/marche/perugia/pages/ristorante_il_caldaro_43.2253_12.3904.json,custom
43.229936,12.408770,ov_borgomela_ristorante_43.2299_12.4088,Borgomela Ristorante,RESTAURANT,ristorante,https://raw.githubusercontent.com/pasqualelembo78/huntix-poi/main/italia/marche/perugia/pages/borgomela_ristorante_43.2299_12.4088.json,custom
43.240950,12.427564,ov_locanda_rancolfo_43.2409_12.4276,Locanda Rancolfo,RESTAURANT,ristorante,https://raw.githubusercontent.com/pasqualelembo78/huntix-poi/main/italia/marche/perugia/pages/locanda_rancolfo_43.2409_12.4276.json,custom
43.226078,12.346513,ov_ristorante_la_boiola_43.2261_12.3465,Ristorante la Boiola,RESTAURANT,ristorante,https://raw.githubusercontent.com/pasqualelembo78/huntix-poi/main/italia/marche/perugia/pages/ristorante_la_boiola_43.2261_12.3465.json,custom
43.228925,12.324863,ov_gudiolo_43.2289_12.3249,Gudiolo,RESTAURANT,ristorante,https://raw.githubusercontent.com/pasqualelembo78/huntix-poi/main/italia/marche/perugia/pages/gudiolo_43.2289_12.3249.json,custom
43.254830,12.673920,ov_circolo_acli_biagetto_43.2548_12.6739,Circolo Acli Biagetto,RESTAURANT,ristorante,https://raw.githubusercontent.com/pasqualelembo78/huntix-poi/main/italia/marche/perugia/pages/circolo_acli_biagetto_43.2548_12.6739.json,custom
43.191155,12.548476,ov_il_sogno_italiano_43.1912_12.5485,Il sogno Italiano,RESTAURANT,ristorante,https://raw.githubusercontent.com/pasqualelembo78/huntix-poi/main/italia/marche/perugia/pages/il_sogno_italiano_43.1912_12.5485.json,custom
43.186730,12.548080,ov_il_cantico_delle_cicale_43.1867_12.5481,Il Cantico delle Cicale,RESTAURANT,ristorante,https://raw.githubusercontent.com/pasqualelembo78/huntix-poi/main/italia/marche/perugia/pages/il_cantico_delle_cicale_43.1867_12.5481.json,custom
43.186131,12.497030,ov_agriturismo_il_geranio_43.1861_12.4970,Agriturismo Il Geranio,RESTAURANT,ristorante,https://raw.githubusercontent.com/pasqualelembo78/huntix-poi/main/italia/marche/perugia/pages/agriturismo_il_geranio_43.1861_12.4970.json,custom
43.180016,12.498262,ov_ristorante_rosati_collefiorito_43.1800_12.4983,Ristorante Rosati Collefiorito,RESTAURANT,ristorante,https://raw.githubusercontent.com/pasqualelembo78/huntix-poi/main/italia/marche/perugia/pages/ristorante_rosati_collefiorito_43.1800_12.4983.json,custom
43.173296,12.523227,ov_agriturismo_il_cantico_delle_cicale_43.1733_12.5232,Agriturismo Il Cantico delle Cicale,RESTAURANT,ristorante,https://raw.githubusercontent.com/pasqualelembo78/huntix-poi/main/italia/marche/perugia/pages/agriturismo_il_cantico_delle_cicale_43.1733_12.5232.json,custom
43.106354,12.431365,osm_stella_43.1064_12.4314,Stella,ristorante,ristorante,https://raw.githubusercontent.com/pasqualelembo78/huntix-poi/main/italia/marche/perugia/pages/stella_43.1064_12.4314.json,custom
43.111796,12.388272,osm_osteria_n_13_43.1118_12.3883,Osteria n.13,ristorante,ristorante,https://raw.githubusercontent.com/pasqualelembo78/huntix-poi/main/italia/marche/perugia/pages/osteria_n13_43.1118_12.3883.json,custom
43.110410,12.389682,osm_mr__chips_43.1104_12.3897,MR. Chips,ristorante,ristorante,https://raw.githubusercontent.com/pasqualelembo78/huntix-poi/main/italia/marche/perugia/pages/mr_chips_43.1104_12.3897.json,custom
43.107315,12.389278,osm_ristorante_iris_43.1073_12.3893,Ristorante Iris,ristorante,ristorante,https://raw.githubusercontent.com/pasqualelembo78/huntix-poi/main/italia/marche/perugia/pages/ristorante_iris_43.1073_12.3893.json,custom
43.096646,12.355440,osm_old_wild_west_43.0966_12.3554,Old Wild West,ristorante,ristorante,https://raw.githubusercontent.com/pasqualelembo78/huntix-poi/main/italia/marche/perugia/pages/old_wild_west_43.0966_12.3554.json,custom
43.079260,12.335227,osm_tentacoli_fast_fish_good_43.0793_12.3352,Tentacoli Fast Fish Good,ristorante,ristorante,https://raw.githubusercontent.com/pasqualelembo78/huntix-poi/main/italia/marche/perugia/pages/tentacoli_fast_fish_good_43.0793_12.3352.json,custom
43.114015,12.357705,osm_ristorante_pizzeria_sualto_43.1140_12.3577,Ristorante Pizzeria Sualto,ristorante,ristorante,https://raw.githubusercontent.com/pasqualelembo78/huntix-poi/main/italia/marche/perugia/pages/ristorante_pizzeria_sualto_43.1140_12.3577.json,custom
43.090570,12.367600,osm_crudo_43.0906_12.3676,Crudo,ristorante,ristorante,https://raw.githubusercontent.com/pasqualelembo78/huntix-poi/main/italia/marche/perugia/pages/crudo_43.0906_12.3676.json,custom
43.104329,12.393039,osm_pizzeria_la_romantica_43.1043_12.3930,Pizzeria La Romantica,ristorante,ristorante,https://raw.githubusercontent.com/pasqualelembo78/huntix-poi/main/italia/marche/perugia/pages/pizzeria_la_romantica_43.1043_12.3930.json,custom
43.106070,12.388238,osm_sangallo_palace_43.1061_12.3882,Sangallo Palace,ristorante,ristorante,https://raw.githubusercontent.com/pasqualelembo78/huntix-poi/main/italia/marche/perugia/pages/sangallo_palace_43.1061_12.3882.json,custom
43.072979,12.321720,osm_mastropizza_43.0730_12.3217,MastroPizza,ristorante,ristorante,https://raw.githubusercontent.com/pasqualelembo78/huntix-poi/main/italia/marche/perugia/pages/mastropizza_43.0730_12.3217.json,custom
43.104118,12.393182,osm_l_emporio_sulla_strada_43.1041_12.3932,L'Emporio Sulla Strada,ristorante,ristorante,https://raw.githubusercontent.com/pasqualelembo78/huntix-poi/main/italia/marche/perugia/pages/lemporio_sulla_strada_43.1041_12.3932.json,custom
43.107614,12.390022,osm_pizzeria_mediterranea_43.1076_12.3900,Pizzeria Mediterranea,ristorante,ristorante,https://raw.githubusercontent.com/pasqualelembo78/huntix-poi/main/italia/marche/perugia/pages/pizzeria_mediterranea_43.1076_12.3900.json,custom
43.091872,12.443767,osm_bamb__43.0919_12.4438,Bambù,ristorante,ristorante,https://raw.githubusercontent.com/pasqualelembo78/huntix-poi/main/italia/marche/perugia/pages/bamb_43.0919_12.4438.json,custom
43.114313,12.390856,osm_pizza_in_43.1143_12.3909,Pizza In,ristorante,ristorante,https://raw.githubusercontent.com/pasqualelembo78/huntix-poi/main/italia/marche/perugia/pages/pizza_in_43.1143_12.3909.json,custom
43.112018,12.392337,osm_osteria_del_gufo_43.1120_12.3923,Osteria del Gufo,ristorante,ristorante,https://raw.githubusercontent.com/pasqualelembo78/huntix-poi/main/italia/marche/perugia/pages/osteria_del_gufo_43.1120_12.3923.json,custom
43.113036,12.387660,osm_lezioni_di_greco_43.1130_12.3877,Lezioni di Greco,ristorante,ristorante,https://raw.githubusercontent.com/pasqualelembo78/huntix-poi/main/italia/marche/perugia/pages/lezioni_di_greco_43.1130_12.3877.json,custom
43.109070,12.387067,osm_ristorante_altromondo_43.1091_12.3871,Ristorante Altromondo,ristorante,ristorante,https://raw.githubusercontent.com/pasqualelembo78/huntix-poi/main/italia/marche/perugia/pages/ristorante_altromondo_43.1091_12.3871.json,custom
43.109361,12.387879,osm_la_rosetta_43.1094_12.3879,La Rosetta,ristorante,ristorante,https://raw.githubusercontent.com/pasqualelembo78/huntix-poi/main/italia/marche/perugia/pages/la_rosetta_43.1094_12.3879.json,custom
43.107706,12.391123,osm_dalla_bianca_43.1077_12.3911,Dalla Bianca,ristorante,ristorante,https://raw.githubusercontent.com/pasqualelembo78/huntix-poi/main/italia/marche/perugia/pages/dalla_bianca_43.1077_12.3911.json,custom
43.104370,12.322421,osm_la_cascina___cucina___pizza_43.1044_12.3224,La cascina - Cucina & Pizza,ristorante,ristorante,https://raw.githubusercontent.com/pasqualelembo78/huntix-poi/main/italia/marche/perugia/pages/la_cascina_-_cucina_pizza_43.1044_12.3224.json,custom
43.114926,12.403734,osm_ilgo_43.1149_12.4037,Ilgo,ristorante,ristorante,https://raw.githubusercontent.com/pasqualelembo78/huntix-poi/main/italia/marche/perugia/pages/ilgo_43.1149_12.4037.json,custom
43.115266,12.399562,osm_ristorante_monteluce_43.1153_12.3996,Ristorante Monteluce,ristorante,ristorante,https://raw.githubusercontent.com/pasqualelembo78/huntix-poi/main/italia/marche/perugia/pages/ristorante_monteluce_43.1153_12.3996.json,custom
43.110089,12.388878,osm_la_pasteria_43.1101_12.3889,La Pasteria,ristorante,ristorante,https://raw.githubusercontent.com/pasqualelembo78/huntix-poi/main/italia/marche/perugia/pages/la_pasteria_43.1101_12.3889.json,custom
43.111601,12.389105,osm_merlin_s_43.1116_12.3891,Merlin's,ristorante,ristorante,https://raw.githubusercontent.com/pasqualelembo78/huntix-poi/main/italia/marche/perugia/pages/merlins_43.1116_12.3891.json,custom
43.110894,12.388976,osm_caffe_di_perugia_43.1109_12.3890,Caffe di Perugia,ristorante,ristorante,https://raw.githubusercontent.com/pasqualelembo78/huntix-poi/main/italia/marche/perugia/pages/caffe_di_perugia_43.1109_12.3890.json,custom
43.110798,12.389078,osm_mercato_vianova_43.1108_12.3891,Mercato Vianova,ristorante,ristorante,https://raw.githubusercontent.com/pasqualelembo78/huntix-poi/main/italia/marche/perugia/pages/mercato_vianova_43.1108_12.3891.json,custom
43.110725,12.388334,osm_ferrari_43.1107_12.3883,Ferrari,ristorante,ristorante,https://raw.githubusercontent.com/pasqualelembo78/huntix-poi/main/italia/marche/perugia/pages/ferrari_43.1107_12.3883.json,custom
43.112050,12.388275,osm_da_cesarino_43.1121_12.3883,Da Cesarino,ristorante,ristorante,https://raw.githubusercontent.com/pasqualelembo78/huntix-poi/main/italia/marche/perugia/pages/da_cesarino_43.1121_12.3883.json,custom
43.110910,12.388775,osm_pizzeria_reginella_43.1109_12.3888,Pizzeria Reginella,ristorante,ristorante,https://raw.githubusercontent.com/pasqualelembo78/huntix-poi/main/italia/marche/perugia/pages/pizzeria_reginella_43.1109_12.3888.json,custom
43.112877,12.384421,osm_dinastia_43.1129_12.3844,Dinastia,ristorante,ristorante,https://raw.githubusercontent.com/pasqualelembo78/huntix-poi/main/italia/marche/perugia/pages/dinastia_43.1129_12.3844.json,custom
43.115736,12.388062,osm_brizi_43.1157_12.3881,Brizi,ristorante,ristorante,https://raw.githubusercontent.com/pasqualelembo78/huntix-poi/main/italia/marche/perugia/pages/brizi_43.1157_12.3881.json,custom
43.099610,12.384956,osm_pizzeria_gi_bi_43.0996_12.3850,Pizzeria Gi-Bi,ristorante,ristorante,https://raw.githubusercontent.com/pasqualelembo78/huntix-poi/main/italia/marche/perugia/pages/pizzeria_gi-bi_43.0996_12.3850.json,custom
43.125558,12.435864,osm_ristorante_pizzeria_ai_thebris_43.1256_12.4359,Ristorante Pizzeria AI Thebris,ristorante,ristorante,https://raw.githubusercontent.com/pasqualelembo78/huntix-poi/main/italia/marche/perugia/pages/ristorante_pizzeria_ai_thebris_43.1256_12.4359.json,custom
43.112497,12.389790,osm_san_lorenzo_43.1125_12.3898,San Lorenzo,ristorante,ristorante,https://raw.githubusercontent.com/pasqualelembo78/huntix-poi/main/italia/marche/perugia/pages/san_lorenzo_43.1125_12.3898.json,custom
43.082385,12.350398,osm_corner_bistrot_43.0824_12.3504,Corner Bistrot,ristorante,ristorante,https://raw.githubusercontent.com/pasqualelembo78/huntix-poi/main/italia/marche/perugia/pages/corner_bistrot_43.0824_12.3504.json,custom
43.079575,12.336566,osm_doremifa_wok_sush__teppanyak__43.0796_12.3366,DoReMiFa Wok-Sushì-Teppanyakì,ristorante,ristorante,https://raw.githubusercontent.com/pasqualelembo78/huntix-poi/main/italia/marche/perugia/pages/doremifa_wok-sush-teppanyak_43.0796_12.3366.json,custom
43.109238,12.389821,osm_umbr__43.1092_12.3898,Umbrò,ristorante,ristorante,https://raw.githubusercontent.com/pasqualelembo78/huntix-poi/main/italia/marche/perugia/pages/umbr_43.1092_12.3898.json,custom
43.106449,12.361970,osm_piadina4you_43.1064_12.3620,Piadina4You,ristorante,ristorante,https://raw.githubusercontent.com/pasqualelembo78/huntix-poi/main/italia/marche/perugia/pages/piadina4you_43.1064_12.3620.json,custom
43.084146,12.356612,osm_la_piccola_loggia_43.0841_12.3566,La Piccola Loggia,ristorante,ristorante,https://raw.githubusercontent.com/pasqualelembo78/huntix-poi/main/italia/marche/perugia/pages/la_piccola_loggia_43.0841_12.3566.json,custom
43.113865,12.389247,osm_osteria_arco_etrusco_43.1139_12.3892,Osteria Arco Etrusco,ristorante,ristorante,https://raw.githubusercontent.com/pasqualelembo78/huntix-poi/main/italia/marche/perugia/pages/osteria_arco_etrusco_43.1139_12.3892.json,custom
43.101386,12.343653,osm_il_vespertino_43.1014_12.3437,Il Vespertino,ristorante,ristorante,https://raw.githubusercontent.com/pasqualelembo78/huntix-poi/main/italia/marche/perugia/pages/il_vespertino_43.1014_12.3437.json,custom
43.114447,12.375873,osm_ristoro_le_terme_di_san_galigano_43.1144_12.3759,Ristoro Le Terme Di San Galigano,ristorante,ristorante,https://raw.githubusercontent.com/pasqualelembo78/huntix-poi/main/italia/marche/perugia/pages/ristoro_le_terme_di_san_galigano_43.1144_12.3759.json,custom
43.109029,12.386802,osm_osteria_del_ghiottone_43.1090_12.3868,Osteria del ghiottone,ristorante,ristorante,https://raw.githubusercontent.com/pasqualelembo78/huntix-poi/main/italia/marche/perugia/pages/osteria_del_ghiottone_43.1090_12.3868.json,custom
43.112740,12.389024,osm_al_tartufo_43.1127_12.3890,Al Tartufo,ristorante,ristorante,https://raw.githubusercontent.com/pasqualelembo78/huntix-poi/main/italia/marche/perugia/pages/al_tartufo_43.1127_12.3890.json,custom
43.112651,12.390266,osm_mediterranea_43.1127_12.3903,Mediterranea,ristorante,ristorante,https://raw.githubusercontent.com/pasqualelembo78/huntix-poi/main/italia/marche/perugia/pages/mediterranea_43.1127_12.3903.json,custom
43.112688,12.393091,osm_la_fame___vineria_e_cucina_43.1127_12.3931,La fame - vineria e cucina,ristorante,ristorante,https://raw.githubusercontent.com/pasqualelembo78/huntix-poi/main/italia/marche/perugia/pages/la_fame_-_vineria_e_cucina_43.1127_12.3931.json,custom
43.111772,12.392533,osm_pizza_e_musica_43.1118_12.3925,Pizza E Musica,ristorante,ristorante,https://raw.githubusercontent.com/pasqualelembo78/huntix-poi/main/italia/marche/perugia/pages/pizza_e_musica_43.1118_12.3925.json,custom
43.108289,12.388775,osm_punto_di_vista_43.1083_12.3888,Punto di Vista,ristorante,ristorante,https://raw.githubusercontent.com/pasqualelembo78/huntix-poi/main/italia/marche/perugia/pages/punto_di_vista_43.1083_12.3888.json,custom
43.111810,12.387300,osm_secret_43.1118_12.3873,Secret,ristorante,ristorante,https://raw.githubusercontent.com/pasqualelembo78/huntix-poi/main/italia/marche/perugia/pages/secret_43.1118_12.3873.json,custom
43.114441,12.390734,osm_microcosmo_bubble_tea_perugia_43.1144_12.3907,Microcosmo Bubble Tea Perugia,ristorante,ristorante,https://raw.githubusercontent.com/pasqualelembo78/huntix-poi/main/italia/marche/perugia/pages/microcosmo_bubble_tea_perugia_43.1144_12.3907.json,custom
43.114694,12.388527,osm_pizza_italia_43.1147_12.3885,Pizza Italia,ristorante,ristorante,https://raw.githubusercontent.com/pasqualelembo78/huntix-poi/main/italia/marche/perugia/pages/pizza_italia_43.1147_12.3885.json,custom
43.115413,12.389538,osm_rosso_vino_pg_43.1154_12.3895,Rosso Vino Pg,ristorante,ristorante,https://raw.githubusercontent.com/pasqualelembo78/huntix-poi/main/italia/marche/perugia/pages/rosso_vino_pg_43.1154_12.3895.json,custom
43.112742,12.393279,osm_il_moderno_43.1127_12.3933,Il Moderno,ristorante,ristorante,https://raw.githubusercontent.com/pasqualelembo78/huntix-poi/main/italia/marche/perugia/pages/il_moderno_43.1127_12.3933.json,custom
43.114988,12.389057,osm_taverna_del_grifo_43.1150_12.3891,Taverna del Grifo,ristorante,ristorante,https://raw.githubusercontent.com/pasqualelembo78/huntix-poi/main/italia/marche/perugia/pages/taverna_del_grifo_43.1150_12.3891.json,custom
43.115156,12.389204,osm_pizzidea_43.1152_12.3892,Pizzidea,ristorante,ristorante,https://raw.githubusercontent.com/pasqualelembo78/huntix-poi/main/italia/marche/perugia/pages/pizzidea_43.1152_12.3892.json,custom
43.114833,12.389080,osm_mensa_universit__per_stranieri_43.1148_12.3891,Mensa Università per Stranieri,ristorante,ristorante,https://raw.githubusercontent.com/pasqualelembo78/huntix-poi/main/italia/marche/perugia/pages/mensa_universit_per_stranieri_43.1148_12.3891.json,custom
43.103332,12.396054,osm_ristorante_del_tennis_43.1033_12.3961,Ristorante del tennis,ristorante,ristorante,https://raw.githubusercontent.com/pasqualelembo78/huntix-poi/main/italia/marche/perugia/pages/ristorante_del_tennis_43.1033_12.3961.json,custom
43.104116,12.393436,osm_la_pampanelleria_43.1041_12.3934,La Pampanelleria,ristorante,ristorante,https://raw.githubusercontent.com/pasqualelembo78/huntix-poi/main/italia/marche/perugia/pages/la_pampanelleria_43.1041_12.3934.json,custom
43.107219,12.390937,osm_miramonti_43.1072_12.3909,Miramonti,ristorante,ristorante,https://raw.githubusercontent.com/pasqualelembo78/huntix-poi/main/italia/marche/perugia/pages/miramonti_43.1072_12.3909.json,custom
43.106819,12.391046,osm_enone_43.1068_12.3910,Enone,ristorante,ristorante,https://raw.githubusercontent.com/pasqualelembo78/huntix-poi/main/italia/marche/perugia/pages/enone_43.1068_12.3910.json,custom
43.107116,12.390960,osm_sole_mio_43.1071_12.3910,Sole Mio,ristorante,ristorante,https://raw.githubusercontent.com/pasqualelembo78/huntix-poi/main/italia/marche/perugia/pages/sole_mio_43.1071_12.3910.json,custom
43.108121,12.389962,osm_la_birroteca_43.1081_12.3900,La Birroteca,ristorante,ristorante,https://raw.githubusercontent.com/pasqualelembo78/huntix-poi/main/italia/marche/perugia/pages/la_birroteca_43.1081_12.3900.json,custom
43.109614,12.389788,osm_baba_burgers___food_lab_43.1096_12.3898,Baba Burgers & Food Lab,ristorante,ristorante,https://raw.githubusercontent.com/pasqualelembo78/huntix-poi/main/italia/marche/perugia/pages/baba_burgers_food_lab_43.1096_12.3898.json,custom
43.110373,12.389716,osm_panciotto_43.1104_12.3897,Panciotto,ristorante,ristorante,https://raw.githubusercontent.com/pasqualelembo78/huntix-poi/main/italia/marche/perugia/pages/panciotto_43.1104_12.3897.json,custom
43.078275,12.339312,osm_pocanoja_43.0783_12.3393,Pocanoja,ristorante,ristorante,https://raw.githubusercontent.com/pasqualelembo78/huntix-poi/main/italia/marche/perugia/pages/pocanoja_43.0783_12.3393.json,custom
43.104432,12.389320,osm_pizza_pizza_43.1044_12.3893,Pizza Pizza,ristorante,ristorante,https://raw.githubusercontent.com/pasqualelembo78/huntix-poi/main/italia/marche/perugia/pages/pizza_pizza_43.1044_12.3893.json,custom
43.112084,12.357285,osm_la_sera_43.1121_12.3573,La Sera,ristorante,ristorante,https://raw.githubusercontent.com/pasqualelembo78/huntix-poi/main/italia/marche/perugia/pages/la_sera_43.1121_12.3573.json,custom
43.225227,12.390341,osm_il_caldaro_43.2252_12.3903,IL Caldaro,ristorante,ristorante,https://raw.githubusercontent.com/pasqualelembo78/huntix-poi/main/italia/marche/perugia/pages/il_caldaro_43.2252_12.3903.json,custom
43.113324,12.388426,osm_cocote_43.1133_12.3884,Cocote,ristorante,ristorante,https://raw.githubusercontent.com/pasqualelembo78/huntix-poi/main/italia/marche/perugia/pages/cocote_43.1133_12.3884.json,custom
43.101464,12.377622,osm_gran_variet__43.1015_12.3776,Gran VariEtà,ristorante,ristorante,https://raw.githubusercontent.com/pasqualelembo78/huntix-poi/main/italia/marche/perugia/pages/gran_variet_43.1015_12.3776.json,custom
43.116998,12.378278,osm_i_rosticcieri_43.1170_12.3783,I Rosticcieri,ristorante,ristorante,https://raw.githubusercontent.com/pasqualelembo78/huntix-poi/main/italia/marche/perugia/pages/i_rosticcieri_43.1170_12.3783.json,custom
43.095680,12.390679,osm_pizzeria_pietrino_43.0957_12.3907,Pizzeria Pietrino,ristorante,ristorante,https://raw.githubusercontent.com/pasqualelembo78/huntix-poi/main/italia/marche/perugia/pages/pizzeria_pietrino_43.0957_12.3907.json,custom
43.114293,12.394272,osm_ristorante_dal_picciotto_sicilian_food_43.1143_12.3943,Ristorante Dal Picciotto Sicilian food,ristorante,ristorante,https://raw.githubusercontent.com/pasqualelembo78/huntix-poi/main/italia/marche/perugia/pages/ristorante_dal_picciotto_sicilian_food_43.1143_12.3943.json,custom
43.117824,12.364450,osm_pizzeria_acqua_e_farina_43.1178_12.3644,Pizzeria Acqua e Farina,ristorante,ristorante,https://raw.githubusercontent.com/pasqualelembo78/huntix-poi/main/italia/marche/perugia/pages/pizzeria_acqua_e_farina_43.1178_12.3644.json,custom
43.113212,12.389663,osm_il_giurista_43.1132_12.3897,Il Giurista,ristorante,ristorante,https://raw.githubusercontent.com/pasqualelembo78/huntix-poi/main/italia/marche/perugia/pages/il_giurista_43.1132_12.3897.json,custom
43.058902,12.271439,osm_la_casina_rossa_43.0589_12.2714,La Casina Rossa,ristorante,ristorante,https://raw.githubusercontent.com/pasqualelembo78/huntix-poi/main/italia/marche/perugia/pages/la_casina_rossa_43.0589_12.2714.json,custom
43.110490,12.388806,osm_daje_43.1105_12.3888,DAJE,ristorante,ristorante,https://raw.githubusercontent.com/pasqualelembo78/huntix-poi/main/italia/marche/perugia/pages/daje_43.1105_12.3888.json,custom
43.110529,12.389235,osm_caf__timbuktu_43.1105_12.3892,Café Timbuktu,ristorante,ristorante,https://raw.githubusercontent.com/pasqualelembo78/huntix-poi/main/italia/marche/perugia/pages/caf_timbuktu_43.1105_12.3892.json,custom
43.076446,12.363791,osm_testone___via_settevalli_43.0764_12.3638,Testone - Via Settevalli,ristorante,ristorante,https://raw.githubusercontent.com/pasqualelembo78/huntix-poi/main/italia/marche/perugia/pages/testone_-_via_settevalli_43.0764_12.3638.json,custom
43.143917,12.530425,osm_agriturismo_il_melograno_benessere___nat_43.1439_12.5304,Agriturismo il Melograno Benessere & Natura da Vivere,ristorante,ristorante,https://raw.githubusercontent.com/pasqualelembo78/huntix-poi/main/italia/marche/perugia/pages/agriturismo_il_melograno_benessere_natur_43.1439_12.5304.json,custom
43.078344,12.335619,osm_la_romantica_pizzeria___san_sisto_43.0783_12.3356,La Romantica Pizzeria - San Sisto,ristorante,ristorante,https://raw.githubusercontent.com/pasqualelembo78/huntix-poi/main/italia/marche/perugia/pages/la_romantica_pizzeria_-_san_sisto_43.0783_12.3356.json,custom
43.124152,12.396980,osm_pane___pomodoro_43.1242_12.3970,Pane & Pomodoro,ristorante,ristorante,https://raw.githubusercontent.com/pasqualelembo78/huntix-poi/main/italia/marche/perugia/pages/pane_pomodoro_43.1242_12.3970.json,custom
43.112361,12.383341,osm_trattoria_del_borgo_43.1124_12.3833,Trattoria del Borgo,ristorante,ristorante,https://raw.githubusercontent.com/pasqualelembo78/huntix-poi/main/italia/marche/perugia/pages/trattoria_del_borgo_43.1124_12.3833.json,custom
43.113224,12.389151,osm_piazza_ansidei_43.1132_12.3892,Piazza Ansidei,ristorante,ristorante,https://raw.githubusercontent.com/pasqualelembo78/huntix-poi/main/italia/marche/perugia/pages/piazza_ansidei_43.1132_12.3892.json,custom
43.113249,12.386543,osm_impastata_guasta_piazza_morlacchi_43.1132_12.3865,Impastata Guasta Piazza Morlacchi,ristorante,ristorante,https://raw.githubusercontent.com/pasqualelembo78/huntix-poi/main/italia/marche/perugia/pages/impastata_guasta_piazza_morlacchi_43.1132_12.3865.json,custom
43.109859,12.362089,osm_roadhouse_43.1099_12.3621,Roadhouse,ristorante,ristorante,https://raw.githubusercontent.com/pasqualelembo78/huntix-poi/main/italia/marche/perugia/pages/roadhouse_43.1099_12.3621.json,custom
43.109818,12.389786,osm_trattoria_oberdan_43.1098_12.3898,Trattoria Oberdan,ristorante,ristorante,https://raw.githubusercontent.com/pasqualelembo78/huntix-poi/main/italia/marche/perugia/pages/trattoria_oberdan_43.1098_12.3898.json,custom
43.066235,12.402767,osm_gnammeria_da_gi__43.0662_12.4028,Gnammeria da Giò,ristorante,ristorante,https://raw.githubusercontent.com/pasqualelembo78/huntix-poi/main/italia/marche/perugia/pages/gnammeria_da_gi_43.0662_12.4028.json,custom
43.099491,12.357675,osm_handmade_caf__43.0995_12.3577,Handmade Café,ristorante,ristorante,https://raw.githubusercontent.com/pasqualelembo78/huntix-poi/main/italia/marche/perugia/pages/handmade_caf_43.0995_12.3577.json,custom
43.112294,12.362405,osm_bisb__43.1123_12.3624,Bisbò,ristorante,ristorante,https://raw.githubusercontent.com/pasqualelembo78/huntix-poi/main/italia/marche/perugia/pages/bisb_43.1123_12.3624.json,custom
43.111303,12.362175,osm_sandwich_club_barton_park_43.1113_12.3622,Sandwich Club Barton Park,ristorante,ristorante,https://raw.githubusercontent.com/pasqualelembo78/huntix-poi/main/italia/marche/perugia/pages/sandwich_club_barton_park_43.1113_12.3622.json,custom
43.064716,12.169695,osm_montali_country_house_43.0647_12.1697,Montali Country House,ristorante,ristorante,https://raw.githubusercontent.com/pasqualelembo78/huntix-poi/main/italia/marche/perugia/pages/montali_country_house_43.0647_12.1697.json,custom
43.115354,12.384826,osm_mensa_universitaria_43.1154_12.3848,Mensa Universitaria,ristorante,ristorante,https://raw.githubusercontent.com/pasqualelembo78/huntix-poi/main/italia/marche/perugia/pages/mensa_universitaria_43.1154_12.3848.json,custom
42.778650,12.414970,ov_tower_ristobar_42.7786_12.4150,TOWER RistoBar,RESTAURANT,bar_cafe,https://raw.githubusercontent.com/pasqualelembo78/huntix-poi/main/italia/marche/perugia/pages/tower_ristobar_42.7786_12.4150.json,custom
43.003750,12.356470,ov_bar_le_gallerie_todi_43.0037_12.3565,Bar Le Gallerie Todi,RESTAURANT,bar_cafe,https://raw.githubusercontent.com/pasqualelembo78/huntix-poi/main/italia/marche/perugia/pages/bar_le_gallerie_todi_43.0037_12.3565.json,custom
43.028105,12.398318,ov_romi_bar_tabaccheria_43.0281_12.3983,Romi Bar Tabaccheria,RESTAURANT,bar_cafe,https://raw.githubusercontent.com/pasqualelembo78/huntix-poi/main/italia/marche/perugia/pages/romi_bar_tabaccheria_43.0281_12.3983.json,custom
43.035466,12.396820,ov_zest_bar_43.0355_12.3968,Zest Bar,RESTAURANT,bar_cafe,https://raw.githubusercontent.com/pasqualelembo78/huntix-poi/main/italia/marche/perugia/pages/zest_bar_43.0355_12.3968.json,custom
43.032800,12.364365,ov_bar_tabacchi_matteo_terradura_43.0328_12.3644,Bar Tabacchi Matteo Terradura,RESTAURANT,bar_cafe,https://raw.githubusercontent.com/pasqualelembo78/huntix-poi/main/italia/marche/perugia/pages/bar_tabacchi_matteo_terradura_43.0328_12.3644.json,custom
43.032880,12.364310,ov_barterradura_43.0329_12.3643,barterradura,RESTAURANT,bar_cafe,https://raw.githubusercontent.com/pasqualelembo78/huntix-poi/main/italia/marche/perugia/pages/barterradura_43.0329_12.3643.json,custom
43.032918,12.364297,ov_barlanzano___area_di_servizio_43.0329_12.3643,BaRlanzano - Area di Servizio,RESTAURANT,bar_cafe,https://raw.githubusercontent.com/pasqualelembo78/huntix-poi/main/italia/marche/perugia/pages/barlanzano_-_area_di_servizio_43.0329_12.3643.json,custom
43.032673,12.363707,ov_the_sentry_club_perugia_43.0327_12.3637,The Sentry Club Perugia,RESTAURANT,bar_cafe,https://raw.githubusercontent.com/pasqualelembo78/huntix-poi/main/italia/marche/perugia/pages/the_sentry_club_perugia_43.0327_12.3637.json,custom
43.034197,12.364936,ov_bar_pasticceria_panetteria_da_mary_43.0342_12.3649,Bar Pasticceria Panetteria Da Mary,RESTAURANT,bar_cafe,https://raw.githubusercontent.com/pasqualelembo78/huntix-poi/main/italia/marche/perugia/pages/bar_pasticceria_panetteria_da_mary_43.0342_12.3649.json,custom
43.052499,12.328482,ov_bar_elite_43.0525_12.3285,Bar Elite,RESTAURANT,bar_cafe,https://raw.githubusercontent.com/pasqualelembo78/huntix-poi/main/italia/marche/perugia/pages/bar_elite_43.0525_12.3285.json,custom
43.061760,12.306380,ov_la_botte_e_l_uva_43.0618_12.3064,La botte e l'uva,RESTAURANT,bar_cafe,https://raw.githubusercontent.com/pasqualelembo78/huntix-poi/main/italia/marche/perugia/pages/la_botte_e_luva_43.0618_12.3064.json,custom
43.017520,12.225380,ov_club_santa_isabel_43.0175_12.2254,Club Santa Isabel,RESTAURANT,bar_cafe,https://raw.githubusercontent.com/pasqualelembo78/huntix-poi/main/italia/marche/perugia/pages/club_santa_isabel_43.0175_12.2254.json,custom
43.015091,12.198120,ov_pausa_caff__store_corciano_43.0151_12.1981,Pausa Caffè Store Corciano,RESTAURANT,bar_cafe,https://raw.githubusercontent.com/pasqualelembo78/huntix-poi/main/italia/marche/perugia/pages/pausa_caff_store_corciano_43.0151_12.1981.json,custom
43.025445,12.188900,ov_rock_n_birra_43.0254_12.1889,Rock n'Birra,RESTAURANT,bar_cafe,https://raw.githubusercontent.com/pasqualelembo78/huntix-poi/main/italia/marche/perugia/pages/rock_nbirra_43.0254_12.1889.json,custom
43.024174,12.190970,ov_bar_il_perugino_43.0242_12.1910,Bar Il Perugino,RESTAURANT,bar_cafe,https://raw.githubusercontent.com/pasqualelembo78/huntix-poi/main/italia/marche/perugia/pages/bar_il_perugino_43.0242_12.1910.json,custom
43.147748,12.220445,ov_bibendum_43.1477_12.2204,Bibendum,RESTAURANT,bar_cafe,https://raw.githubusercontent.com/pasqualelembo78/huntix-poi/main/italia/marche/perugia/pages/bibendum_43.1477_12.2204.json,custom
43.136187,12.208809,ov_barmio_43.1362_12.2088,Barmio,RESTAURANT,bar_cafe,https://raw.githubusercontent.com/pasqualelembo78/huntix-poi/main/italia/marche/perugia/pages/barmio_43.1362_12.2088.json,custom
43.153900,12.342444,ov_family_cafe_43.1539_12.3424,Family Cafe,RESTAURANT,bar_cafe,https://raw.githubusercontent.com/pasqualelembo78/huntix-poi/main/italia/marche/perugia/pages/family_cafe_43.1539_12.3424.json,custom
43.159475,12.331678,ov_notorious_pub_43.1595_12.3317,Notorious Pub,RESTAURANT,bar_cafe,https://raw.githubusercontent.com/pasqualelembo78/huntix-poi/main/italia/marche/perugia/pages/notorious_pub_43.1595_12.3317.json,custom
43.131529,12.362477,ov_bar_betti_43.1315_12.3625,Bar Betti,RESTAURANT,bar_cafe,https://raw.githubusercontent.com/pasqualelembo78/huntix-poi/main/italia/marche/perugia/pages/bar_betti_43.1315_12.3625.json,custom
43.132331,12.359356,ov_centro_socio_culturale_san_marco_43.1323_12.3594,Centro Socio Culturale San Marco,RESTAURANT,bar_cafe,https://raw.githubusercontent.com/pasqualelembo78/huntix-poi/main/italia/marche/perugia/pages/centro_socio_culturale_san_marco_43.1323_12.3594.json,custom
43.127247,12.343613,ov_la_macchia_di_montemalbe_43.1272_12.3436,La macchia di Montemalbe,RESTAURANT,bar_cafe,https://raw.githubusercontent.com/pasqualelembo78/huntix-poi/main/italia/marche/perugia/pages/la_macchia_di_montemalbe_43.1272_12.3436.json,custom
43.118775,12.364054,ov_art____perugia_43.1188_12.3641,Artè - Perugia,RESTAURANT,bar_cafe,https://raw.githubusercontent.com/pasqualelembo78/huntix-poi/main/italia/marche/perugia/pages/art_-_perugia_43.1188_12.3641.json,custom
43.116970,12.378130,ov_pieralli_s_bar_43.1170_12.3781,Pieralli’s Bar,RESTAURANT,bar_cafe,https://raw.githubusercontent.com/pasqualelembo78/huntix-poi/main/italia/marche/perugia/pages/pierallis_bar_43.1170_12.3781.json,custom
43.117020,12.379020,ov_2_zero_perugia_43.1170_12.3790,2.ZERO Perugia,RESTAURANT,bar_cafe,https://raw.githubusercontent.com/pasqualelembo78/huntix-poi/main/italia/marche/perugia/pages/2zero_perugia_43.1170_12.3790.json,custom
43.118299,12.375478,ov_bar_modugno_perugia_43.1183_12.3755,Bar Modugno Perugia,RESTAURANT,bar_cafe,https://raw.githubusercontent.com/pasqualelembo78/huntix-poi/main/italia/marche/perugia/pages/bar_modugno_perugia_43.1183_12.3755.json,custom
43.119900,12.371050,ov_chill_bar___landscape_43.1199_12.3711,Chill Bar & Landscape,RESTAURANT,bar_cafe,https://raw.githubusercontent.com/pasqualelembo78/huntix-poi/main/italia/marche/perugia/pages/chill_bar_landscape_43.1199_12.3711.json,custom
43.128544,12.379919,ov_circolo_arci_di_ponte_doddi_43.1285_12.3799,Circolo Arci Di Ponte Doddi,RESTAURANT,bar_cafe,https://raw.githubusercontent.com/pasqualelembo78/huntix-poi/main/italia/marche/perugia/pages/circolo_arci_di_ponte_doddi_43.1285_12.3799.json,custom
43.124882,12.371980,ov_bar_grillo_43.1249_12.3720,Bar Grillo,RESTAURANT,bar_cafe,https://raw.githubusercontent.com/pasqualelembo78/huntix-poi/main/italia/marche/perugia/pages/bar_grillo_43.1249_12.3720.json,custom
43.124816,12.397661,ov_non_solo_caff__43.1248_12.3977,Non Solo Caffè,RESTAURANT,bar_cafe,https://raw.githubusercontent.com/pasqualelembo78/huntix-poi/main/italia/marche/perugia/pages/non_solo_caff_43.1248_12.3977.json,custom
43.117850,12.381670,ov_il_porco_rosso_43.1178_12.3817,Il Porco Rosso,RESTAURANT,bar_cafe,https://raw.githubusercontent.com/pasqualelembo78/huntix-poi/main/italia/marche/perugia/pages/il_porco_rosso_43.1178_12.3817.json,custom
43.117047,12.380694,ov_bar_elce_43.1170_12.3807,Bar Elce,RESTAURANT,bar_cafe,https://raw.githubusercontent.com/pasqualelembo78/huntix-poi/main/italia/marche/perugia/pages/bar_elce_43.1170_12.3807.json,custom
43.116973,12.384726,ov_caffe_malu_43.1170_12.3847,Caffe Malu,RESTAURANT,bar_cafe,https://raw.githubusercontent.com/pasqualelembo78/huntix-poi/main/italia/marche/perugia/pages/caffe_malu_43.1170_12.3847.json,custom
43.119195,12.398667,ov_manhattan_bar_43.1192_12.3987,Manhattan bar,RESTAURANT,bar_cafe,https://raw.githubusercontent.com/pasqualelembo78/huntix-poi/main/italia/marche/perugia/pages/manhattan_bar_43.1192_12.3987.json,custom
43.115330,12.399650,ov_ristorante_monteluce_sushi_43.1153_12.3996,Ristorante monteluce sushi,RESTAURANT,bar_cafe,https://raw.githubusercontent.com/pasqualelembo78/huntix-poi/main/italia/marche/perugia/pages/ristorante_monteluce_sushi_43.1153_12.3996.json,custom
43.113555,12.391142,ov_giardino_dell_usignolo_43.1136_12.3911,Giardino dell'Usignolo,RESTAURANT,bar_cafe,https://raw.githubusercontent.com/pasqualelembo78/huntix-poi/main/italia/marche/perugia/pages/giardino_dellusignolo_43.1136_12.3911.json,custom
43.113698,12.393675,ov_bar_porta_pesa_ye_yuexiao_43.1137_12.3937,Bar Porta Pesa ye yuexiao,RESTAURANT,bar_cafe,https://raw.githubusercontent.com/pasqualelembo78/huntix-poi/main/italia/marche/perugia/pages/bar_porta_pesa_ye_yuexiao_43.1137_12.3937.json,custom
43.113774,12.394100,ov_bar_pasticceria_2000_43.1138_12.3941,Bar Pasticceria 2000,RESTAURANT,bar_cafe,https://raw.githubusercontent.com/pasqualelembo78/huntix-poi/main/italia/marche/perugia/pages/bar_pasticceria_2000_43.1138_12.3941.json,custom
43.114820,12.399327,ov_bar_loris_43.1148_12.3993,Bar Loris,RESTAURANT,bar_cafe,https://raw.githubusercontent.com/pasqualelembo78/huntix-poi/main/italia/marche/perugia/pages/bar_loris_43.1148_12.3993.json,custom
43.111092,12.390843,ov_caff__corretto_43.1111_12.3908,Caffè Corretto,RESTAURANT,bar_cafe,https://raw.githubusercontent.com/pasqualelembo78/huntix-poi/main/italia/marche/perugia/pages/caff_corretto_43.1111_12.3908.json,custom
43.112215,12.392635,ov_agricola_43.1122_12.3926,Agricola,RESTAURANT,bar_cafe,https://raw.githubusercontent.com/pasqualelembo78/huntix-poi/main/italia/marche/perugia/pages/agricola_43.1122_12.3926.json,custom
43.112230,12.392746,ov_c_era_una_vodka_43.1122_12.3927,C'era Una Vodka,RESTAURANT,bar_cafe,https://raw.githubusercontent.com/pasqualelembo78/huntix-poi/main/italia/marche/perugia/pages/cera_una_vodka_43.1122_12.3927.json,custom
43.112000,12.392461,ov_free_ride_bar_43.1120_12.3925,Free Ride Bar,RESTAURANT,bar_cafe,https://raw.githubusercontent.com/pasqualelembo78/huntix-poi/main/italia/marche/perugia/pages/free_ride_bar_43.1120_12.3925.json,custom
43.113393,12.394345,ov_kandinsky_43.1134_12.3943,Kandinsky,RESTAURANT,bar_cafe,https://raw.githubusercontent.com/pasqualelembo78/huntix-poi/main/italia/marche/perugia/pages/kandinsky_43.1134_12.3943.json,custom
43.112649,12.390180,ov_shamrock_perugia_43.1126_12.3902,Shamrock Perugia,RESTAURANT,bar_cafe,https://raw.githubusercontent.com/pasqualelembo78/huntix-poi/main/italia/marche/perugia/pages/shamrock_perugia_43.1126_12.3902.json,custom
43.112779,12.389898,ov_bottega_del_vino_43.1128_12.3899,Bottega del Vino,RESTAURANT,bar_cafe,https://raw.githubusercontent.com/pasqualelembo78/huntix-poi/main/italia/marche/perugia/pages/bottega_del_vino_43.1128_12.3899.json,custom
43.112847,12.389273,ov_piazza_danti_43.1128_12.3893,Piazza Danti,RESTAURANT,bar_cafe,https://raw.githubusercontent.com/pasqualelembo78/huntix-poi/main/italia/marche/perugia/pages/piazza_danti_43.1128_12.3893.json,custom
43.113080,12.387570,ov_centro_stampa_morlacchi_43.1131_12.3876,Centro Stampa Morlacchi,RESTAURANT,bar_cafe,https://raw.githubusercontent.com/pasqualelembo78/huntix-poi/main/italia/marche/perugia/pages/centro_stampa_morlacchi_43.1131_12.3876.json,custom
43.112910,12.387551,ov_caff__morlacchi_43.1129_12.3876,Caffè Morlacchi,RESTAURANT,bar_cafe,https://raw.githubusercontent.com/pasqualelembo78/huntix-poi/main/italia/marche/perugia/pages/caff_morlacchi_43.1129_12.3876.json,custom
43.112798,12.387417,ov_malocchio_sicilian_tapas_bar_43.1128_12.3874,Malocchio Sicilian Tapas Bar,RESTAURANT,bar_cafe,https://raw.githubusercontent.com/pasqualelembo78/huntix-poi/main/italia/marche/perugia/pages/malocchio_sicilian_tapas_bar_43.1128_12.3874.json,custom
43.111807,12.388764,ov_caffe_del_banco_43.1118_12.3888,Caffe Del Banco,RESTAURANT,bar_cafe,https://raw.githubusercontent.com/pasqualelembo78/huntix-poi/main/italia/marche/perugia/pages/caffe_del_banco_43.1118_12.3888.json,custom
43.112595,12.387894,ov_fuori_corso_43.1126_12.3879,Fuori Corso,RESTAURANT,bar_cafe,https://raw.githubusercontent.com/pasqualelembo78/huntix-poi/main/italia/marche/perugia/pages/fuori_corso_43.1126_12.3879.json,custom
43.112299,12.389229,ov_bar_duomo_43.1123_12.3892,Bar Duomo,RESTAURANT,bar_cafe,https://raw.githubusercontent.com/pasqualelembo78/huntix-poi/main/italia/marche/perugia/pages/bar_duomo_43.1123_12.3892.json,custom
43.112575,12.389830,ov_dempsey_s_43.1126_12.3898,Dempsey's,RESTAURANT,bar_cafe,https://raw.githubusercontent.com/pasqualelembo78/huntix-poi/main/italia/marche/perugia/pages/dempseys_43.1126_12.3898.json,custom
43.112221,12.390319,ov_la_moglie_ubriaca_43.1122_12.3903,La Moglie Ubriaca,RESTAURANT,bar_cafe,https://raw.githubusercontent.com/pasqualelembo78/huntix-poi/main/italia/marche/perugia/pages/la_moglie_ubriaca_43.1122_12.3903.json,custom
43.112057,12.389360,ov_turan_cafe_43.1121_12.3894,Turan Cafe,RESTAURANT,bar_cafe,https://raw.githubusercontent.com/pasqualelembo78/huntix-poi/main/italia/marche/perugia/pages/turan_cafe_43.1121_12.3894.json,custom
43.111761,12.389770,ov_caffe_dal_perugino_43.1118_12.3898,Caffe Dal Perugino,RESTAURANT,bar_cafe,https://raw.githubusercontent.com/pasqualelembo78/huntix-poi/main/italia/marche/perugia/pages/caffe_dal_perugino_43.1118_12.3898.json,custom
43.111461,12.389334,ov_merlin_pub_43.1115_12.3893,Merlin Pub,RESTAURANT,bar_cafe,https://raw.githubusercontent.com/pasqualelembo78/huntix-poi/main/italia/marche/perugia/pages/merlin_pub_43.1115_12.3893.json,custom
43.111723,12.388255,ov_shots_la_chupiteria_perugia_43.1117_12.3883,Shots La Chupiteria Perugia,RESTAURANT,bar_cafe,https://raw.githubusercontent.com/pasqualelembo78/huntix-poi/main/italia/marche/perugia/pages/shots_la_chupiteria_perugia_43.1117_12.3883.json,custom
43.111598,12.388080,ov_gold_bar_43.1116_12.3881,Gold Bar,RESTAURANT,bar_cafe,https://raw.githubusercontent.com/pasqualelembo78/huntix-poi/main/italia/marche/perugia/pages/gold_bar_43.1116_12.3881.json,custom
43.111474,12.388382,ov_botanica_concept_bar_43.1115_12.3884,Botanica Concept Bar,RESTAURANT,bar_cafe,https://raw.githubusercontent.com/pasqualelembo78/huntix-poi/main/italia/marche/perugia/pages/botanica_concept_bar_43.1115_12.3884.json,custom
43.110910,12.389685,ov_bar_oscar_43.1109_12.3897,Bar Oscar,RESTAURANT,bar_cafe,https://raw.githubusercontent.com/pasqualelembo78/huntix-poi/main/italia/marche/perugia/pages/bar_oscar_43.1109_12.3897.json,custom
43.110798,12.389231,ov_caffe_mazzini_43.1108_12.3892,Caffe Mazzini,RESTAURANT,bar_cafe,https://raw.githubusercontent.com/pasqualelembo78/huntix-poi/main/italia/marche/perugia/pages/caffe_mazzini_43.1108_12.3892.json,custom
43.110287,12.389834,ov_il_quarto_43.1103_12.3898,Il Quarto,RESTAURANT,bar_cafe,https://raw.githubusercontent.com/pasqualelembo78/huntix-poi/main/italia/marche/perugia/pages/il_quarto_43.1103_12.3898.json,custom
43.110439,12.389226,ov_dot_43.1104_12.3892,Dot,RESTAURANT,bar_cafe,https://raw.githubusercontent.com/pasqualelembo78/huntix-poi/main/italia/marche/perugia/pages/dot_43.1104_12.3892.json,custom
43.110121,12.388486,ov_caffe_blu_43.1101_12.3885,Caffe Blu,RESTAURANT,bar_cafe,https://raw.githubusercontent.com/pasqualelembo78/huntix-poi/main/italia/marche/perugia/pages/caffe_blu_43.1101_12.3885.json,custom
43.110266,12.388304,ov_sandy_caff__43.1103_12.3883,Sandy Caffè,RESTAURANT,bar_cafe,https://raw.githubusercontent.com/pasqualelembo78/huntix-poi/main/italia/marche/perugia/pages/sandy_caff_43.1103_12.3883.json,custom
43.110130,12.388182,ov_snack_bar_43.1101_12.3882,Snack Bar,RESTAURANT,bar_cafe,https://raw.githubusercontent.com/pasqualelembo78/huntix-poi/main/italia/marche/perugia/pages/snack_bar_43.1101_12.3882.json,custom
43.110409,12.388335,ov_caffe_vannucci_43.1104_12.3883,Caffe Vannucci,RESTAURANT,bar_cafe,https://raw.githubusercontent.com/pasqualelembo78/huntix-poi/main/italia/marche/perugia/pages/caffe_vannucci_43.1104_12.3883.json,custom
43.110603,12.388392,ov_vivace_43.1106_12.3884,Vivace,RESTAURANT,bar_cafe,https://raw.githubusercontent.com/pasqualelembo78/huntix-poi/main/italia/marche/perugia/pages/vivace_43.1106_12.3884.json,custom
43.110923,12.388872,ov_caff__di_perugia_43.1109_12.3889,Caffè Di Perugia,RESTAURANT,bar_cafe,https://raw.githubusercontent.com/pasqualelembo78/huntix-poi/main/italia/marche/perugia/pages/caff_di_perugia_43.1109_12.3889.json,custom
43.110673,12.387496,ov_m8_pub_43.1107_12.3875,M8 Pub,RESTAURANT,bar_cafe,https://raw.githubusercontent.com/pasqualelembo78/huntix-poi/main/italia/marche/perugia/pages/m8_pub_43.1107_12.3875.json,custom
43.111342,12.387454,ov_elfo_pub_43.1113_12.3875,Elfo Pub,RESTAURANT,bar_cafe,https://raw.githubusercontent.com/pasqualelembo78/huntix-poi/main/italia/marche/perugia/pages/elfo_pub_43.1113_12.3875.json,custom
43.111360,12.383920,ov_bar_bocciodromo_percorso_verde_43.1114_12.3839,Bar Bocciodromo Percorso Verde,RESTAURANT,bar_cafe,https://raw.githubusercontent.com/pasqualelembo78/huntix-poi/main/italia/marche/perugia/pages/bar_bocciodromo_percorso_verde_43.1114_12.3839.json,custom
43.113047,12.384393,ov_bar_del_priori_43.1130_12.3844,Bar del Priori,RESTAURANT,bar_cafe,https://raw.githubusercontent.com/pasqualelembo78/huntix-poi/main/italia/marche/perugia/pages/bar_del_priori_43.1130_12.3844.json,custom
43.113650,12.389318,ov_vinodentro_perugia_43.1137_12.3893,Vinodentro Perugia,RESTAURANT,bar_cafe,https://raw.githubusercontent.com/pasqualelembo78/huntix-poi/main/italia/marche/perugia/pages/vinodentro_perugia_43.1137_12.3893.json,custom
43.113856,12.389267,ov_minimal_bar_43.1139_12.3893,Minimal Bar,RESTAURANT,bar_cafe,https://raw.githubusercontent.com/pasqualelembo78/huntix-poi/main/italia/marche/perugia/pages/minimal_bar_43.1139_12.3893.json,custom
43.114278,12.389314,ov_bar_etrusco_43.1143_12.3893,Bar_Etrusco,RESTAURANT,bar_cafe,https://raw.githubusercontent.com/pasqualelembo78/huntix-poi/main/italia/marche/perugia/pages/baretrusco_43.1143_12.3893.json,custom
43.115071,12.389843,ov_caffe_fortebraccio_43.1151_12.3898,Caffe Fortebraccio,RESTAURANT,bar_cafe,https://raw.githubusercontent.com/pasqualelembo78/huntix-poi/main/italia/marche/perugia/pages/caffe_fortebraccio_43.1151_12.3898.json,custom
43.114776,12.388173,ov_caff__della_conca_43.1148_12.3882,Caffè della Conca,RESTAURANT,bar_cafe,https://raw.githubusercontent.com/pasqualelembo78/huntix-poi/main/italia/marche/perugia/pages/caff_della_conca_43.1148_12.3882.json,custom
43.115472,12.389456,ov_rosso_vino_pg_43.1155_12.3895,Rosso Vino pg,RESTAURANT,bar_cafe,https://raw.githubusercontent.com/pasqualelembo78/huntix-poi/main/italia/marche/perugia/pages/rosso_vino_pg_43.1155_12.3895.json,custom
43.116807,12.385178,ov_bar_village_43.1168_12.3852,Bar Village,RESTAURANT,bar_cafe,https://raw.githubusercontent.com/pasqualelembo78/huntix-poi/main/italia/marche/perugia/pages/bar_village_43.1168_12.3852.json,custom
43.116730,12.382912,ov_bar_one_one_di_alessia_43.1167_12.3829,Bar one one di Alessia,RESTAURANT,bar_cafe,https://raw.githubusercontent.com/pasqualelembo78/huntix-poi/main/italia/marche/perugia/pages/bar_one_one_di_alessia_43.1167_12.3829.json,custom
43.115373,12.384904,ov_cento_dieci_43.1154_12.3849,Cento Dieci,RESTAURANT,bar_cafe,https://raw.githubusercontent.com/pasqualelembo78/huntix-poi/main/italia/marche/perugia/pages/cento_dieci_43.1154_12.3849.json,custom
43.114599,12.364215,ov_bar_residence_43.1146_12.3642,Bar Residence,RESTAURANT,bar_cafe,https://raw.githubusercontent.com/pasqualelembo78/huntix-poi/main/italia/marche/perugia/pages/bar_residence_43.1146_12.3642.json,custom
43.111568,12.377796,ov_the_public_live_club_43.1116_12.3778,The Public Live Club,RESTAURANT,bar_cafe,https://raw.githubusercontent.com/pasqualelembo78/huntix-poi/main/italia/marche/perugia/pages/the_public_live_club_43.1116_12.3778.json,custom
43.108402,12.375310,ov_bar_perbacco_43.1084_12.3753,Bar PerBacco,RESTAURANT,bar_cafe,https://raw.githubusercontent.com/pasqualelembo78/huntix-poi/main/italia/marche/perugia/pages/bar_perbacco_43.1084_12.3753.json,custom
43.107891,12.373975,ov_il_barrino_di_case_arse_43.1079_12.3740,Il barrino di case arse,RESTAURANT,bar_cafe,https://raw.githubusercontent.com/pasqualelembo78/huntix-poi/main/italia/marche/perugia/pages/il_barrino_di_case_arse_43.1079_12.3740.json,custom
43.109743,12.361857,ov_caff__vergnano_1882_43.1097_12.3619,Caffè Vergnano 1882,RESTAURANT,bar_cafe,https://raw.githubusercontent.com/pasqualelembo78/huntix-poi/main/italia/marche/perugia/pages/caff_vergnano_1882_43.1097_12.3619.json,custom
43.106784,12.368130,ov_bar_perugia_1_43.1068_12.3681,Bar Perugia 1,RESTAURANT,bar_cafe,https://raw.githubusercontent.com/pasqualelembo78/huntix-poi/main/italia/marche/perugia/pages/bar_perugia_1_43.1068_12.3681.json,custom
43.106377,12.361958,ov_the_orselli_lounge_bar_and_restaurant_43.1064_12.3620,The Orselli Lounge Bar and Restaurant,RESTAURANT,bar_cafe,https://raw.githubusercontent.com/pasqualelembo78/huntix-poi/main/italia/marche/perugia/pages/the_orselli_lounge_bar_and_restaurant_43.1064_12.3620.json,custom
43.105413,12.372185,ov_bar_tabaccheria_cortonese_43.1054_12.3722,Bar tabaccheria Cortonese,RESTAURANT,bar_cafe,https://raw.githubusercontent.com/pasqualelembo78/huntix-poi/main/italia/marche/perugia/pages/bar_tabaccheria_cortonese_43.1054_12.3722.json,custom
43.105843,12.374507,ov_il_bicchierino_43.1058_12.3745,Il Bicchierino,RESTAURANT,bar_cafe,https://raw.githubusercontent.com/pasqualelembo78/huntix-poi/main/italia/marche/perugia/pages/il_bicchierino_43.1058_12.3745.json,custom
43.104728,12.384485,ov_bar_pellas_43.1047_12.3845,Bar Pellas,RESTAURANT,bar_cafe,https://raw.githubusercontent.com/pasqualelembo78/huntix-poi/main/italia/marche/perugia/pages/bar_pellas_43.1047_12.3845.json,custom
43.104148,12.390327,ov_bar_europa_43.1041_12.3903,Bar Europa,RESTAURANT,bar_cafe,https://raw.githubusercontent.com/pasqualelembo78/huntix-poi/main/italia/marche/perugia/pages/bar_europa_43.1041_12.3903.json,custom
43.106421,12.389812,ov_sant_anna_43.1064_12.3898,Sant'Anna,RESTAURANT,bar_cafe,https://raw.githubusercontent.com/pasqualelembo78/huntix-poi/main/italia/marche/perugia/pages/santanna_43.1064_12.3898.json,custom
43.109905,12.383074,ov_tommi_bar_43.1099_12.3831,Tommi bar,RESTAURANT,bar_cafe,https://raw.githubusercontent.com/pasqualelembo78/huntix-poi/main/italia/marche/perugia/pages/tommi_bar_43.1099_12.3831.json,custom
43.109835,12.389288,ov_caffe_baglioni_43.1098_12.3893,Caffe Baglioni,RESTAURANT,bar_cafe,https://raw.githubusercontent.com/pasqualelembo78/huntix-poi/main/italia/marche/perugia/pages/caffe_baglioni_43.1098_12.3893.json,custom
43.110093,12.389666,ov_enoteca_oberdan_perugia_43.1101_12.3897,Enoteca Oberdan Perugia,RESTAURANT,bar_cafe,https://raw.githubusercontent.com/pasqualelembo78/huntix-poi/main/italia/marche/perugia/pages/enoteca_oberdan_perugia_43.1101_12.3897.json,custom
43.108427,12.388560,ov_vista_a_360_gradi_perugia_43.1084_12.3886,Vista a 360 Gradi Perugia,RESTAURANT,bar_cafe,https://raw.githubusercontent.com/pasqualelembo78/huntix-poi/main/italia/marche/perugia/pages/vista_a_360_gradi_perugia_43.1084_12.3886.json,custom
43.108786,12.389800,ov_caf__sant_ercolano___bar_sport_43.1088_12.3898,Café Sant'Ercolano - Bar Sport,RESTAURANT,bar_cafe,https://raw.githubusercontent.com/pasqualelembo78/huntix-poi/main/italia/marche/perugia/pages/caf_santercolano_-_bar_sport_43.1088_12.3898.json,custom
43.108201,12.390010,ov_caffe_della_penna_43.1082_12.3900,Caffe della Penna,RESTAURANT,bar_cafe,https://raw.githubusercontent.com/pasqualelembo78/huntix-poi/main/italia/marche/perugia/pages/caffe_della_penna_43.1082_12.3900.json,custom
43.108071,12.390021,ov_la_birroteca_43.1081_12.3900,La Birroteca,RESTAURANT,bar_cafe,https://raw.githubusercontent.com/pasqualelembo78/huntix-poi/main/italia/marche/perugia/pages/la_birroteca_43.1081_12.3900.json,custom
43.107642,12.389487,ov_penna_hub_43.1076_12.3895,Penna Hub,RESTAURANT,bar_cafe,https://raw.githubusercontent.com/pasqualelembo78/huntix-poi/main/italia/marche/perugia/pages/penna_hub_43.1076_12.3895.json,custom
43.107066,12.387847,ov_perugia_time_cafe_tabaccheria_71_43.1071_12.3878,Perugia Time Cafe Tabaccheria 71,RESTAURANT,bar_cafe,https://raw.githubusercontent.com/pasqualelembo78/huntix-poi/main/italia/marche/perugia/pages/perugia_time_cafe_tabaccheria_71_43.1071_12.3878.json,custom
43.106839,12.391032,ov__non__43.1068_12.3910,Énonè,RESTAURANT,bar_cafe,https://raw.githubusercontent.com/pasqualelembo78/huntix-poi/main/italia/marche/perugia/pages/non_43.1068_12.3910.json,custom
43.107335,12.390717,ov_deliziosi_pasticci_cavour_43.1073_12.3907,Deliziosi Pasticci Cavour,RESTAURANT,bar_cafe,https://raw.githubusercontent.com/pasqualelembo78/huntix-poi/main/italia/marche/perugia/pages/deliziosi_pasticci_cavour_43.1073_12.3907.json,custom
43.107540,12.390646,ov_bar_3_archetti_43.1075_12.3906,Bar 3 Archetti,RESTAURANT,bar_cafe,https://raw.githubusercontent.com/pasqualelembo78/huntix-poi/main/italia/marche/perugia/pages/bar_3_archetti_43.1075_12.3906.json,custom
43.107458,12.390765,ov_quei_bravi_ragazzi_43.1075_12.3908,Quei Bravi Ragazzi,RESTAURANT,bar_cafe,https://raw.githubusercontent.com/pasqualelembo78/huntix-poi/main/italia/marche/perugia/pages/quei_bravi_ragazzi_43.1075_12.3908.json,custom
43.105850,12.391905,ov_caff__del_corso_43.1058_12.3919,Caffè del Corso,RESTAURANT,bar_cafe,https://raw.githubusercontent.com/pasqualelembo78/huntix-poi/main/italia/marche/perugia/pages/caff_del_corso_43.1058_12.3919.json,custom
43.103694,12.393490,ov_ritual_cocktail___tapas_bar_perugia_43.1037_12.3935,Ritual Cocktail & Tapas Bar Perugia,RESTAURANT,bar_cafe,https://raw.githubusercontent.com/pasqualelembo78/huntix-poi/main/italia/marche/perugia/pages/ritual_cocktail_tapas_bar_perugia_43.1037_12.3935.json,custom
43.104100,12.393386,ov_venti_vino_43.1041_12.3934,Venti Vino,RESTAURANT,bar_cafe,https://raw.githubusercontent.com/pasqualelembo78/huntix-poi/main/italia/marche/perugia/pages/venti_vino_43.1041_12.3934.json,custom
43.101069,12.391622,ov_bar_mokambo_43.1011_12.3916,Bar Mokambo,RESTAURANT,bar_cafe,https://raw.githubusercontent.com/pasqualelembo78/huntix-poi/main/italia/marche/perugia/pages/bar_mokambo_43.1011_12.3916.json,custom
43.101695,12.395044,ov_bar_di_agraria_43.1017_12.3950,Bar di Agraria,RESTAURANT,bar_cafe,https://raw.githubusercontent.com/pasqualelembo78/huntix-poi/main/italia/marche/perugia/pages/bar_di_agraria_43.1017_12.3950.json,custom
43.102591,12.383267,ov_bar_due_piu_due_43.1026_12.3833,Bar Due Piu Due,RESTAURANT,bar_cafe,https://raw.githubusercontent.com/pasqualelembo78/huntix-poi/main/italia/marche/perugia/pages/bar_due_piu_due_43.1026_12.3833.json,custom
43.100091,12.389604,ov_bar_mini_bar_43.1001_12.3896,Bar Mini Bar,RESTAURANT,bar_cafe,https://raw.githubusercontent.com/pasqualelembo78/huntix-poi/main/italia/marche/perugia/pages/bar_mini_bar_43.1001_12.3896.json,custom
43.098648,12.382844,ov_il_bove_43.0986_12.3828,Il Bove,RESTAURANT,bar_cafe,https://raw.githubusercontent.com/pasqualelembo78/huntix-poi/main/italia/marche/perugia/pages/il_bove_43.0986_12.3828.json,custom
43.097280,12.387070,ov_bar_tre_stelle_43.0973_12.3871,Bar Tre Stelle,RESTAURANT,bar_cafe,https://raw.githubusercontent.com/pasqualelembo78/huntix-poi/main/italia/marche/perugia/pages/bar_tre_stelle_43.0973_12.3871.json,custom
43.098096,12.391710,ov_bar_filosofi_43.0981_12.3917,Bar Filosofi,RESTAURANT,bar_cafe,https://raw.githubusercontent.com/pasqualelembo78/huntix-poi/main/italia/marche/perugia/pages/bar_filosofi_43.0981_12.3917.json,custom
43.097500,12.391140,ov_pasticceria_grifo_43.0975_12.3911,Pasticceria Grifo,RESTAURANT,bar_cafe,https://raw.githubusercontent.com/pasqualelembo78/huntix-poi/main/italia/marche/perugia/pages/pasticceria_grifo_43.0975_12.3911.json,custom
43.095944,12.391606,ov_bar_aprile_sandy_cafe_43.0959_12.3916,Bar Aprile Sandy Cafe,RESTAURANT,bar_cafe,https://raw.githubusercontent.com/pasqualelembo78/huntix-poi/main/italia/marche/perugia/pages/bar_aprile_sandy_cafe_43.0959_12.3916.json,custom
43.094962,12.389913,ov_bar_boccaccio_43.0950_12.3899,Bar Boccaccio,RESTAURANT,bar_cafe,https://raw.githubusercontent.com/pasqualelembo78/huntix-poi/main/italia/marche/perugia/pages/bar_boccaccio_43.0950_12.3899.json,custom
43.093507,12.362897,ov_i_girasoli_bar_caf__43.0935_12.3629,I Girasoli Bar-Cafè,RESTAURANT,bar_cafe,https://raw.githubusercontent.com/pasqualelembo78/huntix-poi/main/italia/marche/perugia/pages/i_girasoli_bar-caf_43.0935_12.3629.json,custom
43.093662,12.361096,ov_next_to_me_43.0937_12.3611,Next To Me,RESTAURANT,bar_cafe,https://raw.githubusercontent.com/pasqualelembo78/huntix-poi/main/italia/marche/perugia/pages/next_to_me_43.0937_12.3611.json,custom
43.093818,12.366116,ov_eurobar_43.0938_12.3661,EuroBar,RESTAURANT,bar_cafe,https://raw.githubusercontent.com/pasqualelembo78/huntix-poi/main/italia/marche/perugia/pages/eurobar_43.0938_12.3661.json,custom
43.096766,12.363522,ov_bar_grifetto_43.0968_12.3635,Bar Grifetto,RESTAURANT,bar_cafe,https://raw.githubusercontent.com/pasqualelembo78/huntix-poi/main/italia/marche/perugia/pages/bar_grifetto_43.0968_12.3635.json,custom
43.099900,12.375822,ov_acrilong_43.0999_12.3758,Acrilong,RESTAURANT,bar_cafe,https://raw.githubusercontent.com/pasqualelembo78/huntix-poi/main/italia/marche/perugia/pages/acrilong_43.0999_12.3758.json,custom
43.100560,12.374697,ov_br__br__cafe_43.1006_12.3747,Brì Brì cafe,RESTAURANT,bar_cafe,https://raw.githubusercontent.com/pasqualelembo78/huntix-poi/main/italia/marche/perugia/pages/br_br_cafe_43.1006_12.3747.json,custom
43.102489,12.376287,ov_international_cafe_43.1025_12.3763,International Cafe,RESTAURANT,bar_cafe,https://raw.githubusercontent.com/pasqualelembo78/huntix-poi/main/italia/marche/perugia/pages/international_cafe_43.1025_12.3763.json,custom
43.100053,12.364845,ov_cantina_sasso_dei_lupi_perugia_43.1001_12.3648,Cantina Sasso dei Lupi Perugia,RESTAURANT,bar_cafe,https://raw.githubusercontent.com/pasqualelembo78/huntix-poi/main/italia/marche/perugia/pages/cantina_sasso_dei_lupi_perugia_43.1001_12.3648.json,custom
43.103069,12.351363,ov_bar_mattioli_43.1031_12.3514,Bar Mattioli,RESTAURANT,bar_cafe,https://raw.githubusercontent.com/pasqualelembo78/huntix-poi/main/italia/marche/perugia/pages/bar_mattioli_43.1031_12.3514.json,custom
43.099550,12.357555,ov_handmade_caf__43.0996_12.3576,Handmade Café,RESTAURANT,bar_cafe,https://raw.githubusercontent.com/pasqualelembo78/huntix-poi/main/italia/marche/perugia/pages/handmade_caf_43.0996_12.3576.json,custom
43.093167,12.356894,ov_centova_caffe_43.0932_12.3569,Centova Caffe,RESTAURANT,bar_cafe,https://raw.githubusercontent.com/pasqualelembo78/huntix-poi/main/italia/marche/perugia/pages/centova_caffe_43.0932_12.3569.json,custom
43.092816,12.332400,ov_susi_bar_43.0928_12.3324,Susi Bar,RESTAURANT,bar_cafe,https://raw.githubusercontent.com/pasqualelembo78/huntix-poi/main/italia/marche/perugia/pages/susi_bar_43.0928_12.3324.json,custom
43.105640,12.348524,ov_essenza_entertainment_bar_43.1056_12.3485,Essenza Entertainment bar,RESTAURANT,bar_cafe,https://raw.githubusercontent.com/pasqualelembo78/huntix-poi/main/italia/marche/perugia/pages/essenza_entertainment_bar_43.1056_12.3485.json,custom
43.103526,12.349050,ov_ciccio_s_bar_43.1035_12.3491,Ciccio's Bar,RESTAURANT,bar_cafe,https://raw.githubusercontent.com/pasqualelembo78/huntix-poi/main/italia/marche/perugia/pages/ciccios_bar_43.1035_12.3491.json,custom
43.104619,12.353934,ov_bar_firenze_43.1046_12.3539,Bar Firenze,RESTAURANT,bar_cafe,https://raw.githubusercontent.com/pasqualelembo78/huntix-poi/main/italia/marche/perugia/pages/bar_firenze_43.1046_12.3539.json,custom
43.107823,12.353487,ov_la_casa_del_ciclista_43.1078_12.3535,La Casa del Ciclista,RESTAURANT,bar_cafe,https://raw.githubusercontent.com/pasqualelembo78/huntix-poi/main/italia/marche/perugia/pages/la_casa_del_ciclista_43.1078_12.3535.json,custom
43.107167,12.358047,ov_stadium_caf__43.1072_12.3580,Stadium CafÈ,RESTAURANT,bar_cafe,https://raw.githubusercontent.com/pasqualelembo78/huntix-poi/main/italia/marche/perugia/pages/stadium_caf_43.1072_12.3580.json,custom
43.108900,12.354140,ov_il_chiosco_del_percorso_verde_43.1089_12.3541,Il Chiosco Del Percorso Verde,RESTAURANT,bar_cafe,https://raw.githubusercontent.com/pasqualelembo78/huntix-poi/main/italia/marche/perugia/pages/il_chiosco_del_percorso_verde_43.1089_12.3541.json,custom
43.103984,12.319219,ov_vite_vino_43.1040_12.3192,Vite Vino,RESTAURANT,bar_cafe,https://raw.githubusercontent.com/pasqualelembo78/huntix-poi/main/italia/marche/perugia/pages/vite_vino_43.1040_12.3192.json,custom
43.071360,12.317270,ov_strozzabar_43.0714_12.3173,Strozzabar,RESTAURANT,bar_cafe,https://raw.githubusercontent.com/pasqualelembo78/huntix-poi/main/italia/marche/perugia/pages/strozzabar_43.0714_12.3173.json,custom
43.070964,12.316192,ov_base_bar_43.0710_12.3162,BASE Bar,RESTAURANT,bar_cafe,https://raw.githubusercontent.com/pasqualelembo78/huntix-poi/main/italia/marche/perugia/pages/base_bar_43.0710_12.3162.json,custom
43.062804,12.309702,ov_doc_bar_43.0628_12.3097,Doc Bar,RESTAURANT,bar_cafe,https://raw.githubusercontent.com/pasqualelembo78/huntix-poi/main/italia/marche/perugia/pages/doc_bar_43.0628_12.3097.json,custom
43.065143,12.347785,ov_non_c_era_43.0651_12.3478,Non C'era,RESTAURANT,bar_cafe,https://raw.githubusercontent.com/pasqualelembo78/huntix-poi/main/italia/marche/perugia/pages/non_cera_43.0651_12.3478.json,custom
43.068859,12.352811,ov_il_cavatappi_43.0689_12.3528,Il Cavatappi,RESTAURANT,bar_cafe,https://raw.githubusercontent.com/pasqualelembo78/huntix-poi/main/italia/marche/perugia/pages/il_cavatappi_43.0689_12.3528.json,custom
43.072571,12.342515,ov_bar_pippo_43.0726_12.3425,Bar Pippo,RESTAURANT,bar_cafe,https://raw.githubusercontent.com/pasqualelembo78/huntix-poi/main/italia/marche/perugia/pages/bar_pippo_43.0726_12.3425.json,custom
43.075760,12.347290,ov_marrakech_club_shisha_43.0758_12.3473,Marrakech Club ShiSha,RESTAURANT,bar_cafe,https://raw.githubusercontent.com/pasqualelembo78/huntix-poi/main/italia/marche/perugia/pages/marrakech_club_shisha_43.0758_12.3473.json,custom
43.075347,12.342845,ov_the_garage_43.0753_12.3428,The Garage,RESTAURANT,bar_cafe,https://raw.githubusercontent.com/pasqualelembo78/huntix-poi/main/italia/marche/perugia/pages/the_garage_43.0753_12.3428.json,custom
43.073713,12.333829,ov_nico_bar_di_granocchia_monica_43.0737_12.3338,Nico Bar di Granocchia Monica,RESTAURANT,bar_cafe,https://raw.githubusercontent.com/pasqualelembo78/huntix-poi/main/italia/marche/perugia/pages/nico_bar_di_granocchia_monica_43.0737_12.3338.json,custom
43.075155,12.326957,ov_i_farnesi_43.0752_12.3270,I Farnesi,RESTAURANT,bar_cafe,https://raw.githubusercontent.com/pasqualelembo78/huntix-poi/main/italia/marche/perugia/pages/i_farnesi_43.0752_12.3270.json,custom
43.078350,12.332480,ov_vanity_bar_43.0784_12.3325,Vanity bar,RESTAURANT,bar_cafe,https://raw.githubusercontent.com/pasqualelembo78/huntix-poi/main/italia/marche/perugia/pages/vanity_bar_43.0784_12.3325.json,custom
43.080087,12.337739,ov_vanity_bar_43.0801_12.3377,Vanity Bar,RESTAURANT,bar_cafe,https://raw.githubusercontent.com/pasqualelembo78/huntix-poi/main/italia/marche/perugia/pages/vanity_bar_43.0801_12.3377.json,custom
43.081907,12.338580,ov_punto_gin_43.0819_12.3386,Punto Gin,RESTAURANT,bar_cafe,https://raw.githubusercontent.com/pasqualelembo78/huntix-poi/main/italia/marche/perugia/pages/punto_gin_43.0819_12.3386.json,custom
43.083240,12.347791,ov_bar_gelateria_oasi_43.0832_12.3478,Bar Gelateria Oasi,RESTAURANT,bar_cafe,https://raw.githubusercontent.com/pasqualelembo78/huntix-poi/main/italia/marche/perugia/pages/bar_gelateria_oasi_43.0832_12.3478.json,custom
43.083271,12.349280,ov_galera_43.0833_12.3493,Galera,RESTAURANT,bar_cafe,https://raw.githubusercontent.com/pasqualelembo78/huntix-poi/main/italia/marche/perugia/pages/galera_43.0833_12.3493.json,custom
43.085108,12.350073,ov_bar_arcadia_43.0851_12.3501,Bar Arcadia,RESTAURANT,bar_cafe,https://raw.githubusercontent.com/pasqualelembo78/huntix-poi/main/italia/marche/perugia/pages/bar_arcadia_43.0851_12.3501.json,custom
43.086183,12.348871,ov_vinoteca_perugia_43.0862_12.3489,Vinoteca Perugia,RESTAURANT,bar_cafe,https://raw.githubusercontent.com/pasqualelembo78/huntix-poi/main/italia/marche/perugia/pages/vinoteca_perugia_43.0862_12.3489.json,custom
43.086414,12.350697,ov_la_dea_bendata_cafe_43.0864_12.3507,La Dea Bendata Cafe,RESTAURANT,bar_cafe,https://raw.githubusercontent.com/pasqualelembo78/huntix-poi/main/italia/marche/perugia/pages/la_dea_bendata_cafe_43.0864_12.3507.json,custom
43.083911,12.356518,ov_bar_collo_43.0839_12.3565,Bar Collo,RESTAURANT,bar_cafe,https://raw.githubusercontent.com/pasqualelembo78/huntix-poi/main/italia/marche/perugia/pages/bar_collo_43.0839_12.3565.json,custom
43.081259,12.357000,ov_bar_chianelli_43.0813_12.3570,Bar Chianelli,RESTAURANT,bar_cafe,https://raw.githubusercontent.com/pasqualelembo78/huntix-poi/main/italia/marche/perugia/pages/bar_chianelli_43.0813_12.3570.json,custom
43.082808,12.346129,ov_bar_pergolesi_43.0828_12.3461,Bar Pergolesi,RESTAURANT,bar_cafe,https://raw.githubusercontent.com/pasqualelembo78/huntix-poi/main/italia/marche/perugia/pages/bar_pergolesi_43.0828_12.3461.json,custom
43.081826,12.344126,ov_gio_bar_danilo_43.0818_12.3441,Gio Bar Danilo,RESTAURANT,bar_cafe,https://raw.githubusercontent.com/pasqualelembo78/huntix-poi/main/italia/marche/perugia/pages/gio_bar_danilo_43.0818_12.3441.json,custom
43.079235,12.345968,ov_menchetti_dal_1948_43.0792_12.3460,Menchetti Dal 1948,RESTAURANT,bar_cafe,https://raw.githubusercontent.com/pasqualelembo78/huntix-poi/main/italia/marche/perugia/pages/menchetti_dal_1948_43.0792_12.3460.json,custom
43.076430,12.364824,ov_ebe_43.0764_12.3648,Ebe,RESTAURANT,bar_cafe,https://raw.githubusercontent.com/pasqualelembo78/huntix-poi/main/italia/marche/perugia/pages/ebe_43.0764_12.3648.json,custom
43.076622,12.364909,ov_iron_cafe_43.0766_12.3649,Iron Cafe,RESTAURANT,bar_cafe,https://raw.githubusercontent.com/pasqualelembo78/huntix-poi/main/italia/marche/perugia/pages/iron_cafe_43.0766_12.3649.json,custom
43.078050,12.367310,ov_bar_l_arca_di_no__43.0780_12.3673,Bar l'arca di Noè,RESTAURANT,bar_cafe,https://raw.githubusercontent.com/pasqualelembo78/huntix-poi/main/italia/marche/perugia/pages/bar_larca_di_no_43.0780_12.3673.json,custom
43.080819,12.365870,ov_bar_comoda_43.0808_12.3659,Bar Comoda,RESTAURANT,bar_cafe,https://raw.githubusercontent.com/pasqualelembo78/huntix-poi/main/italia/marche/perugia/pages/bar_comoda_43.0808_12.3659.json,custom
43.076203,12.364826,ov_little_prince_43.0762_12.3648,Little Prince,RESTAURANT,bar_cafe,https://raw.githubusercontent.com/pasqualelembo78/huntix-poi/main/italia/marche/perugia/pages/little_prince_43.0762_12.3648.json,custom
43.075402,12.429559,ov_bar_miscelarte_43.0754_12.4296,Bar MiscelArte,RESTAURANT,bar_cafe,https://raw.githubusercontent.com/pasqualelembo78/huntix-poi/main/italia/marche/perugia/pages/bar_miscelarte_43.0754_12.4296.json,custom
43.086753,12.426878,ov_la_nuit_d_or_43.0868_12.4269,La Nuit d'Or,RESTAURANT,bar_cafe,https://raw.githubusercontent.com/pasqualelembo78/huntix-poi/main/italia/marche/perugia/pages/la_nuit_dor_43.0868_12.4269.json,custom
43.088171,12.432752,ov_vino_e_gusto_43.0882_12.4328,Vino e Gusto,RESTAURANT,bar_cafe,https://raw.githubusercontent.com/pasqualelembo78/huntix-poi/main/italia/marche/perugia/pages/vino_e_gusto_43.0882_12.4328.json,custom
43.087314,12.437786,ov_bar_h___sonny_s_bar_43.0873_12.4378,BAR H - Sonny's Bar,RESTAURANT,bar_cafe,https://raw.githubusercontent.com/pasqualelembo78/huntix-poi/main/italia/marche/perugia/pages/bar_h_-_sonnys_bar_43.0873_12.4378.json,custom
43.086076,12.437965,ov_rampa_del_gusto_43.0861_12.4380,Rampa del Gusto,RESTAURANT,bar_cafe,https://raw.githubusercontent.com/pasqualelembo78/huntix-poi/main/italia/marche/perugia/pages/rampa_del_gusto_43.0861_12.4380.json,custom
43.082699,12.439771,ov_fermento_perugia_43.0827_12.4398,Fermento Perugia,RESTAURANT,bar_cafe,https://raw.githubusercontent.com/pasqualelembo78/huntix-poi/main/italia/marche/perugia/pages/fermento_perugia_43.0827_12.4398.json,custom
43.080580,12.437110,ov_bar_ma_com___43.0806_12.4371,Bar Ma Com'è,RESTAURANT,bar_cafe,https://raw.githubusercontent.com/pasqualelembo78/huntix-poi/main/italia/marche/perugia/pages/bar_ma_com_43.0806_12.4371.json,custom
43.082110,12.421380,ov_mox_bar_43.0821_12.4214,MOX BAR,RESTAURANT,bar_cafe,https://raw.githubusercontent.com/pasqualelembo78/huntix-poi/main/italia/marche/perugia/pages/mox_bar_43.0821_12.4214.json,custom
43.081180,12.420730,ov_st__james_s_gate_irish_pub___colombella_43.0812_12.4207,St. James's Gate Irish Pub - Colombella,RESTAURANT,bar_cafe,https://raw.githubusercontent.com/pasqualelembo78/huntix-poi/main/italia/marche/perugia/pages/st_jamess_gate_irish_pub_-_colombella_43.0812_12.4207.json,custom
43.079809,12.420986,ov_le_more_bar_e_food_43.0798_12.4210,Le More Bar e Food,RESTAURANT,bar_cafe,https://raw.githubusercontent.com/pasqualelembo78/huntix-poi/main/italia/marche/perugia/pages/le_more_bar_e_food_43.0798_12.4210.json,custom
43.078819,12.422119,ov_bar_frenk_43.0788_12.4221,Bar Frenk,RESTAURANT,bar_cafe,https://raw.githubusercontent.com/pasqualelembo78/huntix-poi/main/italia/marche/perugia/pages/bar_frenk_43.0788_12.4221.json,custom
43.084465,12.444138,ov_bella_napoli_ponte_san_giovanni_43.0845_12.4441,Bella Napoli Ponte San Giovanni,RESTAURANT,bar_cafe,https://raw.githubusercontent.com/pasqualelembo78/huntix-poi/main/italia/marche/perugia/pages/bella_napoli_ponte_san_giovanni_43.0845_12.4441.json,custom
43.087728,12.449973,ov_7mila_caffe_bar_43.0877_12.4500,7Mila Caffe Bar,RESTAURANT,bar_cafe,https://raw.githubusercontent.com/pasqualelembo78/huntix-poi/main/italia/marche/perugia/pages/7mila_caffe_bar_43.0877_12.4500.json,custom
43.089022,12.458217,ov_mamabar_43.0890_12.4582,Mamabar,RESTAURANT,bar_cafe,https://raw.githubusercontent.com/pasqualelembo78/huntix-poi/main/italia/marche/perugia/pages/mamabar_43.0890_12.4582.json,custom
43.088471,12.469754,ov_la_caffetteria_43.0885_12.4698,La Caffetteria,RESTAURANT,bar_cafe,https://raw.githubusercontent.com/pasqualelembo78/huntix-poi/main/italia/marche/perugia/pages/la_caffetteria_43.0885_12.4698.json,custom
43.084804,12.482723,ov_circolo_arci_collestrada___festa_paesana_43.0848_12.4827,Circolo Arci Collestrada - Festa paesana a Collestrada,RESTAURANT,bar_cafe,https://raw.githubusercontent.com/pasqualelembo78/huntix-poi/main/italia/marche/perugia/pages/circolo_arci_collestrada_-_festa_paesana_43.0848_12.4827.json,custom
43.102596,12.492880,ov_circolo_bar_sant_egidio_43.1026_12.4929,Circolo Bar Sant'Egidio,RESTAURANT,bar_cafe,https://raw.githubusercontent.com/pasqualelembo78/huntix-poi/main/italia/marche/perugia/pages/circolo_bar_santegidio_43.1026_12.4929.json,custom
43.104087,12.490585,ov_sant_egidio_cafe_43.1041_12.4906,Sant'Egidio Cafe,RESTAURANT,bar_cafe,https://raw.githubusercontent.com/pasqualelembo78/huntix-poi/main/italia/marche/perugia/pages/santegidio_cafe_43.1041_12.4906.json,custom
43.115090,12.460620,ov_bequeer_43.1151_12.4606,BeQueer,RESTAURANT,bar_cafe,https://raw.githubusercontent.com/pasqualelembo78/huntix-poi/main/italia/marche/perugia/pages/bequeer_43.1151_12.4606.json,custom
43.111281,12.448327,ov_dolce_vita_43.1113_12.4483,Dolce Vita,RESTAURANT,bar_cafe,https://raw.githubusercontent.com/pasqualelembo78/huntix-poi/main/italia/marche/perugia/pages/dolce_vita_43.1113_12.4483.json,custom
43.113060,12.450830,ov_the_knight_43.1131_12.4508,The Knight,RESTAURANT,bar_cafe,https://raw.githubusercontent.com/pasqualelembo78/huntix-poi/main/italia/marche/perugia/pages/the_knight_43.1131_12.4508.json,custom
43.113072,12.450857,ov_bar_cavaliere_43.1131_12.4509,Bar Cavaliere,RESTAURANT,bar_cafe,https://raw.githubusercontent.com/pasqualelembo78/huntix-poi/main/italia/marche/perugia/pages/bar_cavaliere_43.1131_12.4509.json,custom
43.109620,12.446480,ov_la_belle_vie_bar_e_caffetteria_43.1096_12.4465,La Belle Vie bar e caffetteria,RESTAURANT,bar_cafe,https://raw.githubusercontent.com/pasqualelembo78/huntix-poi/main/italia/marche/perugia/pages/la_belle_vie_bar_e_caffetteria_43.1096_12.4465.json,custom
43.109838,12.446587,ov_il_goloso_bistrot_43.1098_12.4466,Il Goloso Bistrot,RESTAURANT,bar_cafe,https://raw.githubusercontent.com/pasqualelembo78/huntix-poi/main/italia/marche/perugia/pages/il_goloso_bistrot_43.1098_12.4466.json,custom
43.109830,12.446650,ov_il_golosone_43.1098_12.4466,Il Golosone,RESTAURANT,bar_cafe,https://raw.githubusercontent.com/pasqualelembo78/huntix-poi/main/italia/marche/perugia/pages/il_golosone_43.1098_12.4466.json,custom
43.109737,12.447421,ov_vineria_la_fraschetta_43.1097_12.4474,Vineria La Fraschetta,RESTAURANT,bar_cafe,https://raw.githubusercontent.com/pasqualelembo78/huntix-poi/main/italia/marche/perugia/pages/vineria_la_fraschetta_43.1097_12.4474.json,custom
43.108293,12.465878,ov_ribox_una_piacevole_sosta_43.1083_12.4659,RIBOX una piacevole sosta,RESTAURANT,bar_cafe,https://raw.githubusercontent.com/pasqualelembo78/huntix-poi/main/italia/marche/perugia/pages/ribox_una_piacevole_sosta_43.1083_12.4659.json,custom
43.108175,12.466087,ov_self_service_conti_di_conti_giorgio_43.1082_12.4661,Self Service Conti di Conti Giorgio,RESTAURANT,bar_cafe,https://raw.githubusercontent.com/pasqualelembo78/huntix-poi/main/italia/marche/perugia/pages/self_service_conti_di_conti_giorgio_43.1082_12.4661.json,custom
43.091068,12.445439,ov_funnybar_ponte_san_giovanni_43.0911_12.4454,FunnyBar Ponte San Giovanni,RESTAURANT,bar_cafe,https://raw.githubusercontent.com/pasqualelembo78/huntix-poi/main/italia/marche/perugia/pages/funnybar_ponte_san_giovanni_43.0911_12.4454.json,custom
43.090234,12.442868,ov_bar_rendez_vous_43.0902_12.4429,Bar Rendez Vous,RESTAURANT,bar_cafe,https://raw.githubusercontent.com/pasqualelembo78/huntix-poi/main/italia/marche/perugia/pages/bar_rendez_vous_43.0902_12.4429.json,custom
43.090566,12.442092,ov_bibi_cafe_43.0906_12.4421,Bibi Cafe,RESTAURANT,bar_cafe,https://raw.githubusercontent.com/pasqualelembo78/huntix-poi/main/italia/marche/perugia/pages/bibi_cafe_43.0906_12.4421.json,custom
43.091139,12.439459,ov_funnybar_pontesangiovanni_43.0911_12.4395,Funnybar Pontesangiovanni,RESTAURANT,bar_cafe,https://raw.githubusercontent.com/pasqualelembo78/huntix-poi/main/italia/marche/perugia/pages/funnybar_pontesangiovanni_43.0911_12.4395.json,custom
43.091132,12.438260,ov_torrefazione_bar_pasticceria_luca_43.0911_12.4383,Torrefazione Bar Pasticceria Luca,RESTAURANT,bar_cafe,https://raw.githubusercontent.com/pasqualelembo78/huntix-poi/main/italia/marche/perugia/pages/torrefazione_bar_pasticceria_luca_43.0911_12.4383.json,custom
43.090208,12.439215,ov_pinalli__c_c__apogeo__43.0902_12.4392,Pinalli (C.C. Apogeo),RESTAURANT,bar_cafe,https://raw.githubusercontent.com/pasqualelembo78/huntix-poi/main/italia/marche/perugia/pages/pinalli_cc_apogeo_43.0902_12.4392.json,custom
43.090580,12.437733,ov_agor_caf__ponte_san_giovanni_43.0906_12.4377,AgoràCafè Ponte San Giovanni,RESTAURANT,bar_cafe,https://raw.githubusercontent.com/pasqualelembo78/huntix-poi/main/italia/marche/perugia/pages/agorcaf_ponte_san_giovanni_43.0906_12.4377.json,custom
43.090073,12.432593,ov_la_cantina_di_pierotti_claudio_43.0901_12.4326,La Cantina di Pierotti Claudio,RESTAURANT,bar_cafe,https://raw.githubusercontent.com/pasqualelembo78/huntix-poi/main/italia/marche/perugia/pages/la_cantina_di_pierotti_claudio_43.0901_12.4326.json,custom
43.089990,12.432236,ov_click_cafe_43.0900_12.4322,Click Cafe,RESTAURANT,bar_cafe,https://raw.githubusercontent.com/pasqualelembo78/huntix-poi/main/italia/marche/perugia/pages/click_cafe_43.0900_12.4322.json,custom
43.114455,12.438684,ov_kinky_bar_43.1145_12.4387,Kinky Bar,RESTAURANT,bar_cafe,https://raw.githubusercontent.com/pasqualelembo78/huntix-poi/main/italia/marche/perugia/pages/kinky_bar_43.1145_12.4387.json,custom
43.110728,12.409883,ov_jacobar_43.1107_12.4099,Jacobar,RESTAURANT,bar_cafe,https://raw.githubusercontent.com/pasqualelembo78/huntix-poi/main/italia/marche/perugia/pages/jacobar_43.1107_12.4099.json,custom
43.114329,12.400615,ov_espressino_cafe_43.1143_12.4006,Espressino Cafe,RESTAURANT,bar_cafe,https://raw.githubusercontent.com/pasqualelembo78/huntix-poi/main/italia/marche/perugia/pages/espressino_cafe_43.1143_12.4006.json,custom
43.128889,12.422214,ov_rio_bar_cukuc_corner_43.1289_12.4222,Rio Bar-Cukuc Corner,RESTAURANT,bar_cafe,https://raw.githubusercontent.com/pasqualelembo78/huntix-poi/main/italia/marche/perugia/pages/rio_bar-cukuc_corner_43.1289_12.4222.json,custom
43.126032,12.436329,ov_thebris_cafe_43.1260_12.4363,Thebris Cafe,RESTAURANT,bar_cafe,https://raw.githubusercontent.com/pasqualelembo78/huntix-poi/main/italia/marche/perugia/pages/thebris_cafe_43.1260_12.4363.json,custom
43.123485,12.448199,ov_bar_minelli_43.1235_12.4482,Bar Minelli,RESTAURANT,bar_cafe,https://raw.githubusercontent.com/pasqualelembo78/huntix-poi/main/italia/marche/perugia/pages/bar_minelli_43.1235_12.4482.json,custom
43.123449,12.448190,ov_bar_silvia_43.1234_12.4482,Bar Silvia,RESTAURANT,bar_cafe,https://raw.githubusercontent.com/pasqualelembo78/huntix-poi/main/italia/marche/perugia/pages/bar_silvia_43.1234_12.4482.json,custom
43.129640,12.453540,ov_cral_gesenu_43.1296_12.4535,Cral Gesenu,RESTAURANT,bar_cafe,https://raw.githubusercontent.com/pasqualelembo78/huntix-poi/main/italia/marche/perugia/pages/cral_gesenu_43.1296_12.4535.json,custom
43.123688,12.441437,ov_daloma_caffe_43.1237_12.4414,Daloma Caffe,RESTAURANT,bar_cafe,https://raw.githubusercontent.com/pasqualelembo78/huntix-poi/main/italia/marche/perugia/pages/daloma_caffe_43.1237_12.4414.json,custom
43.131126,12.447507,ov_gold_wine_bar_43.1311_12.4475,Gold Wine Bar,RESTAURANT,bar_cafe,https://raw.githubusercontent.com/pasqualelembo78/huntix-poi/main/italia/marche/perugia/pages/gold_wine_bar_43.1311_12.4475.json,custom
43.131498,12.448113,ov_central_bar_borsalino_43.1315_12.4481,Central Bar Borsalino,RESTAURANT,bar_cafe,https://raw.githubusercontent.com/pasqualelembo78/huntix-poi/main/italia/marche/perugia/pages/central_bar_borsalino_43.1315_12.4481.json,custom
43.133084,12.440678,ov_bar_gimkebulo_43.1331_12.4407,Bar Gimkebulo,RESTAURANT,bar_cafe,https://raw.githubusercontent.com/pasqualelembo78/huntix-poi/main/italia/marche/perugia/pages/bar_gimkebulo_43.1331_12.4407.json,custom
43.135471,12.445390,ov_eco_bar_43.1355_12.4454,Eco Bar,RESTAURANT,bar_cafe,https://raw.githubusercontent.com/pasqualelembo78/huntix-poi/main/italia/marche/perugia/pages/eco_bar_43.1355_12.4454.json,custom
43.133064,12.452928,ov_mango_s_cafe_43.1331_12.4529,Mango's Cafe,RESTAURANT,bar_cafe,https://raw.githubusercontent.com/pasqualelembo78/huntix-poi/main/italia/marche/perugia/pages/mangos_cafe_43.1331_12.4529.json,custom
43.133207,12.453016,ov_mimosa_lounge_bar_43.1332_12.4530,Mimosa Lounge Bar,RESTAURANT,bar_cafe,https://raw.githubusercontent.com/pasqualelembo78/huntix-poi/main/italia/marche/perugia/pages/mimosa_lounge_bar_43.1332_12.4530.json,custom
43.142792,12.468904,ov_bagni_king_43.1428_12.4689,Bagni KING,RESTAURANT,bar_cafe,https://raw.githubusercontent.com/pasqualelembo78/huntix-poi/main/italia/marche/perugia/pages/bagni_king_43.1428_12.4689.json,custom
43.142149,12.469836,ov_circolo_oasi_80_43.1421_12.4698,Circolo OASI 80,RESTAURANT,bar_cafe,https://raw.githubusercontent.com/pasqualelembo78/huntix-poi/main/italia/marche/perugia/pages/circolo_oasi_80_43.1421_12.4698.json,custom
43.170740,12.426442,ov_bar_mami_43.1707_12.4264,Bar Mami,RESTAURANT,bar_cafe,https://raw.githubusercontent.com/pasqualelembo78/huntix-poi/main/italia/marche/perugia/pages/bar_mami_43.1707_12.4264.json,custom
43.169401,12.461819,ov_torrefazione_ramazzano_sumak_caffe_diama_43.1694_12.4618,Torrefazione Ramazzano Sumak Caffe Diamante,RESTAURANT,bar_cafe,https://raw.githubusercontent.com/pasqualelembo78/huntix-poi/main/italia/marche/perugia/pages/torrefazione_ramazzano_sumak_caffe_diama_43.1694_12.4618.json,custom
43.158180,12.491233,ov_bar_tabacchi_centrale_43.1582_12.4912,Bar Tabacchi Centrale,RESTAURANT,bar_cafe,https://raw.githubusercontent.com/pasqualelembo78/huntix-poi/main/italia/marche/perugia/pages/bar_tabacchi_centrale_43.1582_12.4912.json,custom
43.164930,12.498870,ov_edelfa_pub_43.1649_12.4989,Edelfa Pub,RESTAURANT,bar_cafe,https://raw.githubusercontent.com/pasqualelembo78/huntix-poi/main/italia/marche/perugia/pages/edelfa_pub_43.1649_12.4989.json,custom
43.140278,12.532889,ov_bar_dolce_vita_pianello_43.1403_12.5329,Bar Dolce Vita Pianello,RESTAURANT,bar_cafe,https://raw.githubusercontent.com/pasqualelembo78/huntix-poi/main/italia/marche/perugia/pages/bar_dolce_vita_pianello_43.1403_12.5329.json,custom
43.130486,12.510836,ov_luna_rossa_tabacchi_43.1305_12.5108,Luna Rossa Tabacchi,RESTAURANT,bar_cafe,https://raw.githubusercontent.com/pasqualelembo78/huntix-poi/main/italia/marche/perugia/pages/luna_rossa_tabacchi_43.1305_12.5108.json,custom
43.129772,12.512868,ov_bar_paradise_43.1298_12.5129,Bar Paradise,RESTAURANT,bar_cafe,https://raw.githubusercontent.com/pasqualelembo78/huntix-poi/main/italia/marche/perugia/pages/bar_paradise_43.1298_12.5129.json,custom
43.051170,12.406886,ov_vinoteca_bellucci_43.0512_12.4069,Vinoteca Bellucci,RESTAURANT,bar_cafe,https://raw.githubusercontent.com/pasqualelembo78/huntix-poi/main/italia/marche/perugia/pages/vinoteca_bellucci_43.0512_12.4069.json,custom
43.047504,12.407672,ov_bar_le_querce_43.0475_12.4077,Bar Le Querce,RESTAURANT,bar_cafe,https://raw.githubusercontent.com/pasqualelembo78/huntix-poi/main/italia/marche/perugia/pages/bar_le_querce_43.0475_12.4077.json,custom
43.037686,12.400732,ov_why_not_cafe_43.0377_12.4007,Why Not Cafe,RESTAURANT,bar_cafe,https://raw.githubusercontent.com/pasqualelembo78/huntix-poi/main/italia/marche/perugia/pages/why_not_cafe_43.0377_12.4007.json,custom
43.037550,12.414250,ov_bar_stella_azzurra_43.0376_12.4142,Bar Stella Azzurra,RESTAURANT,bar_cafe,https://raw.githubusercontent.com/pasqualelembo78/huntix-poi/main/italia/marche/perugia/pages/bar_stella_azzurra_43.0376_12.4142.json,custom
43.175816,12.431617,ov_il_nido_dei_golosi_43.1758_12.4316,Il Nido dei Golosi,RESTAURANT,bar_cafe,https://raw.githubusercontent.com/pasqualelembo78/huntix-poi/main/italia/marche/perugia/pages/il_nido_dei_golosi_43.1758_12.4316.json,custom
43.179769,12.425771,ov_green_pub_43.1798_12.4258,Green Pub,RESTAURANT,bar_cafe,https://raw.githubusercontent.com/pasqualelembo78/huntix-poi/main/italia/marche/perugia/pages/green_pub_43.1798_12.4258.json,custom
43.177102,12.429045,ov_the_pallet_43.1771_12.4290,The Pallet,RESTAURANT,bar_cafe,https://raw.githubusercontent.com/pasqualelembo78/huntix-poi/main/italia/marche/perugia/pages/the_pallet_43.1771_12.4290.json,custom
43.175700,12.427840,ov_caff__del_ponte_43.1757_12.4278,Caffè del Ponte,RESTAURANT,bar_cafe,https://raw.githubusercontent.com/pasqualelembo78/huntix-poi/main/italia/marche/perugia/pages/caff_del_ponte_43.1757_12.4278.json,custom
43.187898,12.450448,ov_bar_devil_43.1879_12.4504,Bar Devil,RESTAURANT,bar_cafe,https://raw.githubusercontent.com/pasqualelembo78/huntix-poi/main/italia/marche/perugia/pages/bar_devil_43.1879_12.4504.json,custom
43.187573,12.451465,ov_bar_pannacci_43.1876_12.4515,Bar Pannacci,RESTAURANT,bar_cafe,https://raw.githubusercontent.com/pasqualelembo78/huntix-poi/main/italia/marche/perugia/pages/bar_pannacci_43.1876_12.4515.json,custom
43.189543,12.456726,ov_birrificio_la_gramigna_43.1895_12.4567,Birrificio la Gramigna,RESTAURANT,bar_cafe,https://raw.githubusercontent.com/pasqualelembo78/huntix-poi/main/italia/marche/perugia/pages/birrificio_la_gramigna_43.1895_12.4567.json,custom
43.202468,12.426288,ov_circolo_arci_resina_43.2025_12.4263,Circolo Arci Resina,RESTAURANT,bar_cafe,https://raw.githubusercontent.com/pasqualelembo78/huntix-poi/main/italia/marche/perugia/pages/circolo_arci_resina_43.2025_12.4263.json,custom
43.198391,12.428379,ov_area_51_pub___resina_43.1984_12.4284,Area 51 Pub - Resina,RESTAURANT,bar_cafe,https://raw.githubusercontent.com/pasqualelembo78/huntix-poi/main/italia/marche/perugia/pages/area_51_pub_-_resina_43.1984_12.4284.json,custom
43.215720,12.412270,ov_pubsottosopra_solfagnano_43.2157_12.4123,pubsottosopra_solfagnano,RESTAURANT,bar_cafe,https://raw.githubusercontent.com/pasqualelembo78/huntix-poi/main/italia/marche/perugia/pages/pubsottosoprasolfagnano_43.2157_12.4123.json,custom
43.217070,12.415580,ov_happy_days_bar_pizzeria_43.2171_12.4156,Happy Days Bar Pizzeria,RESTAURANT,bar_cafe,https://raw.githubusercontent.com/pasqualelembo78/huntix-poi/main/italia/marche/perugia/pages/happy_days_bar_pizzeria_43.2171_12.4156.json,custom
43.233254,12.377053,ov_vineria_del_carmine_43.2333_12.3771,Vineria Del Carmine,RESTAURANT,bar_cafe,https://raw.githubusercontent.com/pasqualelembo78/huntix-poi/main/italia/marche/perugia/pages/vineria_del_carmine_43.2333_12.3771.json,custom
43.231419,12.410182,ov_tabacchi_jazz_43.2314_12.4102,Tabacchi Jazz,RESTAURANT,bar_cafe,https://raw.githubusercontent.com/pasqualelembo78/huntix-poi/main/italia/marche/perugia/pages/tabacchi_jazz_43.2314_12.4102.json,custom
43.272779,12.196621,ov_ristoranti_di_reschio_43.2728_12.1966,Ristoranti di Reschio,RESTAURANT,bar_cafe,https://raw.githubusercontent.com/pasqualelembo78/huntix-poi/main/italia/marche/perugia/pages/ristoranti_di_reschio_43.2728_12.1966.json,custom
43.253270,12.402820,ov_bar_chilometro93_43.2533_12.4028,Bar Chilometro93,RESTAURANT,bar_cafe,https://raw.githubusercontent.com/pasqualelembo78/huntix-poi/main/italia/marche/perugia/pages/bar_chilometro93_43.2533_12.4028.json,custom
43.187780,12.553220,ov_donkey_pub_fratticiola_43.1878_12.5532,Donkey Pub Fratticiola,RESTAURANT,bar_cafe,https://raw.githubusercontent.com/pasqualelembo78/huntix-poi/main/italia/marche/perugia/pages/donkey_pub_fratticiola_43.1878_12.5532.json,custom
43.186822,12.552170,ov_mami_bar_43.1868_12.5522,Mami Bar,RESTAURANT,bar_cafe,https://raw.githubusercontent.com/pasqualelembo78/huntix-poi/main/italia/marche/perugia/pages/mami_bar_43.1868_12.5522.json,custom
43.179584,12.504286,ov_jo_bar_43.1796_12.5043,Jo Bar,RESTAURANT,bar_cafe,https://raw.githubusercontent.com/pasqualelembo78/huntix-poi/main/italia/marche/perugia/pages/jo_bar_43.1796_12.5043.json,custom
43.178815,12.507954,ov_bar_dello_sport_43.1788_12.5080,Bar Dello Sport,RESTAURANT,bar_cafe,https://raw.githubusercontent.com/pasqualelembo78/huntix-poi/main/italia/marche/perugia/pages/bar_dello_sport_43.1788_12.5080.json,custom
43.178816,12.510724,ov_cico_s_pub_piccione_pagina_ufficiale_43.1788_12.5107,Cico's Pub Piccione PAGINA UFFICIALE,RESTAURANT,bar_cafe,https://raw.githubusercontent.com/pasqualelembo78/huntix-poi/main/italia/marche/perugia/pages/cicos_pub_piccione_pagina_ufficiale_43.1788_12.5107.json,custom
43.114745,12.398909,osm_royal_43.1147_12.3989,Royal,bar_cafe,bar_cafe,https://raw.githubusercontent.com/pasqualelembo78/huntix-poi/main/italia/marche/perugia/pages/royal_43.1147_12.3989.json,custom
43.116951,12.384602,osm_bar_dello_studente_43.1170_12.3846,Bar dello studente,bar_cafe,bar_cafe,https://raw.githubusercontent.com/pasqualelembo78/huntix-poi/main/italia/marche/perugia/pages/bar_dello_studente_43.1170_12.3846.json,custom
43.100778,12.367489,osm_tux_caff__43.1008_12.3675,Tux Caffé,bar_cafe,bar_cafe,https://raw.githubusercontent.com/pasqualelembo78/huntix-poi/main/italia/marche/perugia/pages/tux_caff_43.1008_12.3675.json,custom
43.077794,12.342217,osm_lago_ritmo_43.0778_12.3422,Lago Ritmo,bar_cafe,bar_cafe,https://raw.githubusercontent.com/pasqualelembo78/huntix-poi/main/italia/marche/perugia/pages/lago_ritmo_43.0778_12.3422.json,custom
43.159639,12.331613,osm_notorious_pub_43.1596_12.3316,Notorious Pub,bar_cafe,bar_cafe,https://raw.githubusercontent.com/pasqualelembo78/huntix-poi/main/italia/marche/perugia/pages/notorious_pub_43.1596_12.3316.json,custom
43.102583,12.383227,osm_bar_due_due_43.1026_12.3832,Bar Due+Due,bar_cafe,bar_cafe,https://raw.githubusercontent.com/pasqualelembo78/huntix-poi/main/italia/marche/perugia/pages/bar_duedue_43.1026_12.3832.json,custom
43.116820,12.384867,osm_ecce_bombo_43.1168_12.3849,Ecce Bombo,bar_cafe,bar_cafe,https://raw.githubusercontent.com/pasqualelembo78/huntix-poi/main/italia/marche/perugia/pages/ecce_bombo_43.1168_12.3849.json,custom
43.110006,12.389702,osm_kundera_bistrot_43.1100_12.3897,Kundera Bistrot,bar_cafe,bar_cafe,https://raw.githubusercontent.com/pasqualelembo78/huntix-poi/main/italia/marche/perugia/pages/kundera_bistrot_43.1100_12.3897.json,custom
43.121139,12.514406,osm_autogrill_43.1211_12.5144,Autogrill,bar_cafe,bar_cafe,https://raw.githubusercontent.com/pasqualelembo78/huntix-poi/main/italia/marche/perugia/pages/autogrill_43.1211_12.5144.json,custom
43.093181,12.356800,osm_centova_caff__43.0932_12.3568,Centova Caffé,bar_cafe,bar_cafe,https://raw.githubusercontent.com/pasqualelembo78/huntix-poi/main/italia/marche/perugia/pages/centova_caff_43.0932_12.3568.json,custom
43.097836,12.364002,osm_l_angolo_del_caff__43.0978_12.3640,L'Angolo del Caffé,bar_cafe,bar_cafe,https://raw.githubusercontent.com/pasqualelembo78/huntix-poi/main/italia/marche/perugia/pages/langolo_del_caff_43.0978_12.3640.json,custom
43.103745,12.393697,osm_t_trane_43.1037_12.3937,T-Trane,bar_cafe,bar_cafe,https://raw.githubusercontent.com/pasqualelembo78/huntix-poi/main/italia/marche/perugia/pages/t-trane_43.1037_12.3937.json,custom
43.106330,12.377735,osm_pasticceria_etrusca_43.1063_12.3777,Pasticceria Etrusca,bar_cafe,bar_cafe,https://raw.githubusercontent.com/pasqualelembo78/huntix-poi/main/italia/marche/perugia/pages/pasticceria_etrusca_43.1063_12.3777.json,custom
43.109243,12.360538,osm_bar_tender_43.1092_12.3605,Bar Tender,bar_cafe,bar_cafe,https://raw.githubusercontent.com/pasqualelembo78/huntix-poi/main/italia/marche/perugia/pages/bar_tender_43.1092_12.3605.json,custom
43.111743,12.389758,osm_caffetteria_del_ges__43.1117_12.3898,Caffetteria del Gesù,bar_cafe,bar_cafe,https://raw.githubusercontent.com/pasqualelembo78/huntix-poi/main/italia/marche/perugia/pages/caffetteria_del_ges_43.1117_12.3898.json,custom
43.115257,12.399862,osm_antica_perugia_43.1153_12.3999,Antica Perugia,bar_cafe,bar_cafe,https://raw.githubusercontent.com/pasqualelembo78/huntix-poi/main/italia/marche/perugia/pages/antica_perugia_43.1153_12.3999.json,custom
43.110083,12.388580,osm_blu_43.1101_12.3886,Blu,bar_cafe,bar_cafe,https://raw.githubusercontent.com/pasqualelembo78/huntix-poi/main/italia/marche/perugia/pages/blu_43.1101_12.3886.json,custom
43.112461,12.389739,osm_stuzzicheria_del_grifo_43.1125_12.3897,Stuzzicheria del Grifo,bar_cafe,bar_cafe,https://raw.githubusercontent.com/pasqualelembo78/huntix-poi/main/italia/marche/perugia/pages/stuzzicheria_del_grifo_43.1125_12.3897.json,custom
43.112180,12.389508,osm_bar_duomo_43.1122_12.3895,Bar Duomo,bar_cafe,bar_cafe,https://raw.githubusercontent.com/pasqualelembo78/huntix-poi/main/italia/marche/perugia/pages/bar_duomo_43.1122_12.3895.json,custom
43.112023,12.389436,osm_bar_centrale_43.1120_12.3894,Bar Centrale,bar_cafe,bar_cafe,https://raw.githubusercontent.com/pasqualelembo78/huntix-poi/main/italia/marche/perugia/pages/bar_centrale_43.1120_12.3894.json,custom
43.109703,12.388056,osm_blitz_caff__43.1097_12.3881,Blitz Caffè,bar_cafe,bar_cafe,https://raw.githubusercontent.com/pasqualelembo78/huntix-poi/main/italia/marche/perugia/pages/blitz_caff_43.1097_12.3881.json,custom
43.109351,12.387803,osm_gelateria_veneta_43.1094_12.3878,Gelateria Veneta,bar_cafe,bar_cafe,https://raw.githubusercontent.com/pasqualelembo78/huntix-poi/main/italia/marche/perugia/pages/gelateria_veneta_43.1094_12.3878.json,custom
43.114072,12.394481,osm_lupi_43.1141_12.3945,Lupi,bar_cafe,bar_cafe,https://raw.githubusercontent.com/pasqualelembo78/huntix-poi/main/italia/marche/perugia/pages/lupi_43.1141_12.3945.json,custom
43.112233,12.390306,osm_frittole_vineria_43.1122_12.3903,Frittole Vineria,bar_cafe,bar_cafe,https://raw.githubusercontent.com/pasqualelembo78/huntix-poi/main/italia/marche/perugia/pages/frittole_vineria_43.1122_12.3903.json,custom
43.111537,12.388279,osm_bar_gold_43.1115_12.3883,Bar Gold,bar_cafe,bar_cafe,https://raw.githubusercontent.com/pasqualelembo78/huntix-poi/main/italia/marche/perugia/pages/bar_gold_43.1115_12.3883.json,custom
43.115924,12.389436,osm_la_paninoteca_43.1159_12.3894,La Paninoteca,bar_cafe,bar_cafe,https://raw.githubusercontent.com/pasqualelembo78/huntix-poi/main/italia/marche/perugia/pages/la_paninoteca_43.1159_12.3894.json,custom
43.127814,12.365293,osm_gingillo_lounge_caf__43.1278_12.3653,Gingillo Lounge Cafè,bar_cafe,bar_cafe,https://raw.githubusercontent.com/pasqualelembo78/huntix-poi/main/italia/marche/perugia/pages/gingillo_lounge_caf_43.1278_12.3653.json,custom
43.096426,12.386079,osm_dolcerie2_43.0964_12.3861,Dolcerie2,bar_cafe,bar_cafe,https://raw.githubusercontent.com/pasqualelembo78/huntix-poi/main/italia/marche/perugia/pages/dolcerie2_43.0964_12.3861.json,custom
43.118118,12.364522,osm_bar_residence_43.1181_12.3645,Bar Residence,bar_cafe,bar_cafe,https://raw.githubusercontent.com/pasqualelembo78/huntix-poi/main/italia/marche/perugia/pages/bar_residence_43.1181_12.3645.json,custom
43.114315,12.391081,osm_pinturicchio___cafe_kitchen_43.1143_12.3911,Pinturicchio - Cafe+kitchen,bar_cafe,bar_cafe,https://raw.githubusercontent.com/pasqualelembo78/huntix-poi/main/italia/marche/perugia/pages/pinturicchio_-_cafekitchen_43.1143_12.3911.json,custom
43.112257,12.390520,osm_coffee_and_cigarette_43.1123_12.3905,Coffee and Cigarette,bar_cafe,bar_cafe,https://raw.githubusercontent.com/pasqualelembo78/huntix-poi/main/italia/marche/perugia/pages/coffee_and_cigarette_43.1123_12.3905.json,custom
43.111473,12.388346,osm_loft_43.1115_12.3883,Loft,bar_cafe,bar_cafe,https://raw.githubusercontent.com/pasqualelembo78/huntix-poi/main/italia/marche/perugia/pages/loft_43.1115_12.3883.json,custom
43.115082,12.389702,osm_fortebraccio_43.1151_12.3897,Fortebraccio,bar_cafe,bar_cafe,https://raw.githubusercontent.com/pasqualelembo78/huntix-poi/main/italia/marche/perugia/pages/fortebraccio_43.1151_12.3897.json,custom
43.113754,12.389238,osm_shake_43.1138_12.3892,Shake,bar_cafe,bar_cafe,https://raw.githubusercontent.com/pasqualelembo78/huntix-poi/main/italia/marche/perugia/pages/shake_43.1138_12.3892.json,custom
43.112522,12.389839,osm_dempsey_s_perugia_43.1125_12.3898,Dempsey's Perugia,bar_cafe,bar_cafe,https://raw.githubusercontent.com/pasqualelembo78/huntix-poi/main/italia/marche/perugia/pages/dempseys_perugia_43.1125_12.3898.json,custom
43.116187,12.387672,osm_il_caff__dell_universit__43.1162_12.3877,Il Caffè dell'Università,bar_cafe,bar_cafe,https://raw.githubusercontent.com/pasqualelembo78/huntix-poi/main/italia/marche/perugia/pages/il_caff_delluniversit_43.1162_12.3877.json,custom
43.111786,12.389793,osm_pelletterie_43.1118_12.3898,Pelletterie,bar_cafe,bar_cafe,https://raw.githubusercontent.com/pasqualelembo78/huntix-poi/main/italia/marche/perugia/pages/pelletterie_43.1118_12.3898.json,custom
43.106135,12.391666,osm_barrafra_43.1061_12.3917,Barrafra,bar_cafe,bar_cafe,https://raw.githubusercontent.com/pasqualelembo78/huntix-poi/main/italia/marche/perugia/pages/barrafra_43.1061_12.3917.json,custom
43.109000,12.389837,osm_alphaville___s_ercolano_43.1090_12.3898,Alphaville - S.Ercolano,bar_cafe,bar_cafe,https://raw.githubusercontent.com/pasqualelembo78/huntix-poi/main/italia/marche/perugia/pages/alphaville_-_sercolano_43.1090_12.3898.json,custom
43.110455,12.389405,osm_antica_latteria_43.1105_12.3894,Antica Latteria,bar_cafe,bar_cafe,https://raw.githubusercontent.com/pasqualelembo78/huntix-poi/main/italia/marche/perugia/pages/antica_latteria_43.1105_12.3894.json,custom
43.109817,12.389356,osm_caff__baglioni_43.1098_12.3894,Caffé Baglioni,bar_cafe,bar_cafe,https://raw.githubusercontent.com/pasqualelembo78/huntix-poi/main/italia/marche/perugia/pages/caff_baglioni_43.1098_12.3894.json,custom
43.104384,12.389591,osm_al_caffe_43.1044_12.3896,Al Caffe,bar_cafe,bar_cafe,https://raw.githubusercontent.com/pasqualelembo78/huntix-poi/main/italia/marche/perugia/pages/al_caffe_43.1044_12.3896.json,custom
43.095969,12.391969,osm_aprile_43.0960_12.3920,Aprile,bar_cafe,bar_cafe,https://raw.githubusercontent.com/pasqualelembo78/huntix-poi/main/italia/marche/perugia/pages/aprile_43.0960_12.3920.json,custom
43.103959,12.373599,osm_coffee_shop_43.1040_12.3736,Coffee shop,bar_cafe,bar_cafe,https://raw.githubusercontent.com/pasqualelembo78/huntix-poi/main/italia/marche/perugia/pages/coffee_shop_43.1040_12.3736.json,custom
43.113035,12.384410,osm_poggio_caf__43.1130_12.3844,Poggio Cafè,bar_cafe,bar_cafe,https://raw.githubusercontent.com/pasqualelembo78/huntix-poi/main/italia/marche/perugia/pages/poggio_caf_43.1130_12.3844.json,custom
43.107436,12.390796,osm_birreria_quei_bravi_ragazzi_43.1074_12.3908,Birreria Quei bravi ragazzi,bar_cafe,bar_cafe,https://raw.githubusercontent.com/pasqualelembo78/huntix-poi/main/italia/marche/perugia/pages/birreria_quei_bravi_ragazzi_43.1074_12.3908.json,custom
43.112687,12.387745,osm_postogiusto_43.1127_12.3877,Postogiusto,bar_cafe,bar_cafe,https://raw.githubusercontent.com/pasqualelembo78/huntix-poi/main/italia/marche/perugia/pages/postogiusto_43.1127_12.3877.json,custom
43.131413,12.361668,osm_betti_bar_43.1314_12.3617,Betti Bar,bar_cafe,bar_cafe,https://raw.githubusercontent.com/pasqualelembo78/huntix-poi/main/italia/marche/perugia/pages/betti_bar_43.1314_12.3617.json,custom
43.111672,12.389343,osm_jolly_roger_lounge_bar_43.1117_12.3893,Jolly Roger lounge bar,bar_cafe,bar_cafe,https://raw.githubusercontent.com/pasqualelembo78/huntix-poi/main/italia/marche/perugia/pages/jolly_roger_lounge_bar_43.1117_12.3893.json,custom
43.088259,12.423538,osm_la_nuit_d_or_43.0883_12.4235,La Nuit d'Or,bar_cafe,bar_cafe,https://raw.githubusercontent.com/pasqualelembo78/huntix-poi/main/italia/marche/perugia/pages/la_nuit_dor_43.0883_12.4235.json,custom
43.112656,12.389890,osm_kosmo_43.1127_12.3899,Kosmo,bar_cafe,bar_cafe,https://raw.githubusercontent.com/pasqualelembo78/huntix-poi/main/italia/marche/perugia/pages/kosmo_43.1127_12.3899.json,custom
43.119824,12.372243,osm_mir__circolo_culturale_43.1198_12.3722,Mirò circolo culturale,bar_cafe,bar_cafe,https://raw.githubusercontent.com/pasqualelembo78/huntix-poi/main/italia/marche/perugia/pages/mir_circolo_culturale_43.1198_12.3722.json,custom
43.101057,12.377370,osm_ami_sara_43.1011_12.3774,Ami Sara,bar_cafe,bar_cafe,https://raw.githubusercontent.com/pasqualelembo78/huntix-poi/main/italia/marche/perugia/pages/ami_sara_43.1011_12.3774.json,custom
43.133082,12.440622,osm_bar_gimk_bulo_43.1331_12.4406,Bar GimKèBulo,bar_cafe,bar_cafe,https://raw.githubusercontent.com/pasqualelembo78/huntix-poi/main/italia/marche/perugia/pages/bar_gimkbulo_43.1331_12.4406.json,custom
43.112658,12.387793,osm_caff__arco_43.1127_12.3878,Caffè Arco,bar_cafe,bar_cafe,https://raw.githubusercontent.com/pasqualelembo78/huntix-poi/main/italia/marche/perugia/pages/caff_arco_43.1127_12.3878.json,custom
43.112574,12.387901,osm_flair_street_cocktail_bar_43.1126_12.3879,Flair Street Cocktail bar,bar_cafe,bar_cafe,https://raw.githubusercontent.com/pasqualelembo78/huntix-poi/main/italia/marche/perugia/pages/flair_street_cocktail_bar_43.1126_12.3879.json,custom
43.112045,12.389450,osm_turan_caf__43.1120_12.3894,Turan Cafè,bar_cafe,bar_cafe,https://raw.githubusercontent.com/pasqualelembo78/huntix-poi/main/italia/marche/perugia/pages/turan_caf_43.1120_12.3894.json,custom
43.085636,12.329460,osm_bandeja___food___drink_43.0856_12.3295,Bandeja - food & drink,bar_cafe,bar_cafe,https://raw.githubusercontent.com/pasqualelembo78/huntix-poi/main/italia/marche/perugia/pages/bandeja_-_food_drink_43.0856_12.3295.json,custom
43.114611,12.376222,osm_bar_tabaccheria_43.1146_12.3762,Bar Tabaccheria,bar_cafe,bar_cafe,https://raw.githubusercontent.com/pasqualelembo78/huntix-poi/main/italia/marche/perugia/pages/bar_tabaccheria_43.1146_12.3762.json,custom
43.106328,12.345541,osm_bar_tabacchi_corsini_43.1063_12.3455,Bar Tabacchi Corsini,bar_cafe,bar_cafe,https://raw.githubusercontent.com/pasqualelembo78/huntix-poi/main/italia/marche/perugia/pages/bar_tabacchi_corsini_43.1063_12.3455.json,custom
43.123449,12.441527,osm_daloma_caff__43.1234_12.4415,Daloma Caffè,bar_cafe,bar_cafe,https://raw.githubusercontent.com/pasqualelembo78/huntix-poi/main/italia/marche/perugia/pages/daloma_caff_43.1234_12.4415.json,custom
42.955530,12.357410,ov_scuderia_del_borgo_42.9555_12.3574,Scuderia del Borgo,GYM,palestra,https://raw.githubusercontent.com/pasqualelembo78/huntix-poi/main/italia/marche/perugia/pages/scuderia_del_borgo_42.9555_12.3574.json,custom
43.030013,12.365588,ov_pt_gaiabura_43.0300_12.3656,PT.GaiaBura,GYM,palestra,https://raw.githubusercontent.com/pasqualelembo78/huntix-poi/main/italia/marche/perugia/pages/ptgaiabura_43.0300_12.3656.json,custom
43.062411,12.343722,ov_a_s_d__muoviamoci_43.0624_12.3437,A.s.d. Muoviamoci,GYM,palestra,https://raw.githubusercontent.com/pasqualelembo78/huntix-poi/main/italia/marche/perugia/pages/asd_muoviamoci_43.0624_12.3437.json,custom
43.053826,12.332697,ov_accademia_danza_studios_43.0538_12.3327,Accademia Danza Studios,GYM,palestra,https://raw.githubusercontent.com/pasqualelembo78/huntix-poi/main/italia/marche/perugia/pages/accademia_danza_studios_43.0538_12.3327.json,custom
43.058695,12.289285,ov_balli_di_gruppo_perugia_hakuna_matata_43.0587_12.2893,Balli Di Gruppo Perugia Hakuna Matata,GYM,palestra,https://raw.githubusercontent.com/pasqualelembo78/huntix-poi/main/italia/marche/perugia/pages/balli_di_gruppo_perugia_hakuna_matata_43.0587_12.2893.json,custom
43.154667,12.340946,ov_neo_coaching_academy_43.1547_12.3409,NEO Coaching Academy,GYM,palestra,https://raw.githubusercontent.com/pasqualelembo78/huntix-poi/main/italia/marche/perugia/pages/neo_coaching_academy_43.1547_12.3409.json,custom
43.129547,12.359626,ov_palazzetto_dello_sport_di_san_marco_43.1295_12.3596,Palazzetto dello Sport di San Marco,GYM,palestra,https://raw.githubusercontent.com/pasqualelembo78/huntix-poi/main/italia/marche/perugia/pages/palazzetto_dello_sport_di_san_marco_43.1295_12.3596.json,custom
43.121855,12.368839,ov_aelastic_43.1219_12.3688,Aelastic,GYM,palestra,https://raw.githubusercontent.com/pasqualelembo78/huntix-poi/main/italia/marche/perugia/pages/aelastic_43.1219_12.3688.json,custom
43.129128,12.364030,ov_ashtanga_yoga_perugia_43.1291_12.3640,Ashtanga Yoga Perugia,GYM,palestra,https://raw.githubusercontent.com/pasqualelembo78/huntix-poi/main/italia/marche/perugia/pages/ashtanga_yoga_perugia_43.1291_12.3640.json,custom
43.125405,12.371864,ov_asd_polisportiva_paris__88_43.1254_12.3719,ASD Polisportiva Paris '88,GYM,palestra,https://raw.githubusercontent.com/pasqualelembo78/huntix-poi/main/italia/marche/perugia/pages/asd_polisportiva_paris_88_43.1254_12.3719.json,custom
43.124812,12.372389,ov_sala_scherma_grifo_perugia_43.1248_12.3724,Sala Scherma Grifo Perugia,GYM,palestra,https://raw.githubusercontent.com/pasqualelembo78/huntix-poi/main/italia/marche/perugia/pages/sala_scherma_grifo_perugia_43.1248_12.3724.json,custom
43.118206,12.382846,ov_drinktower_43.1182_12.3828,DrinkTower,GYM,palestra,https://raw.githubusercontent.com/pasqualelembo78/huntix-poi/main/italia/marche/perugia/pages/drinktower_43.1182_12.3828.json,custom
43.117820,12.387415,ov_asd_palestra_olympic_43.1178_12.3874,Asd Palestra Olympic,GYM,palestra,https://raw.githubusercontent.com/pasqualelembo78/huntix-poi/main/italia/marche/perugia/pages/asd_palestra_olympic_43.1178_12.3874.json,custom
43.119205,12.398635,ov_circolo_arci_sant_erminio_43.1192_12.3986,Circolo Arci Sant'Erminio,GYM,palestra,https://raw.githubusercontent.com/pasqualelembo78/huntix-poi/main/italia/marche/perugia/pages/circolo_arci_santerminio_43.1192_12.3986.json,custom
43.118669,12.398534,ov_happy_feet_swing_dance_school_43.1187_12.3985,Happy Feet Swing Dance School,GYM,palestra,https://raw.githubusercontent.com/pasqualelembo78/huntix-poi/main/italia/marche/perugia/pages/happy_feet_swing_dance_school_43.1187_12.3985.json,custom
43.114454,12.392882,ov_a_s_d__orsa_minore_43.1145_12.3929,A.S.D. Orsa Minore,GYM,palestra,https://raw.githubusercontent.com/pasqualelembo78/huntix-poi/main/italia/marche/perugia/pages/asd_orsa_minore_43.1145_12.3929.json,custom
43.112200,12.388900,ov_asd_wushu_team_perugia_43.1122_12.3889,ASD Wushu Team Perugia,GYM,palestra,https://raw.githubusercontent.com/pasqualelembo78/huntix-poi/main/italia/marche/perugia/pages/asd_wushu_team_perugia_43.1122_12.3889.json,custom
43.110516,12.382576,ov_palasport_pompeo_pellini_43.1105_12.3826,Palasport Pompeo Pellini,GYM,palestra,https://raw.githubusercontent.com/pasqualelembo78/huntix-poi/main/italia/marche/perugia/pages/palasport_pompeo_pellini_43.1105_12.3826.json,custom
43.110329,12.381890,ov_cubame_mucho_asd___scuola_di_danze_cuban_43.1103_12.3819,Cubame Mucho ASD - Scuola di danze cubane,GYM,palestra,https://raw.githubusercontent.com/pasqualelembo78/huntix-poi/main/italia/marche/perugia/pages/cubame_mucho_asd_-_scuola_di_danze_cuban_43.1103_12.3819.json,custom
43.116638,12.388710,ov_domus_pauperum_43.1166_12.3887,Domus Pauperum,GYM,palestra,https://raw.githubusercontent.com/pasqualelembo78/huntix-poi/main/italia/marche/perugia/pages/domus_pauperum_43.1166_12.3887.json,custom
43.115590,12.365818,ov_studio_pilates_trentasettle_43.1156_12.3658,Studio Pilates Trentasettle,GYM,palestra,https://raw.githubusercontent.com/pasqualelembo78/huntix-poi/main/italia/marche/perugia/pages/studio_pilates_trentasettle_43.1156_12.3658.json,custom
43.115342,12.363425,ov_palestraenergia_perugia_43.1153_12.3634,PalestraEnergia Perugia,GYM,palestra,https://raw.githubusercontent.com/pasqualelembo78/huntix-poi/main/italia/marche/perugia/pages/palestraenergia_perugia_43.1153_12.3634.json,custom
43.115790,12.365451,ov_yoga_shala_perugia_43.1158_12.3655,Yoga Shala Perugia,GYM,palestra,https://raw.githubusercontent.com/pasqualelembo78/huntix-poi/main/italia/marche/perugia/pages/yoga_shala_perugia_43.1158_12.3655.json,custom
43.111952,12.377526,ov_naturalmente_danza_43.1120_12.3775,Naturalmente Danza,GYM,palestra,https://raw.githubusercontent.com/pasqualelembo78/huntix-poi/main/italia/marche/perugia/pages/naturalmente_danza_43.1120_12.3775.json,custom
43.113206,12.377235,ov_asd_kendo_perugia___arti_marziali_43.1132_12.3772,Asd Kendo Perugia - Arti Marziali,GYM,palestra,https://raw.githubusercontent.com/pasqualelembo78/huntix-poi/main/italia/marche/perugia/pages/asd_kendo_perugia_-_arti_marziali_43.1132_12.3772.json,custom
43.113170,12.377420,ov_el_bandoneon_perugia___tango_43.1132_12.3774,El Bandoneon Perugia - Tango,GYM,palestra,https://raw.githubusercontent.com/pasqualelembo78/huntix-poi/main/italia/marche/perugia/pages/el_bandoneon_perugia_-_tango_43.1132_12.3774.json,custom
43.109931,12.377766,ov_vbfit_studio_43.1099_12.3778,VBfit Studio,GYM,palestra,https://raw.githubusercontent.com/pasqualelembo78/huntix-poi/main/italia/marche/perugia/pages/vbfit_studio_43.1099_12.3778.json,custom
43.109313,12.377844,ov_laser_game_perugia_43.1093_12.3778,Laser Game Perugia,GYM,palestra,https://raw.githubusercontent.com/pasqualelembo78/huntix-poi/main/italia/marche/perugia/pages/laser_game_perugia_43.1093_12.3778.json,custom
43.109508,12.360884,ov_asd_climbing_zone_43.1095_12.3609,ASD Climbing Zone,GYM,palestra,https://raw.githubusercontent.com/pasqualelembo78/huntix-poi/main/italia/marche/perugia/pages/asd_climbing_zone_43.1095_12.3609.json,custom
43.109160,12.360998,ov_metropolitan_boulder_43.1092_12.3610,Metropolitan Boulder,GYM,palestra,https://raw.githubusercontent.com/pasqualelembo78/huntix-poi/main/italia/marche/perugia/pages/metropolitan_boulder_43.1092_12.3610.json,custom
43.107257,12.367891,ov_fit_and_go_perugia_43.1073_12.3679,Fit And Go Perugia,GYM,palestra,https://raw.githubusercontent.com/pasqualelembo78/huntix-poi/main/italia/marche/perugia/pages/fit_and_go_perugia_43.1073_12.3679.json,custom
43.108294,12.366492,ov_dreamtime_climbing___fitness_43.1083_12.3665,Dreamtime Climbing & Fitness,GYM,palestra,https://raw.githubusercontent.com/pasqualelembo78/huntix-poi/main/italia/marche/perugia/pages/dreamtime_climbing_fitness_43.1083_12.3665.json,custom
43.105342,12.369626,ov_elisabetta_lungo_personal_trainer_43.1053_12.3696,Elisabetta Lungo Personal Trainer,GYM,palestra,https://raw.githubusercontent.com/pasqualelembo78/huntix-poi/main/italia/marche/perugia/pages/elisabetta_lungo_personal_trainer_43.1053_12.3696.json,custom
43.105398,12.369555,ov_phoenix_fitness_studio_43.1054_12.3696,Phoenix Fitness Studio,GYM,palestra,https://raw.githubusercontent.com/pasqualelembo78/huntix-poi/main/italia/marche/perugia/pages/phoenix_fitness_studio_43.1054_12.3696.json,custom
43.104319,12.373755,ov_sport_events_society_43.1043_12.3738,Sport Events Society,GYM,palestra,https://raw.githubusercontent.com/pasqualelembo78/huntix-poi/main/italia/marche/perugia/pages/sport_events_society_43.1043_12.3738.json,custom
43.105421,12.374991,ov_palestra_mcfit_perugia_43.1054_12.3750,Palestra McFIT Perugia,GYM,palestra,https://raw.githubusercontent.com/pasqualelembo78/huntix-poi/main/italia/marche/perugia/pages/palestra_mcfit_perugia_43.1054_12.3750.json,custom
43.106452,12.377804,ov_palestra_corpus_43.1065_12.3778,Palestra Corpus,GYM,palestra,https://raw.githubusercontent.com/pasqualelembo78/huntix-poi/main/italia/marche/perugia/pages/palestra_corpus_43.1065_12.3778.json,custom
43.109233,12.384072,ov_asd_momentum_43.1092_12.3841,ASD Momentum,GYM,palestra,https://raw.githubusercontent.com/pasqualelembo78/huntix-poi/main/italia/marche/perugia/pages/asd_momentum_43.1092_12.3841.json,custom
43.109236,12.389086,ov_equilibrio_asd_studio_pilates_e_personal_43.1092_12.3891,Equilibrio Asd Studio Pilates e Personal Lab,GYM,palestra,https://raw.githubusercontent.com/pasqualelembo78/huntix-poi/main/italia/marche/perugia/pages/equilibrio_asd_studio_pilates_e_personal_43.1092_12.3891.json,custom
43.105433,12.392290,ov_capoeira_coquinho_baiano_43.1054_12.3923,Capoeira Coquinho Baiano,GYM,palestra,https://raw.githubusercontent.com/pasqualelembo78/huntix-poi/main/italia/marche/perugia/pages/capoeira_coquinho_baiano_43.1054_12.3923.json,custom
43.104170,12.391787,ov_dance_gallery_a_p_s__43.1042_12.3918,Dance Gallery A.P.S.,GYM,palestra,https://raw.githubusercontent.com/pasqualelembo78/huntix-poi/main/italia/marche/perugia/pages/dance_gallery_aps_43.1042_12.3918.json,custom
43.103839,12.393672,ov_tiro_a_segno_perugia_43.1038_12.3937,Tiro a Segno Perugia,GYM,palestra,https://raw.githubusercontent.com/pasqualelembo78/huntix-poi/main/italia/marche/perugia/pages/tiro_a_segno_perugia_43.1038_12.3937.json,custom
43.100340,12.384453,ov_pilates_studio_43.1003_12.3845,Pilates Studio,GYM,palestra,https://raw.githubusercontent.com/pasqualelembo78/huntix-poi/main/italia/marche/perugia/pages/pilates_studio_43.1003_12.3845.json,custom
43.100866,12.386801,ov_sport_s_connection_43.1009_12.3868,Sport's Connection,GYM,palestra,https://raw.githubusercontent.com/pasqualelembo78/huntix-poi/main/italia/marche/perugia/pages/sports_connection_43.1009_12.3868.json,custom
43.098797,12.387621,ov_fitness_evolution_center_43.0988_12.3876,Fitness:Evolution:Center,GYM,palestra,https://raw.githubusercontent.com/pasqualelembo78/huntix-poi/main/italia/marche/perugia/pages/fitnessevolutioncenter_43.0988_12.3876.json,custom
43.098729,12.387591,ov_plume_academy_43.0987_12.3876,Plume Academy,GYM,palestra,https://raw.githubusercontent.com/pasqualelembo78/huntix-poi/main/italia/marche/perugia/pages/plume_academy_43.0987_12.3876.json,custom
43.097637,12.388324,ov_amatori_nuoto_perugia_43.0976_12.3883,Amatori Nuoto Perugia,GYM,palestra,https://raw.githubusercontent.com/pasqualelembo78/huntix-poi/main/italia/marche/perugia/pages/amatori_nuoto_perugia_43.0976_12.3883.json,custom
43.095813,12.395603,ov_alice_tango___la_scuola_43.0958_12.3956,Alice Tango - La Scuola,GYM,palestra,https://raw.githubusercontent.com/pasqualelembo78/huntix-poi/main/italia/marche/perugia/pages/alice_tango_-_la_scuola_43.0958_12.3956.json,custom
43.092843,12.368186,ov_palestra_italy_c_k_a_43.0928_12.3682,Palestra Italy C.K.A,GYM,palestra,https://raw.githubusercontent.com/pasqualelembo78/huntix-poi/main/italia/marche/perugia/pages/palestra_italy_cka_43.0928_12.3682.json,custom
43.092847,12.368200,ov_tai_chi_therapy_43.0928_12.3682,Tai chi therapy,GYM,palestra,https://raw.githubusercontent.com/pasqualelembo78/huntix-poi/main/italia/marche/perugia/pages/tai_chi_therapy_43.0928_12.3682.json,custom
43.089834,12.366141,ov_play_salsa_studio___danza_musica_cultura_43.0898_12.3661,Play Salsa Studio - Danza Musica Cultura,GYM,palestra,https://raw.githubusercontent.com/pasqualelembo78/huntix-poi/main/italia/marche/perugia/pages/play_salsa_studio_-_danza_musica_cultura_43.0898_12.3661.json,custom
43.097358,12.362278,ov_la_casa_tra_i_fiori_43.0974_12.3623,La Casa tra i Fiori,GYM,palestra,https://raw.githubusercontent.com/pasqualelembo78/huntix-poi/main/italia/marche/perugia/pages/la_casa_tra_i_fiori_43.0974_12.3623.json,custom
43.099103,12.369835,ov_tacche_e_svasi_climbing_club_43.0991_12.3698,Tacche e Svasi Climbing Club,GYM,palestra,https://raw.githubusercontent.com/pasqualelembo78/huntix-poi/main/italia/marche/perugia/pages/tacche_e_svasi_climbing_club_43.0991_12.3698.json,custom
43.101498,12.371206,ov_delegazione_regionale_umbria___fpi_43.1015_12.3712,Delegazione Regionale Umbria - FPI,GYM,palestra,https://raw.githubusercontent.com/pasqualelembo78/huntix-poi/main/italia/marche/perugia/pages/delegazione_regionale_umbria_-_fpi_43.1015_12.3712.json,custom
43.101388,12.372951,ov_fise_43.1014_12.3730,Fise,GYM,palestra,https://raw.githubusercontent.com/pasqualelembo78/huntix-poi/main/italia/marche/perugia/pages/fise_43.1014_12.3730.json,custom
43.103150,12.377720,ov_punto_snai_punto_g_perugia_giochi_43.1031_12.3777,Punto Snai-punto G Perugia Giochi,GYM,palestra,https://raw.githubusercontent.com/pasqualelembo78/huntix-poi/main/italia/marche/perugia/pages/punto_snai-punto_g_perugia_giochi_43.1031_12.3777.json,custom
43.100232,12.361564,ov_centri_estivi_tanaliberatutti_43.1002_12.3616,Centri estivi Tanaliberatutti,GYM,palestra,https://raw.githubusercontent.com/pasqualelembo78/huntix-poi/main/italia/marche/perugia/pages/centri_estivi_tanaliberatutti_43.1002_12.3616.json,custom
43.102130,12.358880,ov_pallavolo_perugia_43.1021_12.3589,Pallavolo Perugia,GYM,palestra,https://raw.githubusercontent.com/pasqualelembo78/huntix-poi/main/italia/marche/perugia/pages/pallavolo_perugia_43.1021_12.3589.json,custom
43.097730,12.349650,ov_gioca_perugia_43.0977_12.3497,Gioca Perugia,GYM,palestra,https://raw.githubusercontent.com/pasqualelembo78/huntix-poi/main/italia/marche/perugia/pages/gioca_perugia_43.0977_12.3497.json,custom
43.096033,12.355655,ov_virgin_active_43.0960_12.3557,Virgin Active,GYM,palestra,https://raw.githubusercontent.com/pasqualelembo78/huntix-poi/main/italia/marche/perugia/pages/virgin_active_43.0960_12.3557.json,custom
43.092511,12.332701,ov_arena_training_club_43.0925_12.3327,Arena training club,GYM,palestra,https://raw.githubusercontent.com/pasqualelembo78/huntix-poi/main/italia/marche/perugia/pages/arena_training_club_43.0925_12.3327.json,custom
43.106542,12.327966,ov_fit_postural_43.1065_12.3280,Fit Postural,GYM,palestra,https://raw.githubusercontent.com/pasqualelembo78/huntix-poi/main/italia/marche/perugia/pages/fit_postural_43.1065_12.3280.json,custom
43.106929,12.328010,ov_inyoga_studio_43.1069_12.3280,InYoga Studio,GYM,palestra,https://raw.githubusercontent.com/pasqualelembo78/huntix-poi/main/italia/marche/perugia/pages/inyoga_studio_43.1069_12.3280.json,custom
43.106900,12.352461,ov_area_cinque_43.1069_12.3525,Area cinque,GYM,palestra,https://raw.githubusercontent.com/pasqualelembo78/huntix-poi/main/italia/marche/perugia/pages/area_cinque_43.1069_12.3525.json,custom
43.108057,12.347692,ov_palafoccia_ferro_di_cavallo_43.1081_12.3477,Palafoccia Ferro di Cavallo,GYM,palestra,https://raw.githubusercontent.com/pasqualelembo78/huntix-poi/main/italia/marche/perugia/pages/palafoccia_ferro_di_cavallo_43.1081_12.3477.json,custom
43.108064,12.347743,ov_pala_angelo_foccia_43.1081_12.3477,Pala Angelo Foccia,GYM,palestra,https://raw.githubusercontent.com/pasqualelembo78/huntix-poi/main/italia/marche/perugia/pages/pala_angelo_foccia_43.1081_12.3477.json,custom
43.112150,12.352760,ov_perugia_bmx_team_43.1121_12.3528,Perugia BMX Team,GYM,palestra,https://raw.githubusercontent.com/pasqualelembo78/huntix-poi/main/italia/marche/perugia/pages/perugia_bmx_team_43.1121_12.3528.json,custom
43.114370,12.356430,ov_calisthenics_perugia_43.1144_12.3564,Calisthenics Perugia,GYM,palestra,https://raw.githubusercontent.com/pasqualelembo78/huntix-poi/main/italia/marche/perugia/pages/calisthenics_perugia_43.1144_12.3564.json,custom
43.114932,12.355933,ov_unione_sportiva_braccio_fortebraccio_43.1149_12.3559,Unione Sportiva Braccio Fortebraccio,GYM,palestra,https://raw.githubusercontent.com/pasqualelembo78/huntix-poi/main/italia/marche/perugia/pages/unione_sportiva_braccio_fortebraccio_43.1149_12.3559.json,custom
43.101907,12.317026,ov_paolo_rossi_academy_43.1019_12.3170,Paolo Rossi Academy,GYM,palestra,https://raw.githubusercontent.com/pasqualelembo78/huntix-poi/main/italia/marche/perugia/pages/paolo_rossi_academy_43.1019_12.3170.json,custom
43.096354,12.317306,ov_timbatumba_fitness_week_43.0964_12.3173,Timbatumba Fitness Week,GYM,palestra,https://raw.githubusercontent.com/pasqualelembo78/huntix-poi/main/italia/marche/perugia/pages/timbatumba_fitness_week_43.0964_12.3173.json,custom
43.062942,12.264983,ov_h_ranch_43.0629_12.2650,H RancH,GYM,palestra,https://raw.githubusercontent.com/pasqualelembo78/huntix-poi/main/italia/marche/perugia/pages/h_ranch_43.0629_12.2650.json,custom
43.069503,12.329439,ov_perugia_fight_boxing_school_43.0695_12.3294,Perugia Fight Boxing School,GYM,palestra,https://raw.githubusercontent.com/pasqualelembo78/huntix-poi/main/italia/marche/perugia/pages/perugia_fight_boxing_school_43.0695_12.3294.json,custom
43.074085,12.342969,ov_serendipity_dance_academy_asd_43.0741_12.3430,Serendipity Dance Academy ASD,GYM,palestra,https://raw.githubusercontent.com/pasqualelembo78/huntix-poi/main/italia/marche/perugia/pages/serendipity_dance_academy_asd_43.0741_12.3430.json,custom
43.075089,12.340200,ov_zumba_with_cinzia_and_julia_43.0751_12.3402,Zumba with Cinzia and Julia,GYM,palestra,https://raw.githubusercontent.com/pasqualelembo78/huntix-poi/main/italia/marche/perugia/pages/zumba_with_cinzia_and_julia_43.0751_12.3402.json,custom
43.074967,12.340246,ov_movit_scuola_di_danza_43.0750_12.3402,Movit Scuola di Danza,GYM,palestra,https://raw.githubusercontent.com/pasqualelembo78/huntix-poi/main/italia/marche/perugia/pages/movit_scuola_di_danza_43.0750_12.3402.json,custom
43.075082,12.336868,ov_cerberus_community_fitness_43.0751_12.3369,Cerberus Community Fitness,GYM,palestra,https://raw.githubusercontent.com/pasqualelembo78/huntix-poi/main/italia/marche/perugia/pages/cerberus_community_fitness_43.0751_12.3369.json,custom
43.072547,12.340011,ov_dhart_academy_perugia_43.0725_12.3400,Dhart Academy Perugia,GYM,palestra,https://raw.githubusercontent.com/pasqualelembo78/huntix-poi/main/italia/marche/perugia/pages/dhart_academy_perugia_43.0725_12.3400.json,custom
43.069591,12.328673,ov_rock_your_boogie_ssd_43.0696_12.3287,Rock Your Boogie SSD,GYM,palestra,https://raw.githubusercontent.com/pasqualelembo78/huntix-poi/main/italia/marche/perugia/pages/rock_your_boogie_ssd_43.0696_12.3287.json,custom
43.071680,12.325368,ov_engioifitt_palestra_43.0717_12.3254,Engioifitt Palestra,GYM,palestra,https://raw.githubusercontent.com/pasqualelembo78/huntix-poi/main/italia/marche/perugia/pages/engioifitt_palestra_43.0717_12.3254.json,custom
43.073224,12.321694,ov_new_wellness_43.0732_12.3217,New Wellness,GYM,palestra,https://raw.githubusercontent.com/pasqualelembo78/huntix-poi/main/italia/marche/perugia/pages/new_wellness_43.0732_12.3217.json,custom
43.073873,12.323324,ov_selleria_cavallo_43.0739_12.3233,Selleria Cavallo,GYM,palestra,https://raw.githubusercontent.com/pasqualelembo78/huntix-poi/main/italia/marche/perugia/pages/selleria_cavallo_43.0739_12.3233.json,custom
43.073919,12.324000,ov_centrodanza_43.0739_12.3240,Centrodanza,GYM,palestra,https://raw.githubusercontent.com/pasqualelembo78/huntix-poi/main/italia/marche/perugia/pages/centrodanza_43.0739_12.3240.json,custom
43.074112,12.323563,ov_iron_fit_perugia_43.0741_12.3236,Iron Fit Perugia,GYM,palestra,https://raw.githubusercontent.com/pasqualelembo78/huntix-poi/main/italia/marche/perugia/pages/iron_fit_perugia_43.0741_12.3236.json,custom
43.073705,12.324003,ov_salsamundo_scuola_di_salsa_e_bachata_43.0737_12.3240,Salsamundo scuola di Salsa e Bachata,GYM,palestra,https://raw.githubusercontent.com/pasqualelembo78/huntix-poi/main/italia/marche/perugia/pages/salsamundo_scuola_di_salsa_e_bachata_43.0737_12.3240.json,custom
43.074098,12.329494,ov_progetto_danza_a_s_d__43.0741_12.3295,Progetto Danza a.s.d.,GYM,palestra,https://raw.githubusercontent.com/pasqualelembo78/huntix-poi/main/italia/marche/perugia/pages/progetto_danza_asd_43.0741_12.3295.json,custom
43.075145,12.325876,ov_la_bottega_del_biliardo_43.0751_12.3259,La Bottega Del Biliardo,GYM,palestra,https://raw.githubusercontent.com/pasqualelembo78/huntix-poi/main/italia/marche/perugia/pages/la_bottega_del_biliardo_43.0751_12.3259.json,custom
43.078593,12.335662,ov_scuola_danza_del_ventre_noura_adel_43.0786_12.3357,Scuola Danza del Ventre Noura Adel,GYM,palestra,https://raw.githubusercontent.com/pasqualelembo78/huntix-poi/main/italia/marche/perugia/pages/scuola_danza_del_ventre_noura_adel_43.0786_12.3357.json,custom
43.079531,12.335061,ov_trezy_academy_43.0795_12.3351,Trezy academy,GYM,palestra,https://raw.githubusercontent.com/pasqualelembo78/huntix-poi/main/italia/marche/perugia/pages/trezy_academy_43.0795_12.3351.json,custom
43.079301,12.335292,ov_a_s_d__salsamundo_scuola_di_ballo_di_and_43.0793_12.3353,A.S.D. Salsamundo Scuola di Ballo di Andrea e Aline,GYM,palestra,https://raw.githubusercontent.com/pasqualelembo78/huntix-poi/main/italia/marche/perugia/pages/asd_salsamundo_scuola_di_ballo_di_andrea_43.0793_12.3353.json,custom
43.084473,12.328808,ov_ginnastica_libertas_perugia_43.0845_12.3288,Ginnastica Libertas Perugia,GYM,palestra,https://raw.githubusercontent.com/pasqualelembo78/huntix-poi/main/italia/marche/perugia/pages/ginnastica_libertas_perugia_43.0845_12.3288.json,custom
43.085905,12.325380,ov_kashi_kriya_yoga_centre_43.0859_12.3254,Kashi Kriya Yoga Centre,GYM,palestra,https://raw.githubusercontent.com/pasqualelembo78/huntix-poi/main/italia/marche/perugia/pages/kashi_kriya_yoga_centre_43.0859_12.3254.json,custom
43.085710,12.349120,ov_asd_bab_nour_scuola_danza_del_ventre_per_43.0857_12.3491,ASD Bab Nour Scuola Danza del Ventre Perugia,GYM,palestra,https://raw.githubusercontent.com/pasqualelembo78/huntix-poi/main/italia/marche/perugia/pages/asd_bab_nour_scuola_danza_del_ventre_per_43.0857_12.3491.json,custom
43.087250,12.349509,ov_maria_catapano_fitness_43.0872_12.3495,Maria Catapano Fitness,GYM,palestra,https://raw.githubusercontent.com/pasqualelembo78/huntix-poi/main/italia/marche/perugia/pages/maria_catapano_fitness_43.0872_12.3495.json,custom
43.081919,12.350622,ov_palestra_body_jumping_asd_43.0819_12.3506,Palestra Body Jumping Asd,GYM,palestra,https://raw.githubusercontent.com/pasqualelembo78/huntix-poi/main/italia/marche/perugia/pages/palestra_body_jumping_asd_43.0819_12.3506.json,custom
43.078397,12.364682,ov_bodyfit_43.0784_12.3647,Bodyfit,GYM,palestra,https://raw.githubusercontent.com/pasqualelembo78/huntix-poi/main/italia/marche/perugia/pages/bodyfit_43.0784_12.3647.json,custom
43.082020,12.365880,ov_gimfive_43.0820_12.3659,GimFIVE,GYM,palestra,https://raw.githubusercontent.com/pasqualelembo78/huntix-poi/main/italia/marche/perugia/pages/gimfive_43.0820_12.3659.json,custom
43.084044,12.367007,ov_anytime_fitness_perugia_43.0840_12.3670,Anytime Fitness Perugia,GYM,palestra,https://raw.githubusercontent.com/pasqualelembo78/huntix-poi/main/italia/marche/perugia/pages/anytime_fitness_perugia_43.0840_12.3670.json,custom
43.085744,12.368116,ov_bowling_perugia_43.0857_12.3681,Bowling Perugia,GYM,palestra,https://raw.githubusercontent.com/pasqualelembo78/huntix-poi/main/italia/marche/perugia/pages/bowling_perugia_43.0857_12.3681.json,custom
43.085918,12.364577,ov_snooker_sporting_perugia_43.0859_12.3646,Snooker Sporting Perugia,GYM,palestra,https://raw.githubusercontent.com/pasqualelembo78/huntix-poi/main/italia/marche/perugia/pages/snooker_sporting_perugia_43.0859_12.3646.json,custom
43.089531,12.365900,ov_comborha_officina_di_danze_asd_43.0895_12.3659,Comborha Officina Di Danze asd,GYM,palestra,https://raw.githubusercontent.com/pasqualelembo78/huntix-poi/main/italia/marche/perugia/pages/comborha_officina_di_danze_asd_43.0895_12.3659.json,custom
43.088258,12.368418,ov_studio_danza_morlacchi_asd_43.0883_12.3684,Studio Danza Morlacchi Asd,GYM,palestra,https://raw.githubusercontent.com/pasqualelembo78/huntix-poi/main/italia/marche/perugia/pages/studio_danza_morlacchi_asd_43.0883_12.3684.json,custom
43.072385,12.383340,ov_la_casa_dei_cavalli_43.0724_12.3833,La Casa dei Cavalli,GYM,palestra,https://raw.githubusercontent.com/pasqualelembo78/huntix-poi/main/italia/marche/perugia/pages/la_casa_dei_cavalli_43.0724_12.3833.json,custom
43.075760,12.366131,ov_campo_sportivo_ponte_della_pietra_43.0758_12.3661,Campo Sportivo Ponte della Pietra,GYM,palestra,https://raw.githubusercontent.com/pasqualelembo78/huntix-poi/main/italia/marche/perugia/pages/campo_sportivo_ponte_della_pietra_43.0758_12.3661.json,custom
43.087695,12.422834,ov_planet_body_43.0877_12.4228,Planet Body,GYM,palestra,https://raw.githubusercontent.com/pasqualelembo78/huntix-poi/main/italia/marche/perugia/pages/planet_body_43.0877_12.4228.json,custom
43.086520,12.429844,ov_linda_magnini_43.0865_12.4298,Linda Magnini,GYM,palestra,https://raw.githubusercontent.com/pasqualelembo78/huntix-poi/main/italia/marche/perugia/pages/linda_magnini_43.0865_12.4298.json,custom
43.086616,12.431685,ov_yoga_bridge_studio_perugia_43.0866_12.4317,Yoga Bridge Studio Perugia,GYM,palestra,https://raw.githubusercontent.com/pasqualelembo78/huntix-poi/main/italia/marche/perugia/pages/yoga_bridge_studio_perugia_43.0866_12.4317.json,custom
43.088661,12.434798,ov_educati_al_benessere___asd_fitmove_43.0887_12.4348,Educati al Benessere – ASD FitMove,GYM,palestra,https://raw.githubusercontent.com/pasqualelembo78/huntix-poi/main/italia/marche/perugia/pages/educati_al_benessere_asd_fitmove_43.0887_12.4348.json,custom
43.083979,12.432905,ov_emporio_danza_e_ginnastica_perugia_43.0840_12.4329,Emporio Danza e Ginnastica Perugia,GYM,palestra,https://raw.githubusercontent.com/pasqualelembo78/huntix-poi/main/italia/marche/perugia/pages/emporio_danza_e_ginnastica_perugia_43.0840_12.4329.json,custom
43.084225,12.438787,ov_miniautodromo_margherita_43.0842_12.4388,Miniautodromo Margherita,GYM,palestra,https://raw.githubusercontent.com/pasqualelembo78/huntix-poi/main/italia/marche/perugia/pages/miniautodromo_margherita_43.0842_12.4388.json,custom
43.081339,12.439632,ov_accademia_di_danza_e_arti_performative_43.0813_12.4396,Accademia di Danza e Arti Performative,GYM,palestra,https://raw.githubusercontent.com/pasqualelembo78/huntix-poi/main/italia/marche/perugia/pages/accademia_di_danza_e_arti_performative_43.0813_12.4396.json,custom
43.080719,12.430231,ov_studio_postural_pilates_43.0807_12.4302,Studio Postural Pilates,GYM,palestra,https://raw.githubusercontent.com/pasqualelembo78/huntix-poi/main/italia/marche/perugia/pages/studio_postural_pilates_43.0807_12.4302.json,custom
43.077666,12.430336,ov_stardance_academy_43.0777_12.4303,Stardance Academy,GYM,palestra,https://raw.githubusercontent.com/pasqualelembo78/huntix-poi/main/italia/marche/perugia/pages/stardance_academy_43.0777_12.4303.json,custom
43.078021,12.430785,ov_mada_wellness_43.0780_12.4308,Mada Wellness,GYM,palestra,https://raw.githubusercontent.com/pasqualelembo78/huntix-poi/main/italia/marche/perugia/pages/mada_wellness_43.0780_12.4308.json,custom
43.079153,12.433485,ov_asd_ginnastica_artistica_ponte_san_giova_43.0792_12.4335,ASD Ginnastica Artistica Ponte San Giovanni,GYM,palestra,https://raw.githubusercontent.com/pasqualelembo78/huntix-poi/main/italia/marche/perugia/pages/asd_ginnastica_artistica_ponte_san_giova_43.0792_12.4335.json,custom
43.079058,12.433963,ov_palestra_molinaccio__43.0791_12.4340,Palestra Molinaccio.,GYM,palestra,https://raw.githubusercontent.com/pasqualelembo78/huntix-poi/main/italia/marche/perugia/pages/palestra_molinaccio_43.0791_12.4340.json,custom
43.082720,12.442820,ov_pesistica_lab_43.0827_12.4428,Pesistica LAB,GYM,palestra,https://raw.githubusercontent.com/pasqualelembo78/huntix-poi/main/italia/marche/perugia/pages/pesistica_lab_43.0827_12.4428.json,custom
43.082875,12.442758,ov_crossfit_7bridge_43.0829_12.4428,CrossFit 7Bridge,GYM,palestra,https://raw.githubusercontent.com/pasqualelembo78/huntix-poi/main/italia/marche/perugia/pages/crossfit_7bridge_43.0829_12.4428.json,custom
43.085530,12.443560,ov_simo_kick_boxing_43.0855_12.4436,Simo Kick-Boxing,GYM,palestra,https://raw.githubusercontent.com/pasqualelembo78/huntix-poi/main/italia/marche/perugia/pages/simo_kick-boxing_43.0855_12.4436.json,custom
43.087321,12.442715,ov_basketacademy_it_43.0873_12.4427,Basketacademy.it,GYM,palestra,https://raw.githubusercontent.com/pasqualelembo78/huntix-poi/main/italia/marche/perugia/pages/basketacademyit_43.0873_12.4427.json,custom
43.087269,12.464984,ov_spartan_studio_personal_training_43.0873_12.4650,Spartan Studio Personal Training,GYM,palestra,https://raw.githubusercontent.com/pasqualelembo78/huntix-poi/main/italia/marche/perugia/pages/spartan_studio_personal_training_43.0873_12.4650.json,custom
43.087282,12.464960,ov_biomove_43.0873_12.4650,BioMove,GYM,palestra,https://raw.githubusercontent.com/pasqualelembo78/huntix-poi/main/italia/marche/perugia/pages/biomove_43.0873_12.4650.json,custom
43.116247,12.450834,ov_la_milonguera_perugia_43.1162_12.4508,La Milonguera Perugia,GYM,palestra,https://raw.githubusercontent.com/pasqualelembo78/huntix-poi/main/italia/marche/perugia/pages/la_milonguera_perugia_43.1162_12.4508.json,custom
43.116394,12.449297,ov_elisir_fitness_club_43.1164_12.4493,Elisir Fitness Club,GYM,palestra,https://raw.githubusercontent.com/pasqualelembo78/huntix-poi/main/italia/marche/perugia/pages/elisir_fitness_club_43.1164_12.4493.json,custom
43.109759,12.448325,ov_samsara_yoga_studio_43.1098_12.4483,Samsara Yoga Studio,GYM,palestra,https://raw.githubusercontent.com/pasqualelembo78/huntix-poi/main/italia/marche/perugia/pages/samsara_yoga_studio_43.1098_12.4483.json,custom
43.105287,12.462353,ov_lago_azzurro_pg_43.1053_12.4624,Lago Azzurro PG,GYM,palestra,https://raw.githubusercontent.com/pasqualelembo78/huntix-poi/main/italia/marche/perugia/pages/lago_azzurro_pg_43.1053_12.4624.json,custom
43.094313,12.449775,ov_stadio_comunale_degli_ornari_43.0943_12.4498,Stadio Comunale Degli Ornari,GYM,palestra,https://raw.githubusercontent.com/pasqualelembo78/huntix-poi/main/italia/marche/perugia/pages/stadio_comunale_degli_ornari_43.0943_12.4498.json,custom
43.093439,12.431133,ov_scuderia_le_ninfee_43.0934_12.4311,Scuderia Le Ninfee,GYM,palestra,https://raw.githubusercontent.com/pasqualelembo78/huntix-poi/main/italia/marche/perugia/pages/scuderia_le_ninfee_43.0934_12.4311.json,custom
43.093288,12.435331,ov_centro_neidan_43.0933_12.4353,Centro Neidan,GYM,palestra,https://raw.githubusercontent.com/pasqualelembo78/huntix-poi/main/italia/marche/perugia/pages/centro_neidan_43.0933_12.4353.json,custom
43.114030,12.400529,ov_planet_body_nuova_monteluce_43.1140_12.4005,Planet Body Nuova Monteluce,GYM,palestra,https://raw.githubusercontent.com/pasqualelembo78/huntix-poi/main/italia/marche/perugia/pages/planet_body_nuova_monteluce_43.1140_12.4005.json,custom
43.117722,12.405982,ov_athletic_body_club_s_s_d__43.1177_12.4060,Athletic Body Club S.S.D.,GYM,palestra,https://raw.githubusercontent.com/pasqualelembo78/huntix-poi/main/italia/marche/perugia/pages/athletic_body_club_ssd_43.1177_12.4060.json,custom
43.118104,12.447890,ov_asd_studio_danza_arabesque_perugia_43.1181_12.4479,Asd Studio Danza Arabesque Perugia,GYM,palestra,https://raw.githubusercontent.com/pasqualelembo78/huntix-poi/main/italia/marche/perugia/pages/asd_studio_danza_arabesque_perugia_43.1181_12.4479.json,custom
43.118652,12.448121,ov_studio_danza_arabesque_43.1187_12.4481,Studio Danza Arabesque,GYM,palestra,https://raw.githubusercontent.com/pasqualelembo78/huntix-poi/main/italia/marche/perugia/pages/studio_danza_arabesque_43.1187_12.4481.json,custom
43.129516,12.453248,ov_crossfit_perugia_43.1295_12.4532,CrossFit Perugia,GYM,palestra,https://raw.githubusercontent.com/pasqualelembo78/huntix-poi/main/italia/marche/perugia/pages/crossfit_perugia_43.1295_12.4532.json,custom
43.136860,12.440210,ov_socialdanceperugia_asd_43.1369_12.4402,Socialdanceperugia ASD,GYM,palestra,https://raw.githubusercontent.com/pasqualelembo78/huntix-poi/main/italia/marche/perugia/pages/socialdanceperugia_asd_43.1369_12.4402.json,custom
43.145939,12.452506,ov_cva_43.1459_12.4525,CVA,GYM,palestra,https://raw.githubusercontent.com/pasqualelembo78/huntix-poi/main/italia/marche/perugia/pages/cva_43.1459_12.4525.json,custom
43.147820,12.466196,ov_touch_the_sky___beach_volley_43.1478_12.4662,Touch The Sky - Beach Volley,GYM,palestra,https://raw.githubusercontent.com/pasqualelembo78/huntix-poi/main/italia/marche/perugia/pages/touch_the_sky_-_beach_volley_43.1478_12.4662.json,custom
43.156815,12.491112,ov_cva_colombella_43.1568_12.4911,CVA Colombella,GYM,palestra,https://raw.githubusercontent.com/pasqualelembo78/huntix-poi/main/italia/marche/perugia/pages/cva_colombella_43.1568_12.4911.json,custom
43.143550,12.481960,ov_asd_legend_team_43.1435_12.4820,ASD Legend Team,GYM,palestra,https://raw.githubusercontent.com/pasqualelembo78/huntix-poi/main/italia/marche/perugia/pages/asd_legend_team_43.1435_12.4820.json,custom
43.125725,12.509474,ov_csen_umbria_comitato_regionale_43.1257_12.5095,Csen Umbria Comitato Regionale,GYM,palestra,https://raw.githubusercontent.com/pasqualelembo78/huntix-poi/main/italia/marche/perugia/pages/csen_umbria_comitato_regionale_43.1257_12.5095.json,custom
43.062076,12.554442,ov_mai_pi__case_a_caso_43.0621_12.5544,Mai più case a caso,GYM,palestra,https://raw.githubusercontent.com/pasqualelembo78/huntix-poi/main/italia/marche/perugia/pages/mai_pi_case_a_caso_43.0621_12.5544.json,custom
43.049358,12.402150,ov_aquilon_vivere_la_danza_43.0494_12.4022,Aquilon Vivere la Danza,GYM,palestra,https://raw.githubusercontent.com/pasqualelembo78/huntix-poi/main/italia/marche/perugia/pages/aquilon_vivere_la_danza_43.0494_12.4022.json,custom
43.037406,12.402554,ov_centro_socioculturale_il_gabbiano_43.0374_12.4026,Centro Socioculturale Il Gabbiano,GYM,palestra,https://raw.githubusercontent.com/pasqualelembo78/huntix-poi/main/italia/marche/perugia/pages/centro_socioculturale_il_gabbiano_43.0374_12.4026.json,custom
43.034420,12.402530,ov_scuderia_le_fontanelle_asd_43.0344_12.4025,Scuderia le Fontanelle Asd,GYM,palestra,https://raw.githubusercontent.com/pasqualelembo78/huntix-poi/main/italia/marche/perugia/pages/scuderia_le_fontanelle_asd_43.0344_12.4025.json,custom
43.024109,12.414245,ov_centro_sportivo_blue_angel_43.0241_12.4142,Centro Sportivo Blue Angel,GYM,palestra,https://raw.githubusercontent.com/pasqualelembo78/huntix-poi/main/italia/marche/perugia/pages/centro_sportivo_blue_angel_43.0241_12.4142.json,custom
42.991921,12.670881,ov_apollon_scuola_danza_42.9919_12.6709,Apollon Scuola Danza,GYM,palestra,https://raw.githubusercontent.com/pasqualelembo78/huntix-poi/main/italia/marche/perugia/pages/apollon_scuola_danza_42.9919_12.6709.json,custom
43.174598,12.428417,ov_centro_danza_fedon_joannou_43.1746_12.4284,Centro Danza Fedon Joannou,GYM,palestra,https://raw.githubusercontent.com/pasqualelembo78/huntix-poi/main/italia/marche/perugia/pages/centro_danza_fedon_joannou_43.1746_12.4284.json,custom
43.103724,12.374410,osm_vitamin_s___personal_trainer_43.1037_12.3744,Vitamin's - Personal Trainer,palestra,palestra,https://raw.githubusercontent.com/pasqualelembo78/huntix-poi/main/italia/marche/perugia/pages/vitamins_-_personal_trainer_43.1037_12.3744.json,custom
43.096046,12.355505,osm_virgin_active_perugia_43.0960_12.3555,Virgin Active Perugia,palestra,palestra,https://raw.githubusercontent.com/pasqualelembo78/huntix-poi/main/italia/marche/perugia/pages/virgin_active_perugia_43.0960_12.3555.json,custom
43.105342,12.369272,osm_palestra_phoenix_43.1053_12.3693,Palestra Phoenix,palestra,palestra,https://raw.githubusercontent.com/pasqualelembo78/huntix-poi/main/italia/marche/perugia/pages/palestra_phoenix_43.1053_12.3693.json,custom
43.002932,12.350177,ov_s_enea_centro_storico_43.0029_12.3502,S.enea Centro Storico,MUSEUM,monumento,https://raw.githubusercontent.com/pasqualelembo78/huntix-poi/main/italia/marche/perugia/pages/senea_centro_storico_43.0029_12.3502.json,custom
43.027628,12.397388,ov_museo_dinamico_del_laterizio_e_delle_ter_43.0276_12.3974,Museo dinamico del laterizio e delle terrecotte,MUSEUM,monumento,https://raw.githubusercontent.com/pasqualelembo78/huntix-poi/main/italia/marche/perugia/pages/museo_dinamico_del_laterizio_e_delle_ter_43.0276_12.3974.json,custom
43.134629,12.345768,ov_fuseum_museo_di_brajo_fuso_43.1346_12.3458,Fuseum Museo di Brajo Fuso,MUSEUM,monumento,https://raw.githubusercontent.com/pasqualelembo78/huntix-poi/main/italia/marche/perugia/pages/fuseum_museo_di_brajo_fuso_43.1346_12.3458.json,custom
43.130146,12.363177,ov_museo_del_giocattolo_43.1301_12.3632,Museo del giocattolo,MUSEUM,monumento,https://raw.githubusercontent.com/pasqualelembo78/huntix-poi/main/italia/marche/perugia/pages/museo_del_giocattolo_43.1301_12.3632.json,custom
43.127500,12.365833,ov_cippus_perusinus_43.1275_12.3658,Cippus Perusinus,MONUMENT,monumento,https://raw.githubusercontent.com/pasqualelembo78/huntix-poi/main/italia/marche/perugia/pages/cippus_perusinus_43.1275_12.3658.json,custom
43.119434,12.384732,ov_cassero_di_porta_sant_angelo_43.1194_12.3847,Cassero di Porta Sant'Angelo,MUSEUM,monumento,https://raw.githubusercontent.com/pasqualelembo78/huntix-poi/main/italia/marche/perugia/pages/cassero_di_porta_santangelo_43.1194_12.3847.json,custom
43.119265,12.385063,ov_monastero_di_santa_agnese_43.1193_12.3851,Monastero di Santa Agnese,MONUMENT,monumento,https://raw.githubusercontent.com/pasqualelembo78/huntix-poi/main/italia/marche/perugia/pages/monastero_di_santa_agnese_43.1193_12.3851.json,custom
43.117387,12.383606,ov_museo_laboratorio_di_tessitura_a_mano_gi_43.1174_12.3836,Museo-Laboratorio di Tessitura a Mano Giuditta Brozzetti,MUSEUM,monumento,https://raw.githubusercontent.com/pasqualelembo78/huntix-poi/main/italia/marche/perugia/pages/museo-laboratorio_di_tessitura_a_mano_gi_43.1174_12.3836.json,custom
43.114469,12.391935,ov_post_office_43.1145_12.3919,Post Office,MUSEUM,monumento,https://raw.githubusercontent.com/pasqualelembo78/huntix-poi/main/italia/marche/perugia/pages/post_office_43.1145_12.3919.json,custom
43.111971,12.391711,ov_istanti_43.1120_12.3917,Istanti,MUSEUM,monumento,https://raw.githubusercontent.com/pasqualelembo78/huntix-poi/main/italia/marche/perugia/pages/istanti_43.1120_12.3917.json,custom
43.112705,12.390441,ov_fondazione_ranieri_di_sorbello_43.1127_12.3904,Fondazione Ranieri di Sorbello,MUSEUM,monumento,https://raw.githubusercontent.com/pasqualelembo78/huntix-poi/main/italia/marche/perugia/pages/fondazione_ranieri_di_sorbello_43.1127_12.3904.json,custom
43.112868,12.390144,ov_chiesa_compagnia_della_morte_43.1129_12.3901,Chiesa Compagnia della Morte,MONUMENT,monumento,https://raw.githubusercontent.com/pasqualelembo78/huntix-poi/main/italia/marche/perugia/pages/chiesa_compagnia_della_morte_43.1129_12.3901.json,custom
43.113470,12.387560,ov_san_martino_del_verzaro_43.1135_12.3876,San Martino del Verzaro,MONUMENT,monumento,https://raw.githubusercontent.com/pasqualelembo78/huntix-poi/main/italia/marche/perugia/pages/san_martino_del_verzaro_43.1135_12.3876.json,custom
43.112480,12.385423,ov_fondazione_marini_clarelli_santi_43.1125_12.3854,Fondazione Marini Clarelli Santi,MUSEUM,monumento,https://raw.githubusercontent.com/pasqualelembo78/huntix-poi/main/italia/marche/perugia/pages/fondazione_marini_clarelli_santi_43.1125_12.3854.json,custom
43.112124,12.388870,ov_the_fontana_maggiore_43.1121_12.3889,The Fontana Maggiore,MONUMENT,monumento,https://raw.githubusercontent.com/pasqualelembo78/huntix-poi/main/italia/marche/perugia/pages/the_fontana_maggiore_43.1121_12.3889.json,custom
43.112306,12.388500,ov_museo_dell_opera_del_duomo__perugia__43.1123_12.3885,Museo dell'Opera del Duomo (Perugia),MUSEUM,monumento,https://raw.githubusercontent.com/pasqualelembo78/huntix-poi/main/italia/marche/perugia/pages/museo_dellopera_del_duomo_perugia_43.1123_12.3885.json,custom
43.111669,12.388671,ov_collegio_della_mercanzia_43.1117_12.3887,Collegio della Mercanzia,MUSEUM,monumento,https://raw.githubusercontent.com/pasqualelembo78/huntix-poi/main/italia/marche/perugia/pages/collegio_della_mercanzia_43.1117_12.3887.json,custom
43.111598,12.388653,ov_galleria_nazionale_dell_umbria_43.1116_12.3887,Galleria Nazionale dell'Umbria,MUSEUM,monumento,https://raw.githubusercontent.com/pasqualelembo78/huntix-poi/main/italia/marche/perugia/pages/galleria_nazionale_dellumbria_43.1116_12.3887.json,custom
43.110501,12.388998,ov_sistema_museo_43.1105_12.3890,Sistema Museo,MUSEUM,monumento,https://raw.githubusercontent.com/pasqualelembo78/huntix-poi/main/italia/marche/perugia/pages/sistema_museo_43.1105_12.3890.json,custom
43.110859,12.388408,ov_palazzo_lippi_alessandri_43.1109_12.3884,Palazzo Lippi Alessandri,MUSEUM,monumento,https://raw.githubusercontent.com/pasqualelembo78/huntix-poi/main/italia/marche/perugia/pages/palazzo_lippi_alessandri_43.1109_12.3884.json,custom
43.113306,12.382286,ov_museo_dell_accademia_delle_belle_arte_43.1133_12.3823,Museo Dell'accademia delle belle arte,MUSEUM,monumento,https://raw.githubusercontent.com/pasqualelembo78/huntix-poi/main/italia/marche/perugia/pages/museo_dellaccademia_delle_belle_arte_43.1133_12.3823.json,custom
43.113994,12.382264,ov_musa_43.1140_12.3823,MusA,MUSEUM,monumento,https://raw.githubusercontent.com/pasqualelembo78/huntix-poi/main/italia/marche/perugia/pages/musa_43.1140_12.3823.json,custom
43.114337,12.389355,ov_soprintendenza_beni_architett_paesaggio__43.1143_12.3894,Soprintendenza Beni Architett.paesaggio Patrim.stor.artist.d,MUSEUM,monumento,https://raw.githubusercontent.com/pasqualelembo78/huntix-poi/main/italia/marche/perugia/pages/soprintendenza_beni_architettpaesaggio_p_43.1143_12.3894.json,custom
43.111837,12.377164,ov_perugia__fortezza_rocca_paolina_43.1118_12.3772,"Perugia, Fortezza Rocca Paolina",MUSEUM,monumento,https://raw.githubusercontent.com/pasqualelembo78/huntix-poi/main/italia/marche/perugia/pages/perugia_fortezza_rocca_paolina_43.1118_12.3772.json,custom
43.106271,12.377941,ov_scoprendo_l_umbria_43.1063_12.3779,Scoprendo l'Umbria,MUSEUM,monumento,https://raw.githubusercontent.com/pasqualelembo78/huntix-poi/main/italia/marche/perugia/pages/scoprendo_lumbria_43.1063_12.3779.json,custom
43.110027,12.384693,ov_monumento_ai_caduti_del_mare_43.1100_12.3847,Monumento Ai Caduti del mare,MONUMENT,monumento,https://raw.githubusercontent.com/pasqualelembo78/huntix-poi/main/italia/marche/perugia/pages/monumento_ai_caduti_del_mare_43.1100_12.3847.json,custom
43.107839,12.389347,ov_civic_museum_of_palazzo_della_penna_43.1078_12.3893,Civic Museum of Palazzo della Penna,MUSEUM,monumento,https://raw.githubusercontent.com/pasqualelembo78/huntix-poi/main/italia/marche/perugia/pages/civic_museum_of_palazzo_della_penna_43.1078_12.3893.json,custom
43.107602,12.387944,ov_sensational_umbria_43.1076_12.3879,Sensational Umbria,MUSEUM,monumento,https://raw.githubusercontent.com/pasqualelembo78/huntix-poi/main/italia/marche/perugia/pages/sensational_umbria_43.1076_12.3879.json,custom
43.108279,12.388809,ov_porta_marzia_43.1083_12.3888,Porta Marzia,MONUMENT,monumento,https://raw.githubusercontent.com/pasqualelembo78/huntix-poi/main/italia/marche/perugia/pages/porta_marzia_43.1083_12.3888.json,custom
43.108313,12.388026,ov_rocca_paolina_43.1083_12.3880,Rocca Paolina,MONUMENT,monumento,https://raw.githubusercontent.com/pasqualelembo78/huntix-poi/main/italia/marche/perugia/pages/rocca_paolina_43.1083_12.3880.json,custom
43.108363,12.387774,ov_perugia_sotterranea_43.1084_12.3878,Perugia Sotterranea,MUSEUM,monumento,https://raw.githubusercontent.com/pasqualelembo78/huntix-poi/main/italia/marche/perugia/pages/perugia_sotterranea_43.1084_12.3878.json,custom
43.106994,12.391659,ov_museo_archeologico_nazionale_dell_umbria_43.1070_12.3917,Museo Archeologico Nazionale dell'Umbria - Pagina Istituzion,MUSEUM,monumento,https://raw.githubusercontent.com/pasqualelembo78/huntix-poi/main/italia/marche/perugia/pages/museo_archeologico_nazionale_dellumbria__43.1070_12.3917.json,custom
43.106112,12.391891,ov_muma_43.1061_12.3919,MUMA,MUSEUM,monumento,https://raw.githubusercontent.com/pasqualelembo78/huntix-poi/main/italia/marche/perugia/pages/muma_43.1061_12.3919.json,custom
43.103672,12.392669,ov_etruschi__rasna_museo_multimediale_43.1037_12.3927,Etruschi  Rasna Museo multimediale,MUSEUM,monumento,https://raw.githubusercontent.com/pasqualelembo78/huntix-poi/main/italia/marche/perugia/pages/etruschi_rasna_museo_multimediale_43.1037_12.3927.json,custom
43.081010,12.333943,ov_casa_del_cioccolato_perugina_43.0810_12.3339,Casa del cioccolato Perugina,MUSEUM,monumento,https://raw.githubusercontent.com/pasqualelembo78/huntix-poi/main/italia/marche/perugia/pages/casa_del_cioccolato_perugina_43.0810_12.3339.json,custom
43.080393,12.333712,ov_museo_storico_della_perugina_43.0804_12.3337,Museo Storico della Perugina,MUSEUM,monumento,https://raw.githubusercontent.com/pasqualelembo78/huntix-poi/main/italia/marche/perugia/pages/museo_storico_della_perugina_43.0804_12.3337.json,custom
43.080380,12.333671,ov_perugina_chocolate_factory_43.0804_12.3337,Perugina Chocolate Factory,MUSEUM,monumento,https://raw.githubusercontent.com/pasqualelembo78/huntix-poi/main/italia/marche/perugia/pages/perugina_chocolate_factory_43.0804_12.3337.json,custom
43.107478,12.419382,ov_castello_di_monterone_43.1075_12.4194,Castello di Monterone,MONUMENT,monumento,https://raw.githubusercontent.com/pasqualelembo78/huntix-poi/main/italia/marche/perugia/pages/castello_di_monterone_43.1075_12.4194.json,custom
43.114887,12.438267,ov_ecomuseo_del_tevere_43.1149_12.4383,Ecomuseo del Tevere,MUSEUM,monumento,https://raw.githubusercontent.com/pasqualelembo78/huntix-poi/main/italia/marche/perugia/pages/ecomuseo_del_tevere_43.1149_12.4383.json,custom
43.118525,12.400506,ov_trebisonda_centro_per_l_arte_contemporan_43.1185_12.4005,Trebisonda Centro per l'Arte Contemporanea,MUSEUM,monumento,https://raw.githubusercontent.com/pasqualelembo78/huntix-poi/main/italia/marche/perugia/pages/trebisonda_centro_per_larte_contemporane_43.1185_12.4005.json,custom
43.175772,12.321884,ov_villa_del_cardinale__perugia__italy_43.1758_12.3219,"Villa Del Cardinale, Perugia, Italy",MUSEUM,monumento,https://raw.githubusercontent.com/pasqualelembo78/huntix-poi/main/italia/marche/perugia/pages/villa_del_cardinale_perugia_italy_43.1758_12.3219.json,custom
43.179157,12.308192,ov_villa_del_colle_del_cardinale___pagina_i_43.1792_12.3082,Villa del Colle del Cardinale - Pagina Istituzionale,MUSEUM,monumento,https://raw.githubusercontent.com/pasqualelembo78/huntix-poi/main/italia/marche/perugia/pages/villa_del_colle_del_cardinale_-_pagina_i_43.1792_12.3082.json,custom
43.196382,12.375276,ov_castello_di_procopio_43.1964_12.3753,Castello di Procopio,MONUMENT,monumento,https://raw.githubusercontent.com/pasqualelembo78/huntix-poi/main/italia/marche/perugia/pages/castello_di_procopio_43.1964_12.3753.json,custom
43.209139,12.400059,ov_le_torri_di_bagnara_castles_43.2091_12.4001,Le Torri di Bagnara Castles,MONUMENT,monumento,https://raw.githubusercontent.com/pasqualelembo78/huntix-poi/main/italia/marche/perugia/pages/le_torri_di_bagnara_castles_43.2091_12.4001.json,custom
43.217340,12.426971,ov_castello_di_solfagnano_43.2173_12.4270,Castello Di Solfagnano,MONUMENT,monumento,https://raw.githubusercontent.com/pasqualelembo78/huntix-poi/main/italia/marche/perugia/pages/castello_di_solfagnano_43.2173_12.4270.json,custom
43.110607,12.391958,ov_tribunale_di_perugia_43.1106_12.3920,Tribunale di Perugia,GOVERNMENT,ufficio_pubblico,https://raw.githubusercontent.com/pasqualelembo78/huntix-poi/main/italia/marche/perugia/pages/tribunale_di_perugia_43.1106_12.3920.json,custom
43.110420,12.389380,ov_tar_umbria_43.1104_12.3894,TAR Umbria,GOVERNMENT,ufficio_pubblico,https://raw.githubusercontent.com/pasqualelembo78/huntix-poi/main/italia/marche/perugia/pages/tar_umbria_43.1104_12.3894.json,custom
43.110439,12.389226,ov_tribunale_amministrativo_regionale_dell__43.1104_12.3892,Tribunale Amministrativo Regionale Dell'Umbria,GOVERNMENT,ufficio_pubblico,https://raw.githubusercontent.com/pasqualelembo78/huntix-poi/main/italia/marche/perugia/pages/tribunale_amministrativo_regionale_dellu_43.1104_12.3892.json,custom
43.109860,12.389182,ov_giudice_di_pace_43.1099_12.3892,Giudice di Pace,GOVERNMENT,ufficio_pubblico,https://raw.githubusercontent.com/pasqualelembo78/huntix-poi/main/italia/marche/perugia/pages/giudice_di_pace_43.1099_12.3892.json,custom
43.101785,12.371338,ov_tribunale_per_i_minorenni_43.1018_12.3713,Tribunale per i Minorenni,GOVERNMENT,ufficio_pubblico,https://raw.githubusercontent.com/pasqualelembo78/huntix-poi/main/italia/marche/perugia/pages/tribunale_per_i_minorenni_43.1018_12.3713.json,custom
43.105170,12.377940,osm_perugia_5_43.1052_12.3779,Perugia 5,ufficio_postale,ufficio_postale,https://raw.githubusercontent.com/pasqualelembo78/huntix-poi/main/italia/marche/perugia/pages/perugia_5_43.1052_12.3779.json,custom
43.100186,12.364498,osm_perugia_10_43.1002_12.3645,Perugia 10,ufficio_postale,ufficio_postale,https://raw.githubusercontent.com/pasqualelembo78/huntix-poi/main/italia/marche/perugia/pages/perugia_10_43.1002_12.3645.json,custom
43.099692,12.385420,osm_ufficio_postale_perugia_8_43.0997_12.3854,Ufficio postale Perugia 8,ufficio_postale,ufficio_postale,https://raw.githubusercontent.com/pasqualelembo78/huntix-poi/main/italia/marche/perugia/pages/ufficio_postale_perugia_8_43.0997_12.3854.json,custom
43.098314,12.391702,osm_ufficio_postale_perugia_4_43.0983_12.3917,Ufficio postale Perugia 4,ufficio_postale,ufficio_postale,https://raw.githubusercontent.com/pasqualelembo78/huntix-poi/main/italia/marche/perugia/pages/ufficio_postale_perugia_4_43.0983_12.3917.json,custom
43.098096,12.385971,osm_lapost_service_43.0981_12.3860,Lapost Service,ufficio_postale,ufficio_postale,https://raw.githubusercontent.com/pasqualelembo78/huntix-poi/main/italia/marche/perugia/pages/lapost_service_43.0981_12.3860.json,custom
43.104033,12.349195,osm_perugia_6_43.1040_12.3492,Perugia 6,ufficio_postale,ufficio_postale,https://raw.githubusercontent.com/pasqualelembo78/huntix-poi/main/italia/marche/perugia/pages/perugia_6_43.1040_12.3492.json,custom
43.076693,12.401632,osm_poste_italiane_43.0767_12.4016,Poste Italiane,ufficio_postale,ufficio_postale,https://raw.githubusercontent.com/pasqualelembo78/huntix-poi/main/italia/marche/perugia/pages/poste_italiane_43.0767_12.4016.json,custom
43.114985,12.398762,osm_ufficio_postale_perugia_3_43.1150_12.3988,Ufficio postale Perugia 3,ufficio_postale,ufficio_postale,https://raw.githubusercontent.com/pasqualelembo78/huntix-poi/main/italia/marche/perugia/pages/ufficio_postale_perugia_3_43.1150_12.3988.json,custom
43.121309,12.381248,ov_biblioteca_del_monte_ofm_43.1213_12.3812,Biblioteca del Monte OFM,LIBRARY,biblioteca,https://raw.githubusercontent.com/pasqualelembo78/huntix-poi/main/italia/marche/perugia/pages/biblioteca_del_monte_ofm_43.1213_12.3812.json,custom
43.120055,12.383278,ov_biblioteca_comunale_san_matteo_degli_arm_43.1201_12.3833,Biblioteca comunale San Matteo degli Armeni,LIBRARY,biblioteca,https://raw.githubusercontent.com/pasqualelembo78/huntix-poi/main/italia/marche/perugia/pages/biblioteca_comunale_san_matteo_degli_arm_43.1201_12.3833.json,custom
43.117225,12.388213,ov_biblioteca_augusta_43.1172_12.3882,Biblioteca Augusta,LIBRARY,biblioteca,https://raw.githubusercontent.com/pasqualelembo78/huntix-poi/main/italia/marche/perugia/pages/biblioteca_augusta_43.1172_12.3882.json,custom
43.113658,12.390463,ov_bibliobus_comune_perugia_43.1137_12.3905,Bibliobus Comune Perugia,LIBRARY,biblioteca,https://raw.githubusercontent.com/pasqualelembo78/huntix-poi/main/italia/marche/perugia/pages/bibliobus_comune_perugia_43.1137_12.3905.json,custom
43.113655,12.390489,ov_biblioteca_comunale_augusta_43.1137_12.3905,Biblioteca comunale Augusta,LIBRARY,biblioteca,https://raw.githubusercontent.com/pasqualelembo78/huntix-poi/main/italia/marche/perugia/pages/biblioteca_comunale_augusta_43.1137_12.3905.json,custom
43.112922,12.387066,ov_biblioteca_umanistica_unipg_43.1129_12.3871,Biblioteca Umanistica UNIPG,LIBRARY,biblioteca,https://raw.githubusercontent.com/pasqualelembo78/huntix-poi/main/italia/marche/perugia/pages/biblioteca_umanistica_unipg_43.1129_12.3871.json,custom
43.110722,12.389251,ov_biblioteca_delle_donne_laura_cipollone_43.1107_12.3893,Biblioteca delle Donne Laura Cipollone,LIBRARY,biblioteca,https://raw.githubusercontent.com/pasqualelembo78/huntix-poi/main/italia/marche/perugia/pages/biblioteca_delle_donne_laura_cipollone_43.1107_12.3893.json,custom
43.113695,12.386258,ov_biblioteca_di_antropologia_e_pedagogia_43.1137_12.3863,Biblioteca di Antropologia e Pedagogia,LIBRARY,biblioteca,https://raw.githubusercontent.com/pasqualelembo78/huntix-poi/main/italia/marche/perugia/pages/biblioteca_di_antropologia_e_pedagogia_43.1137_12.3863.json,custom
43.113780,12.385919,ov_biblioteca_di_filosofia_fissuf_43.1138_12.3859,Biblioteca di Filosofia FISSUF,LIBRARY,biblioteca,https://raw.githubusercontent.com/pasqualelembo78/huntix-poi/main/italia/marche/perugia/pages/biblioteca_di_filosofia_fissuf_43.1138_12.3859.json,custom
43.113688,12.387034,ov_fonoteca_regionale_oreste_trotta_43.1137_12.3870,Fonoteca Regionale Oreste Trotta,LIBRARY,biblioteca,https://raw.githubusercontent.com/pasqualelembo78/huntix-poi/main/italia/marche/perugia/pages/fonoteca_regionale_oreste_trotta_43.1137_12.3870.json,custom
43.116656,12.385704,ov_biblioteca_di_studi_storici_politici_e_s_43.1167_12.3857,Biblioteca di Studi Storici Politici e Sociali,LIBRARY,biblioteca,https://raw.githubusercontent.com/pasqualelembo78/huntix-poi/main/italia/marche/perugia/pages/biblioteca_di_studi_storici_politici_e_s_43.1167_12.3857.json,custom
43.105090,12.367810,ov_biblioteca_secondo_circolo_perugia_43.1051_12.3678,Biblioteca Secondo Circolo Perugia,LIBRARY,biblioteca,https://raw.githubusercontent.com/pasqualelembo78/huntix-poi/main/italia/marche/perugia/pages/biblioteca_secondo_circolo_perugia_43.1051_12.3678.json,custom
43.104849,12.376057,ov_biblioteca_delle_nuvole_43.1048_12.3761,Biblioteca delle Nuvole,LIBRARY,biblioteca,https://raw.githubusercontent.com/pasqualelembo78/huntix-poi/main/italia/marche/perugia/pages/biblioteca_delle_nuvole_43.1048_12.3761.json,custom
43.103384,12.379605,ov_biblioteca_oasis_43.1034_12.3796,Biblioteca Oasis,LIBRARY,biblioteca,https://raw.githubusercontent.com/pasqualelembo78/huntix-poi/main/italia/marche/perugia/pages/biblioteca_oasis_43.1034_12.3796.json,custom
43.104364,12.382309,ov_biblioteca_comunale_villa_urbani_43.1044_12.3823,Biblioteca comunale Villa Urbani,LIBRARY,biblioteca,https://raw.githubusercontent.com/pasqualelembo78/huntix-poi/main/italia/marche/perugia/pages/biblioteca_comunale_villa_urbani_43.1044_12.3823.json,custom
43.106972,12.391461,ov_archivio_di_stato_di_perugia_43.1070_12.3915,Archivio di Stato di Perugia,LIBRARY,biblioteca,https://raw.githubusercontent.com/pasqualelembo78/huntix-poi/main/italia/marche/perugia/pages/archivio_di_stato_di_perugia_43.1070_12.3915.json,custom
43.078888,12.329355,ov_l__agribiblioteca_del_galluzzo_43.0789_12.3294,L' AgriBiblioteca del Galluzzo,LIBRARY,biblioteca,https://raw.githubusercontent.com/pasqualelembo78/huntix-poi/main/italia/marche/perugia/pages/l_agribiblioteca_del_galluzzo_43.0789_12.3294.json,custom
43.085035,12.346037,ov_sandro_penna_municipal_library_43.0850_12.3460,Sandro Penna Municipal Library,LIBRARY,biblioteca,https://raw.githubusercontent.com/pasqualelembo78/huntix-poi/main/italia/marche/perugia/pages/sandro_penna_municipal_library_43.0850_12.3460.json,custom
43.087892,12.348640,ov_biblioteca_scuola_villaggio_kennedy_43.0879_12.3486,Biblioteca Scuola Villaggio Kennedy,LIBRARY,biblioteca,https://raw.githubusercontent.com/pasqualelembo78/huntix-poi/main/italia/marche/perugia/pages/biblioteca_scuola_villaggio_kennedy_43.0879_12.3486.json,custom
43.196102,12.491938,ov_universit__degli_studi_di_perugia_43.1961_12.4919,Università degli Studi di Perugia,LIBRARY,biblioteca,https://raw.githubusercontent.com/pasqualelembo78/huntix-poi/main/italia/marche/perugia/pages/universit_degli_studi_di_perugia_43.1961_12.4919.json,custom
43.112968,12.387128,osm_biblioteca_umanistica_43.1130_12.3871,Biblioteca Umanistica,biblioteca,biblioteca,https://raw.githubusercontent.com/pasqualelembo78/huntix-poi/main/italia/marche/perugia/pages/biblioteca_umanistica_43.1130_12.3871.json,custom
43.113276,12.385859,osm_centro_studi_americanistici_circolo_amer_43.1133_12.3859,Centro studi americanistici Circolo Amerindiano,biblioteca,biblioteca,https://raw.githubusercontent.com/pasqualelembo78/huntix-poi/main/italia/marche/perugia/pages/centro_studi_americanistici_circolo_amer_43.1133_12.3859.json,custom
43.113627,12.390514,osm_biblioteca_augusta_43.1136_12.3905,Biblioteca Augusta,biblioteca,biblioteca,https://raw.githubusercontent.com/pasqualelembo78/huntix-poi/main/italia/marche/perugia/pages/biblioteca_augusta_43.1136_12.3905.json,custom
43.104752,12.369276,osm_biblioteca_delle_nuvole_43.1048_12.3693,Biblioteca delle nuvole,biblioteca,biblioteca,https://raw.githubusercontent.com/pasqualelembo78/huntix-poi/main/italia/marche/perugia/pages/biblioteca_delle_nuvole_43.1048_12.3693.json,custom
43.115943,12.385051,osm_biblioteca_di_scienze_matematiche__fisic_43.1159_12.3851,Biblioteca di scienze matematiche, fisiche e geologiche,biblioteca,biblioteca,https://raw.githubusercontent.com/pasqualelembo78/huntix-poi/main/italia/marche/perugia/pages/biblioteca_di_scienze_matematiche_fisich_43.1159_12.3851.json,custom
43.115286,12.386589,osm_biblioteca_di_scienze_chimiche__farmaceu_43.1153_12.3866,Biblioteca di scienze chimiche, farmaceutiche e biologiche,biblioteca,biblioteca,https://raw.githubusercontent.com/pasqualelembo78/huntix-poi/main/italia/marche/perugia/pages/biblioteca_di_scienze_chimiche_farmaceut_43.1153_12.3866.json,custom
43.118798,12.356160,osm_biblioteca_di_ingegneria_43.1188_12.3562,Biblioteca di Ingegneria,biblioteca,biblioteca,https://raw.githubusercontent.com/pasqualelembo78/huntix-poi/main/italia/marche/perugia/pages/biblioteca_di_ingegneria_43.1188_12.3562.json,custom
43.101124,12.396001,osm_biblioteca_di_agraria_mario_marte_43.1011_12.3960,Biblioteca di Agraria Mario Marte,biblioteca,biblioteca,https://raw.githubusercontent.com/pasqualelembo78/huntix-poi/main/italia/marche/perugia/pages/biblioteca_di_agraria_mario_marte_43.1011_12.3960.json,custom
43.098998,12.397192,osm_biblioteca_di_medicina_veterinaria_43.0990_12.3972,Biblioteca di medicina veterinaria,biblioteca,biblioteca,https://raw.githubusercontent.com/pasqualelembo78/huntix-poi/main/italia/marche/perugia/pages/biblioteca_di_medicina_veterinaria_43.0990_12.3972.json,custom
43.113750,12.386171,osm_biblioteca_di_studi_umanistici__emerotec_43.1137_12.3862,Biblioteca di studi umanistici (Emeroteca),biblioteca,biblioteca,https://raw.githubusercontent.com/pasqualelembo78/huntix-poi/main/italia/marche/perugia/pages/biblioteca_di_studi_umanistici_emeroteca_43.1137_12.3862.json,custom
43.115705,12.383825,osm_biblioteca_giuridica_unificata__universi_43.1157_12.3838,Biblioteca giuridica unificata. Università degli studi di Pe,biblioteca,biblioteca,https://raw.githubusercontent.com/pasqualelembo78/huntix-poi/main/italia/marche/perugia/pages/biblioteca_giuridica_unificata_universit_43.1157_12.3838.json,custom
43.115588,12.386024,osm_biblioteca_di_scienze_economiche__statis_43.1156_12.3860,Biblioteca di scienze economiche, statistiche e aziendali,biblioteca,biblioteca,https://raw.githubusercontent.com/pasqualelembo78/huntix-poi/main/italia/marche/perugia/pages/biblioteca_di_scienze_economiche_statist_43.1156_12.3860.json,custom
43.114914,12.389533,osm_biblioteca_e_centro_per_l_orientamento_b_43.1149_12.3895,Biblioteca e Centro per l'orientamento bibliografico e per l,biblioteca,biblioteca,https://raw.githubusercontent.com/pasqualelembo78/huntix-poi/main/italia/marche/perugia/pages/biblioteca_e_centro_per_lorientamento_bi_43.1149_12.3895.json,custom
43.104378,12.382278,osm_biblioteca_villa_urbani_43.1044_12.3823,Biblioteca Villa Urbani,biblioteca,biblioteca,https://raw.githubusercontent.com/pasqualelembo78/huntix-poi/main/italia/marche/perugia/pages/biblioteca_villa_urbani_43.1044_12.3823.json,custom
43.085107,12.345973,osm_biblioteca_sandro_penna_43.0851_12.3460,Biblioteca Sandro Penna,biblioteca,biblioteca,https://raw.githubusercontent.com/pasqualelembo78/huntix-poi/main/italia/marche/perugia/pages/biblioteca_sandro_penna_43.0851_12.3460.json,custom
43.087383,12.436443,osm_biblioteca_biblionet_43.0874_12.4364,Biblioteca Biblionet,biblioteca,biblioteca,https://raw.githubusercontent.com/pasqualelembo78/huntix-poi/main/italia/marche/perugia/pages/biblioteca_biblionet_43.0874_12.4364.json,custom
43.120045,12.383289,osm_biblioteca_san_matteo_degli_armeni_43.1200_12.3833,Biblioteca San Matteo degli Armeni,biblioteca,biblioteca,https://raw.githubusercontent.com/pasqualelembo78/huntix-poi/main/italia/marche/perugia/pages/biblioteca_san_matteo_degli_armeni_43.1200_12.3833.json,custom
